FAILDATE,CERT,RESTYPE,NAME,ID
7/17/2026,25744.0,FAILURE,SMALL BUSINESS BANK,4117
7/10/2026,28722.0,FAILURE,KENTLAND FS&LA,4116
5/1/2026,25796.0,FAILURE,COMMUNITY BANK AND TRUST - WEST GEORGIA,4115
1/30/2026,57488.0,FAILURE,METROPOLITAN CAPITAL B&T,4114
6/27/2025,5520.0,FAILURE,SANTA ANNA NATIONAL BANK,4113
1/17/2025,28611.0,FAILURE,PULASKI SAVINGS BANK,4112
10/18/2024,4134.0,FAILURE,FIRST NB OF LINDSAY,4111
4/26/2024,27332.0,FAILURE,REPUBLIC BANK,4110
11/3/2023,8758.0,FAILURE,CITIZENS BANK,4109
7/28/2023,25851.0,FAILURE,HEARTLAND TRI-STATE BANK,4108
5/1/2023,59017.0,FAILURE,FIRST REPUBLIC BANK,4107
3/12/2023,57053.0,FAILURE,SIGNATURE BANK,4106
3/10/2023,24735.0,FAILURE,SILICON VALLEY BANK,4105
10/23/2020,15426.0,FAILURE,ALMENA STATE BANK,4104
10/16/2020,16748.0,FAILURE,FIRST CITY BANK OF FLORIDA,4103
4/3/2020,14361.0,FAILURE,THE FIRST STATE BANK,4102
2/14/2020,18265.0,FAILURE,ERICSON STATE BANK,4101
11/1/2019,21111.0,FAILURE,CITY NATIONAL BANK OF NEW JERSEY,4100
10/25/2019,58112.0,FAILURE,LOUISA COMMUNITY BANK,4098
10/25/2019,58317.0,FAILURE,RESOLUTE BANK,4099
5/31/2019,10716.0,FAILURE,ENLOE STATE BANK,4097
12/15/2017,30570.0,FAILURE,WASHINGTON FEDERAL BANK FOR SAVINGS,4096
10/13/2017,17719.0,FAILURE,THE FARMERS AND MERCHANTS STATE BANK OF ARGONIA,4095
5/26/2017,1802.0,FAILURE,FAYETTE COUNTY BANK,4094
5/5/2017,30003.0,FAILURE,GUARANTY BANK,4093
4/28/2017,58302.0,FAILURE,FIRST NBC BANK,4092
3/3/2017,35495.0,FAILURE,PROFICIO BANK,4091
1/27/2017,19328.0,FAILURE,SEAWAY BANK AND TRUST COMPANY,4090
1/13/2017,34951.0,FAILURE,HARVEST COMMUNITY BANK,4089
9/23/2016,91.0,FAILURE,ALLIED BANK,4088
8/19/2016,11297.0,FAILURE,THE WOODBURY BANKING COMPANY,4087
5/6/2016,35312.0,FAILURE,FIRST CORNERSTONE BANK,4086
4/29/2016,9956.0,FAILURE,TRUST COMPANY BANK,4085
3/11/2016,20364.0,FAILURE,NORTH MILWAUKEE STATE BANK,4084
10/2/2015,35156.0,FAILURE,HOMETOWN NATIONAL BANK,4082
10/2/2015,35259.0,FAILURE,THE BANK OF GEORGIA,4083
7/10/2015,34112.0,FAILURE,PREMIER BANK,4081
5/8/2015,57772.0,FAILURE,EDGEBROOK BANK,4080
2/27/2015,32102.0,FAILURE,DORAL BANK,4079
2/13/2015,33938.0,FAILURE,CAPITOL CITY BANK & TRUST COMPANY,4078
1/23/2015,20290.0,FAILURE,HIGHLAND COMMUNITY BANK,4077
1/16/2015,17557.0,FAILURE,FIRST NATIONAL BANK OF CRESTVIEW,4076
12/19/2014,34983.0,FAILURE,NORTHERN STAR BANK,4075
11/7/2014,34738.0,FAILURE,"FRONTIER BANK, FSB",4074
10/24/2014,916.0,FAILURE,THE NATIONAL REPUBLIC BANK OF CHICAGO,4073
10/17/2014,4862.0,FAILURE,NBRS FINANCIAL BANK,4072
7/25/2014,28462.0,FAILURE,"GREENCHOICE BANK, FSB",4071
7/18/2014,58125.0,FAILURE,EASTSIDE COMMERCIAL BANK,4070
6/27/2014,12483.0,FAILURE,THE FREEDOM STATE BANK,4069
6/20/2014,10450.0,FAILURE,VALLEY BANK,4067
6/20/2014,21793.0,FAILURE,VALLEY BANK,4068
5/30/2014,32368.0,FAILURE,SLAVIE FEDERAL SAVINGS BANK,4066
5/23/2014,32284.0,FAILURE,COLUMBIA SAVINGS BANK,4065
5/16/2014,57866.0,FAILURE,AZTECAMERICA BANK,4064
4/25/2014,15062.0,FAILURE,ALLENDALE COUNTY BANK,4063
2/28/2014,35096.0,FAILURE,"MILLENNIUM BANK, NATIONAL ASSOCIATION",4061
2/28/2014,58531.0,FAILURE,VANTAGE POINT BANK,4062
1/31/2014,34296.0,FAILURE,SYRINGA BANK,4060
1/24/2014,17967.0,FAILURE,THE  BANK OF UNION,4059
1/17/2014,5732.0,FAILURE,DUPAGE NATIONAL BANK,4058
12/13/2013,57431.0,FAILURE,"TEXAS COMMUNITY BANK, NATIONAL ASSOCIATION",4057
10/30/2013,14794.0,FAILURE,BANK OF JACKSON COUNTY,4056
9/13/2013,14318.0,FAILURE,FIRST NATIONAL BANK,4054
9/13/2013,57041.0,FAILURE,THE COMMUNITY'S BANK,4055
8/23/2013,19849.0,FAILURE,COMMUNITY SOUTH BANK,4052
8/23/2013,34707.0,FAILURE,SUNRISE BANK OF ARIZONA,4053
8/9/2013,35016.0,FAILURE,BANK OF WAUSAU,4051
8/2/2013,34943.0,FAILURE,FIRST COMMUNITY BANK OF SOUTHWEST FLORIDA,4050
6/7/2013,34789.0,FAILURE,MOUNTAIN NATIONAL BANK,4049
6/6/2013,58358.0,FAILURE,1st COMMERCE BANK,4048
5/31/2013,35386.0,FAILURE,BANKS OF WISCONSIN,4047
5/14/2013,34527.0,FAILURE,CENTRAL ARIZONA BANK,4046
5/10/2013,58185.0,FAILURE,SUNRISE BANK,4044
5/10/2013,58701.0,FAILURE,PISGAH COMMUNITY BANK,4045
4/26/2013,21649.0,FAILURE,DOUGLAS COUNTY BANK,4042
4/26/2013,57158.0,FAILURE,PARKWAY BANK,4043
4/19/2013,26680.0,FAILURE,HERITAGE BANK OF NORTH FLORIDA,4039
4/19/2013,29594.0,FAILURE,FIRST FEDERAL BANK,4040
4/19/2013,58034.0,FAILURE,CHIPOLA COMMUNITY BANK,4041
4/5/2013,58066.0,FAILURE,GOLD CANYON BANK,4038
3/8/2013,16431.0,FAILURE,FRONTIER BANK,4037
2/15/2013,22476.0,FAILURE,COVENANT BANK,4036
1/18/2013,57157.0,FAILURE,1ST REGENTS BANK,4035
1/11/2013,33997.0,FAILURE,WESTSIDE COMMUNITY BANK,4034
12/14/2012,27331.0,FAILURE,COMMUNITY BANK OF THE OZARKS,4033
11/16/2012,57928.0,FAILURE,HOMETOWN COMMUNITYBANK,4032
11/2/2012,3731.0,FAILURE,CITIZENS FIRST NATIONAL BANK,4030
11/2/2012,35009.0,FAILURE,HERITAGE BANK OF FLORIDA,4031
10/26/2012,27148.0,FAILURE,NOVA BANK,4029
10/19/2012,19189.0,FAILURE,EXCEL BANK,4026
10/19/2012,28144.0,FAILURE,FIRST EAST SIDE SAVINGS BANK,4027
10/19/2012,58073.0,FAILURE,GULFSOUTH PRIVATE BANK,4028
9/28/2012,20685.0,FAILURE,FIRST UNITED BANK,4025
9/14/2012,27316.0,FAILURE,TRUMAN BANK,4024
9/7/2012,35246.0,FAILURE,FIRST COMMERCIAL BANK,4023
8/3/2012,28243.0,FAILURE,WAUKEGAN SAVINGS BANK,4022
7/27/2012,16240.0,FAILURE,JASPER BANKING COMPANY,4021
7/20/2012,1361.0,FAILURE,HEARTLAND BANK,4016
7/20/2012,27986.0,FAILURE,SECOND FEDERAL SAVINGS AND LOAN ASSOCIATION OF CHICAGO,4017
7/20/2012,32711.0,FAILURE,FIRST CHEROKEE STATE BANK,4018
7/20/2012,57096.0,FAILURE,THE ROYAL PALM BANK OF FLORIDA,4019
7/20/2012,57847.0,FAILURE,GEORGIA TRUST BANK,4020
7/13/2012,1056.0,FAILURE,GLASGOW SAVINGS BANK,4015
7/6/2012,19498.0,FAILURE,MONTGOMERY BANK & TRUST,4014
6/15/2012,1690.0,FAILURE,THE FARMERS BANK OF LYNCHBURG,4011
6/15/2012,27405.0,FAILURE,PUTNAM STATE BANK,4012
6/15/2012,35299.0,FAILURE,SECURITY EXCHANGE BANK,4013
6/8/2012,416.0,FAILURE,FIRST CAPITAL BANK,4007
6/8/2012,9257.0,FAILURE,FARMERS' AND TRADERS' STATE BANK,4008
6/8/2012,34515.0,FAILURE,WACCAMAW BANK,4009
6/8/2012,35372.0,FAILURE,CAROLINA FEDERAL SAVINGS BANK,4010
5/18/2012,35224.0,FAILURE,"ALABAMA TRUST BANK, NATIONAL ASSOCIATION",4006
5/4/2012,23156.0,FAILURE,"SECURITY BANK, NATIONAL ASSOCIATION",4005
4/27/2012,23632.0,FAILURE,PALM DESERT NATIONAL BANK,4000
4/27/2012,26759.0,FAILURE,BANK OF THE EASTERN SHORE,4001
4/27/2012,31495.0,FAILURE,"INTER SAVINGS BANK, FSB D/B/A/ INTERBANK, FSB",4002
4/27/2012,32503.0,FAILURE,PLANTATION FEDERAL BANK,4003
4/27/2012,57766.0,FAILURE,HARVEST BANK OF MARYLAND,4004
4/20/2012,35527.0,FAILURE,"FORT LEE FEDERAL SAVINGS BANK, FSB",3999
3/30/2012,33883.0,FAILURE,FIDELITY BANK,3998
3/23/2012,35419.0,FAILURE,PREMIER BANK,3996
3/23/2012,58068.0,FAILURE,CONVENANT BANK & TRUST,3997
3/9/2012,57597.0,FAILURE,NEW CITY BANK,3995
3/2/2012,34046.0,FAILURE,GLOBAL COMMERCE BANK,3994
2/24/2012,5687.0,FAILURE,CENTRAL BANK OF GEORGIA,3992
2/24/2012,29178.0,FAILURE,HOME SAVINGS OF AMERICA,3993
2/10/2012,23187.0,FAILURE,CHARTER NATIONAL BANK AND TRUST,3990
2/10/2012,29761.0,FAILURE,SCB BANK,3991
1/27/2012,16579.0,FAILURE,FIRST GUARANTY BANK AND TRUST COMPANY OF JACKSONVILLE,3986
1/27/2012,19869.0,FAILURE,BANKEAST,3987
1/27/2012,34823.0,FAILURE,PATRIOT BANK MINNESOTA,3988
1/27/2012,35296.0,FAILURE,TENNESSEE COMMERCE BANK,3989
1/20/2012,19252.0,FAILURE,THE FIRST STATE BANK,3983
1/20/2012,31581.0,FAILURE,AMERICAN EAGLE SAVINGS BANK,3984
1/20/2012,57186.0,FAILURE,CENTRAL FLORIDA STATE BANK,3985
12/16/2011,57917.0,FAILURE,WESTERN NATIONAL BANK,3981
12/16/2011,58343.0,FAILURE,PREMIER COMMUNITY BANK OF THE EMERALD COAST,3982
11/18/2011,14194.0,FAILURE,POLK COUNTY BANK,3979
11/18/2011,19657.0,FAILURE,CENTRAL PROGRESSIVE BANK,3980
11/10/2011,57860.0,FAILURE,COMMUNITY BANK OF ROCKMART,3978
11/4/2011,19397.0,FAILURE,"MID CITY BANK, INC.",3976
11/4/2011,57087.0,FAILURE,SUNFIRST BANK,3977
10/28/2011,57759.0,FAILURE,ALL AMERICAN BANK,3975
10/21/2011,21132.0,FAILURE,COMMUNITY BANKS OF COLORADO,3971
10/21/2011,34392.0,FAILURE,DECATUR FIRST BANK,3972
10/21/2011,57036.0,FAILURE,COMMUNITY CAPITAL BANK,3973
10/21/2011,57537.0,FAILURE,OLD HARBOR BANK,3974
10/14/2011,32347.0,FAILURE,"BLUE RIDGE SAVINGS BANK, INC.",3967
10/14/2011,35395.0,FAILURE,COUNTRY BANK,3968
10/14/2011,57256.0,FAILURE,PIEDMONT COMMUNITY BANK,3969
10/14/2011,58046.0,FAILURE,FIRST STATE BANK,3970
10/7/2011,10216.0,FAILURE,THE RIVERBANK,3965
10/7/2011,20115.0,FAILURE,SUN SECURITY BANK,3966
9/30/2011,33513.0,FAILURE,FIRST INTERNATIONAL BANK,3964
9/23/2011,20408.0,FAILURE,BANK OF THE COMMONWEALTH,3962
9/23/2011,33983.0,FAILURE,CITIZENS BANK OF NORTHERN CALIFORNIA,3963
9/9/2011,25155.0,FAILURE,THE FIRST NATIONAL BANK OF FLORIDA,3961
9/2/2011,58226.0,FAILURE,CREEKSIDE BANK,3959
9/2/2011,58273.0,FAILURE,PATRIOT BANK OF GEORGIA,3960
8/19/2011,35356.0,FAILURE,LYDIAN PRIVATE BANK,3956
8/19/2011,57212.0,FAILURE,FIRST CHOICE BANK,3957
8/19/2011,57239.0,FAILURE,FIRST SOUTHERN NATIONAL BANK,3958
8/18/2011,34130.0,FAILURE,PUBLIC SAVINGS BANK,3955
8/12/2011,4744.0,FAILURE,THE FIRST NATIONAL BANK OF OLATHE,3954
8/5/2011,22528.0,FAILURE,BANK OF WHITMAN,3952
8/5/2011,22637.0,FAILURE,BANK OF SHOREWOOD,3953
7/29/2011,4392.0,FAILURE,INTEGRA BANK NATIONAL ASSOCIATION,3949
7/29/2011,58222.0,FAILURE,"BANKMERIDIAN, N.A.",3950
7/29/2011,58283.0,FAILURE,VIRGINIA BUSINESS BANK,3951
7/22/2011,2994.0,FAILURE,BANK OF CHOICE,3946
7/22/2011,35244.0,FAILURE,LANDMARK BANK OF FLORIDA,3947
7/22/2011,58056.0,FAILURE,SOUTHSHORE COMMUNITY BANK,3948
7/15/2011,19554.0,FAILURE,HIGH TRUST BANK,3942
7/15/2011,34870.0,FAILURE,FIRST PEOPLES BANK,3943
7/15/2011,57442.0,FAILURE,SUMMIT BANK,3944
7/15/2011,58238.0,FAILURE,ONE GEORGIA BANK,3945
7/8/2011,27935.0,FAILURE,FIRST CHICAGO BANK & TRUST,3939
7/8/2011,34522.0,FAILURE,COLORADO CAPITAL BANK,3940
7/8/2011,57835.0,FAILURE,SIGNATURE  BANK,3941
6/24/2011,57593.0,FAILURE,MOUNTAIN HERITAGE BANK,3938
6/17/2011,19237.0,FAILURE,MCINTOSH STATE BANK,3936
6/17/2011,27583.0,FAILURE,FIRST COMMERCIAL BANK OF TAMPA BAY,3937
6/3/2011,58420.0,FAILURE,ATLANTIC BANK AND TRUST,3935
5/27/2011,23626.0,FAILURE,FIRST HERITAGE BANK,3934
5/20/2011,513.0,FAILURE,SUMMIT BANK,3931
5/20/2011,57213.0,FAILURE,ATLANTIC SOUTHERN BANK,3932
5/20/2011,57647.0,FAILURE,FIRST GEORGIA BANKING COMPANY,3933
5/6/2011,34898.0,FAILURE,COASTAL BANK,3930
4/29/2011,19797.0,FAILURE,THE PARK AVENUE BANK,3925
4/29/2011,26297.0,FAILURE,FIRST NATIONAL BANK OF CENTRAL FLORIDA,3926
4/29/2011,34234.0,FAILURE,COMMUNITY CENTRAL BANK,3927
4/29/2011,57625.0,FAILURE,CORTEZ COMMUNITY  BANK,3928
4/29/2011,58539.0,FAILURE,FIRST CHOICE COMMUNITY BANK,3929
4/15/2011,14273.0,FAILURE,HERITAGE BANKING GROUP,3919
4/15/2011,17750.0,FAILURE,SUPERIOR BANK,3920
4/15/2011,19794.0,FAILURE,NEXITY BANK,3921
4/15/2011,21495.0,FAILURE,BARTOW COUNTY BANK,3922
4/15/2011,24099.0,FAILURE,ROSEMOUNT NATIONAL BANK,3923
4/15/2011,57705.0,FAILURE,NEW HORIZONS BANK,3924
4/8/2011,10086.0,FAILURE,WESTERN SPRINGS NATIONAL BANK AND TRUST,3917
4/8/2011,35418.0,FAILURE,NEVADA COMMERCE BANK,3918
3/25/2011,34292.0,FAILURE,THE BANK OF COMMERCE,3916
3/11/2011,4077.0,FAILURE,THE FIRST NATIONAL BANK OF DAVIS,3914
3/11/2011,34818.0,FAILURE,LEGACY BANK,3915
2/25/2011,34187.0,FAILURE,VALLEY COMMUNITY BANK,3913
2/18/2011,151.0,FAILURE,HABERSHAM BANK,3909
2/18/2011,34601.0,FAILURE,CITIZENS BANK OF EFFINGHAM,3910
2/18/2011,34783.0,FAILURE,"SAN LUIS TRUST BANK, FSB",3911
2/18/2011,57855.0,FAILURE,CHARTER OAK BANK,3912
2/11/2011,13272.0,FAILURE,BADGER STATE BANK,3905
2/11/2011,14939.0,FAILURE,PEOPLES STATE BANK,3906
2/11/2011,34692.0,FAILURE,CANYON NATIONAL BANK,3907
2/11/2011,35478.0,FAILURE,SUNSHINE STATE COMMUNITY BANK,3908
2/4/2011,35242.0,FAILURE,NORTH GEORGIA BANK,3902
2/4/2011,57432.0,FAILURE,AMERICAN TRUST BANK,3903
2/4/2011,57948.0,FAILURE,COMMUNITY FIRST BANK - CHICAGO,3904
1/28/2011,2303.0,FAILURE,THE FIRST STATE BANK,3898
1/28/2011,5328.0,FAILURE,EVERGREEN STATE BANK,3899
1/28/2011,12261.0,FAILURE,FIRST COMMUNITY BANK,3900
1/28/2011,57646.0,FAILURE,FIRSTIER BANK,3901
1/21/2011,19758.0,FAILURE,ENTERPRISE BANKING COMPANY,3894
1/21/2011,31293.0,FAILURE,UNITED WESTERN BANK,3895
1/21/2011,34516.0,FAILURE,THE BANK OF ASHEVILLE,3896
1/21/2011,57868.0,FAILURE,COMMUNITYSOUTH BANK AND TRUST,3897
1/14/2011,57440.0,FAILURE,OGLETHORPE BANK,3893
1/7/2011,34965.0,FAILURE,FIRST COMMERCIAL BANK OF FLORIDA,3891
1/7/2011,57820.0,FAILURE,LEGACY BANK,3892
12/17/2010,19040.0,FAILURE,THE BANK OF MIAMI,3885
12/17/2010,23306.0,FAILURE,COMMUNITY NATIONAL BANK,3886
12/17/2010,34578.0,FAILURE,CHESTATEE STATE BANK,3887
12/17/2010,35065.0,FAILURE,UNITED AMERICAS BANK,3888
12/17/2010,58052.0,FAILURE,FIRST SOUTHERN BANK,3889
12/17/2010,58495.0,FAILURE,"APPALACIAN COMMUNITY BANK, F.S.B.",3890
12/10/2010,34673.0,FAILURE,PARAMOUNT BANK,3883
12/10/2010,35561.0,FAILURE,EARTHSTAR BANK,3884
11/19/2010,5287.0,FAILURE,FIRST BANKING CENTER,3880
11/19/2010,20340.0,FAILURE,GULF STATE COMMUNITY BANK,3881
11/19/2010,35078.0,FAILURE,ALLEGIANCE BANK OF NORTH AMERICA,3882
11/12/2010,14580.0,FAILURE,DARBY BANK & TRUST COMPANY,3877
11/12/2010,35463.0,FAILURE,COPPER STAR BANK,3878
11/12/2010,57831.0,FAILURE,TIFTON BANKING COMPANY,3879
11/5/2010,31263.0,FAILURE,K BANK,3873
11/5/2010,34411.0,FAILURE,PIERCE COMMERCIAL BANK,3874
11/5/2010,57885.0,FAILURE,FIRST VIETNAMESE AMERICAN BANK,3875
11/5/2010,58087.0,FAILURE,WESTERN COMMERCIAL BANK,3876
10/22/2010,2119.0,FAILURE,THE FIRST NATIONAL BANK OF BARNESVILLE,3866
10/22/2010,16089.0,FAILURE,FIRST SUBURBAN NATIONAL BANK,3867
10/22/2010,22173.0,FAILURE,HILLCREST BANK,3868
10/22/2010,27573.0,FAILURE,FIRST BANK OF JACKSONVILLE,3869
10/22/2010,32251.0,FAILURE,PROGRESS BANK OF FLORIDA,3870
10/22/2010,32582.0,FAILURE,"FIRST ARIZONA SAVINGS, A FSB",3871
10/22/2010,33904.0,FAILURE,THE GORDON BANK,3872
10/15/2010,30898.0,FAILURE,"SECURITY SAVINGS BANK, F.S.B.",3863
10/15/2010,34016.0,FAILURE,PREMIER BANK,3864
10/15/2010,58205.0,FAILURE,WESTBRIDGE BANK AND TRUST COMPANY,3865
10/1/2010,21777.0,FAILURE,WAKULLA BANK,3861
10/1/2010,35250.0,FAILURE,SHORELINE BANK,3862
9/24/2010,35053.0,FAILURE,NORTH COUNTY BANK,3859
9/24/2010,58308.0,FAILURE,HAVEN TRUST BANK FLORIDA,3860
9/17/2010,182.0,FAILURE,THE PEOPLES BANK,3853
9/17/2010,27808.0,FAILURE,BRAMBLE SAVINGS BANK,3854
9/17/2010,28612.0,FAILURE,MARITIME SAVINGS BANK,3855
9/17/2010,57107.0,FAILURE,ISN BANK,3856
9/17/2010,57448.0,FAILURE,FIRST COMMERCE COMMUNITY BANK,3857
9/17/2010,58197.0,FAILURE,THE BANK OF ELLIJAY,3858
9/10/2010,35061.0,FAILURE,HORIZON BANK,3852
8/20/2010,15640.0,FAILURE,SHOREBANK,3844
8/20/2010,25266.0,FAILURE,COMMUNITY NATIONAL BANK AT BARTOW,3845
8/20/2010,27090.0,FAILURE,PACIFIC STATE BANK,3846
8/20/2010,27259.0,FAILURE,SONOMA VALLEY BANK,3847
8/20/2010,27344.0,FAILURE,INDEPENDENT NATIONAL BANK,3848
8/20/2010,31623.0,FAILURE,IMPERIAL SAVINGS AND LOAN ASSOCIATION,3849
8/20/2010,32165.0,FAILURE,LOS PADRES BANK,3850
8/20/2010,33219.0,FAILURE,BUTTE COMMUNITY BANK,3851
8/13/2010,17599.0,FAILURE,PALOS BANK AND TRUST COMPANY,3843
8/6/2010,34231.0,FAILURE,RAVENSWOOD BANK,3842
7/30/2010,9619.0,FAILURE,COASTAL COMMUNITY BANK,3837
7/30/2010,22643.0,FAILURE,THE COWLITZ BANK,3838
7/30/2010,31964.0,FAILURE,LIBERTYBANK,3839
7/30/2010,57658.0,FAILURE,NORTHWEST BANK & TRUST,3840
7/30/2010,57669.0,FAILURE,BAYSIDE SAVINGS BANK,3841
7/23/2010,10506.0,FAILURE,THUNDER BANK,3830
7/23/2010,17837.0,FAILURE,WILLIAMSBURG FIRST NATIONAL BANK,3831
7/23/2010,23181.0,FAILURE,HOME VALLEY BANK,3832
7/23/2010,27559.0,FAILURE,CRESCENT BANK AND TRUST COMPANY,3833
7/23/2010,32536.0,FAILURE,STERLING BANK,3834
7/23/2010,34486.0,FAILURE,COMMUNITY SECURITY BANK,3835
7/23/2010,35434.0,FAILURE,SOUTHWESTUSA BANK,3836
7/16/2010,25172.0,FAILURE,METRO BANK OF DADE COUNTY,3824
7/16/2010,28136.0,FAILURE,"MAINSTREET SAVINGS BANK, FSB",3825
7/16/2010,28864.0,FAILURE,OLDE CYPRESS COMMUNITY BANK,3826
7/16/2010,32280.0,FAILURE,TURNBERRY BANK,3827
7/16/2010,32571.0,FAILURE,WOODLANDS BANK,3828
7/16/2010,35383.0,FAILURE,FIRST NATIONAL BANK OF THE SOUTH,3829
7/9/2010,11636.0,FAILURE,HOME NATIONAL BANK,3820
7/9/2010,32456.0,FAILURE,IDEAL FEDERAL SAVINGS BANK,3821
7/9/2010,35462.0,FAILURE,BAY NATIONAL BANK,3822
7/9/2010,58072.0,FAILURE,USA BANK,3823
6/25/2010,26563.0,FAILURE,PENINSULA BANK,3817
6/25/2010,34152.0,FAILURE,FIRST NATIONAL BANK,3818
6/25/2010,35279.0,FAILURE,HIGH DESERT STATE BANK,3819
6/18/2010,57110.0,FAILURE,NEVADA SECURITY BANK,3816
6/11/2010,32955.0,FAILURE,WASHINGTON FIRST INTERNATIONAL BANK,3815
6/4/2010,15814.0,FAILURE,FIRST NATIONAL BANK,3812
6/4/2010,29341.0,FAILURE,TIERONE BANK,3813
6/4/2010,31813.0,FAILURE,ARCOLA HOMESTEAD SAVINGS BANK,3814
5/28/2010,34785.0,FAILURE,SUN WEST BANK,3807
5/28/2010,35106.0,FAILURE,BANK OF FLORIDA - SOUTHWEST,3808
5/28/2010,57315.0,FAILURE,"GRANITE COMMUNITY BANK, NATIONAL ASSOCIATION",3809
5/28/2010,57360.0,FAILURE,BANK OF FLORIDA - SOUTHEAST,3810
5/28/2010,57814.0,FAILURE,BANK OF FLORIDA - TAMPA BAY,3811
5/21/2010,57735.0,FAILURE,PINEHURST BANK,3806
5/14/2010,18117.0,FAILURE,MIDWEST BANK AND TRUST COMPANY,3802
5/14/2010,34255.0,FAILURE,SOUTHWEST COMMUNITY BANK,3803
5/14/2010,35114.0,FAILURE,SATILLA COMMUNITY BANK,3804
5/14/2010,35586.0,FAILURE,NEW LIBERTY BANK,3805
5/7/2010,14246.0,FAILURE,THE BANK OF BONIFAY,3798
5/7/2010,16476.0,FAILURE,ACCESS BANK,3799
5/7/2010,35517.0,FAILURE,1st PACIFIC BANK OF CALIFORNIA,3800
5/7/2010,57697.0,FAILURE,TOWNE BANK OF ARIZONA,3801
4/30/2010,17792.0,FAILURE,BC NATIONAL BANKS,3791
4/30/2010,22710.0,FAILURE,FRONTIER BANK,3792
4/30/2010,27150.0,FAILURE,EUROBANK,3793
4/30/2010,30005.0,FAILURE,CF BANCORP,3794
4/30/2010,31027.0,FAILURE,WESTERNBANK PUERTO RICO,3795
4/30/2010,32185.0,FAILURE,R-G PREMIER BANK OF PUERTO RICO,3796
4/30/2010,58362.0,FAILURE,CHAMPION BANK,3797
4/23/2010,3735.0,FAILURE,"AMCORE BANK, NATIONAL ASSOCIATION",3784
4/23/2010,10888.0,FAILURE,PEOTONE BANK AND TRUST COMPANY,3785
4/23/2010,22853.0,FAILURE,BROADWAY BANK,3786
4/23/2010,30600.0,FAILURE,LINCOLN PARK SAVINGS BANK,3787
4/23/2010,34658.0,FAILURE,CITIZENS BANK & TRUST COMPANY OF CHICAGO,3788
4/23/2010,34821.0,FAILURE,NEW CENTURY BANK,3789
4/23/2010,58429.0,FAILURE,WHEATLAND BANK,3790
4/16/2010,21521.0,FAILURE,CITY BANK,3776
4/16/2010,23876.0,FAILURE,INNOVATIVE BANK,3777
4/16/2010,24067.0,FAILURE,RIVERSIDE NATIONAL BANK OF FLORIDA,3778
4/16/2010,26619.0,FAILURE,BUTLER BANK,3779
4/16/2010,28886.0,FAILURE,FIRST FEDERAL BANK OF NORTH FLORIDA,3780
4/16/2010,33493.0,FAILURE,TAMALPAIS BANK,3781
4/16/2010,34878.0,FAILURE,LAKESIDE COMMUNITY BANK,3782
4/16/2010,57724.0,FAILURE,AMERICANFIRST BANK,3783
4/9/2010,34242.0,FAILURE,BEACH FIRST NATIONAL BANK,3775
3/26/2010,34678.0,FAILURE,UNITY NATIONAL BANK,3771
3/26/2010,34684.0,FAILURE,KEY WEST BANK,3772
3/26/2010,57060.0,FAILURE,DESERT HILLS BANK,3773
3/26/2010,57399.0,FAILURE,MCINTOSH COMMERCIAL BANK,3774
3/19/2010,8221.0,FAILURE,STATE BANK OF AURORA,3764
3/19/2010,10054.0,FAILURE,BANK OF HIAWASSEE,3765
3/19/2010,18806.0,FAILURE,AMERICAN NATIONAL BANK,3766
3/19/2010,24957.0,FAILURE,FIRST LOWNDES BANK,3767
3/19/2010,33535.0,FAILURE,ADVANTA BANK CORP.,3768
3/19/2010,33989.0,FAILURE,APPALACHIAN COMMUNITY BANK,3769
3/19/2010,58104.0,FAILURE,CENTURY SECURITY BANK,3770
3/12/2010,27096.0,FAILURE,THE PARK AVENUE BANK,3761
3/12/2010,29561.0,FAILURE,STATEWIDE BANK,3762
3/12/2010,58182.0,FAILURE,OLD SOUTHERN BANK,3763
3/11/2010,58071.0,FAILURE,LIBERTYPOINTE BANK,3760
3/5/2010,9268.0,FAILURE,BANK OF ILLINOIS,3756
3/5/2010,27126.0,FAILURE,SUN AMERICAN BANK,3757
3/5/2010,34430.0,FAILURE,CENTENNIAL BANK,3758
3/5/2010,34976.0,FAILURE,WATERFIELD BANK,3759
2/26/2010,38129.0,FAILURE,RAINIER PACIFIC BANK,3754
2/26/2010,58352.0,FAILURE,CARSON RIVER COMMUNITY BANK,3755
2/19/2010,3287.0,FAILURE,THE LA COSTE NATIONAL BANK,3750
2/19/2010,29952.0,FAILURE,GEORGE WASHINGTON SAVINGS BANK,3751
2/19/2010,32423.0,FAILURE,"LA JOLLA BANK, FSB",3752
2/19/2010,57586.0,FAILURE,MARCO COMMUNITY BANK,3753
2/5/2010,15448.0,FAILURE,1ST AMERICAN STATE BANK OF MINNESOTA,3749
1/29/2010,5672.0,FAILURE,FLORIDA COMMUNITY BANK,3743
1/29/2010,5702.0,FAILURE,COMMUNITY BANK & TRUST,3744
1/29/2010,16133.0,FAILURE,"MARSHALL BANK, NATIONAL ASSOCIATION",3745
1/29/2010,16480.0,FAILURE,FIRST NATIONAL BANK OF GEORGIA,3746
1/29/2010,16730.0,FAILURE,AMERICAN MARINE BANK,3747
1/29/2010,23011.0,FAILURE,FIRST REGIONAL BANK,3748
1/22/2010,8265.0,FAILURE,BANK OF LEETON,3738
1/22/2010,20501.0,FAILURE,EVERGREEN BANK,3739
1/22/2010,22469.0,FAILURE,COLUMBIA RIVER BANK,3740
1/22/2010,32498.0,FAILURE,CHARTER BANK,3741
1/22/2010,57147.0,FAILURE,PREMIER AMERICAN BANK,3742
1/15/2010,1252.0,FAILURE,BARNES BANKING COMPANY,3735
1/15/2010,17522.0,FAILURE,ST. STEPHEN STATE BANK,3736
1/15/2010,34705.0,FAILURE,TOWN COMMUNITY BANK AND TRUST,3737
1/8/2010,22977.0,FAILURE,HORIZON BANK,3734
12/18/2009,1006.0,FAILURE,CITIZENS STATE BANK,3727
12/18/2009,26348.0,FAILURE,IMPERIAL CAPITAL BANK,3728
12/18/2009,26820.0,FAILURE,INDEPENDENT BANKERS' BANK,3729
12/18/2009,28536.0,FAILURE,"FIRST FEDERAL BANK OF CALIFORNIA,  A FEDERAL SAVINGS BANK",3730
12/18/2009,32167.0,FAILURE,PEOPLES FIRST COMMUNITY BANK,3731
12/18/2009,32276.0,FAILURE,NEW SOUTH FEDERAL SAVINGS BANK,3732
12/18/2009,58315.0,FAILURE,ROCKBRIDGE COMMERCIAL BANK,3733
12/11/2009,4731.0,FAILURE,SOLUTIONSBANK,3724
12/11/2009,22846.0,FAILURE,"REPUBLIC FEDERAL BANK, N.A.",3725
12/11/2009,58399.0,FAILURE,"VALLEY CAPITAL BANK, N.A.",3726
12/4/2009,10440.0,FAILURE,BENCHMARK BANK,3718
12/4/2009,12080.0,FAILURE,THE TATNALL BANK,3719
12/4/2009,26290.0,FAILURE,FIRST SECURITY NATIONAL BANK,3720
12/4/2009,29776.0,FAILURE,AMTRUST BANK,3721
12/4/2009,32583.0,FAILURE,GREATER ATLANTIC BANK,3722
12/4/2009,34663.0,FAILURE,THE BUCKHEAD COMMUNITY BANK,3723
11/20/2009,58016.0,FAILURE,COMMERCE BANK OF SOUTHWEST FLORIDA,3717
11/13/2009,22427.0,FAILURE,ORION BANK,3714
11/13/2009,32267.0,FAILURE,"CENTURY BANK, A FEDERAL SAVINGS BANK",3715
11/13/2009,57914.0,FAILURE,PACIFIC COAST NATIONAL BANK,3716
11/6/2009,19450.0,FAILURE,GATEWAY BANK OF ST LOUIS,3709
11/6/2009,22286.0,FAILURE,UNITED SECURITY BANK,3710
11/6/2009,30329.0,FAILURE,HOME FEDERAL SAVINGS BANK,3711
11/6/2009,32469.0,FAILURE,UNITED COMMERCIAL BANK,3712
11/6/2009,35074.0,FAILURE,PROSPERAN BANK,3713
10/30/2009,11677.0,FAILURE,PARK NATIONAL BANK,3700
10/30/2009,18776.0,FAILURE,NORTH HOUSTON BANK,3701
10/30/2009,23594.0,FAILURE,SAN DIEGO NATIONAL BANK,3702
10/30/2009,25222.0,FAILURE,CITIZENS NATIONAL BANK,3703
10/30/2009,30006.0,FAILURE,PACIFIC NATIONAL BANK,3704
10/30/2009,32218.0,FAILURE,"BANK USA, NA",3705
10/30/2009,33782.0,FAILURE,MADISONVILLE STATE BANK,3706
10/30/2009,34659.0,FAILURE,CALIFORNIA NATIONAL BANK,3707
10/30/2009,35291.0,FAILURE,COMMUNITY BANK OF LEMONT,3708
10/23/2009,18321.0,FAILURE,BANK OF ELMWOOD,3693
10/23/2009,35038.0,FAILURE,FIRST DUPAGE BANK,3694
10/23/2009,35044.0,FAILURE,FLAGSHIP NATIONAL BANK,3695
10/23/2009,57525.0,FAILURE,RIVERVIEW COMMUNITY BANK,3696
10/23/2009,57794.0,FAILURE,AMERICAN UNITED BANK,3697
10/23/2009,57959.0,FAILURE,PARTNERS BANK,3698
10/23/2009,58336.0,FAILURE,HILLCREST BANK FLORIDA,3699
10/16/2009,23266.0,FAILURE,SAN JOAQUIN BANK,3692
10/2/2009,11416.0,FAILURE,JENNINGS STATE BANK,3689
10/2/2009,34824.0,FAILURE,WARREN BANK,3690
10/2/2009,57263.0,FAILURE,SOUTHERN COLORADO NATIONAL BANK,3691
9/25/2009,57151.0,FAILURE,GEORGIAN BANK,3688
9/18/2009,10100.0,FAILURE,IRWIN UNION BANK AND TRUST COMPANY,3686
9/18/2009,57068.0,FAILURE,"IRWIN UNION BANK, FSB",3687
9/11/2009,13693.0,FAILURE,"CORUS BANK, N.A.",3683
9/11/2009,22868.0,FAILURE,VENTURE BANK,3684
9/11/2009,57736.0,FAILURE,BRICKWELL COMMUNITY BANK,3685
9/4/2009,20203.0,FAILURE,INBANK,3678
9/4/2009,25231.0,FAILURE,FIRST BANK OF KANSAS CITY,3679
9/4/2009,27732.0,FAILURE,VANTUS BANK,3680
9/4/2009,34875.0,FAILURE,FIRST STATE BANK,3681
9/4/2009,35030.0,FAILURE,PLATINUM COMMUNITY BANK,3682
8/28/2009,1909.0,FAILURE,MAINSTREET BANK,3675
8/28/2009,27197.0,FAILURE,AFFINITY BANK,3676
8/28/2009,28312.0,FAILURE,BRADFORD BANK,3677
8/21/2009,22130.0,FAILURE,CAPITALSOUTH BANK,3671
8/21/2009,32618.0,FAILURE,GUARANTY BANK,3672
8/21/2009,34682.0,FAILURE,EBANK,3673
8/21/2009,57702.0,FAILURE,FIRST COWETA,3674
8/14/2009,9609.0,FAILURE,COLONIAL BANK,3666
8/14/2009,31559.0,FAILURE,DWELLING HOUSE SAVINGS AND LOAN,3667
8/14/2009,34043.0,FAILURE,COMMUNITY BANK OF NEVADA,3668
8/14/2009,34485.0,FAILURE,"UNION BANK, NATIONAL ASSOCIATION",3669
8/14/2009,57645.0,FAILURE,COMMUNITY BANK OF ARIZONA,3670
8/7/2009,23268.0,FAILURE,COMMUNITY FIRST BANK,3663
8/7/2009,27183.0,FAILURE,COMMUNITY NATIONAL BANK OF SARASOTA COUNTY,3664
8/7/2009,27364.0,FAILURE,FIRST STATE BANK,3665
7/31/2009,9873.0,FAILURE,FIRST STATE BANK OF ALTUS,3658
7/31/2009,18659.0,FAILURE,MUTUAL BANK,3659
7/31/2009,32288.0,FAILURE,PEOPLES COMMUNITY BANK,3660
7/31/2009,34270.0,FAILURE,FIRST BANKAMERICANO,3661
7/31/2009,57604.0,FAILURE,INTEGRITY BANK,3662
7/24/2009,8486.0,FAILURE,SECURITY BANK OF JONES COUNTY,3651
7/24/2009,27048.0,FAILURE,SECURITY BANK OF HOUSTON COUNTY,3652
7/24/2009,27367.0,FAILURE,SECURITY BANK OF BIBB COUNTY,3653
7/24/2009,57105.0,FAILURE,SECURITY BANK OF NORTH METRO,3654
7/24/2009,57346.0,FAILURE,SECURITY BANK OF GWINNETT COUNTY,3655
7/24/2009,57430.0,FAILURE,SECURITY BANK OF NORTH FULTON,3656
7/24/2009,58065.0,FAILURE,WATERFORD VILLAGE BANK,3657
7/17/2009,23556.0,FAILURE,"VINEYARD BANK, NATIONAL ASSOCIATION",3647
7/17/2009,34103.0,FAILURE,BANKFIRST,3648
7/17/2009,34341.0,FAILURE,TEMECULA VALLEY BANK,3649
7/17/2009,34594.0,FAILURE,FIRST PIEDMONT BANK,3650
7/10/2009,22754.0,FAILURE,BANK OF WYOMING,3646
7/2/2009,3644.0,FAILURE,THE FIRST NATIONAL BANK OF DANVILLE,3639
7/2/2009,9262.0,FAILURE,THE ELIZABETH STATE BANK,3640
7/2/2009,11710.0,FAILURE,THE FIRST STATE BANK OF WINCHESTER,3641
7/2/2009,12093.0,FAILURE,THE JOHN WARNER BANK,3642
7/2/2009,15302.0,FAILURE,ROCK RIVER BANK,3643
7/2/2009,18390.0,FAILURE,FOUNDERS BANK,3644
7/2/2009,57667.0,FAILURE,MILLENNIUM STATE BANK OF TEXAS,3645
6/26/2009,9744.0,FAILURE,HORIZON BANK,3634
6/26/2009,35285.0,FAILURE,NEIGHBORHOOD COMMUNITY BANK,3635
6/26/2009,57332.0,FAILURE,MIRAE BANK,3636
6/26/2009,57436.0,FAILURE,COMMUNITY BANK OF WEST GEORGIA,3637
6/26/2009,57893.0,FAILURE,METROPACIFIC BANK,3638
6/19/2009,4614.0,FAILURE,FIRST NATIONAL BANK OF ANTHONY,3631
6/19/2009,27837.0,FAILURE,COOPERATIVE BANK,3632
6/19/2009,35251.0,FAILURE,SOUTHERN COMMUNITY BANK,3633
6/5/2009,17309.0,FAILURE,BANK OF LINCOLNWOOD,3630
5/22/2009,5757.0,FAILURE,CITIZENS NATIONAL BANK,3628
5/22/2009,35175.0,FAILURE,STRATEGIC CAPITAL BANK,3629
5/21/2009,32247.0,FAILURE,"BANKUNITED, FSB",3627
5/8/2009,34843.0,FAILURE,WESTSOUND BANK,3626
5/1/2009,26535.0,FAILURE,"SILVERTON BANK, NATIONAL ASSOCIATION",3623
5/1/2009,35461.0,FAILURE,AMERICA WEST BANK,3624
5/1/2009,57563.0,FAILURE,CITIZENS COMMUNITY BANK,3625
4/24/2009,32069.0,FAILURE,FIRST BANK OF BEVERLY HILLS,3619
4/24/2009,34369.0,FAILURE,MICHIGAN HERITAGE BANK,3620
4/24/2009,34396.0,FAILURE,"FIRST BANK OF IDAHO, FSB",3621
4/24/2009,57943.0,FAILURE,AMERICAN SOUTHERN BANK,3622
4/17/2009,8266.0,FAILURE,AMERICAN STERLING BANK,3617
4/17/2009,33824.0,FAILURE,GREAT BASIN BANK OF NEVADA,3618
4/10/2009,34639.0,FAILURE,CAPE FEAR BANK,3615
4/10/2009,34881.0,FAILURE,NEW FRONTIER BANK,3616
3/27/2009,22238.0,FAILURE,OMNI NATIONAL BANK,3614
3/20/2009,4754.0,FAILURE,"TEAMBANK, N.A.",3611
3/20/2009,18243.0,FAILURE,FIRSTCITY BANK,3612
3/20/2009,18896.0,FAILURE,COLORADO NATIONAL BANK,3613
3/6/2009,57558.0,FAILURE,FREEDOM BANK OF GEORGIA,3610
2/27/2009,20078.0,FAILURE,HERITAGE COMMUNITY BANK,3608
2/27/2009,34820.0,FAILURE,SECURITY SAVINGS BANK,3609
2/20/2009,35399.0,FAILURE,SILVER FALLS BANK,3607
2/13/2009,5431.0,FAILURE,SHERMAN COUNTY BANK,3603
2/13/2009,16500.0,FAILURE,CORN BELT BANK AND TRUST COMPANY,3604
2/13/2009,34563.0,FAILURE,RIVERSIDE BANK OF THE GULF COAST,3605
2/13/2009,57342.0,FAILURE,PINNACLE BANK,3606
2/6/2009,22574.0,FAILURE,COUNTY BANK,3600
2/6/2009,23124.0,FAILURE,ALLIANCE BANK,3601
2/6/2009,57017.0,FAILURE,FIRSTBANK FINANCIAL SERVICES,3602
1/30/2009,26538.0,FAILURE,OCALA NATIONAL BANK,3597
1/30/2009,30763.0,FAILURE,SUBURBAN FEDERAL SAVINGS BANK,3598
1/30/2009,58001.0,FAILURE,MAGNET BANK,3599
1/23/2009,33025.0,FAILURE,1ST CENTENNIAL BANK,3596
1/16/2009,3510.0,ASSISTANCE,BANK OF AMERICA N.A.,3586
1/16/2009,19733.0,FAILURE,NATIONAL BANK OF COMMERCE,3587
1/16/2009,25178.0,ASSISTANCE,BANK OF AMERICA CALIFORNIA N.A.,3588
1/16/2009,27374.0,ASSISTANCE,MERRILL LYNCH BANK USA,3589
1/16/2009,33143.0,ASSISTANCE,COUNTRYWIDE BANK FSB,3590
1/16/2009,33318.0,ASSISTANCE,FIA CARD SERVICES N.A.,3591
1/16/2009,34571.0,ASSISTANCE,MERRILL LYNCH BANK & TRUST CO FSB,3592
1/16/2009,34959.0,FAILURE,BANK OF CLARK COUNTY,3593
1/16/2009,35453.0,ASSISTANCE,BANK OF AMERICA OREGON N.A.,3594
1/16/2009,58032.0,ASSISTANCE,BANK OF AMERICA RHODE ISLAND N.A.,3595
12/12/2008,11568.0,FAILURE,SANDERSON STATE BANK,3584
12/12/2008,35379.0,FAILURE,HAVEN TRUST BANK,3585
12/5/2008,34301.0,FAILURE,FIRST GEORGIA COMMUNITY BANK,3583
11/23/2008,7213.0,ASSISTANCE,"CITIBANK, NATIONAL ASSOCIATION",3578
11/23/2008,18708.0,ASSISTANCE,"CITICORP TRUST BANK, FSB",3579
11/23/2008,18923.0,ASSISTANCE,CITIBANK (BANAMEX USA),3580
11/23/2008,23360.0,ASSISTANCE,"CITIBANK (SOUTH DAKOTA), N.A.",3581
11/23/2008,58180.0,ASSISTANCE,DEPARTMENT STORES NATIONAL BANK,3582
11/21/2008,16490.0,FAILURE,THE COMMUNITY BANK,3575
11/21/2008,28344.0,FAILURE,PFF BANK & TRUST,3576
11/21/2008,30968.0,FAILURE,"DOWNEY SAVINGS AND LOAN ASSOCIATION, F.A.",3577
11/7/2008,23595.0,FAILURE,SECURITY PACIFIC BANK,3573
11/7/2008,26870.0,FAILURE,"FRANKLIN BANK, SSB",3574
10/31/2008,57930.0,FAILURE,FREEDOM BANK,3572
10/24/2008,58241.0,FAILURE,ALPHA BANK & TRUST,3571
10/10/2008,13789.0,FAILURE,MERIDIAN BANK,3569
10/10/2008,57654.0,FAILURE,MAIN STREET BANK,3570
9/25/2008,32633.0,FAILURE,WASHINGTON MUTUAL BANK,3568
9/19/2008,6782.0,FAILURE,"AMERIBANK, INC.",3567
9/5/2008,34194.0,FAILURE,SILVER STATE BANK,3566
8/29/2008,35469.0,FAILURE,INTEGRITY BANK,3565
8/22/2008,22728.0,FAILURE,THE COLUMBIAN BANK AND TRUST COMPANY,3564
8/1/2008,57523.0,FAILURE,FIRST PRIORITY BANK,3563
7/25/2008,27011.0,FAILURE,FIRST NATIONAL BANK OF NEVADA,3561
7/25/2008,57961.0,FAILURE,FIRST HERITAGE BANK N.A.,3562
7/11/2008,29730.0,FAILURE,INDYMAC BANK F.S.B,3560
5/30/2008,12736.0,FAILURE,"FIRST INTEGRITY BANK, N.A.",3559
5/9/2008,33901.0,FAILURE,ANB FINANCIAL NATIONAL ASSOCIATION,3558
3/7/2008,1971.0,FAILURE,HUME BANK,3557
1/25/2008,24660.0,FAILURE,DOUGLASS NATIONAL BANK,3556
10/4/2007,16848.0,FAILURE,MIAMI VALLEY BANK,3555
9/28/2007,32575.0,FAILURE,NETBANK,3554
2/2/2007,35353.0,FAILURE,METROPOLITAN SAVINGS BANK,3553
6/25/2004,1249.0,FAILURE,BANK OF EPHRAIM,3552
3/19/2004,26778.0,FAILURE,RELIANCE BANK,3551
3/12/2004,26838.0,FAILURE,GUARANTY NATIONAL BANK,3550
2/14/2004,31330.0,FAILURE,DOLLAR SAVINGS BANK,3549
11/14/2003,27203.0,FAILURE,PULASKI SAVINGS BANK,3548
5/9/2003,11639.0,FAILURE,THE FIRST NATIONAL BANK OF BLANCHARDVILLE,3547
2/7/2003,27094.0,FAILURE,SOUTHERN PACIFIC BANK,3546
12/17/2002,16445.0,FAILURE,THE FARMERS BANK & TRUST OF CHENEYVILLE,3545
11/8/2002,9961.0,FAILURE,BANK OF ALAMO,3544
9/30/2002,33784.0,FAILURE,AMTRADE INTERNATIONAL BANK OF GEORGIA,3543
6/27/2002,29355.0,FAILURE,UNIVERSAL FSB,3542
6/26/2002,19183.0,FAILURE,CONNECTICUT BANK OF COMMERCE,3541
3/28/2002,34979.0,FAILURE,NEW CENTURY BANK,3540
3/1/2002,26652.0,FAILURE,NET FIRST NATIONAL BANK,3539
2/7/2002,22314.0,FAILURE,NEXTBANK,3538
2/1/2002,8966.0,FAILURE,OAKWOOD DEPOSIT BANK,3537
1/18/2002,22002.0,FAILURE,BANK OF SIERRA BLANCA,3536
1/11/2002,24382.0,FAILURE,"HAMILTON BANK, NATIONAL ASSOCIATION",3535
9/7/2001,34248.0,FAILURE,SINCLAIR NATIONAL BANK,3534
7/27/2001,32646.0,FAILURE,"SUPERIOR BANK, FSB",3533
5/3/2001,6629.0,FAILURE,MALTA NATIONAL BANK,3532
2/2/2001,34264.0,FAILURE,FIRST ALLIANCE BANK AND TRUST CO,3531
12/14/2000,3815.0,FAILURE,NATIONAL STATE BANK OF METROPOLIS,3530
10/13/2000,21029.0,FAILURE,BANK OF HONOLULU,3529
9/29/2000,338.0,FAILURE,BANK OF FALKNER,3528
7/14/2000,10985.0,FAILURE,TOWN & COUNTRY BANK OF ALMELUND,3527
6/2/2000,25056.0,FAILURE,MONUMENT NATIONAL BANK,3526
3/10/2000,27886.0,FAILURE,MUTUAL FEDERAL SAVINGS BANK OF ATLANTA,3525
1/14/2000,14228.0,FAILURE,HARTFORD-CARLISLE SB,3524
12/10/1999,26748.0,FAILURE,GOLDEN CITY COMMERCIAL BANK,3523
11/22/1999,27415.0,FAILURE,PACIFIC THRIFT AND LOAN CO,3522
9/10/1999,18147.0,FAILURE,PEOPLES NB OF COMMERCE,3521
9/1/1999,6771.0,FAILURE,FIRST NB OF KEYSTONE,3520
7/9/1999,25272.0,FAILURE,EAST TEXAS NB OF MARSHALL,3518
7/9/1999,32491.0,FAILURE,"OCEANMARK BANK, A FSB",3519
4/23/1999,13300.0,FAILURE,ZIA NEW MEXICO BANK,3517
3/26/1999,17200.0,FAILURE,VICTORY STATE BANK,3516
8/7/1998,2174.0,FAILURE,Q BANK,3515
7/23/1998,91189.0,FAILURE,BESTBANK,3514
4/9/1998,14758.0,FAILURE,OMNIBANK,3513
11/21/1997,18338.0,FAILURE,SOUTHWEST BANK,3512
8/16/1996,27072.0,FAILURE,COMMONWEALTH THRIFT & LOAN,3511
8/9/1996,29236.0,FAILURE,"UNION FEDERAL BANK, FSB",3510
7/12/1996,26431.0,FAILURE,FAIRFIELD FIRST BANK & TRUST CO,3509
6/14/1996,3382.0,FAILURE,FIRST NB OF THE PANHANDLE,3508
5/31/1996,18662.0,FAILURE,PEOPLE'S BANK & TRUST,3507
3/8/1996,27525.0,FAILURE,METROBANK OF PHILADELPHIA,3506
7/28/1995,23319.0,FAILURE,PACIFIC HERITAGE BANK,3504
7/28/1995,26187.0,FAILURE,FOUNDERS BANK,3505
5/19/1995,23751.0,FAILURE,"BANK USA, N.A.",3503
5/5/1995,29781.0,FAILURE,AMERICAN S & L ASSOCIATION,3502
4/28/1995,31899.0,FAILURE,CONTINENTAL SAVINGS OF AMERICA,3501
3/31/1995,33190.0,FAILURE,LOS ANGELES THRIFT AND LOAN COMPANY,3500
3/3/1995,3480.0,FAILURE,FIRST TRUST BANK,3499
1/20/1995,24754.0,FAILURE,GUARDIAN BANK,3498
12/16/1994,32374.0,FAILURE,CORNERSTONE BANK FSB,3497
10/21/1994,90230.0,FAILURE,LUDLOW SAVINGS BANK,3496
8/26/1994,3432.0,FAILURE,CAPITAL BANK,3495
8/12/1994,20637.0,FAILURE,BANK OF NEWPORT,3494
7/29/1994,22796.0,FAILURE,COMMERCE BANK,3492
7/29/1994,23157.0,FAILURE,WESTERN COMMUNITY BANK,3493
7/15/1994,21922.0,FAILURE,BANK OF SAN PEDRO,3491
7/8/1994,23448.0,FAILURE,PIONEER BANK,3490
7/7/1994,20442.0,FAILURE,THE MERIDEN TRUST AND SAFE DEPOSIT,3489
6/10/1994,26909.0,FAILURE,THE BANK OF HARTFORD,3488
6/3/1994,31484.0,FAILURE,"ENCINO SAVINGS BANK, FSB",3487
5/19/1994,27027.0,FAILURE,BARBARY COAST NATIONAL BANK,3486
5/6/1994,18332.0,FAILURE,COMMERCIAL BANK AND TRUST COMPANY,3485
4/14/1994,25678.0,FAILURE,SUPERIOR NATIONAL BANK,3484
4/1/1994,19367.0,FAILURE,MECHANICS NATIONAL BANK,3483
11/5/1993,26374.0,FAILURE,CENTURY THRIFT AND LOAN,3482
10/29/1993,22815.0,FAILURE,THE BANK OF SAN DIEGO,3481
10/21/1993,24452.0,FAILURE,"MID CITY BANK, N.A.",3480
10/15/1993,26995.0,FAILURE,BRENTWOOD THRIFT AND LOAN ASSOCIATION,3479
10/14/1993,8446.0,FAILURE,"PLAZA BANK, N.A. OF NEW BRAUNFELS",3478
9/24/1993,24654.0,FAILURE,WESTERN UNITED NATIONAL BANK,3476
9/24/1993,32229.0,FAILURE,"WESTSIDE BANK, FSB",3477
9/17/1993,27174.0,FAILURE,REGENT THRIFT AND LOAN ASSOCIATION,3475
9/10/1993,32136.0,FAILURE,AMADOR VALLEY S & L,3474
8/27/1993,23135.0,FAILURE,MARITIME BANK OF CALIFORNIA,3473
8/25/1993,18220.0,FAILURE,TARRANT BANK,3472
8/13/1993,32228.0,FAILURE,GOLDEN STATE FSB,3471
8/12/1993,32728.0,FAILURE,"NEW ATLANTIC BANK, NA",3470
7/29/1993,5592.0,FAILURE,THE WOLFE CITY NATIONAL BANK,3469
7/22/1993,24757.0,FAILURE,FIDELITY NATIONAL BANK,3468
7/9/1993,26488.0,FAILURE,FIRST CALIFORNIA BANK,3466
7/9/1993,26495.0,FAILURE,CITY THRIFT AND LOAN ASSOCIATION,3467
7/2/1993,16335.0,FAILURE,JEFFERSON BANK & TRUST,3464
7/2/1993,27268.0,FAILURE,EMERALD CITY BANK,3465
7/1/1993,3733.0,FAILURE,"EAGLE BANK OF CHAMPAIGN COUNTY, NATIONAL A",3462
7/1/1993,24846.0,FAILURE,WESTHEIMER NATIONAL BANK,3463
6/25/1993,27307.0,FAILURE,CITY NATIONAL BANK OF WASHINGTON,3461
6/18/1993,21560.0,FAILURE,AMERICAN BANK AND TRUST,3459
6/18/1993,23183.0,FAILURE,CAPITAL BANK OF CALIFORNIA,3460
6/10/1993,17963.0,FAILURE,BANKCENTRAL AMARILLO,3458
6/4/1993,29671.0,FAILURE,WESTERN FSB,3457
5/21/1993,18257.0,FAILURE,NEW ENGLAND SAVINGS BANK,3455
5/21/1993,23796.0,FAILURE,PALOS VERDES NATIONAL BANK,3456
5/20/1993,32731.0,FAILURE,CROWN NATIONAL BANK,3454
5/6/1993,24653.0,FAILURE,"WILSHIRE CENTER BANK,",3453
4/30/1993,25055.0,FAILURE,AMERICAN COMMERCE NATIONAL BANK,3452
4/29/1993,14787.0,FAILURE,VALLEY NATIONAL BANK OF FREMONT,3451
4/15/1993,24676.0,FAILURE,"FIRST WESTERN BANK, N.A.",3450
4/8/1993,23581.0,FAILURE,PREMIER BANK,3449
4/2/1993,19444.0,FAILURE,MIDLAND BANK OF KANSAS,3445
4/2/1993,24111.0,FAILURE,COLLEGE BOULEVARD NATIONAL BANK,3446
4/2/1993,24564.0,FAILURE,OLYMPIC NATIONAL BANK,3447
4/2/1993,27773.0,FAILURE,PIONEER FS & LA,3448
4/1/1993,11890.0,FAILURE,FIRST STATE BANK,3444
3/18/1993,3295.0,FAILURE,"UNITED BANK, N.A.",3443
3/16/1993,32238.0,FAILURE,"THE GUARDIAN BANK, FSB",3442
3/4/1993,23631.0,FAILURE,"FIRST AMERICAN CAPITAL BANK, N.A",3441
2/26/1993,7135.0,FAILURE,JEFFERSON NATIONAL BANK,3440
2/25/1993,5499.0,FAILURE,THE PLANTERS NB OF ROSEBUD,3439
2/5/1993,17118.0,FAILURE,AMERICAN BANK OF HALTOM CITY,3438
1/29/1993,6290.0,FAILURE,FIRST NATIONAL BANK OF VERMONT,3434
1/29/1993,29892.0,FAILURE,OLD STONE SB,3435
1/29/1993,32484.0,FAILURE,VISTA FSA,3436
1/29/1993,33186.0,FAILURE,LIFE FSB,3437
1/22/1993,24320.0,FAILURE,COLUMBIA NATIONAL BANK,3433
12/18/1992,4378.0,FAILURE,THE RUSHVILLE NATIONAL BANK,3431
12/18/1992,17428.0,FAILURE,THE BREMEN STATE BANK,3432
12/11/1992,15750.0,FAILURE,MERITOR SAVINGS BANK,3427
12/11/1992,16977.0,FAILURE,EASTLAND SAVINGS BANK,3428
12/11/1992,19725.0,FAILURE,EASTLAND BANK,3429
12/11/1992,25306.0,FAILURE,SAILORS & MERCHANTS B&T CO.,3430
12/10/1992,9015.0,ASSISTANCE,CITIZENS STATE BANK,3426
12/8/1992,32244.0,FAILURE,PALM BEACH FSA,3425
12/4/1992,18245.0,FAILURE,BURRITT INTERFINANCIAL BANCORPORATION,3419
12/4/1992,21996.0,FAILURE,HERITAGE BANK FOR SAVINGS,3420
12/4/1992,26440.0,FAILURE,HUNTINGTON PACIFIC THRIFT & LOAN,3421
12/4/1992,30080.0,FAILURE,CARTERET FSB,3422
12/4/1992,30217.0,FAILURE,SECURITY FEDERAL,3423
12/4/1992,32339.0,FAILURE,"SECOND NATIONAL, FSB",3424
11/20/1992,15886.0,FAILURE,THE MERCHANTS BANK,3415
11/20/1992,27660.0,FAILURE,IRVING FB FOR SAVINGS,3416
11/20/1992,28394.0,FAILURE,POLIFLY FS & LA,3417
11/20/1992,29768.0,FAILURE,CRESTLINE FS & LA,3418
11/13/1992,17085.0,FAILURE,GUARANTY-FIRST TRUST COMPANY,3409
11/13/1992,21199.0,FAILURE,METRO NORTH STATE BANK,3410
11/13/1992,22073.0,FAILURE,FIRST NEW YORK BANK FOR BUSINESS,3411
11/13/1992,25721.0,FAILURE,INVESTORS BANK AND TRUST COMPANY,3412
11/13/1992,26656.0,FAILURE,STATEWIDE THRIFT AND LOAN CO.,3413
11/13/1992,30655.0,FAILURE,THE OVERLAND PARK FS & LA,3414
11/6/1992,27456.0,FAILURE,"GREENWOOD BANK OF BETHEL, INC.",3407
11/6/1992,30159.0,FAILURE,"FIRST FSB OF GEORGIA, FA",3408
10/30/1992,1722.0,FAILURE,"FIRST CITY, TEXAS - DALLAS, NA",3386
10/30/1992,3093.0,FAILURE,"FIRST CITY, TEXAS - BEAUMONT, NA",3387
10/30/1992,3120.0,FAILURE,"FIRST CITY, TEXAS - BRYAN, NA",3388
10/30/1992,3227.0,FAILURE,"FIRST CITY, TEXAS - GRAHAM, NA",3389
10/30/1992,3316.0,FAILURE,"FIRST CITY, TEXAS - LUFKIN, NA",3390
10/30/1992,3318.0,FAILURE,"FIRST CITY, TEXAS - MADISONVILLE",3391
10/30/1992,3344.0,FAILURE,"FIRST CITY, TEXAS - MIDLAND, NA",3392
10/30/1992,3374.0,FAILURE,"FIRST CITY, TEXAS - ORANGE, NA",3393
10/30/1992,5506.0,FAILURE,"FIRST CITY, TEXAS - SAN ANGELO,",3394
10/30/1992,5562.0,FAILURE,"FIRST CITY, TEXAS - TYLER, NA",3395
10/30/1992,11914.0,FAILURE,"FIRST CITY, TEXAS - SOUR LAKE",3396
10/30/1992,13702.0,FAILURE,"FIRST CITY, TEXAS - HOUSTON, NA",3397
10/30/1992,15721.0,FAILURE,"FIRST CITY, TEXAS - AUSTIN, NA",3398
10/30/1992,16524.0,FAILURE,"FIRST CITY, TEXAS - LAKE JACKSON",3399
10/30/1992,16560.0,FAILURE,"FIRST CITY, TEXAS - EL PASO, NA",3400
10/30/1992,17299.0,FAILURE,"FIRST CITY, TEXAS - KOUNTZE, NA",3401
10/30/1992,17343.0,FAILURE,"FIRST CITY, TEXAS - ALICE, NA",3402
10/30/1992,20029.0,FAILURE,"FIRST CITY, TEXAS - ARANSAS PASS",3403
10/30/1992,21190.0,FAILURE,"FIRST CITY, TEXAS - CORPUS CHRIS",3404
10/30/1992,24723.0,FAILURE,"FIRST CITY, TEXAS - SAN ANTONIO",3405
10/30/1992,28218.0,FAILURE,HOMESTEAD FSA,3406
10/21/1992,31543.0,FAILURE,STANDARD FSB,3385
10/16/1992,15579.0,ASSISTANCE,FREEDOM BANK,3382
10/16/1992,22689.0,FAILURE,UNIVERSAL BANK,3383
10/16/1992,31418.0,FAILURE,SECURITY FS & LA,3384
10/9/1992,28998.0,FAILURE,PEIDMONT FSA,3381
10/2/1992,16146.0,FAILURE,THE HOWARD SAVINGS BANK,3378
10/2/1992,22850.0,FAILURE,"EASTWEST BANK, N.A.",3379
10/2/1992,27160.0,FAILURE,FIRST CONSTITUTION BANK,3380
9/25/1992,26844.0,FAILURE,"HIGHLANDS COMMUNITY BANK, N.A.",3376
9/25/1992,27416.0,FAILURE,HOMETOWN BANK,3377
9/24/1992,27470.0,FAILURE,FIRST EXCHANGE BANK OF LITTLE ROCK,3375
9/18/1992,21181.0,FAILURE,THE WASHINGTON BANK,3373
9/18/1992,90266.0,FAILURE,PLYMOUTH FIVE CENTS SAVINGS BANK,3374
9/10/1992,5596.0,FAILURE,THE FIRST NATIONAL BANK OF YORKTOWN,3372
8/28/1992,15979.0,FAILURE,THE UNION SAVINGS BANK,3369
8/28/1992,18066.0,FAILURE,SEACOAST SAVINGS BANK,3370
8/28/1992,32388.0,FAILURE,POTOMAC FSB,3371
8/21/1992,28078.0,FAILURE,BIRMINGHAM FSB,3367
8/21/1992,90257.0,FAILURE,ATTLEBORO PAWTUCKET SB,3368
8/14/1992,90307.0,FAILURE,WINCHENDON SAVINGS BANK,3366
8/7/1992,20396.0,FAILURE,FOXWORTH BANK,3364
8/7/1992,32468.0,FAILURE,CITADEL FS & LA,3365
7/31/1992,18966.0,FAILURE,MASSACHUSETTS BANK & TRUST CO.,3363
7/24/1992,29418.0,FAILURE,FIRST RUSSELL COUNTY,3362
7/23/1992,26676.0,FAILURE,FIRST NATIONAL BANK OF TEXAS,3361
7/17/1992,13383.0,FAILURE,STATE BANK OF SPRINGFIELD,3358
7/17/1992,31931.0,FAILURE,LIBERTY FSB,3359
7/17/1992,32444.0,FAILURE,NEW ENGLAND FSA,3360
7/10/1992,28387.0,FAILURE,"TRANSOHIO, FSB",3355
7/10/1992,29724.0,FAILURE,SOUTHERN FSA OF GEORGIA,3356
7/10/1992,30091.0,FAILURE,HOME FSB,3357
7/6/1992,29234.0,FAILURE,"HOMEFED BANK, FA",3354
6/26/1992,6251.0,FAILURE,THE SOMERSWORTH BANK,3350
6/26/1992,25918.0,FAILURE,OLYMPIC INTERNATIONAL BANK & TRUST,3351
6/26/1992,27402.0,FAILURE,VERNON BANK,3352
6/26/1992,30285.0,FAILURE,JACKSONVILLE FSA,3353
6/25/1992,25063.0,FAILURE,CASTLE HILLS NATIONAL BANK,3348
6/25/1992,26420.0,FAILURE,AMERICAN NATIONAL BANK - POST OAK,3349
6/19/1992,28250.0,FAILURE,FIRST HOME FSA,3345
6/19/1992,29541.0,FAILURE,COASTAL FSB,3346
6/19/1992,32452.0,FAILURE,FIRST NEWPORT FSB,3347
6/12/1992,16017.0,FAILURE,AMERICAN SAVINGS BANK,3338
6/12/1992,16033.0,FAILURE,RIVERHEAD SAVINGS BANK,3339
6/12/1992,21082.0,FAILURE,AMERICAN INTERSTATE BANK,3340
6/12/1992,21997.0,FAILURE,LANDMARK BANK FOR SAVINGS,3341
6/12/1992,29084.0,FAILURE,CHEROKEE VALLEY FSA,3342
6/12/1992,29855.0,FAILURE,COLUMBIA BANKING FED.,3343
6/12/1992,31452.0,FAILURE,SAN CLEMENTE FSB,3344
6/5/1992,27728.0,FAILURE,VOLUNTEER FSA,3334
6/5/1992,28847.0,FAILURE,"COOPER RIVER, FSA",3335
6/5/1992,29595.0,FAILURE,FIRST AMERICAN FSB,3336
6/5/1992,32389.0,FAILURE,REPUBLIC FSB,3337
6/4/1992,14909.0,FAILURE,THE HOME STATE BANK,3331
6/4/1992,26895.0,FAILURE,MAYFAIR BANK,3332
6/4/1992,28867.0,FAILURE,HOME UNITY FEDERAL,3333
5/29/1992,26864.0,FAILURE,WORKINGMEN'S CO-OPERATIVE BANK,3329
5/29/1992,27570.0,FAILURE,NORTH AMERICAN THRIFT AND LOAN,3330
5/22/1992,27001.0,FAILURE,POWDER MILL BANK,3328
5/21/1992,29650.0,FAILURE,FIRST FSA,3327
5/15/1992,8158.0,FAILURE,MALDEN TRUST COMPANY,3326
5/8/1992,26901.0,FAILURE,BROOKFIELD BANK,3324
5/8/1992,31664.0,FAILURE,SHENANDOAH FSA,3325
5/7/1992,9380.0,FAILURE,JACKSON EXCHANGE BANK & TRUST CO,3319
5/7/1992,24242.0,FAILURE,FIRST EXCHANGE BANK OF MADISON COUNTY,3320
5/7/1992,24863.0,FAILURE,FIRST EXCHANGE BANK OF CAPE GIRARDEAU,3321
5/7/1992,26613.0,FAILURE,FIRST EXCHANGE BANK OF  ST. LOUIS,3322
5/7/1992,32742.0,FAILURE,FIRST EXCHANGE BANK NORTH ST. LOUIS,3323
5/4/1992,25059.0,FAILURE,"THE FINANCIAL CENTER BANK, N.A.",3318
5/1/1992,21315.0,FAILURE,"METROPOLITAN BANK, N.A.",3317
4/24/1992,23865.0,FAILURE,VALLEY COMMERCIAL BANK,3311
4/24/1992,26971.0,FAILURE,THE NORWALK BANK,3312
4/24/1992,27002.0,FAILURE,SHORE BANK & TRUST CO.,3313
4/24/1992,27853.0,FAILURE,FIRST FSB OF SOUTH DAKOTA,3314
4/24/1992,32186.0,FAILURE,FIRST SOUTH SB,3315
4/24/1992,90170.0,FAILURE,SOUTHSTATE BANK FOR SAVINGS,3316
4/10/1992,29222.0,FAILURE,SECURITY FIRST FS & LA,3308
4/10/1992,31768.0,FAILURE,VALLEY FS & LA,3309
4/10/1992,32639.0,FAILURE,FEDERAL SA OF VIRGINIA,3310
4/9/1992,20413.0,FAILURE,RED BIRD BANK OF DALLAS,3306
4/9/1992,23860.0,FAILURE,FAIRFIELD COUNTY TRUST COMPANY,3307
4/3/1992,22414.0,FAILURE,THE BANK OF BEVERLY HILLS,3302
4/3/1992,26447.0,FAILURE,SUMMIT NATIONAL BANK,3303
4/3/1992,29584.0,FAILURE,FIRST STATE SA,3304
4/3/1992,31453.0,FAILURE,COMMONWEALTH FSB,3305
3/31/1992,27146.0,FAILURE,FIRST COMMUNITY BANK OF CHEROKEE,3301
3/27/1992,17778.0,FAILURE,VANGUARD SAVINGS BANK,3298
3/27/1992,24633.0,FAILURE,PLACER BANK OF COMMERCE,3299
3/27/1992,30826.0,FAILURE,FLAGLER FS & LA,3300
3/26/1992,20284.0,FAILURE,AMERICAN  BANK OF COMMERCE,3296
3/26/1992,32762.0,FAILURE,THEODORE ROOSEVELT NATIONAL BANK,3297
3/20/1992,23289.0,FAILURE,THE BANK FOR SAVINGS,3294
3/20/1992,23855.0,FAILURE,"UNITED MERCANTILE B & T CO, N.A.",3295
3/19/1992,10668.0,FAILURE,FARMERS & MERCHANTS BANK,3291
3/19/1992,23633.0,FAILURE,SOUTHSIDE NATIONAL BANK,3292
3/19/1992,24793.0,FAILURE,INDEPENDENCE BANK,3293
3/16/1992,19801.0,FAILURE,FIRST SECURITY BANK OF ANACONDA,3290
3/13/1992,15000.0,FAILURE,BROADWAY BANK,3287
3/13/1992,29158.0,FAILURE,"FIRST OHIO SB, FSB",3288
3/13/1992,29530.0,FAILURE,CARROLTON HOME,3289
3/12/1992,24601.0,FAILURE,PROGRESSIVE NATIONAL BANK OF RAYNE,3285
3/12/1992,30852.0,FAILURE,UKRANIAN FS & LA,3286
3/6/1992,27092.0,FAILURE,NEW HERITAGE BANK,3284
2/28/1992,23455.0,FAILURE,MISSION VIEJO NATIONAL BANK,3278
2/28/1992,26364.0,FAILURE,COLONY SAVINGS BANK,3279
2/28/1992,28588.0,FAILURE,IRVINGTON FSB,3280
2/28/1992,30999.0,FAILURE,LEMONT FSA,3281
2/28/1992,31238.0,FAILURE,ALPHA INDIAN ROCK FS & LA,3282
2/28/1992,32383.0,FAILURE,VISTA FSA,3283
2/27/1992,25907.0,FAILURE,COLUMBIA BANK,3277
2/21/1992,15897.0,FAILURE,DOLLAR DRY DOCK BANK,3274
2/21/1992,25882.0,FAILURE,NATIONAL CITY BANK,3275
2/21/1992,27309.0,FAILURE,THE BANK OF BRANDYWINE VALLEY,3276
2/14/1992,90226.0,FAILURE,THE CENTRAL SAVINGS BANK,3273
2/7/1992,16377.0,FAILURE,KEMPTON STATE BANK,3270
2/7/1992,27213.0,FAILURE,MERCHANTS NATIONAL BANK,3271
2/7/1992,30265.0,FAILURE,"UNITED SAVINGS OF AMERICA, FA",3272
2/6/1992,25146.0,FAILURE,LANDMARK BANK OF FORTH WORTH,3269
1/31/1992,26945.0,FAILURE,FOUNTAIN BANK,3265
1/31/1992,27000.0,FAILURE,SENTINEL BANK,3266
1/31/1992,29518.0,FAILURE,PELICAN HOMESTEAD SA,3267
1/31/1992,30582.0,FAILURE,SECURITY FSA,3268
1/30/1992,18675.0,FAILURE,INDEPENDENCE BANK,3263
1/30/1992,25878.0,FAILURE,ATLANTIC TRUST COMPANY,3264
1/24/1992,7052.0,FAILURE,AMERICAN NATIONAL BANK OF NEW YORK,3259
1/24/1992,16013.0,FAILURE,"CROSSLAND SAVINGS BANK, FSB",3260
1/24/1992,26468.0,FAILURE,"BANCO NACIONAL, NATIONAL ASSOCIATION",3261
1/24/1992,32210.0,FAILURE,ADVANCED FSB,3262
1/23/1992,11138.0,FAILURE,FIRST STATE BANK,3258
1/16/1992,26954.0,FAILURE,THE BANK OF VERDE VALLEY,3257
1/10/1992,18720.0,FAILURE,THE CITIZENS BANK,3253
1/10/1992,31024.0,FAILURE,HANSEN FSA,3254
1/10/1992,31231.0,FAILURE,PERPETUAL SAVINGS BANK,3255
1/10/1992,32258.0,FAILURE,HANSEN FSB,3256
1/3/1992,26493.0,FAILURE,ASSURED THRIFT AND LOAN ASSOCIATION,3252
12/20/1991,21113.0,FAILURE,NORTH RIDGE BANK,3251
12/13/1991,2599.0,FAILURE,MERCHANTS NATIONAL BANK,3246
12/13/1991,17048.0,FAILURE,THE BANK MART,3247
12/13/1991,26241.0,FAILURE,"FEDERAL FINANCE & MORTGAGE, LTD",3248
12/13/1991,27151.0,FAILURE,BANK OF EAST HARTFORD,3249
12/13/1991,31724.0,FAILURE,INVESTORS FSB,3250
12/12/1991,26585.0,FAILURE,GRANITE CO-OPERATIVE BANK,3245
12/6/1991,25128.0,FAILURE,SAYBROOK BANK AND TRUST COMPANY,3244
12/4/1991,24660.0,ASSISTANCE,THE DOUGLASS BANK,3243
11/26/1991,26274.0,FAILURE,FIRST NATIONAL BANK OF MIAMI,3242
11/22/1991,28295.0,FAILURE,PEOPLES FSA,3238
11/22/1991,28446.0,FAILURE,WESTERN FS & LA,3239
11/22/1991,30324.0,FAILURE,CHASE SAVINGS & LOAN,3240
11/22/1991,30665.0,FAILURE,WHITE HORSE FS & LA,3241
11/15/1991,16927.0,FAILURE,DURHAM TRUST COMPANY,3237
11/14/1991,12124.0,FAILURE,WORTHINGTON STATE BANK,3234
11/14/1991,18239.0,FAILURE,CONNECTICUT SAVINGS BANK,3235
11/14/1991,25898.0,FAILURE,ALVARADO NATIONAL BANK,3236
11/8/1991,32143.0,FAILURE,DELTA FSB,3232
11/8/1991,32543.0,FAILURE,COBB FSA,3233
11/7/1991,19519.0,FAILURE,COMMUNITY NATIONAL BANK AND TRUST,3231
11/1/1991,30027.0,FAILURE,MARINE VIEW FSB,3230
10/31/1991,15514.0,FAILURE,UNION BANK,3229
10/30/1991,22824.0,FAILURE,BANK OF THE SOUTH,3228
10/29/1991,26695.0,FAILURE,"THE PRIVATE BANK & TRUST, NATION",3227
10/25/1991,10413.0,FAILURE,THE CITIZENS BANK OF PAGOSA SPRINGS,3224
10/25/1991,18317.0,FAILURE,COOLIDGE BANK AND TRUST COMPANY,3225
10/25/1991,26561.0,FAILURE,FIRST HANOVER BANK,3226
10/24/1991,25837.0,FAILURE,"FIRST NATIONAL BANK, BEDFORD",3223
10/18/1991,17822.0,FAILURE,CENTRAL BANK,3220
10/18/1991,24565.0,FAILURE,"MISSION VALLEY BANK, NATIONAL ASSOC",3221
10/18/1991,27373.0,FAILURE,CONNECTICUT VALLEY BANK,3222
10/16/1991,29342.0,FAILURE,FIRST FS & LA,3218
10/16/1991,32615.0,FAILURE,CITIZENS FSA,3219
10/13/1991,32090.0,FAILURE,OAKTREE FEDERAL SAVINGS,3217
10/11/1991,17189.0,FAILURE,IONA SAVINGS BANK,3213
10/11/1991,28763.0,FAILURE,"THE FIRST, FEDERAL ASSOCIATION",3214
10/11/1991,29191.0,FAILURE,FIRST FEDERAL SAVINGS,3215
10/11/1991,31990.0,FAILURE,LIFE FSB,3216
10/10/1991,11486.0,FAILURE,NASHUA TRUST COMPANY,3205
10/10/1991,15952.0,FAILURE,BANKEAST,3206
10/10/1991,17178.0,FAILURE,AMOSKEAG BANK,3207
10/10/1991,17237.0,FAILURE,"NUMERICA SAVINGS BANK, FSB",3208
10/10/1991,17879.0,FAILURE,"BANK MERIDIAN, NATIONAL ASSOCIATION",3209
10/10/1991,26700.0,FAILURE,DARTMOUTH BANK,3210
10/10/1991,27287.0,FAILURE,NEW HAMPSHIRE SAVINGS BANK,3211
10/10/1991,28946.0,FAILURE,HOMEBANK FSA,3212
10/3/1991,20027.0,FAILURE,REAGAN STATE BANK,3203
10/3/1991,26815.0,FAILURE,HARBOR NATIONAL BANK OF CONNECTICUT,3204
10/2/1991,11259.0,ASSISTANCE,THE GUNNISON BANK & TRUST CO.,3202
9/27/1991,26843.0,FAILURE,MIDCOUNTY BANK AND TRUST COMPANY,3193
9/27/1991,27633.0,FAILURE,FIRST FEDERAL SAVINGS,3194
9/27/1991,27867.0,FAILURE,SANTA PAULA S & LA,3195
9/27/1991,27962.0,FAILURE,UNITED SAVINGS OF AMERICA,3196
9/27/1991,28742.0,FAILURE,NUTLEY SAVINGS & LOAN,3197
9/27/1991,29092.0,FAILURE,HOME FS & LA OF HARLAN,3198
9/27/1991,29460.0,FAILURE,PLYMOUTH FSA,3199
9/27/1991,29563.0,FAILURE,EASTERN FS & LA OF SAYVILLE,3200
9/27/1991,32400.0,FAILURE,GOLD RIVER SB,3201
9/20/1991,24502.0,FAILURE,BANK FIVE FOR SAVINGS,3191
9/20/1991,26946.0,FAILURE,MID-JERSEY NATIONAL BANK,3192
9/19/1991,3575.0,FAILURE,"SOUTHEAST BANK, NATIONAL ASSOCIATION",3188
9/19/1991,16944.0,FAILURE,SOUTHEAST BANK OF WEST FLORIDA,3189
9/19/1991,28889.0,FAILURE,ABRAHAM LINCOLN FSA,3190
9/16/1991,19591.0,ASSISTANCE,FIRST BANK AND TRUST,3187
9/13/1991,26924.0,FAILURE,VALLEY BANK,3184
9/13/1991,28177.0,FAILURE,EVERGREEN FS & LA,3185
9/13/1991,32224.0,FAILURE,DAVY CROCKETT FS & LA,3186
9/6/1991,18242.0,FAILURE,SUFFIELD BANK,3179
9/6/1991,23679.0,FAILURE,THE FAMILY BANK AND TRUST,3180
9/6/1991,29411.0,FAILURE,UNITED HOME FEDERAL,3181
9/6/1991,32023.0,FAILURE,HEARTLAND S & LA,3182
9/6/1991,32454.0,FAILURE,BAY FSB,3183
8/30/1991,26273.0,FAILURE,HILTON HEAD BANK & TRUST COMPANY,3173
8/30/1991,26792.0,FAILURE,HILLSBOROUGH BANK AND TRUST CO,3174
8/30/1991,27862.0,FAILURE,FUTURE FEDERAL SAVINGS BANK,3175
8/30/1991,30961.0,FAILURE,UNITED FSB,3176
8/30/1991,31588.0,FAILURE,HOMESTEAD FSA,3177
8/30/1991,90228.0,FAILURE,LOWELL INSTITUTION FOR SAVINGS,3178
8/29/1991,5519.0,FAILURE,THE SAN SABA NATIONAL BANK,3171
8/29/1991,14804.0,FAILURE,FIRST NATIONAL BANK AND TRUST CO,3172
8/23/1991,27657.0,FAILURE,NEW AGE FSA,3168
8/23/1991,27693.0,FAILURE,MERCHANTS & MECHANICS FSB,3169
8/23/1991,27842.0,FAILURE,FIRST FS & LA,3170
8/22/1991,14421.0,FAILURE,BUCHEL BANK & TRUST CO.,3166
8/22/1991,15379.0,FAILURE,FIRST MEXIA BANK,3167
8/16/1991,22016.0,FAILURE,NORTHWEST NATIONAL BANK,3162
8/16/1991,27463.0,FAILURE,ENFIELD NATIONAL BANK,3163
8/16/1991,32249.0,FAILURE,FIRST AMERICAN FSB,3164
8/16/1991,32252.0,FAILURE,"CENTRE SA, FA",3165
8/9/1991,2531.0,FAILURE,CITYTRUST,3155
8/9/1991,18256.0,FAILURE,MECHANICS AND FARMERS SAVINGS BANK,3156
8/9/1991,21605.0,FAILURE,SOUTHCOAST BANK CORPORATION,3157
8/9/1991,22908.0,FAILURE,BANK OF SOUTH PALM BEACHES,3158
8/9/1991,28041.0,FAILURE,GREAT AMERICAN FSA,3159
8/9/1991,28587.0,FAILURE,LARCHMONT FS & LA,3160
8/9/1991,29041.0,FAILURE,FIRST FS & LA OF THIEF RIVER FALLS,3161
8/2/1991,27618.0,FAILURE,STANDARD FS & LA,3153
8/2/1991,32438.0,FAILURE,CORAL COAST FSB,3154
7/26/1991,22325.0,FAILURE,THE HOUSATONIC BANK & TRUST CO,3149
7/26/1991,27157.0,FAILURE,SUBURBAN NATIONAL BANK,3150
7/26/1991,29498.0,FAILURE,WESTLAND FS & LA,3151
7/26/1991,32301.0,FAILURE,ATLANTIC FINANCIAL FSB,3152
7/25/1991,3283.0,FAILURE,THE KERENS BANK,3148
7/19/1991,20960.0,FAILURE,PONTCHARTRAIN STATE BANK,3143
7/19/1991,26331.0,FAILURE,COMMUNITY GUARDIAN BANK,3144
7/19/1991,30010.0,FAILURE,CLINTON S & LA,3145
7/19/1991,30545.0,FAILURE,COOPERATIVE FSB,3146
7/19/1991,32494.0,FAILURE,NEW METROPOLITAN FSB,3147
7/12/1991,23882.0,FAILURE,DRIPPING SPRINGS NATIONAL BANK,3137
7/12/1991,25592.0,FAILURE,LANDMARK THRIFT AND LOAN ASSOCIATION,3138
7/12/1991,27825.0,FAILURE,DANBURRY SAVINGS & LOAN,3139
7/12/1991,29295.0,FAILURE,MONYCOR SAVINGS BANK,3140
7/12/1991,31800.0,FAILURE,PAN AMERICAN FSB,3141
7/12/1991,32223.0,FAILURE,FIDELITY FS & LA,3142
7/9/1991,32566.0,FAILURE,SURETY FS & LA,3136
6/28/1991,17795.0,FAILURE,FIRST MUTUAL BANK FOR SAVINGS,3133
6/28/1991,28786.0,FAILURE,UNITED FS & LA,3134
6/28/1991,30758.0,FAILURE,METROBANK FS & LA,3135
6/21/1991,26659.0,FAILURE,BEACON CO-OPERATIVE BANK,3131
6/21/1991,32179.0,FAILURE,GUARDIAN FSA,3132
6/14/1991,30538.0,FAILURE,SPRINGFIELD FSLA,3129
6/14/1991,31276.0,FAILURE,"FIRST COMMERCE SB, FSB",3130
6/13/1991,17681.0,FAILURE,THE BANK OF HORTON,3125
6/13/1991,19012.0,FAILURE,TASCOSA NATIONAL BANK OF AMARILLO,3126
6/13/1991,23039.0,FAILURE,PEOPLES BANK,3127
6/13/1991,27274.0,FAILURE,"TEXAS PREMIER BANK OF VICTORIA, NATIONAL A",3128
6/7/1991,28161.0,FAILURE,DRYADES S & LA,3123
6/7/1991,90310.0,FAILURE,WOBURN FIVE CENTS SAVINGS BANK,3124
6/6/1991,25142.0,FAILURE,"NORTHWEST BANK, NATIONAL ASSOCIATION",3122
5/31/1991,10544.0,FAILURE,"UNIVERSITY BANK, NATIONAL ASSOCIATION",3114
5/31/1991,15963.0,FAILURE,GOLDOME,3115
5/31/1991,28019.0,FAILURE,WESTERLEIGH SAVINGS,3116
5/31/1991,31168.0,FAILURE,GOLDOME FSB,3117
5/31/1991,31274.0,FAILURE,UNITED FS & LA,3118
5/31/1991,31363.0,FAILURE,ENTERPRISE S&LA,3119
5/31/1991,32126.0,FAILURE,BURLESON COUNTY SAVINGS ASSOC.,3120
5/31/1991,32592.0,FAILURE,MERABANK TEXAS,3121
5/24/1991,20753.0,FAILURE,FLORIDA STATE BANK,3111
5/24/1991,27380.0,FAILURE,FIRST SECURITY BANK,3112
5/24/1991,31436.0,FAILURE,PROGRESSIVE SAVINGS BANK,3113
5/23/1991,16544.0,FAILURE,LIBERTY NATIONAL BANK,3109
5/23/1991,29202.0,FAILURE,FAR WEST FSB,3110
5/22/1991,6499.0,FAILURE,THE FIRST NATIONAL BANK OF TOMS RIVER,3108
5/17/1991,15404.0,FAILURE,THE COSMOPOLITAN NATIONAL BANK OF CHICAGO,3104
5/17/1991,22504.0,FAILURE,FIRST CITY BANK,3105
5/17/1991,29002.0,FAILURE,ALTUS FSB,3106
5/17/1991,29795.0,FAILURE,LUDINGTON FSB,3107
5/16/1991,19935.0,FAILURE,CAPITAL BANK,3102
5/16/1991,27131.0,FAILURE,FIRST NATIONAL BANK OF CEDAR HILL,3103
5/10/1991,18960.0,FAILURE,MADISON NATIONAL BANK,3092
5/10/1991,20210.0,FAILURE,MADISON NATIONAL BANK OF VIRGINIA,3093
5/10/1991,27418.0,FAILURE,THE WASHINGTON BANK (OF MARYLAND),3094
5/10/1991,28265.0,FAILURE,FIRST FS & LA OF FARGO,3095
5/10/1991,28523.0,FAILURE,CAPITOL FEDERAL BANK FOR SAVINGS,3096
5/10/1991,28885.0,FAILURE,FIRST FS & LA OF CRESTON,3097
5/10/1991,30782.0,FAILURE,FIRST FSA OF NEWTON,3098
5/10/1991,31552.0,FAILURE,VERMILION FSB,3099
5/10/1991,32100.0,FAILURE,GUARANTY FSA,3100
5/10/1991,32537.0,FAILURE,COLONIAL FSB,3101
5/9/1991,3397.0,FAILURE,THE FIRST NATIONAL BANK OF POTH,3088
5/9/1991,8441.0,FAILURE,CHIRENO STATE BANK,3089
5/9/1991,18709.0,FAILURE,TEXAS BANK AND TRUST OF TEMPLE,3090
5/9/1991,25736.0,FAILURE,VILLAGE GREEN NATIONAL BANK,3091
5/3/1991,26791.0,FAILURE,BOSTON TRADE BANK,3081
5/3/1991,28975.0,FAILURE,FIRST FS & LA OF PITTSBURG,3082
5/3/1991,30370.0,FAILURE,CENTURY FEDERAL SAVINGS,3083
5/3/1991,30413.0,FAILURE,SENTRY FSA,3084
5/3/1991,30686.0,FAILURE,"LIBERTY SB, FSB",3085
5/3/1991,31179.0,FAILURE,"NEWTON SAVINGS BANK, FSA",3086
5/3/1991,32412.0,FAILURE,SECURITY FS & LA OF ALBUQUERQUE,3087
4/26/1991,23217.0,FAILURE,COLUMBINE VALLEY BANK AND TRUST,3074
4/26/1991,29588.0,FAILURE,"HOME FS & LA, FA",3075
4/26/1991,29819.0,FAILURE,AUGUSTA FSA,3076
4/26/1991,32202.0,FAILURE,"EXECUTIVE SB, FSB",3077
4/26/1991,32380.0,FAILURE,JOHN HANSON FSB,3078
4/26/1991,32598.0,FAILURE,SUNBELT SAVINGS,3079
4/26/1991,32605.0,FAILURE,RED RIVER FS & LA,3080
4/19/1991,29844.0,FAILURE,"PROSPECT PARK, FSB",3069
4/19/1991,30392.0,FAILURE,METROPOLITAN FS & LA,3070
4/19/1991,31914.0,FAILURE,MERCANTILE SAVINGS BANK,3071
4/19/1991,32596.0,FAILURE,CIMARRON FEDERAL SAVINGS,3072
4/19/1991,32603.0,FAILURE,CHISHOLM FS & LA,3073
4/18/1991,25120.0,FAILURE,COMMUNITY NATIONAL BANK,3068
4/12/1991,23487.0,FAILURE,ARIZONA COMMERCE BANK,3065
4/12/1991,27315.0,FAILURE,WHITNEY BANK AND TRUST,3066
4/12/1991,32054.0,FAILURE,SECURITY SAVINGS & LOAN,3067
4/11/1991,18723.0,FAILURE,AMERICAN BANK & TRUST COMPANY,3064
4/5/1991,19612.0,FAILURE,THE BLUEVILLE BANK OF GRAFTON,3059
4/5/1991,28347.0,FAILURE,COLUMBIA FSA OF HAMILTON,3060
4/5/1991,29417.0,FAILURE,FIRST FS & LA OF SEMINOLE CO.,3061
4/5/1991,30361.0,FAILURE,FIRST SAVINGS OF ZION,3062
4/5/1991,31270.0,FAILURE,"FIRST FEDERAL SB, FSB",3063
4/4/1991,11576.0,FAILURE,FIRST STATE BANK,3058
3/29/1991,22487.0,FAILURE,CITY BANK AND TRUST,3056
3/29/1991,24043.0,FAILURE,CITIZENS NATIONAL BANK,3057
3/28/1991,25817.0,FAILURE,THE LANDMARK BANK,3055
3/27/1991,32095.0,FAILURE,"COUNTY BANK, FSB",3054
3/22/1991,28512.0,FAILURE,STATE SAVINGS,3047
3/22/1991,28605.0,FAILURE,FIRST FSA OF CHICKASHA,3048
3/22/1991,29287.0,FAILURE,UNITED FSA OF IOWA,3049
3/22/1991,30940.0,FAILURE,"THE FEDERAL SB, FSB",3050
3/22/1991,31648.0,FAILURE,AMERICAN FEDERAL BANK,3051
3/22/1991,32175.0,FAILURE,CITIZENS SECURITY BANK,3052
3/22/1991,32563.0,FAILURE,"REPUBLIC SB, FSB",3053
3/21/1991,10331.0,FAILURE,CITADEL BANK,3045
3/21/1991,11185.0,FAILURE,SABINAL BANK,3046
3/15/1991,27003.0,FAILURE,THE BLACKSTONE BANK AND TRUST CO,3039
3/15/1991,28683.0,FAILURE,AMERIFIRST FEDERAL SAVINGS,3040
3/15/1991,28791.0,FAILURE,BELL FEDERAL SAVINGS,3041
3/15/1991,29083.0,FAILURE,HOME SAVINGS ASSOCIATION,3042
3/15/1991,29716.0,FAILURE,ARCANIUM FSA,3043
3/15/1991,32514.0,FAILURE,SOVEREIGN SB,3044
3/14/1991,18844.0,FAILURE,CROSSROADS BANK,3037
3/14/1991,26557.0,FAILURE,COOLIDGE CORNER CO-OPERATIVE BANK,3038
3/8/1991,24588.0,FAILURE,MANILABANK,3027
3/8/1991,24831.0,FAILURE,FIRST MARINE BANK OF FLORIDA,3028
3/8/1991,25145.0,FAILURE,SEAFIRST BANK,3029
3/8/1991,28827.0,FAILURE,JEFFERSON FEDERAL SA,3030
3/8/1991,29019.0,FAILURE,FIRST FSA OF WEWOKA,3031
3/8/1991,29036.0,FAILURE,BEACON FEDERAL SAVINGS,3032
3/8/1991,30139.0,FAILURE,ALEXANDER HAMILTON,3033
3/8/1991,30960.0,FAILURE,FIRST FSB,3034
3/8/1991,31454.0,FAILURE,FIRST CITIZENS SLA,3035
3/8/1991,32340.0,FAILURE,PREFFERED SAVINGS AND LOAN,3036
3/1/1991,29643.0,FAILURE,PEOPLES FEDERAL S & L ASSOC.,3025
3/1/1991,32235.0,FAILURE,AMERIFIED SAVINGS BANK,3026
2/28/1991,17806.0,FAILURE,"UNITED CITIZENS BANK, NATIONAL ASSOC",3024
2/22/1991,27170.0,FAILURE,THE MCKINLEY BANK,3021
2/22/1991,29015.0,FAILURE,HOLLYWOOD FSB,3022
2/22/1991,31206.0,FAILURE,FIRST FS & LA,3023
2/21/1991,21985.0,FAILURE,SOUTHWEST NATIONAL BANK,3020
2/20/1991,29370.0,FAILURE,FIRST NORTHERN COOP,3019
2/14/1991,5594.0,FAILURE,THE FIRST NATIONAL BANK OF WORTH,3017
2/14/1991,16965.0,FAILURE,MERCHANTS TRUST & SAVINGS BANK,3018
2/8/1991,28150.0,FAILURE,FIRST JERSEY S & LA ASSOC.,3012
2/8/1991,29585.0,FAILURE,FIRST FSA OF WAYNESBORO,3013
2/8/1991,29946.0,FAILURE,PEOPLES FEDERAL SAVINGS BANK,3014
2/8/1991,31719.0,FAILURE,FAMILY S & LA,3015
2/8/1991,32114.0,FAILURE,UNITY FS & LA,3016
2/7/1991,17850.0,FAILURE,LOCKHART STATE BANK,3010
2/7/1991,22080.0,FAILURE,FIRST NATIONAL BANK IN KAUFMAN,3011
2/1/1991,11272.0,FAILURE,THE MERCHANTS BANK AND TRUST CO,3005
2/1/1991,17721.0,FAILURE,MAINE SAVINGS BANK,3006
2/1/1991,29422.0,FAILURE,FIRST FEDERAL SAVINGS OF TOLEDO,3007
2/1/1991,31654.0,FAILURE,COREAST FSB,3008
2/1/1991,31859.0,FAILURE,GEORGE WASHINGTON FSA,3009
1/31/1991,20579.0,FAILURE,BANK OF THE HILLS,3003
1/31/1991,25815.0,FAILURE,"ROCKPORT BANK, NATIONAL ASSOCIATION",3004
1/29/1991,16428.0,FAILURE,CITIZENS NATIONAL BANK AND TRUST,3002
1/25/1991,24568.0,FAILURE,ALVARADO BANK,2997
1/25/1991,30169.0,FAILURE,CENTER S & LA,2998
1/25/1991,31062.0,FAILURE,COLUMBIA SAVINGS & LOAN ASSN.,2999
1/25/1991,31703.0,FAILURE,TRUSTBANK FSB,3000
1/25/1991,32523.0,FAILURE,CORAL S & LA,3001
1/24/1991,23461.0,FAILURE,METROPOLITAN NATIONAL BANK,2996
1/22/1991,23221.0,FAILURE,"AMERICAN BANK, NATIONAL ASSOCIATION",2995
1/18/1991,30138.0,FAILURE,IRVING SAVINGS & LOAN,2993
1/18/1991,32332.0,FAILURE,BEACH FEDERAL SAVINGS ASSOC.,2994
1/11/1991,26302.0,FAILURE,COMMUNITY NATIONAL BANK,2989
1/11/1991,28292.0,FAILURE,FAR WEST SAVINGS & LOAN,2990
1/11/1991,31560.0,FAILURE,CONNECTICUT SAVINGS AND LOAN,2991
1/11/1991,32134.0,FAILURE,MALIBU SB,2992
1/6/1991,2545.0,FAILURE,THE CONNECTICUT BANK & TRUST CO,2986
1/6/1991,2560.0,FAILURE,"BANK OF NEW ENGLAND, NATIONAL ASSOC",2987
1/6/1991,4275.0,FAILURE,MAINE NATIONAL BANK,2988
1/4/1991,28634.0,FAILURE,ROYAL OAK FS & LA,2981
1/4/1991,28767.0,FAILURE,FULTON FEDERAL SAVINGS BANK,2982
1/4/1991,29161.0,FAILURE,FIRST FS & LA OF PITTSBURG,2983
1/4/1991,29638.0,FAILURE,FIRST FEDERAL SAVINGS & LOAN,2984
1/4/1991,30888.0,FAILURE,TRIDENT FEDERAL S & L ASSOC.,2985
12/28/1990,19572.0,FAILURE,CAPITOL BANK AND TRUST COMPANY,2978
12/28/1990,28287.0,FAILURE,SOUTHERN FS,2979
12/28/1990,29116.0,FAILURE,FIRST FS & LA OF ANDALUSIA,2980
12/27/1990,29415.0,FAILURE,"ENTERPRISE SAVINGS BANK, FA",2977
12/21/1990,32145.0,FAILURE,ARKANSAS FSB,2976
12/15/1990,28783.0,FAILURE,MID-AMERICA FS & LA,2975
12/14/1990,9019.0,FAILURE,THE STATE BANK OF OMAHA,2964
12/14/1990,23074.0,FAILURE,FAR WESTERN BANK,2965
12/14/1990,23104.0,FAILURE,PEOPLES STATE BANK,2966
12/14/1990,25125.0,FAILURE,FIRST COMMERCIAL BANK OF FLORIDA,2967
12/14/1990,28143.0,FAILURE,OLYMPIC FEDERAL SAVINGS,2968
12/14/1990,28473.0,FAILURE,EMPIRE SAVINGS BANK,2969
12/14/1990,28809.0,FAILURE,COMMUNITY FS & LA,2970
12/14/1990,29457.0,FAILURE,COMFED SAVINGS BANK,2971
12/14/1990,30645.0,FAILURE,OLD BOROUGH SAVINGS & LOAN,2972
12/14/1990,31126.0,FAILURE,FRONTIER SAVINGS ASSOCIATION,2973
12/14/1990,31137.0,FAILURE,HOME FEDERAL BANK FOR SAVINGS,2974
12/13/1990,9469.0,FAILURE,FIRST STATE BANK,2961
12/13/1990,11558.0,FAILURE,WASHINGTON COUNTY STATE BANK,2962
12/13/1990,26835.0,FAILURE,BANK OF COMMERCE,2963
12/12/1990,90201.0,FAILURE,NEW ENGLAND ALLBANK FOR SAVINGS,2960
12/7/1990,21631.0,FAILURE,HEIGHTS BANK,2954
12/7/1990,24105.0,FAILURE,FIRST NATIONAL BANK OF ROWLETT,2955
12/7/1990,27700.0,FAILURE,TEXARKANA FS & LA,2956
12/7/1990,29827.0,FAILURE,CENTRAL FEDERAL SAVINGS,2957
12/7/1990,29958.0,FAILURE,FIRST FEDERAL SAVINGS,2958
12/7/1990,31053.0,FAILURE,ANDREWS SAVINGS & LOAN ASSOC.,2959
12/6/1990,26383.0,FAILURE,DOUGLAS COUNTY NATIONAL BANK,2953
11/30/1990,22690.0,FAILURE,BOUNDARY WATERS STATE BANK,2945
11/30/1990,28821.0,FAILURE,FIRST FSA OF NACOGDOCHES,2946
11/30/1990,29003.0,FAILURE,EDISON FSA,2947
11/30/1990,29466.0,FAILURE,FIRST SA,2948
11/30/1990,30122.0,FAILURE,TUSKEGEE S & LA,2949
11/30/1990,31058.0,FAILURE,SAN JACINTO SAVINGS,2950
11/30/1990,31616.0,FAILURE,ATASCOSA SA,2951
11/30/1990,31827.0,FAILURE,FIRST SOUTHWEST FS & LA,2952
11/29/1990,1204.0,FAILURE,FARMERS STATE BANK OF MADISONVILLLE,2943
11/29/1990,18851.0,FAILURE,BANK OF ARLINGTON,2944
11/16/1990,29207.0,FAILURE,FIRST FEDERAL SAVINGS ASSOC.,2940
11/16/1990,32184.0,FAILURE,LIBERTY FEDERAL SAVINGS BANK,2941
11/16/1990,32344.0,FAILURE,SOUTHEASTERN SAVINGS BANK,2942
11/15/1990,21518.0,FAILURE,WESTERN BANK,2938
11/15/1990,30223.0,FAILURE,ACTION FEDERAL SAVINGS,2939
11/9/1990,19316.0,FAILURE,FREEDOM NATIONAL BANK OF NEW YORK,2934
11/9/1990,28608.0,FAILURE,FLORIDA FEDERAL SAVINGS BANK,2935
11/9/1990,32234.0,FAILURE,LOUISIANA FEDERAL SAVINGS BANK,2936
11/9/1990,32479.0,FAILURE,EXECUTIVE BANC SA,2937
11/2/1990,25763.0,FAILURE,LONE STAR NATIONAL BANK,2930
11/2/1990,28719.0,FAILURE,DESOTO FS & LA,2931
11/2/1990,30593.0,FAILURE,RIVERSIDE SAVINGS BANK,2932
11/2/1990,30984.0,FAILURE,BOONSLICK S & LA,2933
11/1/1990,25180.0,FAILURE,TRINITY NATIONAL BANK,2929
10/26/1990,13245.0,FAILURE,THE FARMERS AND MERCHANTS BANK OF SHEYENNE,2926
10/26/1990,32177.0,FAILURE,RANCHO BERNARDO FED. SAV. BANK,2927
10/26/1990,32403.0,FAILURE,CITY SAVINGS & LOAN,2928
10/25/1990,4976.0,FAILURE,FIRST NATIONAL BANK OF JACKSON,2925
10/23/1990,28464.0,FAILURE,SUPERIOR FSA,2924
10/19/1990,18236.0,FAILURE,THE BROOKLYN SAVINGS BANK,2919
10/19/1990,20863.0,FAILURE,METROPOLITAN NATIONAL BANK,2920
10/19/1990,22064.0,FAILURE,FIRST AMERICAN BANK FOR SAVINGS,2921
10/19/1990,31518.0,FAILURE,"HERITAGE SAVINGS BANK, FSB",2922
10/19/1990,32255.0,FAILURE,GOLD COAST SAVINGS BANK,2923
10/12/1990,32064.0,FAILURE,INTERNATIONAL FS & LA,2918
10/11/1990,26225.0,FAILURE,UNITED PEOPLES BANK,2917
10/5/1990,11789.0,FAILURE,THE PEOPLES BANK & TRUST COMPANY,2915
10/5/1990,21619.0,FAILURE,MOUNTAIN RIDGE STATE BANK,2916
10/4/1990,24301.0,FAILURE,"WOODWAY BANK AND TRUST, NA",2914
9/27/1990,26475.0,FAILURE,FORT WORTH STATE BANK,2912
9/27/1990,27042.0,FAILURE,GREAT WESTERN NATIONAL BANK,2913
9/21/1990,28366.0,FAILURE,SENTRY FEDERAL SAVINGS BANK,2907
9/21/1990,28586.0,FAILURE,MERCER SAVINGS BANK,2908
9/21/1990,29315.0,FAILURE,YORKVILLE FEDERAL SAVINGS,2909
9/21/1990,31080.0,FAILURE,HIDALGO SAVINGS & LOAN,2910
9/21/1990,32274.0,FAILURE,TEXAS COMMERCIAL SA,2911
9/20/1990,10714.0,FAILURE,FIRST STATE BANK OF RISING STAR,2904
9/20/1990,14609.0,FAILURE,FIRST COMANCHE BANK,2905
9/20/1990,26654.0,FAILURE,CITY NATIONAL BANK OF IRVING,2906
9/14/1990,22642.0,FAILURE,INGRAM STATE BANK,2901
9/14/1990,26373.0,FAILURE,CITIZENS NATIONAL BANK,2902
9/14/1990,32590.0,FAILURE,FIRST SB OF HEMPSTEAD,2903
9/13/1990,22505.0,FAILURE,FIRST NATIONAL BANK OF CROSBY,2897
9/13/1990,24295.0,FAILURE,WESTERN NATIONAL BANK,2898
9/13/1990,25872.0,FAILURE,CITIZENS BANK,2899
9/13/1990,26686.0,FAILURE,FIRST NATIONAL BANK OF KENNEDALE,2900
9/12/1990,4178.0,ASSISTANCE,THE PAWNEE NATIONAL BANK,2896
9/7/1990,27667.0,FAILURE,EL PASO FEDERAL SAVINGS,2894
9/7/1990,31887.0,FAILURE,FIRST CITY FSB,2895
9/6/1990,16219.0,FAILURE,NORTHSIDE BANK,2893
8/31/1990,29118.0,FAILURE,FIRST FSA,2889
8/31/1990,29493.0,FAILURE,ATLANTA FSA,2890
8/31/1990,32070.0,FAILURE,"FIRST AMERICAN SAVINGS BANK, FSB",2891
8/31/1990,32181.0,FAILURE,"ENSIGN BANK, FSB",2892
8/30/1990,3299.0,FAILURE,THE FIRST NATIONAL BANK OF LEVELLAND,2882
8/30/1990,10350.0,FAILURE,BAY CITY BANK & TRUST CO.,2883
8/30/1990,23402.0,FAILURE,"AMERICAN BANK OF COMMERCE, NA",2884
8/30/1990,24293.0,FAILURE,SECURITY NATIONAL BANK,2885
8/30/1990,25301.0,FAILURE,CITIZENS NATIONAL BANK,2886
8/30/1990,26776.0,FAILURE,CHISHOLM NATIONAL BANK,2887
8/30/1990,26953.0,FAILURE,FIRST BANK OF PLANO,2888
8/24/1990,29371.0,FAILURE,FIRST FS & LA,2879
8/24/1990,29603.0,FAILURE,BROKEN ARROW SAVINGS ASSOC.,2880
8/24/1990,32220.0,FAILURE,AMBASSADOR FS & LA,2881
8/22/1990,29499.0,FAILURE,SWEETWATER FS & LA,2878
8/17/1990,29297.0,FAILURE,FIRST FSA OF TUSCOLA,2876
8/17/1990,32371.0,FAILURE,FINANCIAL SAVINGS OF HARTFORD FSB,2877
8/16/1990,17240.0,FAILURE,CHERRY CREEK NATIONAL BANK,2873
8/16/1990,18290.0,FAILURE,CAPITOL BANK & TRUST,2874
8/16/1990,26609.0,FAILURE,CITY NATIONAL BANK,2875
8/10/1990,2092.0,FAILURE,THE NATIONAL BANK OF WASHINGTON,2869
8/10/1990,20816.0,FAILURE,FIRST PACIFIC BANK,2870
8/10/1990,29826.0,FAILURE,AMERICAN SA OF MT. CARMEL,2871
8/10/1990,30893.0,FAILURE,SUPERIOR FEDERAL SAVINGS BANK,2872
8/9/1990,18623.0,FAILURE,FIRST NATIONAL BANK OF CORPUS CHRISTI,2868
8/3/1990,30312.0,FAILURE,HOMETOWN FSA,2865
8/3/1990,31851.0,FAILURE,TENNESSEE FEDERAL SAVINGS BANK,2866
8/3/1990,31956.0,FAILURE,AMIGO FS & LA,2867
8/2/1990,16392.0,FAILURE,AMERICAN BANK & TRUST COMPANY,2863
8/2/1990,18250.0,FAILURE,"UNITED BANK OF WACO, NATIONAL ASSOC",2864
7/31/1990,31444.0,FAILURE,UNITED FSB,2862
7/27/1990,25229.0,FAILURE,U.S. SAVINGS BANK OF AMERICA,2857
7/27/1990,27788.0,FAILURE,GUARANTY SAVINGS BANK FSB,2858
7/27/1990,30843.0,FAILURE,PROFESSIONAL SAVINGS BANK,2859
7/27/1990,32239.0,FAILURE,CITIZENS & BUILDERS FS,2860
7/27/1990,32578.0,FAILURE,"STATESMAN BANK FOR SAVINGS, FSB",2861
7/26/1990,15740.0,FAILURE,BANK OF WILSON,2853
7/26/1990,18787.0,FAILURE,CONTINENTAL BANK,2854
7/26/1990,24410.0,FAILURE,BANK OF ODESSA,2855
7/26/1990,25605.0,FAILURE,FIRST NATIONAL BANK,2856
7/20/1990,29865.0,FAILURE,COMMONWEALTH SAVINGS ASSOC.,2849
7/20/1990,30140.0,FAILURE,MAINSTAY FEDERAL SAVINGS,2850
7/20/1990,31269.0,FAILURE,UNITED FS & LA,2851
7/20/1990,32208.0,FAILURE,"CHARTER BANK, A FSB",2852
7/13/1990,22583.0,FAILURE,THE PERMANENT SAVINGS BANK,2844
7/13/1990,28023.0,FAILURE,CAPITOL-UNION FSA,2845
7/13/1990,28787.0,FAILURE,NORTH TEXAS FSA,2846
7/13/1990,29023.0,FAILURE,SUMMIT FIRST S & LA,2847
7/13/1990,29240.0,FAILURE,PROGRESSIVE SB,2848
7/12/1990,15274.0,FAILURE,IREDELL STATE BANK,2842
7/12/1990,26387.0,FAILURE,AMERICAN NATIONAL BANK OF GREENVILLE,2843
7/6/1990,22062.0,FAILURE,CAPITAL NATIONAL BANK,2839
7/6/1990,31957.0,FAILURE,HERITAGE FSA,2840
7/6/1990,90242.0,FAILURE,MILFORD SAVINGS BANK,2841
7/5/1990,32037.0,FAILURE,"HOME SB, FSB",2838
6/29/1990,22320.0,FAILURE,ELIOT SAVINGS BANK,2831
6/29/1990,22409.0,FAILURE,THE MONTGOMERY NATIONAL BANK,2832
6/29/1990,27632.0,FAILURE,TRAVIS SAVINGS & LOAN ASSOC.,2833
6/29/1990,28044.0,FAILURE,PIONEER FS & LA,2834
6/29/1990,31640.0,FAILURE,FIRST JACKSON FSB,2835
6/29/1990,32168.0,FAILURE,WINDSOR SAVINGS ASSOC.,2836
6/29/1990,32214.0,FAILURE,CHARTER SAVINGS & LOAN,2837
6/28/1990,5566.0,FAILURE,THE VALLEY VIEW NATIONAL BANK,2826
6/28/1990,23336.0,FAILURE,SOUTHWEST NATIONAL BANK,2827
6/28/1990,23887.0,FAILURE,BROOKWOOD NATIONAL BANK,2828
6/28/1990,25874.0,FAILURE,"BACLIFF BANK, NATIONAL ASSOCIATION",2829
6/28/1990,26180.0,FAILURE,AMERICAN NATIONAL BANK,2830
6/22/1990,30353.0,FAILURE,"GERMANIA BANK, FSB",2824
6/22/1990,31817.0,FAILURE,SOUTHERN FEDERAL BANK FOR SAVINGS,2825
6/21/1990,24864.0,FAILURE,BANK OF EAST TEXAS,2820
6/21/1990,24982.0,FAILURE,PEOPLES NATIONAL BANK,2821
6/21/1990,25089.0,FAILURE,CENTRE NATIONAL BANK-FARMERS BRANCH,2822
6/21/1990,26711.0,FAILURE,LAKELAND STATE BANK,2823
6/18/1990,22852.0,FAILURE,FARMERS AND MERCHANTS BANK,2819
6/15/1990,24683.0,FAILURE,BANK M,2814
6/15/1990,27617.0,FAILURE,UNITED S & L OF TRENTON,2815
6/15/1990,27890.0,FAILURE,MOULTRIE SAVINGS BANK FSB,2816
6/15/1990,31843.0,FAILURE,FIRST FEDERAL SAVINGS & LOAN,2817
6/15/1990,31924.0,FAILURE,CHARTER SAVINGS BANK,2818
6/14/1990,3012.0,FAILURE,NATIONAL CITY BANK OF DENVER,2809
6/14/1990,21187.0,FAILURE,EXCHANGE NATIONAL BANK OF DEL CITY,2810
6/14/1990,21476.0,FAILURE,THE WIMBERLEY BANK,2811
6/14/1990,24349.0,FAILURE,"ALLIANCE BANK, NATIONAL ASSOCIATION",2812
6/14/1990,24652.0,FAILURE,WILLOW BEND NATIONAL BANK,2813
6/8/1990,23795.0,FAILURE,THE MERCHANTS BANK OF CALIFORNIA,2805
6/8/1990,28716.0,FAILURE,HOMETOWN SAVINGS BANK FSB,2806
6/8/1990,30390.0,FAILURE,HOME FEDERAL,2807
6/8/1990,30770.0,FAILURE,FIRST BANKERS TRUST,2808
6/7/1990,20240.0,FAILURE,RICHMARK BANK,2801
6/7/1990,24496.0,FAILURE,HULEN NATIONAL BANK,2802
6/7/1990,24724.0,FAILURE,TEXAS NATIONAL BANK,2803
6/7/1990,25300.0,FAILURE,CLIFTON NATIONAL BANK,2804
6/1/1990,2614.0,FAILURE,THE HOME NATIONAL BANK OF MILFORD,2786
6/1/1990,3410.0,FAILURE,"NBC BANK- SOUTH TEXAS, NATIONAL",2787
6/1/1990,5512.0,FAILURE,"NBC BANK-SAN ANTONIO, NATIONAL ASSOC",2788
6/1/1990,5524.0,FAILURE,"NBC BANK-SEGUIN, NATIONAL ASSOC",2789
6/1/1990,15488.0,FAILURE,"NBC BANK-RIO GRANDE VALLEY, NA",2790
6/1/1990,19185.0,FAILURE,"NBC BANK-BOERNE, NATIONAL ASSOC",2791
6/1/1990,19307.0,FAILURE,"NBC BANK-UVALDE, NATIONAL ASSOC",2792
6/1/1990,20276.0,FAILURE,"NBC BANK-HOUSTON, NATIONAL ASSOC",2793
6/1/1990,22404.0,FAILURE,"NBC BANK-AUSTIN, NATIONAL ASSOC",2794
6/1/1990,22685.0,FAILURE,"NBC BANK-KERRVILLE, NATIONAL ASSOC",2795
6/1/1990,28419.0,FAILURE,FIRST ANNAPOLIS SAVINGS,2796
6/1/1990,28848.0,FAILURE,MUTUAL S & LA,2797
6/1/1990,31671.0,FAILURE,TIME FS & LA,2798
6/1/1990,32315.0,FAILURE,INVESTORS OF FLORIDA,2799
6/1/1990,32323.0,FAILURE,GREAT LIFE FSA,2800
5/31/1990,1193.0,FAILURE,THE HUNTSVILLE NATIONAL BANK,2783
5/31/1990,23499.0,FAILURE,"THE WILSHIRE BANK, NATIONAL ASSOC",2784
5/31/1990,25909.0,FAILURE,ROCKY MOUNTAIN NATIONAL BANK,2785
5/25/1990,27980.0,FAILURE,FIRST AMERICAN FEDERAL SAVINGS,2777
5/25/1990,29324.0,FAILURE,FIRST FEDERAL SAVINGS & LOAN,2778
5/25/1990,31078.0,FAILURE,CAGAUS-CENTRAL FEDERAL SAVINGS,2779
5/25/1990,31726.0,FAILURE,REMINGTON FEDERAL SAVINGS ASSOC.,2780
5/25/1990,31938.0,FAILURE,"BANK USA, FEDERAL ASSOCIATION",2781
5/25/1990,32056.0,FAILURE,AMERICAN PIONEER SAVINGS BANK,2782
5/24/1990,11456.0,FAILURE,GENTRY COUNTY BANK,2773
5/24/1990,15366.0,FAILURE,FARMERS STATE BANK OF BROOKSHIRE,2774
5/24/1990,24896.0,FAILURE,"MEMORIAL BANK, NATIONAL ASSOCIATION",2775
5/24/1990,25100.0,FAILURE,MIDWAY NATIONAL BANK,2776
5/18/1990,26862.0,FAILURE,"MERCHANTSBANK OF BOSTON, A CO-OP",2767
5/18/1990,28811.0,FAILURE,JONESBORO FEDERAL SA,2768
5/18/1990,28944.0,FAILURE,FIRST FEDERAL SAVINGS OF CONROE,2769
5/18/1990,29130.0,FAILURE,JENNINGS FSA,2770
5/18/1990,30432.0,FAILURE,FIRST FSA,2771
5/18/1990,30592.0,FAILURE,SOUTHWEST SAVINGS ASSOCIATION,2772
5/17/1990,3216.0,FAILURE,THE FIRST NATIONAL BANK OF GEORGETOWN,2765
5/17/1990,5547.0,FAILURE,FIRST-TAYLOR NATIONAL BANK,2766
5/15/1990,30147.0,FAILURE,UNITED SAVINGS FSB,2764
5/11/1990,29182.0,FAILURE,"UNITED SAVINGS BANK, FSB",2760
5/11/1990,31134.0,FAILURE,THE FEDERAL SAVINGS BANC FA,2761
5/11/1990,31508.0,FAILURE,FIRST FSA OF BREAUX BRIDGE,2762
5/11/1990,32576.0,FAILURE,GREAT WEST FEDERAL SAVINGS BANK,2763
5/10/1990,16108.0,FAILURE,FIRST NATIONAL BANK OF GRAND SALINE,2756
5/10/1990,19026.0,FAILURE,COMMONWEALTH NATIONAL BANK,2757
5/10/1990,23527.0,FAILURE,DOMINION NATIONAL BANK OF DENVER,2758
5/10/1990,23699.0,FAILURE,FIRST NATIONAL BANK OF DESOTO,2759
5/9/1990,25052.0,FAILURE,CHANCERY NATIONAL BANK,2755
5/8/1990,32411.0,FAILURE,"MISSISSIPPI SAVINGS BANK, FSB",2754
5/4/1990,25138.0,FAILURE,TUCKER STATE BANK,2748
5/4/1990,28257.0,FAILURE,FIRST FED. SAVINGS BANK & TRUST,2749
5/4/1990,28526.0,FAILURE,CAPITOL FEDERAL SAVINGS & LOAN,2750
5/4/1990,30130.0,FAILURE,MUTUAL AIDE S & LA,2751
5/4/1990,31433.0,FAILURE,SECURITY FEDERAL SAVINGS BANK,2752
5/4/1990,31982.0,FAILURE,PENINSULA S & LA,2753
5/3/1990,21812.0,FAILURE,RICHARDSON NATIONAL BANK,2746
5/3/1990,22262.0,FAILURE,"FIRST NATIONAL BANK, NORTHEAST",2747
4/27/1990,28666.0,FAILURE,SANTA BARBARA S & L ASSOC.,2744
4/27/1990,29581.0,FAILURE,HOME OWNERS SAVINGS BANK,2745
4/26/1990,18721.0,FAILURE,TRINITY NATIONAL BANK OF DALLAS,2740
4/26/1990,23002.0,FAILURE,CENTRAL ARIZONA BANK,2741
4/26/1990,24666.0,FAILURE,"SIGNATURE BANK, NATIONAL ASSOCIATION",2742
4/26/1990,25666.0,FAILURE,GUARDIAN BANK,2743
4/20/1990,25831.0,FAILURE,BERGEN PARK NATIONAL BANK,2733
4/20/1990,28307.0,FAILURE,FIRST SAVINGS & LOAN,2734
4/20/1990,30301.0,FAILURE,HERITAGE FSA,2735
4/20/1990,30305.0,FAILURE,TEXAS FSA,2736
4/20/1990,31897.0,FAILURE,SOUTHEASTERN FEDERAL SAVINGS BANK,2737
4/20/1990,32187.0,FAILURE,FIRST NETWORK SAVINGS BANK,2738
4/20/1990,32253.0,FAILURE,ENTERPRISE FED. FSA,2739
4/19/1990,15051.0,FAILURE,CORINTH DEPOSIT NATIONAL BANK,2727
4/19/1990,17952.0,FAILURE,CHAS. SCHREINER BANK,2728
4/19/1990,18110.0,FAILURE,COVE STATE BANK,2729
4/19/1990,22147.0,FAILURE,FIRST STATE BANK OF CRANDALL,2730
4/19/1990,24915.0,FAILURE,SECURITY NATIONAL BANK OF ELGIN,2731
4/19/1990,24941.0,FAILURE,ACADIANA NATIONAL BANK,2732
4/18/1990,16070.0,FAILURE,"THE SEAMEN'S BANK OF SAVINGS, FS",2726
4/12/1990,15869.0,FAILURE,THE BAZINE STATE BANK,2723
4/12/1990,31233.0,FAILURE,FIRST FEDERAL SAVINGS & LOAN,2724
4/12/1990,31271.0,FAILURE,CONSTITUTION FED. SAVINGS ASSOC.,2725
4/5/1990,18793.0,FAILURE,FIRST BANK & TRUST COMPANY,2720
4/5/1990,25780.0,FAILURE,CHAMPIONS POINT NATIONAL BANK,2721
4/5/1990,27839.0,FAILURE,"COLONY SAVINGS BANK, FSB",2722
3/30/1990,18840.0,FAILURE,EVERMAN NATIONAL BANK OF FORT WORTH,2718
3/30/1990,26469.0,FAILURE,IMPERIAL BANK,2719
3/29/1990,3071.0,FAILURE,ALVORD NATIONAL BANK,2715
3/29/1990,24014.0,FAILURE,FIRST NATIONAL BANK OF GARLAND,2716
3/29/1990,26648.0,FAILURE,"CROWN BANK, NATIONAL ASSOCIATION",2717
3/22/1990,5507.0,FAILURE,THE CENTRAL NATIONAL BANK OF SAN ANGELO,2710
3/22/1990,17665.0,FAILURE,MIAMI NATIONAL BANK,2711
3/22/1990,19602.0,FAILURE,COMMUNITY BANK,2712
3/22/1990,22829.0,FAILURE,AMERICAN BANK OF ARLINGTON,2713
3/22/1990,26353.0,FAILURE,"THE WALLER BANK, NATIONAL ASSOCIATION",2714
3/16/1990,29122.0,FAILURE,NASAU FEDERAL SAVINGS & LOAN,2701
3/16/1990,29137.0,FAILURE,LAKELAND SAVINGS BANK FSB,2702
3/16/1990,29403.0,FAILURE,FIRST FS & LA OF WICHITA FALLS,2703
3/16/1990,30194.0,FAILURE,WHITESTONE SAVINGS,2704
3/16/1990,31455.0,FAILURE,"UNITED FEDERAL SAVINGS, FA",2705
3/16/1990,31547.0,FAILURE,SUN FEDERAL SAVINGS ASSOC.,2706
3/16/1990,31828.0,FAILURE,GREAT AMERICAN FS & LA,2707
3/16/1990,32097.0,FAILURE,PACIFIC COAST S & LA,2708
3/16/1990,32330.0,FAILURE,FIRST AMERICA FSB,2709
3/15/1990,9880.0,FAILURE,BANK OF MEEKER,2698
3/15/1990,23065.0,FAILURE,LIBERTY CITY STATE BANK,2699
3/15/1990,25649.0,FAILURE,INDEPENDENT NATIONAL BANK,2700
3/9/1990,21630.0,FAILURE,FIRST BANK NATIONAL ASSOCIATION,2691
3/9/1990,28697.0,FAILURE,HIAWATHA SAVINGS & LOAN,2692
3/9/1990,30267.0,FAILURE,PEOPLES FS & LA,2693
3/9/1990,30398.0,FAILURE,YORKWOOD S & LA,2694
3/9/1990,30795.0,FAILURE,NASSAU S & LA,2695
3/9/1990,31873.0,FAILURE,INVESTORS SAVINGS BANK,2696
3/9/1990,31965.0,FAILURE,WESTPORT FEDERAL SAVINGS BANK,2697
3/8/1990,16457.0,FAILURE,UNIVERSITY NATIONAL BANK OF COLLEGE STATIO,2688
3/8/1990,18647.0,FAILURE,FARMERS STATE BANK,2689
3/8/1990,22405.0,FAILURE,CITIZENS NATIONAL BANK,2690
3/2/1990,30697.0,FAILURE,PIMA S & LA,2683
3/2/1990,30752.0,FAILURE,SECURITY FS & LA,2684
3/2/1990,31174.0,FAILURE,NEW ATHENS FS & LA,2685
3/2/1990,31744.0,FAILURE,NORTH CAROLINA FS & LA,2686
3/2/1990,32588.0,FAILURE,HAVEN FS & LA,2687
3/1/1990,5516.0,FAILURE,FIRST NATIONAL BANK OF SANGER,2680
3/1/1990,24075.0,FAILURE,COMMUNITY STATE BANK OF ONALASKA,2681
3/1/1990,26608.0,FAILURE,SEARCH NATIONAL BANK,2682
2/23/1990,20150.0,FAILURE,THE BANK OF RUIDOSO,2666
2/23/1990,24752.0,FAILURE,THE RED RIVER BANK,2667
2/23/1990,27739.0,FAILURE,FIRST ATLANTIC S & LA,2668
2/23/1990,28176.0,FAILURE,FIRST FEDERAL SAV. ASSOC./BLUEFIELD,2669
2/23/1990,28311.0,FAILURE,PROVIDENT SA,2670
2/23/1990,28488.0,FAILURE,FRONTIER FS & LA,2671
2/23/1990,28517.0,FAILURE,IMPERIAL FEDERAL SAVINGS ASSOC.,2672
2/23/1990,29451.0,FAILURE,VANGUARD SB,2673
2/23/1990,30510.0,FAILURE,FIRST STANDARD FED. SAVINGS ASSOC.,2674
2/23/1990,30854.0,FAILURE,GREENWOOD FS & LA,2675
2/23/1990,31073.0,FAILURE,COMMUNITY FEDERAL SAVINGS BANK,2676
2/23/1990,31273.0,FAILURE,MERCURY SAVINGS,2677
2/23/1990,31660.0,FAILURE,TEXASBANC SAVINGS,2678
2/23/1990,31801.0,FAILURE,NOWLIN SA,2679
2/22/1990,8949.0,FAILURE,THE FIRST STATE BANK OF REGENT,2665
2/21/1990,28220.0,FAILURE,THE BEN FRANKLIN FS & LA,2664
2/16/1990,27850.0,FAILURE,FREEDOM SA,2656
2/16/1990,28247.0,FAILURE,STATE FS & LA,2657
2/16/1990,28829.0,FAILURE,FIDELITY SAVINGS BANK,2658
2/16/1990,28911.0,FAILURE,GREAT AMERICAN FS & LA,2659
2/16/1990,29318.0,FAILURE,HERITAGE FSB,2660
2/16/1990,30311.0,FAILURE,FRANKLIN FSA,2661
2/16/1990,31320.0,FAILURE,"EQUITABLE S & LA, FA",2662
2/16/1990,32101.0,FAILURE,WESTERN EMPIRE FS & LA,2663
2/15/1990,21436.0,FAILURE,HUFFMAN BANK,2653
2/15/1990,23452.0,FAILURE,NORTHWAY NATIONAL BANK,2654
2/15/1990,26667.0,FAILURE,GATEWAY NATIONAL BANK,2655
2/9/1990,28205.0,FAILURE,FAIRMONT FEDERAL SAVINGS ASSOC.,2647
2/9/1990,29127.0,FAILURE,"ABQ BANK, A FSB",2648
2/9/1990,29728.0,FAILURE,AMERICAN FEDERAL SAVINGS ASSOC.,2649
2/9/1990,29840.0,FAILURE,VERMONT SA,2650
2/9/1990,32094.0,FAILURE,HUNTINGTON FS & LA,2651
2/9/1990,32515.0,FAILURE,LIBERTY SAVINGS BANK FSB,2652
2/8/1990,4237.0,FAILURE,THE FIRST NATIONAL BANK OF COLBERT,2646
2/2/1990,16816.0,FAILURE,CITIZENS NATIONAL BANK OF WALNUT RIDGE,2639
2/2/1990,26429.0,FAILURE,COMMERCE BANK OF TAMPA,2640
2/2/1990,27915.0,FAILURE,HENDERSON HOME S & LA,2641
2/2/1990,29000.0,FAILURE,"CENTRUST BANK, SB",2642
2/2/1990,29470.0,FAILURE,CLYDE FS & LA,2643
2/2/1990,30803.0,FAILURE,"PIONEER SAVINGS BANK, FSB",2644
2/2/1990,32261.0,FAILURE,SENTINEL FS & LA,2645
2/1/1990,24393.0,FAILURE,TYLER NATIONAL BANK,2638
1/31/1990,31400.0,FAILURE,MERABANK FSB,2637
1/26/1990,3164.0,FAILURE,"BANCTEXAS DALLAS, N.A.",2627
1/26/1990,16036.0,FAILURE,"MONROE SAVINGS BANK, FSB",2628
1/26/1990,19273.0,FAILURE,CREDITBANK,2629
1/26/1990,24937.0,FAILURE,"FIDELITY BANK, NATIONAL ASSOCIATION",2630
1/26/1990,28929.0,FAILURE,FIRST SAVINGS ASSOC.,2631
1/26/1990,30309.0,FAILURE,COLONIAL S & LA,2632
1/26/1990,31710.0,FAILURE,WILLIAMSBURG FS & LA,2633
1/26/1990,31991.0,FAILURE,GRAND PRAIRIE FS & LA,2634
1/26/1990,32003.0,FAILURE,UVALDE FS & LA,2635
1/26/1990,32089.0,FAILURE,PALO DURO FS & LA,2636
1/25/1990,1215.0,FAILURE,"FARMERS STATE BANK OF SHIRO, TEXAS",2626
1/24/1990,30321.0,FAILURE,EMPIRE OF AMERICA FSB,2625
1/18/1990,27765.0,FAILURE,FRONTIER FEDERAL SAVINGS BANK,2616
1/18/1990,28830.0,FAILURE,GEM CITY FS & LA,2617
1/18/1990,29465.0,FAILURE,MARSHALL FS & LA,2618
1/18/1990,30677.0,FAILURE,DUVAL FEDERAL SAVINGS ASSN.,2619
1/18/1990,30855.0,FAILURE,FIRST FED. SAVINGS ASSOC. OF YORK,2620
1/18/1990,31052.0,FAILURE,STANDARD FSA,2621
1/18/1990,31213.0,FAILURE,COLONIAL FEDERAL SAVINGS ASSOC.,2622
1/18/1990,31310.0,FAILURE,BROOKHAVEN FS & LA,2623
1/18/1990,31463.0,FAILURE,KARNES COUNTY FS & LA,2624
1/11/1990,26252.0,FAILURE,PLAZA DEL ORO NATIONAL BANK,2604
1/11/1990,28154.0,FAILURE,ST. CHARLES FSA,2605
1/11/1990,28340.0,FAILURE,AMERICAN FSB,2606
1/11/1990,28863.0,FAILURE,FAMILY FEDERAL SAVINGS,2607
1/11/1990,28884.0,FAILURE,ATLANTIC FINANCIAL SAVINGS,2608
1/11/1990,28928.0,FAILURE,ST. LOUIS COUNTY SAVINGS ASSOC.,2609
1/11/1990,28940.0,FAILURE,"HORIZON SAVINGS BANK, FSB",2610
1/11/1990,29803.0,FAILURE,CERTIFIED FSA,2611
1/11/1990,31944.0,FAILURE,INVESTMENT FS & LA,2612
1/11/1990,32122.0,FAILURE,DEPOSIT TRUST FEDERAL SAVINGS,2613
1/11/1990,32191.0,FAILURE,WILSHIRE FS & LA,2614
1/11/1990,32342.0,FAILURE,FINANCIAL FS & LA,2615
1/4/1990,5517.0,FAILURE,THE FIRST NATIONAL BANK OF SAN MARCOS,2599
1/4/1990,27920.0,FAILURE,MIDWEST FEDERAL SAVINGS BANK,2600
1/4/1990,30034.0,FAILURE,FIRST CENTRAL FEDERAL SAVINGS BANK,2601
1/4/1990,30995.0,FAILURE,BANNERBANC FS & LA,2602
1/4/1990,31904.0,FAILURE,FIRST GUARANTY BANK FOR SAVINGS,2603
12/21/1989,31911.0,FAILURE,SILVER SAVINGS ASSOC.,2597
12/21/1989,32390.0,FAILURE,COLUMBIA FSA,2598
12/20/1989,23419.0,FAILURE,UNITED COMMUNITY BANK,2595
12/20/1989,26814.0,FAILURE,FIRST CITY NATIONAL BANK AND TRUST,2596
12/15/1989,18002.0,FAILURE,FIRST AMERICAN BANK AND TRUST,2594
12/14/1989,17861.0,FAILURE,NORTH SIDE STATE BANK,2588
12/14/1989,19492.0,FAILURE,FIRST ACADIANA BANK,2589
12/14/1989,20918.0,FAILURE,CANYON LAKE BANK,2590
12/14/1989,29444.0,FAILURE,LOUISIANA SAVINGS ASSN.,2591
12/14/1989,30675.0,FAILURE,YORKRIDGE-CALVERT FEDERAL SAVINGS,2592
12/14/1989,31830.0,FAILURE,RED RIVER S & L ASSOC.,2593
12/13/1989,4192.0,FAILURE,CITY NATIONAL BANK OF SAYRE,2586
12/13/1989,24901.0,FAILURE,MIDLOTHIAN NATIONAL BANK,2587
12/8/1989,21514.0,FAILURE,"FIRST BANK, PINEVILLE, LOUISIANA",2582
12/8/1989,24623.0,FAILURE,ORANGE STATE BANK,2583
12/8/1989,28223.0,FAILURE,ATLANTIC PERMANENT FEDERAL,2584
12/8/1989,28406.0,FAILURE,"CITY SAVINGS, FSB",2585
12/7/1989,20485.0,FAILURE,ATLANTIC NATIONAL BANK,2574
12/7/1989,22593.0,FAILURE,ALEDO STATE BANK,2575
12/7/1989,25166.0,FAILURE,FIRST NATIONAL BANK OF FRISCO,2576
12/7/1989,25674.0,FAILURE,"WESTHEIMER MEMORIAL BANK, NA",2577
12/7/1989,26464.0,FAILURE,FIRST COMMERCE NATIONAL BANK,2578
12/7/1989,29516.0,FAILURE,THE GARNETT S & L ASSOC.,2579
12/7/1989,30624.0,FAILURE,ARLINGTON HEIGHTS SAVINGS ASSOC.,2580
12/7/1989,31714.0,FAILURE,COMMUNITY FEDERAL SAVINGS ASSOC.,2581
12/1/1989,354.0,FAILURE,FIRST SECURITY BANK OF GLENDIVE,2572
12/1/1989,19664.0,FAILURE,CENTRAL DAKOTA BANK,2573
11/30/1989,25676.0,FAILURE,"GREATER TEXAS BANK NORTH, NA",2563
11/30/1989,26433.0,FAILURE,"GREATER TEXAS BANK SOUTHWEST, NA",2564
11/30/1989,29060.0,FAILURE,"SECURITY FEDERAL SAVINGS, FSB",2565
11/30/1989,29436.0,FAILURE,SALAMANCA FED. SAVINGS ASSOC.,2566
11/30/1989,31599.0,FAILURE,FIRST FEDERAL SAVINGS BANK,2567
11/30/1989,31601.0,FAILURE,SOUTHWESTERN FEDERAL SAVINGS,2568
11/30/1989,31974.0,FAILURE,FORTUNE FINANCIAL FED. S & L ASSOC,2569
11/30/1989,32133.0,FAILURE,BROOKSIDE FEDERAL S & L,2570
11/30/1989,32283.0,FAILURE,AUSTIN FS & LA,2571
11/17/1989,23763.0,FAILURE,SECURITY NATIONAL BANK OF SHREVEPORT,2562
11/16/1989,21026.0,FAILURE,LOVE FIELD NATIONAL BANK,2555
11/16/1989,25171.0,FAILURE,EXECUTIVE NATIONAL BANK,2556
11/16/1989,27616.0,FAILURE,FIRST FEDERAL S & L /CENTRAL INDIANA,2557
11/16/1989,28649.0,FAILURE,SOONER FEDERAL SAVINGS ASSOC.,2558
11/16/1989,28987.0,FAILURE,TEXAS WESTERN FEDERAL SAVINGS,2559
11/16/1989,30982.0,FAILURE,SECURITY FED. SAVINGS ASSOCIATION,2560
11/16/1989,32030.0,FAILURE,GENERAL FEDERAL SAVINGS BANK,2561
11/9/1989,15080.0,FAILURE,THE LEE STATE BANK,2546
11/9/1989,19114.0,FAILURE,NATIONAL INDUSTRIAL BANK OF CONNECTICUT,2547
11/9/1989,22530.0,FAILURE,CITY NATIONAL BANK OF PLANO,2548
11/9/1989,23475.0,FAILURE,UNITED NATIONAL BANK OF PLANO,2549
11/9/1989,27821.0,FAILURE,FIDELITY FEDERAL SAVINGS ASSOC.,2550
11/9/1989,30190.0,FAILURE,COLONIAL FEDERAL SAVINGS ASSOC.,2551
11/9/1989,30909.0,FAILURE,CREST FEDERAL S & L,2552
11/9/1989,31655.0,FAILURE,ASPEN SAVINGS BANK FSB,2553
11/9/1989,32162.0,FAILURE,SARATOGA S & L ASSOCIATION,2554
11/2/1989,11786.0,FAILURE,BANK OF ST. CHARLES,2544
11/2/1989,32281.0,FAILURE,FIRST LOUISIANA FEDERAL SAVINGS,2545
10/26/1989,22897.0,FAILURE,FIRST SECURITY BANK AND TRUST CO,2541
10/26/1989,24704.0,FAILURE,WESTERN NATIONAL BANK OF LOUISIANA,2542
10/26/1989,28690.0,FAILURE,GREAT PLAINS SAVINGS,2543
10/20/1989,1187.0,FAILURE,FIRST CONSOLIDATED BANK - FERRIS,2536
10/20/1989,3123.0,FAILURE,FIRST CONSOLIDATED BANK - HILLSBORO,2537
10/20/1989,5498.0,FAILURE,FIRST CONSOLIDATED BANK - ROSEBUD,2538
10/20/1989,24302.0,FAILURE,FIRST CONSOLIDATED BANK - BUDA,2539
10/20/1989,25782.0,FAILURE,FIRST CONSOLIDATED BANK - PLEASANT RUN,2540
10/19/1989,20426.0,FAILURE,CENTURY BANK,2528
10/19/1989,25061.0,FAILURE,BEAUMONT BANK-NATIONAL ASSOCIATION,2529
10/19/1989,25698.0,FAILURE,"PARK AVENUE BANK, NATIONAL ASSOC",2530
10/19/1989,28174.0,FAILURE,PEOPLES HOMESTEAD SAVINGS BANK,2531
10/19/1989,29074.0,FAILURE,MID KANSAS S & LA ASSOC.,2532
10/19/1989,29183.0,FAILURE,VALLEY FEDERAL SAVINGS,2533
10/19/1989,31397.0,FAILURE,SURETY FEDERAL SAVINGS ASSOC.,2534
10/19/1989,31682.0,FAILURE,SEASONS FEDERAL SAVINGS BANK,2535
10/16/1989,29870.0,FAILURE,BANC IOWA FEDERAL SAVINGS BANK,2527
10/13/1989,29918.0,FAILURE,COLUMBIA FEDERAL HOMESTEAD,2526
10/12/1989,18876.0,FAILURE,CITIZENS BANK,2524
10/12/1989,25751.0,FAILURE,"NORTH BANK, NATIONAL ASSOCIATION",2525
10/6/1989,21263.0,FAILURE,FIRST BANK,2523
10/5/1989,5540.0,FAILURE,STRAWN SECURITY BANK,2517
10/5/1989,11787.0,FAILURE,THE OLLA STATE BANK,2518
10/5/1989,23999.0,FAILURE,COMMONWEALTH BANK,2519
10/5/1989,25190.0,FAILURE,FIRST NATIONAL BANK OF VAIL,2520
10/5/1989,28550.0,FAILURE,"FAMILY SAVINGS BANK, FSB",2521
10/5/1989,32152.0,FAILURE,AMERICAN HOME S & L,2522
9/28/1989,24889.0,FAILURE,NATIONAL BANK OF ARIZONA,2515
9/28/1989,32507.0,FAILURE,COLORADO SAVINGS BANK,2516
9/23/1989,16342.0,FAILURE,THE FARMERS STATE BANK,2514
9/21/1989,22726.0,FAILURE,ROSE CAPITAL BANK,2509
9/21/1989,28187.0,FAILURE,EAST TEXAS S & LA ASSOCIATION,2510
9/21/1989,28430.0,FAILURE,FIRST FED. S & LA OF BRENHAM,2511
9/21/1989,29660.0,FAILURE,FIRST GARLAND FED. S & L,2512
9/21/1989,31398.0,FAILURE,PLANO S & L ASSOC.,2513
9/14/1989,21186.0,FAILURE,KIRBY STATE BANK,2504
9/14/1989,25595.0,FAILURE,FIRST BANKERS TRUST OF BOSSIER CITY,2505
9/14/1989,25731.0,FAILURE,"MEDCENTRE BANK,N.A.",2506
9/14/1989,26462.0,FAILURE,PRAIRIE STATE BANK,2507
9/14/1989,28912.0,FAILURE,FIRST SAVINGS OF LAREDO,2508
9/7/1989,8805.0,FAILURE,THE LASALLE STATE BANK,2501
9/7/1989,25906.0,FAILURE,THOUSAND OAKS NATIONAL BANK,2502
9/7/1989,28107.0,FAILURE,CITIZENS S & LA OF SPRINGFIELD,2503
9/1/1989,23943.0,FAILURE,LIBERTY BANK,2500
8/31/1989,9657.0,FAILURE,THE BURR OAK STATE BANK,2499
8/24/1989,5560.0,FAILURE,TROUP BANK & TRUST COMPANY,2491
8/24/1989,10417.0,FAILURE,FARMERS STATE BANK OF YUMA,2492
8/24/1989,12300.0,FAILURE,FIRST STATE BANK,2493
8/24/1989,21256.0,FAILURE,SUMMIT BANK,2494
8/24/1989,22967.0,FAILURE,THE DAKOTA BANK,2495
8/24/1989,26319.0,FAILURE,"PARK CENTRAL BANK, NATIONAL ASSOC",2496
8/24/1989,28760.0,FAILURE,DENTON FEDERAL SAVINGS,2497
8/24/1989,30628.0,FAILURE,HERITAGE SAVINGS ASSOC.,2498
8/17/1989,11158.0,FAILURE,FIRST STATE BANK,2482
8/17/1989,20297.0,FAILURE,FIRST STATE BANK OF MCKINNEY,2483
8/17/1989,23536.0,FAILURE,CITIZENS NATIONAL BANK OF KILLEEN,2484
8/17/1989,29194.0,FAILURE,BLACK HAWK S & L ASSOC.,2485
8/17/1989,29850.0,FAILURE,SECURITY FED. S & L ASSOC.,2486
8/17/1989,30452.0,FAILURE,HEARNE BUILDING & LOAN ASSOC.,2487
8/17/1989,30486.0,FAILURE,TAYLORBANC FEDERAL S & L,2488
8/17/1989,31809.0,FAILURE,GUADALUPE S & L ASSOC.,2489
8/17/1989,32001.0,FAILURE,SOUTHSIDE FED. S & L ASSOC.,2490
8/10/1989,27651.0,FAILURE,METROPOLITAN FINANCIAL FS & LA,2479
8/10/1989,28899.0,FAILURE,PEOPLES HERITAGE FS & LA,2480
8/10/1989,29076.0,FAILURE,UNIFIRST BANK FOR SAVINGS,2481
8/7/1989,27748.0,FAILURE,CITIZENS HOMESTEAD FSA,2470
8/7/1989,27755.0,FAILURE,AMERICAN SAVINGS & LOAN,2471
8/7/1989,28237.0,FAILURE,SECURITY HOMESTEAD FEDERAL,2472
8/7/1989,29832.0,FAILURE,SOUTH S & L ASSOC.,2473
8/7/1989,29867.0,FAILURE,CENTRAL SAVINGS & LOAN,2474
8/7/1989,29868.0,FAILURE,HOME S & L ASSOC.,2475
8/7/1989,31396.0,FAILURE,TERREBONNE S & L ASSOC.,2476
8/7/1989,31686.0,FAILURE,DELTA SAVINGS & LOAN ASSOCIATION,2477
8/7/1989,32091.0,FAILURE,FIRST CITY FEDERAL S & L,2478
8/4/1989,25871.0,FAILURE,PARK FORTY-FIVE NATIONAL BANK,2469
8/3/1989,4233.0,FAILURE,FIRST BANK AND TRUST COMPANY,2466
8/3/1989,4623.0,FAILURE,BARNARD STATE BANK,2467
8/3/1989,22457.0,FAILURE,UNIVERSITY NATIONAL BANK,2468
8/1/1989,32116.0,FAILURE,CAPROCK FEDERAL SAVINGS & LOAN,2465
7/28/1989,26722.0,FAILURE,EMPIRE STATE BANK,2464
7/27/1989,11173.0,FAILURE,THE TEXAS BANK & TRUST COMPANY,2452
7/27/1989,23026.0,FAILURE,FORESTWOOD NATIONAL BANK OF DALLAS,2453
7/27/1989,26182.0,FAILURE,BRUSHY CREEK NATIONAL BANK,2454
7/27/1989,28955.0,FAILURE,HALLMARK S & L ASSOCIATION,2455
7/27/1989,30484.0,FAILURE,NEW GUARANTY FED. S & L ASSOC.,2456
7/27/1989,31630.0,FAILURE,CAPITOL CITY FEDERAL SAVINGS,2457
7/27/1989,31741.0,FAILURE,NEW BRAUNFELS S & LA ASSOC.,2458
7/27/1989,31821.0,FAILURE,LAFAYETTE S & L ASSOC.,2459
7/27/1989,31824.0,FAILURE,NORTH AMERICAN FSA,2460
7/27/1989,31915.0,FAILURE,CAPITOL FEDERAL S & L,2461
7/27/1989,32068.0,FAILURE,COMMERCIAL S & LA ASSOC.,2462
7/27/1989,32497.0,FAILURE,FSA OF THE SOUTHWEST,2463
7/26/1989,1723.0,FAILURE,HILDALGO COUNTY BANK,2451
7/21/1989,26270.0,FAILURE,FIDELITY BANK,2450
7/20/1989,3172.0,FAILURE,"TEXAS AMERICAN BANK/DENISON, NA",2417
7/20/1989,3202.0,FAILURE,"TEXAS AMERICAN BANK/FORT WORTH,",2418
7/20/1989,3205.0,FAILURE,TEXAS AMERICAN BANK/FREDERICKSBURG,2419
7/20/1989,3331.0,FAILURE,"TEXAS AMERICAN BANK/MCKINNEY, NA",2420
7/20/1989,13973.0,FAILURE,TEXAS AMERICAN BANK/BRECKENRIDGE,2421
7/20/1989,15332.0,FAILURE,"TEXAS AMERICAN BANK/AMARILLO, NA",2422
7/20/1989,16209.0,FAILURE,TEXAS AMERICAN BANK/LEVELLAND,2423
7/20/1989,16345.0,FAILURE,"TEXAS AMERICAN BANK/DALLAS, NA",2424
7/20/1989,17198.0,FAILURE,UTICA NATIONAL BANK & TRUST COMP,2425
7/20/1989,17421.0,FAILURE,"TEXAS AMERICAN BANK/MIDLAND, NA",2426
7/20/1989,18070.0,FAILURE,"TEXAS AMERICAN BANK/AUSTIN, NA",2427
7/20/1989,18307.0,FAILURE,"TEXAS AMERICAN BANK/GALLERIA, NA",2428
7/20/1989,18372.0,FAILURE,TEXAS AMERICAN BANK/WICHITA FALLS,2429
7/20/1989,18392.0,FAILURE,TEXAS AMERICAN BANK/DUNCANVILLE,2430
7/20/1989,20512.0,FAILURE,"TEXAS AMERICAN BANK/SOUTHWEST, NA",2431
7/20/1989,20722.0,FAILURE,"TEXAS AMERICAN BANK/TYLER, NA",2432
7/20/1989,20966.0,FAILURE,"TEXAS AMERICAN BANK/FORUM, NA",2433
7/20/1989,21838.0,FAILURE,"TEXAS AMERICAN BANK/TEMPLE, NA",2434
7/20/1989,22234.0,FAILURE,"TEXAS AMERICAN BANK/PRESTONWOOD,",2435
7/20/1989,22317.0,FAILURE,"TEXAS AMERICAN BANK/LBJ, NA",2436
7/20/1989,23093.0,FAILURE,TEXAS AMERICAN BANK/FARMERS BRANCH,2437
7/20/1989,23175.0,FAILURE,TEXAS AMERICAN BANK/RICHARDSON,2438
7/20/1989,23262.0,FAILURE,"TEXAS AMERICAN BANK/LONGVIEW, NA",2439
7/20/1989,23672.0,FAILURE,TEXAS AMERICAN BANK/GREATER SOUTH,2440
7/20/1989,24365.0,FAILURE,"TEXAS AMERICAN BANK/PLANO, NA",2441
7/20/1989,25854.0,FAILURE,FALLBROOK NATIONAL BANK,2442
7/20/1989,27978.0,FAILURE,HOME FEDERAL S & L ASSOC.,2443
7/20/1989,29428.0,FAILURE,PEOPLES S & L ASSOC.,2444
7/20/1989,31350.0,FAILURE,NEW MEXICO FSA,2445
7/20/1989,31984.0,FAILURE,PARISH FEDERAL S & L ASSOC.,2446
7/20/1989,32076.0,FAILURE,COMMONWEALTH FEDERAL S & L,2447
7/20/1989,32428.0,FAILURE,SIERRA S & L ASSOC.,2448
7/20/1989,32475.0,FAILURE,AMERICAN INTERSTATE SA,2449
7/14/1989,25813.0,FAILURE,"INDEPENDENT BANK, NATIONAL ASSOC",2416
7/13/1989,16839.0,FAILURE,THE STERLINGTON BANK,2409
7/13/1989,19431.0,FAILURE,NATIONAL BANK OF COMMERCE OF BROWNSVILLE,2410
7/13/1989,24741.0,FAILURE,BENNETT NATIONAL BANK,2411
7/13/1989,27874.0,FAILURE,FIRST SAVINGS & LOAN,2412
7/13/1989,28609.0,FAILURE,PIONEER SAVINGS FA,2413
7/13/1989,32154.0,FAILURE,CROSS ROADS S & LA,2414
7/13/1989,32398.0,FAILURE,CORNERSTONE FEDERAL SAVINGS,2415
7/5/1989,17405.0,FAILURE,102 VALLEY BANK,2408
6/30/1989,19069.0,FAILURE,FIRST NATIONAL BANK OF RICHARDSON,2406
6/30/1989,21155.0,FAILURE,"INDEPENDENT BANK-EAST, NATIONAL",2407
6/29/1989,11926.0,FAILURE,NEW ULM STATE BANK,2397
6/29/1989,26969.0,FAILURE,HOBBY COMMUNITY BANK,2398
6/29/1989,28119.0,FAILURE,FIRST FED. S & L ASSOC.,2399
6/29/1989,28378.0,FAILURE,PEOPLES S & L ASSOC.,2400
6/29/1989,28581.0,FAILURE,MISSOURI SAVINGS ASSOCIATION,2401
6/29/1989,29378.0,FAILURE,VICTORIA SA,2402
6/29/1989,31019.0,FAILURE,MID MISSOURI S & L ASSOC.,2403
6/29/1989,31326.0,FAILURE,"AMERIMAC SAVINGS BANK, FS",2404
6/29/1989,32142.0,FAILURE,THE GUARDIAN FED. S & L ASSOC.,2405
6/22/1989,24630.0,FAILURE,PRESTON NORTH NATIONAL BANK,2393
6/22/1989,27924.0,FAILURE,HABERSHAM FEDERAL SA,2394
6/22/1989,29507.0,FAILURE,GREAT SOUTHERN FEDERAL SAVINGS,2395
6/22/1989,30458.0,FAILURE,FIRST FED. S & L ASSOC.,2396
6/21/1989,20681.0,FAILURE,"GUARDIAN BANK, N.A.",2392
6/15/1989,21999.0,FAILURE,NORTHERN BANK & TRUST,2389
6/15/1989,23695.0,FAILURE,HELOTES STATE BANK,2390
6/15/1989,25308.0,FAILURE,"CAPITAL BANK-NORTHWEST, NATIONAL",2391
6/14/1989,28597.0,FAILURE,WESTERN SAVINGS & LOAN,2387
6/14/1989,31997.0,FAILURE,SUN STATE SAVINGS & LOAN,2388
6/9/1989,22612.0,FAILURE,TREASURE STATE BANK,2386
6/8/1989,23945.0,FAILURE,FULSHEAR STATE BANK,2381
6/8/1989,24542.0,FAILURE,LAKE COUNTRY NATIONAL BANK,2382
6/8/1989,26547.0,FAILURE,FIRST AMERICAN BANK,2383
6/8/1989,28625.0,FAILURE,CIVIC SAVINGS BANK,2384
6/8/1989,29830.0,FAILURE,"HORIZON FINANCIAL, FA",2385
5/31/1989,6012.0,FAILURE,THE FIRST STATE BANK,2380
5/25/1989,23108.0,FAILURE,LIBERTY NATIONAL BANK,2379
5/24/1989,23545.0,FAILURE,COMMERCE AND ENERGY BANK,2376
5/24/1989,24595.0,FAILURE,FIRST EASTERN BANK & TRUST COMPANY,2377
5/24/1989,24917.0,FAILURE,BANK OF AURORA,2378
5/19/1989,23753.0,FAILURE,GRAND CANYON STATE BANK,2375
5/18/1989,1220.0,FAILURE,SECURITY BANK & TRUST COMPANY,2371
5/18/1989,3223.0,FAILURE,THE FIRST NATIONAL BANK OF GORDON,2372
5/18/1989,4749.0,FAILURE,FIRST NATIONAL BANK AT OSWEGO,2373
5/18/1989,25218.0,FAILURE,"THE BANK OF EDMOND, NATIONAL ASSOC",2374
5/12/1989,26636.0,FAILURE,LEWIS COUNTY SAVINGS AND LOAN CO,2370
5/11/1989,11918.0,FAILURE,LEXINGTON STATE BANK,2369
5/4/1989,17436.0,FAILURE,KATY NATIONAL BANK,2366
5/4/1989,24318.0,FAILURE,FIRST NATIONAL BANK OF EAST BATON ROUGE,2367
5/4/1989,24657.0,FAILURE,GREATER TEXAS BANK LEANDER,2368
4/27/1989,23735.0,FAILURE,"BANK OF LAKEWOOD, NATIONAL ASSOC",2360
4/27/1989,25794.0,FAILURE,SEMINOLE NATIONAL BANK,2361
4/27/1989,28508.0,FAILURE,"WESTCO SAVINGS BANK, FSB",2362
4/27/1989,30262.0,FAILURE,SOUTHWEST FEDERAL SAVINGS ASSOC.,2363
4/27/1989,30374.0,FAILURE,METROPOLITAN FED. S & L ASSOC.,2364
4/27/1989,32231.0,FAILURE,SEABANK FED. SAVINGS BANK,2365
4/21/1989,18462.0,FAILURE,ALLIANCE BANK,2359
4/20/1989,17020.0,FAILURE,FIRST STATE BANK,2356
4/20/1989,20053.0,FAILURE,TRAVIS BANK AND TRUST,2357
4/20/1989,22099.0,FAILURE,CONTINENTAL NATIONAL BANK,2358
4/14/1989,29642.0,FAILURE,LINCOLN SAVINGS & LOAN,2355
4/13/1989,19752.0,FAILURE,"ALLIED OKLAHOMA BANK, NATIONAL ASSOC",2353
4/13/1989,32108.0,ASSISTANCE,TROPICAL FS&LA,2354
4/12/1989,22151.0,FAILURE,THE COMMONWEALTH BANK,2352
4/6/1989,3366.0,FAILURE,FIRST NATIONAL BANK OF NOCONA,2313
4/6/1989,23389.0,FAILURE,ST. TAMMANY NATIONAL BANK,2314
4/6/1989,27638.0,FAILURE,RESOURCE SA,2315
4/6/1989,27655.0,FAILURE,CENTENNIAL SAVINGS BANK,2316
4/6/1989,27663.0,FAILURE,LIBERTYVILLE FED. S & L ASSOC.,2317
4/6/1989,27775.0,FAILURE,FIRST FED. S & L OF SOUTHEAST MO.,2318
4/6/1989,27777.0,FAILURE,FIRST OF KANSAS SAVINGS,2319
4/6/1989,28228.0,FAILURE,FIRST FED. SAVINGS BANK,2320
4/6/1989,29017.0,FAILURE,CASS FS & LA OF ST. LOUIS,2321
4/6/1989,29073.0,FAILURE,AMERICAN FS & LA OF COLORADO,2322
4/6/1989,29408.0,FAILURE,FIRST FS & LA OF ESTHERVILLE,2323
4/6/1989,29458.0,FAILURE,FINANCIAL FEDERAL SA,2324
4/6/1989,30444.0,FAILURE,CENTRAL TEXAS S & LA,2325
4/6/1989,30518.0,FAILURE,SIOUX VALLEY S & LA,2326
4/6/1989,30705.0,FAILURE,EQUITY FEDERAL SAVINGS BANK,2327
4/6/1989,30990.0,FAILURE,EXCEL BANC SAVINGS ASSOC.,2328
4/6/1989,31252.0,FAILURE,STATE MUTUAL FED. S & L ASSOC.,2329
4/6/1989,31334.0,FAILURE,HERITAGE BANC SAVINGS,2330
4/6/1989,31542.0,FAILURE,REPUBLIC BANK FOR SAVINGS,2331
4/6/1989,31691.0,FAILURE,CITY FEDERAL S & L ASSOC.,2332
4/6/1989,31697.0,FAILURE,FOUNDERS FEDERAL S & L,2333
4/6/1989,31766.0,FAILURE,INDEPENDENCE S & L ASSOC.,2334
4/6/1989,31831.0,FAILURE,CENTRAL S & L ASSOC.,2335
4/6/1989,31855.0,FAILURE,DELTA FS & LA,2336
4/6/1989,32045.0,FAILURE,ARROWHEAD PACIFIC FEDERAL SAVINGS,2337
4/6/1989,32048.0,FAILURE,MERIDIAN SAVING ASSOCIATION,2338
4/6/1989,32059.0,FAILURE,GATEWAY FEDERAL SAVINGS BANK,2339
4/6/1989,32087.0,FAILURE,WASHINGTON S & L ASSOC.,2340
4/6/1989,32132.0,FAILURE,ROYAL OAK S & L ASSOC.,2341
4/6/1989,32146.0,FAILURE,CABRILLO FEDERAL SAVINGS BANK,2342
4/6/1989,32197.0,FAILURE,CITY S & L ASSOC.,2343
4/6/1989,32225.0,FAILURE,GOLDEN CIRCLE SA,2344
4/6/1989,32259.0,FAILURE,FIDELITY FSB,2345
4/6/1989,32268.0,FAILURE,AMERICAN FEDERAL SAVINGS BANK,2346
4/6/1989,32278.0,FAILURE,BEDFORD SAVINGS ASSOC.,2347
4/6/1989,32279.0,FAILURE,PARK CITIES SAVINGS ASSOCIATION,2348
4/6/1989,32506.0,FAILURE,UNIFIED SAVINGS FS & LA,2349
4/6/1989,32528.0,FAILURE,PERPETUAL SAVINGS ASSOCIATION,2350
4/6/1989,32560.0,FAILURE,FIRST CALIFORNIA SAVINGS,2351
4/5/1989,31256.0,FAILURE,MURRAY SAVINGS ASSOCIATION,2312
3/31/1989,21973.0,FAILURE,FIRST SERVICE BANK FOR SAVINGS,2307
3/31/1989,25099.0,FAILURE,"PREMIER BANK, A NATIONAL ASSOCIATION",2308
3/31/1989,26807.0,FAILURE,INTERSTATE BANK OF COMMERCE,2309
3/31/1989,31392.0,FAILURE,"GIBRALTAR SAVINGS BANK, FSB",2310
3/31/1989,31629.0,FAILURE,"GIBRALTAR SAVINGS, FA",2311
3/30/1989,22576.0,FAILURE,HARVARD BANK,2297
3/30/1989,28071.0,FAILURE,BALDWIN COUNTY FED. SAVINGS BANK,2298
3/30/1989,28493.0,FAILURE,BROADVIEW SAVINGS BANK,2299
3/30/1989,29160.0,ASSISTANCE,CARTERSVILLE FSB OF GEORGIA,2300
3/30/1989,29306.0,FAILURE,DURAND FS & LA,2301
3/30/1989,29694.0,FAILURE,MIDLAND BUCKEYE SAVINGS,2302
3/30/1989,30202.0,FAILURE,CITY FS & LA,2303
3/30/1989,30613.0,FAILURE,HERITAGE FS & LA,2304
3/30/1989,31884.0,FAILURE,COMMUNITY FED. S & L ASSOC.,2305
3/30/1989,32405.0,FAILURE,GREAT ATLANTIC SAVINGS BANK,2306
3/28/1989,1191.0,FAILURE,"MBANK GREENVILLE, NATIONAL ASSOC",2277
3/28/1989,3083.0,FAILURE,"MBANK AUSTIN, NATIONAL ASSOCIATION",2278
3/28/1989,3112.0,FAILURE,"MBANK BRENHAM, NATIONAL ASSOCIATION",2279
3/28/1989,3154.0,FAILURE,"MBANK CORSICANA, NATIONAL ASSOCIATION",2280
3/28/1989,3163.0,FAILURE,"MBANK DALLAS, NATIONAL ASSOCIATION",2281
3/28/1989,3201.0,FAILURE,"MBANK FORT WORTH, NATIONAL ASSOC",2282
3/28/1989,3309.0,FAILURE,"MBANK LONGVIEW, NATIONAL ASSOC",2283
3/28/1989,3323.0,FAILURE,"MBANK MARSHALL, NATIONAL ASSOC",2284
3/28/1989,3393.0,FAILURE,"MBANK JEFFERSON COUNTY, NA",2285
3/28/1989,5509.0,FAILURE,"MBANK ALAMO, NATIONAL ASSOCIATION",2286
3/28/1989,5528.0,FAILURE,"MBANK SHERMAN, NATIONAL ASSOC",2287
3/28/1989,5585.0,FAILURE,"MBANK WICHITA FALLS, NATIONAL ASSOC",2288
3/28/1989,15342.0,FAILURE,"MBANK ROUND ROCK, NATIONAL ASSOC",2289
3/28/1989,16254.0,FAILURE,"MBANK ODESSA, NATIONAL ASSOC",2290
3/28/1989,18144.0,FAILURE,"MBANK ORANGE, NATIONAL ASSOC",2291
3/28/1989,18571.0,FAILURE,"MBANK MIDCITIES, NATIONAL ASSOC",2292
3/28/1989,18790.0,FAILURE,"MBANK DENTON COUNTY, NATIONAL ASSOC",2293
3/28/1989,19019.0,FAILURE,"MBANK ABILENE, NATIONAL ASSOCIATION",2294
3/28/1989,19456.0,FAILURE,"MBANK HOUSTON, NATIONAL ASSOC",2295
3/28/1989,23160.0,FAILURE,"MBANK THE WOODLANDS, NATIONAL ASSOC",2296
3/23/1989,15903.0,FAILURE,FIRST STATE BANK,2274
3/23/1989,16131.0,FAILURE,INDUSTRIAL BANK,2275
3/23/1989,21538.0,FAILURE,FIRST BANK OF ROWLETT,2276
3/17/1989,26257.0,FAILURE,ENTERPRISE BANK OF FLORIDA,2273
3/16/1989,11893.0,FAILURE,THE FARMERS & MERCHANTS STATE BANK,2222
3/16/1989,15223.0,FAILURE,"THE FARMERS STATE BANK, BOGUE",2223
3/16/1989,15786.0,FAILURE,LIVINGSTON BANK,2224
3/16/1989,18183.0,FAILURE,MERCHANTS MARINE BANK,2225
3/16/1989,21850.0,FAILURE,ISLAND BANK,2226
3/16/1989,27631.0,FAILURE,FIRST FED. S & L ASSOC.,2227
3/16/1989,27681.0,FAILURE,AMERICAN SECURITY FS & LA,2228
3/16/1989,27698.0,FAILURE,FIDELITY S & LA,2229
3/16/1989,27717.0,FAILURE,MIDWEST HOME FSB,2230
3/16/1989,27762.0,FAILURE,MADISON COUNTY FED. S & L ASSOC.,2231
3/16/1989,27829.0,FAILURE,MIDWESTERN SA,2232
3/16/1989,28058.0,FAILURE,CONTINENTAL FS & LA,2233
3/16/1989,28707.0,FAILURE,HOME FS & LA OF CENTRALIA,2234
3/16/1989,29038.0,FAILURE,RUSK FED. S & L ASSOC.,2235
3/16/1989,29128.0,FAILURE,FIRST FED. S & LA OF SEMINOLE,2236
3/16/1989,29267.0,FAILURE,JASPER FS & LA,2237
3/16/1989,29413.0,FAILURE,CHILLICOTHE FED. S & L ASSOC.,2238
3/16/1989,30026.0,FAILURE,THE DUNCAN S & L ASSOC.,2239
3/16/1989,30561.0,FAILURE,FIRST FED. S & L OF THE FLORIDA KEYS,2240
3/16/1989,30780.0,FAILURE,MERITBANC SAVINGS ASSOCIATION,2241
3/16/1989,30907.0,FAILURE,FIRST FS & LA,2242
3/16/1989,30935.0,FAILURE,SKOKIE FS & LA,2243
3/16/1989,31066.0,FAILURE,HOME SAVINGS FSLA,2244
3/16/1989,31079.0,FAILURE,FIRST FED. S & L ASSOC.,2245
3/16/1989,31096.0,FAILURE,SABINE VALLEY S & L ASSOC.,2246
3/16/1989,31262.0,FAILURE,SOUTHEAST TEXAS FSA,2247
3/16/1989,31355.0,FAILURE,ILLINOIS SAVINGS BANK,2248
3/16/1989,31402.0,FAILURE,JEFFERSON S & L ASSOC.,2249
3/16/1989,31546.0,FAILURE,FIRST FED. S & L ASSOC.,2250
3/16/1989,31548.0,FAILURE,COMMUNITY FED. S & L ASSOC.,2251
3/16/1989,31706.0,FAILURE,MIAMI SAVINGS BANK,2252
3/16/1989,31779.0,FAILURE,SAVINGS OF TEXAS ASSOC.,2253
3/16/1989,31782.0,FAILURE,GOLDEN TRIANGLE S & LA,2254
3/16/1989,31791.0,FAILURE,GENERAL SAVINGS ASSOC.,2255
3/16/1989,31799.0,FAILURE,DEEP EAST TEXAS SA,2256
3/16/1989,31803.0,FAILURE,FIRST SAV. ASSOC. SOUTHEAST TEXAS,2257
3/16/1989,31825.0,FAILURE,PEOPLES FS & LA OF THIBODAUX,2258
3/16/1989,31907.0,FAILURE,TIMBERLAND FSA,2259
3/16/1989,32011.0,FAILURE,BRICKELLBANC SAVINGS ASSOC.,2260
3/16/1989,32035.0,FAILURE,LINCOLN S & LA,2261
3/16/1989,32041.0,FAILURE,RIVER CITY FEDERAL SAVINGS,2262
3/16/1989,32063.0,FAILURE,FAMILY FS & LA,2263
3/16/1989,32081.0,FAILURE,FIRST VENICE S & LA,2264
3/16/1989,32129.0,FAILURE,SPINDLETOP SA,2265
3/16/1989,32131.0,FAILURE,EVANGELINE FEDERAL SAVINGS & LOAN,2266
3/16/1989,32160.0,FAILURE,ROYAL PALM SAVINGS BANK,2267
3/16/1989,32513.0,FAILURE,FIRST SAVINGS OF AMERICA FS & LA,2268
3/16/1989,32540.0,FAILURE,LIBERTY FEDERAL SAVINGS,2269
3/16/1989,32544.0,FAILURE,SECURITY SAVINGS ASSOCIATION,2270
3/16/1989,32554.0,FAILURE,ACADIA SAVINGS & LOAN,2271
3/16/1989,32630.0,FAILURE,FINANCIAL SECURITY S & L ASSOC.,2272
3/15/1989,30622.0,FAILURE,FIRST SOUTH SA,2221
3/10/1989,23984.0,FAILURE,"BANKERS TRUST OF LOUISIANA, NA",2220
3/9/1989,13247.0,FAILURE,CITIZENS BANK AND TRUST,2172
3/9/1989,23590.0,FAILURE,LAKEWAY NATIONAL BANK,2173
3/9/1989,25662.0,FAILURE,BANK OF THE WEST,2174
3/9/1989,27627.0,FAILURE,BANKERS S & L ASSOC.,2175
3/9/1989,27702.0,FAILURE,FIRST FED. S & L ASSOC.,2176
3/9/1989,27812.0,FAILURE,PEOPLES SAVINGS ASSOC.,2177
3/9/1989,27885.0,FAILURE,CONCORD-LIBERTY FED. S & L ASSOC.,2178
3/9/1989,28131.0,FAILURE,OTERO S & L ASSOC.,2179
3/9/1989,28354.0,FAILURE,MESA FS & LA OF COLORADO,2180
3/9/1989,28414.0,FAILURE,VALLEY FEDERAL S & L ASSOC.,2181
3/9/1989,28775.0,FAILURE,MODERN FED. S & L ASSOC.,2182
3/9/1989,28819.0,FAILURE,FIRST FED. S & LA OF COLORADO SPR.,2183
3/9/1989,29168.0,FAILURE,ALPINE SAVINGS,2184
3/9/1989,29204.0,FAILURE,LIBERTY COUNTY FS & LA,2185
3/9/1989,29553.0,FAILURE,SUN S & LA,2186
3/9/1989,29718.0,FAILURE,CENTURY FEDERAL SAVINGS BANK,2187
3/9/1989,30204.0,FAILURE,HILL FINANCIAL SA,2188
3/9/1989,30325.0,FAILURE,LIBERTY BELL SAVINGS ASSOC.,2189
3/9/1989,30427.0,FAILURE,VALLEY FEDERAL SAVINGS,2190
3/9/1989,30761.0,FAILURE,BENJAMIN FRANKLIN SA,2191
3/9/1989,30902.0,FAILURE,FIRST FED. S & L ASSOC.,2192
3/9/1989,30925.0,FAILURE,BAYSHORE SA,2193
3/9/1989,30937.0,FAILURE,SPRING BRANCH S & LA,2194
3/9/1989,31128.0,FAILURE,BANCPLUS SAVINGS ASSOCIATION,2195
3/9/1989,31163.0,FAILURE,CITIZENS OF TEXAS S & L ASSOC.,2196
3/9/1989,31290.0,FAILURE,AMERICAN FS & LA,2197
3/9/1989,31342.0,FAILURE,FIRST SAVINGS BANK OF ALABAMA,2198
3/9/1989,31413.0,FAILURE,AMERIWAY SAVINGS,2199
3/9/1989,31417.0,FAILURE,AMERICAN S & LA OF BRAZORIA,2200
3/9/1989,31556.0,FAILURE,TRINITY VALLEY SAVINGS,2201
3/9/1989,31571.0,FAILURE,FIRST CAPITAL SAVINGS ASSOC./TEXAS,2202
3/9/1989,31582.0,FAILURE,UNIVERSAL SA,2203
3/9/1989,31707.0,FAILURE,CENTURY SAVINGS & LOAN,2204
3/9/1989,31730.0,FAILURE,HUMBLE S & L ASSOC.,2205
3/9/1989,31767.0,FAILURE,FIRST EQUITY SA,2206
3/9/1989,31806.0,FAILURE,WESTERN GULF SAVINGS,2207
3/9/1989,31829.0,FAILURE,UNITED GUARANTY FED. SAVINGS BANK,2208
3/9/1989,31866.0,FAILURE,LINCOLN FS & LA,2209
3/9/1989,31879.0,FAILURE,GERMANTOWN TRUST SAVINGS,2210
3/9/1989,31896.0,FAILURE,COMMONWEALTH SAVINGS ASSOC.,2211
3/9/1989,31909.0,FAILURE,SOUTHEASTERN SAVINGS ASSOC.,2212
3/9/1989,31935.0,FAILURE,COLORADO S & L ASSOC.,2213
3/9/1989,32014.0,FAILURE,VILLAGE SAVINGS FSB,2214
3/9/1989,32020.0,FAILURE,SUN COUNTRY SB OF NEW MEXICO,2215
3/9/1989,32046.0,FAILURE,ROCKY MOUNTAIN S & L ASSOC.,2216
3/9/1989,32117.0,FAILURE,CITY SAVINGS ASSOC.,2217
3/9/1989,32557.0,FAILURE,PHENIX FED. S & L ASSOC.,2218
3/9/1989,32616.0,FAILURE,"CONTINENTAL SAVINGS, A FS & LA",2219
3/2/1989,27726.0,FAILURE,THE BARBER COUNTY S & L ASSOC.,2136
3/2/1989,27864.0,FAILURE,PEOPLES S & L ASSOC.,2137
3/2/1989,28146.0,FAILURE,MID AMERICA FED. S & L ASSOC.,2138
3/2/1989,28159.0,FAILURE,VALLEY FS & LA OF HUTCHINSON,2139
3/2/1989,28410.0,FAILURE,SAN ANTONIO SAVINGS,2140
3/2/1989,28850.0,FAILURE,SHAWNEE FED. S & L ASSOC.,2141
3/2/1989,29217.0,FAILURE,LANDMARK SAVINGS BANK FSB,2142
3/2/1989,29264.0,FAILURE,FIRST FSB OF KANSAS,2143
3/2/1989,29305.0,FAILURE,FIRST FEDERAL SAVINGS/HUTCHINSON,2144
3/2/1989,29909.0,FAILURE,FIRST FS & LA OF COFFEYVILLE,2145
3/2/1989,30672.0,FAILURE,FIRST FED. S & L ASSOC.,2146
3/2/1989,30740.0,FAILURE,FIRST FED. S & L ASSOC.,2147
3/2/1989,30856.0,FAILURE,FIRST FEDERAL BANK OF ALASKA,2148
3/2/1989,30924.0,FAILURE,ALAMO SA OF TEXAS,2149
3/2/1989,31112.0,FAILURE,FIRST STATE SAVINGS BANK,2150
3/2/1989,31116.0,FAILURE,PERMIAN S & L ASSOC.,2151
3/2/1989,31132.0,FAILURE,COLONIAL SAVINGS ASSOCIATION,2152
3/2/1989,31394.0,FAILURE,SOUTHMOST S & L,2153
3/2/1989,31625.0,FAILURE,PADRE FEDERAL S & L,2154
3/2/1989,31653.0,FAILURE,COMMONWEALTH S & L ASSOC.,2155
3/2/1989,31656.0,FAILURE,MISSION SA OF TEXAS,2156
3/2/1989,31675.0,FAILURE,HOME SAVINGS BANK,2157
3/2/1989,31765.0,FAILURE,FIRST STATE SAVINGS,2158
3/2/1989,31874.0,FAILURE,SUBURBAN SAVINGS ASSOC.,2159
3/2/1989,31908.0,FAILURE,VISION BANC SAVINGS ASSOC.,2160
3/2/1989,31917.0,FAILURE,MADISON GUARANTY S & LA,2161
3/2/1989,31933.0,FAILURE,UNIPOINT FED. SAVINGS BANK,2162
3/2/1989,31937.0,FAILURE,HOME FED. S & L ASSOC.,2163
3/2/1989,31968.0,FAILURE,ELMWOOD FED. S & L ASSOC.,2164
3/2/1989,31970.0,FAILURE,LA HACIENDA SAVINGS ASSOC.,2165
3/2/1989,31993.0,FAILURE,ENTERPRISE FEDERAL SAVINGS,2166
3/2/1989,32019.0,FAILURE,FOUNTAINBLEAU FEDERAL,2167
3/2/1989,32450.0,FAILURE,GIBRALTAR S & L ASSOC.,2168
3/2/1989,32462.0,FAILURE,BEXAR SAVINGS ASSOCIATION,2169
3/2/1989,32553.0,FAILURE,FIRST SAVINGS OF LOUISIANA,2170
3/2/1989,32561.0,FAILURE,TOPEKA SAVINGS,2171
2/28/1989,31040.0,FAILURE,COMMERCE SA,2135
2/24/1989,31478.0,FAILURE,MID-STATE S&LA,2133
2/24/1989,31886.0,FAILURE,FIRST VALLEY S&LA,2134
2/17/1989,16751.0,FAILURE,THE FIRST STATE BANK,2107
2/17/1989,27845.0,FAILURE,ANCHOR SA,2108
2/17/1989,27974.0,FAILURE,BLUE VALLEY FS & LA,2109
2/17/1989,28582.0,FAILURE,AMERICAN S & LA,2110
2/17/1989,28698.0,FAILURE,"SUN SAVINGS ASSOCIATION, FA",2111
2/17/1989,28814.0,FAILURE,COMMUNITY SAVING & LOAN,2112
2/17/1989,29149.0,FAILURE,MIDWEST FED. S & L ASSOC.,2113
2/17/1989,29383.0,FAILURE,CONCORDIA FEDERAL BANK FOR SAVINGS,2114
2/17/1989,29400.0,FAILURE,PLATTE VALLEY FS & LA,2115
2/17/1989,29936.0,FAILURE,EQUITABLE FEDERAL SAVINGS BANK,2116
2/17/1989,29965.0,FAILURE,GUARANTY FED. S & L ASSOC.,2117
2/17/1989,30050.0,FAILURE,NORTH JERSEY FEDERAL SAV. ASSOC.,2118
2/17/1989,30186.0,FAILURE,OCCIDENTAL/NEBRASKA FSB,2119
2/17/1989,30522.0,FAILURE,NILE VALLEY FEDERAL S & L ASSOC.,2120
2/17/1989,30608.0,FAILURE,SOUTHWEST S & LA,2121
2/17/1989,31242.0,FAILURE,FIRST FS & LA,2122
2/17/1989,31399.0,FAILURE,SECURITY S & LA,2123
2/17/1989,31420.0,FAILURE,COLUMBIA FED. SAVINGS BANK,2124
2/17/1989,31532.0,FAILURE,ELYSIAN FEDERAL SAVINGS BANK,2125
2/17/1989,31614.0,FAILURE,INDEPENDENCE FS & LA,2126
2/17/1989,31927.0,FAILURE,WESTWOOD S & L ASSOC.,2127
2/17/1989,32471.0,FAILURE,HORIZON FED. S & L ASSOC.,2128
2/17/1989,32535.0,FAILURE,SOUTHERN FLORIDABANC FEDERAL,2129
2/17/1989,32552.0,FAILURE,"FRENCH MARKET HOMESTEAD, FSA",2130
2/17/1989,32585.0,FAILURE,UNIVERSAL SAVINGS & LOAN,2131
2/17/1989,32621.0,FAILURE,MOUNTAINWEST S & L ASSOC.,2132
2/16/1989,13830.0,FAILURE,THE HOME STATE BANK,2102
2/16/1989,17537.0,FAILURE,LOUISIANA BANK & TRUST COMPANY,2103
2/16/1989,22078.0,FAILURE,SECURITY BANK,2104
2/16/1989,25335.0,FAILURE,TEXAS NATIONAL BANK,2105
2/16/1989,25812.0,FAILURE,WESTPOINT NATIONAL BANK,2106
2/15/1989,24359.0,FAILURE,FIRST CONTINENTAL NATIONAL BANK,2101
2/14/1989,30685.0,FAILURE,UNIVERSITY FEDERAL SAVINGS,2100
2/13/1989,30540.0,FAILURE,MIDWEST FEDERAL SAVINGS,2099
2/10/1989,28553.0,FAILURE,DESERET S & L ASSOC.,2093
2/10/1989,28782.0,FAILURE,FIRST FEDERAL OF ARKANSAS,2094
2/10/1989,29423.0,FAILURE,SAVERS FS & LA,2095
2/10/1989,31095.0,FAILURE,BRIGHT BANC,2096
2/10/1989,31136.0,FAILURE,SANDIA FS & LA,2097
2/10/1989,32159.0,FAILURE,SIGNAL S&LA,2098
2/9/1989,1178.0,FAILURE,FIRST BANK & TRUST,2090
2/9/1989,17326.0,FAILURE,CITIZENS BANK,2091
2/9/1989,22233.0,FAILURE,CITIZENS BANK HOUSTON,2092
2/7/1989,28503.0,FAILURE,BALTIMORE FEDERAL FINANCIAL,2086
2/7/1989,28560.0,FAILURE,PACIFIC SAVINGS BANK,2087
2/7/1989,31503.0,FAILURE,GILL SA,2088
2/7/1989,32549.0,FAILURE,FREEDOM S & LA,2089
2/3/1989,18363.0,FAILURE,ALASKA STATEBANK,2084
2/3/1989,29752.0,ASSISTANCE,COOK COUNTY FS&LA,2085
1/31/1989,24562.0,ASSISTANCE,METROPOLITAN NATIONAL BANK,2083
1/27/1989,24537.0,FAILURE,OAKWOOD NATIONAL BANK,2080
1/27/1989,31846.0,FAILURE,FIRST FS&LA IN NEW ALBANY,2081
1/27/1989,32024.0,FAILURE,CARVER S&LA,2082
1/26/1989,17063.0,FAILURE,CITIZENS STATE BANK,2077
1/26/1989,24705.0,FAILURE,"COMMUNITY BANK, NATIONAL ASSOCIATION",2078
1/26/1989,26205.0,FAILURE,FIRST STATE BANK OF TEXAS,2079
1/19/1989,12718.0,FAILURE,THE PLANTERS BANK & TRUST COMPANY,2073
1/19/1989,16374.0,FAILURE,MERCHANTS STATE BANK,2074
1/19/1989,23350.0,FAILURE,FIRST NATIONAL BANK OF CEDAR PARK,2075
1/19/1989,31743.0,FAILURE,SOUTHERN FEDERAL SB,2076
1/12/1989,13440.0,FAILURE,FIRST STATE BANK,2066
1/12/1989,16837.0,FAILURE,COMMERCIAL STATE BANK,2067
1/12/1989,17220.0,FAILURE,THE NATIONAL BANK OF BOSSIER CITY,2068
1/12/1989,22239.0,FAILURE,ROLLING HILLS STATE BANK,2069
1/12/1989,24297.0,FAILURE,WEST BELT NATIONAL BANK,2070
1/12/1989,24959.0,FAILURE,ORLEANS BANK AND TRUST COMPANY,2071
1/12/1989,26655.0,FAILURE,OAK HILL NATIONAL BANK,2072
1/5/1989,8139.0,FAILURE,BANK OF BENTON,2065
12/31/1988,30162.0,ASSISTANCE,PEORIA S&LA,2063
12/31/1988,31946.0,ASSISTANCE,BROWARD FS&LA,2064
12/30/1988,1259.0,ASSISTANCE,TRACY-COLLINS BANK & TRUST COMPANY,2053
12/30/1988,28164.0,ASSISTANCE,GREAT FALLS FS&LA,2054
12/30/1988,28323.0,ASSISTANCE,JACKSON COUNTY FSA,2055
12/30/1988,29251.0,ASSISTANCE,FIRST FS&LA OF JACKSONVILLE,2056
12/30/1988,29610.0,ASSISTANCE,NORTHWEST FS&LA,2057
12/30/1988,29959.0,ASSISTANCE,UNITED SAVINGS ASSOCIATION OF TEXAS,2058
12/30/1988,30228.0,ASSISTANCE,COLUMBIA FS&LA,2059
12/30/1988,30420.0,ASSISTANCE,PATHWAY FINANCIAL,2060
12/30/1988,30607.0,ASSISTANCE,HOME FS&LA,2061
12/30/1988,32492.0,ASSISTANCE,BEACH FS&LA,2062
12/29/1988,28907.0,ASSISTANCE,FIRST FS&LA,2040
12/29/1988,29405.0,ASSISTANCE,YOAKUM FS&LA,2041
12/29/1988,29808.0,ASSISTANCE,SEGUIN SAVINGS ASSOCIATION,2042
12/29/1988,30825.0,ASSISTANCE,AMERICAN SB,2043
12/29/1988,31504.0,ASSISTANCE,CHARTER SAVINGS S&LA,2044
12/29/1988,31562.0,ASSISTANCE,PEOPLES S&LA,2045
12/29/1988,31797.0,ASSISTANCE,BURNET S&LA,2046
12/29/1988,31860.0,ASSISTANCE,UNION SA,2047
12/29/1988,31979.0,ASSISTANCE,LEE SAVINGS ASSOCIATION,2048
12/29/1988,32042.0,ASSISTANCE,INDEPENDENCE S&LA,2049
12/29/1988,32074.0,ASSISTANCE,RANCHERS SAVINGS ASSOCIATION,2050
12/29/1988,32272.0,ASSISTANCE,KEYSTONE S&LA,2051
12/29/1988,32311.0,ASSISTANCE,BAYVIEW FSA,2052
12/28/1988,31244.0,ASSISTANCE,FIRST FINANCIAL SB,2039
12/27/1988,27653.0,ASSISTANCE,GIBRALTAR SA,2035
12/27/1988,28252.0,ASSISTANCE,FIRST TEXAS SAVINGS ASSOCIATION,2036
12/27/1988,30535.0,ASSISTANCE,KILLEEN S&LA,2037
12/27/1988,32564.0,ASSISTANCE,MONTFORT SAVINGS ASSOCIATION,2038
12/23/1988,29447.0,ASSISTANCE,VIRGINIA FS&LA,2034
12/22/1988,28461.0,ASSISTANCE,MINERAL WELLS S&LA,2020
12/22/1988,29077.0,ASSISTANCE,HOME S&LA,2021
12/22/1988,29166.0,ASSISTANCE,MESQUITE S&LA,2022
12/22/1988,29212.0,ASSISTANCE,FIRST WESTERN S&LA,2023
12/22/1988,29219.0,ASSISTANCE,COMMODORE SAVINGS ASSOCIATION,2024
12/22/1988,29352.0,ASSISTANCE,LAMESA FS&LA,2025
12/22/1988,29494.0,ASSISTANCE,FIRST FS&LA,2026
12/22/1988,30648.0,ASSISTANCE,HOME SA,2027
12/22/1988,31044.0,ASSISTANCE,SENTRY SAVINGS ASSOCIATION,2028
12/22/1988,31064.0,ASSISTANCE,VISTA SAVINGS ASSOCIATION,2029
12/22/1988,31333.0,ASSISTANCE,INTERWEST SAVINGS ASSOCIATION,2030
12/22/1988,31348.0,ASSISTANCE,SOUTHERN FEDERAL BANC S&LA,2031
12/22/1988,31563.0,ASSISTANCE,RELIANCE SAVINGS ASSOCIATION,2032
12/22/1988,32299.0,ASSISTANCE,METROPLEX FEDERAL SAVINGS ASSOCIATION,2033
12/21/1988,19743.0,ASSISTANCE,BATON ROUGE BANK & TRUST COMPANY,2019
12/17/1988,28275.0,ASSISTANCE,OHIO VALLEY,2017
12/17/1988,30666.0,ASSISTANCE,FIRST BORDER SB,2018
12/16/1988,15670.0,FAILURE,FIRST SOUTHWEST BANK,2011
12/16/1988,29459.0,ASSISTANCE,ROCKY MOUNTAIN FS&LA,2012
12/16/1988,29556.0,ASSISTANCE,FIRST DEARBORN,2013
12/16/1988,31182.0,ASSISTANCE,UNITED SB OF WYOMING,2014
12/16/1988,32147.0,ASSISTANCE,BLOOMFIELD S&LA,2015
12/16/1988,90047.0,FAILURE,FIRST INDUSTRIAL BANK OF ROCKY FORD,2016
12/15/1988,16351.0,FAILURE,FIRST NATIONAL BANK IN BOGATA,2003
12/15/1988,17654.0,FAILURE,FIRST NATIONAL BANK IN CENTER,2004
12/15/1988,23777.0,FAILURE,TEXAS NATIONAL BANK,2005
12/15/1988,24614.0,FAILURE,TEXAS BANK OF PLANO,2006
12/15/1988,25747.0,FAILURE,CRESCENT CITY BANK & TRUST COMPANY,2007
12/15/1988,28891.0,ASSISTANCE,AMERICAN HOME SAVINGS,2008
12/15/1988,29097.0,ASSISTANCE,COMMUNITY FIRST FED SAVINGS,2009
12/15/1988,30640.0,ASSISTANCE,ROOKS COUNTY FSA,2010
12/14/1988,32125.0,ASSISTANCE,EASTERN WASHINGTON S&LA,2002
12/12/1988,30082.0,ASSISTANCE,MIDAMERICA SB,2001
12/9/1988,143.0,FAILURE,CARIBANK,1998
12/9/1988,30760.0,FAILURE,SILVERADO S&LA,1999
12/9/1988,31889.0,FAILURE,CENTRAL ARKANSAS S&LA,2000
12/8/1988,2319.0,FAILURE,WAUKOMIS STATE BANK,1995
12/8/1988,4080.0,FAILURE,FIRST BANK & TRUST CO.,1996
12/8/1988,24664.0,FAILURE,"RESOURCE BANK, N.A.",1997
12/1/1988,19092.0,FAILURE,UNION BANK OF HOUSTON,1987
12/1/1988,24351.0,FAILURE,"OAK LAWN BANK, N.A.",1988
12/1/1988,25188.0,FAILURE,ENTERPRISE NATIONAL BANK,1989
12/1/1988,25606.0,FAILURE,TEXANA NATIONAL BANK OF BELTON,1990
12/1/1988,28596.0,ASSISTANCE,CARDINAL FSB,1991
12/1/1988,29181.0,ASSISTANCE,UNITED FS&LA,1992
12/1/1988,29362.0,ASSISTANCE,FIRST FS&LA,1993
12/1/1988,31752.0,ASSISTANCE,NORTHPARK SAVINGS ASSOCIATION,1994
11/18/1988,18554.0,FAILURE,FIRST NATIONAL BANK,1985
11/18/1988,31659.0,ASSISTANCE,TESORO S&LA,1986
11/17/1988,18591.0,FAILURE,EAST TEXAS STATE BANK,1983
11/17/1988,22871.0,FAILURE,THE BANK OF KERRVILLE,1984
11/16/1988,24492.0,ASSISTANCE,"ALLIANCE BANK, N.A.",1982
11/10/1988,4103.0,FAILURE,THE FIRST NATIONAL BANK OF GRACEMONT,1976
11/10/1988,11783.0,FAILURE,AVOYELLES TRUST & SAVINGS BANK,1977
11/10/1988,22342.0,FAILURE,MIAMI NATIONAL BANK,1978
11/10/1988,23192.0,FAILURE,BANK OF THE NORTHWEST,1979
11/10/1988,23979.0,FAILURE,AMERICAN NATIONAL BANK,1980
11/10/1988,32109.0,FAILURE,CYPRUS SA,1981
11/4/1988,10836.0,FAILURE,MT. ZION STATE BANK,1975
11/3/1988,26220.0,FAILURE,SOUTHWEST NATIONAL BANK,1974
11/2/1988,28293.0,ASSISTANCE,RELIANCE FS&LA,1973
11/1/1988,28437.0,ASSISTANCE,LINCOLN FS&LA,1971
11/1/1988,29971.0,ASSISTANCE,SOUTHSIDE S&L,1972
10/27/1988,20955.0,FAILURE,MEDICAL CENTER STATE BANK,1968
10/27/1988,23454.0,FAILURE,FRONTIER NATIONAL BANK,1969
10/27/1988,25121.0,FAILURE,ROUND ROCK NATIONAL BANK,1970
10/25/1988,28196.0,ASSISTANCE,PEOPLES FSB,1967
10/20/1988,20941.0,FAILURE,COMMERCIAL BANK & TRUST COMPANY,1965
10/20/1988,25855.0,FAILURE,SECURITY BANK,1966
10/14/1988,27636.0,ASSISTANCE,OLNEY SAVINGS ASSOCIATION,1954
10/14/1988,27701.0,ASSISTANCE,SECURITY FS&LA,1955
10/14/1988,29319.0,ASSISTANCE,FIRST FS&LA,1956
10/14/1988,29883.0,ASSISTANCE,SAN ANGELO SAVINGS ASSOCIATION,1957
10/14/1988,30336.0,ASSISTANCE,ODESSA SAVINGS ASSOCIATION,1958
10/14/1988,30576.0,ASSISTANCE,SOUTHWEST S&LA,1959
10/14/1988,30651.0,ASSISTANCE,BANC HOME SAVINGS ASSOCIATION,1960
10/14/1988,31081.0,ASSISTANCE,SOUTHERN S&LA,1961
10/14/1988,31842.0,ASSISTANCE,HEART O TEXAS SAVINGS ASSOCIATION,1962
10/14/1988,31963.0,ASSISTANCE,SHAMROCK FEDERAL SAVINGS BANK,1963
10/14/1988,32128.0,ASSISTANCE,PETROPLEX SAVINGS ASSOCIATION,1964
10/12/1988,27999.0,ASSISTANCE,FIRST FS&LA OF MAYFIELD,1951
10/12/1988,29025.0,ASSISTANCE,FIRST FSB OF INDIANA,1952
10/12/1988,29978.0,ASSISTANCE,CAPITAL FS&LA,1953
10/7/1988,32189.0,FAILURE,LIBERTY FSB,1950
10/6/1988,25701.0,FAILURE,FIDELITY NATIONAL BANK OF FORT WORTH,1948
10/6/1988,32155.0,FAILURE,FINANCIAL SECURITY S&LA,1949
10/3/1988,8040.0,FAILURE,LIBERTY BANK & TRUST COMPANY,1947
9/30/1988,8837.0,FAILURE,WATSON STATE BANK,1938
9/30/1988,29080.0,ASSISTANCE,FIRST FS&LA,1939
9/30/1988,29746.0,ASSISTANCE,CITIZENS FS&LA OF NEW CASTLE,1940
9/30/1988,30362.0,ASSISTANCE,GREAT WEST SAVINGS BANK,1941
9/30/1988,30497.0,ASSISTANCE,DELTA SAVINGS ASSOCIATION OF TEXAS,1942
9/30/1988,30945.0,ASSISTANCE,CREDITBANC SAVINGS ASSOCIATION,1943
9/30/1988,31459.0,ASSISTANCE,FRANKLIN SAVINGS ASSOCIATION,1944
9/30/1988,31692.0,ASSISTANCE,ADOBE SAVINGS BANK,1945
9/30/1988,32264.0,ASSISTANCE,GUARANTY FS&LA,1946
9/29/1988,8979.0,FAILURE,FIRST STATE BANK,1937
9/26/1988,30625.0,FAILURE,CONTINENTAL S&LA,1936
9/23/1988,24400.0,FAILURE,PEOPLES STATE BANK OF MEEKER,1933
9/23/1988,31403.0,ASSISTANCE,CHAMPION SAVINGS ASSOCIATION,1934
9/23/1988,32005.0,FAILURE,PEOPLES S&LA,1935
9/22/1988,5998.0,FAILURE,THE FIRST STATE BANK IN TALIHINA,1930
9/22/1988,9878.0,FAILURE,THE SECURITY STATE BANK,1931
9/22/1988,22992.0,FAILURE,COMMUNITY BANK & TRUST,1932
9/21/1988,28118.0,FAILURE,MOUNTAINWEST S&LA,1928
9/21/1988,31299.0,ASSISTANCE,LOVES PARK FSB,1929
9/16/1988,24189.0,ASSISTANCE,GUARANTY NATIONAL BANK,1926
9/16/1988,32072.0,FAILURE,ULTIMATE SAVINGS BANK,1927
9/15/1988,22466.0,FAILURE,TOWN & COUNTRY BANK,1921
9/15/1988,23492.0,FAILURE,CITIZENS BANK OF LITTLETON,1922
9/15/1988,24762.0,FAILURE,TRINITY NATIONAL BANK,1923
9/15/1988,24977.0,FAILURE,CAPITAL NATIONAL BANK,1924
9/15/1988,25251.0,FAILURE,RIVER CITY BANK,1925
9/9/1988,28957.0,ASSISTANCE,BAY CITY FS&LA,1919
9/9/1988,30979.0,ASSISTANCE,GULF COAST SAVINGS ASSOCIATION,1920
9/8/1988,16582.0,FAILURE,THE SYLVIA STATE BANK,1918
9/7/1988,28559.0,ASSISTANCE,AMERICAN S&LA,1916
9/7/1988,28910.0,ASSISTANCE,FIRST FEDERAL SB,1917
9/6/1988,31202.0,ASSISTANCE,COOSA FS&LA,1915
9/1/1988,5798.0,FAILURE,MINGO TRUST & SAVINGS BANK,1903
9/1/1988,12312.0,FAILURE,COMMERCIAL STATE BANK,1904
9/1/1988,14483.0,FAILURE,PISGAH SAVINGS BANK,1905
9/1/1988,20087.0,FAILURE,LAKELAND STATE BANK,1906
9/1/1988,20184.0,FAILURE,AMERICAN BANK OF MUSKOGEE,1907
9/1/1988,25101.0,FAILURE,FIRST NATIONAL BANK OF ATASCOCITA,1908
9/1/1988,25699.0,FAILURE,PIONEER NATIONAL BANK,1909
9/1/1988,28020.0,ASSISTANCE,ARSENAL SA,1910
9/1/1988,28547.0,ASSISTANCE,FIDELITY FS&LA,1911
9/1/1988,29779.0,ASSISTANCE,FRANKTON FS&LA,1912
9/1/1988,30834.0,ASSISTANCE,CITIZENS FS&LA,1913
9/1/1988,31533.0,ASSISTANCE,UNITED SA OF CENTRAL INDIANA,1914
8/31/1988,28245.0,ASSISTANCE,MUTUAL FS&LA,1891
8/31/1988,28357.0,FAILURE,HOME S&LA,1892
8/31/1988,28648.0,FAILURE,FIRST FS&LA,1893
8/31/1988,28661.0,ASSISTANCE,MIDAMERICA FS&LA,1894
8/31/1988,28734.0,FAILURE,PEOPLES FS&LA,1895
8/31/1988,28737.0,FAILURE,KINGFISHER FS&LA,1896
8/31/1988,29013.0,FAILURE,"HOME SAVINGS BANK, FA",1897
8/31/1988,29573.0,ASSISTANCE,CAPITOL FSB,1898
8/31/1988,29625.0,FAILURE,PHOENIX FS&LA,1899
8/31/1988,30146.0,FAILURE,FRONTIER SAVINGS & LOAN,1900
8/31/1988,31988.0,FAILURE,HERITAGE S&LA,1901
8/31/1988,32077.0,ASSISTANCE,FIRST OKLAHOMA SAVINGS BANK,1902
8/26/1988,17163.0,FAILURE,BIWABIK STATE BANK,1881
8/26/1988,27854.0,ASSISTANCE,WASHINGTON FSB OF STILLWATER,1882
8/26/1988,29500.0,ASSISTANCE,PIONEER FS&LA IN MASON CITY,1883
8/26/1988,30200.0,ASSISTANCE,FIRST FS&LA OF BRAINERD,1884
8/26/1988,30533.0,ASSISTANCE,FIRST FS&LA OF HIBBING,1885
8/26/1988,30868.0,ASSISTANCE,FIRST FS&LA OF GRAND RAPIDS,1886
8/26/1988,31295.0,ASSISTANCE,PEOPLES S&LA,1887
8/26/1988,31296.0,ASSISTANCE,NORTHWEST FS&LA,1888
8/26/1988,31822.0,ASSISTANCE,HOMESTATE S&LA,1889
8/26/1988,31881.0,ASSISTANCE,COMMERCE FSB,1890
8/25/1988,22845.0,FAILURE,BANK OF THE MID-SOUTH,1878
8/25/1988,25143.0,FAILURE,"BANCFIRST-WESTLAKE, N.A.",1879
8/25/1988,25760.0,FAILURE,HIGHLAND PARK NATIONAL BANK,1880
8/19/1988,497.0,FAILURE,MARSHALL COUNTY BANK,1871
8/19/1988,28412.0,FAILURE,FEDERATED S&LA,1872
8/19/1988,30263.0,FAILURE,MULTIBANC SAVINGS ASSOCIATION,1873
8/19/1988,30773.0,FAILURE,SUNBELT SAVINGS ASSOCIATION OF TEXAS,1874
8/19/1988,31641.0,ASSISTANCE,SUMMIT SAVINGS ASSOCIATION,1875
8/19/1988,31684.0,FAILURE,TEXANA S&LA,1876
8/19/1988,31892.0,FAILURE,FIRST CITY SAVINGS ASSOCIATION,1877
8/18/1988,18506.0,FAILURE,CITIZENS STATE BANK,1858
8/18/1988,24194.0,FAILURE,TOWN & COUNTRY NATIONAL BANK,1859
8/18/1988,25811.0,FAILURE,FIRST NATIONAL BANK AUSTIN,1860
8/18/1988,28869.0,ASSISTANCE,GLADEWATER FS&LA,1861
8/18/1988,29390.0,ASSISTANCE,COMMERCE FS&LA,1862
8/18/1988,30520.0,ASSISTANCE,IRVING S&LA,1863
8/18/1988,30828.0,ASSISTANCE,MAJESTIC SAVINGS ASSOCIATION,1864
8/18/1988,30978.0,ASSISTANCE,RICHARDSON SAVINGS ASSOCIATION,1865
8/18/1988,31580.0,ASSISTANCE,LONGVIEW S&LA,1866
8/18/1988,31750.0,ASSISTANCE,PARIS S&LA,1867
8/18/1988,31967.0,ASSISTANCE,AMERICAN BANC SAVINGS ASSOCIAT,1868
8/18/1988,31985.0,ASSISTANCE,SOUTHLAND SAVINGS ASSOCIATION,1869
8/18/1988,32124.0,ASSISTANCE,SKYLINE SAVINGS ASSOCIATION,1870
8/11/1988,16077.0,FAILURE,GALENA PARK STATE BANK,1852
8/11/1988,21508.0,FAILURE,FIRST BANK,1853
8/11/1988,25017.0,FAILURE,WEST HOUSTON NATIONAL BANK,1854
8/11/1988,28127.0,ASSISTANCE,CAPITOL FS&LA,1855
8/11/1988,29050.0,ASSISTANCE,FIRST FEDERAL SAVINGS BANK,1856
8/11/1988,29944.0,ASSISTANCE,WESTERN FS&LA,1857
8/10/1988,29848.0,ASSISTANCE,FIRST FS&LA OF TAYLORVILLE,1851
8/9/1988,17439.0,ASSISTANCE,SECURITY STATE BANK,1850
8/4/1988,13644.0,FAILURE,FARMERS & MERCHANTS BANK OF ELMO,1849
8/3/1988,24139.0,FAILURE,ALASKA CONTINENTAL BANK,1848
8/2/1988,26723.0,FAILURE,FIRST REPUBLICBANK DELAWARE,1846
8/2/1988,28310.0,ASSISTANCE,FIRST OF LONGVIEW,1847
7/29/1988,1181.0,FAILURE,FIRST REPUBLICBANK-CLIFTON,1804
7/29/1988,1188.0,FAILURE,FIRST REPUBLICBANK-FORNEY,1805
7/29/1988,1717.0,FAILURE,"FIRST REPUBLICBANK-TEMPLE, N.A.",1806
7/29/1988,3065.0,FAILURE,"FIRST REPUBLICBANK-ABILENE, N.A.",1807
7/29/1988,3084.0,FAILURE,"FIRST REPUBLICBANK- AUSTIN, N.A.",1808
7/29/1988,3118.0,FAILURE,"FIRST REPUBLICBANK-BROWNWOOD, N.A.",1809
7/29/1988,3147.0,FAILURE,"FIRST REPUBLICBANK-CONROE, N.A.",1810
7/29/1988,3153.0,FAILURE,"FIRST REPUBLICBANK-CORSICANA, N.A.",1811
7/29/1988,3165.0,FAILURE,"FIRST REPUBLICBANK-DALLAS, N.A.",1812
7/29/1988,3173.0,FAILURE,"FIRST REPUBLICBANK-DENISON, N.A.",1813
7/29/1988,3189.0,FAILURE,"FIRST REPUBLICBANK-ENNIS, N.A.",1814
7/29/1988,3200.0,FAILURE,"FIRST REPUBLICBANK-FT. WORTH, N.A.",1815
7/29/1988,3209.0,FAILURE,"FIRST REPUBLICBANK-GALVESTON, N.A.",1816
7/29/1988,3234.0,FAILURE,"FIRST REPUBLICBANK-GREENVILLE, N.A.",1817
7/29/1988,3246.0,FAILURE,"FIRST REPUBLICBANK-HARLINGEN, N.A.",1818
7/29/1988,3249.0,FAILURE,"FIRST REPUBLICBANK-HENDERSON, N.A.",1819
7/29/1988,3262.0,FAILURE,"FIRST REPUBLICBANK-HOUSTON, N.A.",1820
7/29/1988,3315.0,FAILURE,"FIRST REPUBLICBANK-LUBBOCK, N.A.",1821
7/29/1988,3349.0,FAILURE,FIRST REPUBLICBANK-MINERAL WELLS,1822
7/29/1988,3354.0,FAILURE,FIRST REPUBLICBANK-MT. PLEASANT,1823
7/29/1988,3369.0,FAILURE,"FIRST REPUBLICBANK-ODESSA, N.A.",1824
7/29/1988,3391.0,FAILURE,"FIRST REPUBLICBANK-PLANO, N.A.",1825
7/29/1988,3408.0,FAILURE,"FIRST REPUBLICBANK-RICHMOND, N.A",1826
7/29/1988,5513.0,FAILURE,NATIONAL BANK OF FT. SAM HOUSTON,1827
7/29/1988,5537.0,FAILURE,FIRST REPUBLICBANK-STEPHENVILLE,1828
7/29/1988,5563.0,FAILURE,"FIRST REPUBLICBANK-TYLER, N.A.",1829
7/29/1988,5572.0,FAILURE,"FIRST REPUBLICBANK-WACO, N.A.",1830
7/29/1988,5586.0,FAILURE,FIRST REPUBLICBANK-WICHITA FALLS,1831
7/29/1988,9018.0,FAILURE,FIRST REPUBLICBANK-LUFKIN,1832
7/29/1988,13743.0,FAILURE,"FIRST REPUBLICBANK-CLEBURNE, N.A",1833
7/29/1988,14819.0,FAILURE,FIRST REPUBLICBANK-SAN ANTONIO,1834
7/29/1988,14950.0,FAILURE,"FIRST REPUBLICBANK-HILLSBORO, N.A.",1835
7/29/1988,15643.0,FAILURE,"FIRST REPUBLICBANK-MALAKOFF, N.A",1836
7/29/1988,17422.0,FAILURE,FIRST REPUBLICBANK-JEFFERSON COUNTY,1837
7/29/1988,17492.0,FAILURE,FIRST REPUBLICBANK-VICTORIA,1838
7/29/1988,18832.0,FAILURE,FIRST REPUBLICBANK-A&M,1839
7/29/1988,18932.0,FAILURE,FIRST REPUBLICBANK-PARIS,1840
7/29/1988,22118.0,FAILURE,"FIRST REPUBLICBANK-EL PASO, N.A.",1841
7/29/1988,22921.0,FAILURE,FIRST REPUBLICBANK-WILLIAMSON CN,1842
7/29/1988,24782.0,FAILURE,"FIRST REPUBLICBANK-MIDLAND, N.A.",1843
7/29/1988,26315.0,FAILURE,WESTLAKE THRIFT & LOAN ASSOCIATION,1844
7/29/1988,28575.0,FAILURE,AMERICAN OF ANADARKO,1845
7/28/1988,11146.0,FAILURE,FIRST CAPITOL BANK,1799
7/28/1988,25791.0,FAILURE,NATIONAL FIDELITY BANK OF SHREVEPORT,1800
7/28/1988,29707.0,ASSISTANCE,GALVA FS&LA,1801
7/28/1988,30302.0,ASSISTANCE,HOME FS&LA,1802
7/28/1988,31388.0,ASSISTANCE,MUTUAL FS&LA,1803
7/21/1988,4040.0,FAILURE,UNION BANK & TRUST,1795
7/21/1988,5096.0,FAILURE,THE FIRST NATIONAL BANK OF BLOOMING PRAIRI,1796
7/21/1988,29400.0,FAILURE,PLATTE VALLEY  FS&LA,1797
7/21/1988,31898.0,ASSISTANCE,FIRST SECURITY  SB,1798
7/15/1988,25762.0,ASSISTANCE,OAK FOREST NATIONAL BANK,1794
7/14/1988,18351.0,ASSISTANCE,TEXAS BANK,1789
7/14/1988,19965.0,FAILURE,THE SECURITY BANK,1790
7/14/1988,23082.0,FAILURE,THE AMERICAN BANK,1791
7/14/1988,23380.0,FAILURE,ALLEN NATIONAL BANK,1792
7/14/1988,25765.0,ASSISTANCE,"TEXAS BANK NORTH, NA",1793
7/8/1988,31875.0,ASSISTANCE,MCLEAN S&LA,1788
6/30/1988,18167.0,FAILURE,MERCANTILE BANK & TRUST,1785
6/30/1988,23056.0,FAILURE,FIRST NATIONAL BANK,1786
6/30/1988,25816.0,FAILURE,REPUBLIC NATIONAL BANK,1787
6/29/1988,21347.0,FAILURE,CLAIBORNE BANK & TRUST COMPANY,1784
6/24/1988,32022.0,ASSISTANCE,LYNNWOOD S&LA,1782
6/24/1988,32121.0,ASSISTANCE,STANFORD S&LA,1783
6/23/1988,20071.0,FAILURE,NORTHWEST BANK & TRUST,1779
6/23/1988,25793.0,FAILURE,TEXAS NATIONAL BANK,1780
6/23/1988,26356.0,FAILURE,TRI-CITIES BANK & TRUST,1781
6/22/1988,23942.0,FAILURE,THE BANK OF WESTMINSTER,1777
6/22/1988,30983.0,ASSISTANCE,FIRST FINANCIAL A SAVINGS ASSOCIATION OF E,1778
6/17/1988,19817.0,FAILURE,THE LIBERTY BANK OF SEATTLE,1776
6/16/1988,24300.0,FAILURE,CENTURY NATIONAL BANK,1774
6/16/1988,24345.0,FAILURE,KINGSLAND NATIONAL BANK,1775
6/14/1988,20928.0,ASSISTANCE,BANK OF IMBODEN,1773
6/9/1988,24054.0,FAILURE,PARKWAY BANK & TRUST,1772
6/6/1988,29402.0,ASSISTANCE,FRONTIER FEDERAL SAVINGS BANK,1771
6/3/1988,28976.0,FAILURE,LARUE FS&LA,1770
6/2/1988,15905.0,FAILURE,GUARANTY BANK,1763
6/2/1988,17153.0,FAILURE,COMMUNITY STATE BANK,1764
6/2/1988,18512.0,FAILURE,SECURITY BANK OF BOULDER,1765
6/2/1988,22111.0,FAILURE,SECURITY BANK OF AURORA,1766
6/2/1988,24069.0,FAILURE,RIVER PLAZA NATIONAL BANK,1767
6/2/1988,24190.0,FAILURE,"WILLIAMSTOWN BANK, N.A.",1768
6/2/1988,29289.0,ASSISTANCE,MUSKEGON FS&LA,1769
5/27/1988,22511.0,FAILURE,SANDY STATE BANK,1762
5/26/1988,15909.0,FAILURE,THE FIRST STATE BANK,1758
5/26/1988,23416.0,FAILURE,LONE STAR BANK,1759
5/26/1988,25248.0,FAILURE,FIRST NATIONAL BANK OF KINGSWOOD,1760
5/26/1988,32008.0,ASSISTANCE,BLUEBONNET SA OF TEXAS,1761
5/25/1988,28802.0,ASSISTANCE,FIRST FS&LA OF HAMMONTON,1757
5/24/1988,32034.0,FAILURE,UNIVERSAL S&LA,1756
5/19/1988,24559.0,FAILURE,NATIONAL BANK OF TEXAS,1755
5/18/1988,6086.0,ASSISTANCE,THE AMERICAN STATE BANK,1750
5/18/1988,27750.0,ASSISTANCE,LAMAR SAVINGS ASSOCIATION,1751
5/18/1988,30641.0,ASSISTANCE,BRIERCROFT SAVINGS ASSOCIATION,1752
5/18/1988,30923.0,ASSISTANCE,CITY S&LA,1753
5/18/1988,30946.0,ASSISTANCE,STOCKTON SAVINGS ASSOCIATION,1754
5/13/1988,23529.0,FAILURE,WESTSIDE NATIONAL BANK,1744
5/13/1988,29569.0,ASSISTANCE,COLORADO COUNTY FS&LA,1745
5/13/1988,31151.0,ASSISTANCE,SECURITY S&LA,1746
5/13/1988,31737.0,ASSISTANCE,CAMERON COUNTY S&LA,1747
5/13/1988,32062.0,ASSISTANCE,ALLIANCE S&LA (HOUSTON),1748
5/13/1988,32463.0,FAILURE,CARDINAL SAVINGS BANK,1749
5/12/1988,12295.0,FAILURE,THE FIRST STATE BANK,1743
5/6/1988,15745.0,FAILURE,FOREST CITY BANK & TRUST CO.,1742
5/5/1988,22284.0,FAILURE,UNION BANK & TRUST OF DALLAS,1740
5/5/1988,24999.0,FAILURE,LINCOLN NATIONAL BANK,1741
4/29/1988,21787.0,FAILURE,OAK PARK BANK,1738
4/29/1988,27844.0,FAILURE,AMERICAN FS&LA,1739
4/28/1988,23349.0,ASSISTANCE,CITIZENS BANK OF TULSA,1737
4/25/1988,10892.0,ASSISTANCE,BOND COUNTY STATE BANK,1736
4/22/1988,20229.0,FAILURE,UNITY BANK,1734
4/22/1988,20327.0,FAILURE,THE VILLAGE BANK,1735
4/21/1988,22611.0,FAILURE,CITIZENS NATIONAL BANK,1732
4/21/1988,25274.0,FAILURE,TEXAS NATIONAL BANK,1733
4/20/1988,1211.0,ASSISTANCE,"FIRST CITY, TEXAS - RICHARDSON",1672
4/20/1988,1722.0,ASSISTANCE,"FIRST CITY, TEXAS - DALLAS",1673
4/20/1988,3093.0,ASSISTANCE,"FIRST CITY, TEXAS - BEAUMONT",1674
4/20/1988,3120.0,ASSISTANCE,"FIRST CITY, TEXAS - BRYAN",1675
4/20/1988,3227.0,ASSISTANCE,"FIRST CITY, TEXAS - GRAHAM",1676
4/20/1988,3316.0,ASSISTANCE,"FIRST CITY, TEXAS - LUFKIN",1677
4/20/1988,3318.0,ASSISTANCE,"FIRST CITY, TEXAS - MADISONVILLE",1678
4/20/1988,3344.0,ASSISTANCE,"FIRST CITY, TEXAS - MIDLAND",1679
4/20/1988,3374.0,ASSISTANCE,"FIRST CITY, TEXAS - ORANGE",1680
4/20/1988,3409.0,ASSISTANCE,"FIRST CITY, TEXAS - RICHMOND",1681
4/20/1988,5506.0,ASSISTANCE,"FIRST CITY, TEXAS - SAN ANGELO",1682
4/20/1988,5562.0,ASSISTANCE,"FIRST CITY, TEXAS - TYLER",1683
4/20/1988,9977.0,ASSISTANCE,"FIRST CITY, TEXAS - LEWISVILLE",1684
4/20/1988,10357.0,ASSISTANCE,"FIRST CITY, TEXAS - HUMBLE",1685
4/20/1988,11914.0,ASSISTANCE,"FIRST CITY, TEXAS - SOUR LAKE",1686
4/20/1988,13702.0,ASSISTANCE,"FIRST CITY, TEXAS - HOUSTON, NA",1687
4/20/1988,15721.0,ASSISTANCE,"FIRST CITY, TEXAS - AUSTIN",1688
4/20/1988,16524.0,ASSISTANCE,"FIRST CITY, TEXAS - LAKE JACKSON",1689
4/20/1988,16543.0,ASSISTANCE,"FIRST CITY, TEXAS - GRAND PRAIRIE",1690
4/20/1988,16560.0,ASSISTANCE,"FIRST CITY, TEXAS - EL PASO",1691
4/20/1988,17133.0,ASSISTANCE,"FIRST CITY, TEXAS - ARLINGTON",1692
4/20/1988,17299.0,ASSISTANCE,"FIRST CITY, TEXAS - KOUNTZE",1693
4/20/1988,17343.0,ASSISTANCE,"FIRST CITY, TEXAS - ALICE",1694
4/20/1988,17911.0,ASSISTANCE,"FIRST CITY, TEXAS - EAST DALLAS",1695
4/20/1988,18079.0,ASSISTANCE,"FIRST CITY, TEXAS - GATEWAY",1696
4/20/1988,18151.0,ASSISTANCE,"FIRST CITY, TEXAS - CENTRAL",1697
4/20/1988,18436.0,ASSISTANCE,"FIRST CITY, TEXAS - FARMERS BRANCH",1698
4/20/1988,18556.0,ASSISTANCE,BANK OF SANTA FE,1699
4/20/1988,18563.0,ASSISTANCE,"FIRST CITY, TEXAS - WINDSOR PARK",1700
4/20/1988,19265.0,ASSISTANCE,"FIRST CITY, TEXAS - GARLAND",1701
4/20/1988,19410.0,ASSISTANCE,"FIRST CITY, TEXAS - MARKET CENTER",1702
4/20/1988,19667.0,ASSISTANCE,"FIRST CITY, TEXAS - NORTHLINE",1703
4/20/1988,19810.0,ASSISTANCE,"FIRST CITY, TEXAS - CENTRAL PARK",1704
4/20/1988,20003.0,ASSISTANCE,"FIRST CITY, TEXAS - LANCASTER",1705
4/20/1988,20029.0,ASSISTANCE,"FIRST CITY, TEXAS - ARANSAS PASS",1706
4/20/1988,20255.0,ASSISTANCE,"FIRST CITY, TEXAS - ALMEDA GENOA",1707
4/20/1988,20411.0,ASSISTANCE,"FIRST CITY, TEXAS - VALLEY VIEW",1708
4/20/1988,20729.0,ASSISTANCE,"FIRST CITY, TEXAS - GULFGATE",1709
4/20/1988,20779.0,ASSISTANCE,"FIRST CITY, TEXAS - COLLEYVILLE",1710
4/20/1988,20979.0,ASSISTANCE,"FIRST CITY, TEXAS - CLEAR LAKE",1711
4/20/1988,20980.0,ASSISTANCE,"FIRST CITY, TEXAS - HIGHLAND VILLAGE",1712
4/20/1988,21044.0,ASSISTANCE,"FIRST CITY, TEXAS - BELLAIRE",1713
4/20/1988,21101.0,ASSISTANCE,"FIRST CITY, TEXAS - INWOOD FOREST",1714
4/20/1988,21190.0,ASSISTANCE,"FIRST CITY, TEXAS - CORPUS CHRISTI",1715
4/20/1988,21381.0,ASSISTANCE,"FIRST CITY, TEXAS - FOREST HILL",1716
4/20/1988,21876.0,ASSISTANCE,"FIRST CITY, TEXAS - MEDICAL CENTER",1717
4/20/1988,21907.0,ASSISTANCE,"FIRST CITY, TEXAS - FONDREN SOUTH",1718
4/20/1988,22038.0,ASSISTANCE,"FIRST CITY, TEXAS - CENTRAL ARLINGTON",1719
4/20/1988,22285.0,ASSISTANCE,"FIRST CITY, TEXAS - NORTHEAST",1720
4/20/1988,22816.0,ASSISTANCE,"FIRST CITY, TEXAS - BEAR CREEK",1721
4/20/1988,23055.0,ASSISTANCE,"FIRST CITY, TEXAS - WESTHEIMER",1722
4/20/1988,23237.0,ASSISTANCE,"FIRST CITY, TEXAS - NORTH BELT",1723
4/20/1988,23526.0,ASSISTANCE,"FIRST CITY, TEXAS - PLANO",1724
4/20/1988,24061.0,ASSISTANCE,"FIRST CITY, TEXAS - FORT WORTH",1725
4/20/1988,24063.0,ASSISTANCE,"FIRST CITY, TEXAS - NORTHCHASE",1726
4/20/1988,24358.0,ASSISTANCE,"FIRST CITY, TEXAS - WESTHEIMER PLAZA",1727
4/20/1988,24607.0,ASSISTANCE,"FIRST CITY, TEXAS - WESTWOOD",1728
4/20/1988,24723.0,ASSISTANCE,"FIRST CITY, TEXAS - SAN ANTONIO",1729
4/20/1988,24759.0,ASSISTANCE,"FIRST CITY, TEXAS - NORTHWEST HILLS",1730
4/20/1988,26339.0,ASSISTANCE,FIRST CITY - SIOUX FALLS N.A.,1731
4/19/1988,16353.0,FAILURE,MC ALLEN STATE BANK,1671
4/15/1988,15811.0,ASSISTANCE,BURNS STATE BANK,1668
4/15/1988,26701.0,FAILURE,COLONIAL THRIFT & LOAN ASSOCIATION,1669
4/15/1988,90027.0,FAILURE,METROPOLITAN INDUSTRIAL BANK,1670
4/14/1988,22188.0,FAILURE,JENNINGS BANK,1666
4/14/1988,24765.0,FAILURE,"CY-FAIR BANK, N.A.",1667
4/12/1988,27866.0,ASSISTANCE,VALLEY FEDERAL SAVINGS AND LOAN,1665
4/11/1988,30061.0,ASSISTANCE,CITIZENS SAVINGS AND LOAN,1663
4/11/1988,31950.0,ASSISTANCE,TRI-CITIES SAVINGS AND LOAN,1664
4/8/1988,15081.0,FAILURE,CITIZENS STATE BANK OF EAGLE BEND,1661
4/8/1988,28456.0,FAILURE,FIRST FEDERAL OF SHAWNEE,1662
4/7/1988,13667.0,FAILURE,HOME STATE BANK,1659
4/7/1988,24390.0,FAILURE,CENTRAL NATIONAL BANK,1660
3/31/1988,17112.0,FAILURE,UNION BANK & TRUST COMPANY,1657
3/31/1988,20260.0,FAILURE,FIRST BANK & TRUST,1658
3/25/1988,24978.0,FAILURE,FIRST NATIONAL BANK OF DEL CITY,1656
3/24/1988,17293.0,FAILURE,CENTURY BANK,1654
3/24/1988,20702.0,FAILURE,CASHION COMMUNITY BANK,1655
3/18/1988,1930.0,FAILURE,STATE BANK OF MORGAN,1652
3/18/1988,13640.0,FAILURE,CITIZENS STATE BK OF GIBBON,1653
3/17/1988,19898.0,FAILURE,FIRST NATIONAL BANK OF PORT ALLEN,1651
3/15/1988,25783.0,ASSISTANCE,MOREHEAD NATIONAL BANK,1650
3/11/1988,26227.0,FAILURE,FIRST INTERCOUNTY BANK OF NEW YORK,1644
3/11/1988,28766.0,ASSISTANCE,FIRST FEDERAL SAVINGS BANK,1645
3/11/1988,29770.0,FAILURE,FIRST FS&LA OF PADUCAH,1646
3/11/1988,29982.0,ASSISTANCE,PERPETUAL S&LA,1647
3/11/1988,30818.0,ASSISTANCE,PEOPLES FS&LA,1648
3/11/1988,31371.0,ASSISTANCE,FIRST FEDERATED SAVINGS BANK,1649
3/10/1988,4074.0,FAILURE,THE FIRST NAT BANK & TRUST CO. OF CUSHING,1636
3/10/1988,8100.0,FAILURE,HAYESVILLE SAVINGS BANK,1637
3/10/1988,13254.0,FAILURE,FRENCHMAN VALLEY BANK,1638
3/10/1988,14241.0,FAILURE,FIRST AMERICAN BANK & TRUST OF BAYTOWN,1639
3/10/1988,18598.0,FAILURE,"SECURITY BANK OF DENVER, N.A.",1640
3/10/1988,23547.0,FAILURE,FIRST AMERICAN BANK & TRUST OF MANVEL,1641
3/10/1988,26546.0,FAILURE,FIRST AMERICAN BANK & TR OF FRIENDSWOOD,1642
3/10/1988,29265.0,ASSISTANCE,FIRST FS&LA OF CRAIG,1643
3/3/1988,17726.0,FAILURE,THE HOME STATE BANK,1634
3/3/1988,25331.0,FAILURE,FLOWER MOUND BANK,1635
2/25/1988,20273.0,FAILURE,"HARRIS COUNTY BANK HOUSTON, N.A.",1631
2/25/1988,23972.0,FAILURE,AMERICAN NATIONAL BANK,1632
2/25/1988,25743.0,FAILURE,COLLIN COUNTY STATE BANK,1633
2/18/1988,15862.0,FAILURE,THE FARMERS & MERCHANTS BK OF HILL CITY,1629
2/18/1988,22920.0,FAILURE,MUSTANG COMMUNITY BANK,1630
2/12/1988,10155.0,FAILURE,THE FIRST STATE BANK,1625
2/12/1988,18806.0,ASSISTANCE,AMERICAN NATIONAL BANK,1626
2/12/1988,23395.0,FAILURE,BASIN STATE BANK,1627
2/12/1988,25288.0,FAILURE,GLOBAL BANK,1628
2/11/1988,19303.0,FAILURE,FIRST STATE BANK,1623
2/11/1988,24836.0,FAILURE,"FIRST HOUSTON BANK, N.A.",1624
2/10/1988,29246.0,ASSISTANCE,TRADERS FS&LA,1620
2/10/1988,29257.0,ASSISTANCE,MAGNET BANK FSB,1621
2/10/1988,30823.0,ASSISTANCE,MOUNTAIN STATE FS&LA,1622
2/5/1988,18495.0,FAILURE,BANK OF DALLAS,1619
2/3/1988,5832.0,FAILURE,THE BANK OF LOUISBURG,1618
1/29/1988,25194.0,FAILURE,THE TRUST BANK,1616
1/29/1988,32118.0,FAILURE,TERRITORY S&LA,1617
1/28/1988,16489.0,FAILURE,PORT CITY BANK,1612
1/28/1988,18462.0,ASSISTANCE,ALASKA MUTUAL BANK,1613
1/28/1988,22183.0,ASSISTANCE,UNITED BANK ALASKA,1614
1/28/1988,23511.0,FAILURE,HOUSTON COMMERCE BANK,1615
1/27/1988,10957.0,ASSISTANCE,CITIZENS STATE BANK,1611
1/22/1988,23038.0,FAILURE,BANK OF CASPER,1610
1/21/1988,15867.0,FAILURE,NORTHWEST BANK,1604
1/21/1988,19759.0,FAILURE,CEDAR VALE STATE BANK,1605
1/21/1988,20650.0,FAILURE,UNITED MERCANTILE BANK,1606
1/21/1988,23042.0,FAILURE,WILLISTON BASIN STATE BANK,1607
1/21/1988,23971.0,FAILURE,SAM HOUSTON NAT'L BANK OF WALKER,1608
1/21/1988,24965.0,FAILURE,LOUISIANA COMMERCIAL BANK,1609
1/20/1988,14376.0,FAILURE,AREDALE STATE BANK,1603
1/15/1988,31593.0,FAILURE,FIRST SAVINGS OF EAST TEXAS,1602
1/14/1988,3352.0,FAILURE,THE MORAN NATIONAL BANK,1599
1/14/1988,19779.0,FAILURE,COLONIAL BANK,1600
1/14/1988,24333.0,FAILURE,BALBOA NATIONAL BANK,1601
1/13/1988,19546.0,ASSISTANCE,THE JEFFERSON GUARANTY BANK,1598
1/8/1988,23931.0,FAILURE,THE NORTH AMERICAN BANK,1597
1/7/1988,12133.0,ASSISTANCE,THE PEOPLES STATE BANK & TRUST CO,1595
1/7/1988,26540.0,FAILURE,COMMERCE BANK OF PLANO,1596
12/31/1987,28448.0,ASSISTANCE,"FIRST FINANCIAL BANK, FSB",1591
12/31/1987,28544.0,ASSISTANCE,AMERICAN FS&LA,1592
12/31/1987,31327.0,ASSISTANCE,GIBSON FEDERAL S&LA,1593
12/31/1987,31515.0,ASSISTANCE,FIRST FS&LA OF SLIDELL,1594
12/30/1987,29947.0,ASSISTANCE,FIRST FINANCIAL OF LA,1588
12/30/1987,30047.0,ASSISTANCE,FIRST FS&LA OF ALEXANDRIA,1589
12/30/1987,31835.0,ASSISTANCE,FIRSTBANC FSB,1590
12/29/1987,14094.0,ASSISTANCE,THE FALUN STATE BANK,1586
12/29/1987,28015.0,ASSISTANCE,COMMUNITY FS&LA,1587
12/18/1987,22904.0,FAILURE,FIRST STATE BANK AT SHOSHONI,1585
12/17/1987,16616.0,FAILURE,BANK OF MABANK,1582
12/17/1987,18679.0,FAILURE,USBANK,1583
12/17/1987,20098.0,FAILURE,AMERICAN BANK OF COMMERCE,1584
12/16/1987,28160.0,ASSISTANCE,MT. PLEASANT S&LA,1580
12/16/1987,28979.0,ASSISTANCE,BOONE COUNTY FS&LA,1581
12/11/1987,17334.0,FAILURE,FIRST INTERSTATE BANK OF ALASKA,1577
12/11/1987,22326.0,FAILURE,LEWIS AND CLARK STATE BANK,1578
12/11/1987,30411.0,ASSISTANCE,SURETY FS&LA,1579
12/10/1987,3406.0,FAILURE,THE FIRST NATIONAL BANK IN RHOME,1572
12/10/1987,18298.0,FAILURE,LOUISIANA BANK & TRUST COMPANY,1573
12/10/1987,22990.0,FAILURE,AMERICAN BANK IN LOUISIANA,1574
12/10/1987,24703.0,FAILURE,"BANCFIRST-AUSTIN, N.A.",1575
12/10/1987,25000.0,FAILURE,HERITAGE NATIONAL BANK,1576
12/3/1987,4070.0,FAILURE,THE FARMERS NATIONAL BANK OF CORDELL,1562
12/3/1987,5450.0,FAILURE,FIRST STATE BANK,1563
12/3/1987,8783.0,FAILURE,THE PEOPLES BANK,1564
12/3/1987,9813.0,FAILURE,CENTER STATE BANK,1565
12/3/1987,16449.0,FAILURE,CROFTON STATE BANK,1566
12/3/1987,16554.0,FAILURE,STATE BANK OF JANSEN,1567
12/3/1987,18360.0,FAILURE,CLIMBING HILL SAVINGS BANK,1568
12/3/1987,18844.0,ASSISTANCE,CROSSROADS BANK,1569
12/3/1987,23205.0,FAILURE,MADISON BANK & TRUST COMPANY,1570
12/3/1987,24921.0,FAILURE,STATE BANK OF COMMERCE,1571
11/19/1987,4295.0,FAILURE,THE PEOPLES BANK AND TRUST OF IBERIA PARIS,1558
11/19/1987,13606.0,FAILURE,THE ALEXANDER STATE BANK,1559
11/19/1987,13620.0,FAILURE,THE TIMKEN STATE BANK,1560
11/19/1987,18619.0,FAILURE,REPUBLIC BANK,1561
11/17/1987,28921.0,ASSISTANCE,ARGO FS&LA,1557
11/13/1987,19676.0,FAILURE,WEST TEXAS STATE BANK OF CANYON,1555
11/13/1987,31155.0,FAILURE,TRI-COUNTY S&LA,1556
11/12/1987,31441.0,ASSISTANCE,GULF FS&LA,1554
11/10/1987,16966.0,FAILURE,MIDDLE PARK BANK,1551
11/10/1987,20597.0,FAILURE,BANK OF WINTER PARK,1552
11/10/1987,22945.0,FAILURE,TRI-STATE NATIONAL BANK,1553
10/31/1987,28784.0,ASSISTANCE,FIRST FS&LA NATCHITOCHES,1550
10/30/1987,17442.0,FAILURE,CAPITAL BANK & TRUST CO.,1547
10/30/1987,21579.0,FAILURE,AMERICAN SECURITY BANK,1548
10/30/1987,22316.0,FAILURE,DELTA PACIFIC BANK,1549
10/23/1987,31962.0,FAILURE,SIERRA S&LA,1546
10/22/1987,17493.0,FAILURE,ALASKA NATIONAL BANK OF THE NORTH,1542
10/22/1987,17510.0,FAILURE,FIRST STATE BANK OF BOVINA,1543
10/22/1987,21951.0,FAILURE,NEW WORLD NATIONAL BANK,1544
10/22/1987,24196.0,FAILURE,WESTERN NATIONAL BANK,1545
10/21/1987,19799.0,FAILURE,PIONEER BANK OF FOUNTAIN,1541
10/20/1987,28147.0,FAILURE,TOPEKA SAVINGS ASSOCIATION,1540
10/16/1987,17888.0,FAILURE,YANKEE BANK FOR FINANCE & SAVING,1538
10/16/1987,23473.0,ASSISTANCE,"COMMERCIAL BANK, N.A.",1539
10/15/1987,10252.0,FAILURE,CITIZENS BANK OF RAY,1535
10/15/1987,23033.0,FAILURE,AMERICAN NATIONAL BANK OF AFTON,1536
10/15/1987,31605.0,FAILURE,FIRST CALIFORNIA SAVINGS BANK,1537
10/8/1987,2309.0,FAILURE,CITIZENS BANK OF KREBS,1532
10/8/1987,2310.0,FAILURE,UNITED SERVICES BANK,1533
10/8/1987,2998.0,FAILURE,THE FIRST NATIONAL BANK OF BRUSH,1534
10/2/1987,12185.0,FAILURE,STATE BANK OF GREENWALD,1531
10/1/1987,8605.0,FAILURE,SECURITY STATE BANK,1526
10/1/1987,17852.0,FAILURE,WESTERN BANK-WESTHEIMER,1527
10/1/1987,18867.0,FAILURE,CLAY COUNTY STATE BANK,1528
10/1/1987,24066.0,FAILURE,"WESTERN BANK-WESTWOOD, N.A.",1529
10/1/1987,24560.0,FAILURE,"WESTERN BANK-NORTH WILCREST, N.A",1530
9/28/1987,22857.0,FAILURE,VALLEY STATE BANK,1525
9/25/1987,22026.0,FAILURE,COMMONWEALTH BANK,1524
9/24/1987,425.0,FAILURE,THE CITIZENS BANK,1520
9/24/1987,13607.0,FAILURE,THE MURDOCK STATE BANK,1521
9/24/1987,17653.0,FAILURE,"THE MAYFIELD STATE BANK, MAYFIELD",1522
9/24/1987,29296.0,ASSISTANCE,LYONS FEDERAL TRUST & SAVINGS,1523
9/19/1987,31527.0,FAILURE,TWIN CITY FS & LA,1519
9/18/1987,8720.0,FAILURE,STOCKMEN'S BANK & TRUST COMPANY,1517
9/18/1987,31665.0,FAILURE,PHENIX FS&LA,1518
9/17/1987,13925.0,FAILURE,THE TALMAGE STATE BANK,1513
9/17/1987,18440.0,FAILURE,BREAUX BRIDGE BANK & TRUST COMPANY,1514
9/17/1987,25733.0,FAILURE,MUSTANG NATIONAL BANK,1515
9/17/1987,25735.0,FAILURE,STEEPLECHASE NATIONAL BANK,1516
9/11/1987,9768.0,FAILURE,FIRST STATE BANK OF ROLLINGSTONE,1511
9/11/1987,13403.0,FAILURE,CENTRAL NATIONAL BANK OF NEW YORK,1512
9/10/1987,10711.0,FAILURE,WAXAHACHIE BANK & TRUST COMPANY,1509
9/10/1987,21279.0,FAILURE,LA MARQUE BANK,1510
9/3/1987,4108.0,FAILURE,THE FIRST NATIONAL BANK OF HAMMON,1507
9/3/1987,4210.0,FAILURE,THE FIRST NATIONAL BANK OF TIPTON,1508
8/28/1987,22222.0,FAILURE,ROCKY MOUNTAIN STATE BANK,1506
8/27/1987,18088.0,FAILURE,BANK OF NORTH AMERICA,1504
8/27/1987,25329.0,FAILURE,CITIZENS BANK OF GLENDALE,1505
8/21/1987,9753.0,FAILURE,PEOPLE'S STATE BANK OF MAZEPPA,1503
8/20/1987,401.0,FAILURE,THE FIRST STATE BANK,1499
8/20/1987,19164.0,FAILURE,AMERICAN EXCHANGE BANK & TRUST CO,1500
8/20/1987,25742.0,FAILURE,AMERICAN NATIONAL BANK OF EVANSTON,1501
8/20/1987,31778.0,FAILURE,SUNBELT FS&LA,1502
8/19/1987,31663.0,FAILURE,FIRST SAVINGS OF LA,1498
8/14/1987,20345.0,FAILURE,MCNULTY BANKING COMPANY,1497
8/13/1987,2313.0,FAILURE,FIRST STATE BANK,1494
8/13/1987,3359.0,FAILURE,THE FIRST NATIONAL BANK OF NAVASOTA,1495
8/13/1987,4136.0,FAILURE,THE FIRST NATIONAL BANK OF LUTHER,1496
8/7/1987,23670.0,FAILURE,BAYSHORE BANK OF FLORIDA,1493
8/6/1987,433.0,FAILURE,SECURITY STATE BANK,1489
8/6/1987,6004.0,FAILURE,THE SECURITY STATE BANK,1490
8/6/1987,29902.0,FAILURE,FRENCH MARKET HOMESTEAD,1491
8/6/1987,30957.0,FAILURE,ACADIA S&LA,1492
7/31/1987,15276.0,ASSISTANCE,VALLEY BANK OF BELGRADE,1487
7/31/1987,29273.0,ASSISTANCE,OK FEDERAL S&LA,1488
7/30/1987,4104.0,FAILURE,BANK OF GRANITE,1483
7/30/1987,4234.0,FAILURE,THE FIRST NATIONAL BANK OF YUKON,1484
7/30/1987,13152.0,FAILURE,FARMERS STATE BANK,1485
7/30/1987,25647.0,FAILURE,EMPIRE NATIONAL BANK,1486
7/23/1987,5993.0,FAILURE,FARMERS & MERCHANTS BANK,1480
7/23/1987,25285.0,FAILURE,"BANK OF LOS GATOS, N.A.",1481
7/23/1987,28887.0,FAILURE,FREEDOM S&LA,1482
7/17/1987,3164.0,ASSISTANCE,"BANKTEXAS DALLAS, N.A.",1469
7/17/1987,14618.0,ASSISTANCE,"BANCTEXAS MCKINNEY, N.A.",1470
7/17/1987,16658.0,ASSISTANCE,BANCTEXAS HOUSTON,1471
7/17/1987,18318.0,ASSISTANCE,"BANCTEXAS RICHARDSON, N.A.",1472
7/17/1987,18833.0,ASSISTANCE,"BANCTEXAS WHITE ROCK, N.A.",1473
7/17/1987,19014.0,ASSISTANCE,"BANCTEXAS SULPHUR SPRINGS, N.A.",1474
7/17/1987,20131.0,ASSISTANCE,BANCTEXAS WESTHEIMER,1475
7/17/1987,22115.0,ASSISTANCE,"BANCTEXAS ALLEN PARKWAY, N.A.",1476
7/17/1987,22662.0,ASSISTANCE,"BANCTEXAS CARROLLTON, N.A.",1477
7/17/1987,23235.0,ASSISTANCE,"BANCTEXAS NORTHSIDE HOUSTON, N.A",1478
7/17/1987,23355.0,ASSISTANCE,"BANCTEXAS QUORUM, N.A.",1479
7/9/1987,9972.0,FAILURE,RED OAK STATE BANK,1467
7/9/1987,25652.0,FAILURE,"FIRST CONTINENTAL BK OF ROCKRIMMON, N.A.",1468
7/2/1987,18279.0,FAILURE,BANK OF BRAZORIA,1463
7/2/1987,22311.0,FAILURE,CITIZENS BANK,1464
7/2/1987,28327.0,ASSISTANCE,UNITED FIRST FS&LA,1465
7/2/1987,29043.0,ASSISTANCE,PROVIDENT FS&LA,1466
6/30/1987,29917.0,ASSISTANCE,FORT LEE S&LA,1462
6/29/1987,29862.0,FAILURE,UNITED FS&LA,1461
6/26/1987,12190.0,FAILURE,LANESBORO STATE BANK,1459
6/26/1987,23131.0,FAILURE,LIBERTY BANK & TRUST COMPANY,1460
6/25/1987,4073.0,FAILURE,EIGHTY NINER BANK OF COYLE,1457
6/25/1987,18816.0,FAILURE,SOUTH DENVER NATIONAL BANK,1458
6/24/1987,9321.0,FAILURE,PELICAN STATE BANK,1456
6/18/1987,1947.0,FAILURE,FIRST MIDWEST BANK,1454
6/18/1987,29814.0,FAILURE,INVESTORS FEDERAL BANK,1455
6/12/1987,23207.0,FAILURE,HAMILTON COUNTY STATE BANK,1451
6/12/1987,26362.0,FAILURE,WHITTIER THRIFT & LOAN,1452
6/12/1987,32130.0,FAILURE,FRONTIER S&LA,1453
6/11/1987,3346.0,FAILURE,FIRST STATE BANK,1447
6/11/1987,17382.0,FAILURE,THE BENTON STATE BANK,1448
6/11/1987,24885.0,FAILURE,"NORTHWEST COMMERCIAL BANK, N.A.",1449
6/11/1987,31055.0,FAILURE,SECURITY SAVINGS ASSOCIATION,1450
6/5/1987,9806.0,ASSISTANCE,SECURITY BANK OF RICH HILL,1446
6/4/1987,16605.0,FAILURE,THE FIRST STATE BANK,1444
6/4/1987,20065.0,FAILURE,UNITED BANK OF TEXAS,1445
5/29/1987,5275.0,FAILURE,FIRST NATIONAL BANK OF WILMONT,1443
5/28/1987,26199.0,FAILURE,TEXAS NATIONAL BANK-WESTHEIMER,1442
5/21/1987,317.0,FAILURE,BANK OF OAK GROVE,1439
5/21/1987,20792.0,FAILURE,"TEXAS INVESTMENT BANK, N.A.",1440
5/21/1987,24487.0,FAILURE,LAKE AUSTIN NATIONAL BANK,1441
5/20/1987,31130.0,FAILURE,INDEPENDENT AMERICAN SA,1438
5/15/1987,32138.0,FAILURE,LIBERTY S&LA,1437
5/14/1987,5135.0,FAILURE,THE FIRST NATIONAL BANK OF ELBOW LAKE,1433
5/14/1987,14279.0,FAILURE,MARLIN NATIONAL BANK,1434
5/14/1987,16684.0,FAILURE,TODD COUNTY STATE BANK,1435
5/14/1987,19324.0,FAILURE,UNITED BANK,1436
5/13/1987,16043.0,ASSISTANCE,SYRACUSE SAVINGS BANK,1432
5/8/1987,9426.0,FAILURE,FARMERS STATE BANK,1430
5/8/1987,16357.0,FAILURE,MOREAUVILLE STATE BANK,1431
5/7/1987,506.0,FAILURE,FIRST STATE BANK OF SISSETON,1428
5/7/1987,24569.0,FAILURE,NORTH AMERICAN NATIONAL BANK,1429
5/6/1987,26207.0,FAILURE,AMERICAN BANK OF COMMERCE,1427
4/30/1987,16098.0,FAILURE,PEOPLES STATE BANK,1425
4/30/1987,18595.0,FAILURE,UNITEDBANK-HOUSTON,1426
4/29/1987,22548.0,FAILURE,HERITAGE BANK & TRUST,1424
4/24/1987,31804.0,FAILURE,LIBERTY FS&LA,1423
4/23/1987,20304.0,FAILURE,OSCEOLA STATE BANK & TRUST COMPANY,1421
4/23/1987,26201.0,FAILURE,NORTH CENTRAL NATIONAL BANK,1422
4/22/1987,76.0,FAILURE,THE PEOPLES BANK,1419
4/22/1987,11426.0,FAILURE,THE BANK OF NORTH MISSISSIPPI,1420
4/16/1987,16291.0,FAILURE,FIRST STATE BANK OF FOREST CITY,1415
4/16/1987,20724.0,FAILURE,FIRST BANK OF SAGINAW,1416
4/16/1987,24467.0,FAILURE,"FIRST COMMERCIAL BANK OF TEXAS,",1417
4/16/1987,32204.0,FAILURE,SOUTHERN FLORIDABANC SA,1418
4/10/1987,10094.0,FAILURE,THE CITIZENS STATE BANK,1412
4/10/1987,16617.0,FAILURE,BANK OF IRON COUNTY,1413
4/10/1987,32028.0,FAILURE,FUTURE S&LA,1414
4/9/1987,4047.0,FAILURE,FIRST NATIONAL BANK OF BRAMAN,1408
4/9/1987,8316.0,FAILURE,DEER LODGE BANK & TRUST COMPANY,1409
4/9/1987,24161.0,FAILURE,COMMONWEALTH BANK,1410
4/9/1987,24791.0,FAILURE,"THE SOUTHWESTERN BANK, N.A.",1411
4/3/1987,31440.0,ASSISTANCE,TAHOE S&LA,1407
4/2/1987,4685.0,FAILURE,THE FIRST NATIONAL BANK OF HERINGTON,1406
3/27/1987,8803.0,FAILURE,TALLULAH STATE BANK & TRUST COMP,1404
3/27/1987,31880.0,FAILURE,EQUITABLE S&LA,1405
3/26/1987,9466.0,FAILURE,THE FIRST STATE BANK IN BILLINGS,1403
3/25/1987,32050.0,ASSISTANCE,SOUTH FLORIDA SAVINGS BANK,1402
3/24/1987,30681.0,ASSISTANCE,WESTERN S&LA,1401
3/20/1987,4243.0,FAILURE,THE MADILL BANK & TRUST COMPANY,1394
3/20/1987,13095.0,FAILURE,MOROCCO STATE BANK,1395
3/20/1987,24789.0,FAILURE,NEW CITY BANK,1396
3/20/1987,29821.0,FAILURE,FIRST FS&LA,1397
3/20/1987,31171.0,FAILURE,VERNON S&LA,1398
3/20/1987,31893.0,FAILURE,FIRST SOUTHERN SA,1399
3/20/1987,32156.0,ASSISTANCE,BAYOU FS&LA,1400
3/19/1987,1108.0,FAILURE,CLARKS FORK NATIONAL BANK,1391
3/19/1987,3139.0,FAILURE,RED RIVER NATIONAL BANK IN CLARKSVILLE,1392
3/19/1987,16856.0,FAILURE,SWEENEY BANK,1393
3/18/1987,32183.0,FAILURE,PERPETUAL SB,1390
3/17/1987,411.0,FAILURE,UNITED OKLAHOMA BANK,1389
3/13/1987,8846.0,FAILURE,BEAVER CREEK STATE BANK,1386
3/13/1987,29828.0,FAILURE,VICTOR S&LA,1387
3/13/1987,30467.0,ASSISTANCE,HOME S&LA,1388
3/12/1987,3372.0,FAILURE,THE FIRST NATIONAL BANK OF OLNEY,1382
3/12/1987,20915.0,FAILURE,WESTERN BANK,1383
3/12/1987,23445.0,FAILURE,PLAZA NATIONAL BANK,1384
3/12/1987,24822.0,FAILURE,EXPRESSWAY BANK,1385
3/6/1987,32163.0,ASSISTANCE,SOUTH BAY S&LA,1381
3/5/1987,14426.0,FAILURE,FIRST NATIONAL BANK IN WEST CONCORD,1377
3/5/1987,18994.0,FAILURE,LIBERTY BANK,1378
3/5/1987,24262.0,FAILURE,FIRST NATIONAL BANK OF SAPULPA,1379
3/5/1987,25326.0,FAILURE,SEALY NATIONAL BANK,1380
3/4/1987,9101.0,FAILURE,THE FIRST STATE BANK,1376
2/27/1987,3695.0,FAILURE,THE LEWISTOWN BANK,1373
2/27/1987,28129.0,FAILURE,FIRST FS&LA OF BELOIT,1374
2/27/1987,30623.0,FAILURE,KEY S&LA,1375
2/26/1987,17947.0,FAILURE,FARMERS STATE BANK,1370
2/26/1987,19331.0,ASSISTANCE,CENTRAL BANK & TRUST COMPANY,1371
2/26/1987,24356.0,FAILURE,FIRST NATIONAL BANK OF CROSBY,1372
2/25/1987,24068.0,ASSISTANCE,AMERICAN NATIONAL BANK,1369
2/20/1987,5579.0,FAILURE,THE FIRST NATIONAL BANK OF WESLACO,1367
2/20/1987,19257.0,FAILURE,HUB CITY BANK & TRUST COMPANY,1368
2/19/1987,24990.0,FAILURE,FIRST STATE BANK OF ATMORE,1366
2/13/1987,14742.0,FAILURE,"FIRST STATE BANK OF KING CITY, MISSOURI",1362
2/13/1987,21627.0,FAILURE,THE COUNTY BANK,1363
2/13/1987,31115.0,FAILURE,LIFE SAVINGS OF AMERICA,1364
2/13/1987,31913.0,FAILURE,"UNIVERSAL SA, FA",1365
2/12/1987,18773.0,FAILURE,FIRST CITY BANK OF ATOKA,1359
2/12/1987,24039.0,FAILURE,SECURITY NATIONAL BANK,1360
2/12/1987,25193.0,FAILURE,FEDERATED NATIONAL BANK,1361
2/11/1987,24056.0,FAILURE,COMMUNITY BANK,1358
2/5/1987,10496.0,FAILURE,STATE BANK OF ALLISON,1354
2/5/1987,17267.0,FAILURE,BOULEVARD STATE BANK,1355
2/5/1987,24274.0,FAILURE,MARKET NATIONAL BANK,1356
2/5/1987,24709.0,FAILURE,SUNBELT NATIONAL BANK,1357
1/29/1987,4372.0,FAILURE,THE FARMERS NATIONAL BANK OF REMINGTON,1348
1/29/1987,8444.0,FAILURE,THE LA PRYOR STATE BANK,1349
1/29/1987,15143.0,FAILURE,FIRST STATE BANK OF PATTONSBURG,1350
1/29/1987,19522.0,FAILURE,PEOPLES BANK & TRUST COMPANY,1351
1/29/1987,20694.0,FAILURE,"MONTGOMERY COUNTY BANK, N.A.",1352
1/29/1987,25633.0,FAILURE,BEAR CREEK NATIONAL BANK,1353
1/23/1987,2609.0,FAILURE,THE FIRST NATIONAL BANK OF MARLBOROUGH,1345
1/23/1987,23282.0,FAILURE,FIRST SIERRA BANK,1346
1/23/1987,32176.0,FAILURE,NORTH AMERICA  S&LA,1347
1/22/1987,14627.0,FAILURE,NATIONAL BANK OF FREDERICK,1344
1/16/1987,28309.0,FAILURE,UMPQUA S&LA,1341
1/16/1987,31169.0,FAILURE,FIRST S&LA OF BURKBURNETT,1342
1/16/1987,31598.0,ASSISTANCE,MAGIC VALLEY S&LA,1343
1/15/1987,4189.0,FAILURE,THE FIRST NATIONAL BANK OF RUSH SPRINGS,1337
1/15/1987,17475.0,FAILURE,LATIMER BANK & TRUST,1338
1/15/1987,23829.0,FAILURE,FIRST CHARTER BANK,1339
1/15/1987,24423.0,FAILURE,THE FIRST NATIONAL BANK OF SKIATOOK,1340
1/9/1987,12548.0,FAILURE,STATE BANK OF CUBA,1336
1/8/1987,4159.0,FAILURE,THE SECURITY NAT BK & TR CO. OF NORMAN,1333
1/8/1987,18756.0,FAILURE,BOWIE NATIONAL BANK,1334
1/8/1987,25053.0,FAILURE,AMERICAN NATIONAL BANK OF GRAND JUNCTION,1335
12/31/1986,20492.0,ASSISTANCE,CITIZENS BANK & TRUST COMPANY,1331
12/31/1986,27865.0,ASSISTANCE,LINCOLN FS&LA,1332
12/29/1986,15886.0,ASSISTANCE,BANK OF KANSAS CITY,1330
12/22/1986,29096.0,ASSISTANCE,ST. LOUIS FS&LA,1329
12/19/1986,1407.0,FAILURE,LAKELAND STATE BANK,1327
12/19/1986,11936.0,FAILURE,FARMERS STATE BANK,1328
12/18/1986,12294.0,FAILURE,FIRST BANK & TRUST CO.,1324
12/18/1986,24388.0,FAILURE,LAGO VISTA NATIONAL BANK,1325
12/18/1986,24638.0,FAILURE,LANDMARK NATIONAL BANK,1326
12/16/1986,29295.0,ASSISTANCE,BARRON COUNTY FS&LA,1323
12/12/1986,29461.0,FAILURE,FIRST SAVINGS OF AMERICA,1321
12/12/1986,29648.0,FAILURE,GUARANTY FEDERAL BANK FSB,1322
12/9/1986,14262.0,FAILURE,THE CITIZENS BANK OF WINDSOR,1320
12/5/1986,4069.0,FAILURE,CORDELL NATIONAL BANK,1318
12/5/1986,29048.0,FAILURE,FIRSTSOUTH  FS&LA,1319
12/4/1986,5258.0,FAILURE,FIRST NATIONAL BANK OF STEWARTVILLE,1315
12/4/1986,15371.0,FAILURE,PANHANDLE BANK & TRUST COMPANY,1316
12/4/1986,19094.0,FAILURE,HAYS STATE BANK,1317
11/26/1986,15409.0,ASSISTANCE,BANK OF COMMERCE,1314
11/24/1986,4166.0,ASSISTANCE,"BANK OF OKLAHOMA, OKLA. CITY, N.A.",1313
11/21/1986,31493.0,ASSISTANCE,GULF FEDERAL SAVINGS BANK,1311
11/21/1986,32105.0,ASSISTANCE,FIRST SECURITY  S&LA,1312
11/20/1986,3547.0,FAILURE,FIRST NATIONAL BANK,1308
11/20/1986,19098.0,FAILURE,NORMAN BANK OF COMMERCE,1309
11/20/1986,24855.0,FAILURE,TEXANA NATIONAL BANK OF COLLEGE,1310
11/14/1986,18871.0,FAILURE,FIRST NATIONAL BANK OF TEMPLE,1306
11/14/1986,24395.0,FAILURE,THE BANK OF NORTHERN CALIFORNIA,1307
11/13/1986,13570.0,FAILURE,THE HOXIE STATE BANK,1305
11/7/1986,10995.0,FAILURE,CHOKIO STATE BANK,1303
11/7/1986,24081.0,FAILURE,METROPOLITAN BANK & TRUST COMPANY,1304
11/6/1986,1428.0,FAILURE,THE HOME BANK,1299
11/6/1986,1620.0,FAILURE,FIRST STOCK YARDS BANK,1300
11/6/1986,4090.0,FAILURE,THE FIRST NATIONAL BANK & TR CO.,1301
11/6/1986,12998.0,FAILURE,THE CITIZENS STATE BANK,1302
11/5/1986,23504.0,FAILURE,SEDGWICK COUNTY BANK,1298
10/31/1986,20758.0,FAILURE,REPUBLIC BANK,1296
10/31/1986,27649.0,ASSISTANCE,FAMILY FS&LA,1297
10/23/1986,5437.0,FAILURE,BANK OF GERING,1291
10/23/1986,19010.0,FAILURE,STILLWATER COMMUNITY BANK,1292
10/23/1986,22145.0,FAILURE,SECURITY NATIONAL BANK,1293
10/23/1986,27712.0,ASSISTANCE,FARMERS FS&LA,1294
10/23/1986,30071.0,ASSISTANCE,FIRST STATE S&LA,1295
10/17/1986,23409.0,FAILURE,VALLEY STATE BANK,1290
10/10/1986,28527.0,FAILURE,HOMESTEAD S&LA,1288
10/10/1986,32157.0,FAILURE,UNIFIED SAVINGS BANK,1289
10/9/1986,24727.0,FAILURE,INDEPENDENT NATIONAL BANK,1287
10/3/1986,22869.0,FAILURE,COLUMBIA COMMUNITY BANK,1286
10/2/1986,14957.0,FAILURE,MISSOURI FARMERS BANK,1283
10/2/1986,24201.0,FAILURE,CENTURY NATIONAL BANK,1284
10/2/1986,24270.0,FAILURE,FRONTIER NATIONAL BANK,1285
10/1/1986,31384.0,ASSISTANCE,REPUBLIC SAVINGS BANK,1282
9/26/1986,17532.0,FAILURE,AMERICAN BANK & TRUST COMPANY,1281
9/25/1986,16861.0,FAILURE,THE HOME STATE BANK,1279
9/25/1986,23738.0,FAILURE,HERITAGE NATIONAL BANK,1280
9/19/1986,21038.0,FAILURE,TEXAS BANK & TRUST COMPANY,1277
9/19/1986,31338.0,ASSISTANCE,CAL AMERICA S&LA,1278
9/18/1986,21149.0,FAILURE,TEXAS INDEPENDENCE BANK,1276
9/12/1986,28664.0,FAILURE,RAMONA  S&LA,1274
9/12/1986,30438.0,FAILURE,WESTERN S&LA,1275
9/11/1986,31615.0,ASSISTANCE,DE VARGAS S&LA BANK,1273
9/10/1986,19167.0,FAILURE,CENTRAL BANK & TRUST OF TULSA,1272
9/4/1986,10673.0,FAILURE,FAIRVIEW STATE BANK OF FAIRVIEW,1270
9/4/1986,20616.0,FAILURE,WESTERN BANK,1271
8/30/1986,20178.0,ASSISTANCE,MID VALLEY BANK,1269
8/29/1986,28326.0,ASSISTANCE,CITIZENS FS&LA,1266
8/29/1986,28520.0,ASSISTANCE,DOLLAR SAVINGS BANK,1267
8/29/1986,31870.0,ASSISTANCE,FIRST SA OF KILGORE,1268
8/28/1986,18749.0,FAILURE,BUENA VISTA BANK & TRUST COMPANY,1263
8/28/1986,23248.0,FAILURE,ALBANY STATE BANK,1264
8/28/1986,25047.0,FAILURE,AMERICAN NATIONAL BANK OF EASTRIDGE,1265
8/27/1986,31902.0,ASSISTANCE,RESERVE S&LA,1261
8/27/1986,32123.0,FAILURE,METROPOLITAN FS&LA,1262
8/21/1986,3051.0,FAILURE,THE FIRST NATIONAL BANK IN RIFLE,1258
8/21/1986,9662.0,FAILURE,UNITED BANK OF MINNEAPOLIS,1259
8/21/1986,20116.0,FAILURE,DANBURY BANK,1260
8/20/1986,13714.0,FAILURE,MENDON STATE BANK,1257
8/15/1986,15603.0,ASSISTANCE,STATE BANK OF WESTPHALIA,1256
8/14/1986,8112.0,FAILURE,THE STATE EXCHANGE BANK,1254
8/14/1986,16698.0,FAILURE,CITIZENS NATIONAL BANK & TRUST CO,1255
8/8/1986,23229.0,FAILURE,MEDICINE BOW STATE BANK,1252
8/8/1986,31959.0,FAILURE,PENINSULA FS&LA,1253
8/7/1986,4088.0,FAILURE,THE FIRST NAT BANK & TRUST CO. OF EL RENO,1248
8/7/1986,16800.0,FAILURE,THE EASTON STATE BANK,1249
8/7/1986,17310.0,FAILURE,FIRST CITIZENS BANK,1250
8/7/1986,18377.0,FAILURE,GRAETTINGER STATE BANK,1251
8/1/1986,27888.0,ASSISTANCE,NATIONAL PERMANENT BANK FSB,1247
7/31/1986,1186.0,FAILURE,EDEN STATE BANK,1243
7/31/1986,4068.0,FAILURE,FIRST NATIONAL BANK IN CORDELL,1244
7/31/1986,5409.0,FAILURE,THE GERING NATIONAL BANK & TRUST,1245
7/31/1986,15109.0,FAILURE,CITIZENS STATE BANK,1246
7/25/1986,21622.0,FAILURE,THE BANK OF PARK COUNTY,1239
7/25/1986,23021.0,FAILURE,MOUNTAIN VALLEY BANK,1240
7/25/1986,28328.0,FAILURE,CENTRAL ILLINOIS S&LA,1241
7/25/1986,30768.0,FAILURE,MAJOR FEDERAL S&LA,1242
7/24/1986,4492.0,FAILURE,THE FIRST NATIONAL BANK OF PRAIRIE CITY,1237
7/24/1986,14111.0,FAILURE,MCCUNE STATE BANK,1238
7/23/1986,31173.0,ASSISTANCE,LINCOLN S&LA,1236
7/18/1986,8438.0,FAILURE,FARMER'S BANK,1233
7/18/1986,20355.0,FAILURE,PERMIAN BANK,1234
7/18/1986,32044.0,ASSISTANCE,SUN S&LA,1235
7/17/1986,2230.0,FAILURE,THE FIRST NATIONAL BANK OF SHERIDAN,1228
7/17/1986,12142.0,FAILURE,THE BANK OF KIOWA,1229
7/17/1986,16969.0,FAILURE,CALLAO COMMUNITY BANK,1230
7/17/1986,19579.0,FAILURE,FILLMORE COUNTY BANK,1231
7/17/1986,20457.0,FAILURE,NEW MEXICO NATIONAL BANK,1232
7/14/1986,4164.0,FAILURE,THE FIRST NAT BK & TR CO. OF OKLAHOMA,1226
7/14/1986,32103.0,ASSISTANCE,ATLAS S&LA,1227
7/11/1986,9730.0,FAILURE,FARMERS STATE BANK OF CLARISSA,1225
7/9/1986,28681.0,ASSISTANCE,EQUITABLE FSB,1224
7/2/1986,21676.0,FAILURE,NATIONAL BANK OF TEXAS,1223
6/27/1986,257.0,FAILURE,COMMERCIAL STATE BANK,1218
6/27/1986,15896.0,FAILURE,THE HOME STATE BANK,1219
6/27/1986,26439.0,FAILURE,ORANGE COAST THRIFT & LOAN ASSOCIATION,1220
6/27/1986,28149.0,ASSISTANCE,CITIZENS HOME SAVINGS COMPANY,1221
6/27/1986,28491.0,ASSISTANCE,THE STATE S&L CO.,1222
6/26/1986,8765.0,FAILURE,UNION DEPOSIT BANK,1216
6/26/1986,22275.0,FAILURE,CONTINENTAL NATIONAL BANK OF KENTUCKY,1217
6/20/1986,13050.0,FAILURE,THE AMERICAN BANK,1215
6/19/1986,4637.0,FAILURE,THE FIRST NATIONAL BANK OF CHANUTE,1213
6/19/1986,16683.0,FAILURE,FIRST NATIONAL BANK OF BORGER,1214
6/13/1986,8142.0,FAILURE,BOSSIER BANK & TRUST COMPANY,1211
6/13/1986,21889.0,FAILURE,THE BANK OF COMMERCE,1212
6/12/1986,24296.0,FAILURE,"PETROBANK, N.A.",1210
6/6/1986,23807.0,FAILURE,SECURITY BANK OF GLENROCK,1207
6/6/1986,28240.0,ASSISTANCE,FIRST OF MONTGOMERY COUNTY,1208
6/6/1986,31727.0,ASSISTANCE,MOUNTAIN SECURITY SB,1209
6/5/1986,18093.0,FAILURE,THE CITIZENS ST BANK OF MCCRACKEN,1206
5/31/1986,32314.0,FAILURE,SEAPOINTE S&LA,1205
5/30/1986,8315.0,FAILURE,BANK OF COLUMBIA FALLS,1203
5/30/1986,22456.0,FAILURE,"BANCO DE AHORRO, F.S.B.",1204
5/29/1986,4157.0,FAILURE,THE FIRST NATIONAL BK & TR CO. OF NORMAN,1201
5/29/1986,25297.0,FAILURE,"THE LONE ROCK BANK, N.A.",1202
5/28/1986,14034.0,FAILURE,ROSELAND STATE BANK,1200
5/23/1986,16382.0,FAILURE,FIRST STATE BANK & TRUST COMPANY,1197
5/23/1986,20857.0,FAILURE,SUNSHINE STATE BANK,1198
5/23/1986,20912.0,FAILURE,CENTENNIAL STATE BANK OF COLORADO,1199
5/22/1986,32199.0,FAILURE,CONSOLIDATED SAVINGS BANK,1196
5/15/1986,14767.0,FAILURE,THE CITIZENS STATE BANK OF ST. FRANCIS,1194
5/15/1986,24645.0,FAILURE,SADDLEBACK NATIONAL BANK,1195
5/9/1986,2864.0,FAILURE,FIRST BANK & TRUST OF IDAHO,1192
5/9/1986,19216.0,FAILURE,RAINSVILLE BANK,1193
5/8/1986,4215.0,FAILURE,BANK OF COMMERCE & TRUST COMPANY,1191
5/1/1986,4055.0,FAILURE,THE FIRST NATIONAL BANK OF CARTER,1188
5/1/1986,4426.0,FAILURE,THE BEDFORD NATIONAL BANK,1189
5/1/1986,4742.0,FAILURE,BANK OF NORTONVILLE,1190
4/30/1986,28563.0,ASSISTANCE,WASHINGTON FIRST FS&LA,1187
4/24/1986,3088.0,FAILURE,THE FIRST NATIONAL BANK OF BANDERA,1185
4/24/1986,18534.0,FAILURE,FIRST NATIONAL BANK OF IRVING,1186
4/22/1986,16943.0,FAILURE,UNION COUNTY BANK,1184
4/18/1986,21531.0,FAILURE,FLORIDA CENTER BANK,1183
4/16/1986,13925.0,ASSISTANCE,THE TALMAGE STATE BANK,1181
4/16/1986,31989.0,FAILURE,SUMMIT S&LA,1182
4/14/1986,31550.0,ASSISTANCE,FIRST AMERICAN S&LA,1178
4/14/1986,31943.0,ASSISTANCE,COLUMBUS S&LA,1179
4/14/1986,32059.0,FAILURE,GATEWAY SB,1180
4/11/1986,23920.0,FAILURE,CENTER NATIONAL BANK,1177
4/10/1986,4452.0,FAILURE,THE NATIONAL BANK,1174
4/10/1986,11451.0,FAILURE,THE PEOPLES BANK OF MERCER,1175
4/10/1986,14308.0,FAILURE,THE FIRST NATIONAL BANK OF RUSTON,1176
4/4/1986,30342.0,FAILURE,MAINLAND  S&LA,1173
4/3/1986,22774.0,FAILURE,INDUSTRIAL NATIONAL BANK OF EAST CHICAGO,1171
4/3/1986,23190.0,FAILURE,EDDY COUNTY NATIONAL BANK,1172
3/28/1986,14389.0,FAILURE,FARMERS & MERCHANTS BANK OF HUNTSVILLE,1168
3/28/1986,22432.0,FAILURE,FAMILY BANK,1169
3/28/1986,31702.0,ASSISTANCE,"UNITED BANK, SSB",1170
3/27/1986,9951.0,FAILURE,STOCKHOLM STATE BANK,1164
3/27/1986,11911.0,FAILURE,FIRST STATE BANK,1165
3/27/1986,17616.0,FAILURE,FIRST STATE BANK,1166
3/27/1986,31927.0,FAILURE,WESTWOOD S&LA,1167
3/21/1986,30966.0,FAILURE,GUARANTY S&LA,1163
3/20/1986,12667.0,FAILURE,WILLIAMS SAVINGS BANK,1160
3/20/1986,31380.0,ASSISTANCE,FIRST FS&LA OF REDDING,1161
3/20/1986,31632.0,ASSISTANCE,HACIENDA FS&LA,1162
3/14/1986,1405.0,FAILURE,FARMERS & MERCHANTS ST BK OF LAMBERTON,1157
3/14/1986,31186.0,ASSISTANCE,MERCURY S&LA OF TEXAS,1158
3/14/1986,31590.0,ASSISTANCE,BEN MILAM S&LA,1159
3/7/1986,9391.0,FAILURE,THE CITIZENS BANK OF WINIGAN,1156
3/6/1986,5482.0,FAILURE,THE FIRST NATIONAL BANK OF TEKAMAH,1154
3/6/1986,13920.0,FAILURE,THE CITY NATIONAL BANK OF PLAINVIEW,1155
2/27/1986,3224.0,FAILURE,THE FIRST NATIONAL BANK OF GORMAN,1153
2/21/1986,19405.0,FAILURE,FIRST NATIONAL BANK AT DOUGLAS,1150
2/21/1986,23151.0,FAILURE,ELK CITY STATE BANK,1151
2/21/1986,29920.0,FAILURE,CAPITOL S&LA,1152
2/14/1986,16740.0,FAILURE,FIRST NATIONAL BANK OF TIPTON,1145
2/14/1986,20859.0,FAILURE,PARK BANK OF FLORIDA,1146
2/14/1986,25162.0,FAILURE,"EXECUTIVE CENTER BANK, N.A.",1147
2/14/1986,32006.0,FAILURE,AMERICAN DIVERSIFIED SAVINGS BANK,1148
2/14/1986,32215.0,FAILURE,INTERCAPITAL S&LA,1149
2/12/1986,32058.0,FAILURE,MT. WHITNEY S&LA,1144
2/7/1986,11484.0,FAILURE,JOHNSON COUNTY BANK,1141
2/7/1986,20572.0,FAILURE,VALENCIA BANK,1142
2/7/1986,31645.0,ASSISTANCE,CORONADO FS&LA,1143
2/6/1986,4422.0,FAILURE,THE PEOPLES NATIONAL BANK & TRUST,1140
1/31/1986,32149.0,ASSISTANCE,GREAT WEST S&LA,1139
1/30/1986,32273.0,FAILURE,BOHEMIAN S&LA,1138
1/24/1986,22715.0,FAILURE,UTAH FIRSTBANK,1136
1/24/1986,22818.0,FAILURE,PIONEER STATE BANK,1137
1/17/1986,21722.0,FAILURE,FIRST PROGRESSIVE BANK,1134
1/17/1986,22670.0,FAILURE,AMERICAN BANK OF CASPER,1135
1/10/1986,8147.0,FAILURE,BANK OF DIXIE,1133
1/9/1986,4798.0,FAILURE,THE FIRST NATIONAL BANK OF WHITE CITY,1130
1/9/1986,8976.0,FAILURE,FIRST STATE BANK,1131
1/9/1986,32205.0,FAILURE,MANHATTAN BEACH S&LA,1132
1/2/1986,29406.0,ASSISTANCE,FIRST FS&LA,1129
12/31/1985,16074.0,ASSISTANCE,HOME SAVINGS BANK,1127
12/31/1985,30611.0,ASSISTANCE,SUN FS&LA,1128
12/20/1985,1917.0,FAILURE,STATE BANK OF FROST,1123
12/20/1985,22698.0,FAILURE,FIRST CITY BANK,1124
12/20/1985,30507.0,ASSISTANCE,BROWNFIELD  S&LA,1125
12/20/1985,31117.0,ASSISTANCE,STATE S&LA OF LUBBOCK,1126
12/19/1985,8299.0,FAILURE,PRINCETON STATE BANK,1119
12/19/1985,8596.0,FAILURE,FARMERS & MERCHANTS BANK,1120
12/19/1985,16732.0,FAILURE,FARMERS STATE BANK,1121
12/19/1985,18726.0,FAILURE,BANK OF PANAMA,1122
12/13/1985,12460.0,FAILURE,"THE FARMERS STATE BANK OF BARRY COUNTY, EX",1116
12/13/1985,23977.0,FAILURE,THE FIRST NATIONAL BANK IN LINCOLN COUNTY,1117
12/13/1985,24449.0,FAILURE,LAKE NATIONAL BANK,1118
12/6/1985,31321.0,FAILURE,GUARANTY S&LA,1114
12/6/1985,31354.0,FAILURE,STATE  FS&LA,1115
12/5/1985,1433.0,FAILURE,SECURITY STATE BANK,1112
12/5/1985,4115.0,FAILURE,THE FARMERS AND MERCHANTS NATIONAL BANK OF,1113
12/4/1985,31792.0,FAILURE,CITIZENS S&LA,1111
12/2/1985,27622.0,ASSISTANCE,HOME FS&LA,1108
12/2/1985,30731.0,ASSISTANCE,MIDLAND FS&LA,1109
12/2/1985,30914.0,ASSISTANCE,HOME FS&LA,1110
12/1/1985,28890.0,ASSISTANCE,CITIZENS FS&LA,1107
11/26/1985,31761.0,FAILURE,USM (U.S. MUTUAL) S&LA,1106
11/25/1985,30952.0,ASSISTANCE,HI-PLAINS  S&LA,1105
11/22/1985,11931.0,FAILURE,CHESTER STATE BANK,1102
11/22/1985,20533.0,FAILURE,ALLEN COUNTY BANK AND TRUST COMPANY,1103
11/22/1985,21691.0,FAILURE,CALIFORNIA HERITAGE BANK,1104
11/21/1985,2306.0,FAILURE,THE DILL STATE BANK,1098
11/21/1985,4740.0,FAILURE,DECATAUR COUNTY NATIONAL BANK OF OBERLIN,1099
11/21/1985,8562.0,FAILURE,THE CLARKSDALE BANK OF CLARKDALE,1100
11/21/1985,13160.0,FAILURE,THE FARMERS AND MERCHANTS STATE BANK OF RU,1101
11/14/1985,5550.0,FAILURE,FIRST NATIONAL BANK OF TEAGUE,1097
11/8/1985,14271.0,FAILURE,AUBURN SAVINGS BANK,1095
11/8/1985,18859.0,FAILURE,NORTHSHORE BANK,1096
11/1/1985,10116.0,FAILURE,EARLY SAVINGS BANK,1091
11/1/1985,23218.0,FAILURE,YELLOWSTONE STATE BANK,1092
11/1/1985,23892.0,FAILURE,THE AURORA BANK,1093
11/1/1985,27972.0,ASSISTANCE,LEWIS FS&LA,1094
10/28/1985,31841.0,ASSISTANCE,SECURITY TRUST S&LA,1090
10/18/1985,12189.0,FAILURE,FARMERS STATE BANK OF KANARANZI,1085
10/18/1985,14670.0,FAILURE,FIRST STATE BANK,1086
10/18/1985,19383.0,FAILURE,THE CITIZENS BANK,1087
10/18/1985,23024.0,FAILURE,THE EARLY BANK,1088
10/18/1985,32032.0,FAILURE,FARMERS SAVINGS BANK,1089
10/17/1985,2321.0,FAILURE,FARMERS STATE BANK IN AFTON,1084
10/11/1985,525.0,FAILURE,SARATOGA STATE BANK,1082
10/11/1985,4602.0,FAILURE,THE FIRST NATIONAL BANK OF ST. JOSEPH,1083
10/10/1985,15756.0,FAILURE,BANK OF CANTON,1081
10/4/1985,28422.0,ASSISTANCE,SUN S&LA,1080
10/3/1985,24573.0,FAILURE,"TOWER BANK, N.A.",1079
10/1/1985,15919.0,ASSISTANCE,BOWERY SAVINGS BANK,1076
10/1/1985,27873.0,ASSISTANCE,BATON ROUGE S&LA,1077
10/1/1985,30922.0,ASSISTANCE,SECURITY FS&LA,1078
9/27/1985,4207.0,FAILURE,THE FIRST NATIONLAL BANK IN TERRAL,1072
9/27/1985,18760.0,FAILURE,WESTERN STATE BANK,1073
9/27/1985,31652.0,ASSISTANCE,FAMILY FS&LA,1074
9/27/1985,32207.0,ASSISTANCE,GOLDEN PACIFIC S&LA,1075
9/25/1985,1148.0,FAILURE,THE SEDAN STATE BANK,1071
9/20/1985,30916.0,ASSISTANCE,GLEN ELLYN  S&LA,1070
9/18/1985,12743.0,FAILURE,ELBA STATE BANK,1069
9/13/1985,21562.0,FAILURE,THE FIRST NATIONAL BANK OF ROCKLAND,1068
9/12/1985,20490.0,FAILURE,FIRST SECURITY BANK OF DICKSON,1066
9/12/1985,24106.0,FAILURE,"MONCOR BANK, N.A.",1067
9/6/1985,23209.0,FAILURE,BANK OF CLIFTON,1064
9/6/1985,30676.0,ASSISTANCE,HEIGHTS SAVINGS ASSOCIATION,1065
9/4/1985,6096.0,FAILURE,THE BANK OF LORETTO,1063
9/3/1985,27766.0,ASSISTANCE,CITIZENS FS&LA,1062
8/30/1985,16798.0,FAILURE,"MONCOR BANK, N.A.",1060
8/30/1985,28124.0,FAILURE,WESTSIDE FS&LA,1061
8/28/1985,16084.0,FAILURE,CARDWELL STATE BANK,1057
8/28/1985,19574.0,FAILURE,MISSOURI DELTA BANK,1058
8/28/1985,31749.0,FAILURE,PRESIDIO  S&LA,1059
8/23/1985,10501.0,FAILURE,THE BANK OF BRONSON,1055
8/23/1985,32083.0,FAILURE,ALLIANCE FS&LA,1056
8/20/1985,31818.0,FAILURE,CENTENNIAL  S&LA,1054
8/16/1985,55.0,ASSISTANCE,THE COMMERCIAL BANK,1052
8/16/1985,32055.0,FAILURE,MONTANA S&LA,1053
8/15/1985,24761.0,FAILURE,"PARK WEST BANK, N.A.",1051
8/14/1985,15380.0,FAILURE,STATE BANK OF HERNDON,1050
8/9/1985,10085.0,FAILURE,STATE BANK OF FARMERSVILLE,1048
8/9/1985,31906.0,FAILURE,SIERRA FS&LA,1049
8/8/1985,18907.0,FAILURE,SECURITY BANK & TRUST COMPANY,1047
8/7/1985,29540.0,ASSISTANCE,BUTTERFIELD  S&LA,1046
8/6/1985,14180.0,FAILURE,MINEOLA STATE BANK,1045
8/2/1985,10970.0,FAILURE,FARMERS STATE BANK OF ROUND LAKE,1042
8/2/1985,11828.0,FAILURE,FARMERS STATE BANK,1043
8/2/1985,29527.0,FAILURE,BELL SAVINGS BANC,1044
8/1/1985,18862.0,FAILURE,RIVERSIDE NATIONAL BANK OF HOUSTON,1040
8/1/1985,29071.0,ASSISTANCE,WESTERN HERITAGE FS&LA,1041
7/25/1985,12423.0,FAILURE,CITIZENS STATE BANK OF EL DORADO,1037
7/25/1985,20699.0,FAILURE,KANSAS AMERICAN BANK,1038
7/25/1985,28490.0,ASSISTANCE,BELL  S&LA,1039
7/23/1985,4745.0,FAILURE,THE FIRST NATIONAL BANK OF ONAGA,1035
7/23/1985,18928.0,FAILURE,FIRST NATIONAL BANK OF GLENROCK,1036
7/19/1985,10625.0,FAILURE,LINN COUNTY BANK,1032
7/19/1985,22851.0,FAILURE,GILPIN COUNTY BANK,1033
7/19/1985,28504.0,ASSISTANCE,FLUSHING FS&LA,1034
7/18/1985,3166.0,FAILURE,THE FIRST NATIONAL BANK OF DAROUZZET,1029
7/18/1985,17962.0,FAILURE,ESKRIDGE STATE BANK,1030
7/18/1985,32016.0,FAILURE,"SUNRISE, S&LA",1031
7/11/1985,22163.0,FAILURE,CROSSROADS STATE BANK,1028
7/5/1985,14837.0,FAILURE,THE FIRST NATIONAL BANK OF JACKSONVILLE,1027
7/2/1985,10510.0,FAILURE,MADISON BANK,1026
7/1/1985,31839.0,ASSISTANCE,CITIZENS S&LA,1025
6/28/1985,4968.0,FAILURE,FIRST BANK & TRUST,1024
6/26/1985,31940.0,ASSISTANCE,CENTURY SA,1023
6/25/1985,28913.0,FAILURE,"SUN BELT FEDERAL BANK, FSB",1017
6/25/1985,31480.0,FAILURE,NEW ORLEANS S&LA,1018
6/25/1985,31891.0,FAILURE,AUDUBON S&LA,1019
6/25/1985,32015.0,FAILURE,COMMUNITY FS&LA,1020
6/25/1985,32029.0,FAILURE,NORTHLAKE S&LA,1021
6/25/1985,32098.0,FAILURE,CRESCENT SAVINGS BANK,1022
6/21/1985,4165.0,FAILURE,"FIRST CITY BANK, N.A.",1013
6/21/1985,13153.0,FAILURE,URBANA SAVINGS BANK,1014
6/21/1985,22452.0,FAILURE,GOLDEN PACIFIC NATIONAL BANK,1015
6/21/1985,28745.0,ASSISTANCE,EUREKA FS&LA,1016
6/20/1985,10507.0,FAILURE,FARMERS STATE BANK OF DEXTER,1012
6/14/1985,1602.0,FAILURE,SWIFT COUNTY BANK,1010
6/14/1985,11613.0,FAILURE,STRONG'S BANK,1011
6/13/1985,4657.0,FAILURE,THE FIRST STATE BANK,1009
6/11/1985,18551.0,FAILURE,AMERICAN NATIONAL BANK OF RIVERTON,1008
6/7/1985,31323.0,FAILURE,COMMUNITY FS&LA,1006
6/7/1985,31674.0,FAILURE,MAGNOLIA FS&LA,1007
6/6/1985,28621.0,ASSISTANCE,SOUTHERN CALIFORNIA  S&LA,1005
5/31/1985,13797.0,FAILURE,BANK OF TAYLOR,1000
5/31/1985,18388.0,FAILURE,FAIRFIELD STATE BANK,1001
5/31/1985,18738.0,FAILURE,SECURITY STATE BANK,1002
5/31/1985,19117.0,FAILURE,SCROGGIN & COMPANY BANK,1003
5/31/1985,30965.0,ASSISTANCE,CENTRAL S&LA,1004
5/31/1985,5177.0,FAILURE,FIRST TRUST BANK OF LAKEFIELD,997
5/31/1985,9477.0,ASSISTANCE,BANK OF OREGON,998
5/31/1985,13790.0,FAILURE,BANK OF LOCKESBURG,999
5/28/1985,29052.0,ASSISTANCE,FIRST FS&LA OF FREEPORT,996
5/23/1985,19076.0,FAILURE,NORTHWEST BANK,995
5/22/1985,30054.0,ASSISTANCE,HOME FS&LA,994
5/16/1985,21757.0,FAILURE,BANK OF NEWCASTLE,992
5/16/1985,23889.0,FAILURE,"THE ENERGY BANK, N.A.",993
5/10/1985,28448.0,ASSISTANCE,"FIRST FINANCIAL BANK, FSB",991
5/9/1985,5813.0,FAILURE,STORY COUNTY STATE BANK,990
5/3/1985,10599.0,FAILURE,FARMERS STATE BANK,988
5/3/1985,16573.0,FAILURE,FARMERS SAVINGS BANK,989
5/2/1985,11775.0,FAILURE,THE BANK OF COMMERCE,984
5/2/1985,27832.0,ASSISTANCE,CAPITAL CITY FS&LA,985
5/2/1985,30728.0,ASSISTANCE,NORTHERN VIRGINIA S&LA,986
5/2/1985,30934.0,ASSISTANCE,FIRST FEDERAL OF TITUSVILLE,987
5/1/1985,29279.0,ASSISTANCE,BRIGHTON FS&LA,983
4/26/1985,12414.0,FAILURE,PEOPLES STATE BANK,981
4/26/1985,20708.0,FAILURE,FIRST ENTERPRISE BANK,982
4/23/1985,29769.0,ASSISTANCE,BEVERLY HILLS  S&LA,980
4/18/1985,3057.0,FAILURE,THE FIRST NATIONAL BANK OF SPRINGFIELD,978
4/18/1985,3294.0,FAILURE,THE PEOPLES NATIONAL BANK OF LAMPASAS,979
4/12/1985,16255.0,FAILURE,FIRST STATE BANK OF ELGIN,975
4/12/1985,21984.0,FAILURE,SOUTH COAST BANK,976
4/12/1985,28447.0,FAILURE,STATE S&LA,977
4/10/1985,17466.0,FAILURE,STATE BANK OF ALEXANDRIA,974
4/5/1985,22159.0,FAILURE,CAPISTRANO NATIONAL BANK,973
4/4/1985,2336.0,FAILURE,BANK OF HUNTER,972
3/29/1985,23408.0,FAILURE,FIDELITY BANK OF DENVER,971
3/25/1985,22387.0,FAILURE,GOLDEN VALLEY BANK,970
3/15/1985,10811.0,FAILURE,TAYLOR STATE BANK,969
3/8/1985,949.0,FAILURE,COMMERCIAL STATE BANK,966
3/8/1985,8345.0,FAILURE,CITIZENS STATE BANK,967
3/8/1985,32171.0,FAILURE,WESTERN COMMUNITY S&L,968
3/1/1985,19064.0,FAILURE,HALIFAX NATIONAL BANK OF PORT ORANGE,965
2/19/1985,16248.0,FAILURE,INWOOD STATE BANK,964
2/15/1985,10997.0,FAILURE,CITIZENS STATE BANK OF FULDA,963
2/14/1985,14563.0,FAILURE,FIRST NATIONAL BANK OF EADS,962
2/8/1985,2393.0,FAILURE,PEOPLES BANK & TRUST CO.,960
2/8/1985,22673.0,FAILURE,WEST VALLEY BANK,961
2/7/1985,4093.0,FAILURE,FARMERS NATIONAL BANK OF ERICK,958
2/7/1985,4523.0,FAILURE,FIRST NATIONAL BANK OF WOODBINE,959
2/1/1985,22822.0,FAILURE,CITIZENS FIDELITY BANK,957
1/25/1985,17833.0,FAILURE,THE STEELE STATE BANK,956
1/24/1985,4141.0,FAILURE,THE FIRST NATIONAL BANK IN MARLOW,954
1/24/1985,13812.0,FAILURE,FIRST NATIONAL BANK IN CLARKSVILLE,955
1/11/1985,22757.0,FAILURE,COAST COMMUNITY BANK,953
1/7/1985,18751.0,FAILURE,STATE BANK OF DANNEBROG,952
1/4/1985,22433.0,FAILURE,CITIZENS STATE BANK,951
1/1/1985,30066.0,ASSISTANCE,FIDELITY S&L,949
1/1/1985,32067.0,ASSISTANCE,PEOPLES S&LA,950
12/22/1984,22160.0,FAILURE,FIRST SECURITY BANK,948
12/20/1984,17700.0,FAILURE,THE FARMERS STATE BANK,947
12/18/1984,20978.0,FAILURE,UEHLING STATE BANK,946
12/11/1984,21505.0,FAILURE,UNIVERSITY BANK OF WICHITA,945
12/7/1984,18946.0,FAILURE,FARMERS STATE BK OF HOLYOKE,943
12/7/1984,31987.0,FAILURE,SAN MARINO S&LA,944
12/4/1984,22999.0,FAILURE,GOLDEN SPIKE STATE BANK,942
11/30/1984,2378.0,FAILURE,THE DAYTON BK & TR CO.,941
11/29/1984,12429.0,FAILURE,THE STRONG CITY STATE BANK,940
11/16/1984,21016.0,FAILURE,FIRST AMERICAN BANKING COMPANY,934
11/16/1984,30848.0,ASSISTANCE,KNOX FS&LA,935
11/16/1984,31848.0,ASSISTANCE,AMERICAN S&LA,936
11/16/1984,31877.0,ASSISTANCE,JOHN SEVIER S&LA,937
11/16/1984,31883.0,FAILURE,SAVANNAH FS&LA,938
11/16/1984,31890.0,ASSISTANCE,EAST TENNESSEE,939
10/25/1984,4671.0,FAILURE,THE FIRST NAT BK OF GAYLORD,933
10/24/1984,1994.0,FAILURE,THE BANK OF CODY,930
10/24/1984,8342.0,FAILURE,FARMERS STATE BANK,931
10/24/1984,16646.0,FAILURE,STATE BANK OF BOYD,932
10/19/1984,8985.0,FAILURE,AMERICAN STATE BANK,929
10/12/1984,11008.0,FAILURE,BUCKLIN STATE BANK OF BUCKLIN,927
10/12/1984,16991.0,FAILURE,ONEIDA BK & TR CO.,928
10/10/1984,12867.0,FAILURE,THE REXFORD STATE BANK,926
10/5/1984,9883.0,FAILURE,THE FARMERS & MERCHANTS BANK,925
10/2/1984,30939.0,ASSISTANCE,FIDELITY FS&LA,924
10/1/1984,28764.0,ASSISTANCE,SUBURBIA FS&LA,922
10/1/1984,31617.0,ASSISTANCE,HOME FS&LA,923
9/28/1984,16148.0,ASSISTANCE,ORANGE SAVINGS BANK,921
9/21/1984,2304.0,FAILURE,SECURITY STATE BANK,919
9/21/1984,27781.0,ASSISTANCE,CONTINENTAL FS&LA,920
9/20/1984,22369.0,FAILURE,CENTURY NATIONAL BANK,918
9/19/1984,16531.0,FAILURE,BANK OF VERDIGRE & TRUST COMPANY,917
9/14/1984,19119.0,FAILURE,COMMUNITY BK & TR CO.,916
9/7/1984,233.0,FAILURE,OAKLAND SAVINGS BANK,914
9/7/1984,29456.0,ASSISTANCE,UNION FS&LA,915
9/6/1984,13256.0,FAILURE,DAVID CITY BANK,913
9/1/1984,29892.0,ASSISTANCE,RHODE ISLAND FS&LA,912
8/31/1984,22485.0,FAILURE,BANK OF THE NORTHWEST,911
8/28/1984,28418.0,ASSISTANCE,FIDELITY FS&LA,909
8/28/1984,31284.0,ASSISTANCE,AMERICAN HERITAGE SAVINGS FA,910
8/24/1984,9219.0,FAILURE,HEREFORD STATE BANK,908
8/22/1984,4780.0,FAILURE,THE FIRST STATE BANK,907
8/16/1984,14422.0,FAILURE,AMERICAN NAT BK IN MCLEAN,905
8/16/1984,23765.0,FAILURE,GIROD TRUST COMPANY,906
8/10/1984,10480.0,FAILURE,PEOPLES STATE BANK OF CLAY COUNTY,902
8/10/1984,14796.0,FAILURE,THE TINGLEY STATE SAVINGS BANK,903
8/10/1984,28546.0,ASSISTANCE,CENTURY FS&LA,904
8/9/1984,3895.0,FAILURE,JACKSON COUNTY NATIONAL BANK,901
8/1/1984,31414.0,ASSISTANCE,MITCHELL HOME S&LA,900
7/24/1984,10699.0,FAILURE,COALMONT SAVINGS BANK,898
7/24/1984,31392.0,ASSISTANCE,"QUEEN CITY S&LA, WA",899
7/19/1984,18510.0,FAILURE,THE GUARANTY BK OF SAINT PAUL,897
7/18/1984,29182.0,ASSISTANCE,WINDOM FS&LA,896
7/12/1984,3782.0,FAILURE,THE COFFEEN NATIONAL BANK,895
6/29/1984,16654.0,FAILURE,EAST TEXAS BK & TR CO.,894
6/27/1984,9175.0,FAILURE,AMERICAN BANK,893
6/21/1984,4424.0,FAILURE,THE FARMERS NAT BK OF AURELIA,892
6/18/1984,12213.0,FAILURE,REPUBLIC BK OF KANSAS CITY,891
6/15/1984,5631.0,FAILURE,THE CORNING BANK,888
6/15/1984,9009.0,FAILURE,FARMERS STATE BANK,889
6/15/1984,20188.0,FAILURE,THE LAWRENCE COUNTY BANK,890
6/8/1984,23362.0,FAILURE,STEWARDSHIP BANK OF OREGON,886
6/8/1984,31644.0,ASSISTANCE,AMERICAN S&LA,887
6/5/1984,9054.0,FAILURE,CHEROKEE COUNTY BANK,885
6/1/1984,22848.0,FAILURE,GARDEN GROVE COMMUNITY BANK,884
5/24/1984,24098.0,FAILURE,FIRST NAT BK OF PRIOR LAKE,883
5/18/1984,11791.0,FAILURE,PLANTERS TRUST & SAVINGS BANK OF OPELOUSAS,879
5/18/1984,21410.0,FAILURE,BANK OF IRVINE,880
5/18/1984,21891.0,FAILURE,BLEDSOE COUNTY BANK,881
5/18/1984,22568.0,FAILURE,WASHINGTON NAT BK OF CHICAGO,882
5/17/1984,3622.0,ASSISTANCE,CONTINENTAL ILLINOIS NAT BK & TR,878
5/16/1984,31636.0,ASSISTANCE,INVESTORS S&LA,877
5/11/1984,17036.0,FAILURE,THE MISSISSIPPI BANK,875
5/11/1984,18112.0,FAILURE,FIRST CONTINENTAL BANK & TRUST COMPANY OF,876
5/8/1984,23358.0,FAILURE,THE NAT BK OF CARMEL,874
5/4/1984,5239.0,FAILURE,THE FIRST NAT BK OF RUSHFORD,870
5/4/1984,19091.0,FAILURE,WESTERN NATIONAL BK OF CASPER,871
5/4/1984,22861.0,FAILURE,STATE BANK OF MILLS,872
5/4/1984,23335.0,FAILURE,FIRST NATIONAL BANK,873
4/27/1984,1472.0,FAILURE,CITIZENS BK OF MONROE COUNTY,868
4/27/1984,22744.0,FAILURE,WEST COAST BANK,869
4/26/1984,18527.0,FAILURE,UNITED OF AMERICA BANK,867
4/19/1984,4380.0,FAILURE,THE SHELBY NAT BK OF SHELBYVILLE,865
4/19/1984,9312.0,FAILURE,GAMALIEL BANK,866
4/13/1984,18961.0,FAILURE,SECURITY NATIONAL BK OF LUBBOCK,864
4/6/1984,20227.0,FAILURE,FIRST SECURITY BANK,862
4/6/1984,22210.0,FAILURE,WATAUGA VALLEY BANK,863
4/3/1984,31836.0,FAILURE,AMERICAN S&LA,861
4/2/1984,29184.0,ASSISTANCE,FIRST FS AND LA OF GRAND FORKS AND MINOT,860
4/1/1984,30911.0,ASSISTANCE,SCANDIA S&LA,859
3/16/1984,15783.0,FAILURE,SEMINOLE STATE NATIONAL BANK,857
3/16/1984,22093.0,FAILURE,HERITAGE BANK,858
3/14/1984,31716.0,FAILURE,EMPIRE S&LA,856
3/9/1984,14598.0,FAILURE,NATIONAL BANK AND TRUST COMPANY OF TRAVERS,855
3/2/1984,22784.0,FAILURE,UNITED BANK OF OREGON,853
3/2/1984,22922.0,FAILURE,ALL AMERICAN NATIONAL BANK,854
3/1/1984,30102.0,ASSISTANCE,HOME S&LA,852
2/17/1984,1177.0,FAILURE,BROWNFIELD STATE BK & TR CO.,851
2/10/1984,19282.0,FAILURE,WEST OLYMPIA BANK,850
2/8/1984,10466.0,FAILURE,HERITAGE BANK OF BUREAU COUNTY,849
2/3/1984,843.0,FAILURE,THE TUCKER COUNTY BANK,847
2/3/1984,22929.0,FAILURE,EMERALD EMPIRE BANKING CO.,848
1/27/1984,20567.0,FAILURE,INDIAN SPRINGS STATE BANK,845
1/27/1984,31584.0,FAILURE,UNION MUTUAL S&LA,846
1/20/1984,9960.0,FAILURE,CITY & COUNTY BK OF JEFFERSON CT,844
1/6/1984,4971.0,FAILURE,FARMERS BK & TR CO.,843
12/30/1983,31558.0,ASSISTANCE,FIRST FS&LA OF MONROEVILLE,842
12/27/1983,27882.0,ASSISTANCE,CITIZENS S&LA,841
12/16/1983,431.0,FAILURE,THE BANK OF RED OAK,840
12/13/1983,1731.0,FAILURE,BANK OF HACKLEBURG,839
12/9/1983,23674.0,FAILURE,UNION TRUST COMPANY,838
12/2/1983,31114.0,FAILURE,METRO FS&LA,837
12/1/1983,30478.0,ASSISTANCE,BOHEMIAN S&LA,836
11/25/1983,11692.0,FAILURE,ATKINSON TRUST & SAVINGS BANK,835
11/14/1983,28768.0,ASSISTANCE,FIRST FS&LA OF FT. WAYNE,831
11/14/1983,29453.0,ASSISTANCE,SOUTH BEND FS&LA,832
11/14/1983,31275.0,ASSISTANCE,AMERICAN FS&LA,833
11/14/1983,31557.0,ASSISTANCE,FT. WAYNE FS&LA,834
11/11/1983,2166.0,FAILURE,FIRST NAT BK OF BROWNING,830
11/3/1983,31281.0,FAILURE,"STATE OF CLOVIS, SA",829
10/28/1983,30642.0,FAILURE,CLEVELAND COMMUNITY SAVINGS CO.,828
10/14/1983,3343.0,FAILURE,THE FIRST NAT BK OF MIDLAND,826
10/14/1983,30396.0,ASSISTANCE,FIRST CAROLINA FS&LA,827
10/7/1983,22807.0,FAILURE,THE DESCHUTES BANK,825
10/1/1983,15955.0,ASSISTANCE,AUBURN SAVINGS BANK,824
9/30/1983,17957.0,FAILURE,NATIONAL BK OF ODESSA,820
9/30/1983,19609.0,FAILURE,DOMINION BK OF DENVER,821
9/30/1983,28181.0,ASSISTANCE,BASTROP FS&LA,822
9/30/1983,31178.0,ASSISTANCE,SECURITY S&LA,823
9/16/1983,20736.0,FAILURE,WARREN COUNTY BANK,819
9/2/1983,16614.0,FAILURE,THE DOUGLASS STATE BANK,818
9/1/1983,28365.0,ASSISTANCE,CITIZENS FS&LA OF MARYSVILLE,817
8/31/1983,28881.0,ASSISTANCE,SUBURBAN S&LA,812
8/31/1983,29255.0,ASSISTANCE,1ST FS&LA OF E. CHICAGO,813
8/31/1983,29651.0,ASSISTANCE,GARY FS&LA,814
8/31/1983,30170.0,ASSISTANCE,WASHINGTON FS&LA,815
8/31/1983,30932.0,ASSISTANCE,COMMUNITY FS&LA,816
8/26/1983,22577.0,FAILURE,UNITED SOUTHERN BANK OF CLARKSVILLE,811
8/12/1983,17815.0,FAILURE,FIRST COMMERCE BK OF HAWKINS CTY,809
8/12/1983,30861.0,ASSISTANCE,GIBRALTAR S&LA,810
8/5/1983,3643.0,FAILURE,THE FIRST NAT BK OF DANVERS,804
8/5/1983,9572.0,ASSISTANCE,OREGON MUTUAL SAVINGS BANK,805
8/5/1983,28457.0,ASSISTANCE,FIRST FLORIDA S&LA,806
8/5/1983,31603.0,ASSISTANCE,MIDDLE PNSLA NRTH. NECK FS&LA,807
8/5/1983,31885.0,ASSISTANCE,MT. VERNON S&LA,808
7/29/1983,8429.0,FAILURE,FIRST PEOPLES BANK OF WASHINGTON COUNTY,802
7/29/1983,22765.0,FAILURE,METRO BANK,803
7/22/1983,30484.0,ASSISTANCE,GUARANTY FS&LA,801
7/8/1983,4963.0,FAILURE,THE FIRST CENTRAL BANK,797
7/8/1983,13189.0,FAILURE,BANK OF NIOBRARA,798
7/8/1983,16946.0,FAILURE,UNION NAT BK OF CHICAGO,799
7/8/1983,31172.0,FAILURE,ANTIOCH S&LA,800
7/5/1983,29843.0,ASSISTANCE,PROVIDENT S&LA,796
7/1/1983,27620.0,ASSISTANCE,MUTUAL FS&LA OF MASON CITY,795
6/30/1983,23501.0,FAILURE,MINERAL BK OF NEVADA,794
6/24/1983,19261.0,FAILURE,WESTERN NAT BK OF LOVELL,791
6/24/1983,28255.0,ASSISTANCE,NORTHERN FS&LA,792
6/24/1983,31288.0,ASSISTANCE,COLONIAL SA,793
6/17/1983,6066.0,FAILURE,COMMUNITY BANK,790
6/10/1983,30549.0,ASSISTANCE,FIRST FS&LA OF SIOUX FALLS,788
6/10/1983,31475.0,ASSISTANCE,FIRST DAKOTA HOME S&LA,789
6/6/1983,31640.0,ASSISTANCE,JACKSON FS&LA,787
6/3/1983,29489.0,ASSISTANCE,WOMEN'S FS&LA,786
6/2/1983,31207.0,ASSISTANCE,FIRST FS&LA OF WALWORTH COUNTY,785
5/31/1983,27994.0,ASSISTANCE,CONTINENTAL S&LA,784
5/27/1983,1473.0,FAILURE,CITY & COUNTY BK OF ROANE CTY,778
5/27/1983,4925.0,FAILURE,CITY & COUNTY BK OF ANDERSON CTY,779
5/27/1983,20332.0,FAILURE,UNITED AMERICAN BANK IN HAMILTON COUNTY,780
5/27/1983,20494.0,FAILURE,CITY & COUNTY BK OF KNOX COUNTY,781
5/27/1983,21030.0,FAILURE,UNITED SOUTHERN BK OF NASHVILLE,782
5/27/1983,21364.0,FAILURE,THE COMMERCIAL BK OF CALIFORNIA,783
5/6/1983,1483.0,FAILURE,SMITH COUNTY BANK,777
4/29/1983,18550.0,FAILURE,FIRST NAT BK OF OAK LAWN,775
4/29/1983,22808.0,FAILURE,HERITAGE BANK,776
4/28/1983,27784.0,ASSISTANCE,GUARANTY S&LA,774
4/15/1983,15301.0,FAILURE,SPARTA-SANDERS STATE BANK,773
4/11/1983,30354.0,ASSISTANCE,NORTHWESTERN S&LA,772
4/8/1983,1810.0,FAILURE,THE INA STATE BANK,770
4/8/1983,23143.0,FAILURE,BANK OF SAN MARINO,771
4/6/1983,30841.0,ASSISTANCE,BISCAYNE FS&LA,769
4/1/1983,31863.0,ASSISTANCE,NORTH MISSISSIPPI S&LA,768
3/25/1983,23043.0,FAILURE,BEAR CREEK VALLEY BANK,767
3/24/1983,16290.0,FAILURE,PRAIRIE COUNTY BANK,766
3/21/1983,31338.0,ASSISTANCE,TWIN PINES FS&LA,765
3/18/1983,20461.0,FAILURE,PAN AMERICAN NATIONAL BANK,763
3/18/1983,22310.0,FAILURE,COLUMBIA PACIFIC BK & TR CO.,764
3/11/1983,23085.0,FAILURE,NEWPORT HARBOUR NATIONAL BANK,762
3/5/1983,31258.0,ASSISTANCE,FIRST FS&LA OF NEWPORT NEWS,760
3/5/1983,31306.0,ASSISTANCE,PENINSULA FS&LA,761
3/4/1983,29964.0,ASSISTANCE,LEADER S&LA,759
3/1/1983,27823.0,ASSISTANCE,GEM FS&LA,757
3/1/1983,28324.0,ASSISTANCE,UNITED S&LA,758
2/28/1983,28333.0,ASSISTANCE,FIRST FS&LA OF MOBERLY,755
2/28/1983,30814.0,ASSISTANCE,CARONDELET S&LA ALSO CASE 115,756
2/25/1983,19020.0,FAILURE,AMERICAN CITY BANK,754
2/18/1983,23035.0,FAILURE,MERCHANTS & FARMERS STATE BANK,753
2/14/1983,4943.0,ASSISTANCE,UNITED AMERICAN BK IN KNOXVILLE,752
2/12/1983,22880.0,FAILURE,AMERICAN STATE BANK,750
2/12/1983,30558.0,ASSISTANCE,METROPOLITAN SA,751
2/9/1983,15748.0,FAILURE,STATE BANK OF BARNUM,748
2/9/1983,16065.0,ASSISTANCE,DRY DOCK SAVINGS BANK,749
2/3/1983,30092.0,FAILURE,MANNING S&LA,747
1/21/1983,8593.0,FAILURE,THE MADISON COUNTY BANK,746
1/14/1983,31620.0,FAILURE,VALLEY FIRST FS&LA,745
1/6/1983,29586.0,ASSISTANCE,LANSING FS&LA,744
12/20/1982,28872.0,ASSISTANCE,CLAY COUNTY FS&LA,735
12/20/1982,29117.0,ASSISTANCE,SOUTH EAST FS&LA,736
12/20/1982,29159.0,ASSISTANCE,FIRST FS&LA OF CRISP COUNTY,737
12/20/1982,29229.0,ASSISTANCE,MID-CITY FS&LA,738
12/20/1982,29736.0,ASSISTANCE,GARFIELD FS&LA,739
12/20/1982,29969.0,ASSISTANCE,FIRST HOME FS&LA,740
12/20/1982,30366.0,ASSISTANCE,PEACHTREE FS&LA,741
12/20/1982,31439.0,ASSISTANCE,SECURITY FS&LA,742
12/20/1982,31574.0,ASSISTANCE,HOME TRUST S&LA,743
12/17/1982,30018.0,ASSISTANCE,CHICAGOLAND FS&LA,734
12/16/1982,9874.0,FAILURE,THE SECURITY STATE BANK,733
12/10/1982,8287.0,FAILURE,BOLLINGER COUNTY BANK,732
11/19/1982,3334.0,FAILURE,RANCHLANDER NATIONAL BANK,730
11/19/1982,30729.0,FAILURE,NORTH KANSAS SA,731
11/15/1982,28076.0,ASSISTANCE,ISLAND S&LA,728
11/15/1982,29218.0,ASSISTANCE,SOUTH SHORE FS&LA,729
11/12/1982,12527.0,FAILURE,BANK OF QUITMAN,727
11/5/1982,6799.0,FAILURE,THE FIRST NATIONAL BANK OF SOUTH CHARLESTO,725
11/5/1982,22364.0,FAILURE,TEXAS BK OF AMARILLO,726
11/2/1982,9053.0,FAILURE,CEDAR BLUFF BANK,724
10/22/1982,28987.0,ASSISTANCE,CORSICANA FS&LA,722
10/22/1982,31651.0,ASSISTANCE,MODERN S&LA,723
10/15/1982,15931.0,ASSISTANCE,MECHANICS SAVINGS BANK,721
10/12/1982,28203.0,ASSISTANCE,FREEDOM FS&LA,719
10/12/1982,28297.0,ASSISTANCE,FIRST FS&LA,720
10/8/1982,18505.0,FAILURE,TRI-STATE BANK,718
10/3/1982,4168.0,ASSISTANCE,OKLAHOMA NATIONAL BK & TR CO.,717
10/1/1982,29326.0,ASSISTANCE,DIXIE FS&LA,712
10/1/1982,30216.0,ASSISTANCE,BARTON S&LA,713
10/1/1982,30472.0,ASSISTANCE,1ST OF DELRAY BEACH S&LA,714
10/1/1982,31301.0,ASSISTANCE,UNION FS&LA,715
10/1/1982,31365.0,ASSISTANCE,HERITAGE FS&LA,716
9/24/1982,15937.0,ASSISTANCE,UNITED MUTUAL SAVINGS BANK,711
9/21/1982,31527.0,ASSISTANCE,FIRST FS&LA,710
9/20/1982,28941.0,ASSISTANCE,FIRST FS&LA OF NEW YORK,705
9/20/1982,30549.0,ASSISTANCE,FIRST FS&LA OF SIOUX FALLS,706
9/20/1982,31475.0,ASSISTANCE,FIRST DAKOTA HOME S&LA,707
9/20/1982,31895.0,ASSISTANCE,FIRST FS&LA OF ACADIA,708
9/20/1982,31942.0,ASSISTANCE,REPUBLIC FS&LA,709
9/10/1982,30769.0,ASSISTANCE,INVESTORS S&LA,702
9/10/1982,30958.0,ASSISTANCE,UNION FS&LA OF NEW YORK,703
9/10/1982,31337.0,ASSISTANCE,VANDALIA CITIZENS S&LA,704
9/3/1982,10692.0,FAILURE,HOHENWALD NATIONAL BANK,701
9/1/1982,28108.0,ASSISTANCE,FIRST FS&LA,698
9/1/1982,28822.0,ASSISTANCE,UNION OF COOK COUNTY,699
9/1/1982,29948.0,ASSISTANCE,HAVRE FS&LA,700
8/27/1982,1758.0,FAILURE,FIRST SECURITY BANK OF NORTH ARKANSAS,694
8/27/1982,3774.0,FAILURE,SECURITY BK & TR COMPANY,695
8/27/1982,23308.0,FAILURE,WESTERN NATIONAL BANK,696
8/27/1982,31609.0,ASSISTANCE,CORONADO S&LA,697
8/6/1982,16558.0,FAILURE,MOUNT PLEASANT BK & TR COMPANY,691
8/6/1982,19019.0,ASSISTANCE,ABILENE NATIONAL BANK,692
8/6/1982,30796.0,ASSISTANCE,FIRST FS&LA OF SUFFOLK,693
8/2/1982,28099.0,ASSISTANCE,MUTUAL S&LA OF EL PASO,688
8/2/1982,29976.0,ASSISTANCE,RIVER EDGE S&LA,689
8/2/1982,30500.0,ASSISTANCE,GUARDIAN FS&LA,690
7/31/1982,27679.0,ASSISTANCE,FIRST FS&LA OF BURLINGTON CTY,685
7/31/1982,28584.0,ASSISTANCE,PRINCETON S&LA,686
7/31/1982,31034.0,ASSISTANCE,ALLIED FS&LA,687
7/30/1982,19831.0,FAILURE,UNITY BK & TR COMPANY,680
7/30/1982,27906.0,ASSISTANCE,HARRIS COUNTY FS&LA,681
7/30/1982,29308.0,ASSISTANCE,FIRST OF MID FLORIDA,682
7/30/1982,30321.0,ASSISTANCE,AMERICAN FS&LA,683
7/30/1982,30967.0,ASSISTANCE,UNITED FS&LA OF PUERTO RICO,684
7/27/1982,12767.0,FAILURE,GUARANTY BOND STATE BANK,678
7/27/1982,17716.0,FAILURE,THE BOWIE COUNTY STATE BANK,679
7/16/1982,29452.0,ASSISTANCE,FIRST FS&LA OF PITTSTON,677
7/15/1982,31683.0,ASSISTANCE,TRI-LAKES FS&LA,676
7/5/1982,18153.0,FAILURE,"PENN SQUARE BANK, N.A.",675
7/2/1982,13586.0,FAILURE,THE BELLE-BLAND BANK,674
6/25/1982,10454.0,FAILURE,FARMERS STATE BK OF LEWISTON,673
6/23/1982,15933.0,FAILURE,CITIZENS BANK,672
6/12/1982,22321.0,FAILURE,BANCO REGIONAL,671
6/10/1982,27899.0,ASSISTANCE,FIDELITY FS&LA,670
6/1/1982,31798.0,ASSISTANCE,MONTEBELLO FS&LA,669
5/31/1982,30975.0,ASSISTANCE,UNITED FS&LA,668
5/15/1982,20794.0,FAILURE,COMMUNITY BK OF WASHTENAW,667
5/1/1982,18299.0,FAILURE,COLES COUNTY NATIONAL BANK OF CHARLESTON,666
4/30/1982,21569.0,FAILURE,CARROLL COUNTY BANK,665
4/29/1982,20988.0,FAILURE,PACIFIC COAST BANK,664
4/16/1982,22103.0,FAILURE,NATIONAL SECURITY BANK,663
4/15/1982,29037.0,ASSISTANCE,SUFFOLK COUNTY FS&LA,661
4/15/1982,29935.0,ASSISTANCE,COUNTY FS&LA,662
4/3/1982,21068.0,FAILURE,AQUIA BK & TR COMPANY,658
4/3/1982,28820.0,ASSISTANCE,FIRST FS&LA OF CHICAGO,659
4/3/1982,31193.0,ASSISTANCE,"FIRST FINANCIAL, S&LA",660
4/2/1982,4467.0,FAILURE,THE FIRST NATIONAL BK IN HUMBOLD,656
4/2/1982,15698.0,ASSISTANCE,THE WESTERN SAVING FUND SOCIETY OF PHILADE,657
4/1/1982,28251.0,ASSISTANCE,FIDELITY S&LA,655
3/26/1982,15901.0,ASSISTANCE,THE NEW YORK BK FOR SAVINGS,654
3/15/1982,29290.0,ASSISTANCE,HARTFORD FS&LA,653
3/11/1982,12015.0,ASSISTANCE,"UNITED STATES BK OF NEWARK, N.J.",651
3/11/1982,19776.0,ASSISTANCE,FIDELITY MUTUAL SAVINGS BANK,652
3/9/1982,29409.0,ASSISTANCE,NINTH FEDERAL SAVINGS,649
3/9/1982,29727.0,ASSISTANCE,KNICKERBOCKER FS&LA,650
3/8/1982,30711.0,ASSISTANCE,MORGAN PARK S&LA,648
3/1/1982,15088.0,FAILURE,THE BANK OF WOODSON,647
2/20/1982,2376.0,FAILURE,BANK OF YORKVILLE,641
2/20/1982,12008.0,ASSISTANCE,FARMERS & MECHANICS SAVINGS BANK OF MINNEA,642
2/20/1982,27828.0,ASSISTANCE,"NORTH WEST, FS&LA",643
2/20/1982,28244.0,FAILURE,"TALMAN HOME, FS&LA",644
2/20/1982,29938.0,ASSISTANCE,"ALLIANCE, S&LA",645
2/20/1982,31035.0,ASSISTANCE,"UNITY, SA",646
2/12/1982,21623.0,FAILURE,METROPOLITAN BK & TR COMPANY,640
2/6/1982,3751.0,FAILURE,THE FIRST NATIONAL BANK AND TRUST COMPANY,639
2/5/1982,30407.0,ASSISTANCE,GUARANTY FS&LA,634
2/5/1982,30702.0,ASSISTANCE,CENTRAL ILLINOIS B&HA,635
2/5/1982,30913.0,ASSISTANCE,PEACH STATE FS&LA,636
2/5/1982,31379.0,ASSISTANCE,FIRST FS&LA OF SYLVANIA,637
2/5/1982,31481.0,ASSISTANCE,UNITED FS&LA OF BROWARD COUNTY,638
2/1/1982,31996.0,ASSISTANCE,INGLEWOOD FS&LA,633
1/25/1982,29737.0,ASSISTANCE,FIRST S&LA OF NEW BRUNSWICK,632
1/15/1982,15997.0,ASSISTANCE,THE WESTERN NEW YORK SAVINGS BK,625
1/15/1982,30777.0,ASSISTANCE,REPUBLIC OF TEXAS SA,626
1/15/1982,31056.0,ASSISTANCE,ROYAL FS&LA,627
1/15/1982,31268.0,ASSISTANCE,HYDE PARK FS&LA,628
1/15/1982,31426.0,ASSISTANCE,BUFFALO S&LA,629
1/15/1982,31534.0,ASSISTANCE,CIVIC S&LA,630
1/15/1982,31668.0,ASSISTANCE,EL CENTRO FS&LA,631
12/18/1981,16051.0,ASSISTANCE,UNION DIME SAVINGS BANK,624
12/17/1981,27851.0,ASSISTANCE,HAMILTONIAN FS&LA,621
12/17/1981,30938.0,ASSISTANCE,SECURITY FS&LA OF SIKESTON,622
12/17/1981,31200.0,ASSISTANCE,SOUTHERN FS&LA OF BROWARD COUNTY,623
12/9/1981,28337.0,ASSISTANCE,MOHAWK S&LA,619
12/9/1981,31519.0,ASSISTANCE,BOCA RATON FS&LA,620
12/5/1981,31138.0,ASSISTANCE,PALOS S&LA,618
12/4/1981,16064.0,ASSISTANCE,CENTRAL SAVINGS BANK,617
11/30/1981,28675.0,ASSISTANCE,EMPIRE STATE FS&LA,615
11/30/1981,30964.0,ASSISTANCE,GUARANTY FS&LA,616
11/20/1981,30387.0,ASSISTANCE,FIRST FS&LA OF PUERTO RICO,613
11/20/1981,31773.0,ASSISTANCE,"PAN AMERICAN, FS&LA",614
11/19/1981,28967.0,ASSISTANCE,FIRST FS&LA OF BROWARD COUNTY,612
11/4/1981,16067.0,ASSISTANCE,GREENWICH SAVINGS BANK,611
10/30/1981,19379.0,FAILURE,MIDTOWN NATIONAL BANK,610
10/23/1981,22975.0,FAILURE,HIGH LAKES COMMUNITY BANK,609
10/7/1981,30703.0,ASSISTANCE,RESERVE S&LA,608
10/2/1981,28604.0,ASSISTANCE,LAFAYETTE FS&LA,607
9/25/1981,20778.0,FAILURE,SOUTHWESTERN BANK,606
9/15/1981,31506.0,ASSISTANCE,PERPETUAL S&LA,605
9/8/1981,28630.0,ASSISTANCE,WEST SIDE FS&LA,601
9/8/1981,28678.0,FAILURE,FIRST FS&LA OF ROCHESTER,602
9/8/1981,30496.0,ASSISTANCE,FRANKLIN SOCIETY FS&LA,603
9/8/1981,30603.0,ASSISTANCE,WASHINGTON FS&LA,604
8/9/1981,30875.0,ASSISTANCE,COUNTY FS&LA,600
7/10/1981,31754.0,ASSISTANCE,FIRST FINANCIAL FS&LA,599
7/1/1981,30272.0,ASSISTANCE,FIRST FS&LA OF NEW BERN,598
6/21/1981,31705.0,ASSISTANCE,COMMUNITY FS&LA,597
6/19/1981,22640.0,FAILURE,NORTHWEST COMMERCE BANK,596
6/1/1981,28190.0,ASSISTANCE,FINANCIAL SECURITY S&LA,595
5/31/1981,29270.0,ASSISTANCE,NY & SUBURBAN FS&LA,594
5/18/1981,30480.0,FAILURE,ECONOMY S&LA,593
5/9/1981,31017.0,ASSISTANCE,ARCTIC FS&LA,592
4/30/1981,29525.0,ASSISTANCE,GUARDIAN FSB,591
3/17/1981,16556.0,FAILURE,PEOPLES BANKING COMPANY,590
3/14/1981,18373.0,FAILURE,THE DES PLAINES BANK,588
3/14/1981,20688.0,FAILURE,SOUTH SIDE BANK,589
2/9/1981,31010.0,ASSISTANCE,FRANKLIN SA,586
2/9/1981,31721.0,ASSISTANCE,SECURITY OF STATESVILLE,587
1/18/1981,28693.0,ASSISTANCE,HOME SA,585
12/31/1980,40.0,FAILURE,EAST GADSDEN BANK,584
11/21/1980,15559.0,FAILURE,CITIZENS STATE BK OF GALENA,583
11/1/1980,30901.0,ASSISTANCE,SIOUX CITY FS&LA,582
10/14/1980,29504.0,ASSISTANCE,FIRST OF NILES FS&LA,581
10/11/1980,17762.0,FAILURE,THE ROCHELLE BK & TR CO.,580
9/12/1980,19611.0,FAILURE,"THE METRO BK OF HUNTINGTON, INC.",579
9/1/1980,31312.0,ASSISTANCE,SECURITY S&LA,578
8/8/1980,1368.0,FAILURE,THE MISSION STATE BK & TR CO.,577
8/1/1980,31014.0,ASSISTANCE,UNIVERSITY FS&LA,576
7/1/1980,31289.0,ASSISTANCE,MAYFLOWER FS&LA,575
6/28/1980,4939.0,FAILURE,CITY & COUNTY BK OF CAMPBELL CTY,574
6/4/1980,17615.0,FAILURE,THE CITIZENS STATE BANK,572
6/4/1980,30015.0,ASSISTANCE,FIRST CALUMET CITY SAVINGS,573
5/1/1980,29607.0,ASSISTANCE,CARLSBAD S&LA,569
5/1/1980,29900.0,ASSISTANCE,TELEGRAPH S&LA,570
5/1/1980,31221.0,ASSISTANCE,CONTINENTAL S&LA,571
4/28/1980,719.0,ASSISTANCE,"FIRST PENNSYLVANIA BK, N.A.",568
3/1/1980,30928.0,ASSISTANCE,WASHINGTON FS&LA,567
2/16/1980,21751.0,FAILURE,MOHAWK BK & TR CO.,566
2/12/1980,19177.0,FAILURE,FIRST NATIONAL BK OF CARRINGTON,565
2/1/1980,31431.0,ASSISTANCE,FIRST S&LA,564
1/11/1980,21291.0,FAILURE,BANK OF LAKE HELEN,563
10/12/1979,20237.0,FAILURE,AMERICAN NATIONAL BANK,559
10/12/1979,21816.0,FAILURE,LIVINGSTON STATE BANK,560
9/28/1979,8249.0,FAILURE,FIDELITY BANK,553
9/21/1979,17377.0,FAILURE,THE FARMERS STATE BANK,557
7/14/1979,16403.0,FAILURE,THE GUARANTY BANK & TRUST COMPANY,556
7/14/1979,17710.0,FAILURE,GATEWAY NATIONAL BANK,558
6/16/1979,9195.0,FAILURE,BANK OF ENVILLE,554
6/14/1979,22102.0,FAILURE,SOUTHERN NATIONAL BANK,561
1/26/1979,22110.0,FAILURE,VILLAGE BANK,562
1/5/1979,16294.0,FAILURE,TONEY BROTHERS BANK,555
12/16/1978,20315.0,FAILURE,NORTH POINT STATE BANK,552
9/5/1978,19575.0,FAILURE,BANCO DE AHORRO DE PUERTO RICO,551
7/21/1978,856.0,FAILURE,WATKINS BANKING COMPANY,546
3/31/1978,16875.0,FAILURE,BANCO CREDITO Y DE AHORRO PONCENO,550
3/1/1978,1726.0,FAILURE,WILCOX COUNTY BANK,547
1/26/1978,1733.0,FAILURE,FIRST BANK OF MACON COUNTY,548
1/19/1978,3623.0,FAILURE,THE DROVERS' NATIONAL BANK OF CHICAGO,549
9/2/1977,16878.0,ASSISTANCE,BANCO ECONOMIAS,542
8/26/1977,13914.0,FAILURE,DONAHUE SAVINGS BANK,541
7/29/1977,21640.0,FAILURE,REPUBLIC NATIONAL BANK OF LOUISIANA,545
5/20/1977,19871.0,FAILURE,FIRST AUGUSTA BANK & TRUST COMPANY,543
3/28/1977,21218.0,FAILURE,THE MONROE BANK AND TRUST COMPANY,544
3/10/1977,415.0,FAILURE,FIRST STATE BANK,540
12/3/1976,19539.0,FAILURE,INTERNATIONAL CITY BANK AND TRUST COMPANY,534
11/19/1976,,FAILURE,FIRST STATE BANK & TRUST CO.,524
10/19/1976,9150.0,FAILURE,CENTENNIAL BANK,528
10/8/1976,10070.0,FAILURE,THE HAMILTON BANK AND TRUST COMPANY,529
9/15/1976,638.0,FAILURE,AMERICAN BANK & TRUST COMPANY,525
9/14/1976,20120.0,FAILURE,THE NEW BOSTON BANK AND TRUST COMPANY,536
6/28/1976,11548.0,FAILURE,CITIZENS STATE BANK,530
6/25/1976,8780.0,FAILURE,MT. ZION DEPOSIT BANK,527
6/25/1976,21021.0,FAILURE,CORONADO NATIONAL BANK,539
6/14/1976,20092.0,FAILURE,FIRST STATE BANK OF HUDSON COUNTY,535
6/3/1976,17902.0,FAILURE,NORTHEAST BANK OF HOUSTON,531
5/21/1976,18470.0,FAILURE,FIRST STATE BANK OF NORTHERN CALIFORNIA,532
3/15/1976,,ASSISTANCE,FARMERS BANK OF THE STATE OF DELAWARE,523
2/25/1976,20294.0,FAILURE,SOUTH TEXAS BANK,537
2/16/1976,4921.0,FAILURE,THE HAMILTON NATIONAL BANK OF CHATTANOOGA,526
1/12/1976,20405.0,FAILURE,BANK OF WOODMOOR,538
1/10/1976,18798.0,FAILURE,THE BANK OF BLOOMFIELD,533
12/27/1975,17376.0,FAILURE,THE FIRST STATE BANK OF JENNINGS,515
12/19/1975,19637.0,FAILURE,THE PEOPLES BANK,518
10/24/1975,20465.0,FAILURE,THE PEOPLES BANK OF THE VIRGIN ISLANDS,520
10/21/1975,6203.0,FAILURE,"AMERICAN CITY BANK & TRUST COMPANY, N.A.",511
10/16/1975,20523.0,FAILURE,ASTRO BANK,522
7/12/1975,917.0,FAILURE,STATE BANK OF CLEARING,510
7/1/1975,13082.0,FAILURE,BANK OF CHIDESTER,513
6/18/1975,11427.0,FAILURE,BANK OF PICAYUNE,512
5/30/1975,15154.0,FAILURE,ALGOMA BANK,514
5/9/1975,19596.0,FAILURE,CHICOPEE BANK & TRUST COMPANY,517
3/24/1975,19377.0,FAILURE,FRANKLIN BANK,516
2/19/1975,20478.0,FAILURE,NORTHERN OHIO BANK,521
1/3/1975,19834.0,FAILURE,SWOPE PARKWAY NATIONAL BANK,519
10/9/1974,14250.0,FAILURE,CROMWELL STATE SAVINGS BANK,508
10/8/1974,7060.0,FAILURE,FRANKLIN NATIONAL BANK,506
9/27/1974,17918.0,FAILURE,TRI-CITY BANK,509
9/20/1974,11543.0,FAILURE,AMERICAN BANK & TRUST,507
10/18/1973,3506.0,FAILURE,UNITED STATES NATIONAL BANK,500
10/5/1973,10498.0,FAILURE,FIRST NATIONAL BANK OF ELDORA,501
7/16/1973,11170.0,FAILURE,THE FIRST STATE BANK,502
5/7/1973,16214.0,FAILURE,ELM CREEK STATE BANK,503
3/26/1973,20550.0,FAILURE,SKYLINE NATIONAL BANK,505
1/19/1973,18535.0,FAILURE,DELTA SECURITY BANK AND TRUST COMPANY,504
5/27/1972,18365.0,FAILURE,SURETY BANK AND TRUST COMPANY,499
1/18/1972,,ASSISTANCE,BANK OF THE COMMONWEALTH,498
12/30/1971,,FAILURE,FIRST COMMUNITY STATE BANK OF SAVANNAH,492
11/30/1971,3007.0,FAILURE,THE FIRST NATIONAL BANK OF CRIPPLE CREEK,493
7/27/1971,,ASSISTANCE,UNITY BANK & TRUST COMPANY,491
4/5/1971,8332.0,FAILURE,BANK OF SALEM,494
2/17/1971,10472.0,FAILURE,FARMERS STATE BANK OF CARLOCK,495
2/16/1971,18316.0,FAILURE,BIRMINGHAM-BLOOMFIELD BANK,497
1/25/1971,18254.0,FAILURE,SHARPSTOWN STATE BANK,496
10/8/1970,1876.0,FAILURE,BEREA BANK AND TRUST COMPANY,484
9/3/1970,19791.0,FAILURE,CITY BANK OF PHILADELPHIA,490
8/24/1970,12227.0,FAILURE,FIRST STATE BANK OF BONNE TERRE,485
8/7/1970,19276.0,FAILURE,EATONTOWN NATIONAL BANK,489
6/25/1970,13164.0,FAILURE,FARMERS BANK OF PETERSBURG,486
4/18/1970,14987.0,FAILURE,THE PEOPLES STATE SAVINGS BANK,488
2/22/1970,14571.0,FAILURE,STATE BANK OF PRAIRIE CITY,487
10/10/1969,,FAILURE,THE FIRST NATIONAL BANK OF COALVILLE,483
9/5/1969,,FAILURE,THE FIRST STATE BANK,482
8/22/1969,,FAILURE,THE BIG LAKE STATE BANK,481
8/20/1969,,FAILURE,FIRST NATIONAL BANK OF URSA,480
5/28/1969,,FAILURE,THE STATE NATIONAL BANK,479
5/12/1969,,FAILURE,THE FIRST STATE BANK,478
5/6/1969,,FAILURE,THE MORRICE STATE BANK,477
4/12/1969,,FAILURE,CITIZENS STATE BANK,476
2/6/1969,,FAILURE,THE ROCKY MOUNTAIN BANK,475
9/25/1968,,FAILURE,BANK OF COMMERCE,474
5/27/1968,,FAILURE,CENTRAL NATIONAL BANK OF JACKSONVILLE,473
2/13/1968,,FAILURE,LORENZO STATE BANK,472
7/7/1967,,FAILURE,THE CEDAR VALE NATIONAL BANK,471
6/23/1967,,FAILURE,SACUL STATE BANK,470
2/17/1967,,FAILURE,SOUTHERN BANK OF ST. PETERSBURG,469
1/31/1967,,FAILURE,BANK OF PINE APPLE,468
10/17/1966,,FAILURE,FIRST STATE BANK OF TUSCOLA,467
10/12/1966,,FAILURE,PUBLIC BANK,466
4/7/1966,,FAILURE,BANK OF GRAY SUMMIT,465
3/17/1966,,FAILURE,SAGUACHE COUNTY NATIONAL BANK,464
1/31/1966,,FAILURE,BLANKET STATE BANK,463
1/24/1966,,FAILURE,CITIZENS BANK,462
1/12/1966,,FAILURE,FIVE POINTS NATIONAL BANK,461
4/5/1965,,FAILURE,FIRST STATE BANK,460
2/25/1965,,FAILURE,MALONE STATE BANK,459
2/5/1965,,FAILURE,WINONA STATE BANK,458
1/22/1965,,FAILURE,THE BRIGHTON NATIONAL BANK,456
1/22/1965,,FAILURE,SAN FRANCISCO NATIONAL BANK,457
10/29/1964,,FAILURE,"NEBRASKA ST BANK OF VALENTINE, NEBRASKA",455
9/4/1964,,FAILURE,CROWN SAVINGS BANK,454
7/31/1964,,FAILURE,FRONTIER BANK,453
7/20/1964,,FAILURE,BELLEVIEW VALLEY BANK,452
7/4/1964,,FAILURE,FIRST STATE BANK,451
3/17/1964,,FAILURE,THE STATE SAVINGS BANK OF MINDEN CITY,450
3/10/1964,,FAILURE,THE FIRST NATIONAL BANK OF MARLIN,449
8/23/1963,,FAILURE,CHATHAM BANK OF CHICAGO,448
5/24/1963,,FAILURE,THE FIRST BANK OF WESTMONT,447
2/19/1962,,FAILURE,THE FIRST NATIONAL BANK OF EXETER,446
12/30/1961,,FAILURE,FIRST STATE BANK,445
12/19/1961,,FAILURE,THE FIRST NATIONAL BANK OF MAUD,444
9/7/1961,,FAILURE,BANK OF OCHLOCHNEE,443
8/11/1961,,FAILURE,BANK OF EARLSBORO,442
1/16/1961,,FAILURE,THE SHELDON NATIONAL BANK,441
7/29/1960,,FAILURE,THE CAPITOL HILL STATE BANK,440
12/3/1959,,FAILURE,FIRST STATE BANK,439
6/9/1959,,FAILURE,LIBERAL STATE BANK,438
5/13/1959,,FAILURE,THE BARTLETT STATE BANK,437
7/17/1958,,FAILURE,THE MANUFACTURERS' BANK OF EDGEWATER,436
5/26/1958,,FAILURE,THE RUSHVILLE BANKING COMPANY,435
5/5/1958,,FAILURE,PEOPLES STATE BANK,434
3/17/1958,,FAILURE,THE FIRST NATIONAL BANK OF HALFWAY,433
4/10/1957,,FAILURE,FIRST STATE BANK OF YORKTOWN,432
12/4/1956,,FAILURE,THE HOME NATIONAL OF ELLENVILLE,431
10/15/1956,,FAILURE,RIVER OAKS STATE BANK,430
10/3/1955,,FAILURE,FRONTIER TRUST COMPANY,429
7/25/1955,,FAILURE,JOSHUA MONUMENT NAT BANK-TWENTYNINE PALMS,428
4/30/1955,,FAILURE,RATHDRUM STATE BANK,426
4/30/1955,,FAILURE,BANK OF NORTH IDAHO,427
1/27/1955,,FAILURE,FIRST NATIONAL BANK OF LEWISVILLE,425
10/1/1954,,FAILURE,BANK OF WHITESVILLE,424
8/9/1954,,FAILURE,BANK OF ILA,423
5/26/1953,,FAILURE,FIRST STATE BANK OF ELMWOOD PARK,422
2/13/1953,,FAILURE,MAYFIELD STATE BANK,421
9/2/1952,,FAILURE,BANK OF DIERKS,420
5/5/1952,,FAILURE,CAMDEN STATE BANK,419
1/21/1952,,FAILURE,THOMASVILLE BANK AND TRUST CO.,418
8/25/1951,,FAILURE,THE PARNASSUS NATIONAL BANK,417
1/22/1951,,FAILURE,BRAZEAU BANK,416
10/9/1950,,FAILURE,FIRST NATIONAL BANK IN CECIL,415
8/14/1950,,FAILURE,THE FARMERS FIRST NATIONAL BANK OF MINOOKA,414
7/24/1950,,FAILURE,THE BANK OF AURORA,413
4/3/1950,,FAILURE,THE WESTPHALIA STATE BANK,412
10/8/1949,,FAILURE,FARMERS & MERCHANTS STATE BANK,411
6/11/1949,,FAILURE,THE CITIZENS BANKING COMPANY,410
4/30/1949,,FAILURE,STOCKMENS BANK OF MARTINSDALE,409
2/19/1949,,FAILURE,THE FIRST NATIONAL BANK OF DYER,408
12/18/1948,,FAILURE,THE FIRST STATE BANK,407
11/20/1948,,FAILURE,THE AMERICAN NATIONAL BANK OF PRYOR CREEK,406
7/24/1948,,FAILURE,COLUMBUS TRUST COMPANY,405
12/6/1947,,FAILURE,LYONS STATE BANK,404
11/29/1947,,FAILURE,PEOPLES BANK OF DONALDS,403
7/12/1947,,FAILURE,THE CENTRAL CITY NATIONAL BANK,402
1/25/1947,,FAILURE,THE FIRST NATIONAL BANK OF LEMONT,401
1/11/1947,,FAILURE,THE FIRST NATIONAL BANK OF EVANSTON,400
9/14/1946,,FAILURE,"AUGUSTA COUNTY BANK, INC.",399
1/13/1945,,FAILURE,THE FARMERS & MERCHANTS STATE BANK,398
5/27/1944,,FAILURE,THE FIRST NATIONAL BANK OF SUSQUEHANNA,397
5/12/1944,,FAILURE,THE BROWNVILLE STATE BANK,396
12/10/1943,,FAILURE,FIRST NATIONAL BK & TR CO. OF EASTON,395
9/25/1943,,FAILURE,THE JEFFERSON COUNTY NAT BK -WATERTOWN,394
4/2/1943,,FAILURE,FARMERS STATE BANK OF CULLOM,393
3/18/1943,,FAILURE,BANK OF BLACK MOUNTAIN,392
3/17/1943,,FAILURE,THE POULTNEY NATIONAL BANK,391
11/28/1942,,FAILURE,GUARANTEE TR & SAFE DEP. CO.-MT.CARMEL,390
11/18/1942,,FAILURE,THE CITIZENS BANK OF LIBERTY,389
10/17/1942,,FAILURE,THE FARMERS NATIONAL BANK OF SELINSGROVE,388
10/2/1942,,FAILURE,FARMERS BANK,387
9/12/1942,,FAILURE,MERCHANTS BANKING TRUST COMPANY,386
8/29/1942,,FAILURE,THE HARNEY COUNTY NATIONAL BANK OF BURNS,385
8/1/1942,,FAILURE,THE FIRST NATIONAL BANK OF LEHIGHTON,383
8/1/1942,,FAILURE,CITIZENS NAT BK & TR CO. OF LEHIGHTON,384
7/6/1942,,FAILURE,FARMER'S AND MERCHANT'S BANK,382
6/20/1942,,FAILURE,THE FIRST NAT BK & TR CO. OF DALLASTOWN,381
4/25/1942,,FAILURE,THE EMMAUS NATIONAL BANK,380
3/31/1942,,FAILURE,BANK OF MALONE,379
3/28/1942,,FAILURE,FLORAL PARK BANK  AND TRUST COMPANY,378
3/14/1942,,FAILURE,THE FIRST NATIONAL BANK OF WEATHERLY,377
3/7/1942,,FAILURE,THE CITIZENS NATIONAL BANK OF FREEPORT,376
2/28/1942,,FAILURE,THE HADDONFIELD NATIONAL BANK,375
2/6/1942,,FAILURE,BANK OF DRAPER,374
1/31/1942,,FAILURE,THE LOUISA NATIONAL BANK,373
1/21/1942,,FAILURE,PALISADE STATE BANK,372
1/17/1942,,FAILURE,PROVIDENCE BANK,371
12/22/1941,,FAILURE,THE FRANKLIN TRUST CO.,369
12/22/1941,,FAILURE,THE LAMBERTON NATIONAL BANK OF FRANKLIN,370
12/13/1941,,FAILURE,THE ST. CHARLES STATE BANK,368
12/11/1941,,FAILURE,BANCO DI NAPOLI TRUST CO. OF NEW YORK,367
11/29/1941,,FAILURE,THE FIRST NATIONAL BANK OF DODGEVILLE,366
11/1/1941,,FAILURE,THE FIRST NATIONAL BANK OF FORESTVILLE,365
9/29/1941,,FAILURE,"BANK OF AU SABLE FORKS, N.Y.",364
6/23/1941,,FAILURE,THE EXCHANGE STATE BANK,363
4/26/1941,,FAILURE,THE FIRST NAT BK & TR CO. OF PORT CHESTER,361
4/26/1941,,FAILURE,MUTUAL TRUST CO. OF WESTCHESTER COUNTY,362
4/12/1941,,FAILURE,THE KESWICK NATIONAL BANK OF GLENSIDE,360
3/8/1941,,FAILURE,BANK OF BALDWYN,359
1/29/1941,,FAILURE,FIRST STATE BANK & TRUST CO. OF INDIANOLA,358
1/17/1941,,FAILURE,THE FIRST NATIONAL BANK OF ANADARKO,357
1/11/1941,,FAILURE,BANK OF JAMESTOWN,356
12/4/1940,,FAILURE,THE AMERICAN NAT BK OF SANTA MONICA,355
11/23/1940,,FAILURE,THE STATE EXCHANGE BANK,354
11/19/1940,,FAILURE,THE FIRST NATIONAL BANK OF BURLINGAME,353
10/25/1940,,FAILURE,BANK OF EAGLE,352
10/4/1940,,FAILURE,SAVINGS BANK OF NANTICOKE,351
9/18/1940,,FAILURE,THE BANK OF LESLIE,350
9/14/1940,,FAILURE,FIRST CITIZENS BANK & TRUST CO. OF UTICA,349
8/24/1940,,FAILURE,MT. UNION STATE BANK,348
8/3/1940,,FAILURE,BADGER STATE BANK,347
7/27/1940,,FAILURE,BANK OF WILLIAMSVILLE,346
7/20/1940,,FAILURE,MOUNT PLEASANT BANK & TRUST CO.,344
7/20/1940,,FAILURE,THE CLAXTON STATE BANK,345
7/13/1940,,FAILURE,CHASEBURG STATE BANK,343
7/2/1940,,FAILURE,KANE TRUST AND SAVINGS BANK,342
6/25/1940,,FAILURE,WAUSHARA COUNTY BANK,341
6/22/1940,,FAILURE,THE LUCERNE STATE BANK,338
6/22/1940,,FAILURE,FIRST STATE BANK OF SCOTCH PLAINS,339
6/22/1940,,FAILURE,THE WESTFIELD TRUST COMPANY,340
6/13/1940,,FAILURE,FIRST STATE BANK OF STONEWALL,337
6/8/1940,,FAILURE,THE SOUTHAMPTON BANK,336
5/9/1940,,FAILURE,MACKEY STATE BANK,335
4/27/1940,,FAILURE,THE FIRST NATIONAL BANK OF BALLY,334
4/20/1940,,FAILURE,THE FIRST NATIONAL BANK OF HARRISON,332
4/20/1940,,FAILURE,THE RYE NATIONAL BANK,333
4/19/1940,,FAILURE,BANK OF MORELAND,331
4/18/1940,,FAILURE,ASHLEY STATE BANK,329
4/18/1940,,FAILURE,FIRST STATE BANK,330
4/17/1940,,FAILURE,BANK OF REEDER,328
4/6/1940,,FAILURE,BALDWINSVILLE STATE BANK,326
4/6/1940,,FAILURE,FIRST TRUST & DEPOSIT COMPANY,327
4/4/1940,,FAILURE,BLAIRSVILLE SAVINGS AND TRUST COMPANY,325
3/26/1940,,FAILURE,THE FIRST NATIONAL BANK OF WENATCHEE,324
3/23/1940,,FAILURE,FARMERS BANK,323
3/16/1940,,FAILURE,THE SWEDESBORO NATIONAL BANK,322
3/13/1940,,FAILURE,EUGENE STATE BANK,321
3/9/1940,,FAILURE,HARTFORD SAVINGS BANK AND TRUST COMPANY,320
2/24/1940,,FAILURE,BANK OF BROCTON,317
2/24/1940,,FAILURE,THE NATIONAL BANK OF WESTFIELD,318
2/3/1940,,FAILURE,WOODCLIFF TRUST COMPANY,316
2/1/1940,,FAILURE,BANKERS TRUST COMPANY,319
1/13/1940,,FAILURE,INTEGRITY TRUST COMPANY,315
1/12/1940,,FAILURE,THE CITIZENS STATE BANK OF NIANGUA,314
1/4/1940,,FAILURE,GUARANTY BOND STATE BANK,313
12/27/1939,,FAILURE,THE TUCKERTON BANK,312
12/11/1939,,FAILURE,MAYNARDVILLE STATE BANK,311
12/6/1939,,FAILURE,THE STATE BANK OF LIEBENTHAL,310
12/4/1939,,FAILURE,THE YONKERS NATIONAL BANK & TRUST CO.,309
11/25/1939,,FAILURE,THE FARMERS STATE BANK,307
11/25/1939,,FAILURE,COMMERCIAL BANK OF LIBERTY,308
10/7/1939,,FAILURE,THE EGG HARBOR COMMERCIAL BANK,306
10/3/1939,,FAILURE,SECURITY STATE BANK,305
9/15/1939,,FAILURE,THE FARMERS STATE BANK,304
9/1/1939,,FAILURE,PROVIDENCE CITIZENS BANK,303
8/30/1939,,FAILURE,RARDIN STATE BANK,302
8/28/1939,,FAILURE,FIRST STATE BANK OF O'FALLON,301
6/30/1939,,FAILURE,PLEASANTVILLE TRUST COMPANY,298
6/30/1939,,FAILURE,WEST HUDSON COUNTY TRUST COMPANY,299
6/30/1939,,FAILURE,KEARNY NATIONAL BANK,300
6/24/1939,,FAILURE,THE PLANTSVILLE NATIONAL BANK,297
6/17/1939,,FAILURE,THE HAMILTON TRUST COMPANY OF PATERSON,296
6/15/1939,,FAILURE,GLENDIVE STATE BANK,295
6/3/1939,,FAILURE,GLOUCESTER CITY TRUST COMPANY,292
6/3/1939,,FAILURE,COMMONWEALTH TRUST COMPANY,293
6/3/1939,,FAILURE,MERCHANTS TRUST COMPANY,294
5/29/1939,,FAILURE,BANK OF HARTLAND,291
5/18/1939,,FAILURE,THE PARKSLEY NATIONAL BANK,290
5/2/1939,,FAILURE,TATUM STATE BANK,289
4/29/1939,,FAILURE,COLUMBIA TRUST COMPANY OF NEW JERSEY,286
4/29/1939,,FAILURE,BANK OF EDEN,287
4/29/1939,,FAILURE,HUDSON TRUST COMPANY,288
4/28/1939,,FAILURE,RIPLEY SAVINGS BANK & TRUST COMPANY,285
4/20/1939,,FAILURE,THE TRUST COMPANY OF NEW JERSEY,283
4/20/1939,,FAILURE,WEST BERGEN TRUST COMPANY,284
4/14/1939,,FAILURE,BANK OF BRUSSELS,282
4/8/1939,,FAILURE,THE FIRST NATIONAL BANK OF PLAINFIELD,281
4/6/1939,,FAILURE,BANK OF AMORITA,280
3/23/1939,,FAILURE,MERCHANTS & FARMERS BANK,279
3/18/1939,,FAILURE,EDEN STATE BANK,276
3/18/1939,,FAILURE,THE FULTON STATE BANK,277
3/18/1939,,FAILURE,STATE BANK OF BREMEN,278
3/11/1939,,FAILURE,RAHWAY TRUST COMPANY,275
3/8/1939,,FAILURE,STATE BANK OF FORESTVILLE,274
3/7/1939,,FAILURE,THE POINT PLEASANT NATIONAL BANK,273
3/4/1939,,FAILURE,THE BANK OF ROCKY HILL,272
2/25/1939,,FAILURE,THE FIRST NATIONAL BANK IN BROOKSVILLE,271
2/21/1939,,FAILURE,PEOPLES STATE BANK,270
2/18/1939,,FAILURE,THE FIRST NAT'L BANK & TR CO. OF BLACKWOOD,269
2/16/1939,,FAILURE,ST. JOSEPH COUNTY SAVINGS BANK,267
2/16/1939,,FAILURE,THE ST. JOSEPH LOAN & TRUST COMPANY,268
2/14/1939,,FAILURE,GROVETON NATIONAL BANK,266
2/11/1939,,FAILURE,THE NEW JERSEY TITLE GUARANTEE & TRUST CO.,264
2/11/1939,,FAILURE,NORTH CAMDEN TRUST COMPANY,265
2/4/1939,,FAILURE,THE COUDERSPORT TRUST COMPANY,262
2/4/1939,,FAILURE,THE AMERICAN NATIONAL BANK OF CAMDEN,263
2/3/1939,,FAILURE,FARMERS STATE BANK IN MERKEL,261
2/2/1939,,FAILURE,THE FARMERS BANK OF NEWTOWN,260
1/21/1939,,FAILURE,"THE HILLSBORO-QUEEN ANNE BANK, INC.",259
1/16/1939,,FAILURE,FIRST STATE BANK,257
1/16/1939,,FAILURE,BANK OF SCRANTON,258
1/12/1939,,FAILURE,BANK OF HANCOCK,256
1/9/1939,,FAILURE,FIRST STATE BANK,255
1/5/1939,,FAILURE,THE FIRST NATIONAL BANK OF PRESTON,254
1/4/1939,,FAILURE,OCONTO COUNTY STATE BANK,253
12/31/1938,,FAILURE,THE HARFORD BANK,179
12/31/1938,,FAILURE,FARMERS STATE BANK,252
12/21/1938,,FAILURE,FARMERS STATE BANK OF LONDON,251
12/17/1938,,FAILURE,BOILING SPRINGS STATE BANK,250
12/14/1938,,FAILURE,COLEMAN STATE BANK,249
12/3/1938,,FAILURE,THE NATIONAL CITY BANK OF LYNN,248
11/26/1938,,FAILURE,FARMERS STATE BANK OF ANAMOOSE,245
11/26/1938,,FAILURE,THE BANK OF CUBA,246
11/26/1938,,FAILURE,THE FIRST NATIONAL BANK OF ROOSEVELT,247
11/5/1938,,FAILURE,BANK OF BELLFLOWER,244
11/3/1938,,FAILURE,FAYETTE BANK,243
11/1/1938,,FAILURE,KERMIT STATE BANK,242
10/12/1938,,FAILURE,BANK OF ETON,241
10/11/1938,,FAILURE,BANK OF LOCKPORT,240
9/29/1938,,FAILURE,FIRST STATE BANK,239
9/24/1938,,FAILURE,STOCKMENS STATE BANK,237
9/24/1938,,FAILURE,THE SARANAC LAKE NATIONAL BANK,238
9/2/1938,,FAILURE,FIRST STATE BANK,236
8/31/1938,,FAILURE,JERAULD COUNTY BANK,234
8/31/1938,,FAILURE,FIRST BANK OF FLAXTON,235
8/24/1938,,FAILURE,HITCHCOCK STATE BANK,233
8/19/1938,,FAILURE,HOME BANK & TRUST COMPANY,232
8/18/1938,,FAILURE,THE FARMERS & MERCHANTS BANK,231
8/16/1938,,FAILURE,BANK OF HIGHMORE (DREW BROS.),230
8/15/1938,,FAILURE,STATE BANK OF RICE LAKE,229
7/28/1938,,FAILURE,WINOOSKI SAVINGS BANK,228
7/27/1938,,FAILURE,HUTCHINSON COUNTY BANK,227
7/23/1938,,FAILURE,TAKOMA PARK BANK,226
7/22/1938,,FAILURE,BETHEL SPRINGS BANK,225
7/12/1938,,FAILURE,HUDSON STATE BANK,224
7/11/1938,,FAILURE,BANK OF MILBURN,223
7/1/1938,,FAILURE,COMMERCIAL BANK OF MARYLAND,222
6/24/1938,,FAILURE,THE BANK OF ASHE,221
6/22/1938,,FAILURE,CENTRAL SAVINGS BANK,220
6/17/1938,,FAILURE,RUSSELL STATE BANK & TRUST COMPANY,219
6/3/1938,,FAILURE,LEOPOLIS STATE BANK,218
5/31/1938,,FAILURE,GERMAN STATE BANK OF BEULAH,217
5/19/1938,,FAILURE,FARMERS SAVINGS BANK,216
5/17/1938,,FAILURE,CITIZENS STATE BANK OF ANDOVER,215
5/14/1938,,FAILURE,SUSSEX STATE BANK,214
4/25/1938,,FAILURE,STATE BANK OF IRENE,213
4/20/1938,,FAILURE,CAROLINE STATE BANK,212
4/19/1938,,FAILURE,BANK OF HUMBOLDT,210
4/19/1938,,FAILURE,FIRST STATE BANK,211
4/12/1938,,FAILURE,FIRST STATE BANK OF IPSWICH,209
4/11/1938,,FAILURE,CAMDEN SAFE DEPOSIT & TRUST COMPANY,207
4/11/1938,,FAILURE,WEST JERSEY TRUST COMPANY,208
4/9/1938,,FAILURE,THE FIRST STATE BANK,204
4/9/1938,,FAILURE,THE CITY NATIONAL BANK OF HARRISBURG,205
4/9/1938,,FAILURE,BANK OF ELLENBORO,206
4/2/1938,,FAILURE,MARGATE TRUST COMPANY,203
3/26/1938,,FAILURE,MERCHANTS' AND MECHANICS' SAVINGS BANK OF NORFOLK,202
3/18/1938,,FAILURE,THE BORDEN STATE BANK,201
3/14/1938,,FAILURE,FIRST STATE BANK,200
3/5/1938,,FAILURE,HOME SAVINGS BANK,199
3/3/1938,,FAILURE,"BANK OF NORTHAMPTON, INCORPORATED",198
3/2/1938,,FAILURE,CITIZENS STATE BANK,197
2/28/1938,,FAILURE,STATE BANK OF SURPRISE,196
2/17/1938,,FAILURE,FARMERS BANK OF BLACKBURN,195
2/12/1938,,FAILURE,THE FIRST NATIONAL BANK OF PURDON,194
2/10/1938,,FAILURE,BANK OF STRAFFORD,191
2/10/1938,,FAILURE,PEOPLES BANK & TRUST COMPANY,192
2/10/1938,,FAILURE,THE BRIGGSDALE STATE BANK,193
2/7/1938,,FAILURE,BANK OF MARION,190
2/1/1938,,FAILURE,FARMERS SECURITY BANK,187
2/1/1938,,FAILURE,THE FIRST STATE BANK OF LATHROP,188
2/1/1938,,FAILURE,POLLOCK STATE BANK,189
1/29/1938,,FAILURE,THE BANK OF FREMONT,186
1/28/1938,,FAILURE,THE TROUT CREEK STATE BANK,185
1/26/1938,,FAILURE,BELLEVILLE BANK & TRUST COMPANY,184
1/22/1938,,FAILURE,THE WOODMAN STATE BANK,183
1/21/1938,,FAILURE,FIRST STATE BANK OF WOLSEY,182
1/19/1938,,FAILURE,BANK OF DECATUR,181
1/11/1938,,FAILURE,WORTHVILLE DEPOSIT BANK,180
12/20/1937,,FAILURE,FIRST NAT BK & TR CO. OF MANHASSET,178
12/17/1937,,FAILURE,BIG FALLS STATE BANK,177
12/2/1937,,FAILURE,NEVADA TRUST COMPANY,175
12/2/1937,,FAILURE,PEOPLES UNITED BANK,176
11/30/1937,,FAILURE,STERLING STATE BANK,174
11/27/1937,,FAILURE,LOGANVILLE STATE BANK,173
11/24/1937,,FAILURE,FIRST STATE BANK OF COBDEN,172
11/19/1937,,FAILURE,BANK OF SWIFTON,171
11/4/1937,,FAILURE,COMMERCIAL BANK & TRUST COMPANY,170
11/1/1937,,FAILURE,FIRST STATE BANK,168
11/1/1937,,FAILURE,BANK OF ALBA,169
10/30/1937,,FAILURE,FARMERS & MERCHANTS BANK OF ELGIN,166
10/30/1937,,FAILURE,CARTER COUNTY COMMERCIAL BANK,167
10/29/1937,,FAILURE,FIRST STATE BANK,165
10/23/1937,,FAILURE,FARMERS STATE BANK,164
10/22/1937,,FAILURE,THE LITTLE FERRY NATIONAL BANK,162
10/22/1937,,FAILURE,THE NESCOPECK NATIONAL BANK,163
10/20/1937,,FAILURE,THE FIRST NATIONAL BANK IN BURLINGTON,161
10/18/1937,,FAILURE,STATE BANK OF MUNDELEIN,160
10/7/1937,,FAILURE,FARMERS STATE BANK OF CARLISLE,159
10/2/1937,,FAILURE,THE FIRST NATIONAL BANK OF PERTH AMBOY,156
10/2/1937,,FAILURE,PERTH AMBOY TRUST COMPANY,157
10/2/1937,,FAILURE,THE RARITAN TRUST COMPANY,158
10/1/1937,,FAILURE,RINGGOLD STATE BANK,154
10/1/1937,,FAILURE,THE FIRST NATIONAL BANK OF LOVELADY,155
9/30/1937,,FAILURE,WESTWOOD TRUST COMPANY,153
9/25/1937,,FAILURE,BURT STATE BANK,152
9/14/1937,,FAILURE,THE BANK OF GALENA,151
9/11/1937,,FAILURE,STONEHAM TRUST COMPANY,150
9/8/1937,,FAILURE,ROANOKE STATE BANK,149
8/31/1937,,FAILURE,FARMERS BANK & TRUST COMPANY,148
8/21/1937,,FAILURE,FARMERS AND MERCHANTS BANK,147
8/14/1937,,FAILURE,THE FORT GREENE NATIONAL BANK IN NEW YORK,146
8/12/1937,,FAILURE,THE FIRST NATIONAL BANK OF ALBERTVILLE,145
8/11/1937,,FAILURE,THE BANK OF NOEL,144
8/5/1937,,FAILURE,KOCHAN BANKING COMPANY,143
7/24/1937,,FAILURE,FIRST BANK & TRUST COMPANY OF HAMILTON,142
7/20/1937,,FAILURE,MICHIGAN CITY TRUST & SAVINGS BANK,141
7/19/1937,,FAILURE,"PEOPLES BANK OF BLOXOM, INC.",140
7/17/1937,,FAILURE,FARMERS & MERCHANTS BANK,139
7/13/1937,,FAILURE,CHATTOOGA COUNTY BANK,137
7/13/1937,,FAILURE,FARMERS STATE BANK OF BAINVILLE,138
7/12/1937,,FAILURE,BANK OF ANUTT,136
7/3/1937,,FAILURE,BANK OF STURGIS,134
7/3/1937,,FAILURE,AMERICAN BANK,135
6/30/1937,,FAILURE,THE TAYLOR NATIONAL BANK OF CAMPBELLSVILLE,133
6/29/1937,,FAILURE,FIRST STATE BANK OF SOUTH SAN ANTONIO,132
6/26/1937,,FAILURE,GHENT DEPOSIT BANK,131
6/23/1937,,FAILURE,AMITE RIVER BANK,130
6/18/1937,,FAILURE,HARDIN TRUST COMPANY,129
6/17/1937,,FAILURE,THE STATE BANK OF MARCELLUS,128
6/16/1937,,FAILURE,UNION STATE BANK AND TRUST COMPANY,126
6/16/1937,,FAILURE,THE FIRST NATIONAL BANK OF PUKWANA,127
6/15/1937,,FAILURE,THE ROMNEY BANK,125
6/14/1937,,FAILURE,COLOMA STATE BANK,124
6/5/1937,,FAILURE,THE FIRST NATIONAL BANK OF MAHANOY CITY,123
5/29/1937,,FAILURE,CARROLL EXCHANGE BANK,122
5/27/1937,,FAILURE,THE FARMERS NATIONAL BANK OF GRAYVILLE,121
5/22/1937,,FAILURE,FARMERS & MERCHANTS TRUST BANK,120
5/1/1937,,FAILURE,THE CITIZENS BANK,119
4/30/1937,,FAILURE,ST. ONGE STATE BANK,118
4/29/1937,,FAILURE,WHITEWOOD BANKING COMPANY,117
4/23/1937,,FAILURE,BANK OF EUREKA,116
4/15/1937,,FAILURE,ROBBINS BANK & TRUST COMPANY,115
4/12/1937,,FAILURE,FIRST STATE BANK,114
4/8/1937,,FAILURE,TEXAS STATE BANK AND TRUST COMPANY,113
4/3/1937,,FAILURE,FIRST INTERNATIONAL BANK,112
3/26/1937,,FAILURE,RIO STATE BANK,111
2/20/1937,,FAILURE,THE CITIZENS STATE BANK OF LEBANON,109
2/20/1937,,FAILURE,THE FIRST NATIONAL BANK OF ISMAY,110
2/18/1937,,FAILURE,FARMERS STATE BANK,107
2/18/1937,,FAILURE,AKASKA STATE BANK,108
2/10/1937,,FAILURE,FARMERS BANK OF TRENTON,106
1/14/1937,,FAILURE,SARGENT COUNTY BANK,105
1/12/1937,,FAILURE,BANK OF HOUGHTON,104
12/31/1936,,FAILURE,CENTRAL STATE BANK OF SHERMAN,35
12/21/1936,,FAILURE,THE CUMMINGS STATE BANK,100
12/21/1936,,FAILURE,RESERVATION STATE BANK,101
12/21/1936,,FAILURE,FIRST STATE BANK OF MAX,102
12/21/1936,,FAILURE,FIRST STATE BANK OF POWERS LAKE,103
12/21/1936,,FAILURE,BANK OF BERTHOLD,98
12/21/1936,,FAILURE,FIRST STATE BANK,99
12/19/1936,,FAILURE,NORTHERN AND DAKOTA TRUST COMPANY,95
12/19/1936,,FAILURE,FIRST INTERNATIONAL BANK,96
12/19/1936,,FAILURE,THE FIRST INTERNATIONAL BANK OF WILLISTON,97
12/18/1936,,FAILURE,THE FIRST NATIONAL BANK OF CENTERVILLE,94
12/12/1936,,FAILURE,THE FIRST STATE BANK OF LIGNITE,93
12/7/1936,,FAILURE,THE UNION STATE BANK,91
12/7/1936,,FAILURE,THE BREWSTER STATE BANK,92
12/5/1936,,FAILURE,CITIZENS STATE BANK,89
12/5/1936,,FAILURE,SCOTTSBURG STATE BANK,90
12/1/1936,,FAILURE,BANK OF CAMBRIA,88
10/27/1936,,FAILURE,THE UNION BANK,87
10/9/1936,,FAILURE,DESOTO BANK AND TRUST COMPANY,86
10/3/1936,,FAILURE,STOVER BANK,85
9/17/1936,,FAILURE,FARMERS STATE BANK,84
9/15/1936,,FAILURE,SECURITY BANK,83
9/12/1936,,FAILURE,THE WELLSVILLE BANK,82
8/31/1936,,FAILURE,COMMERCIAL BANK OF STANBERRY,81
8/22/1936,,FAILURE,DURHAM STATE BANK,80
8/14/1936,,FAILURE,BANK OF MAGNOLIA,78
8/14/1936,,FAILURE,CUMBERLAND BANK,79
7/16/1936,,FAILURE,THE EAST HAMPTON BANK & TRUST CO.,77
7/15/1936,,FAILURE,D'AURIA BANK & TRUST COMPANY,76
7/11/1936,,FAILURE,THE STATE BANK OF SARCOXIE,75
7/10/1936,,FAILURE,FARMERS STATE BANK,74
7/3/1936,,FAILURE,WALTON EQUITABLE BANK,73
6/29/1936,,FAILURE,CENTRAL BANK AND TRUST COMPANY,72
6/17/1936,,FAILURE,THE PEOPLES STATE BANK OF FLAT ROCK,71
6/5/1936,,FAILURE,COMMUNITY BANK,69
6/5/1936,,FAILURE,THE CHRISTIAN COUNTY BANK,70
5/28/1936,,FAILURE,HOLTON STATE BANK,68
5/23/1936,,FAILURE,WEST MONROE STATE BANK,66
5/23/1936,,FAILURE,KOSHKONONG STATE BANK,67
5/14/1936,,FAILURE,FARMERS BANK OF NEW TRUXTON,65
5/13/1936,,FAILURE,FORD CITY STATE BANK,64
5/9/1936,,FAILURE,GROWERS EXCHANGE BANK,63
4/23/1936,,FAILURE,GUARANTY BOND STATE BANK,62
4/22/1936,,FAILURE,NORBORNE TRUST COMPANY,61
4/21/1936,,FAILURE,FARMERS & MERCHANTS BANK,60
4/18/1936,,FAILURE,HARDIN BANK,59
4/10/1936,,FAILURE,CROSS PLAINS BANK,58
3/31/1936,,FAILURE,LELAND COOPERATIVE BANK,56
3/31/1936,,FAILURE,BANK OF HOLCOMB,57
3/28/1936,,FAILURE,THE EARL PARK STATE BANK,55
3/27/1936,,FAILURE,CLIFTON STATE BANK,54
3/25/1936,,FAILURE,DONELSON BANK & TRUST CO.,53
3/24/1936,,FAILURE,THE FARMERS STATE BANK,52
3/18/1936,,FAILURE,BENJAMIN STATE BANK,49
3/18/1936,,FAILURE,FARMERS STATE BANK,50
3/18/1936,,FAILURE,CITIZENS BANK OF BOSWORTH,51
3/5/1936,,FAILURE,FARMERS AND MERCHANTS BANK OF LINN,48
3/2/1936,,FAILURE,PEOPLES BANK,47
2/27/1936,,FAILURE,FARMERS BANK OF LEONARD,45
2/20/1936,,FAILURE,THE BANK OF HIGH HILL,44
2/18/1936,,FAILURE,COLUMBIA STATE BANK,43
2/17/1936,,FAILURE,MERCHANTS AND FARMERS BANK,42
2/15/1936,,FAILURE,FARMERS & MECHANICS BANK,39
2/15/1936,,FAILURE,THE ANN ARBOR SAVINGS BANK,40
2/15/1936,,FAILURE,THE FIRST NATIONAL BANK & TRUST CO.,41
2/5/1936,,FAILURE,PEOPLES BANK,38
2/1/1936,,FAILURE,THE FIRST NATIONAL BANK OF CLINTON,37
2/1/1936,,FAILURE,FARMERS & MERCHANTS BANK,46
1/10/1936,,FAILURE,CITIZENS BANK OF ERWIN,36
12/16/1935,,FAILURE,THE FARMERS BANK,34
12/14/1935,,FAILURE,LIVINGSTON STATE BANK,33
12/7/1935,,FAILURE,FRIENDSHIP STATE BANK,32
12/5/1935,,FAILURE,FARMERS BANK OF CHARLTON COUNTY,31
11/27/1935,,FAILURE,BANK OF LINDEN,30
11/26/1935,,FAILURE,LENNON STATE BANK,29
11/18/1935,,FAILURE,PRESIDIO VALLEY BANK,28
11/16/1935,,FAILURE,E. P. WILBUR TRUST COMPANY,27
10/23/1935,,FAILURE,BUNA STATE BANK,26
9/28/1935,,FAILURE,THE COMMERCIAL NATIONAL BANK OF BRADFORD,25
7/24/1935,,FAILURE,THE FARMERS NATIONAL BANK OF SARDINIA,24
7/22/1935,,FAILURE,MERCHANTS & FARMERS BANK,23
7/20/1935,,FAILURE,BANK OF GRANTVILLE,22
6/29/1935,,FAILURE,THE FIRST NATIONAL BANK OF PENDER,21
6/24/1935,,FAILURE,STATE BANK OF SUAMICO,20
6/4/1935,,FAILURE,ANCHOR STATE BANK,19
6/1/1935,,FAILURE,BLUE SPRINGS STATE BANK,18
5/3/1935,,FAILURE,FIRST STATE BANK OF AGRA,17
5/2/1935,,FAILURE,THE FARMERS BANK,16
4/10/1935,,FAILURE,THE STATE BANK OF MILFORD,15
4/4/1935,,FAILURE,GUARANTY STATE BANK,14
3/25/1935,,FAILURE,THE FIRST STATE BANK,13
3/9/1935,,FAILURE,PALMETTO STATE BANK,12
1/9/1935,,FAILURE,THE NATIONAL BANK OF HERNDON,11
1/3/1935,,FAILURE,CLIFFSIDE PARK TITLE GUARANTEE & TRUST CO.,10
11/16/1934,,FAILURE,THE STATE BANK,9
10/13/1934,,FAILURE,PICKENS COUNTY BANK,8
10/11/1934,,FAILURE,FARMERS & TRADERS BANK,7
9/13/1934,,FAILURE,FARMERS STATE BANK OF BONGARDS,6
8/6/1934,,FAILURE,BANK OF LEWISPORT,5
7/18/1934,,FAILURE,FIRST NATIONAL BANK OF LIMA,3
7/18/1934,,FAILURE,FLORENCE DEPOSIT BANK,4
5/28/1934,,FAILURE,FON DU LAC STATE BANK,1
4/19/1934,,FAILURE,BANK OF AMERICA TRUST CO.,2
