Repeat,Metric,Comparison,Difference
0,Precision difference (pp),Ridge minus Size-only Ridge,5.674008640564374
0,Precision difference (pp),MLP minus Ridge,-0.26301133599557214
0,MAE difference (pp),MLP minus Zero growth,0.039913594716268985
0,MAE difference (pp),MLP minus Ridge,-0.0007769759737734638
0,MAE difference (pp),Seasonal median minus Zero growth,-0.10580546264547719
1,Precision difference (pp),Ridge minus Size-only Ridge,2.9235501658800427
1,Precision difference (pp),MLP minus Ridge,0.09657525694688474
1,MAE difference (pp),MLP minus Zero growth,0.04031111995919501
1,MAE difference (pp),MLP minus Ridge,-0.0052174554643755755
1,MAE difference (pp),Seasonal median minus Zero growth,-0.10194783297988375
2,Precision difference (pp),Ridge minus Size-only Ridge,4.1144707872965345
2,Precision difference (pp),MLP minus Ridge,-0.20694831779475842
2,MAE difference (pp),MLP minus Zero growth,0.012973991547125419
2,MAE difference (pp),MLP minus Ridge,-0.016785094291389413
2,MAE difference (pp),Seasonal median minus Zero growth,-0.09980239004990077
3,Precision difference (pp),Ridge minus Size-only Ridge,2.0963669105217853
3,Precision difference (pp),MLP minus Ridge,0.59437827716039
3,MAE difference (pp),MLP minus Zero growth,0.006677280450141154
3,MAE difference (pp),MLP minus Ridge,-0.016500564094811487
3,MAE difference (pp),Seasonal median minus Zero growth,-0.10682300484158036
4,Precision difference (pp),Ridge minus Size-only Ridge,2.7097791537799094
4,Precision difference (pp),MLP minus Ridge,-0.09424466898107775
4,MAE difference (pp),MLP minus Zero growth,0.02007379695300404
4,MAE difference (pp),MLP minus Ridge,-0.016045824269982134
4,MAE difference (pp),Seasonal median minus Zero growth,-0.10429531147358562
5,Precision difference (pp),Ridge minus Size-only Ridge,2.4159805998857475
5,Precision difference (pp),MLP minus Ridge,-0.9597099545179649
5,MAE difference (pp),MLP minus Zero growth,0.05884462477004204
5,MAE difference (pp),MLP minus Ridge,0.020865808901909144
5,MAE difference (pp),Seasonal median minus Zero growth,-0.09565551407254214
6,Precision difference (pp),Ridge minus Size-only Ridge,5.083835610750062
6,Precision difference (pp),MLP minus Ridge,-0.09618731287922844
6,MAE difference (pp),MLP minus Zero growth,0.037675882149617035
6,MAE difference (pp),MLP minus Ridge,-0.011837488560832998
6,MAE difference (pp),Seasonal median minus Zero growth,-0.09312850663235972
7,Precision difference (pp),Ridge minus Size-only Ridge,3.3445706151995576
7,Precision difference (pp),MLP minus Ridge,-1.3208111391014798
7,MAE difference (pp),MLP minus Zero growth,0.028284979291798074
7,MAE difference (pp),MLP minus Ridge,-0.028606947963646157
7,MAE difference (pp),Seasonal median minus Zero growth,-0.1002914694857524
8,Precision difference (pp),Ridge minus Size-only Ridge,1.443622137087583
8,Precision difference (pp),MLP minus Ridge,1.746602710837608
8,MAE difference (pp),MLP minus Zero growth,0.04509532565494068
8,MAE difference (pp),MLP minus Ridge,-0.008408451059325639
8,MAE difference (pp),Seasonal median minus Zero growth,-0.09577228733001952
9,Precision difference (pp),Ridge minus Size-only Ridge,2.949071270830844
9,Precision difference (pp),MLP minus Ridge,-0.2597024921973001
9,MAE difference (pp),MLP minus Zero growth,0.04091862446070271
9,MAE difference (pp),MLP minus Ridge,-0.009131773044822822
9,MAE difference (pp),Seasonal median minus Zero growth,-0.0892399281070193
10,Precision difference (pp),Ridge minus Size-only Ridge,2.217763714189963
10,Precision difference (pp),MLP minus Ridge,-0.5112873355971326
10,MAE difference (pp),MLP minus Zero growth,0.04975788470268405
10,MAE difference (pp),MLP minus Ridge,0.001538351719347908
10,MAE difference (pp),Seasonal median minus Zero growth,-0.08859337556616431
11,Precision difference (pp),Ridge minus Size-only Ridge,3.5871910865115266
11,Precision difference (pp),MLP minus Ridge,-0.1336899141463621
11,MAE difference (pp),MLP minus Zero growth,-0.0027369613215522115
11,MAE difference (pp),MLP minus Ridge,-0.04510328534025865
11,MAE difference (pp),Seasonal median minus Zero growth,-0.09997057916049235
12,Precision difference (pp),Ridge minus Size-only Ridge,2.035468325554321
12,Precision difference (pp),MLP minus Ridge,-0.832317712760855
12,MAE difference (pp),MLP minus Zero growth,0.026335279100540898
12,MAE difference (pp),MLP minus Ridge,-0.02194616934041349
12,MAE difference (pp),Seasonal median minus Zero growth,-0.09612930610909354
13,Precision difference (pp),Ridge minus Size-only Ridge,1.0805429828574158
13,Precision difference (pp),MLP minus Ridge,1.3085299599488898
13,MAE difference (pp),MLP minus Zero growth,0.04689662893829594
13,MAE difference (pp),MLP minus Ridge,0.0060142340415332285
13,MAE difference (pp),Seasonal median minus Zero growth,-0.09737422637536763
14,Precision difference (pp),Ridge minus Size-only Ridge,1.1919291157078766
14,Precision difference (pp),MLP minus Ridge,2.0244795678030196
14,MAE difference (pp),MLP minus Zero growth,0.03430120710323736
14,MAE difference (pp),MLP minus Ridge,0.010450472579122128
14,MAE difference (pp),Seasonal median minus Zero growth,-0.10209921915002207
15,Precision difference (pp),Ridge minus Size-only Ridge,3.4297895460375925
15,Precision difference (pp),MLP minus Ridge,0.7852911718877476
15,MAE difference (pp),MLP minus Zero growth,0.012794030388517008
15,MAE difference (pp),MLP minus Ridge,-0.01986024035800371
15,MAE difference (pp),Seasonal median minus Zero growth,-0.1000822683122875
16,Precision difference (pp),Ridge minus Size-only Ridge,5.050808412682548
16,Precision difference (pp),MLP minus Ridge,-1.1189764321539593
16,MAE difference (pp),MLP minus Zero growth,0.003138384087233881
16,MAE difference (pp),MLP minus Ridge,-0.03518940899936096
16,MAE difference (pp),Seasonal median minus Zero growth,-0.10618109047738411
17,Precision difference (pp),Ridge minus Size-only Ridge,3.5251963257936394
17,Precision difference (pp),MLP minus Ridge,1.2557166994974889
17,MAE difference (pp),MLP minus Zero growth,0.01791379137268745
17,MAE difference (pp),MLP minus Ridge,-0.006854331500289135
17,MAE difference (pp),Seasonal median minus Zero growth,-0.10365940418224007
18,Precision difference (pp),Ridge minus Size-only Ridge,2.477624784762489
18,Precision difference (pp),MLP minus Ridge,-0.4993324163063695
18,MAE difference (pp),MLP minus Zero growth,0.037837323731365835
18,MAE difference (pp),MLP minus Ridge,-0.0070441879082059344
18,MAE difference (pp),Seasonal median minus Zero growth,-0.09035071673075157
19,Precision difference (pp),Ridge minus Size-only Ridge,3.454121584747136
19,Precision difference (pp),MLP minus Ridge,0.9148603500436586
19,MAE difference (pp),MLP minus Zero growth,0.008882963513174413
19,MAE difference (pp),MLP minus Ridge,-0.02035733715005783
19,MAE difference (pp),Seasonal median minus Zero growth,-0.1061494578579949
20,Precision difference (pp),Ridge minus Size-only Ridge,1.6042015010513833
20,Precision difference (pp),MLP minus Ridge,-0.12774062779229434
20,MAE difference (pp),MLP minus Zero growth,0.025810151356009392
20,MAE difference (pp),MLP minus Ridge,-0.018852662012220023
20,MAE difference (pp),Seasonal median minus Zero growth,-0.10214807450054098
21,Precision difference (pp),Ridge minus Size-only Ridge,5.385934648125934
21,Precision difference (pp),MLP minus Ridge,0.19545973642538517
21,MAE difference (pp),MLP minus Zero growth,0.03854526042910589
21,MAE difference (pp),MLP minus Ridge,-0.00031055078591935015
21,MAE difference (pp),Seasonal median minus Zero growth,-0.09914650551932525
22,Precision difference (pp),Ridge minus Size-only Ridge,1.3235356065417259
22,Precision difference (pp),MLP minus Ridge,0.36627491017270364
22,MAE difference (pp),MLP minus Zero growth,0.026483623686438307
22,MAE difference (pp),MLP minus Ridge,-0.008662667465561213
22,MAE difference (pp),Seasonal median minus Zero growth,-0.10409501181029901
23,Precision difference (pp),Ridge minus Size-only Ridge,3.034986325449371
23,Precision difference (pp),MLP minus Ridge,-0.05335135049361617
23,MAE difference (pp),MLP minus Zero growth,-0.0024345428065553065
23,MAE difference (pp),MLP minus Ridge,-0.018548778633987517
23,MAE difference (pp),Seasonal median minus Zero growth,-0.10759336388789276
24,Precision difference (pp),Ridge minus Size-only Ridge,2.541818042580346
24,Precision difference (pp),MLP minus Ridge,-0.6662121619450789
24,MAE difference (pp),MLP minus Zero growth,0.00566951767644186
24,MAE difference (pp),MLP minus Ridge,-0.008554178327505824
24,MAE difference (pp),Seasonal median minus Zero growth,-0.1195163931430594
25,Precision difference (pp),Ridge minus Size-only Ridge,2.535242967662252
25,Precision difference (pp),MLP minus Ridge,-1.6992671857475523
25,MAE difference (pp),MLP minus Zero growth,0.05132065827792642
25,MAE difference (pp),MLP minus Ridge,0.004663770585979776
25,MAE difference (pp),Seasonal median minus Zero growth,-0.09868584816364967
26,Precision difference (pp),Ridge minus Size-only Ridge,4.604259988398088
26,Precision difference (pp),MLP minus Ridge,-0.5081752399655692
26,MAE difference (pp),MLP minus Zero growth,0.0318221523640676
26,MAE difference (pp),MLP minus Ridge,0.005061899728685759
26,MAE difference (pp),Seasonal median minus Zero growth,-0.09668073411840084
27,Precision difference (pp),Ridge minus Size-only Ridge,2.285912666331144
27,Precision difference (pp),MLP minus Ridge,1.9879212828706083
27,MAE difference (pp),MLP minus Zero growth,0.00450952630481849
27,MAE difference (pp),MLP minus Ridge,-0.013475180018843957
27,MAE difference (pp),Seasonal median minus Zero growth,-0.10931237264874971
28,Precision difference (pp),Ridge minus Size-only Ridge,3.022314386313102
28,Precision difference (pp),MLP minus Ridge,-0.922050528373064
28,MAE difference (pp),MLP minus Zero growth,0.01042548923093678
28,MAE difference (pp),MLP minus Ridge,-0.0363537126745932
28,MAE difference (pp),Seasonal median minus Zero growth,-0.09033282436633883
29,Precision difference (pp),Ridge minus Size-only Ridge,3.101509543142833
29,Precision difference (pp),MLP minus Ridge,-0.7948916620107771
29,MAE difference (pp),MLP minus Zero growth,0.02196275417949911
29,MAE difference (pp),MLP minus Ridge,0.00380063804520292
29,MAE difference (pp),Seasonal median minus Zero growth,-0.1098847669327756
30,Precision difference (pp),Ridge minus Size-only Ridge,3.4347175209566565
30,Precision difference (pp),MLP minus Ridge,-1.2824370218438323
30,MAE difference (pp),MLP minus Zero growth,0.035223858186165025
30,MAE difference (pp),MLP minus Ridge,-0.014496512121789706
30,MAE difference (pp),Seasonal median minus Zero growth,-0.09122892306350927
31,Precision difference (pp),Ridge minus Size-only Ridge,2.953838036287801
31,Precision difference (pp),MLP minus Ridge,-0.35953568819309945
31,MAE difference (pp),MLP minus Zero growth,0.052685089114441475
31,MAE difference (pp),MLP minus Ridge,0.012712412461791
31,MAE difference (pp),Seasonal median minus Zero growth,-0.10280969321234679
32,Precision difference (pp),Ridge minus Size-only Ridge,4.725608414064789
32,Precision difference (pp),MLP minus Ridge,-2.7032509302628513
32,MAE difference (pp),MLP minus Zero growth,0.026987951447170033
32,MAE difference (pp),MLP minus Ridge,-0.010616916064295268
32,MAE difference (pp),Seasonal median minus Zero growth,-0.0978734729561026
33,Precision difference (pp),Ridge minus Size-only Ridge,2.7098783550398076
33,Precision difference (pp),MLP minus Ridge,-0.4041696871987521
33,MAE difference (pp),MLP minus Zero growth,0.05234877307582586
33,MAE difference (pp),MLP minus Ridge,0.006575227264868477
33,MAE difference (pp),Seasonal median minus Zero growth,-0.09928577877371225
34,Precision difference (pp),Ridge minus Size-only Ridge,4.730790362990889
34,Precision difference (pp),MLP minus Ridge,1.130079484688709
34,MAE difference (pp),MLP minus Zero growth,0.04165580582490236
34,MAE difference (pp),MLP minus Ridge,-0.016268527559165857
34,MAE difference (pp),Seasonal median minus Zero growth,-0.09903524811217856
35,Precision difference (pp),Ridge minus Size-only Ridge,1.959754099959274
35,Precision difference (pp),MLP minus Ridge,0.21515521884297173
35,MAE difference (pp),MLP minus Zero growth,0.037372495586667664
35,MAE difference (pp),MLP minus Ridge,-7.807091973299762e-05
35,MAE difference (pp),Seasonal median minus Zero growth,-0.10275176357967686
36,Precision difference (pp),Ridge minus Size-only Ridge,2.38751284443198
36,Precision difference (pp),MLP minus Ridge,0.9704312651040881
36,MAE difference (pp),MLP minus Zero growth,0.046392578960055886
36,MAE difference (pp),MLP minus Ridge,0.011163869370064639
36,MAE difference (pp),Seasonal median minus Zero growth,-0.10308225037352203
37,Precision difference (pp),Ridge minus Size-only Ridge,1.3730076894586662
37,Precision difference (pp),MLP minus Ridge,1.9130078938050687
37,MAE difference (pp),MLP minus Zero growth,0.0007989798804803883
37,MAE difference (pp),MLP minus Ridge,-0.04067900587679185
37,MAE difference (pp),Seasonal median minus Zero growth,-0.1034570331693101
38,Precision difference (pp),Ridge minus Size-only Ridge,2.2857207435645703
38,Precision difference (pp),MLP minus Ridge,1.2556340690643153
38,MAE difference (pp),MLP minus Zero growth,0.03336921402676918
38,MAE difference (pp),MLP minus Ridge,-0.03644818893768509
38,MAE difference (pp),Seasonal median minus Zero growth,-0.08583046217117518
39,Precision difference (pp),Ridge minus Size-only Ridge,3.284572826548651
39,Precision difference (pp),MLP minus Ridge,-0.15307603442883122
39,MAE difference (pp),MLP minus Zero growth,0.03375562773459917
39,MAE difference (pp),MLP minus Ridge,-0.028280282874022955
39,MAE difference (pp),Seasonal median minus Zero growth,-0.0884499924567943
40,Precision difference (pp),Ridge minus Size-only Ridge,3.722837652620728
40,Precision difference (pp),MLP minus Ridge,-1.2853280342596278
40,MAE difference (pp),MLP minus Zero growth,0.07645166877775367
40,MAE difference (pp),MLP minus Ridge,0.008290267141346064
40,MAE difference (pp),Seasonal median minus Zero growth,-0.091074973097923
41,Precision difference (pp),Ridge minus Size-only Ridge,3.134439391351182
41,Precision difference (pp),MLP minus Ridge,1.120413300122447
41,MAE difference (pp),MLP minus Zero growth,0.048924058990791774
41,MAE difference (pp),MLP minus Ridge,-0.026087411547453865
41,MAE difference (pp),Seasonal median minus Zero growth,-0.0851928319355566
42,Precision difference (pp),Ridge minus Size-only Ridge,3.617083548896588
42,Precision difference (pp),MLP minus Ridge,-1.866385374891069
42,MAE difference (pp),MLP minus Zero growth,0.04814126583103695
42,MAE difference (pp),MLP minus Ridge,0.0020180955078652474
42,MAE difference (pp),Seasonal median minus Zero growth,-0.09240718102226486
43,Precision difference (pp),Ridge minus Size-only Ridge,3.868809432522069
43,Precision difference (pp),MLP minus Ridge,-1.3901467966077692
43,MAE difference (pp),MLP minus Zero growth,0.059250649888538565
43,MAE difference (pp),MLP minus Ridge,-0.007983929647657817
43,MAE difference (pp),Seasonal median minus Zero growth,-0.09340858535506502
44,Precision difference (pp),Ridge minus Size-only Ridge,4.538999158891999
44,Precision difference (pp),MLP minus Ridge,-1.3899229522677277
44,MAE difference (pp),MLP minus Zero growth,0.06603872190014881
44,MAE difference (pp),MLP minus Ridge,0.010193606023951585
44,MAE difference (pp),Seasonal median minus Zero growth,-0.09645348582798086
45,Precision difference (pp),Ridge minus Size-only Ridge,4.86710390983407
45,Precision difference (pp),MLP minus Ridge,-2.9216270151367407
45,MAE difference (pp),MLP minus Zero growth,0.06709461541572814
45,MAE difference (pp),MLP minus Ridge,-0.007483851619518145
45,MAE difference (pp),Seasonal median minus Zero growth,-0.09038812332674784
46,Precision difference (pp),Ridge minus Size-only Ridge,2.1892049076816384
46,Precision difference (pp),MLP minus Ridge,-1.0526120953737006
46,MAE difference (pp),MLP minus Zero growth,0.03698354030812245
46,MAE difference (pp),MLP minus Ridge,0.013699438917008422
46,MAE difference (pp),Seasonal median minus Zero growth,-0.10514077108642228
47,Precision difference (pp),Ridge minus Size-only Ridge,2.5193574078771626
47,Precision difference (pp),MLP minus Ridge,-0.3150929995821311
47,MAE difference (pp),MLP minus Zero growth,0.013133817298647266
47,MAE difference (pp),MLP minus Ridge,-0.013214117834900119
47,MAE difference (pp),Seasonal median minus Zero growth,-0.09623474600701165
48,Precision difference (pp),Ridge minus Size-only Ridge,1.9577131314523433
48,Precision difference (pp),MLP minus Ridge,-1.855365057033903
48,MAE difference (pp),MLP minus Zero growth,0.02418591930790548
48,MAE difference (pp),MLP minus Ridge,-0.0203828348445092
48,MAE difference (pp),Seasonal median minus Zero growth,-0.09890594761860916
49,Precision difference (pp),Ridge minus Size-only Ridge,4.259457892541555
49,Precision difference (pp),MLP minus Ridge,-1.1131641463615338
49,MAE difference (pp),MLP minus Zero growth,0.043428202480278344
49,MAE difference (pp),MLP minus Ridge,-0.004183543532620959
49,MAE difference (pp),Seasonal median minus Zero growth,-0.10161320018400044
50,Precision difference (pp),Ridge minus Size-only Ridge,3.69286834398328
50,Precision difference (pp),MLP minus Ridge,-1.5844227046148656
50,MAE difference (pp),MLP minus Zero growth,0.0405763640220731
50,MAE difference (pp),MLP minus Ridge,-0.005467725887556174
50,MAE difference (pp),Seasonal median minus Zero growth,-0.09634506444640945
51,Precision difference (pp),Ridge minus Size-only Ridge,2.8398725933282076
51,Precision difference (pp),MLP minus Ridge,1.4865313617725584
51,MAE difference (pp),MLP minus Zero growth,0.034063677204426046
51,MAE difference (pp),MLP minus Ridge,-0.008059183109812018
51,MAE difference (pp),Seasonal median minus Zero growth,-0.11182719718810175
52,Precision difference (pp),Ridge minus Size-only Ridge,3.3996685693139432
52,Precision difference (pp),MLP minus Ridge,-0.24088400538390675
52,MAE difference (pp),MLP minus Zero growth,0.038060347090617785
52,MAE difference (pp),MLP minus Ridge,0.0010706153933139895
52,MAE difference (pp),Seasonal median minus Zero growth,-0.10566987028662034
53,Precision difference (pp),Ridge minus Size-only Ridge,3.897737860654998
53,Precision difference (pp),MLP minus Ridge,-0.978305582365252
53,MAE difference (pp),MLP minus Zero growth,0.042514025321297666
53,MAE difference (pp),MLP minus Ridge,-0.01093650923164402
53,MAE difference (pp),Seasonal median minus Zero growth,-0.10345362099618782
54,Precision difference (pp),Ridge minus Size-only Ridge,2.361099658228813
54,Precision difference (pp),MLP minus Ridge,1.764811412031364
54,MAE difference (pp),MLP minus Zero growth,-0.04283380221733735
54,MAE difference (pp),MLP minus Ridge,-0.04621537553984645
54,MAE difference (pp),Seasonal median minus Zero growth,-0.10940667154522954
55,Precision difference (pp),Ridge minus Size-only Ridge,2.560691075986976
55,Precision difference (pp),MLP minus Ridge,2.1061805265774005
55,MAE difference (pp),MLP minus Zero growth,0.04008898436262509
55,MAE difference (pp),MLP minus Ridge,0.0032612712855590864
55,MAE difference (pp),Seasonal median minus Zero growth,-0.10684485651721332
56,Precision difference (pp),Ridge minus Size-only Ridge,3.2873806818653346
56,Precision difference (pp),MLP minus Ridge,0.8276861366271426
56,MAE difference (pp),MLP minus Zero growth,-0.002169257352361953
56,MAE difference (pp),MLP minus Ridge,-0.02819669850858819
56,MAE difference (pp),Seasonal median minus Zero growth,-0.09554652718429679
57,Precision difference (pp),Ridge minus Size-only Ridge,3.044859884569023
57,Precision difference (pp),MLP minus Ridge,-0.19354950908081758
57,MAE difference (pp),MLP minus Zero growth,0.04038402503945404
57,MAE difference (pp),MLP minus Ridge,-0.008707605465887447
57,MAE difference (pp),Seasonal median minus Zero growth,-0.09326910806546485
58,Precision difference (pp),Ridge minus Size-only Ridge,3.899060822402453
58,Precision difference (pp),MLP minus Ridge,-0.07795322168555607
58,MAE difference (pp),MLP minus Zero growth,0.04554041265981823
58,MAE difference (pp),MLP minus Ridge,-0.01501518114322975
58,MAE difference (pp),Seasonal median minus Zero growth,-0.09997498810109295
59,Precision difference (pp),Ridge minus Size-only Ridge,2.5790890281699093
59,Precision difference (pp),MLP minus Ridge,1.0619061122150997
59,MAE difference (pp),MLP minus Zero growth,0.010905203165202604
59,MAE difference (pp),MLP minus Ridge,-0.03093703529580205
59,MAE difference (pp),Seasonal median minus Zero growth,-0.0970893898223002
60,Precision difference (pp),Ridge minus Size-only Ridge,3.747348307442222
60,Precision difference (pp),MLP minus Ridge,0.5298532057404604
60,MAE difference (pp),MLP minus Zero growth,0.036979050366796606
60,MAE difference (pp),MLP minus Ridge,-0.016160060358080486
60,MAE difference (pp),Seasonal median minus Zero growth,-0.09483157118719321
61,Precision difference (pp),Ridge minus Size-only Ridge,1.7631323753980994
61,Precision difference (pp),MLP minus Ridge,-0.24106530836763562
61,MAE difference (pp),MLP minus Zero growth,0.0765997260829665
61,MAE difference (pp),MLP minus Ridge,0.005861621315682353
61,MAE difference (pp),Seasonal median minus Zero growth,-0.08972903938063137
62,Precision difference (pp),Ridge minus Size-only Ridge,3.692840177591275
62,Precision difference (pp),MLP minus Ridge,0.24240310627254014
62,MAE difference (pp),MLP minus Zero growth,0.0485336902547755
62,MAE difference (pp),MLP minus Ridge,-0.02445873375764762
62,MAE difference (pp),Seasonal median minus Zero growth,-0.09725764523067815
63,Precision difference (pp),Ridge minus Size-only Ridge,3.8538285102065113
63,Precision difference (pp),MLP minus Ridge,-0.6024588984155477
63,MAE difference (pp),MLP minus Zero growth,-0.0025261606513318213
63,MAE difference (pp),MLP minus Ridge,-0.029163477468507448
63,MAE difference (pp),Seasonal median minus Zero growth,-0.10274060978608812
64,Precision difference (pp),Ridge minus Size-only Ridge,3.0085481525814584
64,Precision difference (pp),MLP minus Ridge,0.36526977995094134
64,MAE difference (pp),MLP minus Zero growth,0.034624425670124026
64,MAE difference (pp),MLP minus Ridge,-0.019917964748803918
64,MAE difference (pp),Seasonal median minus Zero growth,-0.1019072192381163
65,Precision difference (pp),Ridge minus Size-only Ridge,3.767790559930653
65,Precision difference (pp),MLP minus Ridge,-0.03649098753243374
65,MAE difference (pp),MLP minus Zero growth,0.02740251743913502
65,MAE difference (pp),MLP minus Ridge,-0.016261382340709396
65,MAE difference (pp),Seasonal median minus Zero growth,-0.09055437704091274
66,Precision difference (pp),Ridge minus Size-only Ridge,0.6549246432962647
66,Precision difference (pp),MLP minus Ridge,1.1398579903841828
66,MAE difference (pp),MLP minus Zero growth,0.03288070208012339
66,MAE difference (pp),MLP minus Ridge,-0.010742642795572799
66,MAE difference (pp),Seasonal median minus Zero growth,-0.10573555508719235
67,Precision difference (pp),Ridge minus Size-only Ridge,0.7825760087508266
67,Precision difference (pp),MLP minus Ridge,1.777094278757374
67,MAE difference (pp),MLP minus Zero growth,0.012530971261901502
67,MAE difference (pp),MLP minus Ridge,-0.03812775751947939
67,MAE difference (pp),Seasonal median minus Zero growth,-0.10336365157615379
68,Precision difference (pp),Ridge minus Size-only Ridge,1.2596068076375144
68,Precision difference (pp),MLP minus Ridge,1.812361112572819
68,MAE difference (pp),MLP minus Zero growth,0.015106383823060288
68,MAE difference (pp),MLP minus Ridge,-0.014893623051666971
68,MAE difference (pp),Seasonal median minus Zero growth,-0.10307780418830204
69,Precision difference (pp),Ridge minus Size-only Ridge,1.31122570322727
69,Precision difference (pp),MLP minus Ridge,1.2754490912220584
69,MAE difference (pp),MLP minus Zero growth,0.02119304000468203
69,MAE difference (pp),MLP minus Ridge,-0.022334257334469587
69,MAE difference (pp),Seasonal median minus Zero growth,-0.10428312016602614
70,Precision difference (pp),Ridge minus Size-only Ridge,2.667086596937096
70,Precision difference (pp),MLP minus Ridge,-0.46786986696270016
70,MAE difference (pp),MLP minus Zero growth,-0.0072374316182495235
70,MAE difference (pp),MLP minus Ridge,-0.027804813857047694
70,MAE difference (pp),Seasonal median minus Zero growth,-0.10803449626290984
71,Precision difference (pp),Ridge minus Size-only Ridge,1.2379310838131348
71,Precision difference (pp),MLP minus Ridge,1.033512571642739
71,MAE difference (pp),MLP minus Zero growth,0.035700941975930434
71,MAE difference (pp),MLP minus Ridge,-0.011871422005942378
71,MAE difference (pp),Seasonal median minus Zero growth,-0.09922961158789256
72,Precision difference (pp),Ridge minus Size-only Ridge,3.073521798914178
72,Precision difference (pp),MLP minus Ridge,-1.0781994585140342
72,MAE difference (pp),MLP minus Zero growth,0.02506534824635409
72,MAE difference (pp),MLP minus Ridge,-0.026336673638822194
72,MAE difference (pp),Seasonal median minus Zero growth,-0.09905273856832819
73,Precision difference (pp),Ridge minus Size-only Ridge,4.711785281935351
73,Precision difference (pp),MLP minus Ridge,-1.44581379392702
73,MAE difference (pp),MLP minus Zero growth,0.03991114128506723
73,MAE difference (pp),MLP minus Ridge,-0.008562440374049185
73,MAE difference (pp),Seasonal median minus Zero growth,-0.09495249144470508
74,Precision difference (pp),Ridge minus Size-only Ridge,3.3802249287851693
74,Precision difference (pp),MLP minus Ridge,0.12655087655507602
74,MAE difference (pp),MLP minus Zero growth,-0.010514124884652976
74,MAE difference (pp),MLP minus Ridge,-0.024273937826647884
74,MAE difference (pp),Seasonal median minus Zero growth,-0.11004262765369388
75,Precision difference (pp),Ridge minus Size-only Ridge,3.201667720703555
75,Precision difference (pp),MLP minus Ridge,0.5409430533870163
75,MAE difference (pp),MLP minus Zero growth,0.0068606924645022715
75,MAE difference (pp),MLP minus Ridge,-0.027187119182467523
75,MAE difference (pp),Seasonal median minus Zero growth,-0.10997316146842007
76,Precision difference (pp),Ridge minus Size-only Ridge,3.286916790156924
76,Precision difference (pp),MLP minus Ridge,-1.027013140459529
76,MAE difference (pp),MLP minus Zero growth,0.009075267116591679
76,MAE difference (pp),MLP minus Ridge,-0.018206023237411717
76,MAE difference (pp),Seasonal median minus Zero growth,-0.10818326790853439
77,Precision difference (pp),Ridge minus Size-only Ridge,2.3943088935841987
77,Precision difference (pp),MLP minus Ridge,-0.4571331447787902
77,MAE difference (pp),MLP minus Zero growth,0.029364237499216905
77,MAE difference (pp),MLP minus Ridge,-0.017204063878482945
77,MAE difference (pp),Seasonal median minus Zero growth,-0.09919538760019231
78,Precision difference (pp),Ridge minus Size-only Ridge,2.271340336568511
78,Precision difference (pp),MLP minus Ridge,-1.4402002891552412
78,MAE difference (pp),MLP minus Zero growth,0.018117879779781187
78,MAE difference (pp),MLP minus Ridge,0.008174767320682452
78,MAE difference (pp),Seasonal median minus Zero growth,-0.1070081994556289
79,Precision difference (pp),Ridge minus Size-only Ridge,2.225911529919522
79,Precision difference (pp),MLP minus Ridge,0.3447731003738824
79,MAE difference (pp),MLP minus Zero growth,0.002651140529983387
79,MAE difference (pp),MLP minus Ridge,-0.027293745993602236
79,MAE difference (pp),Seasonal median minus Zero growth,-0.10687043518108963
80,Precision difference (pp),Ridge minus Size-only Ridge,6.0427826519614065
80,Precision difference (pp),MLP minus Ridge,-0.717164931043901
80,MAE difference (pp),MLP minus Zero growth,-0.002827472603637471
80,MAE difference (pp),MLP minus Ridge,-0.027420987547217557
80,MAE difference (pp),Seasonal median minus Zero growth,-0.09973280411063401
81,Precision difference (pp),Ridge minus Size-only Ridge,1.8170408763809487
81,Precision difference (pp),MLP minus Ridge,-0.452921535829498
81,MAE difference (pp),MLP minus Zero growth,0.029242619787058555
81,MAE difference (pp),MLP minus Ridge,0.0002829288703849464
81,MAE difference (pp),Seasonal median minus Zero growth,-0.09960454946441155
82,Precision difference (pp),Ridge minus Size-only Ridge,2.825549002041383
82,Precision difference (pp),MLP minus Ridge,0.6141071154906474
82,MAE difference (pp),MLP minus Zero growth,0.027223375293685237
82,MAE difference (pp),MLP minus Ridge,-0.02364874832038355
82,MAE difference (pp),Seasonal median minus Zero growth,-0.09991891384811824
83,Precision difference (pp),Ridge minus Size-only Ridge,1.8848005183302456
83,Precision difference (pp),MLP minus Ridge,1.7604523237317649
83,MAE difference (pp),MLP minus Zero growth,0.010396490040781803
83,MAE difference (pp),MLP minus Ridge,-0.020281016798433082
83,MAE difference (pp),Seasonal median minus Zero growth,-0.10688761520350631
84,Precision difference (pp),Ridge minus Size-only Ridge,1.2912852690570686
84,Precision difference (pp),MLP minus Ridge,-0.7922310884042605
84,MAE difference (pp),MLP minus Zero growth,0.06709388018465923
84,MAE difference (pp),MLP minus Ridge,0.036481534416498373
84,MAE difference (pp),Seasonal median minus Zero growth,-0.10680531754096068
85,Precision difference (pp),Ridge minus Size-only Ridge,5.766213982224058
85,Precision difference (pp),MLP minus Ridge,-1.3637320884689608
85,MAE difference (pp),MLP minus Zero growth,0.037825044234569116
85,MAE difference (pp),MLP minus Ridge,-0.01066623009396972
85,MAE difference (pp),Seasonal median minus Zero growth,-0.09716446138947443
86,Precision difference (pp),Ridge minus Size-only Ridge,2.1187461608106695
86,Precision difference (pp),MLP minus Ridge,-1.0697042035262254
86,MAE difference (pp),MLP minus Zero growth,0.02294499923474369
86,MAE difference (pp),MLP minus Ridge,-0.005557849038091867
86,MAE difference (pp),Seasonal median minus Zero growth,-0.09712065760453248
87,Precision difference (pp),Ridge minus Size-only Ridge,2.93347480674786
87,Precision difference (pp),MLP minus Ridge,1.3677191766185621
87,MAE difference (pp),MLP minus Zero growth,0.024973254995657612
87,MAE difference (pp),MLP minus Ridge,-0.005913757389661711
87,MAE difference (pp),Seasonal median minus Zero growth,-0.09858674636820197
88,Precision difference (pp),Ridge minus Size-only Ridge,3.096861548142524
88,Precision difference (pp),MLP minus Ridge,0.06642019425480705
88,MAE difference (pp),MLP minus Zero growth,0.0014327699226219792
88,MAE difference (pp),MLP minus Ridge,-0.03332512290313083
88,MAE difference (pp),Seasonal median minus Zero growth,-0.10096502972572674
89,Precision difference (pp),Ridge minus Size-only Ridge,4.360849413201981
89,Precision difference (pp),MLP minus Ridge,0.5163950669423878
89,MAE difference (pp),MLP minus Zero growth,0.06628602819287366
89,MAE difference (pp),MLP minus Ridge,0.006973612754217928
89,MAE difference (pp),Seasonal median minus Zero growth,-0.09293474872660479
90,Precision difference (pp),Ridge minus Size-only Ridge,3.0616968734174828
90,Precision difference (pp),MLP minus Ridge,0.16167744133543105
90,MAE difference (pp),MLP minus Zero growth,0.013831518447192437
90,MAE difference (pp),MLP minus Ridge,-0.013219769060961895
90,MAE difference (pp),Seasonal median minus Zero growth,-0.1049426115229739
91,Precision difference (pp),Ridge minus Size-only Ridge,1.5824996610013713
91,Precision difference (pp),MLP minus Ridge,-0.6689847378370695
91,MAE difference (pp),MLP minus Zero growth,-0.003594791253862084
91,MAE difference (pp),MLP minus Ridge,-0.0270320915455593
91,MAE difference (pp),Seasonal median minus Zero growth,-0.10473752691933758
92,Precision difference (pp),Ridge minus Size-only Ridge,4.240570921574744
92,Precision difference (pp),MLP minus Ridge,-0.18538679594610197
92,MAE difference (pp),MLP minus Zero growth,0.029676830118785524
92,MAE difference (pp),MLP minus Ridge,-0.01511181411070206
92,MAE difference (pp),Seasonal median minus Zero growth,-0.09656502799908795
93,Precision difference (pp),Ridge minus Size-only Ridge,3.6749240181734506
93,Precision difference (pp),MLP minus Ridge,-1.3497158122518726
93,MAE difference (pp),MLP minus Zero growth,0.06824502669770593
93,MAE difference (pp),MLP minus Ridge,0.011720613497091747
93,MAE difference (pp),Seasonal median minus Zero growth,-0.0968798633027741
94,Precision difference (pp),Ridge minus Size-only Ridge,4.175406719018804
94,Precision difference (pp),MLP minus Ridge,1.1663798537297654
94,MAE difference (pp),MLP minus Zero growth,0.0017857840711554829
94,MAE difference (pp),MLP minus Ridge,-0.030757876858989786
94,MAE difference (pp),Seasonal median minus Zero growth,-0.11211480434379784
95,Precision difference (pp),Ridge minus Size-only Ridge,2.054696233467024
95,Precision difference (pp),MLP minus Ridge,0.7644576091382249
95,MAE difference (pp),MLP minus Zero growth,-0.013272275037457426
95,MAE difference (pp),MLP minus Ridge,-0.04895057055236762
95,MAE difference (pp),Seasonal median minus Zero growth,-0.10287869783709347
96,Precision difference (pp),Ridge minus Size-only Ridge,2.1495055380926775
96,Precision difference (pp),MLP minus Ridge,-0.10106339427658484
96,MAE difference (pp),MLP minus Zero growth,0.03784271976763387
96,MAE difference (pp),MLP minus Ridge,-0.021677684209656434
96,MAE difference (pp),Seasonal median minus Zero growth,-0.10437214242735982
97,Precision difference (pp),Ridge minus Size-only Ridge,2.7701610918676485
97,Precision difference (pp),MLP minus Ridge,-0.8700968349123983
97,MAE difference (pp),MLP minus Zero growth,0.045214207176811794
97,MAE difference (pp),MLP minus Ridge,0.00034608437076455445
97,MAE difference (pp),Seasonal median minus Zero growth,-0.10218734191283207
98,Precision difference (pp),Ridge minus Size-only Ridge,5.494113175630563
98,Precision difference (pp),MLP minus Ridge,-1.2082799676583185
98,MAE difference (pp),MLP minus Zero growth,0.04012082193466382
98,MAE difference (pp),MLP minus Ridge,-0.023015117932199125
98,MAE difference (pp),Seasonal median minus Zero growth,-0.09948092910327455
99,Precision difference (pp),Ridge minus Size-only Ridge,3.9224444523892066
99,Precision difference (pp),MLP minus Ridge,-1.24897854905901
99,MAE difference (pp),MLP minus Zero growth,0.05264486416705383
99,MAE difference (pp),MLP minus Ridge,0.023669208525315177
99,MAE difference (pp),Seasonal median minus Zero growth,-0.1142891617731503
100,Precision difference (pp),Ridge minus Size-only Ridge,5.5366569111091755
100,Precision difference (pp),MLP minus Ridge,-0.8534176691297773
100,MAE difference (pp),MLP minus Zero growth,0.06131675773456635
100,MAE difference (pp),MLP minus Ridge,-0.0006185610422839716
100,MAE difference (pp),Seasonal median minus Zero growth,-0.09257605091031573
101,Precision difference (pp),Ridge minus Size-only Ridge,1.5434402658590918
101,Precision difference (pp),MLP minus Ridge,0.2572775005049849
101,MAE difference (pp),MLP minus Zero growth,-0.02869654726706239
101,MAE difference (pp),MLP minus Ridge,-0.04754119630751186
101,MAE difference (pp),Seasonal median minus Zero growth,-0.11402746310213008
102,Precision difference (pp),Ridge minus Size-only Ridge,3.0648260930438624
102,Precision difference (pp),MLP minus Ridge,1.7511522079097341
102,MAE difference (pp),MLP minus Zero growth,0.0035669300979801477
102,MAE difference (pp),MLP minus Ridge,-0.021011855403807456
102,MAE difference (pp),Seasonal median minus Zero growth,-0.1110440037049032
103,Precision difference (pp),Ridge minus Size-only Ridge,1.5753903042755617
103,Precision difference (pp),MLP minus Ridge,0.711687726039853
103,MAE difference (pp),MLP minus Zero growth,0.0533109933273237
103,MAE difference (pp),MLP minus Ridge,-0.00023316749982438267
103,MAE difference (pp),Seasonal median minus Zero growth,-0.09771880801893928
104,Precision difference (pp),Ridge minus Size-only Ridge,2.714239757358128
104,Precision difference (pp),MLP minus Ridge,0.35511048227608033
104,MAE difference (pp),MLP minus Zero growth,-0.02000094764450777
104,MAE difference (pp),MLP minus Ridge,-0.03491276695537504
104,MAE difference (pp),Seasonal median minus Zero growth,-0.1106556299098238
105,Precision difference (pp),Ridge minus Size-only Ridge,3.259946297270816
105,Precision difference (pp),MLP minus Ridge,-0.3367260694160823
105,MAE difference (pp),MLP minus Zero growth,0.04419603455907284
105,MAE difference (pp),MLP minus Ridge,-0.01873852304812207
105,MAE difference (pp),Seasonal median minus Zero growth,-0.09661804644061789
106,Precision difference (pp),Ridge minus Size-only Ridge,1.309819338930132
106,Precision difference (pp),MLP minus Ridge,1.2671780288913608
106,MAE difference (pp),MLP minus Zero growth,0.011178815913499562
106,MAE difference (pp),MLP minus Ridge,-0.006263343568012392
106,MAE difference (pp),Seasonal median minus Zero growth,-0.1094780823946806
107,Precision difference (pp),Ridge minus Size-only Ridge,3.346293765862246
107,Precision difference (pp),MLP minus Ridge,-1.3936247949318692
107,MAE difference (pp),MLP minus Zero growth,0.011242012544970148
107,MAE difference (pp),MLP minus Ridge,-0.010230911129138764
107,MAE difference (pp),Seasonal median minus Zero growth,-0.1077661666523233
108,Precision difference (pp),Ridge minus Size-only Ridge,2.8717827798903803
108,Precision difference (pp),MLP minus Ridge,-0.45123319919477267
108,MAE difference (pp),MLP minus Zero growth,0.02152103366691316
108,MAE difference (pp),MLP minus Ridge,-0.011278911381407575
108,MAE difference (pp),Seasonal median minus Zero growth,-0.1034261257444391
109,Precision difference (pp),Ridge minus Size-only Ridge,2.656687151479378
109,Precision difference (pp),MLP minus Ridge,-0.38151409022539884
109,MAE difference (pp),MLP minus Zero growth,0.05298347555721561
109,MAE difference (pp),MLP minus Ridge,-0.0009926724726891933
109,MAE difference (pp),Seasonal median minus Zero growth,-0.08875901580308243
110,Precision difference (pp),Ridge minus Size-only Ridge,2.5622475749228184
110,Precision difference (pp),MLP minus Ridge,1.0293043469629644
110,MAE difference (pp),MLP minus Zero growth,0.04564949027245602
110,MAE difference (pp),MLP minus Ridge,0.004372537090207018
110,MAE difference (pp),Seasonal median minus Zero growth,-0.10324305185954863
111,Precision difference (pp),Ridge minus Size-only Ridge,2.868393573210412
111,Precision difference (pp),MLP minus Ridge,-1.100118411453141
111,MAE difference (pp),MLP minus Zero growth,0.034589840679045025
111,MAE difference (pp),MLP minus Ridge,-0.010279312581816136
111,MAE difference (pp),Seasonal median minus Zero growth,-0.09678184964625469
112,Precision difference (pp),Ridge minus Size-only Ridge,1.0723520236805117
112,Precision difference (pp),MLP minus Ridge,-0.6168162685992157
112,MAE difference (pp),MLP minus Zero growth,0.02931212081942025
112,MAE difference (pp),MLP minus Ridge,-0.014544126601357288
112,MAE difference (pp),Seasonal median minus Zero growth,-0.09589650681177098
113,Precision difference (pp),Ridge minus Size-only Ridge,3.6113680508073593
113,Precision difference (pp),MLP minus Ridge,-0.6053366617937178
113,MAE difference (pp),MLP minus Zero growth,0.024047352315503367
113,MAE difference (pp),MLP minus Ridge,-0.02189620713675744
113,MAE difference (pp),Seasonal median minus Zero growth,-0.10041568135915835
114,Precision difference (pp),Ridge minus Size-only Ridge,3.037323177247206
114,Precision difference (pp),MLP minus Ridge,-0.5243341535249163
114,MAE difference (pp),MLP minus Zero growth,0.006480483442874885
114,MAE difference (pp),MLP minus Ridge,-0.00693148377756625
114,MAE difference (pp),Seasonal median minus Zero growth,-0.11276496352410925
115,Precision difference (pp),Ridge minus Size-only Ridge,3.809147470150831
115,Precision difference (pp),MLP minus Ridge,0.17753963853474608
115,MAE difference (pp),MLP minus Zero growth,0.0037744748917503124
115,MAE difference (pp),MLP minus Ridge,-0.0218677939569889
115,MAE difference (pp),Seasonal median minus Zero growth,-0.10802831981963168
116,Precision difference (pp),Ridge minus Size-only Ridge,4.161271068860875
116,Precision difference (pp),MLP minus Ridge,0.35514511364333756
116,MAE difference (pp),MLP minus Zero growth,-0.010470976456579795
116,MAE difference (pp),MLP minus Ridge,-0.02345691761598312
116,MAE difference (pp),Seasonal median minus Zero growth,-0.1061454809116178
117,Precision difference (pp),Ridge minus Size-only Ridge,3.0113613488695123
117,Precision difference (pp),MLP minus Ridge,0.12864055280957798
117,MAE difference (pp),MLP minus Zero growth,0.010817305679414968
117,MAE difference (pp),MLP minus Ridge,-0.030798919477804443
117,MAE difference (pp),Seasonal median minus Zero growth,-0.1028445675433356
118,Precision difference (pp),Ridge minus Size-only Ridge,1.825935767858211
118,Precision difference (pp),MLP minus Ridge,-0.27177094631912757
118,MAE difference (pp),MLP minus Zero growth,0.025630711552517393
118,MAE difference (pp),MLP minus Ridge,-0.021359734181181533
118,MAE difference (pp),Seasonal median minus Zero growth,-0.09543397163735978
119,Precision difference (pp),Ridge minus Size-only Ridge,4.124502105214773
119,Precision difference (pp),MLP minus Ridge,-2.0054631693540355
119,MAE difference (pp),MLP minus Zero growth,0.02917637837160525
119,MAE difference (pp),MLP minus Ridge,-0.002073159765453525
119,MAE difference (pp),Seasonal median minus Zero growth,-0.10233918710121737
120,Precision difference (pp),Ridge minus Size-only Ridge,3.68841712210759
120,Precision difference (pp),MLP minus Ridge,1.231843096379337
120,MAE difference (pp),MLP minus Zero growth,0.010693060467414917
120,MAE difference (pp),MLP minus Ridge,-0.020655379023891474
120,MAE difference (pp),Seasonal median minus Zero growth,-0.1035494673193269
121,Precision difference (pp),Ridge minus Size-only Ridge,1.8478203348222393
121,Precision difference (pp),MLP minus Ridge,0.9074995199634728
121,MAE difference (pp),MLP minus Zero growth,0.031051782594221145
121,MAE difference (pp),MLP minus Ridge,-0.015430548841165237
121,MAE difference (pp),Seasonal median minus Zero growth,-0.09473905291776541
122,Precision difference (pp),Ridge minus Size-only Ridge,2.606715701034923
122,Precision difference (pp),MLP minus Ridge,-0.4670950135908153
122,MAE difference (pp),MLP minus Zero growth,0.048942864620691306
122,MAE difference (pp),MLP minus Ridge,0.008925546948581164
122,MAE difference (pp),Seasonal median minus Zero growth,-0.10060220677926468
123,Precision difference (pp),Ridge minus Size-only Ridge,3.8337199795985795
123,Precision difference (pp),MLP minus Ridge,-0.7054648621689918
123,MAE difference (pp),MLP minus Zero growth,0.034941027276026215
123,MAE difference (pp),MLP minus Ridge,0.005703522326432342
123,MAE difference (pp),Seasonal median minus Zero growth,-0.10604641751695398
124,Precision difference (pp),Ridge minus Size-only Ridge,1.8570527138865756
124,Precision difference (pp),MLP minus Ridge,-0.16053847090936602
124,MAE difference (pp),MLP minus Zero growth,0.036630855858347466
124,MAE difference (pp),MLP minus Ridge,-0.002457950403368603
124,MAE difference (pp),Seasonal median minus Zero growth,-0.10462426333629837
125,Precision difference (pp),Ridge minus Size-only Ridge,0.1271992120931431
125,Precision difference (pp),MLP minus Ridge,-0.503730314116102
125,MAE difference (pp),MLP minus Zero growth,0.01076738813316691
125,MAE difference (pp),MLP minus Ridge,-0.037971682368922455
125,MAE difference (pp),Seasonal median minus Zero growth,-0.09707791342029104
126,Precision difference (pp),Ridge minus Size-only Ridge,5.038599824236872
126,Precision difference (pp),MLP minus Ridge,1.2841670394876992
126,MAE difference (pp),MLP minus Zero growth,0.020430465930849184
126,MAE difference (pp),MLP minus Ridge,-0.01471066156748968
126,MAE difference (pp),Seasonal median minus Zero growth,-0.10318197729149592
127,Precision difference (pp),Ridge minus Size-only Ridge,2.9935990375176664
127,Precision difference (pp),MLP minus Ridge,0.25724870436449054
127,MAE difference (pp),MLP minus Zero growth,0.020718792006624298
127,MAE difference (pp),MLP minus Ridge,-0.014949498304320574
127,MAE difference (pp),Seasonal median minus Zero growth,-0.10470450345411075
128,Precision difference (pp),Ridge minus Size-only Ridge,0.9656360200649972
128,Precision difference (pp),MLP minus Ridge,0.16205159825010418
128,MAE difference (pp),MLP minus Zero growth,0.02885630130087291
128,MAE difference (pp),MLP minus Ridge,0.007740201369516697
128,MAE difference (pp),Seasonal median minus Zero growth,-0.10955977910280357
129,Precision difference (pp),Ridge minus Size-only Ridge,2.6632239896586474
129,Precision difference (pp),MLP minus Ridge,0.047317837092097914
129,MAE difference (pp),MLP minus Zero growth,0.011097854948826757
129,MAE difference (pp),MLP minus Ridge,-0.017521888555873666
129,MAE difference (pp),Seasonal median minus Zero growth,-0.10602958942943586
130,Precision difference (pp),Ridge minus Size-only Ridge,2.188228096427114
130,Precision difference (pp),MLP minus Ridge,-1.1544889697649385
130,MAE difference (pp),MLP minus Zero growth,0.015083060220149491
130,MAE difference (pp),MLP minus Ridge,-0.03392136180384764
130,MAE difference (pp),Seasonal median minus Zero growth,-0.10060298481133412
131,Precision difference (pp),Ridge minus Size-only Ridge,3.3439700170000197
131,Precision difference (pp),MLP minus Ridge,0.2251517709566747
131,MAE difference (pp),MLP minus Zero growth,0.046782219502334854
131,MAE difference (pp),MLP minus Ridge,0.008011913372508062
131,MAE difference (pp),Seasonal median minus Zero growth,-0.09755895482730903
132,Precision difference (pp),Ridge minus Size-only Ridge,2.1733325204256024
132,Precision difference (pp),MLP minus Ridge,0.8782398078976544
132,MAE difference (pp),MLP minus Zero growth,-0.0008125973667958419
132,MAE difference (pp),MLP minus Ridge,-0.04790189419078805
132,MAE difference (pp),Seasonal median minus Zero growth,-0.09923150570132089
133,Precision difference (pp),Ridge minus Size-only Ridge,4.1179405752395315
133,Precision difference (pp),MLP minus Ridge,-0.1988887267241446
133,MAE difference (pp),MLP minus Zero growth,-0.003819187009058478
133,MAE difference (pp),MLP minus Ridge,-0.03314135661532491
133,MAE difference (pp),Seasonal median minus Zero growth,-0.11216511980342192
134,Precision difference (pp),Ridge minus Size-only Ridge,4.304972792253459
134,Precision difference (pp),MLP minus Ridge,0.5354657105113514
134,MAE difference (pp),MLP minus Zero growth,0.05189154558675968
134,MAE difference (pp),MLP minus Ridge,0.011775648930590688
134,MAE difference (pp),Seasonal median minus Zero growth,-0.10067756381848536
135,Precision difference (pp),Ridge minus Size-only Ridge,4.655485602195164
135,Precision difference (pp),MLP minus Ridge,-1.890653979435325
135,MAE difference (pp),MLP minus Zero growth,0.0443562946966618
135,MAE difference (pp),MLP minus Ridge,-0.0044574559289545235
135,MAE difference (pp),Seasonal median minus Zero growth,-0.10609324283526478
136,Precision difference (pp),Ridge minus Size-only Ridge,0.8562130983424288
136,Precision difference (pp),MLP minus Ridge,0.9338852221841915
136,MAE difference (pp),MLP minus Zero growth,0.03241567942502144
136,MAE difference (pp),MLP minus Ridge,0.0056089780337074124
136,MAE difference (pp),Seasonal median minus Zero growth,-0.10426259841311936
137,Precision difference (pp),Ridge minus Size-only Ridge,4.351796067415753
137,Precision difference (pp),MLP minus Ridge,-1.9534301089952855
137,MAE difference (pp),MLP minus Zero growth,0.006387000113021735
137,MAE difference (pp),MLP minus Ridge,-0.013165424238313683
137,MAE difference (pp),Seasonal median minus Zero growth,-0.10215620984407936
138,Precision difference (pp),Ridge minus Size-only Ridge,3.07204372780526
138,Precision difference (pp),MLP minus Ridge,0.0752483889291583
138,MAE difference (pp),MLP minus Zero growth,-0.026367273675491187
138,MAE difference (pp),MLP minus Ridge,-0.049655790449275816
138,MAE difference (pp),Seasonal median minus Zero growth,-0.11335731114976655
139,Precision difference (pp),Ridge minus Size-only Ridge,0.6769374652034199
139,Precision difference (pp),MLP minus Ridge,0.3830231014444685
139,MAE difference (pp),MLP minus Zero growth,0.012401840620090976
139,MAE difference (pp),MLP minus Ridge,-0.015489989953882066
139,MAE difference (pp),Seasonal median minus Zero growth,-0.11063601922152655
140,Precision difference (pp),Ridge minus Size-only Ridge,4.369154144671519
140,Precision difference (pp),MLP minus Ridge,-0.6086404329926159
140,MAE difference (pp),MLP minus Zero growth,0.03485820705595177
140,MAE difference (pp),MLP minus Ridge,-0.01654355472916791
140,MAE difference (pp),Seasonal median minus Zero growth,-0.09505781748379638
141,Precision difference (pp),Ridge minus Size-only Ridge,5.332558260055345
141,Precision difference (pp),MLP minus Ridge,-1.3671402490989693
141,MAE difference (pp),MLP minus Zero growth,0.001320091562518666
141,MAE difference (pp),MLP minus Ridge,-0.01211793125490912
141,MAE difference (pp),Seasonal median minus Zero growth,-0.1089720790408597
142,Precision difference (pp),Ridge minus Size-only Ridge,2.124269268771592
142,Precision difference (pp),MLP minus Ridge,0.7702266791277917
142,MAE difference (pp),MLP minus Zero growth,0.015054531376757385
142,MAE difference (pp),MLP minus Ridge,0.000724812731388802
142,MAE difference (pp),Seasonal median minus Zero growth,-0.10877648912574811
143,Precision difference (pp),Ridge minus Size-only Ridge,3.5627851170653284
143,Precision difference (pp),MLP minus Ridge,-0.9059294246015592
143,MAE difference (pp),MLP minus Zero growth,0.022093688169241954
143,MAE difference (pp),MLP minus Ridge,0.007165009494321417
143,MAE difference (pp),Seasonal median minus Zero growth,-0.10709920798978523
144,Precision difference (pp),Ridge minus Size-only Ridge,2.7850361943281223
144,Precision difference (pp),MLP minus Ridge,-0.022561514377175684
144,MAE difference (pp),MLP minus Zero growth,0.023125133163392597
144,MAE difference (pp),MLP minus Ridge,-0.03049349895006559
144,MAE difference (pp),Seasonal median minus Zero growth,-0.09444521261238581
145,Precision difference (pp),Ridge minus Size-only Ridge,3.104815376985584
145,Precision difference (pp),MLP minus Ridge,-2.0948907035442055
145,MAE difference (pp),MLP minus Zero growth,0.03897742534686088
145,MAE difference (pp),MLP minus Ridge,-0.01619927711779079
145,MAE difference (pp),Seasonal median minus Zero growth,-0.09157973883622939
146,Precision difference (pp),Ridge minus Size-only Ridge,1.496940562334423
146,Precision difference (pp),MLP minus Ridge,-0.05553599266841791
146,MAE difference (pp),MLP minus Zero growth,0.036150162096339145
146,MAE difference (pp),MLP minus Ridge,-0.013983157244088051
146,MAE difference (pp),Seasonal median minus Zero growth,-0.0970150474871283
147,Precision difference (pp),Ridge minus Size-only Ridge,4.1354732983155955
147,Precision difference (pp),MLP minus Ridge,-0.776356410180104
147,MAE difference (pp),MLP minus Zero growth,-0.018530246059282884
147,MAE difference (pp),MLP minus Ridge,-0.03393157914029388
147,MAE difference (pp),Seasonal median minus Zero growth,-0.1068278740041464
148,Precision difference (pp),Ridge minus Size-only Ridge,3.268802046872299
148,Precision difference (pp),MLP minus Ridge,-1.157122020887305
148,MAE difference (pp),MLP minus Zero growth,0.06102303112517449
148,MAE difference (pp),MLP minus Ridge,0.001090612283920489
148,MAE difference (pp),Seasonal median minus Zero growth,-0.10085559166357916
149,Precision difference (pp),Ridge minus Size-only Ridge,4.727107604872391
149,Precision difference (pp),MLP minus Ridge,-0.9902046675015708
149,MAE difference (pp),MLP minus Zero growth,0.0191587619459046
149,MAE difference (pp),MLP minus Ridge,-0.019184718264153133
149,MAE difference (pp),Seasonal median minus Zero growth,-0.10793655351331255
150,Precision difference (pp),Ridge minus Size-only Ridge,3.2219653155281054
150,Precision difference (pp),MLP minus Ridge,-1.874706081787883
150,MAE difference (pp),MLP minus Zero growth,0.01567021993849238
150,MAE difference (pp),MLP minus Ridge,-0.0030110701479602042
150,MAE difference (pp),Seasonal median minus Zero growth,-0.1021921991371193
151,Precision difference (pp),Ridge minus Size-only Ridge,4.041956191377319
151,Precision difference (pp),MLP minus Ridge,1.2313017812648015
151,MAE difference (pp),MLP minus Zero growth,0.029943626129577794
151,MAE difference (pp),MLP minus Ridge,-0.02057857099550553
151,MAE difference (pp),Seasonal median minus Zero growth,-0.08896775415051028
152,Precision difference (pp),Ridge minus Size-only Ridge,3.2257545348010703
152,Precision difference (pp),MLP minus Ridge,0.9567000259209008
152,MAE difference (pp),MLP minus Zero growth,0.04486517667578749
152,MAE difference (pp),MLP minus Ridge,-0.006651729678763818
152,MAE difference (pp),Seasonal median minus Zero growth,-0.09933049741777777
153,Precision difference (pp),Ridge minus Size-only Ridge,5.06577617892075
153,Precision difference (pp),MLP minus Ridge,-1.576033685716377
153,MAE difference (pp),MLP minus Zero growth,0.047718492324290374
153,MAE difference (pp),MLP minus Ridge,-0.011044927040675834
153,MAE difference (pp),Seasonal median minus Zero growth,-0.09733081079904826
154,Precision difference (pp),Ridge minus Size-only Ridge,2.4083559773440038
154,Precision difference (pp),MLP minus Ridge,0.060857794872445914
154,MAE difference (pp),MLP minus Zero growth,0.033133074007522634
154,MAE difference (pp),MLP minus Ridge,-0.004582618633016899
154,MAE difference (pp),Seasonal median minus Zero growth,-0.09962488338711939
155,Precision difference (pp),Ridge minus Size-only Ridge,1.8825118573034094
155,Precision difference (pp),MLP minus Ridge,2.397313532673545
155,MAE difference (pp),MLP minus Zero growth,-0.014630297334892184
155,MAE difference (pp),MLP minus Ridge,-0.02653285745427647
155,MAE difference (pp),Seasonal median minus Zero growth,-0.10149874958186533
156,Precision difference (pp),Ridge minus Size-only Ridge,4.14646930787303
156,Precision difference (pp),MLP minus Ridge,-3.001637178071337
156,MAE difference (pp),MLP minus Zero growth,0.018834586192565173
156,MAE difference (pp),MLP minus Ridge,0.008236706494414658
156,MAE difference (pp),Seasonal median minus Zero growth,-0.10685731699408674
157,Precision difference (pp),Ridge minus Size-only Ridge,3.2244787112538975
157,Precision difference (pp),MLP minus Ridge,-1.9668597530943717
157,MAE difference (pp),MLP minus Zero growth,0.012243208700740915
157,MAE difference (pp),MLP minus Ridge,-0.017312044363044343
157,MAE difference (pp),Seasonal median minus Zero growth,-0.1091690945849435
158,Precision difference (pp),Ridge minus Size-only Ridge,3.5118004380568557
158,Precision difference (pp),MLP minus Ridge,-0.8215344584720369
158,MAE difference (pp),MLP minus Zero growth,0.0703331217004739
158,MAE difference (pp),MLP minus Ridge,0.0002851816121665074
158,MAE difference (pp),Seasonal median minus Zero growth,-0.09234150424914578
159,Precision difference (pp),Ridge minus Size-only Ridge,2.7628021697379546
159,Precision difference (pp),MLP minus Ridge,-0.7049984334813936
159,MAE difference (pp),MLP minus Zero growth,0.03196848433442012
159,MAE difference (pp),MLP minus Ridge,-0.013425137606809301
159,MAE difference (pp),Seasonal median minus Zero growth,-0.09626196957226973
160,Precision difference (pp),Ridge minus Size-only Ridge,1.9427865420808155
160,Precision difference (pp),MLP minus Ridge,2.0864753056662853
160,MAE difference (pp),MLP minus Zero growth,0.021839660038939446
160,MAE difference (pp),MLP minus Ridge,-0.024873988257597013
160,MAE difference (pp),Seasonal median minus Zero growth,-0.09411055697356163
161,Precision difference (pp),Ridge minus Size-only Ridge,2.2286183358205314
161,Precision difference (pp),MLP minus Ridge,0.6675103063634613
161,MAE difference (pp),MLP minus Zero growth,0.05276258690594071
161,MAE difference (pp),MLP minus Ridge,0.005465856117101264
161,MAE difference (pp),Seasonal median minus Zero growth,-0.10755639408794382
162,Precision difference (pp),Ridge minus Size-only Ridge,2.520085433830746
162,Precision difference (pp),MLP minus Ridge,0.8021837433105583
162,MAE difference (pp),MLP minus Zero growth,0.039918195723865235
162,MAE difference (pp),MLP minus Ridge,-0.02803990623543262
162,MAE difference (pp),Seasonal median minus Zero growth,-0.09332012913363208
163,Precision difference (pp),Ridge minus Size-only Ridge,3.304053590861955
163,Precision difference (pp),MLP minus Ridge,-3.439066611668001
163,MAE difference (pp),MLP minus Zero growth,0.020120263899600754
163,MAE difference (pp),MLP minus Ridge,-0.01582975962892119
163,MAE difference (pp),Seasonal median minus Zero growth,-0.09589371492981513
164,Precision difference (pp),Ridge minus Size-only Ridge,3.180272607395651
164,Precision difference (pp),MLP minus Ridge,0.3718690629895327
164,MAE difference (pp),MLP minus Zero growth,-0.017619522036907753
164,MAE difference (pp),MLP minus Ridge,-0.03689864562693712
164,MAE difference (pp),Seasonal median minus Zero growth,-0.10221214964988867
165,Precision difference (pp),Ridge minus Size-only Ridge,2.0818600012876693
165,Precision difference (pp),MLP minus Ridge,2.031976631918786
165,MAE difference (pp),MLP minus Zero growth,0.028809626940832
165,MAE difference (pp),MLP minus Ridge,-0.030033179046852876
165,MAE difference (pp),Seasonal median minus Zero growth,-0.09656940960201155
166,Precision difference (pp),Ridge minus Size-only Ridge,1.3462371587579929
166,Precision difference (pp),MLP minus Ridge,1.067444124146355
166,MAE difference (pp),MLP minus Zero growth,0.07070800362281693
166,MAE difference (pp),MLP minus Ridge,0.021418535043755238
166,MAE difference (pp),Seasonal median minus Zero growth,-0.09795450728146182
167,Precision difference (pp),Ridge minus Size-only Ridge,3.4245322362358612
167,Precision difference (pp),MLP minus Ridge,-0.44978019931840585
167,MAE difference (pp),MLP minus Zero growth,0.01090873794498437
167,MAE difference (pp),MLP minus Ridge,-0.016736762783406522
167,MAE difference (pp),Seasonal median minus Zero growth,-0.10251221981635172
168,Precision difference (pp),Ridge minus Size-only Ridge,3.0399873946006073
168,Precision difference (pp),MLP minus Ridge,1.9492456844993233
168,MAE difference (pp),MLP minus Zero growth,0.02744239709589591
168,MAE difference (pp),MLP minus Ridge,-0.0057765307473993666
168,MAE difference (pp),Seasonal median minus Zero growth,-0.10450739051917202
169,Precision difference (pp),Ridge minus Size-only Ridge,4.240181119783798
169,Precision difference (pp),MLP minus Ridge,-3.180134367882301
169,MAE difference (pp),MLP minus Zero growth,0.05576547330043624
169,MAE difference (pp),MLP minus Ridge,-0.004298761228876291
169,MAE difference (pp),Seasonal median minus Zero growth,-0.09223073171749441
170,Precision difference (pp),Ridge minus Size-only Ridge,5.024022807912765
170,Precision difference (pp),MLP minus Ridge,1.5467815644998635
170,MAE difference (pp),MLP minus Zero growth,-0.008326739963137264
170,MAE difference (pp),MLP minus Ridge,-0.036029879737485615
170,MAE difference (pp),Seasonal median minus Zero growth,-0.09826192464903771
171,Precision difference (pp),Ridge minus Size-only Ridge,0.27327252615261255
171,Precision difference (pp),MLP minus Ridge,2.3462092960790883
171,MAE difference (pp),MLP minus Zero growth,0.004917269325813933
171,MAE difference (pp),MLP minus Ridge,-0.03290003637143446
171,MAE difference (pp),Seasonal median minus Zero growth,-0.0936570510353576
172,Precision difference (pp),Ridge minus Size-only Ridge,3.348707400742737
172,Precision difference (pp),MLP minus Ridge,-0.08259838951541199
172,MAE difference (pp),MLP minus Zero growth,0.033329075858738566
172,MAE difference (pp),MLP minus Ridge,-0.03680196502470423
172,MAE difference (pp),Seasonal median minus Zero growth,-0.08421148506964782
173,Precision difference (pp),Ridge minus Size-only Ridge,1.5045625182636329
173,Precision difference (pp),MLP minus Ridge,0.40825060959165105
173,MAE difference (pp),MLP minus Zero growth,0.03792243967138198
173,MAE difference (pp),MLP minus Ridge,-0.003819888471442212
173,MAE difference (pp),Seasonal median minus Zero growth,-0.1069428421709504
174,Precision difference (pp),Ridge minus Size-only Ridge,1.8544622057304365
174,Precision difference (pp),MLP minus Ridge,-0.5199856515200857
174,MAE difference (pp),MLP minus Zero growth,0.02888582445172272
174,MAE difference (pp),MLP minus Ridge,-0.012416218093257658
174,MAE difference (pp),Seasonal median minus Zero growth,-0.10170523798444231
175,Precision difference (pp),Ridge minus Size-only Ridge,3.1940837779119295
175,Precision difference (pp),MLP minus Ridge,0.8424380181135255
175,MAE difference (pp),MLP minus Zero growth,0.01326405730696223
175,MAE difference (pp),MLP minus Ridge,-0.008201874225179928
175,MAE difference (pp),Seasonal median minus Zero growth,-0.10600740253626606
176,Precision difference (pp),Ridge minus Size-only Ridge,1.8893602969967143
176,Precision difference (pp),MLP minus Ridge,-0.06351989553000092
176,MAE difference (pp),MLP minus Zero growth,0.029534866067204124
176,MAE difference (pp),MLP minus Ridge,-0.01909773096577183
176,MAE difference (pp),Seasonal median minus Zero growth,-0.10469165747876685
177,Precision difference (pp),Ridge minus Size-only Ridge,1.4830356633911967
177,Precision difference (pp),MLP minus Ridge,1.2851909624103652
177,MAE difference (pp),MLP minus Zero growth,0.0027889140743821983
177,MAE difference (pp),MLP minus Ridge,-0.016021338654381267
177,MAE difference (pp),Seasonal median minus Zero growth,-0.11158444240426757
178,Precision difference (pp),Ridge minus Size-only Ridge,5.10603332003304
178,Precision difference (pp),MLP minus Ridge,-2.615463098686796
178,MAE difference (pp),MLP minus Zero growth,-0.00432655816036398
178,MAE difference (pp),MLP minus Ridge,-0.02033286701696113
178,MAE difference (pp),Seasonal median minus Zero growth,-0.09988504859099168
179,Precision difference (pp),Ridge minus Size-only Ridge,2.475273092759317
179,Precision difference (pp),MLP minus Ridge,0.5496475761005482
179,MAE difference (pp),MLP minus Zero growth,-0.015055280210408917
179,MAE difference (pp),MLP minus Ridge,-0.042912066685503625
179,MAE difference (pp),Seasonal median minus Zero growth,-0.10041262488637859
180,Precision difference (pp),Ridge minus Size-only Ridge,2.421295325127501
180,Precision difference (pp),MLP minus Ridge,0.7915206743724812
180,MAE difference (pp),MLP minus Zero growth,0.01580415133553581
180,MAE difference (pp),MLP minus Ridge,-0.007331275902276779
180,MAE difference (pp),Seasonal median minus Zero growth,-0.09905449976824032
181,Precision difference (pp),Ridge minus Size-only Ridge,3.7070520149859068
181,Precision difference (pp),MLP minus Ridge,0.42413933157493533
181,MAE difference (pp),MLP minus Zero growth,0.01103013416715104
181,MAE difference (pp),MLP minus Ridge,-0.009783341287606273
181,MAE difference (pp),Seasonal median minus Zero growth,-0.10534814445667573
182,Precision difference (pp),Ridge minus Size-only Ridge,2.8412339512651483
182,Precision difference (pp),MLP minus Ridge,-0.8792103099296705
182,MAE difference (pp),MLP minus Zero growth,0.048047557936762075
182,MAE difference (pp),MLP minus Ridge,0.006549952630432898
182,MAE difference (pp),Seasonal median minus Zero growth,-0.09989342467699691
183,Precision difference (pp),Ridge minus Size-only Ridge,3.094114726983524
183,Precision difference (pp),MLP minus Ridge,0.3284192591630375
183,MAE difference (pp),MLP minus Zero growth,0.0360059304367959
183,MAE difference (pp),MLP minus Ridge,-0.00730833880608639
183,MAE difference (pp),Seasonal median minus Zero growth,-0.09627386160219231
184,Precision difference (pp),Ridge minus Size-only Ridge,4.7041769214203555
184,Precision difference (pp),MLP minus Ridge,0.4975568045849532
184,MAE difference (pp),MLP minus Zero growth,0.008745037931276123
184,MAE difference (pp),MLP minus Ridge,-0.012226745680355311
184,MAE difference (pp),Seasonal median minus Zero growth,-0.09820295140120816
185,Precision difference (pp),Ridge minus Size-only Ridge,2.4721057616433004
185,Precision difference (pp),MLP minus Ridge,-1.0507478469579197
185,MAE difference (pp),MLP minus Zero growth,0.017048781607885477
185,MAE difference (pp),MLP minus Ridge,-0.01739814579152732
185,MAE difference (pp),Seasonal median minus Zero growth,-0.09510211514802647
186,Precision difference (pp),Ridge minus Size-only Ridge,1.9713654420133704
186,Precision difference (pp),MLP minus Ridge,-1.1615288452886563
186,MAE difference (pp),MLP minus Zero growth,-0.003215060575562312
186,MAE difference (pp),MLP minus Ridge,-0.027301474144173277
186,MAE difference (pp),Seasonal median minus Zero growth,-0.10317718199939963
187,Precision difference (pp),Ridge minus Size-only Ridge,1.0007470706748762
187,Precision difference (pp),MLP minus Ridge,0.6683650420331699
187,MAE difference (pp),MLP minus Zero growth,0.0327742906221955
187,MAE difference (pp),MLP minus Ridge,-0.013708788312261522
187,MAE difference (pp),Seasonal median minus Zero growth,-0.09976371915970716
188,Precision difference (pp),Ridge minus Size-only Ridge,2.53091743624228
188,Precision difference (pp),MLP minus Ridge,0.9759609060760566
188,MAE difference (pp),MLP minus Zero growth,0.05239800904224179
188,MAE difference (pp),MLP minus Ridge,-0.002475385891806514
188,MAE difference (pp),Seasonal median minus Zero growth,-0.09419110290823918
189,Precision difference (pp),Ridge minus Size-only Ridge,3.4778768785286687
189,Precision difference (pp),MLP minus Ridge,-2.3121445206903735
189,MAE difference (pp),MLP minus Zero growth,0.026100384739455418
189,MAE difference (pp),MLP minus Ridge,-0.017612541265316306
189,MAE difference (pp),Seasonal median minus Zero growth,-0.0885237643496195
190,Precision difference (pp),Ridge minus Size-only Ridge,3.0763480236054046
190,Precision difference (pp),MLP minus Ridge,-0.15275468961613303
190,MAE difference (pp),MLP minus Zero growth,0.003897682939692171
190,MAE difference (pp),MLP minus Ridge,-0.01658943671969748
190,MAE difference (pp),Seasonal median minus Zero growth,-0.10471545380029923
191,Precision difference (pp),Ridge minus Size-only Ridge,3.5423704103345663
191,Precision difference (pp),MLP minus Ridge,-0.7492451946431999
191,MAE difference (pp),MLP minus Zero growth,0.023120090910071056
191,MAE difference (pp),MLP minus Ridge,-0.018345591099919734
191,MAE difference (pp),Seasonal median minus Zero growth,-0.10639705686780854
192,Precision difference (pp),Ridge minus Size-only Ridge,4.629463040284742
192,Precision difference (pp),MLP minus Ridge,-0.4843902320129573
192,MAE difference (pp),MLP minus Zero growth,0.020431513625032593
192,MAE difference (pp),MLP minus Ridge,-0.016633222737850062
192,MAE difference (pp),Seasonal median minus Zero growth,-0.10310259773204455
193,Precision difference (pp),Ridge minus Size-only Ridge,3.3416179085264592
193,Precision difference (pp),MLP minus Ridge,-0.6634135763377319
193,MAE difference (pp),MLP minus Zero growth,0.05020248308530917
193,MAE difference (pp),MLP minus Ridge,-0.015856971055903557
193,MAE difference (pp),Seasonal median minus Zero growth,-0.08946519785254647
194,Precision difference (pp),Ridge minus Size-only Ridge,1.2714092873753358
194,Precision difference (pp),MLP minus Ridge,1.1634558622743567
194,MAE difference (pp),MLP minus Zero growth,0.033763713802274165
194,MAE difference (pp),MLP minus Ridge,-0.020203535778504644
194,MAE difference (pp),Seasonal median minus Zero growth,-0.10039524879578954
195,Precision difference (pp),Ridge minus Size-only Ridge,3.566530859493364
195,Precision difference (pp),MLP minus Ridge,0.4535111511861062
195,MAE difference (pp),MLP minus Zero growth,0.003916632839670697
195,MAE difference (pp),MLP minus Ridge,-0.025857401641677935
195,MAE difference (pp),Seasonal median minus Zero growth,-0.1077760507210308
196,Precision difference (pp),Ridge minus Size-only Ridge,3.543053764019302
196,Precision difference (pp),MLP minus Ridge,0.06407037415400996
196,MAE difference (pp),MLP minus Zero growth,0.01131645810062576
196,MAE difference (pp),MLP minus Ridge,-0.028358050236714227
196,MAE difference (pp),Seasonal median minus Zero growth,-0.09782242167228361
197,Precision difference (pp),Ridge minus Size-only Ridge,2.856318491239493
197,Precision difference (pp),MLP minus Ridge,1.6444655689818428
197,MAE difference (pp),MLP minus Zero growth,0.05192384593552868
197,MAE difference (pp),MLP minus Ridge,0.003094074230070909
197,MAE difference (pp),Seasonal median minus Zero growth,-0.09992028963852162
198,Precision difference (pp),Ridge minus Size-only Ridge,2.5419648772889936
198,Precision difference (pp),MLP minus Ridge,0.6046074526048772
198,MAE difference (pp),MLP minus Zero growth,0.058350823589781164
198,MAE difference (pp),MLP minus Ridge,-0.009393228885894889
198,MAE difference (pp),Seasonal median minus Zero growth,-0.09167536271927901
199,Precision difference (pp),Ridge minus Size-only Ridge,3.903041988192002
199,Precision difference (pp),MLP minus Ridge,-0.7166789410881447
199,MAE difference (pp),MLP minus Zero growth,0.047794157898837675
199,MAE difference (pp),MLP minus Ridge,-0.00353259076366097
199,MAE difference (pp),Seasonal median minus Zero growth,-0.09064994777485103
200,Precision difference (pp),Ridge minus Size-only Ridge,3.6251725404505275
200,Precision difference (pp),MLP minus Ridge,-1.353334329377226
200,MAE difference (pp),MLP minus Zero growth,0.05225653121587781
200,MAE difference (pp),MLP minus Ridge,-0.019028566019920756
200,MAE difference (pp),Seasonal median minus Zero growth,-0.09093219106122152
201,Precision difference (pp),Ridge minus Size-only Ridge,3.996186728929707
201,Precision difference (pp),MLP minus Ridge,0.48179751614126076
201,MAE difference (pp),MLP minus Zero growth,0.014426339678507816
201,MAE difference (pp),MLP minus Ridge,-0.045365911118700364
201,MAE difference (pp),Seasonal median minus Zero growth,-0.0964570064040049
202,Precision difference (pp),Ridge minus Size-only Ridge,3.7940183515506516
202,Precision difference (pp),MLP minus Ridge,-0.23355355287478785
202,MAE difference (pp),MLP minus Zero growth,0.006351380270487095
202,MAE difference (pp),MLP minus Ridge,-0.02566205230846741
202,MAE difference (pp),Seasonal median minus Zero growth,-0.09788254064640656
203,Precision difference (pp),Ridge minus Size-only Ridge,3.5641900416543
203,Precision difference (pp),MLP minus Ridge,2.1427960772385957
203,MAE difference (pp),MLP minus Zero growth,0.011926160509767136
203,MAE difference (pp),MLP minus Ridge,-0.028114571227145557
203,MAE difference (pp),Seasonal median minus Zero growth,-0.10082940671738161
204,Precision difference (pp),Ridge minus Size-only Ridge,3.732386633171969
204,Precision difference (pp),MLP minus Ridge,-1.8040906492193254
204,MAE difference (pp),MLP minus Zero growth,0.03735062596379768
204,MAE difference (pp),MLP minus Ridge,0.00744342104719653
204,MAE difference (pp),Seasonal median minus Zero growth,-0.11120362695332497
205,Precision difference (pp),Ridge minus Size-only Ridge,5.229228409392994
205,Precision difference (pp),MLP minus Ridge,-1.9268704946128035
205,MAE difference (pp),MLP minus Zero growth,0.0621965072439119
205,MAE difference (pp),MLP minus Ridge,-0.004198788046643198
205,MAE difference (pp),Seasonal median minus Zero growth,-0.07779989794227626
206,Precision difference (pp),Ridge minus Size-only Ridge,2.415389030294912
206,Precision difference (pp),MLP minus Ridge,0.025198318081556814
206,MAE difference (pp),MLP minus Zero growth,0.05615780624843225
206,MAE difference (pp),MLP minus Ridge,0.007540038821424844
206,MAE difference (pp),Seasonal median minus Zero growth,-0.09802315057654143
207,Precision difference (pp),Ridge minus Size-only Ridge,1.637119390839112
207,Precision difference (pp),MLP minus Ridge,-0.9073897475554399
207,MAE difference (pp),MLP minus Zero growth,-0.01607722316343274
207,MAE difference (pp),MLP minus Ridge,-0.03736750689190993
207,MAE difference (pp),Seasonal median minus Zero growth,-0.11074359563123215
208,Precision difference (pp),Ridge minus Size-only Ridge,1.2961455231217474
208,Precision difference (pp),MLP minus Ridge,-0.05057303323743323
208,MAE difference (pp),MLP minus Zero growth,0.02959356199520302
208,MAE difference (pp),MLP minus Ridge,0.003214369113558213
208,MAE difference (pp),Seasonal median minus Zero growth,-0.10152937878517898
209,Precision difference (pp),Ridge minus Size-only Ridge,0.849454642515296
209,Precision difference (pp),MLP minus Ridge,0.16805756670316696
209,MAE difference (pp),MLP minus Zero growth,0.0753837493345868
209,MAE difference (pp),MLP minus Ridge,0.011639514084891722
209,MAE difference (pp),Seasonal median minus Zero growth,-0.10373822187353587
210,Precision difference (pp),Ridge minus Size-only Ridge,2.797086090812731
210,Precision difference (pp),MLP minus Ridge,1.6062269187383238
210,MAE difference (pp),MLP minus Zero growth,0.009930914016996972
210,MAE difference (pp),MLP minus Ridge,-0.018041193213628848
210,MAE difference (pp),Seasonal median minus Zero growth,-0.10624660049917534
211,Precision difference (pp),Ridge minus Size-only Ridge,2.12118041406725
211,Precision difference (pp),MLP minus Ridge,0.7991501364461168
211,MAE difference (pp),MLP minus Zero growth,-0.021533700345186535
211,MAE difference (pp),MLP minus Ridge,-0.054980626789995934
211,MAE difference (pp),Seasonal median minus Zero growth,-0.10243812202257807
212,Precision difference (pp),Ridge minus Size-only Ridge,4.53720042610711
212,Precision difference (pp),MLP minus Ridge,-0.9812946092037672
212,MAE difference (pp),MLP minus Zero growth,0.005976223718678231
212,MAE difference (pp),MLP minus Ridge,-0.039258663961382556
212,MAE difference (pp),Seasonal median minus Zero growth,-0.09873884555101808
213,Precision difference (pp),Ridge minus Size-only Ridge,0.5448799051427478
213,Precision difference (pp),MLP minus Ridge,2.0995665487803934
213,MAE difference (pp),MLP minus Zero growth,0.06468959422527654
213,MAE difference (pp),MLP minus Ridge,0.01256453544394498
213,MAE difference (pp),Seasonal median minus Zero growth,-0.10630327133878348
214,Precision difference (pp),Ridge minus Size-only Ridge,2.0711337893076442
214,Precision difference (pp),MLP minus Ridge,-0.002472529434330295
214,MAE difference (pp),MLP minus Zero growth,0.009979134872060147
214,MAE difference (pp),MLP minus Ridge,-0.01972136639986166
214,MAE difference (pp),Seasonal median minus Zero growth,-0.11303311918882519
215,Precision difference (pp),Ridge minus Size-only Ridge,3.5768502982220034
215,Precision difference (pp),MLP minus Ridge,-1.5238209899728794
215,MAE difference (pp),MLP minus Zero growth,0.03236100114310414
215,MAE difference (pp),MLP minus Ridge,-0.018005831721784826
215,MAE difference (pp),Seasonal median minus Zero growth,-0.0867700627974517
216,Precision difference (pp),Ridge minus Size-only Ridge,3.814805878798161
216,Precision difference (pp),MLP minus Ridge,0.07135606004806672
216,MAE difference (pp),MLP minus Zero growth,0.035881946684487964
216,MAE difference (pp),MLP minus Ridge,-0.04167556541114292
216,MAE difference (pp),Seasonal median minus Zero growth,-0.08209823152742635
217,Precision difference (pp),Ridge minus Size-only Ridge,3.1332035073977083
217,Precision difference (pp),MLP minus Ridge,-1.327815121161613
217,MAE difference (pp),MLP minus Zero growth,0.039295004316008963
217,MAE difference (pp),MLP minus Ridge,-0.013011677293384594
217,MAE difference (pp),Seasonal median minus Zero growth,-0.08894809574467821
218,Precision difference (pp),Ridge minus Size-only Ridge,3.325590287222116
218,Precision difference (pp),MLP minus Ridge,1.1110349081748656
218,MAE difference (pp),MLP minus Zero growth,0.06317204950811028
218,MAE difference (pp),MLP minus Ridge,-0.023581323337553695
218,MAE difference (pp),Seasonal median minus Zero growth,-0.08698820768121873
219,Precision difference (pp),Ridge minus Size-only Ridge,2.5158613667495775
219,Precision difference (pp),MLP minus Ridge,-0.34175142228787814
219,MAE difference (pp),MLP minus Zero growth,0.030760644462251463
219,MAE difference (pp),MLP minus Ridge,0.004559308628456549
219,MAE difference (pp),Seasonal median minus Zero growth,-0.10961679160860616
220,Precision difference (pp),Ridge minus Size-only Ridge,1.6340924440009035
220,Precision difference (pp),MLP minus Ridge,-0.4990234335150695
220,MAE difference (pp),MLP minus Zero growth,0.005732152462979201
220,MAE difference (pp),MLP minus Ridge,-0.01556530863773542
220,MAE difference (pp),Seasonal median minus Zero growth,-0.11037656754300462
221,Precision difference (pp),Ridge minus Size-only Ridge,2.0159290439157873
221,Precision difference (pp),MLP minus Ridge,2.0348311247148754
221,MAE difference (pp),MLP minus Zero growth,0.02733480181894743
221,MAE difference (pp),MLP minus Ridge,-0.010165689887649876
221,MAE difference (pp),Seasonal median minus Zero growth,-0.09587475268839052
222,Precision difference (pp),Ridge minus Size-only Ridge,1.3552250227412133
222,Precision difference (pp),MLP minus Ridge,-0.4182329084904096
222,MAE difference (pp),MLP minus Zero growth,0.0390419111927498
222,MAE difference (pp),MLP minus Ridge,-0.006105352270660003
222,MAE difference (pp),Seasonal median minus Zero growth,-0.10309437657567111
223,Precision difference (pp),Ridge minus Size-only Ridge,5.081236498799225
223,Precision difference (pp),MLP minus Ridge,0.46768648113729994
223,MAE difference (pp),MLP minus Zero growth,0.041967511832008864
223,MAE difference (pp),MLP minus Ridge,0.003200844816499071
223,MAE difference (pp),Seasonal median minus Zero growth,-0.10030581751718382
224,Precision difference (pp),Ridge minus Size-only Ridge,4.727150396062788
224,Precision difference (pp),MLP minus Ridge,-0.9124228149915425
224,MAE difference (pp),MLP minus Zero growth,0.024448249146188594
224,MAE difference (pp),MLP minus Ridge,-0.020301743460026334
224,MAE difference (pp),Seasonal median minus Zero growth,-0.0975752192728927
225,Precision difference (pp),Ridge minus Size-only Ridge,5.581061251891494
225,Precision difference (pp),MLP minus Ridge,0.17624100034400736
225,MAE difference (pp),MLP minus Zero growth,0.014727155721834695
225,MAE difference (pp),MLP minus Ridge,0.009273846205900327
225,MAE difference (pp),Seasonal median minus Zero growth,-0.12062377924292988
226,Precision difference (pp),Ridge minus Size-only Ridge,2.4141097076751272
226,Precision difference (pp),MLP minus Ridge,-0.6275120753952895
226,MAE difference (pp),MLP minus Zero growth,0.02586018196588835
226,MAE difference (pp),MLP minus Ridge,0.0011028159445536367
226,MAE difference (pp),Seasonal median minus Zero growth,-0.10396967676605051
227,Precision difference (pp),Ridge minus Size-only Ridge,2.785623024930392
227,Precision difference (pp),MLP minus Ridge,-0.6902569074566489
227,MAE difference (pp),MLP minus Zero growth,-0.004515972176014849
227,MAE difference (pp),MLP minus Ridge,-0.033237603612425115
227,MAE difference (pp),Seasonal median minus Zero growth,-0.10317032133578508
228,Precision difference (pp),Ridge minus Size-only Ridge,3.7221550417023104
228,Precision difference (pp),MLP minus Ridge,0.035514550289214575
228,MAE difference (pp),MLP minus Zero growth,0.0008788144127729325
228,MAE difference (pp),MLP minus Ridge,-0.0329821926816396
228,MAE difference (pp),Seasonal median minus Zero growth,-0.10133347852118035
229,Precision difference (pp),Ridge minus Size-only Ridge,3.4661042478615514
229,Precision difference (pp),MLP minus Ridge,-0.3247712622237886
229,MAE difference (pp),MLP minus Zero growth,0.0198546748354409
229,MAE difference (pp),MLP minus Ridge,0.003932510058548111
229,MAE difference (pp),Seasonal median minus Zero growth,-0.10827364892259794
230,Precision difference (pp),Ridge minus Size-only Ridge,3.653791942874765
230,Precision difference (pp),MLP minus Ridge,-1.481296846081284
230,MAE difference (pp),MLP minus Zero growth,-0.007671224557641132
230,MAE difference (pp),MLP minus Ridge,-0.03621868923466964
230,MAE difference (pp),Seasonal median minus Zero growth,-0.09840361517630969
231,Precision difference (pp),Ridge minus Size-only Ridge,4.0869928510693905
231,Precision difference (pp),MLP minus Ridge,0.8375079689085935
231,MAE difference (pp),MLP minus Zero growth,0.038622435600919935
231,MAE difference (pp),MLP minus Ridge,-0.022375298057290216
231,MAE difference (pp),Seasonal median minus Zero growth,-0.08869175562989584
232,Precision difference (pp),Ridge minus Size-only Ridge,2.7077166850869943
232,Precision difference (pp),MLP minus Ridge,0.36364173020716206
232,MAE difference (pp),MLP minus Zero growth,0.021261722840959063
232,MAE difference (pp),MLP minus Ridge,-0.021920119995924914
232,MAE difference (pp),Seasonal median minus Zero growth,-0.10426989200530645
233,Precision difference (pp),Ridge minus Size-only Ridge,3.3417952554514074
233,Precision difference (pp),MLP minus Ridge,-0.31280604045626215
233,MAE difference (pp),MLP minus Zero growth,0.01067974229681612
233,MAE difference (pp),MLP minus Ridge,-0.02657815350143311
233,MAE difference (pp),Seasonal median minus Zero growth,-0.09309723188063268
234,Precision difference (pp),Ridge minus Size-only Ridge,4.212042420826248
234,Precision difference (pp),MLP minus Ridge,-1.5458262663600038
234,MAE difference (pp),MLP minus Zero growth,0.034824149726423226
234,MAE difference (pp),MLP minus Ridge,-0.011692317763154936
234,MAE difference (pp),Seasonal median minus Zero growth,-0.10353802968055659
235,Precision difference (pp),Ridge minus Size-only Ridge,0.8571121370926499
235,Precision difference (pp),MLP minus Ridge,0.3097420286437086
235,MAE difference (pp),MLP minus Zero growth,6.27610076016083e-05
235,MAE difference (pp),MLP minus Ridge,-0.022827653763667133
235,MAE difference (pp),Seasonal median minus Zero growth,-0.09530593082435423
236,Precision difference (pp),Ridge minus Size-only Ridge,0.6516014880333237
236,Precision difference (pp),MLP minus Ridge,0.18909648290751646
236,MAE difference (pp),MLP minus Zero growth,0.019248635420014093
236,MAE difference (pp),MLP minus Ridge,-0.018401300803343457
236,MAE difference (pp),Seasonal median minus Zero growth,-0.10246879644599227
237,Precision difference (pp),Ridge minus Size-only Ridge,4.562884960303659
237,Precision difference (pp),MLP minus Ridge,1.8456011585209986
237,MAE difference (pp),MLP minus Zero growth,0.05209367064340675
237,MAE difference (pp),MLP minus Ridge,-0.0012861251765907689
237,MAE difference (pp),Seasonal median minus Zero growth,-0.10200050135584648
238,Precision difference (pp),Ridge minus Size-only Ridge,2.314976401047292
238,Precision difference (pp),MLP minus Ridge,0.18662958701539112
238,MAE difference (pp),MLP minus Zero growth,0.04461522517673622
238,MAE difference (pp),MLP minus Ridge,-0.0035741634204260464
238,MAE difference (pp),Seasonal median minus Zero growth,-0.09494232688039572
239,Precision difference (pp),Ridge minus Size-only Ridge,2.3395634676107586
239,Precision difference (pp),MLP minus Ridge,2.392333984413769
239,MAE difference (pp),MLP minus Zero growth,-0.00039801500895109143
239,MAE difference (pp),MLP minus Ridge,-0.008874647212855358
239,MAE difference (pp),Seasonal median minus Zero growth,-0.1049308525263517
240,Precision difference (pp),Ridge minus Size-only Ridge,2.0713829653163818
240,Precision difference (pp),MLP minus Ridge,-0.8131419758971692
240,MAE difference (pp),MLP minus Zero growth,-0.0004004473404157771
240,MAE difference (pp),MLP minus Ridge,-0.03706499805544361
240,MAE difference (pp),Seasonal median minus Zero growth,-0.10170506683801195
241,Precision difference (pp),Ridge minus Size-only Ridge,2.5267590606567913
241,Precision difference (pp),MLP minus Ridge,-0.5449091987351357
241,MAE difference (pp),MLP minus Zero growth,0.022963685642417797
241,MAE difference (pp),MLP minus Ridge,-0.003775129370125363
241,MAE difference (pp),Seasonal median minus Zero growth,-0.09989046639942778
242,Precision difference (pp),Ridge minus Size-only Ridge,3.078733563028113
242,Precision difference (pp),MLP minus Ridge,1.8997610167214933
242,MAE difference (pp),MLP minus Zero growth,0.017509557779499918
242,MAE difference (pp),MLP minus Ridge,-0.03912375234755805
242,MAE difference (pp),Seasonal median minus Zero growth,-0.09068412285560079
243,Precision difference (pp),Ridge minus Size-only Ridge,3.9937201664325905
243,Precision difference (pp),MLP minus Ridge,0.17847611573379718
243,MAE difference (pp),MLP minus Zero growth,0.02450783175556115
243,MAE difference (pp),MLP minus Ridge,-0.011040209598494943
243,MAE difference (pp),Seasonal median minus Zero growth,-0.10113526331155054
244,Precision difference (pp),Ridge minus Size-only Ridge,0.8542857149679173
244,Precision difference (pp),MLP minus Ridge,1.4967062282736032
244,MAE difference (pp),MLP minus Zero growth,0.04945410843481657
244,MAE difference (pp),MLP minus Ridge,-0.005172772584488339
244,MAE difference (pp),Seasonal median minus Zero growth,-0.08973518575939687
245,Precision difference (pp),Ridge minus Size-only Ridge,3.064505128167913
245,Precision difference (pp),MLP minus Ridge,0.5596924034047879
245,MAE difference (pp),MLP minus Zero growth,0.028396873649801257
245,MAE difference (pp),MLP minus Ridge,0.0034108772939758225
245,MAE difference (pp),Seasonal median minus Zero growth,-0.09657455894667821
246,Precision difference (pp),Ridge minus Size-only Ridge,4.8914139770482175
246,Precision difference (pp),MLP minus Ridge,-1.462374792466864
246,MAE difference (pp),MLP minus Zero growth,0.011706894064654527
246,MAE difference (pp),MLP minus Ridge,-0.03700597728329713
246,MAE difference (pp),Seasonal median minus Zero growth,-0.09281766924106005
247,Precision difference (pp),Ridge minus Size-only Ridge,2.3390927035107367
247,Precision difference (pp),MLP minus Ridge,0.8411423291566494
247,MAE difference (pp),MLP minus Zero growth,0.011539361715061425
247,MAE difference (pp),MLP minus Ridge,-0.010457497823786355
247,MAE difference (pp),Seasonal median minus Zero growth,-0.1035380601683582
248,Precision difference (pp),Ridge minus Size-only Ridge,3.20580395320183
248,Precision difference (pp),MLP minus Ridge,-0.027704392373989473
248,MAE difference (pp),MLP minus Zero growth,0.019499447587928653
248,MAE difference (pp),MLP minus Ridge,-0.010571358157820843
248,MAE difference (pp),Seasonal median minus Zero growth,-0.10503543671343829
249,Precision difference (pp),Ridge minus Size-only Ridge,3.4898575437943444
249,Precision difference (pp),MLP minus Ridge,-1.2777390881619026
249,MAE difference (pp),MLP minus Zero growth,0.028580867850569458
249,MAE difference (pp),MLP minus Ridge,-0.017460332168111936
249,MAE difference (pp),Seasonal median minus Zero growth,-0.09726780054679018
250,Precision difference (pp),Ridge minus Size-only Ridge,3.538469701691688
250,Precision difference (pp),MLP minus Ridge,0.6128528543864753
250,MAE difference (pp),MLP minus Zero growth,0.0011323752796204012
250,MAE difference (pp),MLP minus Ridge,-0.030662734251948542
250,MAE difference (pp),Seasonal median minus Zero growth,-0.10125892859474028
251,Precision difference (pp),Ridge minus Size-only Ridge,2.5290380803882573
251,Precision difference (pp),MLP minus Ridge,-1.4299769860404905
251,MAE difference (pp),MLP minus Zero growth,0.03648004718465181
251,MAE difference (pp),MLP minus Ridge,0.01828916827159599
251,MAE difference (pp),Seasonal median minus Zero growth,-0.11576149324289897
252,Precision difference (pp),Ridge minus Size-only Ridge,2.8211533334656314
252,Precision difference (pp),MLP minus Ridge,0.2383603984340399
252,MAE difference (pp),MLP minus Zero growth,0.030769681216994194
252,MAE difference (pp),MLP minus Ridge,-0.03019393788243674
252,MAE difference (pp),Seasonal median minus Zero growth,-0.09288986147070721
253,Precision difference (pp),Ridge minus Size-only Ridge,2.001529119445869
253,Precision difference (pp),MLP minus Ridge,-1.5940813202515558
253,MAE difference (pp),MLP minus Zero growth,0.06556069142670484
253,MAE difference (pp),MLP minus Ridge,0.025993626534933867
253,MAE difference (pp),Seasonal median minus Zero growth,-0.10334387629954778
254,Precision difference (pp),Ridge minus Size-only Ridge,-0.08844314917458296
254,Precision difference (pp),MLP minus Ridge,0.8419420386955645
254,MAE difference (pp),MLP minus Zero growth,0.046885855433361545
254,MAE difference (pp),MLP minus Ridge,-0.005635961174624171
254,MAE difference (pp),Seasonal median minus Zero growth,-0.09974320968708916
255,Precision difference (pp),Ridge minus Size-only Ridge,2.6661860753299793
255,Precision difference (pp),MLP minus Ridge,1.2904326242558883
255,MAE difference (pp),MLP minus Zero growth,0.045863686122769476
255,MAE difference (pp),MLP minus Ridge,0.00480345868293508
255,MAE difference (pp),Seasonal median minus Zero growth,-0.10445150216415611
256,Precision difference (pp),Ridge minus Size-only Ridge,2.542430501055659
256,Precision difference (pp),MLP minus Ridge,-0.5429547446450911
256,MAE difference (pp),MLP minus Zero growth,0.022021883953944776
256,MAE difference (pp),MLP minus Ridge,-0.016765506115071993
256,MAE difference (pp),Seasonal median minus Zero growth,-0.10813271217857734
257,Precision difference (pp),Ridge minus Size-only Ridge,1.8609052594695834
257,Precision difference (pp),MLP minus Ridge,0.6607974038826625
257,MAE difference (pp),MLP minus Zero growth,0.019352231465263436
257,MAE difference (pp),MLP minus Ridge,-0.014862018300099145
257,MAE difference (pp),Seasonal median minus Zero growth,-0.09688554716070374
258,Precision difference (pp),Ridge minus Size-only Ridge,4.334853811840997
258,Precision difference (pp),MLP minus Ridge,-1.1932093831199753
258,MAE difference (pp),MLP minus Zero growth,0.016365892272330207
258,MAE difference (pp),MLP minus Ridge,-0.02527222974308696
258,MAE difference (pp),Seasonal median minus Zero growth,-0.10170750720487787
259,Precision difference (pp),Ridge minus Size-only Ridge,3.0478810824567883
259,Precision difference (pp),MLP minus Ridge,-0.6292603697292898
259,MAE difference (pp),MLP minus Zero growth,-0.02431012604015903
259,MAE difference (pp),MLP minus Ridge,-0.018363610409621423
259,MAE difference (pp),Seasonal median minus Zero growth,-0.11475685613487174
260,Precision difference (pp),Ridge minus Size-only Ridge,2.5378081019324705
260,Precision difference (pp),MLP minus Ridge,-0.835666517973957
260,MAE difference (pp),MLP minus Zero growth,0.013057964979906966
260,MAE difference (pp),MLP minus Ridge,-0.04430187769603622
260,MAE difference (pp),Seasonal median minus Zero growth,-0.09460648015195083
261,Precision difference (pp),Ridge minus Size-only Ridge,5.34542871886449
261,Precision difference (pp),MLP minus Ridge,-1.3864784860387696
261,MAE difference (pp),MLP minus Zero growth,0.022653805147921702
261,MAE difference (pp),MLP minus Ridge,-0.033377493593786944
261,MAE difference (pp),Seasonal median minus Zero growth,-0.08572347486784127
262,Precision difference (pp),Ridge minus Size-only Ridge,2.8610257693130166
262,Precision difference (pp),MLP minus Ridge,-1.6078589270578203
262,MAE difference (pp),MLP minus Zero growth,0.023969871031035428
262,MAE difference (pp),MLP minus Ridge,-0.01568311374702258
262,MAE difference (pp),Seasonal median minus Zero growth,-0.10337507133394652
263,Precision difference (pp),Ridge minus Size-only Ridge,3.218697775702048
263,Precision difference (pp),MLP minus Ridge,-0.043288531746321635
263,MAE difference (pp),MLP minus Zero growth,0.0635113999730259
263,MAE difference (pp),MLP minus Ridge,-0.006174219800247904
263,MAE difference (pp),Seasonal median minus Zero growth,-0.08904872309908862
264,Precision difference (pp),Ridge minus Size-only Ridge,4.900236805573585
264,Precision difference (pp),MLP minus Ridge,-2.443417056470523
264,MAE difference (pp),MLP minus Zero growth,0.03724381089454143
264,MAE difference (pp),MLP minus Ridge,-0.0017834497096762547
264,MAE difference (pp),Seasonal median minus Zero growth,-0.10009575738799859
265,Precision difference (pp),Ridge minus Size-only Ridge,4.621434621915172
265,Precision difference (pp),MLP minus Ridge,-2.330923644446936
265,MAE difference (pp),MLP minus Zero growth,0.059657659981443345
265,MAE difference (pp),MLP minus Ridge,-0.006026016828755143
265,MAE difference (pp),Seasonal median minus Zero growth,-0.09847253370167408
266,Precision difference (pp),Ridge minus Size-only Ridge,1.8168412205314066
266,Precision difference (pp),MLP minus Ridge,0.41734023420332556
266,MAE difference (pp),MLP minus Zero growth,0.048862945226118004
266,MAE difference (pp),MLP minus Ridge,0.0028711953851634497
266,MAE difference (pp),Seasonal median minus Zero growth,-0.11101074897676622
267,Precision difference (pp),Ridge minus Size-only Ridge,2.1105885249121323
267,Precision difference (pp),MLP minus Ridge,-1.0319599287934467
267,MAE difference (pp),MLP minus Zero growth,0.04099423726068663
267,MAE difference (pp),MLP minus Ridge,0.000775756184205445
267,MAE difference (pp),Seasonal median minus Zero growth,-0.10808205415217964
268,Precision difference (pp),Ridge minus Size-only Ridge,2.851173722900663
268,Precision difference (pp),MLP minus Ridge,-0.37597221448562035
268,MAE difference (pp),MLP minus Zero growth,0.03212125729319437
268,MAE difference (pp),MLP minus Ridge,-0.00968293855950142
268,MAE difference (pp),Seasonal median minus Zero growth,-0.10250610644546176
269,Precision difference (pp),Ridge minus Size-only Ridge,1.046962452603037
269,Precision difference (pp),MLP minus Ridge,-1.2699926829029207
269,MAE difference (pp),MLP minus Zero growth,0.04906066526747477
269,MAE difference (pp),MLP minus Ridge,0.002584448751389523
269,MAE difference (pp),Seasonal median minus Zero growth,-0.1017445958186487
270,Precision difference (pp),Ridge minus Size-only Ridge,4.027797859766821
270,Precision difference (pp),MLP minus Ridge,-0.13535907069900377
270,MAE difference (pp),MLP minus Zero growth,0.04507804676715965
270,MAE difference (pp),MLP minus Ridge,-0.016618091525511414
270,MAE difference (pp),Seasonal median minus Zero growth,-0.10042192678880069
271,Precision difference (pp),Ridge minus Size-only Ridge,4.417605881957315
271,Precision difference (pp),MLP minus Ridge,-0.83309840719272
271,MAE difference (pp),MLP minus Zero growth,0.02814824989903686
271,MAE difference (pp),MLP minus Ridge,-0.015034011044591011
271,MAE difference (pp),Seasonal median minus Zero growth,-0.09950414928355666
272,Precision difference (pp),Ridge minus Size-only Ridge,4.013050912290134
272,Precision difference (pp),MLP minus Ridge,-0.2664190749428974
272,MAE difference (pp),MLP minus Zero growth,0.056181759600980374
272,MAE difference (pp),MLP minus Ridge,0.010842272249734997
272,MAE difference (pp),Seasonal median minus Zero growth,-0.10516738668085779
273,Precision difference (pp),Ridge minus Size-only Ridge,3.496199241816436
273,Precision difference (pp),MLP minus Ridge,-1.561042696652462
273,MAE difference (pp),MLP minus Zero growth,0.02095749447817763
273,MAE difference (pp),MLP minus Ridge,-0.016594737461851583
273,MAE difference (pp),Seasonal median minus Zero growth,-0.09806359214455673
274,Precision difference (pp),Ridge minus Size-only Ridge,4.992841969951053
274,Precision difference (pp),MLP minus Ridge,-0.2525785949823278
274,MAE difference (pp),MLP minus Zero growth,0.022825780506386284
274,MAE difference (pp),MLP minus Ridge,-0.03077602848460792
274,MAE difference (pp),Seasonal median minus Zero growth,-0.10126261482084464
275,Precision difference (pp),Ridge minus Size-only Ridge,3.4695177858872412
275,Precision difference (pp),MLP minus Ridge,0.6200078750470267
275,MAE difference (pp),MLP minus Zero growth,0.009359323062317237
275,MAE difference (pp),MLP minus Ridge,-0.04142086421830404
275,MAE difference (pp),Seasonal median minus Zero growth,-0.09784536668065202
276,Precision difference (pp),Ridge minus Size-only Ridge,2.7477718601084167
276,Precision difference (pp),MLP minus Ridge,-1.0680504116578393
276,MAE difference (pp),MLP minus Zero growth,0.053249128984139915
276,MAE difference (pp),MLP minus Ridge,0.008750153398241256
276,MAE difference (pp),Seasonal median minus Zero growth,-0.10472134030691649
277,Precision difference (pp),Ridge minus Size-only Ridge,4.184075976215279
277,Precision difference (pp),MLP minus Ridge,-0.03015980457549139
277,MAE difference (pp),MLP minus Zero growth,0.0311662033476523
277,MAE difference (pp),MLP minus Ridge,-0.01112087113826199
277,MAE difference (pp),Seasonal median minus Zero growth,-0.10345391472260701
278,Precision difference (pp),Ridge minus Size-only Ridge,1.9122718086577783
278,Precision difference (pp),MLP minus Ridge,2.010340262171237
278,MAE difference (pp),MLP minus Zero growth,-0.0189712964626918
278,MAE difference (pp),MLP minus Ridge,-0.03532087043768062
278,MAE difference (pp),Seasonal median minus Zero growth,-0.11569054143581958
279,Precision difference (pp),Ridge minus Size-only Ridge,3.095576922903959
279,Precision difference (pp),MLP minus Ridge,-0.7144486081757162
279,MAE difference (pp),MLP minus Zero growth,0.006920048063545625
279,MAE difference (pp),MLP minus Ridge,-0.017780658493833368
279,MAE difference (pp),Seasonal median minus Zero growth,-0.10068602553909622
280,Precision difference (pp),Ridge minus Size-only Ridge,1.6361878556194753
280,Precision difference (pp),MLP minus Ridge,0.03607637437194333
280,MAE difference (pp),MLP minus Zero growth,0.041121808457604825
280,MAE difference (pp),MLP minus Ridge,-0.007924375603191702
280,MAE difference (pp),Seasonal median minus Zero growth,-0.10007245574373336
281,Precision difference (pp),Ridge minus Size-only Ridge,3.038083522044552
281,Precision difference (pp),MLP minus Ridge,2.5681583999431323
281,MAE difference (pp),MLP minus Zero growth,-0.005225540536149431
281,MAE difference (pp),MLP minus Ridge,-0.051084611538765756
281,MAE difference (pp),Seasonal median minus Zero growth,-0.09630582641220853
282,Precision difference (pp),Ridge minus Size-only Ridge,3.4917411199801935
282,Precision difference (pp),MLP minus Ridge,-0.45586688291749944
282,MAE difference (pp),MLP minus Zero growth,0.05140791618169249
282,MAE difference (pp),MLP minus Ridge,0.001757479392575867
282,MAE difference (pp),Seasonal median minus Zero growth,-0.09922789988583469
283,Precision difference (pp),Ridge minus Size-only Ridge,4.7976866787844745
283,Precision difference (pp),MLP minus Ridge,0.5815447396626316
283,MAE difference (pp),MLP minus Zero growth,0.04783316926812686
283,MAE difference (pp),MLP minus Ridge,-0.0028574569527441973
283,MAE difference (pp),Seasonal median minus Zero growth,-0.10410055175893573
284,Precision difference (pp),Ridge minus Size-only Ridge,2.9106360936365068
284,Precision difference (pp),MLP minus Ridge,-0.09614459501651462
284,MAE difference (pp),MLP minus Zero growth,0.04833277418921078
284,MAE difference (pp),MLP minus Ridge,-0.012819677019893394
284,MAE difference (pp),Seasonal median minus Zero growth,-0.09417121711450038
285,Precision difference (pp),Ridge minus Size-only Ridge,3.682305845806255
285,Precision difference (pp),MLP minus Ridge,1.2380675343111158
285,MAE difference (pp),MLP minus Zero growth,0.013368325370453515
285,MAE difference (pp),MLP minus Ridge,-0.03676888916968135
285,MAE difference (pp),Seasonal median minus Zero growth,-0.09530003228214534
286,Precision difference (pp),Ridge minus Size-only Ridge,2.81415090226069
286,Precision difference (pp),MLP minus Ridge,1.0680996407147703
286,MAE difference (pp),MLP minus Zero growth,-0.016858232556142827
286,MAE difference (pp),MLP minus Ridge,-0.05932967022261959
286,MAE difference (pp),Seasonal median minus Zero growth,-0.10292635083383272
287,Precision difference (pp),Ridge minus Size-only Ridge,4.286646670386799
287,Precision difference (pp),MLP minus Ridge,-2.004761393401919
287,MAE difference (pp),MLP minus Zero growth,0.07362060984238106
287,MAE difference (pp),MLP minus Ridge,0.011019919199926509
287,MAE difference (pp),Seasonal median minus Zero growth,-0.0942824536853939
288,Precision difference (pp),Ridge minus Size-only Ridge,1.6592114910349705
288,Precision difference (pp),MLP minus Ridge,-0.128679480967836
288,MAE difference (pp),MLP minus Zero growth,0.015488952593222027
288,MAE difference (pp),MLP minus Ridge,-0.020121190601668726
288,MAE difference (pp),Seasonal median minus Zero growth,-0.09916756035740093
289,Precision difference (pp),Ridge minus Size-only Ridge,3.025334238489913
289,Precision difference (pp),MLP minus Ridge,0.864847204545377
289,MAE difference (pp),MLP minus Zero growth,-0.02748476483024387
289,MAE difference (pp),MLP minus Ridge,-0.03722939844564355
289,MAE difference (pp),Seasonal median minus Zero growth,-0.1083411476055458
290,Precision difference (pp),Ridge minus Size-only Ridge,4.328804398770078
290,Precision difference (pp),MLP minus Ridge,-1.4324537797693186
290,MAE difference (pp),MLP minus Zero growth,0.03515394598523436
290,MAE difference (pp),MLP minus Ridge,-0.02023657235481835
290,MAE difference (pp),Seasonal median minus Zero growth,-0.10033799060381776
291,Precision difference (pp),Ridge minus Size-only Ridge,1.4685661706809987
291,Precision difference (pp),MLP minus Ridge,0.6584163025401074
291,MAE difference (pp),MLP minus Zero growth,-0.01647869682587544
291,MAE difference (pp),MLP minus Ridge,-0.051591592702893596
291,MAE difference (pp),Seasonal median minus Zero growth,-0.10504852831133471
292,Precision difference (pp),Ridge minus Size-only Ridge,4.083841997134508
292,Precision difference (pp),MLP minus Ridge,0.24866166767648912
292,MAE difference (pp),MLP minus Zero growth,0.021278772069484475
292,MAE difference (pp),MLP minus Ridge,-0.002782822062920687
292,MAE difference (pp),Seasonal median minus Zero growth,-0.10049910748038204
293,Precision difference (pp),Ridge minus Size-only Ridge,3.510567663522873
293,Precision difference (pp),MLP minus Ridge,-0.6042316302279638
293,MAE difference (pp),MLP minus Zero growth,0.02420752044823571
293,MAE difference (pp),MLP minus Ridge,0.008225702200972407
293,MAE difference (pp),Seasonal median minus Zero growth,-0.11720205351108337
294,Precision difference (pp),Ridge minus Size-only Ridge,2.7857338990339042
294,Precision difference (pp),MLP minus Ridge,-1.6266999266016602
294,MAE difference (pp),MLP minus Zero growth,0.0412217899637084
294,MAE difference (pp),MLP minus Ridge,0.0015413100305821104
294,MAE difference (pp),Seasonal median minus Zero growth,-0.10214785429110274
295,Precision difference (pp),Ridge minus Size-only Ridge,4.578356069360109
295,Precision difference (pp),MLP minus Ridge,-1.9052908661550934
295,MAE difference (pp),MLP minus Zero growth,0.028505854710151546
295,MAE difference (pp),MLP minus Ridge,-0.011837209351760247
295,MAE difference (pp),Seasonal median minus Zero growth,-0.08882525011081288
296,Precision difference (pp),Ridge minus Size-only Ridge,2.02979379911688
296,Precision difference (pp),MLP minus Ridge,-0.9228656328377438
296,MAE difference (pp),MLP minus Zero growth,0.03173699414693587
296,MAE difference (pp),MLP minus Ridge,-0.020732770231021824
296,MAE difference (pp),Seasonal median minus Zero growth,-0.09359965502008416
297,Precision difference (pp),Ridge minus Size-only Ridge,4.178301112873884
297,Precision difference (pp),MLP minus Ridge,-2.545233160579827
297,MAE difference (pp),MLP minus Zero growth,0.07084873161087879
297,MAE difference (pp),MLP minus Ridge,0.009525738182765586
297,MAE difference (pp),Seasonal median minus Zero growth,-0.10652811946205532
298,Precision difference (pp),Ridge minus Size-only Ridge,4.144599222533596
298,Precision difference (pp),MLP minus Ridge,0.5895290226346911
298,MAE difference (pp),MLP minus Zero growth,0.02790936031941227
298,MAE difference (pp),MLP minus Ridge,-0.017445882170620042
298,MAE difference (pp),Seasonal median minus Zero growth,-0.10976234410902475
299,Precision difference (pp),Ridge minus Size-only Ridge,4.644228668658629
299,Precision difference (pp),MLP minus Ridge,-1.4788168566446407
299,MAE difference (pp),MLP minus Zero growth,0.04704135539647458
299,MAE difference (pp),MLP minus Ridge,0.0009637120996712767
299,MAE difference (pp),Seasonal median minus Zero growth,-0.09697897403027778
300,Precision difference (pp),Ridge minus Size-only Ridge,3.7546817318003773
300,Precision difference (pp),MLP minus Ridge,-0.40834148893847955
300,MAE difference (pp),MLP minus Zero growth,0.03678875022529482
300,MAE difference (pp),MLP minus Ridge,-0.00994659324574032
300,MAE difference (pp),Seasonal median minus Zero growth,-0.09768240406417972
301,Precision difference (pp),Ridge minus Size-only Ridge,1.2292386908875574
301,Precision difference (pp),MLP minus Ridge,1.1380115199029568
301,MAE difference (pp),MLP minus Zero growth,0.038535542708633574
301,MAE difference (pp),MLP minus Ridge,-0.008588585223678447
301,MAE difference (pp),Seasonal median minus Zero growth,-0.10436140069150346
302,Precision difference (pp),Ridge minus Size-only Ridge,4.55502716861067
302,Precision difference (pp),MLP minus Ridge,-0.36190305683753976
302,MAE difference (pp),MLP minus Zero growth,0.011182444369406852
302,MAE difference (pp),MLP minus Ridge,-0.01378268648981118
302,MAE difference (pp),Seasonal median minus Zero growth,-0.11177733369463194
303,Precision difference (pp),Ridge minus Size-only Ridge,4.265923746866407
303,Precision difference (pp),MLP minus Ridge,-0.6372858576197377
303,MAE difference (pp),MLP minus Zero growth,-0.021296378273706562
303,MAE difference (pp),MLP minus Ridge,-0.059889262203002946
303,MAE difference (pp),Seasonal median minus Zero growth,-0.09761765375301135
304,Precision difference (pp),Ridge minus Size-only Ridge,3.341564685405396
304,Precision difference (pp),MLP minus Ridge,1.6082062646046724
304,MAE difference (pp),MLP minus Zero growth,0.0207665240651993
304,MAE difference (pp),MLP minus Ridge,-0.0018557541467423277
304,MAE difference (pp),Seasonal median minus Zero growth,-0.09498157879375002
305,Precision difference (pp),Ridge minus Size-only Ridge,3.6743308036210536
305,Precision difference (pp),MLP minus Ridge,-1.3892841905713327
305,MAE difference (pp),MLP minus Zero growth,0.03711436311174632
305,MAE difference (pp),MLP minus Ridge,-0.0014973685445989204
305,MAE difference (pp),Seasonal median minus Zero growth,-0.1079020066712233
306,Precision difference (pp),Ridge minus Size-only Ridge,2.8456063714705104
306,Precision difference (pp),MLP minus Ridge,-1.0596269101516147
306,MAE difference (pp),MLP minus Zero growth,0.011151082974209192
306,MAE difference (pp),MLP minus Ridge,-0.03400383998945111
306,MAE difference (pp),Seasonal median minus Zero growth,-0.10729185032588706
307,Precision difference (pp),Ridge minus Size-only Ridge,2.4390832323938323
307,Precision difference (pp),MLP minus Ridge,-0.4711597157513736
307,MAE difference (pp),MLP minus Zero growth,0.013507433868662488
307,MAE difference (pp),MLP minus Ridge,-0.02624956820097113
307,MAE difference (pp),Seasonal median minus Zero growth,-0.09669955120015139
308,Precision difference (pp),Ridge minus Size-only Ridge,1.6997198994715608
308,Precision difference (pp),MLP minus Ridge,0.7013420437417706
308,MAE difference (pp),MLP minus Zero growth,0.046431187955023656
308,MAE difference (pp),MLP minus Ridge,0.004231178485513798
308,MAE difference (pp),Seasonal median minus Zero growth,-0.10099466326939677
309,Precision difference (pp),Ridge minus Size-only Ridge,2.3726807968983272
309,Precision difference (pp),MLP minus Ridge,-0.8826408422600185
309,MAE difference (pp),MLP minus Zero growth,0.0482917854355156
309,MAE difference (pp),MLP minus Ridge,-0.011131611662499985
309,MAE difference (pp),Seasonal median minus Zero growth,-0.09604118272661566
310,Precision difference (pp),Ridge minus Size-only Ridge,2.1169106351367124
310,Precision difference (pp),MLP minus Ridge,0.6895906087417553
310,MAE difference (pp),MLP minus Zero growth,0.021473890439342558
310,MAE difference (pp),MLP minus Ridge,-0.004479450026107834
310,MAE difference (pp),Seasonal median minus Zero growth,-0.10785840293945625
311,Precision difference (pp),Ridge minus Size-only Ridge,4.152594141442997
311,Precision difference (pp),MLP minus Ridge,0.26733441780465717
311,MAE difference (pp),MLP minus Zero growth,0.005041605804438909
311,MAE difference (pp),MLP minus Ridge,-0.03133783207727037
311,MAE difference (pp),Seasonal median minus Zero growth,-0.09483748843070083
312,Precision difference (pp),Ridge minus Size-only Ridge,4.90563817970007
312,Precision difference (pp),MLP minus Ridge,-0.7899816912734559
312,MAE difference (pp),MLP minus Zero growth,0.057119733699817044
312,MAE difference (pp),MLP minus Ridge,0.0035158095665646094
312,MAE difference (pp),Seasonal median minus Zero growth,-0.10441427073338483
313,Precision difference (pp),Ridge minus Size-only Ridge,2.606743481815305
313,Precision difference (pp),MLP minus Ridge,-1.2012334432891376
313,MAE difference (pp),MLP minus Zero growth,0.026355392735135652
313,MAE difference (pp),MLP minus Ridge,-0.01795814952359187
313,MAE difference (pp),Seasonal median minus Zero growth,-0.10432383070582674
314,Precision difference (pp),Ridge minus Size-only Ridge,2.9684653783138226
314,Precision difference (pp),MLP minus Ridge,0.3971299045923471
314,MAE difference (pp),MLP minus Zero growth,0.024236084320558238
314,MAE difference (pp),MLP minus Ridge,-0.015148205993302355
314,MAE difference (pp),Seasonal median minus Zero growth,-0.10064027205934023
315,Precision difference (pp),Ridge minus Size-only Ridge,3.1621610741360273
315,Precision difference (pp),MLP minus Ridge,0.495953575631497
315,MAE difference (pp),MLP minus Zero growth,0.035221744967590674
315,MAE difference (pp),MLP minus Ridge,0.005692130730938771
315,MAE difference (pp),Seasonal median minus Zero growth,-0.1033742655063743
316,Precision difference (pp),Ridge minus Size-only Ridge,2.3727167173078323
316,Precision difference (pp),MLP minus Ridge,-0.10619592574726278
316,MAE difference (pp),MLP minus Zero growth,0.07419110098004555
316,MAE difference (pp),MLP minus Ridge,0.02366513404374082
316,MAE difference (pp),Seasonal median minus Zero growth,-0.09776578364190591
317,Precision difference (pp),Ridge minus Size-only Ridge,2.0063318991904557
317,Precision difference (pp),MLP minus Ridge,-0.3070438068011633
317,MAE difference (pp),MLP minus Zero growth,0.008495933130792555
317,MAE difference (pp),MLP minus Ridge,-0.02024190078043908
317,MAE difference (pp),Seasonal median minus Zero growth,-0.10572923868758632
318,Precision difference (pp),Ridge minus Size-only Ridge,4.9202930939749505
318,Precision difference (pp),MLP minus Ridge,-0.8061335116096219
318,MAE difference (pp),MLP minus Zero growth,0.045381887058513204
318,MAE difference (pp),MLP minus Ridge,-0.00442810314362907
318,MAE difference (pp),Seasonal median minus Zero growth,-0.10096979518323268
319,Precision difference (pp),Ridge minus Size-only Ridge,2.790723778186477
319,Precision difference (pp),MLP minus Ridge,-0.0010903109921217569
319,MAE difference (pp),MLP minus Zero growth,0.019266161012242655
319,MAE difference (pp),MLP minus Ridge,-0.0024150636004898196
319,MAE difference (pp),Seasonal median minus Zero growth,-0.11192371322391059
320,Precision difference (pp),Ridge minus Size-only Ridge,5.217401965887836
320,Precision difference (pp),MLP minus Ridge,-0.9054907834913944
320,MAE difference (pp),MLP minus Zero growth,0.03768504417209284
320,MAE difference (pp),MLP minus Ridge,-0.009544827839961911
320,MAE difference (pp),Seasonal median minus Zero growth,-0.0996297911196371
321,Precision difference (pp),Ridge minus Size-only Ridge,1.7971460277080076
321,Precision difference (pp),MLP minus Ridge,-0.5754378769796537
321,MAE difference (pp),MLP minus Zero growth,0.04278275497888062
321,MAE difference (pp),MLP minus Ridge,0.0006975151985573191
321,MAE difference (pp),Seasonal median minus Zero growth,-0.11177496801983766
322,Precision difference (pp),Ridge minus Size-only Ridge,1.6310908696040767
322,Precision difference (pp),MLP minus Ridge,0.7182279708361522
322,MAE difference (pp),MLP minus Zero growth,0.03213809076482255
322,MAE difference (pp),MLP minus Ridge,-0.010295094138170757
322,MAE difference (pp),Seasonal median minus Zero growth,-0.10328152304800353
323,Precision difference (pp),Ridge minus Size-only Ridge,3.4064650894880395
323,Precision difference (pp),MLP minus Ridge,1.247358880810598
323,MAE difference (pp),MLP minus Zero growth,0.04463285345147705
323,MAE difference (pp),MLP minus Ridge,-0.01598657602146414
323,MAE difference (pp),Seasonal median minus Zero growth,-0.0966295964141537
324,Precision difference (pp),Ridge minus Size-only Ridge,3.4062876814327736
324,Precision difference (pp),MLP minus Ridge,-0.5378577240074511
324,MAE difference (pp),MLP minus Zero growth,0.0038573764635283503
324,MAE difference (pp),MLP minus Ridge,-0.020599333633898542
324,MAE difference (pp),Seasonal median minus Zero growth,-0.09267165363393381
325,Precision difference (pp),Ridge minus Size-only Ridge,3.522457377226007
325,Precision difference (pp),MLP minus Ridge,-0.22508696354983648
325,MAE difference (pp),MLP minus Zero growth,0.037461660323688584
325,MAE difference (pp),MLP minus Ridge,-0.020041167780699976
325,MAE difference (pp),Seasonal median minus Zero growth,-0.09423083896709805
326,Precision difference (pp),Ridge minus Size-only Ridge,2.957551553354629
326,Precision difference (pp),MLP minus Ridge,0.5387682763074775
326,MAE difference (pp),MLP minus Zero growth,0.013160098674624088
326,MAE difference (pp),MLP minus Ridge,-0.024477272786054716
326,MAE difference (pp),Seasonal median minus Zero growth,-0.10614167783954054
327,Precision difference (pp),Ridge minus Size-only Ridge,2.4146686464971534
327,Precision difference (pp),MLP minus Ridge,-1.0264222653566635
327,MAE difference (pp),MLP minus Zero growth,0.05507069450306057
327,MAE difference (pp),MLP minus Ridge,0.006686701088854274
327,MAE difference (pp),Seasonal median minus Zero growth,-0.09981270916198826
328,Precision difference (pp),Ridge minus Size-only Ridge,3.872005542765944
328,Precision difference (pp),MLP minus Ridge,1.259691269091698
328,MAE difference (pp),MLP minus Zero growth,0.030715459182591776
328,MAE difference (pp),MLP minus Ridge,-0.02793022700876424
328,MAE difference (pp),Seasonal median minus Zero growth,-0.09152865835312163
329,Precision difference (pp),Ridge minus Size-only Ridge,4.691409071823932
329,Precision difference (pp),MLP minus Ridge,-0.20569971545114085
329,MAE difference (pp),MLP minus Zero growth,-0.01194690187835512
329,MAE difference (pp),MLP minus Ridge,-0.05507931888623707
329,MAE difference (pp),Seasonal median minus Zero growth,-0.09742776012368903
330,Precision difference (pp),Ridge minus Size-only Ridge,4.391158410772233
330,Precision difference (pp),MLP minus Ridge,-0.705994637822982
330,MAE difference (pp),MLP minus Zero growth,-0.011892129973107401
330,MAE difference (pp),MLP minus Ridge,-0.019712938999209673
330,MAE difference (pp),Seasonal median minus Zero growth,-0.11191560091258212
331,Precision difference (pp),Ridge minus Size-only Ridge,1.1725499969754694
331,Precision difference (pp),MLP minus Ridge,0.4072451908798569
331,MAE difference (pp),MLP minus Zero growth,0.04864687417539315
331,MAE difference (pp),MLP minus Ridge,-0.007797406852524169
331,MAE difference (pp),Seasonal median minus Zero growth,-0.09864238405220149
332,Precision difference (pp),Ridge minus Size-only Ridge,2.723082400326615
332,Precision difference (pp),MLP minus Ridge,-0.2931714870963109
332,MAE difference (pp),MLP minus Zero growth,0.03465128612264401
332,MAE difference (pp),MLP minus Ridge,-0.01383226086159528
332,MAE difference (pp),Seasonal median minus Zero growth,-0.08814550644479224
333,Precision difference (pp),Ridge minus Size-only Ridge,1.884471449824432
333,Precision difference (pp),MLP minus Ridge,0.43163159089613934
333,MAE difference (pp),MLP minus Zero growth,0.04626606414363055
333,MAE difference (pp),MLP minus Ridge,0.008800968345811455
333,MAE difference (pp),Seasonal median minus Zero growth,-0.09593003087979302
334,Precision difference (pp),Ridge minus Size-only Ridge,4.798329821971461
334,Precision difference (pp),MLP minus Ridge,-0.7925789404417377
334,MAE difference (pp),MLP minus Zero growth,0.00301247598561849
334,MAE difference (pp),MLP minus Ridge,-0.009760772664456407
334,MAE difference (pp),Seasonal median minus Zero growth,-0.10281607347409327
335,Precision difference (pp),Ridge minus Size-only Ridge,2.0899423421749272
335,Precision difference (pp),MLP minus Ridge,1.0867969374263653
335,MAE difference (pp),MLP minus Zero growth,0.04000891542840401
335,MAE difference (pp),MLP minus Ridge,-0.004528695637606717
335,MAE difference (pp),Seasonal median minus Zero growth,-0.10128643724425546
336,Precision difference (pp),Ridge minus Size-only Ridge,3.135760408786481
336,Precision difference (pp),MLP minus Ridge,0.7045104232613675
336,MAE difference (pp),MLP minus Zero growth,0.019090559283736486
336,MAE difference (pp),MLP minus Ridge,-0.03155928961086163
336,MAE difference (pp),Seasonal median minus Zero growth,-0.0973252976647796
337,Precision difference (pp),Ridge minus Size-only Ridge,4.1474411373451865
337,Precision difference (pp),MLP minus Ridge,0.6402104625078842
337,MAE difference (pp),MLP minus Zero growth,0.02485077382401535
337,MAE difference (pp),MLP minus Ridge,-0.01672965657795933
337,MAE difference (pp),Seasonal median minus Zero growth,-0.10194231507249363
338,Precision difference (pp),Ridge minus Size-only Ridge,5.191783178974818
338,Precision difference (pp),MLP minus Ridge,-0.9191328641458996
338,MAE difference (pp),MLP minus Zero growth,0.015910401482822856
338,MAE difference (pp),MLP minus Ridge,-0.021114775937699726
338,MAE difference (pp),Seasonal median minus Zero growth,-0.09229227783459981
339,Precision difference (pp),Ridge minus Size-only Ridge,3.5325881387525238
339,Precision difference (pp),MLP minus Ridge,-0.7364046505837551
339,MAE difference (pp),MLP minus Zero growth,0.008563497248408325
339,MAE difference (pp),MLP minus Ridge,-0.02359044435782387
339,MAE difference (pp),Seasonal median minus Zero growth,-0.10897714799442149
340,Precision difference (pp),Ridge minus Size-only Ridge,2.1629756568080443
340,Precision difference (pp),MLP minus Ridge,0.10146173395741143
340,MAE difference (pp),MLP minus Zero growth,-0.03301940930409719
340,MAE difference (pp),MLP minus Ridge,-0.04759569809285491
340,MAE difference (pp),Seasonal median minus Zero growth,-0.1122004526049798
341,Precision difference (pp),Ridge minus Size-only Ridge,2.0744180216528907
341,Precision difference (pp),MLP minus Ridge,0.20948677261817816
341,MAE difference (pp),MLP minus Zero growth,0.06641274780806228
341,MAE difference (pp),MLP minus Ridge,0.012920649186195732
341,MAE difference (pp),Seasonal median minus Zero growth,-0.09500994504030835
342,Precision difference (pp),Ridge minus Size-only Ridge,1.6676269063533256
342,Precision difference (pp),MLP minus Ridge,2.086348302032512
342,MAE difference (pp),MLP minus Zero growth,0.07358003551587489
342,MAE difference (pp),MLP minus Ridge,0.0064232815704650115
342,MAE difference (pp),Seasonal median minus Zero growth,-0.08824163354184522
343,Precision difference (pp),Ridge minus Size-only Ridge,3.3541836637885543
343,Precision difference (pp),MLP minus Ridge,-0.5289288023537064
343,MAE difference (pp),MLP minus Zero growth,0.021095560319750906
343,MAE difference (pp),MLP minus Ridge,-0.019975661819898072
343,MAE difference (pp),Seasonal median minus Zero growth,-0.10358466997158944
344,Precision difference (pp),Ridge minus Size-only Ridge,3.8322764006850307
344,Precision difference (pp),MLP minus Ridge,-0.29552780418448665
344,MAE difference (pp),MLP minus Zero growth,0.03131692404554576
344,MAE difference (pp),MLP minus Ridge,-0.000225491680147627
344,MAE difference (pp),Seasonal median minus Zero growth,-0.10253682872045378
345,Precision difference (pp),Ridge minus Size-only Ridge,4.354126730860786
345,Precision difference (pp),MLP minus Ridge,-0.17181686100260218
345,MAE difference (pp),MLP minus Zero growth,0.031896116823434184
345,MAE difference (pp),MLP minus Ridge,-0.017488435001398628
345,MAE difference (pp),Seasonal median minus Zero growth,-0.0966205107552165
346,Precision difference (pp),Ridge minus Size-only Ridge,2.875039818712613
346,Precision difference (pp),MLP minus Ridge,0.2631101120898288
346,MAE difference (pp),MLP minus Zero growth,0.03014683534054452
346,MAE difference (pp),MLP minus Ridge,-0.007373939592600465
346,MAE difference (pp),Seasonal median minus Zero growth,-0.10417634985184909
347,Precision difference (pp),Ridge minus Size-only Ridge,2.863477275144394
347,Precision difference (pp),MLP minus Ridge,1.1629100640602186
347,MAE difference (pp),MLP minus Zero growth,0.050648355599588246
347,MAE difference (pp),MLP minus Ridge,0.0061033376881241
347,MAE difference (pp),Seasonal median minus Zero growth,-0.10180604028411411
348,Precision difference (pp),Ridge minus Size-only Ridge,2.9393042578986535
348,Precision difference (pp),MLP minus Ridge,-2.2521427862358276
348,MAE difference (pp),MLP minus Zero growth,0.015368201007242899
348,MAE difference (pp),MLP minus Ridge,-0.011182191962196164
348,MAE difference (pp),Seasonal median minus Zero growth,-0.11194049855373
349,Precision difference (pp),Ridge minus Size-only Ridge,2.128112248616154
349,Precision difference (pp),MLP minus Ridge,-2.1654544684122397
349,MAE difference (pp),MLP minus Zero growth,0.025843230299796627
349,MAE difference (pp),MLP minus Ridge,-0.004046680789386858
349,MAE difference (pp),Seasonal median minus Zero growth,-0.10369445722349413
350,Precision difference (pp),Ridge minus Size-only Ridge,3.3377885904424502
350,Precision difference (pp),MLP minus Ridge,1.3348022882660349
350,MAE difference (pp),MLP minus Zero growth,-0.009473989798292504
350,MAE difference (pp),MLP minus Ridge,-0.0329959780290312
350,MAE difference (pp),Seasonal median minus Zero growth,-0.10321100664891958
351,Precision difference (pp),Ridge minus Size-only Ridge,2.8637404443856096
351,Precision difference (pp),MLP minus Ridge,0.41590113409955
351,MAE difference (pp),MLP minus Zero growth,0.03861333731069516
351,MAE difference (pp),MLP minus Ridge,-0.004255133641322573
351,MAE difference (pp),Seasonal median minus Zero growth,-0.09535852529971311
352,Precision difference (pp),Ridge minus Size-only Ridge,2.9012213935740663
352,Precision difference (pp),MLP minus Ridge,0.12375158242803608
352,MAE difference (pp),MLP minus Zero growth,0.018742919149020487
352,MAE difference (pp),MLP minus Ridge,-0.003790990152658047
352,MAE difference (pp),Seasonal median minus Zero growth,-0.10392012025442021
353,Precision difference (pp),Ridge minus Size-only Ridge,2.1709820046402983
353,Precision difference (pp),MLP minus Ridge,-0.3961950931641367
353,MAE difference (pp),MLP minus Zero growth,0.03183504905852219
353,MAE difference (pp),MLP minus Ridge,-0.02562088402528584
353,MAE difference (pp),Seasonal median minus Zero growth,-0.09021534474040527
354,Precision difference (pp),Ridge minus Size-only Ridge,1.8787063865398912
354,Precision difference (pp),MLP minus Ridge,0.4649526798394449
354,MAE difference (pp),MLP minus Zero growth,0.02181835596565307
354,MAE difference (pp),MLP minus Ridge,-0.03325378981674687
354,MAE difference (pp),Seasonal median minus Zero growth,-0.10303908970967646
355,Precision difference (pp),Ridge minus Size-only Ridge,1.7932142991420708
355,Precision difference (pp),MLP minus Ridge,-0.6632606335613328
355,MAE difference (pp),MLP minus Zero growth,-0.036480617642391966
355,MAE difference (pp),MLP minus Ridge,-0.057581508605957676
355,MAE difference (pp),Seasonal median minus Zero growth,-0.11003778063902425
356,Precision difference (pp),Ridge minus Size-only Ridge,3.945011555694494
356,Precision difference (pp),MLP minus Ridge,-0.5790767850730572
356,MAE difference (pp),MLP minus Zero growth,0.06309559158070277
356,MAE difference (pp),MLP minus Ridge,-0.005729240349841902
356,MAE difference (pp),Seasonal median minus Zero growth,-0.0843664389052603
357,Precision difference (pp),Ridge minus Size-only Ridge,2.1437833172596537
357,Precision difference (pp),MLP minus Ridge,0.9021581281154462
357,MAE difference (pp),MLP minus Zero growth,0.036485285947633894
357,MAE difference (pp),MLP minus Ridge,2.535868688813281e-05
357,MAE difference (pp),Seasonal median minus Zero growth,-0.10517366863504574
358,Precision difference (pp),Ridge minus Size-only Ridge,5.4129671192945095
358,Precision difference (pp),MLP minus Ridge,1.7897402591568996
358,MAE difference (pp),MLP minus Zero growth,0.008077290967304585
358,MAE difference (pp),MLP minus Ridge,-0.03143809674608633
358,MAE difference (pp),Seasonal median minus Zero growth,-0.09987303730981134
359,Precision difference (pp),Ridge minus Size-only Ridge,5.720378972939769
359,Precision difference (pp),MLP minus Ridge,0.13360924240805871
359,MAE difference (pp),MLP minus Zero growth,0.030537236332353945
359,MAE difference (pp),MLP minus Ridge,-0.025033261510405858
359,MAE difference (pp),Seasonal median minus Zero growth,-0.08680088747109815
360,Precision difference (pp),Ridge minus Size-only Ridge,2.8267786009918137
360,Precision difference (pp),MLP minus Ridge,0.8682150695541402
360,MAE difference (pp),MLP minus Zero growth,0.0657086551695989
360,MAE difference (pp),MLP minus Ridge,-0.0014893361029848506
360,MAE difference (pp),Seasonal median minus Zero growth,-0.09479643815246996
361,Precision difference (pp),Ridge minus Size-only Ridge,3.7962119004911172
361,Precision difference (pp),MLP minus Ridge,-0.2174023630587274
361,MAE difference (pp),MLP minus Zero growth,-0.009637194181693065
361,MAE difference (pp),MLP minus Ridge,-0.04945009381232479
361,MAE difference (pp),Seasonal median minus Zero growth,-0.10682578819732846
362,Precision difference (pp),Ridge minus Size-only Ridge,2.442383535770967
362,Precision difference (pp),MLP minus Ridge,-0.7013563664959477
362,MAE difference (pp),MLP minus Zero growth,0.0396267428993311
362,MAE difference (pp),MLP minus Ridge,-0.0065590234940859915
362,MAE difference (pp),Seasonal median minus Zero growth,-0.1044844316350062
363,Precision difference (pp),Ridge minus Size-only Ridge,3.185257149970866
363,Precision difference (pp),MLP minus Ridge,-1.3453848267306863
363,MAE difference (pp),MLP minus Zero growth,0.05951804894691204
363,MAE difference (pp),MLP minus Ridge,-0.00363581560492765
363,MAE difference (pp),Seasonal median minus Zero growth,-0.09877176525559683
364,Precision difference (pp),Ridge minus Size-only Ridge,2.4812166443112487
364,Precision difference (pp),MLP minus Ridge,0.33052655862885194
364,MAE difference (pp),MLP minus Zero growth,0.0036352413210849477
364,MAE difference (pp),MLP minus Ridge,-0.02842535743578356
364,MAE difference (pp),Seasonal median minus Zero growth,-0.10393699245364729
365,Precision difference (pp),Ridge minus Size-only Ridge,2.8760380479956216
365,Precision difference (pp),MLP minus Ridge,-0.42507923161868577
365,MAE difference (pp),MLP minus Zero growth,0.0508773308717414
365,MAE difference (pp),MLP minus Ridge,0.010319136158705167
365,MAE difference (pp),Seasonal median minus Zero growth,-0.10488240963456663
366,Precision difference (pp),Ridge minus Size-only Ridge,5.963310850713707
366,Precision difference (pp),MLP minus Ridge,-0.44040407575918483
366,MAE difference (pp),MLP minus Zero growth,0.038943510534267034
366,MAE difference (pp),MLP minus Ridge,-0.009070845161028629
366,MAE difference (pp),Seasonal median minus Zero growth,-0.0949022565004709
367,Precision difference (pp),Ridge minus Size-only Ridge,3.846939653490014
367,Precision difference (pp),MLP minus Ridge,-2.498110857787081
367,MAE difference (pp),MLP minus Zero growth,0.019586191072433756
367,MAE difference (pp),MLP minus Ridge,-0.01683839232446127
367,MAE difference (pp),Seasonal median minus Zero growth,-0.0966911166626998
368,Precision difference (pp),Ridge minus Size-only Ridge,1.9131960997414987
368,Precision difference (pp),MLP minus Ridge,1.11198641578667
368,MAE difference (pp),MLP minus Zero growth,0.012461381408228611
368,MAE difference (pp),MLP minus Ridge,-0.02770467634597651
368,MAE difference (pp),Seasonal median minus Zero growth,-0.10109974026115331
369,Precision difference (pp),Ridge minus Size-only Ridge,3.70414574554202
369,Precision difference (pp),MLP minus Ridge,-0.7040768313504975
369,MAE difference (pp),MLP minus Zero growth,0.04172466927717933
369,MAE difference (pp),MLP minus Ridge,-0.004362960323088583
369,MAE difference (pp),Seasonal median minus Zero growth,-0.10271263749067616
370,Precision difference (pp),Ridge minus Size-only Ridge,2.7027470961751288
370,Precision difference (pp),MLP minus Ridge,-0.7402276269845687
370,MAE difference (pp),MLP minus Zero growth,0.024459612445557166
370,MAE difference (pp),MLP minus Ridge,-0.005108788209514881
370,MAE difference (pp),Seasonal median minus Zero growth,-0.09893848668358762
371,Precision difference (pp),Ridge minus Size-only Ridge,2.428802246080855
371,Precision difference (pp),MLP minus Ridge,-0.38386603932449026
371,MAE difference (pp),MLP minus Zero growth,0.04101798257152556
371,MAE difference (pp),MLP minus Ridge,-0.001839286485835867
371,MAE difference (pp),Seasonal median minus Zero growth,-0.09852619758388403
372,Precision difference (pp),Ridge minus Size-only Ridge,2.187564894559571
372,Precision difference (pp),MLP minus Ridge,0.6857089607553407
372,MAE difference (pp),MLP minus Zero growth,0.04841362717351405
372,MAE difference (pp),MLP minus Ridge,0.0001448827428203181
372,MAE difference (pp),Seasonal median minus Zero growth,-0.10927110452703781
373,Precision difference (pp),Ridge minus Size-only Ridge,2.6423744351603604
373,Precision difference (pp),MLP minus Ridge,0.4972661897485048
373,MAE difference (pp),MLP minus Zero growth,0.05262596169779421
373,MAE difference (pp),MLP minus Ridge,-0.019420052246565067
373,MAE difference (pp),Seasonal median minus Zero growth,-0.09176980618476893
374,Precision difference (pp),Ridge minus Size-only Ridge,2.5954335616427904
374,Precision difference (pp),MLP minus Ridge,1.1579144234221073
374,MAE difference (pp),MLP minus Zero growth,0.023883355214486368
374,MAE difference (pp),MLP minus Ridge,-0.03187426852760478
374,MAE difference (pp),Seasonal median minus Zero growth,-0.0963140761827912
375,Precision difference (pp),Ridge minus Size-only Ridge,1.498128250431363
375,Precision difference (pp),MLP minus Ridge,0.7819456227435573
375,MAE difference (pp),MLP minus Zero growth,0.032946801897006495
375,MAE difference (pp),MLP minus Ridge,-0.0035628189728433846
375,MAE difference (pp),Seasonal median minus Zero growth,-0.09816770276286135
376,Precision difference (pp),Ridge minus Size-only Ridge,1.0876723174019554
376,Precision difference (pp),MLP minus Ridge,1.0148822975202754
376,MAE difference (pp),MLP minus Zero growth,0.06233918147194206
376,MAE difference (pp),MLP minus Ridge,-0.0034018654798564363
376,MAE difference (pp),Seasonal median minus Zero growth,-0.09394911359906999
377,Precision difference (pp),Ridge minus Size-only Ridge,2.582020265265586
377,Precision difference (pp),MLP minus Ridge,-1.0637918674788054
377,MAE difference (pp),MLP minus Zero growth,0.03364730498532742
377,MAE difference (pp),MLP minus Ridge,0.013974309481618263
377,MAE difference (pp),Seasonal median minus Zero growth,-0.11111545433592385
378,Precision difference (pp),Ridge minus Size-only Ridge,2.784619376542838
378,Precision difference (pp),MLP minus Ridge,-0.33149983436936425
378,MAE difference (pp),MLP minus Zero growth,0.01732045061152787
378,MAE difference (pp),MLP minus Ridge,-0.024463662759699023
378,MAE difference (pp),Seasonal median minus Zero growth,-0.0998347087239333
379,Precision difference (pp),Ridge minus Size-only Ridge,3.572899740590274
379,Precision difference (pp),MLP minus Ridge,1.0542493217699844
379,MAE difference (pp),MLP minus Zero growth,-0.019577034574243868
379,MAE difference (pp),MLP minus Ridge,-0.026944156126242902
379,MAE difference (pp),Seasonal median minus Zero growth,-0.11394259878903368
380,Precision difference (pp),Ridge minus Size-only Ridge,3.248073719827538
380,Precision difference (pp),MLP minus Ridge,-3.0788536200794416
380,MAE difference (pp),MLP minus Zero growth,0.036742777881608735
380,MAE difference (pp),MLP minus Ridge,-0.013034950584839944
380,MAE difference (pp),Seasonal median minus Zero growth,-0.10274740097293522
381,Precision difference (pp),Ridge minus Size-only Ridge,0.9381494821047082
381,Precision difference (pp),MLP minus Ridge,0.31040703015406956
381,MAE difference (pp),MLP minus Zero growth,0.04223234144814514
381,MAE difference (pp),MLP minus Ridge,-0.0042185161365670965
381,MAE difference (pp),Seasonal median minus Zero growth,-0.10477126233392697
382,Precision difference (pp),Ridge minus Size-only Ridge,3.5772428764864665
382,Precision difference (pp),MLP minus Ridge,0.31195903319524154
382,MAE difference (pp),MLP minus Zero growth,0.03749936758223482
382,MAE difference (pp),MLP minus Ridge,-0.018105351419306803
382,MAE difference (pp),Seasonal median minus Zero growth,-0.08591239476366086
383,Precision difference (pp),Ridge minus Size-only Ridge,1.3480067656564565
383,Precision difference (pp),MLP minus Ridge,2.6034740073014984
383,MAE difference (pp),MLP minus Zero growth,-0.007327176808078928
383,MAE difference (pp),MLP minus Ridge,-0.03396153505571542
383,MAE difference (pp),Seasonal median minus Zero growth,-0.10848066225510378
384,Precision difference (pp),Ridge minus Size-only Ridge,3.5756708158204864
384,Precision difference (pp),MLP minus Ridge,1.5374106327255554
384,MAE difference (pp),MLP minus Zero growth,-0.011338827563692089
384,MAE difference (pp),MLP minus Ridge,-0.030507940829424207
384,MAE difference (pp),Seasonal median minus Zero growth,-0.10603103446951101
385,Precision difference (pp),Ridge minus Size-only Ridge,1.9370563482936838
385,Precision difference (pp),MLP minus Ridge,0.5537694535985044
385,MAE difference (pp),MLP minus Zero growth,0.0204901607326895
385,MAE difference (pp),MLP minus Ridge,-0.020463654016479538
385,MAE difference (pp),Seasonal median minus Zero growth,-0.09919996895717098
386,Precision difference (pp),Ridge minus Size-only Ridge,1.5827920086231906
386,Precision difference (pp),MLP minus Ridge,-0.22540886355287004
386,MAE difference (pp),MLP minus Zero growth,0.019525896418192357
386,MAE difference (pp),MLP minus Ridge,-0.03010076338983625
386,MAE difference (pp),Seasonal median minus Zero growth,-0.09425954327590524
387,Precision difference (pp),Ridge minus Size-only Ridge,3.680326330174996
387,Precision difference (pp),MLP minus Ridge,4.089931229323144
387,MAE difference (pp),MLP minus Zero growth,-0.003995388057401961
387,MAE difference (pp),MLP minus Ridge,-0.03997238101640033
387,MAE difference (pp),Seasonal median minus Zero growth,-0.10080523068296188
388,Precision difference (pp),Ridge minus Size-only Ridge,0.12147554695398632
388,Precision difference (pp),MLP minus Ridge,0.4541441419240261
388,MAE difference (pp),MLP minus Zero growth,0.041850930361922334
388,MAE difference (pp),MLP minus Ridge,-0.00460814749524463
388,MAE difference (pp),Seasonal median minus Zero growth,-0.0942024435243849
389,Precision difference (pp),Ridge minus Size-only Ridge,0.8508810032680364
389,Precision difference (pp),MLP minus Ridge,-0.5798909773511635
389,MAE difference (pp),MLP minus Zero growth,0.02446238886419394
389,MAE difference (pp),MLP minus Ridge,-0.017515371443742822
389,MAE difference (pp),Seasonal median minus Zero growth,-0.1010831723393415
390,Precision difference (pp),Ridge minus Size-only Ridge,5.269099060710966
390,Precision difference (pp),MLP minus Ridge,-0.4500414827248167
390,MAE difference (pp),MLP minus Zero growth,0.013548850995374728
390,MAE difference (pp),MLP minus Ridge,-0.013645960592449491
390,MAE difference (pp),Seasonal median minus Zero growth,-0.09791573580121016
391,Precision difference (pp),Ridge minus Size-only Ridge,3.3930323449761213
391,Precision difference (pp),MLP minus Ridge,-1.1147632582149458
391,MAE difference (pp),MLP minus Zero growth,0.03837280741954707
391,MAE difference (pp),MLP minus Ridge,0.0010949774625581554
391,MAE difference (pp),Seasonal median minus Zero growth,-0.10609513345559352
392,Precision difference (pp),Ridge minus Size-only Ridge,5.179239570679633
392,Precision difference (pp),MLP minus Ridge,0.567001321608257
392,MAE difference (pp),MLP minus Zero growth,0.06030683752854493
392,MAE difference (pp),MLP minus Ridge,-0.009379913082472324
392,MAE difference (pp),Seasonal median minus Zero growth,-0.09026290713195584
393,Precision difference (pp),Ridge minus Size-only Ridge,4.9611256449076295
393,Precision difference (pp),MLP minus Ridge,-0.7081827503121418
393,MAE difference (pp),MLP minus Zero growth,0.06260345004958312
393,MAE difference (pp),MLP minus Ridge,-0.0028971451954622474
393,MAE difference (pp),Seasonal median minus Zero growth,-0.09197240178033272
394,Precision difference (pp),Ridge minus Size-only Ridge,1.7304197911338663
394,Precision difference (pp),MLP minus Ridge,-0.35519300093390105
394,MAE difference (pp),MLP minus Zero growth,0.030817426794444547
394,MAE difference (pp),MLP minus Ridge,-0.03104049334375425
394,MAE difference (pp),Seasonal median minus Zero growth,-0.08911481450164871
395,Precision difference (pp),Ridge minus Size-only Ridge,2.934832552537653
395,Precision difference (pp),MLP minus Ridge,0.32794451026304516
395,MAE difference (pp),MLP minus Zero growth,-0.01343270738249469
395,MAE difference (pp),MLP minus Ridge,-0.03550303106827668
395,MAE difference (pp),Seasonal median minus Zero growth,-0.10966729677875309
396,Precision difference (pp),Ridge minus Size-only Ridge,3.369566757587186
396,Precision difference (pp),MLP minus Ridge,-1.405830561871313
396,MAE difference (pp),MLP minus Zero growth,0.025964731713465028
396,MAE difference (pp),MLP minus Ridge,0.00026678447079486745
396,MAE difference (pp),Seasonal median minus Zero growth,-0.101335239605719
397,Precision difference (pp),Ridge minus Size-only Ridge,3.5123886069248518
397,Precision difference (pp),MLP minus Ridge,-1.0760479747395246
397,MAE difference (pp),MLP minus Zero growth,0.06010941823629379
397,MAE difference (pp),MLP minus Ridge,0.020098430345612428
397,MAE difference (pp),Seasonal median minus Zero growth,-0.11004478293141595
398,Precision difference (pp),Ridge minus Size-only Ridge,1.9458340047130847
398,Precision difference (pp),MLP minus Ridge,1.5535062393342818
398,MAE difference (pp),MLP minus Zero growth,0.019473916352869658
398,MAE difference (pp),MLP minus Ridge,-0.022022361490943165
398,MAE difference (pp),Seasonal median minus Zero growth,-0.09701158796241538
399,Precision difference (pp),Ridge minus Size-only Ridge,2.2700451154088697
399,Precision difference (pp),MLP minus Ridge,0.5108620391367946
399,MAE difference (pp),MLP minus Zero growth,0.017123009034711423
399,MAE difference (pp),MLP minus Ridge,-0.026085409785105096
399,MAE difference (pp),Seasonal median minus Zero growth,-0.10274288872084103
400,Precision difference (pp),Ridge minus Size-only Ridge,3.6940489007488306
400,Precision difference (pp),MLP minus Ridge,-0.516999672229923
400,MAE difference (pp),MLP minus Zero growth,0.0004992876188216755
400,MAE difference (pp),MLP minus Ridge,-0.037350017068332964
400,MAE difference (pp),Seasonal median minus Zero growth,-0.09549473385140805
401,Precision difference (pp),Ridge minus Size-only Ridge,3.3670160950678403
401,Precision difference (pp),MLP minus Ridge,0.8243878741090865
401,MAE difference (pp),MLP minus Zero growth,0.03278771393531166
401,MAE difference (pp),MLP minus Ridge,-0.010930626354310302
401,MAE difference (pp),Seasonal median minus Zero growth,-0.09885572782972174
402,Precision difference (pp),Ridge minus Size-only Ridge,1.759986950748091
402,Precision difference (pp),MLP minus Ridge,1.2813922478903894
402,MAE difference (pp),MLP minus Zero growth,0.041030927085720315
402,MAE difference (pp),MLP minus Ridge,7.940148147644877e-05
402,MAE difference (pp),Seasonal median minus Zero growth,-0.09585079829241439
403,Precision difference (pp),Ridge minus Size-only Ridge,4.408059191070601
403,Precision difference (pp),MLP minus Ridge,-1.143006878930322
403,MAE difference (pp),MLP minus Zero growth,0.012552290544100675
403,MAE difference (pp),MLP minus Ridge,-0.01063482465333676
403,MAE difference (pp),Seasonal median minus Zero growth,-0.11371961268797248
404,Precision difference (pp),Ridge minus Size-only Ridge,4.8920590586344765
404,Precision difference (pp),MLP minus Ridge,-1.965697612854858
404,MAE difference (pp),MLP minus Zero growth,0.018393293889124696
404,MAE difference (pp),MLP minus Ridge,-0.002656961711493988
404,MAE difference (pp),Seasonal median minus Zero growth,-0.11027967108271763
405,Precision difference (pp),Ridge minus Size-only Ridge,4.149096710779821
405,Precision difference (pp),MLP minus Ridge,-1.1587598500741674
405,MAE difference (pp),MLP minus Zero growth,0.02397310542229647
405,MAE difference (pp),MLP minus Ridge,-0.0007218148137102531
405,MAE difference (pp),Seasonal median minus Zero growth,-0.10809020988965568
406,Precision difference (pp),Ridge minus Size-only Ridge,4.0430222070901936
406,Precision difference (pp),MLP minus Ridge,-2.2296065361751216
406,MAE difference (pp),MLP minus Zero growth,0.009513190211358324
406,MAE difference (pp),MLP minus Ridge,-0.03734145383069931
406,MAE difference (pp),Seasonal median minus Zero growth,-0.09116893421178496
407,Precision difference (pp),Ridge minus Size-only Ridge,3.347465752955847
407,Precision difference (pp),MLP minus Ridge,-0.7024953215843455
407,MAE difference (pp),MLP minus Zero growth,0.05856333387678214
407,MAE difference (pp),MLP minus Ridge,0.0138719541976422
407,MAE difference (pp),Seasonal median minus Zero growth,-0.09287102911964551
408,Precision difference (pp),Ridge minus Size-only Ridge,1.285412100725719
408,Precision difference (pp),MLP minus Ridge,-1.0646563159282252
408,MAE difference (pp),MLP minus Zero growth,0.007283948345105706
408,MAE difference (pp),MLP minus Ridge,-0.017268510110227453
408,MAE difference (pp),Seasonal median minus Zero growth,-0.10847518668755063
409,Precision difference (pp),Ridge minus Size-only Ridge,1.7369596439431008
409,Precision difference (pp),MLP minus Ridge,0.9580751984667957
409,MAE difference (pp),MLP minus Zero growth,0.0019263929902706423
409,MAE difference (pp),MLP minus Ridge,-0.02271900403405347
409,MAE difference (pp),Seasonal median minus Zero growth,-0.10771007283281442
410,Precision difference (pp),Ridge minus Size-only Ridge,3.9292100556267027
410,Precision difference (pp),MLP minus Ridge,1.0760438286883944
410,MAE difference (pp),MLP minus Zero growth,0.01974507683444271
410,MAE difference (pp),MLP minus Ridge,-0.022343825235529913
410,MAE difference (pp),Seasonal median minus Zero growth,-0.09391482300428589
411,Precision difference (pp),Ridge minus Size-only Ridge,3.572153736025113
411,Precision difference (pp),MLP minus Ridge,1.60168741076534
411,MAE difference (pp),MLP minus Zero growth,0.014941782178325536
411,MAE difference (pp),MLP minus Ridge,-0.02041244789932506
411,MAE difference (pp),Seasonal median minus Zero growth,-0.09868039542058105
412,Precision difference (pp),Ridge minus Size-only Ridge,2.8847470445126424
412,Precision difference (pp),MLP minus Ridge,-2.1828723078512358
412,MAE difference (pp),MLP minus Zero growth,0.052669244532363546
412,MAE difference (pp),MLP minus Ridge,0.014478103056882574
412,MAE difference (pp),Seasonal median minus Zero growth,-0.1063507834545998
413,Precision difference (pp),Ridge minus Size-only Ridge,2.583309346363749
413,Precision difference (pp),MLP minus Ridge,-1.3727524906289645
413,MAE difference (pp),MLP minus Zero growth,0.023686148796446815
413,MAE difference (pp),MLP minus Ridge,-0.007446630480698602
413,MAE difference (pp),Seasonal median minus Zero growth,-0.10057460940945884
414,Precision difference (pp),Ridge minus Size-only Ridge,2.707464007351004
414,Precision difference (pp),MLP minus Ridge,0.8822060330109432
414,MAE difference (pp),MLP minus Zero growth,0.06545009505591226
414,MAE difference (pp),MLP minus Ridge,0.003890278067123276
414,MAE difference (pp),Seasonal median minus Zero growth,-0.09162147438081192
415,Precision difference (pp),Ridge minus Size-only Ridge,0.6830187526051107
415,Precision difference (pp),MLP minus Ridge,1.8472996341261179
415,MAE difference (pp),MLP minus Zero growth,0.03967900242046074
415,MAE difference (pp),MLP minus Ridge,-0.012277959342124056
415,MAE difference (pp),Seasonal median minus Zero growth,-0.09785996249139739
416,Precision difference (pp),Ridge minus Size-only Ridge,4.282097543828373
416,Precision difference (pp),MLP minus Ridge,-1.6889138872424074
416,MAE difference (pp),MLP minus Zero growth,0.036376809284109246
416,MAE difference (pp),MLP minus Ridge,-0.012527973314681251
416,MAE difference (pp),Seasonal median minus Zero growth,-0.08834742154317121
417,Precision difference (pp),Ridge minus Size-only Ridge,3.8840247746017464
417,Precision difference (pp),MLP minus Ridge,-1.850403914521623
417,MAE difference (pp),MLP minus Zero growth,0.00664328256498159
417,MAE difference (pp),MLP minus Ridge,-0.04395570708841667
417,MAE difference (pp),Seasonal median minus Zero growth,-0.09284995054763545
418,Precision difference (pp),Ridge minus Size-only Ridge,2.4422905313985805
418,Precision difference (pp),MLP minus Ridge,0.7424599964947737
418,MAE difference (pp),MLP minus Zero growth,0.005254253268906606
418,MAE difference (pp),MLP minus Ridge,-0.015541685599878008
418,MAE difference (pp),Seasonal median minus Zero growth,-0.1045163220518579
419,Precision difference (pp),Ridge minus Size-only Ridge,2.20744350915571
419,Precision difference (pp),MLP minus Ridge,-1.9053635162573357
419,MAE difference (pp),MLP minus Zero growth,-0.00619553567569886
419,MAE difference (pp),MLP minus Ridge,-0.042626514603964605
419,MAE difference (pp),Seasonal median minus Zero growth,-0.09716420390009306
420,Precision difference (pp),Ridge minus Size-only Ridge,2.6737412475039775
420,Precision difference (pp),MLP minus Ridge,0.18134341766919138
420,MAE difference (pp),MLP minus Zero growth,0.035123241707287534
420,MAE difference (pp),MLP minus Ridge,-0.007661024870738498
420,MAE difference (pp),Seasonal median minus Zero growth,-0.10769418694117938
421,Precision difference (pp),Ridge minus Size-only Ridge,2.6246687245846974
421,Precision difference (pp),MLP minus Ridge,-0.23928444400595772
421,MAE difference (pp),MLP minus Zero growth,0.04642462893229604
421,MAE difference (pp),MLP minus Ridge,0.016275627741216603
421,MAE difference (pp),Seasonal median minus Zero growth,-0.10877364853648741
422,Precision difference (pp),Ridge minus Size-only Ridge,4.435462979109717
422,Precision difference (pp),MLP minus Ridge,-0.57293019106677
422,MAE difference (pp),MLP minus Zero growth,0.03226634024043795
422,MAE difference (pp),MLP minus Ridge,-0.0023135341319742153
422,MAE difference (pp),Seasonal median minus Zero growth,-0.09990422000525356
423,Precision difference (pp),Ridge minus Size-only Ridge,4.213681626715774
423,Precision difference (pp),MLP minus Ridge,-0.006684614700636082
423,MAE difference (pp),MLP minus Zero growth,-0.02563137647805558
423,MAE difference (pp),MLP minus Ridge,-0.06061051720183874
423,MAE difference (pp),Seasonal median minus Zero growth,-0.09053084944826306
424,Precision difference (pp),Ridge minus Size-only Ridge,0.7652209255982839
424,Precision difference (pp),MLP minus Ridge,-0.030988176121107824
424,MAE difference (pp),MLP minus Zero growth,0.03134151447030842
424,MAE difference (pp),MLP minus Ridge,-0.017898517185267693
424,MAE difference (pp),Seasonal median minus Zero growth,-0.09474532424198667
425,Precision difference (pp),Ridge minus Size-only Ridge,3.82915749174329
425,Precision difference (pp),MLP minus Ridge,2.330749990492098
425,MAE difference (pp),MLP minus Zero growth,0.00038798935978423543
425,MAE difference (pp),MLP minus Ridge,-0.04087116103013777
425,MAE difference (pp),Seasonal median minus Zero growth,-0.10157422204864597
426,Precision difference (pp),Ridge minus Size-only Ridge,1.8167248018185755
426,Precision difference (pp),MLP minus Ridge,-0.891580787684465
426,MAE difference (pp),MLP minus Zero growth,0.028959241131790048
426,MAE difference (pp),MLP minus Ridge,-0.013978283485874599
426,MAE difference (pp),Seasonal median minus Zero growth,-0.10020338594041167
427,Precision difference (pp),Ridge minus Size-only Ridge,1.6155792953113757
427,Precision difference (pp),MLP minus Ridge,0.6461087880139493
427,MAE difference (pp),MLP minus Zero growth,0.026324203123714085
427,MAE difference (pp),MLP minus Ridge,-0.030198005813975914
427,MAE difference (pp),Seasonal median minus Zero growth,-0.08487331989804625
428,Precision difference (pp),Ridge minus Size-only Ridge,3.617503751267939
428,Precision difference (pp),MLP minus Ridge,-0.5984064405686662
428,MAE difference (pp),MLP minus Zero growth,0.029472294768252194
428,MAE difference (pp),MLP minus Ridge,-0.02302483026876434
428,MAE difference (pp),Seasonal median minus Zero growth,-0.088050061737178
429,Precision difference (pp),Ridge minus Size-only Ridge,2.7983955168559254
429,Precision difference (pp),MLP minus Ridge,-0.7104782922221081
429,MAE difference (pp),MLP minus Zero growth,0.03218351148559462
429,MAE difference (pp),MLP minus Ridge,-0.015240502407245948
429,MAE difference (pp),Seasonal median minus Zero growth,-0.09063833924868892
430,Precision difference (pp),Ridge minus Size-only Ridge,4.028003022046206
430,Precision difference (pp),MLP minus Ridge,-1.3906274884535719
430,MAE difference (pp),MLP minus Zero growth,0.03923392943406245
430,MAE difference (pp),MLP minus Ridge,-0.015119127988034275
430,MAE difference (pp),Seasonal median minus Zero growth,-0.09416615840859333
431,Precision difference (pp),Ridge minus Size-only Ridge,4.37150324309436
431,Precision difference (pp),MLP minus Ridge,1.381012508142071
431,MAE difference (pp),MLP minus Zero growth,0.03274386517039085
431,MAE difference (pp),MLP minus Ridge,-0.013138599504564308
431,MAE difference (pp),Seasonal median minus Zero growth,-0.09883575695334912
432,Precision difference (pp),Ridge minus Size-only Ridge,2.9609002125305595
432,Precision difference (pp),MLP minus Ridge,-1.1928508897148054
432,MAE difference (pp),MLP minus Zero growth,0.03367853983367164
432,MAE difference (pp),MLP minus Ridge,-0.012954195962827875
432,MAE difference (pp),Seasonal median minus Zero growth,-0.1042181669727067
433,Precision difference (pp),Ridge minus Size-only Ridge,2.634490695227329
433,Precision difference (pp),MLP minus Ridge,-0.20383775795395076
433,MAE difference (pp),MLP minus Zero growth,0.050387396888065705
433,MAE difference (pp),MLP minus Ridge,-0.008803486057180177
433,MAE difference (pp),Seasonal median minus Zero growth,-0.0963574951636268
434,Precision difference (pp),Ridge minus Size-only Ridge,3.042166838835725
434,Precision difference (pp),MLP minus Ridge,-0.8377064298337011
434,MAE difference (pp),MLP minus Zero growth,0.007948340438399981
434,MAE difference (pp),MLP minus Ridge,-0.031963914628418966
434,MAE difference (pp),Seasonal median minus Zero growth,-0.1099786604396753
435,Precision difference (pp),Ridge minus Size-only Ridge,6.152110384929229
435,Precision difference (pp),MLP minus Ridge,-1.0131526750725928
435,MAE difference (pp),MLP minus Zero growth,0.013515218442109234
435,MAE difference (pp),MLP minus Ridge,-0.004069794706051066
435,MAE difference (pp),Seasonal median minus Zero growth,-0.10796372533575482
436,Precision difference (pp),Ridge minus Size-only Ridge,3.13482787192432
436,Precision difference (pp),MLP minus Ridge,-1.0269837698177215
436,MAE difference (pp),MLP minus Zero growth,0.02802812581879932
436,MAE difference (pp),MLP minus Ridge,-0.007810371542078087
436,MAE difference (pp),Seasonal median minus Zero growth,-0.10225492426058436
437,Precision difference (pp),Ridge minus Size-only Ridge,3.2271709137353333
437,Precision difference (pp),MLP minus Ridge,-0.7425583784621714
437,MAE difference (pp),MLP minus Zero growth,0.02979580104454227
437,MAE difference (pp),MLP minus Ridge,-0.00018678864687471375
437,MAE difference (pp),Seasonal median minus Zero growth,-0.10505877295999921
438,Precision difference (pp),Ridge minus Size-only Ridge,3.578572388314077
438,Precision difference (pp),MLP minus Ridge,-0.6285200174065836
438,MAE difference (pp),MLP minus Zero growth,-0.006547678221791919
438,MAE difference (pp),MLP minus Ridge,-0.037850811300600196
438,MAE difference (pp),Seasonal median minus Zero growth,-0.09369053601127497
439,Precision difference (pp),Ridge minus Size-only Ridge,4.783335693898227
439,Precision difference (pp),MLP minus Ridge,0.6875708471350966
439,MAE difference (pp),MLP minus Zero growth,0.02822373923570387
439,MAE difference (pp),MLP minus Ridge,-0.012225658015189822
439,MAE difference (pp),Seasonal median minus Zero growth,-0.10139701071131091
440,Precision difference (pp),Ridge minus Size-only Ridge,2.900859373516393
440,Precision difference (pp),MLP minus Ridge,1.272311688804864
440,MAE difference (pp),MLP minus Zero growth,0.02216446026575225
440,MAE difference (pp),MLP minus Ridge,-0.03146492662713296
440,MAE difference (pp),Seasonal median minus Zero growth,-0.09795138151636973
441,Precision difference (pp),Ridge minus Size-only Ridge,1.9514738935020066
441,Precision difference (pp),MLP minus Ridge,-0.24704555151507657
441,MAE difference (pp),MLP minus Zero growth,0.06593842812720085
441,MAE difference (pp),MLP minus Ridge,0.04684416240254308
441,MAE difference (pp),Seasonal median minus Zero growth,-0.11053687374936283
442,Precision difference (pp),Ridge minus Size-only Ridge,2.9101534559991675
442,Precision difference (pp),MLP minus Ridge,0.9024187029170266
442,MAE difference (pp),MLP minus Zero growth,0.033491339180569124
442,MAE difference (pp),MLP minus Ridge,-0.017207910593142195
442,MAE difference (pp),Seasonal median minus Zero growth,-0.10085353417532339
443,Precision difference (pp),Ridge minus Size-only Ridge,0.8970335223494247
443,Precision difference (pp),MLP minus Ridge,-2.5191065953403036
443,MAE difference (pp),MLP minus Zero growth,0.01944572716221682
443,MAE difference (pp),MLP minus Ridge,0.0006413014072843559
443,MAE difference (pp),Seasonal median minus Zero growth,-0.10457955942256536
444,Precision difference (pp),Ridge minus Size-only Ridge,1.253341056700319
444,Precision difference (pp),MLP minus Ridge,0.40234660920157594
444,MAE difference (pp),MLP minus Zero growth,0.031464696324101205
444,MAE difference (pp),MLP minus Ridge,0.0050662829764061
444,MAE difference (pp),Seasonal median minus Zero growth,-0.10027359681452186
445,Precision difference (pp),Ridge minus Size-only Ridge,5.200009834477598
445,Precision difference (pp),MLP minus Ridge,-0.1929059298109298
445,MAE difference (pp),MLP minus Zero growth,-0.015213905221699964
445,MAE difference (pp),MLP minus Ridge,-0.039886363703053984
445,MAE difference (pp),Seasonal median minus Zero growth,-0.10513052758132213
446,Precision difference (pp),Ridge minus Size-only Ridge,2.7228054076260304
446,Precision difference (pp),MLP minus Ridge,-0.7285271259861253
446,MAE difference (pp),MLP minus Zero growth,0.05211377457651656
446,MAE difference (pp),MLP minus Ridge,-0.016120624934607974
446,MAE difference (pp),Seasonal median minus Zero growth,-0.08652864504608582
447,Precision difference (pp),Ridge minus Size-only Ridge,2.299797890960506
447,Precision difference (pp),MLP minus Ridge,-0.6658155313920888
447,MAE difference (pp),MLP minus Zero growth,0.03933979904124962
447,MAE difference (pp),MLP minus Ridge,-0.01189712977757873
447,MAE difference (pp),Seasonal median minus Zero growth,-0.10172383420221243
448,Precision difference (pp),Ridge minus Size-only Ridge,3.160745019291661
448,Precision difference (pp),MLP minus Ridge,-0.3252010987265186
448,MAE difference (pp),MLP minus Zero growth,0.006283163757646815
448,MAE difference (pp),MLP minus Ridge,-0.03175365632674376
448,MAE difference (pp),Seasonal median minus Zero growth,-0.11255494426326207
449,Precision difference (pp),Ridge minus Size-only Ridge,1.165364832166596
449,Precision difference (pp),MLP minus Ridge,1.7528800481975555
449,MAE difference (pp),MLP minus Zero growth,0.02377182525856636
449,MAE difference (pp),MLP minus Ridge,-0.0213006654839063
449,MAE difference (pp),Seasonal median minus Zero growth,-0.10095976869247503
450,Precision difference (pp),Ridge minus Size-only Ridge,3.564451153505771
450,Precision difference (pp),MLP minus Ridge,1.2736159911078153
450,MAE difference (pp),MLP minus Zero growth,0.06978165109716006
450,MAE difference (pp),MLP minus Ridge,-0.002107475944364001
450,MAE difference (pp),Seasonal median minus Zero growth,-0.0847044988149972
451,Precision difference (pp),Ridge minus Size-only Ridge,2.892514751844155
451,Precision difference (pp),MLP minus Ridge,-0.9748763751622286
451,MAE difference (pp),MLP minus Zero growth,0.03799738455676227
451,MAE difference (pp),MLP minus Ridge,-0.021372044924049316
451,MAE difference (pp),Seasonal median minus Zero growth,-0.09296482270386974
452,Precision difference (pp),Ridge minus Size-only Ridge,2.747731118431007
452,Precision difference (pp),MLP minus Ridge,1.1448984934744888
452,MAE difference (pp),MLP minus Zero growth,0.039482417200562114
452,MAE difference (pp),MLP minus Ridge,-0.030429292835982835
452,MAE difference (pp),Seasonal median minus Zero growth,-0.09168935777653786
453,Precision difference (pp),Ridge minus Size-only Ridge,4.2859926062530835
453,Precision difference (pp),MLP minus Ridge,-1.4400022671204382
453,MAE difference (pp),MLP minus Zero growth,0.040117564602200506
453,MAE difference (pp),MLP minus Ridge,-0.008444847310127734
453,MAE difference (pp),Seasonal median minus Zero growth,-0.09283056172833293
454,Precision difference (pp),Ridge minus Size-only Ridge,3.66760232685851
454,Precision difference (pp),MLP minus Ridge,-0.022108606674448028
454,MAE difference (pp),MLP minus Zero growth,0.028013069921458023
454,MAE difference (pp),MLP minus Ridge,-0.027796173339208252
454,MAE difference (pp),Seasonal median minus Zero growth,-0.09735572075876853
455,Precision difference (pp),Ridge minus Size-only Ridge,4.746856705466071
455,Precision difference (pp),MLP minus Ridge,-1.1496178761807
455,MAE difference (pp),MLP minus Zero growth,0.021684553620795022
455,MAE difference (pp),MLP minus Ridge,-0.024657489966549484
455,MAE difference (pp),Seasonal median minus Zero growth,-0.10305363224637265
456,Precision difference (pp),Ridge minus Size-only Ridge,1.6417691072234315
456,Precision difference (pp),MLP minus Ridge,0.2544347246667855
456,MAE difference (pp),MLP minus Zero growth,-0.021500876557950743
456,MAE difference (pp),MLP minus Ridge,-0.04332081815637823
456,MAE difference (pp),Seasonal median minus Zero growth,-0.10986662950969128
457,Precision difference (pp),Ridge minus Size-only Ridge,4.024926955950289
457,Precision difference (pp),MLP minus Ridge,-1.9347544103032521
457,MAE difference (pp),MLP minus Zero growth,0.03575076080344264
457,MAE difference (pp),MLP minus Ridge,-0.0333808876303725
457,MAE difference (pp),Seasonal median minus Zero growth,-0.088062645879738
458,Precision difference (pp),Ridge minus Size-only Ridge,1.6698776821256116
458,Precision difference (pp),MLP minus Ridge,0.41434748373560815
458,MAE difference (pp),MLP minus Zero growth,0.04976783187346889
458,MAE difference (pp),MLP minus Ridge,-0.008399042466662898
458,MAE difference (pp),Seasonal median minus Zero growth,-0.09437064127042838
459,Precision difference (pp),Ridge minus Size-only Ridge,4.003351502080566
459,Precision difference (pp),MLP minus Ridge,-0.4115085191931822
459,MAE difference (pp),MLP minus Zero growth,0.005495831050152056
459,MAE difference (pp),MLP minus Ridge,-0.03279961150616151
459,MAE difference (pp),Seasonal median minus Zero growth,-0.09789982578040402
460,Precision difference (pp),Ridge minus Size-only Ridge,3.9242979696962195
460,Precision difference (pp),MLP minus Ridge,0.7449492537988212
460,MAE difference (pp),MLP minus Zero growth,0.019872086061480942
460,MAE difference (pp),MLP minus Ridge,-0.012737449915628307
460,MAE difference (pp),Seasonal median minus Zero growth,-0.10654201019671206
461,Precision difference (pp),Ridge minus Size-only Ridge,2.3303674196335473
461,Precision difference (pp),MLP minus Ridge,0.5858387197509501
461,MAE difference (pp),MLP minus Zero growth,0.051690353953909085
461,MAE difference (pp),MLP minus Ridge,0.018608351878257157
461,MAE difference (pp),Seasonal median minus Zero growth,-0.10557854178774306
462,Precision difference (pp),Ridge minus Size-only Ridge,4.338804406028532
462,Precision difference (pp),MLP minus Ridge,-1.7588887206305914
462,MAE difference (pp),MLP minus Zero growth,0.044652159605074626
462,MAE difference (pp),MLP minus Ridge,-0.014400536639282535
462,MAE difference (pp),Seasonal median minus Zero growth,-0.0938277738918396
463,Precision difference (pp),Ridge minus Size-only Ridge,3.4613749390009967
463,Precision difference (pp),MLP minus Ridge,-0.39464020996420324
463,MAE difference (pp),MLP minus Zero growth,0.04085425875921134
463,MAE difference (pp),MLP minus Ridge,-0.01774768746149702
463,MAE difference (pp),Seasonal median minus Zero growth,-0.0957905374035013
464,Precision difference (pp),Ridge minus Size-only Ridge,2.259577985603883
464,Precision difference (pp),MLP minus Ridge,-0.0045218302605676275
464,MAE difference (pp),MLP minus Zero growth,-0.025119678662734568
464,MAE difference (pp),MLP minus Ridge,-0.05231839544661243
464,MAE difference (pp),Seasonal median minus Zero growth,-0.10498926204832948
465,Precision difference (pp),Ridge minus Size-only Ridge,2.941327273438474
465,Precision difference (pp),MLP minus Ridge,1.5003837738477328
465,MAE difference (pp),MLP minus Zero growth,0.0319819367316887
465,MAE difference (pp),MLP minus Ridge,-0.02203970294925206
465,MAE difference (pp),Seasonal median minus Zero growth,-0.09731490352091932
466,Precision difference (pp),Ridge minus Size-only Ridge,1.960186653074039
466,Precision difference (pp),MLP minus Ridge,1.6338645162959549
466,MAE difference (pp),MLP minus Zero growth,0.03291361272783089
466,MAE difference (pp),MLP minus Ridge,-0.007220836290021904
466,MAE difference (pp),Seasonal median minus Zero growth,-0.09910386996926057
467,Precision difference (pp),Ridge minus Size-only Ridge,1.558313410726092
467,Precision difference (pp),MLP minus Ridge,-0.5748983679008751
467,MAE difference (pp),MLP minus Zero growth,0.05463661399917141
467,MAE difference (pp),MLP minus Ridge,0.013522827349429445
467,MAE difference (pp),Seasonal median minus Zero growth,-0.09542286407968703
468,Precision difference (pp),Ridge minus Size-only Ridge,3.2298045555747974
468,Precision difference (pp),MLP minus Ridge,-0.2173347332977249
468,MAE difference (pp),MLP minus Zero growth,0.021299416372138946
468,MAE difference (pp),MLP minus Ridge,-0.0019669791069172327
468,MAE difference (pp),Seasonal median minus Zero growth,-0.09413524902281001
469,Precision difference (pp),Ridge minus Size-only Ridge,4.487675955152303
469,Precision difference (pp),MLP minus Ridge,-1.1823357613005958
469,MAE difference (pp),MLP minus Zero growth,0.004835387823334258
469,MAE difference (pp),MLP minus Ridge,-0.03475357068931473
469,MAE difference (pp),Seasonal median minus Zero growth,-0.10372002022958826
470,Precision difference (pp),Ridge minus Size-only Ridge,3.0849685848951482
470,Precision difference (pp),MLP minus Ridge,-0.1080893553967982
470,MAE difference (pp),MLP minus Zero growth,0.012110772224077415
470,MAE difference (pp),MLP minus Ridge,-0.019074489671030648
470,MAE difference (pp),Seasonal median minus Zero growth,-0.10367668184754253
471,Precision difference (pp),Ridge minus Size-only Ridge,4.28985708149146
471,Precision difference (pp),MLP minus Ridge,0.38730015622083225
471,MAE difference (pp),MLP minus Zero growth,0.060173088904454275
471,MAE difference (pp),MLP minus Ridge,-0.004669837788246589
471,MAE difference (pp),Seasonal median minus Zero growth,-0.09314828186048052
472,Precision difference (pp),Ridge minus Size-only Ridge,4.3948462170024625
472,Precision difference (pp),MLP minus Ridge,0.5656438826230764
472,MAE difference (pp),MLP minus Zero growth,0.0871261354348487
472,MAE difference (pp),MLP minus Ridge,0.005291444009420054
472,MAE difference (pp),Seasonal median minus Zero growth,-0.08384993079410918
473,Precision difference (pp),Ridge minus Size-only Ridge,1.6101831066050258
473,Precision difference (pp),MLP minus Ridge,1.2957300233014113
473,MAE difference (pp),MLP minus Zero growth,0.013656113474887821
473,MAE difference (pp),MLP minus Ridge,-0.029015129840684217
473,MAE difference (pp),Seasonal median minus Zero growth,-0.0972009296070877
474,Precision difference (pp),Ridge minus Size-only Ridge,0.4644014562354415
474,Precision difference (pp),MLP minus Ridge,0.20753142421367776
474,MAE difference (pp),MLP minus Zero growth,0.04569424230612196
474,MAE difference (pp),MLP minus Ridge,-0.00796130890327662
474,MAE difference (pp),Seasonal median minus Zero growth,-0.09809466897904873
475,Precision difference (pp),Ridge minus Size-only Ridge,5.392972096605478
475,Precision difference (pp),MLP minus Ridge,-2.2215485552168484
475,MAE difference (pp),MLP minus Zero growth,0.03236740441638153
475,MAE difference (pp),MLP minus Ridge,-0.013000618992777824
475,MAE difference (pp),Seasonal median minus Zero growth,-0.10618256325209607
476,Precision difference (pp),Ridge minus Size-only Ridge,2.386821436367975
476,Precision difference (pp),MLP minus Ridge,0.4844655826109434
476,MAE difference (pp),MLP minus Zero growth,0.024620254536767305
476,MAE difference (pp),MLP minus Ridge,-0.011962321520939678
476,MAE difference (pp),Seasonal median minus Zero growth,-0.09950518681945253
477,Precision difference (pp),Ridge minus Size-only Ridge,4.35343422250678
477,Precision difference (pp),MLP minus Ridge,-0.266348000589095
477,MAE difference (pp),MLP minus Zero growth,0.010597176533545305
477,MAE difference (pp),MLP minus Ridge,-0.019644470960977323
477,MAE difference (pp),Seasonal median minus Zero growth,-0.1079137602540996
478,Precision difference (pp),Ridge minus Size-only Ridge,4.035192207949645
478,Precision difference (pp),MLP minus Ridge,-0.3337842371664457
478,MAE difference (pp),MLP minus Zero growth,0.02305847303242503
478,MAE difference (pp),MLP minus Ridge,-0.027685515751266543
478,MAE difference (pp),Seasonal median minus Zero growth,-0.1005080615080658
479,Precision difference (pp),Ridge minus Size-only Ridge,1.880489512413297
479,Precision difference (pp),MLP minus Ridge,0.4650906699147528
479,MAE difference (pp),MLP minus Zero growth,0.04396482258887646
479,MAE difference (pp),MLP minus Ridge,-0.0025242711225819114
479,MAE difference (pp),Seasonal median minus Zero growth,-0.1006188818513083
480,Precision difference (pp),Ridge minus Size-only Ridge,1.912707766507027
480,Precision difference (pp),MLP minus Ridge,-0.37591291292753404
480,MAE difference (pp),MLP minus Zero growth,0.024641463864290003
480,MAE difference (pp),MLP minus Ridge,0.001037062776425568
480,MAE difference (pp),Seasonal median minus Zero growth,-0.09976931409165202
481,Precision difference (pp),Ridge minus Size-only Ridge,3.4956539580759785
481,Precision difference (pp),MLP minus Ridge,0.47286205002506354
481,MAE difference (pp),MLP minus Zero growth,0.054681702115801034
481,MAE difference (pp),MLP minus Ridge,-0.006148339721416818
481,MAE difference (pp),Seasonal median minus Zero growth,-0.09844302982894026
482,Precision difference (pp),Ridge minus Size-only Ridge,3.0327161121219968
482,Precision difference (pp),MLP minus Ridge,-0.6034069935154984
482,MAE difference (pp),MLP minus Zero growth,0.05110225648779032
482,MAE difference (pp),MLP minus Ridge,-0.018117691922350687
482,MAE difference (pp),Seasonal median minus Zero growth,-0.09480318216409866
483,Precision difference (pp),Ridge minus Size-only Ridge,2.0819012735465825
483,Precision difference (pp),MLP minus Ridge,-0.13222653184001842
483,MAE difference (pp),MLP minus Zero growth,-0.007506349363416653
483,MAE difference (pp),MLP minus Ridge,-0.03359905289962528
483,MAE difference (pp),Seasonal median minus Zero growth,-0.11244071398038802
484,Precision difference (pp),Ridge minus Size-only Ridge,4.635150767630708
484,Precision difference (pp),MLP minus Ridge,-1.4653336688711105
484,MAE difference (pp),MLP minus Zero growth,-0.019850833229785536
484,MAE difference (pp),MLP minus Ridge,-0.037932780349202666
484,MAE difference (pp),Seasonal median minus Zero growth,-0.11611524890217906
485,Precision difference (pp),Ridge minus Size-only Ridge,2.210502925498936
485,Precision difference (pp),MLP minus Ridge,0.9748008709248829
485,MAE difference (pp),MLP minus Zero growth,0.03837682488411431
485,MAE difference (pp),MLP minus Ridge,-0.029541711354108546
485,MAE difference (pp),Seasonal median minus Zero growth,-0.08700346187798846
486,Precision difference (pp),Ridge minus Size-only Ridge,1.2280115754088077
486,Precision difference (pp),MLP minus Ridge,-1.772975582242184
486,MAE difference (pp),MLP minus Zero growth,0.028650909842084182
486,MAE difference (pp),MLP minus Ridge,-0.01193033151563938
486,MAE difference (pp),Seasonal median minus Zero growth,-0.11467382394677594
487,Precision difference (pp),Ridge minus Size-only Ridge,3.050029088471326
487,Precision difference (pp),MLP minus Ridge,1.6789896525462895
487,MAE difference (pp),MLP minus Zero growth,-0.016433318566690946
487,MAE difference (pp),MLP minus Ridge,-0.04246828985707918
487,MAE difference (pp),Seasonal median minus Zero growth,-0.10818174891644583
488,Precision difference (pp),Ridge minus Size-only Ridge,4.219674614259827
488,Precision difference (pp),MLP minus Ridge,-0.4018160627562495
488,MAE difference (pp),MLP minus Zero growth,0.020155588169444627
488,MAE difference (pp),MLP minus Ridge,-0.024432544731332495
488,MAE difference (pp),Seasonal median minus Zero growth,-0.10404242893985094
489,Precision difference (pp),Ridge minus Size-only Ridge,1.3350253833410126
489,Precision difference (pp),MLP minus Ridge,1.178068859771364
489,MAE difference (pp),MLP minus Zero growth,0.004586683187246532
489,MAE difference (pp),MLP minus Ridge,-0.02832853906995414
489,MAE difference (pp),Seasonal median minus Zero growth,-0.10263334871434138
490,Precision difference (pp),Ridge minus Size-only Ridge,2.666875609777186
490,Precision difference (pp),MLP minus Ridge,0.9612158457983716
490,MAE difference (pp),MLP minus Zero growth,0.02720594873539728
490,MAE difference (pp),MLP minus Ridge,-0.021589668798522865
490,MAE difference (pp),Seasonal median minus Zero growth,-0.10236769081262276
491,Precision difference (pp),Ridge minus Size-only Ridge,2.682473424865131
491,Precision difference (pp),MLP minus Ridge,-1.0023934550003637
491,MAE difference (pp),MLP minus Zero growth,0.008493349022476337
491,MAE difference (pp),MLP minus Ridge,-0.0006079127771019266
491,MAE difference (pp),Seasonal median minus Zero growth,-0.11153655645001992
492,Precision difference (pp),Ridge minus Size-only Ridge,0.27267676096041915
492,Precision difference (pp),MLP minus Ridge,2.062776250544446
492,MAE difference (pp),MLP minus Zero growth,0.022166302184214448
492,MAE difference (pp),MLP minus Ridge,-0.009065888894722818
492,MAE difference (pp),Seasonal median minus Zero growth,-0.10354566922768793
493,Precision difference (pp),Ridge minus Size-only Ridge,4.109224809017495
493,Precision difference (pp),MLP minus Ridge,-1.4859439298537835
493,MAE difference (pp),MLP minus Zero growth,0.015399425844231374
493,MAE difference (pp),MLP minus Ridge,-0.02474033583696844
493,MAE difference (pp),Seasonal median minus Zero growth,-0.1067732325857782
494,Precision difference (pp),Ridge minus Size-only Ridge,4.100583453659462
494,Precision difference (pp),MLP minus Ridge,-0.18981031452063313
494,MAE difference (pp),MLP minus Zero growth,0.021850489485523372
494,MAE difference (pp),MLP minus Ridge,-0.025711564466762482
494,MAE difference (pp),Seasonal median minus Zero growth,-0.09663665039778957
495,Precision difference (pp),Ridge minus Size-only Ridge,3.236173924118288
495,Precision difference (pp),MLP minus Ridge,-0.48413094575230353
495,MAE difference (pp),MLP minus Zero growth,0.02784147960098604
495,MAE difference (pp),MLP minus Ridge,0.007851851860602999
495,MAE difference (pp),Seasonal median minus Zero growth,-0.10706518749491245
496,Precision difference (pp),Ridge minus Size-only Ridge,2.4784849986543342
496,Precision difference (pp),MLP minus Ridge,1.2668171992307937
496,MAE difference (pp),MLP minus Zero growth,0.014606040798142317
496,MAE difference (pp),MLP minus Ridge,-0.04102229406624858
496,MAE difference (pp),Seasonal median minus Zero growth,-0.09709243635555254
497,Precision difference (pp),Ridge minus Size-only Ridge,2.7044370179750947
497,Precision difference (pp),MLP minus Ridge,-1.3608232010807826
497,MAE difference (pp),MLP minus Zero growth,0.0023215540834109483
497,MAE difference (pp),MLP minus Ridge,-0.012494117397984006
497,MAE difference (pp),Seasonal median minus Zero growth,-0.1074810067581562
498,Precision difference (pp),Ridge minus Size-only Ridge,2.1111754924802635
498,Precision difference (pp),MLP minus Ridge,-1.489918199783466
498,MAE difference (pp),MLP minus Zero growth,0.054946648016642285
498,MAE difference (pp),MLP minus Ridge,0.003090928156838313
498,MAE difference (pp),Seasonal median minus Zero growth,-0.0981031368810572
499,Precision difference (pp),Ridge minus Size-only Ridge,4.289090098774226
499,Precision difference (pp),MLP minus Ridge,-1.326952278227847
499,MAE difference (pp),MLP minus Zero growth,0.05930929587195566
499,MAE difference (pp),MLP minus Ridge,0.008285115870760862
499,MAE difference (pp),Seasonal median minus Zero growth,-0.09980253050436128
500,Precision difference (pp),Ridge minus Size-only Ridge,2.41969518417616
500,Precision difference (pp),MLP minus Ridge,0.13314742602232033
500,MAE difference (pp),MLP minus Zero growth,0.03269407548074854
500,MAE difference (pp),MLP minus Ridge,-0.015164139694593626
500,MAE difference (pp),Seasonal median minus Zero growth,-0.08967274689643734
501,Precision difference (pp),Ridge minus Size-only Ridge,4.473178031405162
501,Precision difference (pp),MLP minus Ridge,0.3122231242599194
501,MAE difference (pp),MLP minus Zero growth,0.021707191636524126
501,MAE difference (pp),MLP minus Ridge,-0.0011280069842212193
501,MAE difference (pp),Seasonal median minus Zero growth,-0.1075934728288499
502,Precision difference (pp),Ridge minus Size-only Ridge,2.4524392972789966
502,Precision difference (pp),MLP minus Ridge,-0.3720727297688964
502,MAE difference (pp),MLP minus Zero growth,0.04697542955223444
502,MAE difference (pp),MLP minus Ridge,-0.006025422274374748
502,MAE difference (pp),Seasonal median minus Zero growth,-0.09789727176570384
503,Precision difference (pp),Ridge minus Size-only Ridge,4.381838930269582
503,Precision difference (pp),MLP minus Ridge,-1.9920302066884248
503,MAE difference (pp),MLP minus Zero growth,0.022354850049208785
503,MAE difference (pp),MLP minus Ridge,-0.008633134477820104
503,MAE difference (pp),Seasonal median minus Zero growth,-0.10234372964703331
504,Precision difference (pp),Ridge minus Size-only Ridge,3.3568461702842667
504,Precision difference (pp),MLP minus Ridge,-0.7514677404182768
504,MAE difference (pp),MLP minus Zero growth,0.0052262020142590515
504,MAE difference (pp),MLP minus Ridge,-0.01913174800992401
504,MAE difference (pp),Seasonal median minus Zero growth,-0.10053280320266511
505,Precision difference (pp),Ridge minus Size-only Ridge,2.5176603293870006
505,Precision difference (pp),MLP minus Ridge,-1.082114411995222
505,MAE difference (pp),MLP minus Zero growth,0.02620171436025931
505,MAE difference (pp),MLP minus Ridge,-0.009028921247390631
505,MAE difference (pp),Seasonal median minus Zero growth,-0.100473695947219
506,Precision difference (pp),Ridge minus Size-only Ridge,2.7382948126237316
506,Precision difference (pp),MLP minus Ridge,-0.5273338168329589
506,MAE difference (pp),MLP minus Zero growth,0.031130522535799177
506,MAE difference (pp),MLP minus Ridge,-0.018600590897222435
506,MAE difference (pp),Seasonal median minus Zero growth,-0.0979034577057476
507,Precision difference (pp),Ridge minus Size-only Ridge,2.8876140681813043
507,Precision difference (pp),MLP minus Ridge,-2.1353008658219874
507,MAE difference (pp),MLP minus Zero growth,0.013085184472689804
507,MAE difference (pp),MLP minus Ridge,-0.012972070465111507
507,MAE difference (pp),Seasonal median minus Zero growth,-0.09623557833684782
508,Precision difference (pp),Ridge minus Size-only Ridge,4.317184271905528
508,Precision difference (pp),MLP minus Ridge,0.7440116652348006
508,MAE difference (pp),MLP minus Zero growth,-0.01980038396758088
508,MAE difference (pp),MLP minus Ridge,-0.03752664571137965
508,MAE difference (pp),Seasonal median minus Zero growth,-0.09784284126818887
509,Precision difference (pp),Ridge minus Size-only Ridge,2.373380566813715
509,Precision difference (pp),MLP minus Ridge,-1.8298213453418588
509,MAE difference (pp),MLP minus Zero growth,0.008508970412827388
509,MAE difference (pp),MLP minus Ridge,-0.013902212603588815
509,MAE difference (pp),Seasonal median minus Zero growth,-0.1120149758990352
510,Precision difference (pp),Ridge minus Size-only Ridge,3.379694827598001
510,Precision difference (pp),MLP minus Ridge,-1.0733909199614615
510,MAE difference (pp),MLP minus Zero growth,0.04716275417002791
510,MAE difference (pp),MLP minus Ridge,-0.009225094095667519
510,MAE difference (pp),Seasonal median minus Zero growth,-0.09452367360401936
511,Precision difference (pp),Ridge minus Size-only Ridge,1.5623016710374777
511,Precision difference (pp),MLP minus Ridge,-0.5366398417428808
511,MAE difference (pp),MLP minus Zero growth,0.017120181618223373
511,MAE difference (pp),MLP minus Ridge,-0.0035988467724115125
511,MAE difference (pp),Seasonal median minus Zero growth,-0.11201850932046531
512,Precision difference (pp),Ridge minus Size-only Ridge,4.569860220347302
512,Precision difference (pp),MLP minus Ridge,-0.011811049315008093
512,MAE difference (pp),MLP minus Zero growth,0.025969331592010647
512,MAE difference (pp),MLP minus Ridge,-0.030684766169801314
512,MAE difference (pp),Seasonal median minus Zero growth,-0.09987136410155584
513,Precision difference (pp),Ridge minus Size-only Ridge,2.679690349589464
513,Precision difference (pp),MLP minus Ridge,-0.7320361420590726
513,MAE difference (pp),MLP minus Zero growth,0.045213320356806364
513,MAE difference (pp),MLP minus Ridge,-0.002874089106084554
513,MAE difference (pp),Seasonal median minus Zero growth,-0.09642585811668081
514,Precision difference (pp),Ridge minus Size-only Ridge,3.11773431669706
514,Precision difference (pp),MLP minus Ridge,0.34855906631673095
514,MAE difference (pp),MLP minus Zero growth,0.031712190594956
514,MAE difference (pp),MLP minus Ridge,-0.005036970559089582
514,MAE difference (pp),Seasonal median minus Zero growth,-0.10361446507761585
515,Precision difference (pp),Ridge minus Size-only Ridge,4.621622113289392
515,Precision difference (pp),MLP minus Ridge,-1.0958428845423724
515,MAE difference (pp),MLP minus Zero growth,-0.010527115550479582
515,MAE difference (pp),MLP minus Ridge,-0.027464275746355238
515,MAE difference (pp),Seasonal median minus Zero growth,-0.11224345456632934
516,Precision difference (pp),Ridge minus Size-only Ridge,1.857811181511007
516,Precision difference (pp),MLP minus Ridge,-1.0383002983426675
516,MAE difference (pp),MLP minus Zero growth,0.051931609506556065
516,MAE difference (pp),MLP minus Ridge,0.00755416128470765
516,MAE difference (pp),Seasonal median minus Zero growth,-0.1021734532970755
517,Precision difference (pp),Ridge minus Size-only Ridge,3.1348909599801855
517,Precision difference (pp),MLP minus Ridge,-1.8217627900854183
517,MAE difference (pp),MLP minus Zero growth,0.04208129060692034
517,MAE difference (pp),MLP minus Ridge,-0.015479962530652536
517,MAE difference (pp),Seasonal median minus Zero growth,-0.09046521135848273
518,Precision difference (pp),Ridge minus Size-only Ridge,1.1224012588647665
518,Precision difference (pp),MLP minus Ridge,-0.49326042862573305
518,MAE difference (pp),MLP minus Zero growth,0.06249882943860463
518,MAE difference (pp),MLP minus Ridge,0.009697208703354665
518,MAE difference (pp),Seasonal median minus Zero growth,-0.0960227541833576
519,Precision difference (pp),Ridge minus Size-only Ridge,2.1087137423545204
519,Precision difference (pp),MLP minus Ridge,0.4998065460352724
519,MAE difference (pp),MLP minus Zero growth,0.02389559485704229
519,MAE difference (pp),MLP minus Ridge,-0.014048445159934086
519,MAE difference (pp),Seasonal median minus Zero growth,-0.10382733538525724
520,Precision difference (pp),Ridge minus Size-only Ridge,1.1111177429517616
520,Precision difference (pp),MLP minus Ridge,0.62528381296722
520,MAE difference (pp),MLP minus Zero growth,0.02799571823732272
520,MAE difference (pp),MLP minus Ridge,-0.01802244230656358
520,MAE difference (pp),Seasonal median minus Zero growth,-0.10655561501623412
521,Precision difference (pp),Ridge minus Size-only Ridge,3.795181885101792
521,Precision difference (pp),MLP minus Ridge,1.4255771160816972
521,MAE difference (pp),MLP minus Zero growth,0.02551666183025203
521,MAE difference (pp),MLP minus Ridge,-0.023621252061830855
521,MAE difference (pp),Seasonal median minus Zero growth,-0.10459840081731864
522,Precision difference (pp),Ridge minus Size-only Ridge,0.7114327958932576
522,Precision difference (pp),MLP minus Ridge,-0.01422277986118381
522,MAE difference (pp),MLP minus Zero growth,0.03863733616895271
522,MAE difference (pp),MLP minus Ridge,0.0015655221736921021
522,MAE difference (pp),Seasonal median minus Zero growth,-0.10367110172979155
523,Precision difference (pp),Ridge minus Size-only Ridge,4.6155451671504615
523,Precision difference (pp),MLP minus Ridge,-2.126706630362646
523,MAE difference (pp),MLP minus Zero growth,0.021619153001412705
523,MAE difference (pp),MLP minus Ridge,-0.013382589219619767
523,MAE difference (pp),Seasonal median minus Zero growth,-0.0999223934780944
524,Precision difference (pp),Ridge minus Size-only Ridge,2.4145147206874134
524,Precision difference (pp),MLP minus Ridge,0.9502093427399244
524,MAE difference (pp),MLP minus Zero growth,0.008830545589394223
524,MAE difference (pp),MLP minus Ridge,0.002896854378505065
524,MAE difference (pp),Seasonal median minus Zero growth,-0.11605757978504361
525,Precision difference (pp),Ridge minus Size-only Ridge,2.6711615849844854
525,Precision difference (pp),MLP minus Ridge,0.6908968656256675
525,MAE difference (pp),MLP minus Zero growth,0.010872324055447358
525,MAE difference (pp),MLP minus Ridge,-0.02293178876881452
525,MAE difference (pp),Seasonal median minus Zero growth,-0.10136323062915675
526,Precision difference (pp),Ridge minus Size-only Ridge,3.522000654844906
526,Precision difference (pp),MLP minus Ridge,-1.644085258066974
526,MAE difference (pp),MLP minus Zero growth,0.03438251072096765
526,MAE difference (pp),MLP minus Ridge,-0.02116473870585578
526,MAE difference (pp),Seasonal median minus Zero growth,-0.10043306483927061
527,Precision difference (pp),Ridge minus Size-only Ridge,2.801722735084977
527,Precision difference (pp),MLP minus Ridge,0.7708986016477737
527,MAE difference (pp),MLP minus Zero growth,0.012381007470022798
527,MAE difference (pp),MLP minus Ridge,-0.03492337595937123
527,MAE difference (pp),Seasonal median minus Zero growth,-0.10166345083298678
528,Precision difference (pp),Ridge minus Size-only Ridge,4.061442955181802
528,Precision difference (pp),MLP minus Ridge,0.6280625273911516
528,MAE difference (pp),MLP minus Zero growth,-0.007961066343572742
528,MAE difference (pp),MLP minus Ridge,-0.03813179724347293
528,MAE difference (pp),Seasonal median minus Zero growth,-0.10320593079028217
529,Precision difference (pp),Ridge minus Size-only Ridge,2.226051741905022
529,Precision difference (pp),MLP minus Ridge,0.8090678516324584
529,MAE difference (pp),MLP minus Zero growth,0.0406909949837897
529,MAE difference (pp),MLP minus Ridge,-0.04207907706300018
529,MAE difference (pp),Seasonal median minus Zero growth,-0.08931345582015693
530,Precision difference (pp),Ridge minus Size-only Ridge,0.2739487866247503
530,Precision difference (pp),MLP minus Ridge,1.0406688301952849
530,MAE difference (pp),MLP minus Zero growth,0.024815171333599118
530,MAE difference (pp),MLP minus Ridge,-0.012635706915158806
530,MAE difference (pp),Seasonal median minus Zero growth,-0.10557074653133691
531,Precision difference (pp),Ridge minus Size-only Ridge,3.256345910861749
531,Precision difference (pp),MLP minus Ridge,-0.21617521850962884
531,MAE difference (pp),MLP minus Zero growth,0.020479230055524322
531,MAE difference (pp),MLP minus Ridge,-0.010515732249348542
531,MAE difference (pp),Seasonal median minus Zero growth,-0.10020591650110511
532,Precision difference (pp),Ridge minus Size-only Ridge,3.3719932833178063
532,Precision difference (pp),MLP minus Ridge,1.0568568833909997
532,MAE difference (pp),MLP minus Zero growth,0.011134061859337407
532,MAE difference (pp),MLP minus Ridge,-0.029601693162736975
532,MAE difference (pp),Seasonal median minus Zero growth,-0.1045166037236509
533,Precision difference (pp),Ridge minus Size-only Ridge,4.222678343675093
533,Precision difference (pp),MLP minus Ridge,-1.7114676696298181
533,MAE difference (pp),MLP minus Zero growth,0.0509741165458677
533,MAE difference (pp),MLP minus Ridge,0.005791153373133184
533,MAE difference (pp),Seasonal median minus Zero growth,-0.10373213256210745
534,Precision difference (pp),Ridge minus Size-only Ridge,4.560859935360223
534,Precision difference (pp),MLP minus Ridge,-1.5948127571860815
534,MAE difference (pp),MLP minus Zero growth,-0.003467865485671684
534,MAE difference (pp),MLP minus Ridge,-0.012124622475794933
534,MAE difference (pp),Seasonal median minus Zero growth,-0.11826433234546574
535,Precision difference (pp),Ridge minus Size-only Ridge,2.0102728420545724
535,Precision difference (pp),MLP minus Ridge,1.764843960626719
535,MAE difference (pp),MLP minus Zero growth,0.03731215960147294
535,MAE difference (pp),MLP minus Ridge,-0.0014596695694222284
535,MAE difference (pp),Seasonal median minus Zero growth,-0.09828892910460141
536,Precision difference (pp),Ridge minus Size-only Ridge,4.073144451175717
536,Precision difference (pp),MLP minus Ridge,-0.028786786745793602
536,MAE difference (pp),MLP minus Zero growth,0.03650763909061583
536,MAE difference (pp),MLP minus Ridge,-0.022507545085108216
536,MAE difference (pp),Seasonal median minus Zero growth,-0.0942489450760906
537,Precision difference (pp),Ridge minus Size-only Ridge,2.21066337995314
537,Precision difference (pp),MLP minus Ridge,-0.8175930209225357
537,MAE difference (pp),MLP minus Zero growth,0.021234741029762638
537,MAE difference (pp),MLP minus Ridge,-0.022341236288329736
537,MAE difference (pp),Seasonal median minus Zero growth,-0.09853744172551693
538,Precision difference (pp),Ridge minus Size-only Ridge,4.512291680108632
538,Precision difference (pp),MLP minus Ridge,-1.0948547795701065
538,MAE difference (pp),MLP minus Zero growth,0.007295352989089121
538,MAE difference (pp),MLP minus Ridge,-0.014589356971388412
538,MAE difference (pp),Seasonal median minus Zero growth,-0.11023417159912485
539,Precision difference (pp),Ridge minus Size-only Ridge,3.1110619442263454
539,Precision difference (pp),MLP minus Ridge,-1.9947350388860974
539,MAE difference (pp),MLP minus Zero growth,0.05121613291475713
539,MAE difference (pp),MLP minus Ridge,-0.0025784872974665696
539,MAE difference (pp),Seasonal median minus Zero growth,-0.09315860941900711
540,Precision difference (pp),Ridge minus Size-only Ridge,3.2115520313279107
540,Precision difference (pp),MLP minus Ridge,-0.7900459520223779
540,MAE difference (pp),MLP minus Zero growth,-0.01545715179193019
540,MAE difference (pp),MLP minus Ridge,-0.02233410220908061
540,MAE difference (pp),Seasonal median minus Zero growth,-0.10970998855051839
541,Precision difference (pp),Ridge minus Size-only Ridge,4.677766293500288
541,Precision difference (pp),MLP minus Ridge,-1.2110542197934753
541,MAE difference (pp),MLP minus Zero growth,0.011889536963932912
541,MAE difference (pp),MLP minus Ridge,-0.012077539549148586
541,MAE difference (pp),Seasonal median minus Zero growth,-0.1102853183573127
542,Precision difference (pp),Ridge minus Size-only Ridge,3.7716876150889616
542,Precision difference (pp),MLP minus Ridge,0.1501336924848301
542,MAE difference (pp),MLP minus Zero growth,0.007899372951809092
542,MAE difference (pp),MLP minus Ridge,-0.023720988504952967
542,MAE difference (pp),Seasonal median minus Zero growth,-0.0951668398885408
543,Precision difference (pp),Ridge minus Size-only Ridge,6.0794612897048825
543,Precision difference (pp),MLP minus Ridge,-0.5225610104980849
543,MAE difference (pp),MLP minus Zero growth,0.017072305088203343
543,MAE difference (pp),MLP minus Ridge,-0.03203253041681098
543,MAE difference (pp),Seasonal median minus Zero growth,-0.10385041669892203
544,Precision difference (pp),Ridge minus Size-only Ridge,3.8452328254957537
544,Precision difference (pp),MLP minus Ridge,0.17528888102748552
544,MAE difference (pp),MLP minus Zero growth,0.034402513820722014
544,MAE difference (pp),MLP minus Ridge,-0.0035109436381866033
544,MAE difference (pp),Seasonal median minus Zero growth,-0.09241516340823441
545,Precision difference (pp),Ridge minus Size-only Ridge,3.6331164270482996
545,Precision difference (pp),MLP minus Ridge,0.9025671067534824
545,MAE difference (pp),MLP minus Zero growth,-0.014010770088951574
545,MAE difference (pp),MLP minus Ridge,-0.02765916709601912
545,MAE difference (pp),Seasonal median minus Zero growth,-0.10378799516797876
546,Precision difference (pp),Ridge minus Size-only Ridge,4.2762465193825925
546,Precision difference (pp),MLP minus Ridge,-0.8890044328293878
546,MAE difference (pp),MLP minus Zero growth,0.0012686056959787528
546,MAE difference (pp),MLP minus Ridge,-0.026568244218429182
546,MAE difference (pp),Seasonal median minus Zero growth,-0.10122913379403098
547,Precision difference (pp),Ridge minus Size-only Ridge,2.004884344235669
547,Precision difference (pp),MLP minus Ridge,0.1995439528323345
547,MAE difference (pp),MLP minus Zero growth,0.0779976350556093
547,MAE difference (pp),MLP minus Ridge,0.016004472276015314
547,MAE difference (pp),Seasonal median minus Zero growth,-0.09127548048264567
548,Precision difference (pp),Ridge minus Size-only Ridge,3.8172600430191466
548,Precision difference (pp),MLP minus Ridge,-1.4569794442952948
548,MAE difference (pp),MLP minus Zero growth,0.002942363346086996
548,MAE difference (pp),MLP minus Ridge,-0.054830372012609985
548,MAE difference (pp),Seasonal median minus Zero growth,-0.08252198298501856
549,Precision difference (pp),Ridge minus Size-only Ridge,2.9121717035031915
549,Precision difference (pp),MLP minus Ridge,-0.4018296283254452
549,MAE difference (pp),MLP minus Zero growth,0.06314268640177723
549,MAE difference (pp),MLP minus Ridge,0.023997522380908354
549,MAE difference (pp),Seasonal median minus Zero growth,-0.10045439464290551
550,Precision difference (pp),Ridge minus Size-only Ridge,3.403250965846716
550,Precision difference (pp),MLP minus Ridge,-1.4989868876865402
550,MAE difference (pp),MLP minus Zero growth,0.04398518449790023
550,MAE difference (pp),MLP minus Ridge,-0.013965382902347834
550,MAE difference (pp),Seasonal median minus Zero growth,-0.0946493148203027
551,Precision difference (pp),Ridge minus Size-only Ridge,1.1355590221352019
551,Precision difference (pp),MLP minus Ridge,0.818055723972283
551,MAE difference (pp),MLP minus Zero growth,-0.0147995597987447
551,MAE difference (pp),MLP minus Ridge,-0.014457332400085399
551,MAE difference (pp),Seasonal median minus Zero growth,-0.11746941095270413
552,Precision difference (pp),Ridge minus Size-only Ridge,5.36984050121424
552,Precision difference (pp),MLP minus Ridge,-1.7463948994176026
552,MAE difference (pp),MLP minus Zero growth,0.03911140498749255
552,MAE difference (pp),MLP minus Ridge,5.330288013061235e-05
552,MAE difference (pp),Seasonal median minus Zero growth,-0.10275584283629868
553,Precision difference (pp),Ridge minus Size-only Ridge,2.3723713901936727
553,Precision difference (pp),MLP minus Ridge,-0.8228484486958787
553,MAE difference (pp),MLP minus Zero growth,0.01777303234257044
553,MAE difference (pp),MLP minus Ridge,-0.022067318984181572
553,MAE difference (pp),Seasonal median minus Zero growth,-0.1038154916015297
554,Precision difference (pp),Ridge minus Size-only Ridge,2.949721298012886
554,Precision difference (pp),MLP minus Ridge,2.4005865530085044
554,MAE difference (pp),MLP minus Zero growth,0.023812794228677436
554,MAE difference (pp),MLP minus Ridge,-0.02769992227975715
554,MAE difference (pp),Seasonal median minus Zero growth,-0.10468825602996068
555,Precision difference (pp),Ridge minus Size-only Ridge,2.2290632395543355
555,Precision difference (pp),MLP minus Ridge,2.5295421280225576
555,MAE difference (pp),MLP minus Zero growth,-0.0012196454052388894
555,MAE difference (pp),MLP minus Ridge,-0.02384629296817886
555,MAE difference (pp),Seasonal median minus Zero growth,-0.1120341274365595
556,Precision difference (pp),Ridge minus Size-only Ridge,5.515669199434544
556,Precision difference (pp),MLP minus Ridge,-1.3270385592353273
556,MAE difference (pp),MLP minus Zero growth,0.013751571803668927
556,MAE difference (pp),MLP minus Ridge,-0.023905646242257106
556,MAE difference (pp),Seasonal median minus Zero growth,-0.09764307041373188
557,Precision difference (pp),Ridge minus Size-only Ridge,4.441648537463616
557,Precision difference (pp),MLP minus Ridge,-0.5097137741501334
557,MAE difference (pp),MLP minus Zero growth,0.007999844856132032
557,MAE difference (pp),MLP minus Ridge,-0.021736006928548157
557,MAE difference (pp),Seasonal median minus Zero growth,-0.10483527648390778
558,Precision difference (pp),Ridge minus Size-only Ridge,3.4305284878771545
558,Precision difference (pp),MLP minus Ridge,-0.24658113458777275
558,MAE difference (pp),MLP minus Zero growth,-0.003463791566896912
558,MAE difference (pp),MLP minus Ridge,-0.043685733221089595
558,MAE difference (pp),Seasonal median minus Zero growth,-0.09267475522457769
559,Precision difference (pp),Ridge minus Size-only Ridge,3.086110994305455
559,Precision difference (pp),MLP minus Ridge,-1.910203016895598
559,MAE difference (pp),MLP minus Zero growth,0.0487219293118164
559,MAE difference (pp),MLP minus Ridge,0.009694138893156179
559,MAE difference (pp),Seasonal median minus Zero growth,-0.09911853822588812
560,Precision difference (pp),Ridge minus Size-only Ridge,3.9738994957906697
560,Precision difference (pp),MLP minus Ridge,-0.5548004425162845
560,MAE difference (pp),MLP minus Zero growth,0.043301167301950105
560,MAE difference (pp),MLP minus Ridge,0.0019598617455822698
560,MAE difference (pp),Seasonal median minus Zero growth,-0.10047471388385265
561,Precision difference (pp),Ridge minus Size-only Ridge,2.1257539602063864
561,Precision difference (pp),MLP minus Ridge,0.1667487832966913
561,MAE difference (pp),MLP minus Zero growth,0.04630176898035909
561,MAE difference (pp),MLP minus Ridge,-0.0004854161229270737
561,MAE difference (pp),Seasonal median minus Zero growth,-0.10121076878994417
562,Precision difference (pp),Ridge minus Size-only Ridge,2.0307193961395686
562,Precision difference (pp),MLP minus Ridge,-2.4361534033529586
562,MAE difference (pp),MLP minus Zero growth,0.0011502939133030132
562,MAE difference (pp),MLP minus Ridge,-0.01995038482673772
562,MAE difference (pp),Seasonal median minus Zero growth,-0.11640801055041372
563,Precision difference (pp),Ridge minus Size-only Ridge,3.091966620430159
563,Precision difference (pp),MLP minus Ridge,-0.9001534568853414
563,MAE difference (pp),MLP minus Zero growth,0.03757416757990795
563,MAE difference (pp),MLP minus Ridge,-0.006720878687361598
563,MAE difference (pp),Seasonal median minus Zero growth,-0.09359897667002937
564,Precision difference (pp),Ridge minus Size-only Ridge,3.3393766843968553
564,Precision difference (pp),MLP minus Ridge,0.21259412628915897
564,MAE difference (pp),MLP minus Zero growth,-0.01034426484320905
564,MAE difference (pp),MLP minus Ridge,-0.017936501073668065
564,MAE difference (pp),Seasonal median minus Zero growth,-0.11064049341254778
565,Precision difference (pp),Ridge minus Size-only Ridge,5.472567980965726
565,Precision difference (pp),MLP minus Ridge,-1.5346230528115372
565,MAE difference (pp),MLP minus Zero growth,0.024252071953704046
565,MAE difference (pp),MLP minus Ridge,-0.006675141872743762
565,MAE difference (pp),Seasonal median minus Zero growth,-0.11008362010064543
566,Precision difference (pp),Ridge minus Size-only Ridge,3.58216284490539
566,Precision difference (pp),MLP minus Ridge,-0.3496539259291609
566,MAE difference (pp),MLP minus Zero growth,-0.009826650392380287
566,MAE difference (pp),MLP minus Ridge,-0.02638394954862866
566,MAE difference (pp),Seasonal median minus Zero growth,-0.1151222844589741
567,Precision difference (pp),Ridge minus Size-only Ridge,3.4996051355916546
567,Precision difference (pp),MLP minus Ridge,-1.0461368052417792
567,MAE difference (pp),MLP minus Zero growth,0.03974887655261927
567,MAE difference (pp),MLP minus Ridge,-0.01826713759192833
567,MAE difference (pp),Seasonal median minus Zero growth,-0.09127330200373684
568,Precision difference (pp),Ridge minus Size-only Ridge,2.736436451312016
568,Precision difference (pp),MLP minus Ridge,2.7023230830859557
568,MAE difference (pp),MLP minus Zero growth,-0.010794897406392945
568,MAE difference (pp),MLP minus Ridge,-0.03336828364018274
568,MAE difference (pp),Seasonal median minus Zero growth,-0.10207748887885293
569,Precision difference (pp),Ridge minus Size-only Ridge,4.115569612972639
569,Precision difference (pp),MLP minus Ridge,-0.8736471091184306
569,MAE difference (pp),MLP minus Zero growth,0.03485340394632219
569,MAE difference (pp),MLP minus Ridge,-0.01493717735158162
569,MAE difference (pp),Seasonal median minus Zero growth,-0.09015849210941118
570,Precision difference (pp),Ridge minus Size-only Ridge,4.708579163357027
570,Precision difference (pp),MLP minus Ridge,-1.056754079448874
570,MAE difference (pp),MLP minus Zero growth,0.028890638371804833
570,MAE difference (pp),MLP minus Ridge,0.013384913850033708
570,MAE difference (pp),Seasonal median minus Zero growth,-0.10560943396200351
571,Precision difference (pp),Ridge minus Size-only Ridge,1.6967590010439793
571,Precision difference (pp),MLP minus Ridge,0.9001272612456424
571,MAE difference (pp),MLP minus Zero growth,0.01916295784151867
571,MAE difference (pp),MLP minus Ridge,-0.031491958970296
571,MAE difference (pp),Seasonal median minus Zero growth,-0.09678373047556699
572,Precision difference (pp),Ridge minus Size-only Ridge,2.269449528553033
572,Precision difference (pp),MLP minus Ridge,2.8698674836138887
572,MAE difference (pp),MLP minus Zero growth,0.04846734092396865
572,MAE difference (pp),MLP minus Ridge,-0.011291634165936149
572,MAE difference (pp),Seasonal median minus Zero growth,-0.09670520613611266
573,Precision difference (pp),Ridge minus Size-only Ridge,4.210133750186892
573,Precision difference (pp),MLP minus Ridge,-0.014314371864887487
573,MAE difference (pp),MLP minus Zero growth,0.03932970991603035
573,MAE difference (pp),MLP minus Ridge,0.007343755895587112
573,MAE difference (pp),Seasonal median minus Zero growth,-0.09432487386752086
574,Precision difference (pp),Ridge minus Size-only Ridge,2.743762861804866
574,Precision difference (pp),MLP minus Ridge,0.5754247217335945
574,MAE difference (pp),MLP minus Zero growth,0.014830254140333565
574,MAE difference (pp),MLP minus Ridge,-0.0038196254920355166
574,MAE difference (pp),Seasonal median minus Zero growth,-0.1012709583008653
575,Precision difference (pp),Ridge minus Size-only Ridge,2.7650500104974887
575,Precision difference (pp),MLP minus Ridge,1.163291662008703
575,MAE difference (pp),MLP minus Zero growth,0.037498721951309655
575,MAE difference (pp),MLP minus Ridge,-0.02594277778073817
575,MAE difference (pp),Seasonal median minus Zero growth,-0.07754073548873697
576,Precision difference (pp),Ridge minus Size-only Ridge,2.6701181807236516
576,Precision difference (pp),MLP minus Ridge,-1.0561719690439038
576,MAE difference (pp),MLP minus Zero growth,0.041799215417078095
576,MAE difference (pp),MLP minus Ridge,0.022496080161573673
576,MAE difference (pp),Seasonal median minus Zero growth,-0.11018058611936565
577,Precision difference (pp),Ridge minus Size-only Ridge,4.080705715061339
577,Precision difference (pp),MLP minus Ridge,-0.07007112509309354
577,MAE difference (pp),MLP minus Zero growth,0.017345752311046958
577,MAE difference (pp),MLP minus Ridge,-0.028999220496556344
577,MAE difference (pp),Seasonal median minus Zero growth,-0.09625671597099617
578,Precision difference (pp),Ridge minus Size-only Ridge,6.197743962261859
578,Precision difference (pp),MLP minus Ridge,-1.8850582347469365
578,MAE difference (pp),MLP minus Zero growth,0.0143568730493282
578,MAE difference (pp),MLP minus Ridge,-0.01699689313089081
578,MAE difference (pp),Seasonal median minus Zero growth,-0.1007758699746879
579,Precision difference (pp),Ridge minus Size-only Ridge,3.5304424776228416
579,Precision difference (pp),MLP minus Ridge,0.9918526142441209
579,MAE difference (pp),MLP minus Zero growth,0.016870110975299557
579,MAE difference (pp),MLP minus Ridge,-0.019201312015018512
579,MAE difference (pp),Seasonal median minus Zero growth,-0.09766837145080709
580,Precision difference (pp),Ridge minus Size-only Ridge,3.197759289182853
580,Precision difference (pp),MLP minus Ridge,0.194517184816681
580,MAE difference (pp),MLP minus Zero growth,0.049151019079933356
580,MAE difference (pp),MLP minus Ridge,0.011545599373726567
580,MAE difference (pp),Seasonal median minus Zero growth,-0.10420898334849049
581,Precision difference (pp),Ridge minus Size-only Ridge,2.1366715062474313
581,Precision difference (pp),MLP minus Ridge,1.564263879329522
581,MAE difference (pp),MLP minus Zero growth,0.026379905736413356
581,MAE difference (pp),MLP minus Ridge,-0.016032288837650288
581,MAE difference (pp),Seasonal median minus Zero growth,-0.09961334261601351
582,Precision difference (pp),Ridge minus Size-only Ridge,1.507143048411863
582,Precision difference (pp),MLP minus Ridge,1.0060398603743774
582,MAE difference (pp),MLP minus Zero growth,0.012718116589786277
582,MAE difference (pp),MLP minus Ridge,-0.009940442630883783
582,MAE difference (pp),Seasonal median minus Zero growth,-0.1023681684986344
583,Precision difference (pp),Ridge minus Size-only Ridge,5.5994801285511375
583,Precision difference (pp),MLP minus Ridge,-2.405191048921343
583,MAE difference (pp),MLP minus Zero growth,0.041021026733524035
583,MAE difference (pp),MLP minus Ridge,-0.0007656688342061457
583,MAE difference (pp),Seasonal median minus Zero growth,-0.10041235067606946
584,Precision difference (pp),Ridge minus Size-only Ridge,2.8672290924295214
584,Precision difference (pp),MLP minus Ridge,-0.115957276746953
584,MAE difference (pp),MLP minus Zero growth,0.043647847952079655
584,MAE difference (pp),MLP minus Ridge,-0.008759400214625845
584,MAE difference (pp),Seasonal median minus Zero growth,-0.10275172016319667
585,Precision difference (pp),Ridge minus Size-only Ridge,1.428124927663571
585,Precision difference (pp),MLP minus Ridge,1.3448788492225834
585,MAE difference (pp),MLP minus Zero growth,0.04250702830804043
585,MAE difference (pp),MLP minus Ridge,-0.025500117824179824
585,MAE difference (pp),Seasonal median minus Zero growth,-0.10143297194127321
586,Precision difference (pp),Ridge minus Size-only Ridge,2.9485669098511638
586,Precision difference (pp),MLP minus Ridge,-0.6927667798375392
586,MAE difference (pp),MLP minus Zero growth,0.032236841500442814
586,MAE difference (pp),MLP minus Ridge,-0.01868459497476005
586,MAE difference (pp),Seasonal median minus Zero growth,-0.08270576178517297
587,Precision difference (pp),Ridge minus Size-only Ridge,2.1706754884272095
587,Precision difference (pp),MLP minus Ridge,-0.5241787496869738
587,MAE difference (pp),MLP minus Zero growth,0.014763498485390159
587,MAE difference (pp),MLP minus Ridge,0.002643328262688538
587,MAE difference (pp),Seasonal median minus Zero growth,-0.10093483792599534
588,Precision difference (pp),Ridge minus Size-only Ridge,4.012793699620473
588,Precision difference (pp),MLP minus Ridge,0.037914533972960296
588,MAE difference (pp),MLP minus Zero growth,0.025574690655966847
588,MAE difference (pp),MLP minus Ridge,-0.02958581774123248
588,MAE difference (pp),Seasonal median minus Zero growth,-0.09475859508823747
589,Precision difference (pp),Ridge minus Size-only Ridge,1.3907279472258283
589,Precision difference (pp),MLP minus Ridge,1.197089280698771
589,MAE difference (pp),MLP minus Zero growth,0.019044264056221394
589,MAE difference (pp),MLP minus Ridge,0.003589195714136739
589,MAE difference (pp),Seasonal median minus Zero growth,-0.11064288856734583
590,Precision difference (pp),Ridge minus Size-only Ridge,3.721926273429796
590,Precision difference (pp),MLP minus Ridge,-1.0074027561045418
590,MAE difference (pp),MLP minus Zero growth,0.02039061072093018
590,MAE difference (pp),MLP minus Ridge,-0.02726724428244598
590,MAE difference (pp),Seasonal median minus Zero growth,-0.10068826457526114
591,Precision difference (pp),Ridge minus Size-only Ridge,1.4104377976535465
591,Precision difference (pp),MLP minus Ridge,-0.4450406506969401
591,MAE difference (pp),MLP minus Zero growth,0.03164891795256475
591,MAE difference (pp),MLP minus Ridge,-0.020262271905956197
591,MAE difference (pp),Seasonal median minus Zero growth,-0.09409252271510482
592,Precision difference (pp),Ridge minus Size-only Ridge,4.2346778331375345
592,Precision difference (pp),MLP minus Ridge,0.19310131108451478
592,MAE difference (pp),MLP minus Zero growth,2.052204277891434e-05
592,MAE difference (pp),MLP minus Ridge,-0.03121615038401515
592,MAE difference (pp),Seasonal median minus Zero growth,-0.09897129738834476
593,Precision difference (pp),Ridge minus Size-only Ridge,2.1669158651761693
593,Precision difference (pp),MLP minus Ridge,0.6299854264221527
593,MAE difference (pp),MLP minus Zero growth,0.030806619756818865
593,MAE difference (pp),MLP minus Ridge,-0.012131375367415043
593,MAE difference (pp),Seasonal median minus Zero growth,-0.09925537172964383
594,Precision difference (pp),Ridge minus Size-only Ridge,2.334686300790473
594,Precision difference (pp),MLP minus Ridge,-0.08775601212570039
594,MAE difference (pp),MLP minus Zero growth,-0.011834058795008762
594,MAE difference (pp),MLP minus Ridge,-0.04784437507823558
594,MAE difference (pp),Seasonal median minus Zero growth,-0.09982504844119022
595,Precision difference (pp),Ridge minus Size-only Ridge,1.5867004490136671
595,Precision difference (pp),MLP minus Ridge,0.14070416011370546
595,MAE difference (pp),MLP minus Zero growth,0.025336432950783472
595,MAE difference (pp),MLP minus Ridge,-0.010284392019189514
595,MAE difference (pp),Seasonal median minus Zero growth,-0.09719215291806815
596,Precision difference (pp),Ridge minus Size-only Ridge,2.396821722518208
596,Precision difference (pp),MLP minus Ridge,0.6635727304246997
596,MAE difference (pp),MLP minus Zero growth,0.04087705584120549
596,MAE difference (pp),MLP minus Ridge,0.0036879336705220034
596,MAE difference (pp),Seasonal median minus Zero growth,-0.10037102926735564
597,Precision difference (pp),Ridge minus Size-only Ridge,2.351117114202439
597,Precision difference (pp),MLP minus Ridge,0.05862731344394023
597,MAE difference (pp),MLP minus Zero growth,0.022561353642789328
597,MAE difference (pp),MLP minus Ridge,-0.025540253979377425
597,MAE difference (pp),Seasonal median minus Zero growth,-0.09942429065165692
598,Precision difference (pp),Ridge minus Size-only Ridge,3.781060116997587
598,Precision difference (pp),MLP minus Ridge,-0.2463348686400163
598,MAE difference (pp),MLP minus Zero growth,0.046656402133077535
598,MAE difference (pp),MLP minus Ridge,-0.0063823332440562375
598,MAE difference (pp),Seasonal median minus Zero growth,-0.09442434195380445
599,Precision difference (pp),Ridge minus Size-only Ridge,2.859247014938149
599,Precision difference (pp),MLP minus Ridge,-0.07199565146138454
599,MAE difference (pp),MLP minus Zero growth,0.03810821467754266
599,MAE difference (pp),MLP minus Ridge,-0.011383984615520593
599,MAE difference (pp),Seasonal median minus Zero growth,-0.10161604312593653
600,Precision difference (pp),Ridge minus Size-only Ridge,2.574394181045858
600,Precision difference (pp),MLP minus Ridge,-0.9735525341270618
600,MAE difference (pp),MLP minus Zero growth,0.0579266770482163
600,MAE difference (pp),MLP minus Ridge,-0.0027782292985705226
600,MAE difference (pp),Seasonal median minus Zero growth,-0.09131916169295362
601,Precision difference (pp),Ridge minus Size-only Ridge,3.2219855989791184
601,Precision difference (pp),MLP minus Ridge,-0.8318101257517363
601,MAE difference (pp),MLP minus Zero growth,0.056693986734885016
601,MAE difference (pp),MLP minus Ridge,0.008633797820388533
601,MAE difference (pp),Seasonal median minus Zero growth,-0.09874257034623923
602,Precision difference (pp),Ridge minus Size-only Ridge,2.5221927037161196
602,Precision difference (pp),MLP minus Ridge,-1.189920295230018
602,MAE difference (pp),MLP minus Zero growth,0.07507586095338459
602,MAE difference (pp),MLP minus Ridge,0.027105721228015245
602,MAE difference (pp),Seasonal median minus Zero growth,-0.09393298082334223
603,Precision difference (pp),Ridge minus Size-only Ridge,5.1617392276843805
603,Precision difference (pp),MLP minus Ridge,-2.7062466439279453
603,MAE difference (pp),MLP minus Zero growth,0.03158903401058222
603,MAE difference (pp),MLP minus Ridge,-0.014192321658377693
603,MAE difference (pp),Seasonal median minus Zero growth,-0.09465160299642594
604,Precision difference (pp),Ridge minus Size-only Ridge,3.489780904751891
604,Precision difference (pp),MLP minus Ridge,-0.6416365908702176
604,MAE difference (pp),MLP minus Zero growth,0.05754345607935685
604,MAE difference (pp),MLP minus Ridge,0.031098885534924126
604,MAE difference (pp),Seasonal median minus Zero growth,-0.11680311150584055
605,Precision difference (pp),Ridge minus Size-only Ridge,3.32816607276927
605,Precision difference (pp),MLP minus Ridge,-0.4643573433974174
605,MAE difference (pp),MLP minus Zero growth,0.02690042596713793
605,MAE difference (pp),MLP minus Ridge,-0.0025963334906635716
605,MAE difference (pp),Seasonal median minus Zero growth,-0.10435999178475752
606,Precision difference (pp),Ridge minus Size-only Ridge,3.2932836293133927
606,Precision difference (pp),MLP minus Ridge,-1.5884402845645602
606,MAE difference (pp),MLP minus Zero growth,0.013202712336268796
606,MAE difference (pp),MLP minus Ridge,-0.024319704738551273
606,MAE difference (pp),Seasonal median minus Zero growth,-0.1022163878490634
607,Precision difference (pp),Ridge minus Size-only Ridge,3.7143280805187056
607,Precision difference (pp),MLP minus Ridge,-0.26377146784048733
607,MAE difference (pp),MLP minus Zero growth,0.025720630709349823
607,MAE difference (pp),MLP minus Ridge,0.0010431243587549766
607,MAE difference (pp),Seasonal median minus Zero growth,-0.1048047562633383
608,Precision difference (pp),Ridge minus Size-only Ridge,4.4192279051004615
608,Precision difference (pp),MLP minus Ridge,-0.1633352562208451
608,MAE difference (pp),MLP minus Zero growth,-0.00661185757054783
608,MAE difference (pp),MLP minus Ridge,-0.031310883398761646
608,MAE difference (pp),Seasonal median minus Zero growth,-0.11154954039965626
609,Precision difference (pp),Ridge minus Size-only Ridge,3.8612369106610784
609,Precision difference (pp),MLP minus Ridge,-0.6169783406164975
609,MAE difference (pp),MLP minus Zero growth,0.04018452925219895
609,MAE difference (pp),MLP minus Ridge,-0.0037364905921424274
609,MAE difference (pp),Seasonal median minus Zero growth,-0.10323785928490814
610,Precision difference (pp),Ridge minus Size-only Ridge,3.495819585887758
610,Precision difference (pp),MLP minus Ridge,-0.6336680173680248
610,MAE difference (pp),MLP minus Zero growth,0.046469502443448274
610,MAE difference (pp),MLP minus Ridge,0.011993824347058979
610,MAE difference (pp),Seasonal median minus Zero growth,-0.09751782166360812
611,Precision difference (pp),Ridge minus Size-only Ridge,3.570599283662712
611,Precision difference (pp),MLP minus Ridge,-1.4547804654480827
611,MAE difference (pp),MLP minus Zero growth,0.02474992462116843
611,MAE difference (pp),MLP minus Ridge,-0.00688715831573683
611,MAE difference (pp),Seasonal median minus Zero growth,-0.103427237349079
612,Precision difference (pp),Ridge minus Size-only Ridge,2.3217600181921427
612,Precision difference (pp),MLP minus Ridge,-1.1726829078897938
612,MAE difference (pp),MLP minus Zero growth,0.04697977956949151
612,MAE difference (pp),MLP minus Ridge,0.007926407764352383
612,MAE difference (pp),Seasonal median minus Zero growth,-0.10669298327548171
613,Precision difference (pp),Ridge minus Size-only Ridge,3.562319103865505
613,Precision difference (pp),MLP minus Ridge,0.7333901600848236
613,MAE difference (pp),MLP minus Zero growth,0.010566533307166281
613,MAE difference (pp),MLP minus Ridge,-0.03324002956789451
613,MAE difference (pp),Seasonal median minus Zero growth,-0.09564784582779495
614,Precision difference (pp),Ridge minus Size-only Ridge,2.2909606063896746
614,Precision difference (pp),MLP minus Ridge,-0.8404776820842619
614,MAE difference (pp),MLP minus Zero growth,0.03345867152200288
614,MAE difference (pp),MLP minus Ridge,0.0005864859172524106
614,MAE difference (pp),Seasonal median minus Zero growth,-0.10169685846901233
615,Precision difference (pp),Ridge minus Size-only Ridge,2.237774496425346
615,Precision difference (pp),MLP minus Ridge,-0.6903853395144599
615,MAE difference (pp),MLP minus Zero growth,0.03944719927641982
615,MAE difference (pp),MLP minus Ridge,-0.006267632832211323
615,MAE difference (pp),Seasonal median minus Zero growth,-0.10278895545124822
616,Precision difference (pp),Ridge minus Size-only Ridge,2.469576962751885
616,Precision difference (pp),MLP minus Ridge,1.2633857751869648
616,MAE difference (pp),MLP minus Zero growth,0.029740371008344813
616,MAE difference (pp),MLP minus Ridge,0.004187993905441001
616,MAE difference (pp),Seasonal median minus Zero growth,-0.10340084558508433
617,Precision difference (pp),Ridge minus Size-only Ridge,1.3477415653199016
617,Precision difference (pp),MLP minus Ridge,1.1516896386719822
617,MAE difference (pp),MLP minus Zero growth,0.023741606675820925
617,MAE difference (pp),MLP minus Ridge,-0.01473819703274426
617,MAE difference (pp),Seasonal median minus Zero growth,-0.10813237428990474
618,Precision difference (pp),Ridge minus Size-only Ridge,3.1919028094239854
618,Precision difference (pp),MLP minus Ridge,-0.9797235387161568
618,MAE difference (pp),MLP minus Zero growth,0.005042747390787028
618,MAE difference (pp),MLP minus Ridge,-0.03492168600074441
618,MAE difference (pp),Seasonal median minus Zero growth,-0.0936638715748388
619,Precision difference (pp),Ridge minus Size-only Ridge,4.918234601353396
619,Precision difference (pp),MLP minus Ridge,-1.120449924328376
619,MAE difference (pp),MLP minus Zero growth,-0.005479288345232369
619,MAE difference (pp),MLP minus Ridge,-0.033532087314310566
619,MAE difference (pp),Seasonal median minus Zero growth,-0.10620153356479634
620,Precision difference (pp),Ridge minus Size-only Ridge,3.962734229255191
620,Precision difference (pp),MLP minus Ridge,-0.5595976398168223
620,MAE difference (pp),MLP minus Zero growth,0.015395326887483574
620,MAE difference (pp),MLP minus Ridge,-0.031241802710150424
620,MAE difference (pp),Seasonal median minus Zero growth,-0.10363519923512499
621,Precision difference (pp),Ridge minus Size-only Ridge,4.669914210788184
621,Precision difference (pp),MLP minus Ridge,-0.7451231641987438
621,MAE difference (pp),MLP minus Zero growth,-0.013723272860953983
621,MAE difference (pp),MLP minus Ridge,-0.03866855429698557
621,MAE difference (pp),Seasonal median minus Zero growth,-0.10013269114935985
622,Precision difference (pp),Ridge minus Size-only Ridge,1.3086417200552647
622,Precision difference (pp),MLP minus Ridge,0.8393558287175418
622,MAE difference (pp),MLP minus Zero growth,0.023967191940911903
622,MAE difference (pp),MLP minus Ridge,-0.01752233212803267
622,MAE difference (pp),Seasonal median minus Zero growth,-0.10636065603843559
623,Precision difference (pp),Ridge minus Size-only Ridge,4.066748251356381
623,Precision difference (pp),MLP minus Ridge,-3.008672399667958
623,MAE difference (pp),MLP minus Zero growth,0.08597114102099646
623,MAE difference (pp),MLP minus Ridge,0.005015023878098379
623,MAE difference (pp),Seasonal median minus Zero growth,-0.0902652062601863
624,Precision difference (pp),Ridge minus Size-only Ridge,3.357483632177785
624,Precision difference (pp),MLP minus Ridge,-1.3543965575600474
624,MAE difference (pp),MLP minus Zero growth,0.018985718716488797
624,MAE difference (pp),MLP minus Ridge,0.0027162938090476985
624,MAE difference (pp),Seasonal median minus Zero growth,-0.11262505881353091
625,Precision difference (pp),Ridge minus Size-only Ridge,3.896492664204998
625,Precision difference (pp),MLP minus Ridge,-0.8000991004040781
625,MAE difference (pp),MLP minus Zero growth,0.008114550092824135
625,MAE difference (pp),MLP minus Ridge,-0.02226756683118669
625,MAE difference (pp),Seasonal median minus Zero growth,-0.10567863376620545
626,Precision difference (pp),Ridge minus Size-only Ridge,3.1679656024499208
626,Precision difference (pp),MLP minus Ridge,1.6481056526491789
626,MAE difference (pp),MLP minus Zero growth,0.020218618715959646
626,MAE difference (pp),MLP minus Ridge,-0.01907592403323699
626,MAE difference (pp),Seasonal median minus Zero growth,-0.09656456369386701
627,Precision difference (pp),Ridge minus Size-only Ridge,-0.03697727140295759
627,Precision difference (pp),MLP minus Ridge,-0.6796967206086801
627,MAE difference (pp),MLP minus Zero growth,0.05236002175769228
627,MAE difference (pp),MLP minus Ridge,-0.013162394436339486
627,MAE difference (pp),Seasonal median minus Zero growth,-0.09050827684556939
628,Precision difference (pp),Ridge minus Size-only Ridge,4.326993572355464
628,Precision difference (pp),MLP minus Ridge,0.05073644463086391
628,MAE difference (pp),MLP minus Zero growth,0.007743244136239724
628,MAE difference (pp),MLP minus Ridge,-0.0371483154086909
628,MAE difference (pp),Seasonal median minus Zero growth,-0.1022093897985572
629,Precision difference (pp),Ridge minus Size-only Ridge,5.764505458875746
629,Precision difference (pp),MLP minus Ridge,-2.6500146873641772
629,MAE difference (pp),MLP minus Zero growth,0.04109219060814251
629,MAE difference (pp),MLP minus Ridge,-0.019383571804069355
629,MAE difference (pp),Seasonal median minus Zero growth,-0.09530767825782016
630,Precision difference (pp),Ridge minus Size-only Ridge,3.1854914730811923
630,Precision difference (pp),MLP minus Ridge,0.40805926186786023
630,MAE difference (pp),MLP minus Zero growth,0.04283980766418782
630,MAE difference (pp),MLP minus Ridge,-0.015216061636956102
630,MAE difference (pp),Seasonal median minus Zero growth,-0.10339497726830071
631,Precision difference (pp),Ridge minus Size-only Ridge,2.797212460229892
631,Precision difference (pp),MLP minus Ridge,-0.3023914521904786
631,MAE difference (pp),MLP minus Zero growth,0.01777834209308482
631,MAE difference (pp),MLP minus Ridge,-0.007210135946740248
631,MAE difference (pp),Seasonal median minus Zero growth,-0.11021385422288743
632,Precision difference (pp),Ridge minus Size-only Ridge,5.851272352280443
632,Precision difference (pp),MLP minus Ridge,-0.9356012438629102
632,MAE difference (pp),MLP minus Zero growth,0.01801238158039542
632,MAE difference (pp),MLP minus Ridge,-0.010486866639729975
632,MAE difference (pp),Seasonal median minus Zero growth,-0.10733575359831393
633,Precision difference (pp),Ridge minus Size-only Ridge,4.218972737016447
633,Precision difference (pp),MLP minus Ridge,-2.3126192179649117
633,MAE difference (pp),MLP minus Zero growth,0.051791529861664465
633,MAE difference (pp),MLP minus Ridge,-0.0006943886742116767
633,MAE difference (pp),Seasonal median minus Zero growth,-0.09258587503912885
634,Precision difference (pp),Ridge minus Size-only Ridge,3.7318277197331966
634,Precision difference (pp),MLP minus Ridge,-1.2118710971146447
634,MAE difference (pp),MLP minus Zero growth,0.04062990408751954
634,MAE difference (pp),MLP minus Ridge,0.01978209745456949
634,MAE difference (pp),Seasonal median minus Zero growth,-0.1176053605550278
635,Precision difference (pp),Ridge minus Size-only Ridge,4.303496127704721
635,Precision difference (pp),MLP minus Ridge,0.3558366448391942
635,MAE difference (pp),MLP minus Zero growth,0.0038891029612133643
635,MAE difference (pp),MLP minus Ridge,-0.037460489917327866
635,MAE difference (pp),Seasonal median minus Zero growth,-0.1040166371742286
636,Precision difference (pp),Ridge minus Size-only Ridge,3.136638305449063
636,Precision difference (pp),MLP minus Ridge,0.7285188061917636
636,MAE difference (pp),MLP minus Zero growth,0.06708565330521932
636,MAE difference (pp),MLP minus Ridge,0.0024289772811436627
636,MAE difference (pp),Seasonal median minus Zero growth,-0.09280170807928023
637,Precision difference (pp),Ridge minus Size-only Ridge,3.2127606717798574
637,Precision difference (pp),MLP minus Ridge,-1.1419122817650202
637,MAE difference (pp),MLP minus Zero growth,0.032311848105600394
637,MAE difference (pp),MLP minus Ridge,-0.00971356059129036
637,MAE difference (pp),Seasonal median minus Zero growth,-0.09642384295218998
638,Precision difference (pp),Ridge minus Size-only Ridge,1.6220071723889118
638,Precision difference (pp),MLP minus Ridge,1.0039273330505527
638,MAE difference (pp),MLP minus Zero growth,0.05792072499310574
638,MAE difference (pp),MLP minus Ridge,-0.0019876012821309352
638,MAE difference (pp),Seasonal median minus Zero growth,-0.09465134819273002
639,Precision difference (pp),Ridge minus Size-only Ridge,3.052581839150739
639,Precision difference (pp),MLP minus Ridge,-0.6692810728211929
639,MAE difference (pp),MLP minus Zero growth,0.050627611751010715
639,MAE difference (pp),MLP minus Ridge,-0.0015281067541668136
639,MAE difference (pp),Seasonal median minus Zero growth,-0.09265750264868222
640,Precision difference (pp),Ridge minus Size-only Ridge,2.2134784947982986
640,Precision difference (pp),MLP minus Ridge,0.9799321379528991
640,MAE difference (pp),MLP minus Zero growth,0.035870557636365596
640,MAE difference (pp),MLP minus Ridge,-0.01110362963913758
640,MAE difference (pp),Seasonal median minus Zero growth,-0.09889000827508587
641,Precision difference (pp),Ridge minus Size-only Ridge,3.5016365576084536
641,Precision difference (pp),MLP minus Ridge,-0.46339236992005706
641,MAE difference (pp),MLP minus Zero growth,0.0033702397162347353
641,MAE difference (pp),MLP minus Ridge,-0.012625860692490498
641,MAE difference (pp),Seasonal median minus Zero growth,-0.10494760205050024
642,Precision difference (pp),Ridge minus Size-only Ridge,3.0377768706655788
642,Precision difference (pp),MLP minus Ridge,-0.7073220358400467
642,MAE difference (pp),MLP minus Zero growth,0.04969424671331657
642,MAE difference (pp),MLP minus Ridge,0.011153125000677555
642,MAE difference (pp),Seasonal median minus Zero growth,-0.0981130211372725
643,Precision difference (pp),Ridge minus Size-only Ridge,2.2505347675320087
643,Precision difference (pp),MLP minus Ridge,0.5807539996586453
643,MAE difference (pp),MLP minus Zero growth,0.0555807917283051
643,MAE difference (pp),MLP minus Ridge,-0.029825241797726942
643,MAE difference (pp),Seasonal median minus Zero growth,-0.08729051323226766
644,Precision difference (pp),Ridge minus Size-only Ridge,4.258346307654126
644,Precision difference (pp),MLP minus Ridge,-1.0782707541212189
644,MAE difference (pp),MLP minus Zero growth,0.03144674392584168
644,MAE difference (pp),MLP minus Ridge,0.0021348307029862568
644,MAE difference (pp),Seasonal median minus Zero growth,-0.10507823687509044
645,Precision difference (pp),Ridge minus Size-only Ridge,3.5108211564408824
645,Precision difference (pp),MLP minus Ridge,-0.935638347343426
645,MAE difference (pp),MLP minus Zero growth,0.03581259034946571
645,MAE difference (pp),MLP minus Ridge,0.0017863803868580774
645,MAE difference (pp),Seasonal median minus Zero growth,-0.09962029238887027
646,Precision difference (pp),Ridge minus Size-only Ridge,4.858355212647994
646,Precision difference (pp),MLP minus Ridge,-1.083450746001724
646,MAE difference (pp),MLP minus Zero growth,0.0014157207704572627
646,MAE difference (pp),MLP minus Ridge,-0.05009529586273276
646,MAE difference (pp),Seasonal median minus Zero growth,-0.08579047193122769
647,Precision difference (pp),Ridge minus Size-only Ridge,4.6451235223463785
647,Precision difference (pp),MLP minus Ridge,0.3259732933901416
647,MAE difference (pp),MLP minus Zero growth,0.06695548431241827
647,MAE difference (pp),MLP minus Ridge,-0.000876170864609449
647,MAE difference (pp),Seasonal median minus Zero growth,-0.09442202975460745
648,Precision difference (pp),Ridge minus Size-only Ridge,2.401658474890156
648,Precision difference (pp),MLP minus Ridge,0.8047601788176789
648,MAE difference (pp),MLP minus Zero growth,-0.0018749172504506362
648,MAE difference (pp),MLP minus Ridge,-0.024425795934104766
648,MAE difference (pp),Seasonal median minus Zero growth,-0.10778488171230194
649,Precision difference (pp),Ridge minus Size-only Ridge,2.5084709966687546
649,Precision difference (pp),MLP minus Ridge,-0.9724998647203775
649,MAE difference (pp),MLP minus Zero growth,0.037783364943639874
649,MAE difference (pp),MLP minus Ridge,0.004826515916041885
649,MAE difference (pp),Seasonal median minus Zero growth,-0.10344917732865433
650,Precision difference (pp),Ridge minus Size-only Ridge,2.4947215470158794
650,Precision difference (pp),MLP minus Ridge,1.2576757674228252
650,MAE difference (pp),MLP minus Zero growth,-0.013133712914083162
650,MAE difference (pp),MLP minus Ridge,-0.028591081187403056
650,MAE difference (pp),Seasonal median minus Zero growth,-0.11179398652201522
651,Precision difference (pp),Ridge minus Size-only Ridge,6.016660084177522
651,Precision difference (pp),MLP minus Ridge,-2.6927476841355604
651,MAE difference (pp),MLP minus Zero growth,0.005375457831672481
651,MAE difference (pp),MLP minus Ridge,-0.009550951192534907
651,MAE difference (pp),Seasonal median minus Zero growth,-0.10725018214666315
652,Precision difference (pp),Ridge minus Size-only Ridge,3.8547301474797733
652,Precision difference (pp),MLP minus Ridge,-1.1521396772739223
652,MAE difference (pp),MLP minus Zero growth,0.0038983606404636717
652,MAE difference (pp),MLP minus Ridge,-0.02176315914162874
652,MAE difference (pp),Seasonal median minus Zero growth,-0.10149195178413928
653,Precision difference (pp),Ridge minus Size-only Ridge,2.4899644237775687
653,Precision difference (pp),MLP minus Ridge,-1.906678440679177
653,MAE difference (pp),MLP minus Zero growth,0.06848173179147032
653,MAE difference (pp),MLP minus Ridge,0.013983310023870654
653,MAE difference (pp),Seasonal median minus Zero growth,-0.10195104704662139
654,Precision difference (pp),Ridge minus Size-only Ridge,2.9107544738328883
654,Precision difference (pp),MLP minus Ridge,-0.48309428706969915
654,MAE difference (pp),MLP minus Zero growth,0.04238438094889707
654,MAE difference (pp),MLP minus Ridge,-0.015618061910223524
654,MAE difference (pp),Seasonal median minus Zero growth,-0.09472418736884292
655,Precision difference (pp),Ridge minus Size-only Ridge,1.3352376732481908
655,Precision difference (pp),MLP minus Ridge,-0.32115420955613205
655,MAE difference (pp),MLP minus Zero growth,-0.00344844174745651
655,MAE difference (pp),MLP minus Ridge,-0.019945721990026755
655,MAE difference (pp),Seasonal median minus Zero growth,-0.11455445754381932
656,Precision difference (pp),Ridge minus Size-only Ridge,3.905420785488972
656,Precision difference (pp),MLP minus Ridge,-0.6142592038177852
656,MAE difference (pp),MLP minus Zero growth,0.03288963042001081
656,MAE difference (pp),MLP minus Ridge,-0.028798573328312038
656,MAE difference (pp),Seasonal median minus Zero growth,-0.09379471403417838
657,Precision difference (pp),Ridge minus Size-only Ridge,3.29658722136853
657,Precision difference (pp),MLP minus Ridge,-1.4843518224378849
657,MAE difference (pp),MLP minus Zero growth,0.0631238455041081
657,MAE difference (pp),MLP minus Ridge,0.018530772173317445
657,MAE difference (pp),Seasonal median minus Zero growth,-0.09504712607679355
658,Precision difference (pp),Ridge minus Size-only Ridge,3.5971986168120336
658,Precision difference (pp),MLP minus Ridge,-0.35514419304541744
658,MAE difference (pp),MLP minus Zero growth,0.011798561153606446
658,MAE difference (pp),MLP minus Ridge,-0.010131258188745829
658,MAE difference (pp),Seasonal median minus Zero growth,-0.10318660671866198
659,Precision difference (pp),Ridge minus Size-only Ridge,0.11570377669006815
659,Precision difference (pp),MLP minus Ridge,0.7941343805359019
659,MAE difference (pp),MLP minus Zero growth,0.02366752526204552
659,MAE difference (pp),MLP minus Ridge,-0.01220726351369894
659,MAE difference (pp),Seasonal median minus Zero growth,-0.10008175901896665
660,Precision difference (pp),Ridge minus Size-only Ridge,4.783820132981242
660,Precision difference (pp),MLP minus Ridge,0.16738776682783119
660,MAE difference (pp),MLP minus Zero growth,0.03283048032358682
660,MAE difference (pp),MLP minus Ridge,-0.03365092928600122
660,MAE difference (pp),Seasonal median minus Zero growth,-0.08781981413586593
661,Precision difference (pp),Ridge minus Size-only Ridge,3.245448559616687
661,Precision difference (pp),MLP minus Ridge,-0.24357326141291047
661,MAE difference (pp),MLP minus Zero growth,0.028537935850897256
661,MAE difference (pp),MLP minus Ridge,-0.00829029264686465
661,MAE difference (pp),Seasonal median minus Zero growth,-0.09762200453153413
662,Precision difference (pp),Ridge minus Size-only Ridge,1.494983307561848
662,Precision difference (pp),MLP minus Ridge,-0.23073711656153295
662,MAE difference (pp),MLP minus Zero growth,0.056185980705221183
662,MAE difference (pp),MLP minus Ridge,0.0016872508896308425
662,MAE difference (pp),Seasonal median minus Zero growth,-0.09303529808642574
663,Precision difference (pp),Ridge minus Size-only Ridge,4.727210964266638
663,Precision difference (pp),MLP minus Ridge,-1.2991714373045444
663,MAE difference (pp),MLP minus Zero growth,0.007960830240119066
663,MAE difference (pp),MLP minus Ridge,0.003938202325296292
663,MAE difference (pp),Seasonal median minus Zero growth,-0.10656698107080542
664,Precision difference (pp),Ridge minus Size-only Ridge,4.731635744260437
664,Precision difference (pp),MLP minus Ridge,-0.28962777838111853
664,MAE difference (pp),MLP minus Zero growth,-0.014393793467100569
664,MAE difference (pp),MLP minus Ridge,-0.029110512171496516
664,MAE difference (pp),Seasonal median minus Zero growth,-0.11366214523160689
665,Precision difference (pp),Ridge minus Size-only Ridge,4.461496943963642
665,Precision difference (pp),MLP minus Ridge,-0.5903651099810642
665,MAE difference (pp),MLP minus Zero growth,0.023927203202330993
665,MAE difference (pp),MLP minus Ridge,-0.0318499840805222
665,MAE difference (pp),Seasonal median minus Zero growth,-0.0961616791520874
666,Precision difference (pp),Ridge minus Size-only Ridge,3.131726750094088
666,Precision difference (pp),MLP minus Ridge,-0.21828578723172565
666,MAE difference (pp),MLP minus Zero growth,0.03264889732979892
666,MAE difference (pp),MLP minus Ridge,-0.0025351885555751075
666,MAE difference (pp),Seasonal median minus Zero growth,-0.10146146418207236
667,Precision difference (pp),Ridge minus Size-only Ridge,3.745573537017452
667,Precision difference (pp),MLP minus Ridge,-0.4773782818786598
667,MAE difference (pp),MLP minus Zero growth,-0.0019447065732123292
667,MAE difference (pp),MLP minus Ridge,-0.021976182408284917
667,MAE difference (pp),Seasonal median minus Zero growth,-0.1055471148977829
668,Precision difference (pp),Ridge minus Size-only Ridge,2.112374271256692
668,Precision difference (pp),MLP minus Ridge,1.1873573323942428
668,MAE difference (pp),MLP minus Zero growth,0.026932841359357695
668,MAE difference (pp),MLP minus Ridge,-0.004463545720202244
668,MAE difference (pp),Seasonal median minus Zero growth,-0.09900954140715523
669,Precision difference (pp),Ridge minus Size-only Ridge,1.6308751320980224
669,Precision difference (pp),MLP minus Ridge,0.454341339981959
669,MAE difference (pp),MLP minus Zero growth,0.048649319499083354
669,MAE difference (pp),MLP minus Ridge,0.010718497695645368
669,MAE difference (pp),Seasonal median minus Zero growth,-0.10303256993377197
670,Precision difference (pp),Ridge minus Size-only Ridge,2.9201768469095333
670,Precision difference (pp),MLP minus Ridge,-0.8797280064313351
670,MAE difference (pp),MLP minus Zero growth,0.014234209942194376
670,MAE difference (pp),MLP minus Ridge,-0.0053232820266408964
670,MAE difference (pp),Seasonal median minus Zero growth,-0.10579580865111815
671,Precision difference (pp),Ridge minus Size-only Ridge,3.69560174377363
671,Precision difference (pp),MLP minus Ridge,1.0108530590132003
671,MAE difference (pp),MLP minus Zero growth,0.021875123370942884
671,MAE difference (pp),MLP minus Ridge,-0.01615142176369222
671,MAE difference (pp),Seasonal median minus Zero growth,-0.0993759504409315
672,Precision difference (pp),Ridge minus Size-only Ridge,3.431923196390457
672,Precision difference (pp),MLP minus Ridge,-2.3579825128541536
672,MAE difference (pp),MLP minus Zero growth,0.08491663827106466
672,MAE difference (pp),MLP minus Ridge,0.023506001997914083
672,MAE difference (pp),Seasonal median minus Zero growth,-0.10141004369444229
673,Precision difference (pp),Ridge minus Size-only Ridge,3.070014342270805
673,Precision difference (pp),MLP minus Ridge,-0.01851488942740398
673,MAE difference (pp),MLP minus Zero growth,0.005013863398339424
673,MAE difference (pp),MLP minus Ridge,-0.007652995958142839
673,MAE difference (pp),Seasonal median minus Zero growth,-0.10977847159540843
674,Precision difference (pp),Ridge minus Size-only Ridge,1.9621007224386116
674,Precision difference (pp),MLP minus Ridge,-0.6035912258822773
674,MAE difference (pp),MLP minus Zero growth,0.0485443948729154
674,MAE difference (pp),MLP minus Ridge,-0.02074977377890752
674,MAE difference (pp),Seasonal median minus Zero growth,-0.09165223422777924
675,Precision difference (pp),Ridge minus Size-only Ridge,2.448755920074391
675,Precision difference (pp),MLP minus Ridge,0.7035335643980262
675,MAE difference (pp),MLP minus Zero growth,0.011864391507300454
675,MAE difference (pp),MLP minus Ridge,-0.026501412191797247
675,MAE difference (pp),Seasonal median minus Zero growth,-0.1031063706139057
676,Precision difference (pp),Ridge minus Size-only Ridge,3.206212135901057
676,Precision difference (pp),MLP minus Ridge,1.1166081695631214
676,MAE difference (pp),MLP minus Zero growth,0.034812591376807145
676,MAE difference (pp),MLP minus Ridge,-0.006430620807033716
676,MAE difference (pp),Seasonal median minus Zero growth,-0.0983260479506387
677,Precision difference (pp),Ridge minus Size-only Ridge,1.2875699703385368
677,Precision difference (pp),MLP minus Ridge,-0.21135122288906405
677,MAE difference (pp),MLP minus Zero growth,0.023159850817452643
677,MAE difference (pp),MLP minus Ridge,-0.008801251550776712
677,MAE difference (pp),Seasonal median minus Zero growth,-0.09510708908317511
678,Precision difference (pp),Ridge minus Size-only Ridge,3.4702083495787184
678,Precision difference (pp),MLP minus Ridge,0.6212881118059621
678,MAE difference (pp),MLP minus Zero growth,0.060681550805678164
678,MAE difference (pp),MLP minus Ridge,-0.007106077121209253
678,MAE difference (pp),Seasonal median minus Zero growth,-0.08894907704255628
679,Precision difference (pp),Ridge minus Size-only Ridge,2.578893023636164
679,Precision difference (pp),MLP minus Ridge,-0.48277426846554117
679,MAE difference (pp),MLP minus Zero growth,0.022232893491710204
679,MAE difference (pp),MLP minus Ridge,-0.0198359041850531
679,MAE difference (pp),Seasonal median minus Zero growth,-0.10127973305035409
680,Precision difference (pp),Ridge minus Size-only Ridge,3.0635809897923694
680,Precision difference (pp),MLP minus Ridge,0.09674131911136807
680,MAE difference (pp),MLP minus Zero growth,0.02232444759254326
680,MAE difference (pp),MLP minus Ridge,-0.0056112259558465105
680,MAE difference (pp),Seasonal median minus Zero growth,-0.10341179222480834
681,Precision difference (pp),Ridge minus Size-only Ridge,2.8216955317493824
681,Precision difference (pp),MLP minus Ridge,0.2713803621008787
681,MAE difference (pp),MLP minus Zero growth,0.027635558195496124
681,MAE difference (pp),MLP minus Ridge,-0.015049923135396437
681,MAE difference (pp),Seasonal median minus Zero growth,-0.10568052034266007
682,Precision difference (pp),Ridge minus Size-only Ridge,1.4013765733672467
682,Precision difference (pp),MLP minus Ridge,1.503977633690734
682,MAE difference (pp),MLP minus Zero growth,0.019739185113140767
682,MAE difference (pp),MLP minus Ridge,-0.015932304636111283
682,MAE difference (pp),Seasonal median minus Zero growth,-0.09761231757314137
683,Precision difference (pp),Ridge minus Size-only Ridge,3.2655159644200764
683,Precision difference (pp),MLP minus Ridge,-1.5965890744588456
683,MAE difference (pp),MLP minus Zero growth,0.0341312740687143
683,MAE difference (pp),MLP minus Ridge,-0.01874456253373502
683,MAE difference (pp),Seasonal median minus Zero growth,-0.10245555765944836
684,Precision difference (pp),Ridge minus Size-only Ridge,3.907549029123625
684,Precision difference (pp),MLP minus Ridge,0.4674698475256145
684,MAE difference (pp),MLP minus Zero growth,0.03253873697279763
684,MAE difference (pp),MLP minus Ridge,-0.011173467495138478
684,MAE difference (pp),Seasonal median minus Zero growth,-0.09381319225765994
685,Precision difference (pp),Ridge minus Size-only Ridge,3.1374479408717044
685,Precision difference (pp),MLP minus Ridge,-1.0130317437171605
685,MAE difference (pp),MLP minus Zero growth,0.025871321268688074
685,MAE difference (pp),MLP minus Ridge,-0.03278805515617389
685,MAE difference (pp),Seasonal median minus Zero growth,-0.09437498779793829
686,Precision difference (pp),Ridge minus Size-only Ridge,3.1069500585911984
686,Precision difference (pp),MLP minus Ridge,0.3751436462759161
686,MAE difference (pp),MLP minus Zero growth,0.02224615388327633
686,MAE difference (pp),MLP minus Ridge,-0.030379323045172768
686,MAE difference (pp),Seasonal median minus Zero growth,-0.09597758129314649
687,Precision difference (pp),Ridge minus Size-only Ridge,4.09173393023902
687,Precision difference (pp),MLP minus Ridge,0.6970618730719802
687,MAE difference (pp),MLP minus Zero growth,-0.027723543313773913
687,MAE difference (pp),MLP minus Ridge,-0.07558893327530791
687,MAE difference (pp),Seasonal median minus Zero growth,-0.09918298635686229
688,Precision difference (pp),Ridge minus Size-only Ridge,1.5195241810499889
688,Precision difference (pp),MLP minus Ridge,0.7339422237083781
688,MAE difference (pp),MLP minus Zero growth,-0.008151333672208771
688,MAE difference (pp),MLP minus Ridge,-0.012670451376951775
688,MAE difference (pp),Seasonal median minus Zero growth,-0.11536216931242693
689,Precision difference (pp),Ridge minus Size-only Ridge,4.093193488422411
689,Precision difference (pp),MLP minus Ridge,-0.4819369988400185
689,MAE difference (pp),MLP minus Zero growth,0.044277554591010126
689,MAE difference (pp),MLP minus Ridge,0.00849220668872519
689,MAE difference (pp),Seasonal median minus Zero growth,-0.10342370685288049
690,Precision difference (pp),Ridge minus Size-only Ridge,3.921221896045038
690,Precision difference (pp),MLP minus Ridge,0.044467943454939984
690,MAE difference (pp),MLP minus Zero growth,0.01673829627752621
690,MAE difference (pp),MLP minus Ridge,-0.009110683499176542
690,MAE difference (pp),Seasonal median minus Zero growth,-0.09515214713285225
691,Precision difference (pp),Ridge minus Size-only Ridge,3.234983363209248
691,Precision difference (pp),MLP minus Ridge,-2.0904184867940017
691,MAE difference (pp),MLP minus Zero growth,0.009931105804980245
691,MAE difference (pp),MLP minus Ridge,-0.03409278051579623
691,MAE difference (pp),Seasonal median minus Zero growth,-0.09413002405997828
692,Precision difference (pp),Ridge minus Size-only Ridge,4.492048023904297
692,Precision difference (pp),MLP minus Ridge,-0.554354937920426
692,MAE difference (pp),MLP minus Zero growth,0.020602153886261743
692,MAE difference (pp),MLP minus Ridge,-0.013608741022463011
692,MAE difference (pp),Seasonal median minus Zero growth,-0.09973816046458595
693,Precision difference (pp),Ridge minus Size-only Ridge,1.761871980234761
693,Precision difference (pp),MLP minus Ridge,-0.23181221272678687
693,MAE difference (pp),MLP minus Zero growth,0.023778949714818864
693,MAE difference (pp),MLP minus Ridge,0.0048031842918399015
693,MAE difference (pp),Seasonal median minus Zero growth,-0.1161272960888815
694,Precision difference (pp),Ridge minus Size-only Ridge,5.821689394248642
694,Precision difference (pp),MLP minus Ridge,-0.9062316633858897
694,MAE difference (pp),MLP minus Zero growth,0.03479987969289766
694,MAE difference (pp),MLP minus Ridge,0.003888710233392878
694,MAE difference (pp),Seasonal median minus Zero growth,-0.10254504072566295
695,Precision difference (pp),Ridge minus Size-only Ridge,-1.0389387367122445
695,Precision difference (pp),MLP minus Ridge,0.7636614445929696
695,MAE difference (pp),MLP minus Zero growth,0.036080896106003735
695,MAE difference (pp),MLP minus Ridge,0.003835254428710577
695,MAE difference (pp),Seasonal median minus Zero growth,-0.1032385390065711
696,Precision difference (pp),Ridge minus Size-only Ridge,1.1537481363546487
696,Precision difference (pp),MLP minus Ridge,-0.4749111122039795
696,MAE difference (pp),MLP minus Zero growth,0.016840115065918315
696,MAE difference (pp),MLP minus Ridge,-0.02563914329876882
696,MAE difference (pp),Seasonal median minus Zero growth,-0.09558354109697875
697,Precision difference (pp),Ridge minus Size-only Ridge,2.7601197979561896
697,Precision difference (pp),MLP minus Ridge,1.568244658686499
697,MAE difference (pp),MLP minus Zero growth,0.042773723213299863
697,MAE difference (pp),MLP minus Ridge,0.01448286492675388
697,MAE difference (pp),Seasonal median minus Zero growth,-0.11021830298128643
698,Precision difference (pp),Ridge minus Size-only Ridge,2.1886943648882884
698,Precision difference (pp),MLP minus Ridge,0.7695055448201482
698,MAE difference (pp),MLP minus Zero growth,0.02598865053550581
698,MAE difference (pp),MLP minus Ridge,0.0012572885075927687
698,MAE difference (pp),Seasonal median minus Zero growth,-0.10667270702021003
699,Precision difference (pp),Ridge minus Size-only Ridge,4.01255070023927
699,Precision difference (pp),MLP minus Ridge,-1.5295946635951296
699,MAE difference (pp),MLP minus Zero growth,0.021588621984764522
699,MAE difference (pp),MLP minus Ridge,0.008143275818428108
699,MAE difference (pp),Seasonal median minus Zero growth,-0.11442412015488079
700,Precision difference (pp),Ridge minus Size-only Ridge,2.048504636847326
700,Precision difference (pp),MLP minus Ridge,1.3057674875171372
700,MAE difference (pp),MLP minus Zero growth,-0.0064342710763209965
700,MAE difference (pp),MLP minus Ridge,-0.008106519559123004
700,MAE difference (pp),Seasonal median minus Zero growth,-0.11034075085116202
701,Precision difference (pp),Ridge minus Size-only Ridge,1.7151189652618637
701,Precision difference (pp),MLP minus Ridge,0.8480888833802491
701,MAE difference (pp),MLP minus Zero growth,-0.00045481995501317485
701,MAE difference (pp),MLP minus Ridge,-0.013200263425019454
701,MAE difference (pp),Seasonal median minus Zero growth,-0.10017254698454048
702,Precision difference (pp),Ridge minus Size-only Ridge,3.38532573405389
702,Precision difference (pp),MLP minus Ridge,-0.12626738760454226
702,MAE difference (pp),MLP minus Zero growth,0.031426991221924716
702,MAE difference (pp),MLP minus Ridge,0.0038483929521544447
702,MAE difference (pp),Seasonal median minus Zero growth,-0.1038998508655764
703,Precision difference (pp),Ridge minus Size-only Ridge,2.092150775902474
703,Precision difference (pp),MLP minus Ridge,0.5354909416445369
703,MAE difference (pp),MLP minus Zero growth,0.039234131807079464
703,MAE difference (pp),MLP minus Ridge,-0.0018462877450304838
703,MAE difference (pp),Seasonal median minus Zero growth,-0.10338243425545857
704,Precision difference (pp),Ridge minus Size-only Ridge,2.6578527301054535
704,Precision difference (pp),MLP minus Ridge,1.136582306728548
704,MAE difference (pp),MLP minus Zero growth,0.033125564634085336
704,MAE difference (pp),MLP minus Ridge,-0.00030943935676353007
704,MAE difference (pp),Seasonal median minus Zero growth,-0.10654046745165502
705,Precision difference (pp),Ridge minus Size-only Ridge,3.283001805753949
705,Precision difference (pp),MLP minus Ridge,0.3631693226464866
705,MAE difference (pp),MLP minus Zero growth,0.029768137565792774
705,MAE difference (pp),MLP minus Ridge,-0.022513528234910485
705,MAE difference (pp),Seasonal median minus Zero growth,-0.10091564696416278
706,Precision difference (pp),Ridge minus Size-only Ridge,4.631322594811066
706,Precision difference (pp),MLP minus Ridge,-3.2856574639414466
706,MAE difference (pp),MLP minus Zero growth,0.032692699404264225
706,MAE difference (pp),MLP minus Ridge,-0.0025405045593824838
706,MAE difference (pp),Seasonal median minus Zero growth,-0.10850987350529229
707,Precision difference (pp),Ridge minus Size-only Ridge,3.036819566395388
707,Precision difference (pp),MLP minus Ridge,0.8645586290626617
707,MAE difference (pp),MLP minus Zero growth,0.05763795008743067
707,MAE difference (pp),MLP minus Ridge,-0.006896805082501345
707,MAE difference (pp),Seasonal median minus Zero growth,-0.09352074048190406
708,Precision difference (pp),Ridge minus Size-only Ridge,1.4301473980805168
708,Precision difference (pp),MLP minus Ridge,1.7363068315113166
708,MAE difference (pp),MLP minus Zero growth,0.010936699894203983
708,MAE difference (pp),MLP minus Ridge,-0.03401973012512505
708,MAE difference (pp),Seasonal median minus Zero growth,-0.10298230114504658
709,Precision difference (pp),Ridge minus Size-only Ridge,5.948600685280048
709,Precision difference (pp),MLP minus Ridge,-0.9605830351956862
709,MAE difference (pp),MLP minus Zero growth,0.020911646620892732
709,MAE difference (pp),MLP minus Ridge,-0.03387525164742344
709,MAE difference (pp),Seasonal median minus Zero growth,-0.09599441947203147
710,Precision difference (pp),Ridge minus Size-only Ridge,2.305700319671364
710,Precision difference (pp),MLP minus Ridge,0.8667866493005327
710,MAE difference (pp),MLP minus Zero growth,0.03302059480685049
710,MAE difference (pp),MLP minus Ridge,-0.01523998931913928
710,MAE difference (pp),Seasonal median minus Zero growth,-0.10371884605169601
711,Precision difference (pp),Ridge minus Size-only Ridge,2.869532771918801
711,Precision difference (pp),MLP minus Ridge,1.1702788085752895
711,MAE difference (pp),MLP minus Zero growth,0.007279923300119062
711,MAE difference (pp),MLP minus Ridge,-0.0318327022748206
711,MAE difference (pp),Seasonal median minus Zero growth,-0.0897168749005175
712,Precision difference (pp),Ridge minus Size-only Ridge,2.956183599326967
712,Precision difference (pp),MLP minus Ridge,-0.6877365624187504
712,MAE difference (pp),MLP minus Zero growth,0.029598050428908174
712,MAE difference (pp),MLP minus Ridge,-0.0027449211113945715
712,MAE difference (pp),Seasonal median minus Zero growth,-0.09574738047515075
713,Precision difference (pp),Ridge minus Size-only Ridge,1.3628106575233194
713,Precision difference (pp),MLP minus Ridge,0.8383118727061656
713,MAE difference (pp),MLP minus Zero growth,0.001319665754896171
713,MAE difference (pp),MLP minus Ridge,-0.03608654206748119
713,MAE difference (pp),Seasonal median minus Zero growth,-0.10398187039592743
714,Precision difference (pp),Ridge minus Size-only Ridge,3.3599151921504062
714,Precision difference (pp),MLP minus Ridge,0.9383197295348061
714,MAE difference (pp),MLP minus Zero growth,0.004725284703575028
714,MAE difference (pp),MLP minus Ridge,-0.02784172686236097
714,MAE difference (pp),Seasonal median minus Zero growth,-0.08639316143808529
715,Precision difference (pp),Ridge minus Size-only Ridge,2.066288528509011
715,Precision difference (pp),MLP minus Ridge,2.5152957762907406
715,MAE difference (pp),MLP minus Zero growth,-0.005696631312058553
715,MAE difference (pp),MLP minus Ridge,-0.020470708511420188
715,MAE difference (pp),Seasonal median minus Zero growth,-0.11422074944833494
716,Precision difference (pp),Ridge minus Size-only Ridge,1.3530316046580004
716,Precision difference (pp),MLP minus Ridge,0.8595191965631521
716,MAE difference (pp),MLP minus Zero growth,0.06130509772571191
716,MAE difference (pp),MLP minus Ridge,0.007724337063741427
716,MAE difference (pp),Seasonal median minus Zero growth,-0.0935126064364713
717,Precision difference (pp),Ridge minus Size-only Ridge,3.562185741731155
717,Precision difference (pp),MLP minus Ridge,-0.360601334189356
717,MAE difference (pp),MLP minus Zero growth,0.021807619924330446
717,MAE difference (pp),MLP minus Ridge,-0.01197888600817798
717,MAE difference (pp),Seasonal median minus Zero growth,-0.09153940473231437
718,Precision difference (pp),Ridge minus Size-only Ridge,3.8276258468653097
718,Precision difference (pp),MLP minus Ridge,-1.3016539558411617
718,MAE difference (pp),MLP minus Zero growth,0.030067584881887655
718,MAE difference (pp),MLP minus Ridge,-0.01971650339206965
718,MAE difference (pp),Seasonal median minus Zero growth,-0.10340953689289556
719,Precision difference (pp),Ridge minus Size-only Ridge,1.514018499137995
719,Precision difference (pp),MLP minus Ridge,0.5332914801004368
719,MAE difference (pp),MLP minus Zero growth,0.0416152101946099
719,MAE difference (pp),MLP minus Ridge,-0.008857711274972146
719,MAE difference (pp),Seasonal median minus Zero growth,-0.1063716671895305
720,Precision difference (pp),Ridge minus Size-only Ridge,3.9094353067879255
720,Precision difference (pp),MLP minus Ridge,1.031854092573803
720,MAE difference (pp),MLP minus Zero growth,-0.02298524251793088
720,MAE difference (pp),MLP minus Ridge,-0.043595343287074595
720,MAE difference (pp),Seasonal median minus Zero growth,-0.10315512290969941
721,Precision difference (pp),Ridge minus Size-only Ridge,1.7549538159210316
721,Precision difference (pp),MLP minus Ridge,1.706414509606677
721,MAE difference (pp),MLP minus Zero growth,0.0377176922862934
721,MAE difference (pp),MLP minus Ridge,-0.0019959324062361894
721,MAE difference (pp),Seasonal median minus Zero growth,-0.11159397087448442
722,Precision difference (pp),Ridge minus Size-only Ridge,4.916425907771255
722,Precision difference (pp),MLP minus Ridge,-2.0423696187041567
722,MAE difference (pp),MLP minus Zero growth,0.008911862309138208
722,MAE difference (pp),MLP minus Ridge,-0.0069751127154868975
722,MAE difference (pp),Seasonal median minus Zero growth,-0.11757541265607596
723,Precision difference (pp),Ridge minus Size-only Ridge,5.370417163299734
723,Precision difference (pp),MLP minus Ridge,-2.276514657484849
723,MAE difference (pp),MLP minus Zero growth,0.05143797349410795
723,MAE difference (pp),MLP minus Ridge,-0.006172726981869214
723,MAE difference (pp),Seasonal median minus Zero growth,-0.09386671102082467
724,Precision difference (pp),Ridge minus Size-only Ridge,3.385780424763854
724,Precision difference (pp),MLP minus Ridge,0.6029690769863427
724,MAE difference (pp),MLP minus Zero growth,0.02546477104345435
724,MAE difference (pp),MLP minus Ridge,-0.018838870253665707
724,MAE difference (pp),Seasonal median minus Zero growth,-0.09938188567488959
725,Precision difference (pp),Ridge minus Size-only Ridge,2.250872759519779
725,Precision difference (pp),MLP minus Ridge,-0.12693792027393402
725,MAE difference (pp),MLP minus Zero growth,0.027808547512533366
725,MAE difference (pp),MLP minus Ridge,0.0059220620887621145
725,MAE difference (pp),Seasonal median minus Zero growth,-0.10217141417427822
726,Precision difference (pp),Ridge minus Size-only Ridge,3.081466750284001
726,Precision difference (pp),MLP minus Ridge,-0.13630320113539318
726,MAE difference (pp),MLP minus Zero growth,0.021096598865283145
726,MAE difference (pp),MLP minus Ridge,-0.025562846737303246
726,MAE difference (pp),Seasonal median minus Zero growth,-0.10219675043440812
727,Precision difference (pp),Ridge minus Size-only Ridge,2.7289609398005426
727,Precision difference (pp),MLP minus Ridge,0.6323538963421055
727,MAE difference (pp),MLP minus Zero growth,0.004757755349435566
727,MAE difference (pp),MLP minus Ridge,-0.030043274614746984
727,MAE difference (pp),Seasonal median minus Zero growth,-0.09793127931637313
728,Precision difference (pp),Ridge minus Size-only Ridge,0.9070731421841838
728,Precision difference (pp),MLP minus Ridge,1.172989541595462
728,MAE difference (pp),MLP minus Zero growth,0.0012460070475519558
728,MAE difference (pp),MLP minus Ridge,-0.03748749160753784
728,MAE difference (pp),Seasonal median minus Zero growth,-0.09910885913997358
729,Precision difference (pp),Ridge minus Size-only Ridge,3.7556595728008095
729,Precision difference (pp),MLP minus Ridge,-0.5577842877560801
729,MAE difference (pp),MLP minus Zero growth,0.04484590483924267
729,MAE difference (pp),MLP minus Ridge,-0.014568173250300909
729,MAE difference (pp),Seasonal median minus Zero growth,-0.1025700129325231
730,Precision difference (pp),Ridge minus Size-only Ridge,4.626358322803137
730,Precision difference (pp),MLP minus Ridge,0.42729134351437714
730,MAE difference (pp),MLP minus Zero growth,0.0392099531298058
730,MAE difference (pp),MLP minus Ridge,-0.025642504921800313
730,MAE difference (pp),Seasonal median minus Zero growth,-0.09738464113323753
731,Precision difference (pp),Ridge minus Size-only Ridge,3.6852195741276796
731,Precision difference (pp),MLP minus Ridge,-0.23866927644834723
731,MAE difference (pp),MLP minus Zero growth,0.02031946322886924
731,MAE difference (pp),MLP minus Ridge,-0.03521361191075956
731,MAE difference (pp),Seasonal median minus Zero growth,-0.09967775725132544
732,Precision difference (pp),Ridge minus Size-only Ridge,2.186431151836926
732,Precision difference (pp),MLP minus Ridge,-1.0119398768264176
732,MAE difference (pp),MLP minus Zero growth,0.07325324497166541
732,MAE difference (pp),MLP minus Ridge,0.002440310798894618
732,MAE difference (pp),Seasonal median minus Zero growth,-0.08699690486768752
733,Precision difference (pp),Ridge minus Size-only Ridge,3.304139384846916
733,Precision difference (pp),MLP minus Ridge,0.7251436536178546
733,MAE difference (pp),MLP minus Zero growth,0.07738534307454437
733,MAE difference (pp),MLP minus Ridge,0.023282139056389095
733,MAE difference (pp),Seasonal median minus Zero growth,-0.09534675264414227
734,Precision difference (pp),Ridge minus Size-only Ridge,0.9043990260236945
734,Precision difference (pp),MLP minus Ridge,0.20907825501967348
734,MAE difference (pp),MLP minus Zero growth,0.009081759622428187
734,MAE difference (pp),MLP minus Ridge,-0.028581967692067334
734,MAE difference (pp),Seasonal median minus Zero growth,-0.10315379804360747
735,Precision difference (pp),Ridge minus Size-only Ridge,1.6617405501558409
735,Precision difference (pp),MLP minus Ridge,-0.07987859474309633
735,MAE difference (pp),MLP minus Zero growth,0.022923208317615185
735,MAE difference (pp),MLP minus Ridge,-0.002758348628480789
735,MAE difference (pp),Seasonal median minus Zero growth,-0.10883249317876587
736,Precision difference (pp),Ridge minus Size-only Ridge,3.9078579151756916
736,Precision difference (pp),MLP minus Ridge,-1.2578661860698865
736,MAE difference (pp),MLP minus Zero growth,0.017949669929922862
736,MAE difference (pp),MLP minus Ridge,-0.041458908710707565
736,MAE difference (pp),Seasonal median minus Zero growth,-0.09697402251254239
737,Precision difference (pp),Ridge minus Size-only Ridge,2.740922980789745
737,Precision difference (pp),MLP minus Ridge,0.6389862289515214
737,MAE difference (pp),MLP minus Zero growth,0.04873738010204365
737,MAE difference (pp),MLP minus Ridge,0.017318017563303645
737,MAE difference (pp),Seasonal median minus Zero growth,-0.10927949393685799
738,Precision difference (pp),Ridge minus Size-only Ridge,4.160193239985685
738,Precision difference (pp),MLP minus Ridge,-1.5155290644523727
738,MAE difference (pp),MLP minus Zero growth,0.047027474065935326
738,MAE difference (pp),MLP minus Ridge,-0.016736312733594882
738,MAE difference (pp),Seasonal median minus Zero growth,-0.0893632641685107
739,Precision difference (pp),Ridge minus Size-only Ridge,4.061591743812132
739,Precision difference (pp),MLP minus Ridge,0.049799745007239604
739,MAE difference (pp),MLP minus Zero growth,0.018943748467948218
739,MAE difference (pp),MLP minus Ridge,-0.01772258773366797
739,MAE difference (pp),Seasonal median minus Zero growth,-0.1088568409077002
740,Precision difference (pp),Ridge minus Size-only Ridge,4.6063544023232925
740,Precision difference (pp),MLP minus Ridge,-0.9395929889955829
740,MAE difference (pp),MLP minus Zero growth,0.014426854541803813
740,MAE difference (pp),MLP minus Ridge,-0.016131715751440012
740,MAE difference (pp),Seasonal median minus Zero growth,-0.10091939776282999
741,Precision difference (pp),Ridge minus Size-only Ridge,1.4380759176870872
741,Precision difference (pp),MLP minus Ridge,0.790865917436584
741,MAE difference (pp),MLP minus Zero growth,0.04363789817204955
741,MAE difference (pp),MLP minus Ridge,-0.0030843972413423515
741,MAE difference (pp),Seasonal median minus Zero growth,-0.10415687162902865
742,Precision difference (pp),Ridge minus Size-only Ridge,2.989325076178359
742,Precision difference (pp),MLP minus Ridge,0.35022350062398344
742,MAE difference (pp),MLP minus Zero growth,0.06111504256564526
742,MAE difference (pp),MLP minus Ridge,-0.003073817386884947
742,MAE difference (pp),Seasonal median minus Zero growth,-0.08982277990600052
743,Precision difference (pp),Ridge minus Size-only Ridge,4.4227747081045985
743,Precision difference (pp),MLP minus Ridge,-3.1557113873237066
743,MAE difference (pp),MLP minus Zero growth,0.01280836082092307
743,MAE difference (pp),MLP minus Ridge,-0.0009524558649203207
743,MAE difference (pp),Seasonal median minus Zero growth,-0.1126319898756929
744,Precision difference (pp),Ridge minus Size-only Ridge,2.6656109051972243
744,Precision difference (pp),MLP minus Ridge,1.9341431979992163
744,MAE difference (pp),MLP minus Zero growth,0.0021333168644557254
744,MAE difference (pp),MLP minus Ridge,-0.017441701296118328
744,MAE difference (pp),Seasonal median minus Zero growth,-0.10331824495219433
745,Precision difference (pp),Ridge minus Size-only Ridge,4.584880295308263
745,Precision difference (pp),MLP minus Ridge,0.005805088263383107
745,MAE difference (pp),MLP minus Zero growth,0.010163583806191312
745,MAE difference (pp),MLP minus Ridge,-0.014145443689145942
745,MAE difference (pp),Seasonal median minus Zero growth,-0.10539575785253597
746,Precision difference (pp),Ridge minus Size-only Ridge,1.649521538322543
746,Precision difference (pp),MLP minus Ridge,0.389001171958947
746,MAE difference (pp),MLP minus Zero growth,-0.013492814136368825
746,MAE difference (pp),MLP minus Ridge,-0.04216189752982302
746,MAE difference (pp),Seasonal median minus Zero growth,-0.09452608260192008
747,Precision difference (pp),Ridge minus Size-only Ridge,2.3498122271115336
747,Precision difference (pp),MLP minus Ridge,0.8871101916398727
747,MAE difference (pp),MLP minus Zero growth,0.05429933154331135
747,MAE difference (pp),MLP minus Ridge,0.014373364819162404
747,MAE difference (pp),Seasonal median minus Zero growth,-0.0974449989065489
748,Precision difference (pp),Ridge minus Size-only Ridge,1.6017779150502092
748,Precision difference (pp),MLP minus Ridge,1.1178496744147781
748,MAE difference (pp),MLP minus Zero growth,0.020797037925340156
748,MAE difference (pp),MLP minus Ridge,-0.01616196617309429
748,MAE difference (pp),Seasonal median minus Zero growth,-0.10028069650636251
749,Precision difference (pp),Ridge minus Size-only Ridge,2.6189276199673373
749,Precision difference (pp),MLP minus Ridge,1.0070288576869117
749,MAE difference (pp),MLP minus Zero growth,0.03600445045406886
749,MAE difference (pp),MLP minus Ridge,-0.008069950360759748
749,MAE difference (pp),Seasonal median minus Zero growth,-0.10065383650189297
750,Precision difference (pp),Ridge minus Size-only Ridge,3.691629616963199
750,Precision difference (pp),MLP minus Ridge,-0.47558173223688494
750,MAE difference (pp),MLP minus Zero growth,0.01446838148621854
750,MAE difference (pp),MLP minus Ridge,-0.018545069534991576
750,MAE difference (pp),Seasonal median minus Zero growth,-0.11000390049533282
751,Precision difference (pp),Ridge minus Size-only Ridge,3.624569361221941
751,Precision difference (pp),MLP minus Ridge,-0.700016394909625
751,MAE difference (pp),MLP minus Zero growth,0.04289170538452369
751,MAE difference (pp),MLP minus Ridge,-0.013215896874091193
751,MAE difference (pp),Seasonal median minus Zero growth,-0.0982478880448947
752,Precision difference (pp),Ridge minus Size-only Ridge,4.690099651187496
752,Precision difference (pp),MLP minus Ridge,-0.7408938368980378
752,MAE difference (pp),MLP minus Zero growth,0.03194777111328451
752,MAE difference (pp),MLP minus Ridge,-0.017093864073765452
752,MAE difference (pp),Seasonal median minus Zero growth,-0.0935294051983484
753,Precision difference (pp),Ridge minus Size-only Ridge,2.259538028313024
753,Precision difference (pp),MLP minus Ridge,-1.0830037203221927
753,MAE difference (pp),MLP minus Zero growth,0.057566390374634846
753,MAE difference (pp),MLP minus Ridge,0.002216521029411833
753,MAE difference (pp),Seasonal median minus Zero growth,-0.0930152131631643
754,Precision difference (pp),Ridge minus Size-only Ridge,0.4183788918078135
754,Precision difference (pp),MLP minus Ridge,-0.5316340702331529
754,MAE difference (pp),MLP minus Zero growth,0.022716729415293013
754,MAE difference (pp),MLP minus Ridge,0.0021646420350269757
754,MAE difference (pp),Seasonal median minus Zero growth,-0.11181709208321289
755,Precision difference (pp),Ridge minus Size-only Ridge,3.9998131180010805
755,Precision difference (pp),MLP minus Ridge,-1.2315267944229935
755,MAE difference (pp),MLP minus Zero growth,0.02157046234173965
755,MAE difference (pp),MLP minus Ridge,-0.016767751530135655
755,MAE difference (pp),Seasonal median minus Zero growth,-0.09566462755401206
756,Precision difference (pp),Ridge minus Size-only Ridge,2.7078066245377923
756,Precision difference (pp),MLP minus Ridge,0.524577855153055
756,MAE difference (pp),MLP minus Zero growth,0.021828509637233928
756,MAE difference (pp),MLP minus Ridge,-0.01075933436621579
756,MAE difference (pp),Seasonal median minus Zero growth,-0.10148403906512904
757,Precision difference (pp),Ridge minus Size-only Ridge,4.8294982541127185
757,Precision difference (pp),MLP minus Ridge,-1.5845320929657403
757,MAE difference (pp),MLP minus Zero growth,0.004132271912408392
757,MAE difference (pp),MLP minus Ridge,-0.023196320399137882
757,MAE difference (pp),Seasonal median minus Zero growth,-0.10290420401532385
758,Precision difference (pp),Ridge minus Size-only Ridge,3.473931563191654
758,Precision difference (pp),MLP minus Ridge,0.8566954123555875
758,MAE difference (pp),MLP minus Zero growth,0.018819501028672025
758,MAE difference (pp),MLP minus Ridge,-0.02644661305839069
758,MAE difference (pp),Seasonal median minus Zero growth,-0.09703975920257912
759,Precision difference (pp),Ridge minus Size-only Ridge,2.853950514143788
759,Precision difference (pp),MLP minus Ridge,0.3161547918537094
759,MAE difference (pp),MLP minus Zero growth,0.029881943318668558
759,MAE difference (pp),MLP minus Ridge,0.0034163959519841747
759,MAE difference (pp),Seasonal median minus Zero growth,-0.11061869892921683
760,Precision difference (pp),Ridge minus Size-only Ridge,2.708388061988465
760,Precision difference (pp),MLP minus Ridge,0.31721470677325003
760,MAE difference (pp),MLP minus Zero growth,0.029316578205753174
760,MAE difference (pp),MLP minus Ridge,-0.019407521483481016
760,MAE difference (pp),Seasonal median minus Zero growth,-0.08880510631081195
761,Precision difference (pp),Ridge minus Size-only Ridge,1.2333987586694155
761,Precision difference (pp),MLP minus Ridge,0.566707168526534
761,MAE difference (pp),MLP minus Zero growth,0.0596387674649792
761,MAE difference (pp),MLP minus Ridge,0.0018853668291063386
761,MAE difference (pp),Seasonal median minus Zero growth,-0.08989683299356921
762,Precision difference (pp),Ridge minus Size-only Ridge,-0.01043912530940272
762,Precision difference (pp),MLP minus Ridge,0.5291611103771077
762,MAE difference (pp),MLP minus Zero growth,0.04260325562770628
762,MAE difference (pp),MLP minus Ridge,0.002268369186139374
762,MAE difference (pp),Seasonal median minus Zero growth,-0.09879980126182586
763,Precision difference (pp),Ridge minus Size-only Ridge,3.5231103209688697
763,Precision difference (pp),MLP minus Ridge,0.3631318918927956
763,MAE difference (pp),MLP minus Zero growth,0.030107522605869352
763,MAE difference (pp),MLP minus Ridge,-0.015181570478296713
763,MAE difference (pp),Seasonal median minus Zero growth,-0.10229442675610967
764,Precision difference (pp),Ridge minus Size-only Ridge,6.478321947160739
764,Precision difference (pp),MLP minus Ridge,-0.8680811880704159
764,MAE difference (pp),MLP minus Zero growth,0.04606958384409454
764,MAE difference (pp),MLP minus Ridge,-0.03672198746070343
764,MAE difference (pp),Seasonal median minus Zero growth,-0.08803575893814575
765,Precision difference (pp),Ridge minus Size-only Ridge,1.9791797145362362
765,Precision difference (pp),MLP minus Ridge,-1.3016077864546116
765,MAE difference (pp),MLP minus Zero growth,0.022487261996924968
765,MAE difference (pp),MLP minus Ridge,-0.02456583323384809
765,MAE difference (pp),Seasonal median minus Zero growth,-0.10331437214823147
766,Precision difference (pp),Ridge minus Size-only Ridge,3.1771267736176165
766,Precision difference (pp),MLP minus Ridge,1.39934825338027
766,MAE difference (pp),MLP minus Zero growth,-0.011308618718133268
766,MAE difference (pp),MLP minus Ridge,-0.021230368753714757
766,MAE difference (pp),Seasonal median minus Zero growth,-0.1165220336571986
767,Precision difference (pp),Ridge minus Size-only Ridge,2.6405870691500635
767,Precision difference (pp),MLP minus Ridge,0.018594180267361704
767,MAE difference (pp),MLP minus Zero growth,0.04955293197168231
767,MAE difference (pp),MLP minus Ridge,0.002321431157398024
767,MAE difference (pp),Seasonal median minus Zero growth,-0.10148861569119294
768,Precision difference (pp),Ridge minus Size-only Ridge,0.7661441202551744
768,Precision difference (pp),MLP minus Ridge,1.628143406211191
768,MAE difference (pp),MLP minus Zero growth,0.011367254759892642
768,MAE difference (pp),MLP minus Ridge,-0.010691540861397897
768,MAE difference (pp),Seasonal median minus Zero growth,-0.10916499816555714
769,Precision difference (pp),Ridge minus Size-only Ridge,2.4523497177964564
769,Precision difference (pp),MLP minus Ridge,0.34938949219648074
769,MAE difference (pp),MLP minus Zero growth,0.004319646027781232
769,MAE difference (pp),MLP minus Ridge,-0.024202082455125673
769,MAE difference (pp),Seasonal median minus Zero growth,-0.10526215258480542
770,Precision difference (pp),Ridge minus Size-only Ridge,4.4301755564256755
770,Precision difference (pp),MLP minus Ridge,-0.22313902487706982
770,MAE difference (pp),MLP minus Zero growth,0.03096134497089542
770,MAE difference (pp),MLP minus Ridge,-0.006557879638595665
770,MAE difference (pp),Seasonal median minus Zero growth,-0.11155294976207752
771,Precision difference (pp),Ridge minus Size-only Ridge,3.9126456127387854
771,Precision difference (pp),MLP minus Ridge,-0.8771524922079055
771,MAE difference (pp),MLP minus Zero growth,0.028364099205460125
771,MAE difference (pp),MLP minus Ridge,-0.018333132446946454
771,MAE difference (pp),Seasonal median minus Zero growth,-0.09557414154591104
772,Precision difference (pp),Ridge minus Size-only Ridge,3.744143154819293
772,Precision difference (pp),MLP minus Ridge,0.3381695805482615
772,MAE difference (pp),MLP minus Zero growth,0.04486611406755081
772,MAE difference (pp),MLP minus Ridge,-0.002569199642312281
772,MAE difference (pp),Seasonal median minus Zero growth,-0.10310925789461889
773,Precision difference (pp),Ridge minus Size-only Ridge,1.319258330581294
773,Precision difference (pp),MLP minus Ridge,-1.1888256614933952
773,MAE difference (pp),MLP minus Zero growth,0.045581239542338725
773,MAE difference (pp),MLP minus Ridge,-0.003314593069870142
773,MAE difference (pp),Seasonal median minus Zero growth,-0.09426521153070899
774,Precision difference (pp),Ridge minus Size-only Ridge,4.639598518975219
774,Precision difference (pp),MLP minus Ridge,-0.6150703218972403
774,MAE difference (pp),MLP minus Zero growth,-0.026112853273598358
774,MAE difference (pp),MLP minus Ridge,-0.030020127131366703
774,MAE difference (pp),Seasonal median minus Zero growth,-0.10911332686539454
775,Precision difference (pp),Ridge minus Size-only Ridge,3.2418113612050767
775,Precision difference (pp),MLP minus Ridge,-0.36133951449724144
775,MAE difference (pp),MLP minus Zero growth,0.061322477627998584
775,MAE difference (pp),MLP minus Ridge,0.02137859112922813
775,MAE difference (pp),Seasonal median minus Zero growth,-0.10371472057292364
776,Precision difference (pp),Ridge minus Size-only Ridge,2.2551300629249758
776,Precision difference (pp),MLP minus Ridge,1.0492356656424535
776,MAE difference (pp),MLP minus Zero growth,0.04724527972630366
776,MAE difference (pp),MLP minus Ridge,-0.012827316514359755
776,MAE difference (pp),Seasonal median minus Zero growth,-0.10268359013270967
777,Precision difference (pp),Ridge minus Size-only Ridge,5.04416914659736
777,Precision difference (pp),MLP minus Ridge,-2.9372931951342993
777,MAE difference (pp),MLP minus Zero growth,0.029889890341259218
777,MAE difference (pp),MLP minus Ridge,-0.024331563870637396
777,MAE difference (pp),Seasonal median minus Zero growth,-0.09461227656370585
778,Precision difference (pp),Ridge minus Size-only Ridge,1.6970371258817978
778,Precision difference (pp),MLP minus Ridge,0.19865914675525898
778,MAE difference (pp),MLP minus Zero growth,0.01957765372415121
778,MAE difference (pp),MLP minus Ridge,-0.003048939375073445
778,MAE difference (pp),Seasonal median minus Zero growth,-0.10822557743847083
779,Precision difference (pp),Ridge minus Size-only Ridge,1.9091309024115322
779,Precision difference (pp),MLP minus Ridge,2.6446632572915685
779,MAE difference (pp),MLP minus Zero growth,0.0110702897803594
779,MAE difference (pp),MLP minus Ridge,-0.018382272152596357
779,MAE difference (pp),Seasonal median minus Zero growth,-0.11891782574889875
780,Precision difference (pp),Ridge minus Size-only Ridge,5.399233825412736
780,Precision difference (pp),MLP minus Ridge,-4.152519954295123
780,MAE difference (pp),MLP minus Zero growth,-0.0015493766900016581
780,MAE difference (pp),MLP minus Ridge,0.00016918886172101466
780,MAE difference (pp),Seasonal median minus Zero growth,-0.11056506346171968
781,Precision difference (pp),Ridge minus Size-only Ridge,2.208465737028992
781,Precision difference (pp),MLP minus Ridge,-0.9105699174611848
781,MAE difference (pp),MLP minus Zero growth,0.03586065950656003
781,MAE difference (pp),MLP minus Ridge,0.009487049756155663
781,MAE difference (pp),Seasonal median minus Zero growth,-0.10908146744344371
782,Precision difference (pp),Ridge minus Size-only Ridge,1.712720271522858
782,Precision difference (pp),MLP minus Ridge,2.4481944876349333
782,MAE difference (pp),MLP minus Zero growth,0.013793731244722718
782,MAE difference (pp),MLP minus Ridge,-0.018689516360073544
782,MAE difference (pp),Seasonal median minus Zero growth,-0.09357503375984022
783,Precision difference (pp),Ridge minus Size-only Ridge,5.37534187706912
783,Precision difference (pp),MLP minus Ridge,-0.6631629107867965
783,MAE difference (pp),MLP minus Zero growth,0.03845624444168294
783,MAE difference (pp),MLP minus Ridge,-0.00900568536598012
783,MAE difference (pp),Seasonal median minus Zero growth,-0.09778226597140716
784,Precision difference (pp),Ridge minus Size-only Ridge,4.960644536016639
784,Precision difference (pp),MLP minus Ridge,-1.1079044757607848
784,MAE difference (pp),MLP minus Zero growth,0.020896084185050512
784,MAE difference (pp),MLP minus Ridge,-0.01341115965594808
784,MAE difference (pp),Seasonal median minus Zero growth,-0.10508114997145057
785,Precision difference (pp),Ridge minus Size-only Ridge,2.4533611411655665
785,Precision difference (pp),MLP minus Ridge,0.17628943159826715
785,MAE difference (pp),MLP minus Zero growth,0.040281106266689015
785,MAE difference (pp),MLP minus Ridge,-0.00941820229381829
785,MAE difference (pp),Seasonal median minus Zero growth,-0.10779937577247845
786,Precision difference (pp),Ridge minus Size-only Ridge,3.8550947719765194
786,Precision difference (pp),MLP minus Ridge,0.630759012465193
786,MAE difference (pp),MLP minus Zero growth,0.08037858451099611
786,MAE difference (pp),MLP minus Ridge,-0.0033410570959020447
786,MAE difference (pp),Seasonal median minus Zero growth,-0.08066285232005477
787,Precision difference (pp),Ridge minus Size-only Ridge,2.956263431019035
787,Precision difference (pp),MLP minus Ridge,-1.0873883814593477
787,MAE difference (pp),MLP minus Zero growth,0.0341782553583192
787,MAE difference (pp),MLP minus Ridge,-0.010485825443413255
787,MAE difference (pp),Seasonal median minus Zero growth,-0.09731261730015506
788,Precision difference (pp),Ridge minus Size-only Ridge,3.4405573981861783
788,Precision difference (pp),MLP minus Ridge,-2.9656711554220645
788,MAE difference (pp),MLP minus Zero growth,0.03789395327443312
788,MAE difference (pp),MLP minus Ridge,-0.008506704070354143
788,MAE difference (pp),Seasonal median minus Zero growth,-0.10480816342820365
789,Precision difference (pp),Ridge minus Size-only Ridge,2.559271378707667
789,Precision difference (pp),MLP minus Ridge,1.210836545327179
789,MAE difference (pp),MLP minus Zero growth,0.04204321492437346
789,MAE difference (pp),MLP minus Ridge,-0.005444930900726064
789,MAE difference (pp),Seasonal median minus Zero growth,-0.10159157863408463
790,Precision difference (pp),Ridge minus Size-only Ridge,1.9711252642032688
790,Precision difference (pp),MLP minus Ridge,0.28390772590592417
790,MAE difference (pp),MLP minus Zero growth,0.018598946856574372
790,MAE difference (pp),MLP minus Ridge,-0.017946672699031385
790,MAE difference (pp),Seasonal median minus Zero growth,-0.1088901123459527
791,Precision difference (pp),Ridge minus Size-only Ridge,3.8186219711024787
791,Precision difference (pp),MLP minus Ridge,-0.5661591811431471
791,MAE difference (pp),MLP minus Zero growth,0.024205654142184674
791,MAE difference (pp),MLP minus Ridge,-0.0032962918372207994
791,MAE difference (pp),Seasonal median minus Zero growth,-0.11053803225854253
792,Precision difference (pp),Ridge minus Size-only Ridge,3.3823869201754757
792,Precision difference (pp),MLP minus Ridge,-0.09431356302581628
792,MAE difference (pp),MLP minus Zero growth,0.015387906009761476
792,MAE difference (pp),MLP minus Ridge,-0.00716624735175353
792,MAE difference (pp),Seasonal median minus Zero growth,-0.11287339554330122
793,Precision difference (pp),Ridge minus Size-only Ridge,0.7073785902986851
793,Precision difference (pp),MLP minus Ridge,1.3033092513849265
793,MAE difference (pp),MLP minus Zero growth,0.02238767645014894
793,MAE difference (pp),MLP minus Ridge,-0.01860120782980257
793,MAE difference (pp),Seasonal median minus Zero growth,-0.10300478898077481
794,Precision difference (pp),Ridge minus Size-only Ridge,2.7569495927113525
794,Precision difference (pp),MLP minus Ridge,0.9980984171535756
794,MAE difference (pp),MLP minus Zero growth,0.04557680098219219
794,MAE difference (pp),MLP minus Ridge,-0.006263933265126642
794,MAE difference (pp),Seasonal median minus Zero growth,-0.0961117630045556
795,Precision difference (pp),Ridge minus Size-only Ridge,1.7250404642060762
795,Precision difference (pp),MLP minus Ridge,-0.371870378256145
795,MAE difference (pp),MLP minus Zero growth,0.04131035554136275
795,MAE difference (pp),MLP minus Ridge,-0.01414056745958625
795,MAE difference (pp),Seasonal median minus Zero growth,-0.09851084670186205
796,Precision difference (pp),Ridge minus Size-only Ridge,4.176049910916108
796,Precision difference (pp),MLP minus Ridge,0.2874360050503927
796,MAE difference (pp),MLP minus Zero growth,0.03122532191847993
796,MAE difference (pp),MLP minus Ridge,-0.004020192151354962
796,MAE difference (pp),Seasonal median minus Zero growth,-0.1041874119104329
797,Precision difference (pp),Ridge minus Size-only Ridge,0.6072867962048895
797,Precision difference (pp),MLP minus Ridge,1.8667857499948122
797,MAE difference (pp),MLP minus Zero growth,0.03758702469338493
797,MAE difference (pp),MLP minus Ridge,5.238607396096384e-05
797,MAE difference (pp),Seasonal median minus Zero growth,-0.0982136767875148
798,Precision difference (pp),Ridge minus Size-only Ridge,2.6357423307150296
798,Precision difference (pp),MLP minus Ridge,1.9862097059907324
798,MAE difference (pp),MLP minus Zero growth,0.05036703515185259
798,MAE difference (pp),MLP minus Ridge,-0.012625749274048026
798,MAE difference (pp),Seasonal median minus Zero growth,-0.09620367364227533
799,Precision difference (pp),Ridge minus Size-only Ridge,2.0572101887032983
799,Precision difference (pp),MLP minus Ridge,1.329933480537346
799,MAE difference (pp),MLP minus Zero growth,0.05716786610277502
799,MAE difference (pp),MLP minus Ridge,-0.00026660663995148326
799,MAE difference (pp),Seasonal median minus Zero growth,-0.08951684466468679
800,Precision difference (pp),Ridge minus Size-only Ridge,2.365624879348563
800,Precision difference (pp),MLP minus Ridge,-0.7808151974403627
800,MAE difference (pp),MLP minus Zero growth,0.004704636362889758
800,MAE difference (pp),MLP minus Ridge,-0.02440096100054312
800,MAE difference (pp),Seasonal median minus Zero growth,-0.10702535204370056
801,Precision difference (pp),Ridge minus Size-only Ridge,3.385924567421614
801,Precision difference (pp),MLP minus Ridge,-1.2306123610488606
801,MAE difference (pp),MLP minus Zero growth,0.02650112144343586
801,MAE difference (pp),MLP minus Ridge,-0.02454058892904154
801,MAE difference (pp),Seasonal median minus Zero growth,-0.10193930365398174
802,Precision difference (pp),Ridge minus Size-only Ridge,4.7605461780625715
802,Precision difference (pp),MLP minus Ridge,-0.041146526409260864
802,MAE difference (pp),MLP minus Zero growth,0.0009858406819938104
802,MAE difference (pp),MLP minus Ridge,-0.026997497128017134
802,MAE difference (pp),Seasonal median minus Zero growth,-0.10080908342286277
803,Precision difference (pp),Ridge minus Size-only Ridge,2.6273892161846613
803,Precision difference (pp),MLP minus Ridge,-1.1325974375435588
803,MAE difference (pp),MLP minus Zero growth,0.023672876060997883
803,MAE difference (pp),MLP minus Ridge,-0.016462063564679497
803,MAE difference (pp),Seasonal median minus Zero growth,-0.10286306323181194
804,Precision difference (pp),Ridge minus Size-only Ridge,3.9989765367493932
804,Precision difference (pp),MLP minus Ridge,1.8855628543008622
804,MAE difference (pp),MLP minus Zero growth,-0.024774178884504394
804,MAE difference (pp),MLP minus Ridge,-0.05330328784808325
804,MAE difference (pp),Seasonal median minus Zero growth,-0.09717150782260875
805,Precision difference (pp),Ridge minus Size-only Ridge,4.164930869874814
805,Precision difference (pp),MLP minus Ridge,-1.7462621785831411
805,MAE difference (pp),MLP minus Zero growth,0.06260631632428026
805,MAE difference (pp),MLP minus Ridge,-0.016356798912476656
805,MAE difference (pp),Seasonal median minus Zero growth,-0.08137482949533403
806,Precision difference (pp),Ridge minus Size-only Ridge,2.52275514293874
806,Precision difference (pp),MLP minus Ridge,0.3781710347235928
806,MAE difference (pp),MLP minus Zero growth,0.04619638383810054
806,MAE difference (pp),MLP minus Ridge,0.006444119596252573
806,MAE difference (pp),Seasonal median minus Zero growth,-0.09574140381677232
807,Precision difference (pp),Ridge minus Size-only Ridge,0.24260430461728322
807,Precision difference (pp),MLP minus Ridge,-0.07866489673754307
807,MAE difference (pp),MLP minus Zero growth,0.053080984218082605
807,MAE difference (pp),MLP minus Ridge,0.021397573091050948
807,MAE difference (pp),Seasonal median minus Zero growth,-0.09864520230434692
808,Precision difference (pp),Ridge minus Size-only Ridge,3.039877885262643
808,Precision difference (pp),MLP minus Ridge,-0.6851164119129172
808,MAE difference (pp),MLP minus Zero growth,0.03300657856305156
808,MAE difference (pp),MLP minus Ridge,-0.024038728743120963
808,MAE difference (pp),Seasonal median minus Zero growth,-0.09550448906941567
809,Precision difference (pp),Ridge minus Size-only Ridge,3.006088620483738
809,Precision difference (pp),MLP minus Ridge,0.6244670516586864
809,MAE difference (pp),MLP minus Zero growth,0.008938057521979736
809,MAE difference (pp),MLP minus Ridge,-0.03906324681201445
809,MAE difference (pp),Seasonal median minus Zero growth,-0.09975468896211437
810,Precision difference (pp),Ridge minus Size-only Ridge,4.796858896679746
810,Precision difference (pp),MLP minus Ridge,0.33302377666210026
810,MAE difference (pp),MLP minus Zero growth,0.04650558176345587
810,MAE difference (pp),MLP minus Ridge,0.006835238799816512
810,MAE difference (pp),Seasonal median minus Zero growth,-0.10208590720630362
811,Precision difference (pp),Ridge minus Size-only Ridge,4.448332808906722
811,Precision difference (pp),MLP minus Ridge,-1.6344980637876731
811,MAE difference (pp),MLP minus Zero growth,0.024582985057657325
811,MAE difference (pp),MLP minus Ridge,-0.02391471312190152
811,MAE difference (pp),Seasonal median minus Zero growth,-0.10056458237988775
812,Precision difference (pp),Ridge minus Size-only Ridge,3.4664720444718187
812,Precision difference (pp),MLP minus Ridge,-1.7965640776039848
812,MAE difference (pp),MLP minus Zero growth,0.017869459546419275
812,MAE difference (pp),MLP minus Ridge,-0.028089663592115954
812,MAE difference (pp),Seasonal median minus Zero growth,-0.10084458894501402
813,Precision difference (pp),Ridge minus Size-only Ridge,1.8241529421549303
813,Precision difference (pp),MLP minus Ridge,0.5222362731449604
813,MAE difference (pp),MLP minus Zero growth,0.019582779363999325
813,MAE difference (pp),MLP minus Ridge,-0.026947780613825856
813,MAE difference (pp),Seasonal median minus Zero growth,-0.09884975297448761
814,Precision difference (pp),Ridge minus Size-only Ridge,5.131868246474372
814,Precision difference (pp),MLP minus Ridge,-0.9532410488334975
814,MAE difference (pp),MLP minus Zero growth,0.04226970914382999
814,MAE difference (pp),MLP minus Ridge,0.011199336139423366
814,MAE difference (pp),Seasonal median minus Zero growth,-0.11241430683250186
815,Precision difference (pp),Ridge minus Size-only Ridge,4.210837692425551
815,Precision difference (pp),MLP minus Ridge,-1.8538907045938857
815,MAE difference (pp),MLP minus Zero growth,0.03557057884791126
815,MAE difference (pp),MLP minus Ridge,-0.017627519295643435
815,MAE difference (pp),Seasonal median minus Zero growth,-0.0924194178151021
816,Precision difference (pp),Ridge minus Size-only Ridge,3.2700633853820853
816,Precision difference (pp),MLP minus Ridge,1.0254638790812676
816,MAE difference (pp),MLP minus Zero growth,0.052263743580011734
816,MAE difference (pp),MLP minus Ridge,-0.0024756037701423317
816,MAE difference (pp),Seasonal median minus Zero growth,-0.09491819281333314
817,Precision difference (pp),Ridge minus Size-only Ridge,4.626475569939842
817,Precision difference (pp),MLP minus Ridge,1.0882855090739914
817,MAE difference (pp),MLP minus Zero growth,0.03663489227390082
817,MAE difference (pp),MLP minus Ridge,-0.007207387470324456
817,MAE difference (pp),Seasonal median minus Zero growth,-0.10192567839744804
818,Precision difference (pp),Ridge minus Size-only Ridge,4.679651033653909
818,Precision difference (pp),MLP minus Ridge,-0.05873990168587806
818,MAE difference (pp),MLP minus Zero growth,0.020193176751140296
818,MAE difference (pp),MLP minus Ridge,-0.00566805720995589
818,MAE difference (pp),Seasonal median minus Zero growth,-0.0997732582074593
819,Precision difference (pp),Ridge minus Size-only Ridge,0.24471576314655796
819,Precision difference (pp),MLP minus Ridge,1.5092383578037882
819,MAE difference (pp),MLP minus Zero growth,0.017935817741138393
819,MAE difference (pp),MLP minus Ridge,-0.017513485050701938
819,MAE difference (pp),Seasonal median minus Zero growth,-0.0989689073532336
820,Precision difference (pp),Ridge minus Size-only Ridge,3.900610549093686
820,Precision difference (pp),MLP minus Ridge,0.01792927918631282
820,MAE difference (pp),MLP minus Zero growth,0.03087659373683227
820,MAE difference (pp),MLP minus Ridge,-0.030188124965751406
820,MAE difference (pp),Seasonal median minus Zero growth,-0.09623245227371013
821,Precision difference (pp),Ridge minus Size-only Ridge,2.6576342167450724
821,Precision difference (pp),MLP minus Ridge,1.9248489600363987
821,MAE difference (pp),MLP minus Zero growth,0.01980724187310834
821,MAE difference (pp),MLP minus Ridge,-0.017952730696247254
821,MAE difference (pp),Seasonal median minus Zero growth,-0.10093757611207588
822,Precision difference (pp),Ridge minus Size-only Ridge,4.292033210450782
822,Precision difference (pp),MLP minus Ridge,2.0872862262064946
822,MAE difference (pp),MLP minus Zero growth,0.007206756939448944
822,MAE difference (pp),MLP minus Ridge,-0.010513367967153187
822,MAE difference (pp),Seasonal median minus Zero growth,-0.1164583092939071
823,Precision difference (pp),Ridge minus Size-only Ridge,4.526096404481944
823,Precision difference (pp),MLP minus Ridge,-0.06718984298750841
823,MAE difference (pp),MLP minus Zero growth,0.042552861076122106
823,MAE difference (pp),MLP minus Ridge,0.012259550476518832
823,MAE difference (pp),Seasonal median minus Zero growth,-0.10611733199827844
824,Precision difference (pp),Ridge minus Size-only Ridge,2.554077194130697
824,Precision difference (pp),MLP minus Ridge,-0.7034143197487713
824,MAE difference (pp),MLP minus Zero growth,0.04433032163715689
824,MAE difference (pp),MLP minus Ridge,-0.008725064400110227
824,MAE difference (pp),Seasonal median minus Zero growth,-0.10215089253115917
825,Precision difference (pp),Ridge minus Size-only Ridge,2.9399305253732604
825,Precision difference (pp),MLP minus Ridge,0.3471697280608449
825,MAE difference (pp),MLP minus Zero growth,0.00576934780792504
825,MAE difference (pp),MLP minus Ridge,-0.016282063587687023
825,MAE difference (pp),Seasonal median minus Zero growth,-0.09567283212049293
826,Precision difference (pp),Ridge minus Size-only Ridge,2.4058766032113654
826,Precision difference (pp),MLP minus Ridge,0.06089938792178118
826,MAE difference (pp),MLP minus Zero growth,0.05736966364987861
826,MAE difference (pp),MLP minus Ridge,0.006951249072461252
826,MAE difference (pp),Seasonal median minus Zero growth,-0.10052306784933718
827,Precision difference (pp),Ridge minus Size-only Ridge,3.167378166247134
827,Precision difference (pp),MLP minus Ridge,0.2386533588020684
827,MAE difference (pp),MLP minus Zero growth,0.04303626242910097
827,MAE difference (pp),MLP minus Ridge,0.012397934635577812
827,MAE difference (pp),Seasonal median minus Zero growth,-0.10478531476684738
828,Precision difference (pp),Ridge minus Size-only Ridge,1.8084325561591286
828,Precision difference (pp),MLP minus Ridge,0.5609238461495858
828,MAE difference (pp),MLP minus Zero growth,0.026078836692625007
828,MAE difference (pp),MLP minus Ridge,-0.01931606211625292
828,MAE difference (pp),Seasonal median minus Zero growth,-0.09989110898903109
829,Precision difference (pp),Ridge minus Size-only Ridge,3.565074619031197
829,Precision difference (pp),MLP minus Ridge,0.7367948169542116
829,MAE difference (pp),MLP minus Zero growth,-0.003133617388590526
829,MAE difference (pp),MLP minus Ridge,-0.0375609349334356
829,MAE difference (pp),Seasonal median minus Zero growth,-0.0949117511094455
830,Precision difference (pp),Ridge minus Size-only Ridge,2.5905530905853347
830,Precision difference (pp),MLP minus Ridge,0.9197249156383203
830,MAE difference (pp),MLP minus Zero growth,-0.0019970309196359892
830,MAE difference (pp),MLP minus Ridge,-0.024305999697942227
830,MAE difference (pp),Seasonal median minus Zero growth,-0.10617610414487366
831,Precision difference (pp),Ridge minus Size-only Ridge,3.5011406651702828
831,Precision difference (pp),MLP minus Ridge,-1.5209867359501916
831,MAE difference (pp),MLP minus Zero growth,0.024133425090378857
831,MAE difference (pp),MLP minus Ridge,-0.026690094412835652
831,MAE difference (pp),Seasonal median minus Zero growth,-0.10515895767923045
832,Precision difference (pp),Ridge minus Size-only Ridge,3.4169880959502326
832,Precision difference (pp),MLP minus Ridge,1.8776764466725298
832,MAE difference (pp),MLP minus Zero growth,0.017543858718247485
832,MAE difference (pp),MLP minus Ridge,-0.03502955570700905
832,MAE difference (pp),Seasonal median minus Zero growth,-0.09987916333040436
833,Precision difference (pp),Ridge minus Size-only Ridge,3.0460891117217725
833,Precision difference (pp),MLP minus Ridge,0.6301768402765806
833,MAE difference (pp),MLP minus Zero growth,0.01570679672600761
833,MAE difference (pp),MLP minus Ridge,-0.025313957369723195
833,MAE difference (pp),Seasonal median minus Zero growth,-0.10586882507729989
834,Precision difference (pp),Ridge minus Size-only Ridge,3.713959561391522
834,Precision difference (pp),MLP minus Ridge,-0.862922964464885
834,MAE difference (pp),MLP minus Zero growth,0.020300615624160745
834,MAE difference (pp),MLP minus Ridge,-0.010426270734303689
834,MAE difference (pp),Seasonal median minus Zero growth,-0.10326754264579385
835,Precision difference (pp),Ridge minus Size-only Ridge,2.598197804671476
835,Precision difference (pp),MLP minus Ridge,0.22190596541512286
835,MAE difference (pp),MLP minus Zero growth,0.027118603334238323
835,MAE difference (pp),MLP minus Ridge,-0.007871089613398219
835,MAE difference (pp),Seasonal median minus Zero growth,-0.10285449702865934
836,Precision difference (pp),Ridge minus Size-only Ridge,2.464311288333179
836,Precision difference (pp),MLP minus Ridge,0.6086512035982067
836,MAE difference (pp),MLP minus Zero growth,0.015491993144170824
836,MAE difference (pp),MLP minus Ridge,-0.0077950922053213745
836,MAE difference (pp),Seasonal median minus Zero growth,-0.10798818704803548
837,Precision difference (pp),Ridge minus Size-only Ridge,3.208808151448497
837,Precision difference (pp),MLP minus Ridge,-0.6632896216370532
837,MAE difference (pp),MLP minus Zero growth,0.022956326243586123
837,MAE difference (pp),MLP minus Ridge,-0.025131239359701407
837,MAE difference (pp),Seasonal median minus Zero growth,-0.0950730845122183
838,Precision difference (pp),Ridge minus Size-only Ridge,5.955281264749638
838,Precision difference (pp),MLP minus Ridge,-0.6024754244569774
838,MAE difference (pp),MLP minus Zero growth,0.0013453369848375196
838,MAE difference (pp),MLP minus Ridge,-0.04311266181765383
838,MAE difference (pp),Seasonal median minus Zero growth,-0.09042548349082002
839,Precision difference (pp),Ridge minus Size-only Ridge,3.0141710971671287
839,Precision difference (pp),MLP minus Ridge,-0.9645815315389994
839,MAE difference (pp),MLP minus Zero growth,0.04468123899879339
839,MAE difference (pp),MLP minus Ridge,-0.014710452848326394
839,MAE difference (pp),Seasonal median minus Zero growth,-0.10243632590948604
840,Precision difference (pp),Ridge minus Size-only Ridge,0.9252112708388383
840,Precision difference (pp),MLP minus Ridge,1.7353867494632498
840,MAE difference (pp),MLP minus Zero growth,0.007048095976032176
840,MAE difference (pp),MLP minus Ridge,-0.03187178036096405
840,MAE difference (pp),Seasonal median minus Zero growth,-0.09440289931720613
841,Precision difference (pp),Ridge minus Size-only Ridge,3.949539510670408
841,Precision difference (pp),MLP minus Ridge,0.9327040159300443
841,MAE difference (pp),MLP minus Zero growth,0.02281981945217204
841,MAE difference (pp),MLP minus Ridge,-0.020987259738076247
841,MAE difference (pp),Seasonal median minus Zero growth,-0.09805942887775787
842,Precision difference (pp),Ridge minus Size-only Ridge,3.14310418196872
842,Precision difference (pp),MLP minus Ridge,1.100429088969554
842,MAE difference (pp),MLP minus Zero growth,0.05596277495829671
842,MAE difference (pp),MLP minus Ridge,0.010974230025236231
842,MAE difference (pp),Seasonal median minus Zero growth,-0.10427523090412372
843,Precision difference (pp),Ridge minus Size-only Ridge,2.8784954561267337
843,Precision difference (pp),MLP minus Ridge,-0.46973262843608976
843,MAE difference (pp),MLP minus Zero growth,0.02475770104832442
843,MAE difference (pp),MLP minus Ridge,-0.02986975871150488
843,MAE difference (pp),Seasonal median minus Zero growth,-0.09146206839051985
844,Precision difference (pp),Ridge minus Size-only Ridge,1.5050197335002151
844,Precision difference (pp),MLP minus Ridge,2.455124099924935
844,MAE difference (pp),MLP minus Zero growth,0.0377721647777669
844,MAE difference (pp),MLP minus Ridge,-0.017243236152061137
844,MAE difference (pp),Seasonal median minus Zero growth,-0.09526646551114037
845,Precision difference (pp),Ridge minus Size-only Ridge,2.48899320859578
845,Precision difference (pp),MLP minus Ridge,0.3977754389564825
845,MAE difference (pp),MLP minus Zero growth,0.05808814777500926
845,MAE difference (pp),MLP minus Ridge,0.002930205176567391
845,MAE difference (pp),Seasonal median minus Zero growth,-0.10171023959090109
846,Precision difference (pp),Ridge minus Size-only Ridge,4.57288846443625
846,Precision difference (pp),MLP minus Ridge,-0.7048933616024988
846,MAE difference (pp),MLP minus Zero growth,0.06088975372549488
846,MAE difference (pp),MLP minus Ridge,-0.0006665348097030233
846,MAE difference (pp),Seasonal median minus Zero growth,-0.09515290178102553
847,Precision difference (pp),Ridge minus Size-only Ridge,2.50653175342665
847,Precision difference (pp),MLP minus Ridge,0.012251298126964016
847,MAE difference (pp),MLP minus Zero growth,0.03430640888555114
847,MAE difference (pp),MLP minus Ridge,-0.0003733952744418012
847,MAE difference (pp),Seasonal median minus Zero growth,-0.10460357173344681
848,Precision difference (pp),Ridge minus Size-only Ridge,4.350436341917479
848,Precision difference (pp),MLP minus Ridge,-1.3260201903296853
848,MAE difference (pp),MLP minus Zero growth,0.015222144381753733
848,MAE difference (pp),MLP minus Ridge,-0.041974609671711516
848,MAE difference (pp),Seasonal median minus Zero growth,-0.09063068554881237
849,Precision difference (pp),Ridge minus Size-only Ridge,3.1699022652213165
849,Precision difference (pp),MLP minus Ridge,-0.5756596830937349
849,MAE difference (pp),MLP minus Zero growth,0.01701994600086154
849,MAE difference (pp),MLP minus Ridge,-0.01701860660393395
849,MAE difference (pp),Seasonal median minus Zero growth,-0.09927959063628045
850,Precision difference (pp),Ridge minus Size-only Ridge,4.065812628921969
850,Precision difference (pp),MLP minus Ridge,-0.285348182108347
850,MAE difference (pp),MLP minus Zero growth,0.02209943228038691
850,MAE difference (pp),MLP minus Ridge,-0.009976836022233648
850,MAE difference (pp),Seasonal median minus Zero growth,-0.1019655359252778
851,Precision difference (pp),Ridge minus Size-only Ridge,2.1782738387916196
851,Precision difference (pp),MLP minus Ridge,-0.6302356860148572
851,MAE difference (pp),MLP minus Zero growth,0.04036845218746565
851,MAE difference (pp),MLP minus Ridge,0.0016370419499174282
851,MAE difference (pp),Seasonal median minus Zero growth,-0.10072261822967388
852,Precision difference (pp),Ridge minus Size-only Ridge,5.133244885810595
852,Precision difference (pp),MLP minus Ridge,-1.5294916477829963
852,MAE difference (pp),MLP minus Zero growth,0.05271342889140129
852,MAE difference (pp),MLP minus Ridge,0.010002614426573242
852,MAE difference (pp),Seasonal median minus Zero growth,-0.10146629818666852
853,Precision difference (pp),Ridge minus Size-only Ridge,1.1794516654886122
853,Precision difference (pp),MLP minus Ridge,0.644427840109954
853,MAE difference (pp),MLP minus Zero growth,0.027352670817256453
853,MAE difference (pp),MLP minus Ridge,-0.011184235571868317
853,MAE difference (pp),Seasonal median minus Zero growth,-0.10069350917743236
854,Precision difference (pp),Ridge minus Size-only Ridge,2.966954705722147
854,Precision difference (pp),MLP minus Ridge,0.1421264660801863
854,MAE difference (pp),MLP minus Zero growth,0.027583990742134024
854,MAE difference (pp),MLP minus Ridge,-0.031289573446375396
854,MAE difference (pp),Seasonal median minus Zero growth,-0.09466126315264622
855,Precision difference (pp),Ridge minus Size-only Ridge,4.320530966755601
855,Precision difference (pp),MLP minus Ridge,-0.7452187133975136
855,MAE difference (pp),MLP minus Zero growth,0.02967840385831133
855,MAE difference (pp),MLP minus Ridge,-0.008943353704030876
855,MAE difference (pp),Seasonal median minus Zero growth,-0.09931802544652202
856,Precision difference (pp),Ridge minus Size-only Ridge,3.3232150363242035
856,Precision difference (pp),MLP minus Ridge,-1.3851006079352608
856,MAE difference (pp),MLP minus Zero growth,0.015540626529180201
856,MAE difference (pp),MLP minus Ridge,-0.017690737032382664
856,MAE difference (pp),Seasonal median minus Zero growth,-0.10442501381606872
857,Precision difference (pp),Ridge minus Size-only Ridge,2.802779603487762
857,Precision difference (pp),MLP minus Ridge,-1.07261044131719
857,MAE difference (pp),MLP minus Zero growth,0.002288996248067221
857,MAE difference (pp),MLP minus Ridge,-0.03438937456737756
857,MAE difference (pp),Seasonal median minus Zero growth,-0.10726660370403973
858,Precision difference (pp),Ridge minus Size-only Ridge,3.322760278517589
858,Precision difference (pp),MLP minus Ridge,-0.1452261279114242
858,MAE difference (pp),MLP minus Zero growth,0.04548134636158263
858,MAE difference (pp),MLP minus Ridge,-0.020373693197331733
858,MAE difference (pp),Seasonal median minus Zero growth,-0.09164269060764241
859,Precision difference (pp),Ridge minus Size-only Ridge,3.324460821608319
859,Precision difference (pp),MLP minus Ridge,-1.446818384807591
859,MAE difference (pp),MLP minus Zero growth,0.05287601477836468
859,MAE difference (pp),MLP minus Ridge,-0.02561728704532662
859,MAE difference (pp),Seasonal median minus Zero growth,-0.09390105397322124
860,Precision difference (pp),Ridge minus Size-only Ridge,2.405243958884104
860,Precision difference (pp),MLP minus Ridge,-0.09690754794443313
860,MAE difference (pp),MLP minus Zero growth,0.00671828765032334
860,MAE difference (pp),MLP minus Ridge,-0.02054298766247964
860,MAE difference (pp),Seasonal median minus Zero growth,-0.10599641531847359
861,Precision difference (pp),Ridge minus Size-only Ridge,2.368377533510266
861,Precision difference (pp),MLP minus Ridge,-1.6098746950877012
861,MAE difference (pp),MLP minus Zero growth,0.04735653930872008
861,MAE difference (pp),MLP minus Ridge,0.007014698951604892
861,MAE difference (pp),Seasonal median minus Zero growth,-0.1025305551825384
862,Precision difference (pp),Ridge minus Size-only Ridge,1.503196754075395
862,Precision difference (pp),MLP minus Ridge,1.4501564924320447
862,MAE difference (pp),MLP minus Zero growth,0.02250240125488956
862,MAE difference (pp),MLP minus Ridge,-0.00457662595942665
862,MAE difference (pp),Seasonal median minus Zero growth,-0.10512394628611155
863,Precision difference (pp),Ridge minus Size-only Ridge,2.673839711304249
863,Precision difference (pp),MLP minus Ridge,0.5725846960164482
863,MAE difference (pp),MLP minus Zero growth,-0.0013558758510296975
863,MAE difference (pp),MLP minus Ridge,-0.02656914591332793
863,MAE difference (pp),Seasonal median minus Zero growth,-0.10785586225663701
864,Precision difference (pp),Ridge minus Size-only Ridge,1.9530334955173478
864,Precision difference (pp),MLP minus Ridge,1.507610489244657
864,MAE difference (pp),MLP minus Zero growth,0.060443612483648046
864,MAE difference (pp),MLP minus Ridge,-0.02226635700767776
864,MAE difference (pp),Seasonal median minus Zero growth,-0.09126825807283412
865,Precision difference (pp),Ridge minus Size-only Ridge,3.428288651407416
865,Precision difference (pp),MLP minus Ridge,-0.7648594844811618
865,MAE difference (pp),MLP minus Zero growth,0.050921691461285334
865,MAE difference (pp),MLP minus Ridge,0.002955213384453703
865,MAE difference (pp),Seasonal median minus Zero growth,-0.0922490800639113
866,Precision difference (pp),Ridge minus Size-only Ridge,2.0456409076851036
866,Precision difference (pp),MLP minus Ridge,2.5111194833352
866,MAE difference (pp),MLP minus Zero growth,0.028206982873599795
866,MAE difference (pp),MLP minus Ridge,0.006772146157905556
866,MAE difference (pp),Seasonal median minus Zero growth,-0.1018498205256444
867,Precision difference (pp),Ridge minus Size-only Ridge,4.776637932045147
867,Precision difference (pp),MLP minus Ridge,1.254918985892095
867,MAE difference (pp),MLP minus Zero growth,0.0637327239534966
867,MAE difference (pp),MLP minus Ridge,0.00950461059869534
867,MAE difference (pp),Seasonal median minus Zero growth,-0.10439884792815235
868,Precision difference (pp),Ridge minus Size-only Ridge,3.8624857961136128
868,Precision difference (pp),MLP minus Ridge,-1.634155539998583
868,MAE difference (pp),MLP minus Zero growth,0.07497174107517024
868,MAE difference (pp),MLP minus Ridge,0.005044983281723869
868,MAE difference (pp),Seasonal median minus Zero growth,-0.08858678104085183
869,Precision difference (pp),Ridge minus Size-only Ridge,3.1200086113738283
869,Precision difference (pp),MLP minus Ridge,-0.22066578109680712
869,MAE difference (pp),MLP minus Zero growth,-0.005177383233295085
869,MAE difference (pp),MLP minus Ridge,-0.04658501394252079
869,MAE difference (pp),Seasonal median minus Zero growth,-0.09552082478728474
870,Precision difference (pp),Ridge minus Size-only Ridge,3.4161782868546013
870,Precision difference (pp),MLP minus Ridge,-0.8240149452741874
870,MAE difference (pp),MLP minus Zero growth,-0.00010208885448781402
870,MAE difference (pp),MLP minus Ridge,-0.041448094673550706
870,MAE difference (pp),Seasonal median minus Zero growth,-0.11446144046342122
871,Precision difference (pp),Ridge minus Size-only Ridge,4.074900661107783
871,Precision difference (pp),MLP minus Ridge,0.12636261737881682
871,MAE difference (pp),MLP minus Zero growth,-0.0009349546184300728
871,MAE difference (pp),MLP minus Ridge,-0.047907830688058706
871,MAE difference (pp),Seasonal median minus Zero growth,-0.09680272635770537
872,Precision difference (pp),Ridge minus Size-only Ridge,2.6875414292541198
872,Precision difference (pp),MLP minus Ridge,-0.050579119252983085
872,MAE difference (pp),MLP minus Zero growth,0.0483493192817015
872,MAE difference (pp),MLP minus Ridge,-0.0004934756411425489
872,MAE difference (pp),Seasonal median minus Zero growth,-0.09696037101509658
873,Precision difference (pp),Ridge minus Size-only Ridge,2.7920724848112033
873,Precision difference (pp),MLP minus Ridge,1.2937569721769293
873,MAE difference (pp),MLP minus Zero growth,0.01862948108427842
873,MAE difference (pp),MLP minus Ridge,-0.01824681440745346
873,MAE difference (pp),Seasonal median minus Zero growth,-0.09744493239452456
874,Precision difference (pp),Ridge minus Size-only Ridge,4.040331508909601
874,Precision difference (pp),MLP minus Ridge,-1.0555547558571243
874,MAE difference (pp),MLP minus Zero growth,0.040841407960611864
874,MAE difference (pp),MLP minus Ridge,-0.012727858277391757
874,MAE difference (pp),Seasonal median minus Zero growth,-0.10292437148647604
875,Precision difference (pp),Ridge minus Size-only Ridge,2.9677312828354174
875,Precision difference (pp),MLP minus Ridge,0.31306858482885724
875,MAE difference (pp),MLP minus Zero growth,0.03054948797012136
875,MAE difference (pp),MLP minus Ridge,-0.021057270081136892
875,MAE difference (pp),Seasonal median minus Zero growth,-0.09861362330971568
876,Precision difference (pp),Ridge minus Size-only Ridge,4.602515771980261
876,Precision difference (pp),MLP minus Ridge,-2.5300582555321167
876,MAE difference (pp),MLP minus Zero growth,0.016360402229859794
876,MAE difference (pp),MLP minus Ridge,0.010530976028133576
876,MAE difference (pp),Seasonal median minus Zero growth,-0.1110344192638002
877,Precision difference (pp),Ridge minus Size-only Ridge,3.906166390208371
877,Precision difference (pp),MLP minus Ridge,-1.5343319875567751
877,MAE difference (pp),MLP minus Zero growth,0.0382634047053263
877,MAE difference (pp),MLP minus Ridge,-0.006595482443211953
877,MAE difference (pp),Seasonal median minus Zero growth,-0.10157914515571864
878,Precision difference (pp),Ridge minus Size-only Ridge,2.3756829159893385
878,Precision difference (pp),MLP minus Ridge,0.1972040985030593
878,MAE difference (pp),MLP minus Zero growth,0.04751505145648638
878,MAE difference (pp),MLP minus Ridge,0.007488892085520948
878,MAE difference (pp),Seasonal median minus Zero growth,-0.10604956189604753
879,Precision difference (pp),Ridge minus Size-only Ridge,4.6035954773127745
879,Precision difference (pp),MLP minus Ridge,-0.06645052330999102
879,MAE difference (pp),MLP minus Zero growth,0.016241688566331014
879,MAE difference (pp),MLP minus Ridge,-0.001884491035179181
879,MAE difference (pp),Seasonal median minus Zero growth,-0.10027866570285715
880,Precision difference (pp),Ridge minus Size-only Ridge,4.576285493225421
880,Precision difference (pp),MLP minus Ridge,-0.4414539616815205
880,MAE difference (pp),MLP minus Zero growth,0.038007729670463064
880,MAE difference (pp),MLP minus Ridge,0.0030718953059998277
880,MAE difference (pp),Seasonal median minus Zero growth,-0.10649903013837747
881,Precision difference (pp),Ridge minus Size-only Ridge,2.452255664928521
881,Precision difference (pp),MLP minus Ridge,-0.5831090011738566
881,MAE difference (pp),MLP minus Zero growth,0.013221513761118686
881,MAE difference (pp),MLP minus Ridge,-0.0331697788438543
881,MAE difference (pp),Seasonal median minus Zero growth,-0.1028103943283325
882,Precision difference (pp),Ridge minus Size-only Ridge,4.1452763574085445
882,Precision difference (pp),MLP minus Ridge,-0.2364702733958668
882,MAE difference (pp),MLP minus Zero growth,-0.05112579677023499
882,MAE difference (pp),MLP minus Ridge,-0.046861729258692364
882,MAE difference (pp),Seasonal median minus Zero growth,-0.10909313931941211
883,Precision difference (pp),Ridge minus Size-only Ridge,4.028148399199571
883,Precision difference (pp),MLP minus Ridge,-0.20582820629405085
883,MAE difference (pp),MLP minus Zero growth,-0.021896627385646905
883,MAE difference (pp),MLP minus Ridge,-0.03190825920656515
883,MAE difference (pp),Seasonal median minus Zero growth,-0.10530305048832389
884,Precision difference (pp),Ridge minus Size-only Ridge,4.016627818025431
884,Precision difference (pp),MLP minus Ridge,0.5643497849525225
884,MAE difference (pp),MLP minus Zero growth,0.03271355632494277
884,MAE difference (pp),MLP minus Ridge,-0.0015492825119829412
884,MAE difference (pp),Seasonal median minus Zero growth,-0.10207081124615058
885,Precision difference (pp),Ridge minus Size-only Ridge,2.688864126118129
885,Precision difference (pp),MLP minus Ridge,1.3547102429284807
885,MAE difference (pp),MLP minus Zero growth,-0.029046197496543247
885,MAE difference (pp),MLP minus Ridge,-0.054134074159448264
885,MAE difference (pp),Seasonal median minus Zero growth,-0.10412568875868322
886,Precision difference (pp),Ridge minus Size-only Ridge,2.0005222982880486
886,Precision difference (pp),MLP minus Ridge,-1.6004473159193955
886,MAE difference (pp),MLP minus Zero growth,0.02630991451708331
886,MAE difference (pp),MLP minus Ridge,-0.017477957004031097
886,MAE difference (pp),Seasonal median minus Zero growth,-0.09699008967377942
887,Precision difference (pp),Ridge minus Size-only Ridge,4.463364427862379
887,Precision difference (pp),MLP minus Ridge,-1.0602775208817805
887,MAE difference (pp),MLP minus Zero growth,-0.02327167113162032
887,MAE difference (pp),MLP minus Ridge,-0.06346876204835095
887,MAE difference (pp),Seasonal median minus Zero growth,-0.10340405018426546
888,Precision difference (pp),Ridge minus Size-only Ridge,3.042178577085286
888,Precision difference (pp),MLP minus Ridge,-1.2673559898668307
888,MAE difference (pp),MLP minus Zero growth,0.06516354519524459
888,MAE difference (pp),MLP minus Ridge,0.014103575875580088
888,MAE difference (pp),Seasonal median minus Zero growth,-0.10125589355063713
889,Precision difference (pp),Ridge minus Size-only Ridge,3.7296175971499035
889,Precision difference (pp),MLP minus Ridge,-0.6721284522010706
889,MAE difference (pp),MLP minus Zero growth,0.004248113680880294
889,MAE difference (pp),MLP minus Ridge,-0.024437685766872885
889,MAE difference (pp),Seasonal median minus Zero growth,-0.1094064999681148
890,Precision difference (pp),Ridge minus Size-only Ridge,2.8928878304966266
890,Precision difference (pp),MLP minus Ridge,0.7489546385976292
890,MAE difference (pp),MLP minus Zero growth,0.0018767487842068498
890,MAE difference (pp),MLP minus Ridge,-0.013824430221699657
890,MAE difference (pp),Seasonal median minus Zero growth,-0.10797423355838953
891,Precision difference (pp),Ridge minus Size-only Ridge,1.7562416961150324
891,Precision difference (pp),MLP minus Ridge,-0.41184219876391204
891,MAE difference (pp),MLP minus Zero growth,0.016481303448041107
891,MAE difference (pp),MLP minus Ridge,-0.014990809286229645
891,MAE difference (pp),Seasonal median minus Zero growth,-0.10625994574272868
892,Precision difference (pp),Ridge minus Size-only Ridge,3.012781514379914
892,Precision difference (pp),MLP minus Ridge,-0.3825190483928237
892,MAE difference (pp),MLP minus Zero growth,0.00861275369581227
892,MAE difference (pp),MLP minus Ridge,-0.03190390707401658
892,MAE difference (pp),Seasonal median minus Zero growth,-0.09788685450382495
893,Precision difference (pp),Ridge minus Size-only Ridge,5.311095037777861
893,Precision difference (pp),MLP minus Ridge,-1.1103656812007672
893,MAE difference (pp),MLP minus Zero growth,0.03324531216942317
893,MAE difference (pp),MLP minus Ridge,-0.007958823652602032
893,MAE difference (pp),Seasonal median minus Zero growth,-0.10111425920853279
894,Precision difference (pp),Ridge minus Size-only Ridge,3.1467999976712457
894,Precision difference (pp),MLP minus Ridge,-0.5950753346300935
894,MAE difference (pp),MLP minus Zero growth,0.01129872100949525
894,MAE difference (pp),MLP minus Ridge,-0.02185927238082508
894,MAE difference (pp),Seasonal median minus Zero growth,-0.10592101562065359
895,Precision difference (pp),Ridge minus Size-only Ridge,5.608257565095495
895,Precision difference (pp),MLP minus Ridge,0.3299167960069571
895,MAE difference (pp),MLP minus Zero growth,0.006824543399404526
895,MAE difference (pp),MLP minus Ridge,-0.037047238215738965
895,MAE difference (pp),Seasonal median minus Zero growth,-0.10009622320762013
896,Precision difference (pp),Ridge minus Size-only Ridge,3.062896798617243
896,Precision difference (pp),MLP minus Ridge,-2.373399262346074
896,MAE difference (pp),MLP minus Zero growth,0.07196712379580461
896,MAE difference (pp),MLP minus Ridge,-0.001256003487935864
896,MAE difference (pp),Seasonal median minus Zero growth,-0.09462309717520112
897,Precision difference (pp),Ridge minus Size-only Ridge,4.399265936745669
897,Precision difference (pp),MLP minus Ridge,-0.8492626960914185
897,MAE difference (pp),MLP minus Zero growth,0.03796951376745472
897,MAE difference (pp),MLP minus Ridge,-0.02200467197288747
897,MAE difference (pp),Seasonal median minus Zero growth,-0.0884458830682564
898,Precision difference (pp),Ridge minus Size-only Ridge,3.9494448095078183
898,Precision difference (pp),MLP minus Ridge,-0.23794496814620314
898,MAE difference (pp),MLP minus Zero growth,0.012518465576055071
898,MAE difference (pp),MLP minus Ridge,0.0072940312396392315
898,MAE difference (pp),Seasonal median minus Zero growth,-0.10734011810723665
899,Precision difference (pp),Ridge minus Size-only Ridge,5.37833977621823
899,Precision difference (pp),MLP minus Ridge,-2.1730353779950304
899,MAE difference (pp),MLP minus Zero growth,-0.014355609101798006
899,MAE difference (pp),MLP minus Ridge,-0.026903864855500448
899,MAE difference (pp),Seasonal median minus Zero growth,-0.11581606549612156
900,Precision difference (pp),Ridge minus Size-only Ridge,1.1845390660616073
900,Precision difference (pp),MLP minus Ridge,1.1120858307901882
900,MAE difference (pp),MLP minus Zero growth,0.04453381765875086
900,MAE difference (pp),MLP minus Ridge,-0.02105169055216205
900,MAE difference (pp),Seasonal median minus Zero growth,-0.09964738192548062
901,Precision difference (pp),Ridge minus Size-only Ridge,1.5639991877196446
901,Precision difference (pp),MLP minus Ridge,1.0506674819652813
901,MAE difference (pp),MLP minus Zero growth,0.027291020347870454
901,MAE difference (pp),MLP minus Ridge,-0.01679309018559927
901,MAE difference (pp),Seasonal median minus Zero growth,-0.09045145508639862
902,Precision difference (pp),Ridge minus Size-only Ridge,1.923393407102958
902,Precision difference (pp),MLP minus Ridge,1.2100752840988716
902,MAE difference (pp),MLP minus Zero growth,0.05827042780279745
902,MAE difference (pp),MLP minus Ridge,0.016844179406455773
902,MAE difference (pp),Seasonal median minus Zero growth,-0.10141762130019805
903,Precision difference (pp),Ridge minus Size-only Ridge,2.3489098333289826
903,Precision difference (pp),MLP minus Ridge,1.0371545271067872
903,MAE difference (pp),MLP minus Zero growth,0.019214933017245084
903,MAE difference (pp),MLP minus Ridge,-0.024020296451642054
903,MAE difference (pp),Seasonal median minus Zero growth,-0.09895806073751512
904,Precision difference (pp),Ridge minus Size-only Ridge,3.3935956485012215
904,Precision difference (pp),MLP minus Ridge,-0.6204655728354963
904,MAE difference (pp),MLP minus Zero growth,0.03423630315511339
904,MAE difference (pp),MLP minus Ridge,0.01123261420182775
904,MAE difference (pp),Seasonal median minus Zero growth,-0.10316943039213333
905,Precision difference (pp),Ridge minus Size-only Ridge,3.629291931829437
905,Precision difference (pp),MLP minus Ridge,1.2551674561377957
905,MAE difference (pp),MLP minus Zero growth,0.007034053615213143
905,MAE difference (pp),MLP minus Ridge,-0.038458191308631484
905,MAE difference (pp),Seasonal median minus Zero growth,-0.08954192433861685
906,Precision difference (pp),Ridge minus Size-only Ridge,3.524226980074982
906,Precision difference (pp),MLP minus Ridge,-0.43381315189825465
906,MAE difference (pp),MLP minus Zero growth,0.009714181331244465
906,MAE difference (pp),MLP minus Ridge,-0.026938365832227085
906,MAE difference (pp),Seasonal median minus Zero growth,-0.10279191933518161
907,Precision difference (pp),Ridge minus Size-only Ridge,1.7644897592340947
907,Precision difference (pp),MLP minus Ridge,0.5174416733936343
907,MAE difference (pp),MLP minus Zero growth,0.022355130090242703
907,MAE difference (pp),MLP minus Ridge,-0.01968533373817971
907,MAE difference (pp),Seasonal median minus Zero growth,-0.10014109429496543
908,Precision difference (pp),Ridge minus Size-only Ridge,4.365889945190876
908,Precision difference (pp),MLP minus Ridge,0.10519751281988232
908,MAE difference (pp),MLP minus Zero growth,0.05876411547621041
908,MAE difference (pp),MLP minus Ridge,-0.003615902637327917
908,MAE difference (pp),Seasonal median minus Zero growth,-0.08877872625065031
909,Precision difference (pp),Ridge minus Size-only Ridge,1.8863693833151396
909,Precision difference (pp),MLP minus Ridge,0.8374936657313009
909,MAE difference (pp),MLP minus Zero growth,0.03255135873862791
909,MAE difference (pp),MLP minus Ridge,-0.0015045101952764206
909,MAE difference (pp),Seasonal median minus Zero growth,-0.10208574552591898
910,Precision difference (pp),Ridge minus Size-only Ridge,0.6225774855269095
910,Precision difference (pp),MLP minus Ridge,0.9298239338427883
910,MAE difference (pp),MLP minus Zero growth,0.03463921300005035
910,MAE difference (pp),MLP minus Ridge,0.002466177422614013
910,MAE difference (pp),Seasonal median minus Zero growth,-0.11007309102462504
911,Precision difference (pp),Ridge minus Size-only Ridge,2.967872565780599
911,Precision difference (pp),MLP minus Ridge,1.602403197600366
911,MAE difference (pp),MLP minus Zero growth,-0.000517422865609074
911,MAE difference (pp),MLP minus Ridge,-0.024272000491944556
911,MAE difference (pp),Seasonal median minus Zero growth,-0.10194444556504223
912,Precision difference (pp),Ridge minus Size-only Ridge,3.420839058239772
912,Precision difference (pp),MLP minus Ridge,0.07285179109651208
912,MAE difference (pp),MLP minus Zero growth,0.05915548829570039
912,MAE difference (pp),MLP minus Ridge,0.004026137247998385
912,MAE difference (pp),Seasonal median minus Zero growth,-0.09418551411311027
913,Precision difference (pp),Ridge minus Size-only Ridge,1.2557560977756204
913,Precision difference (pp),MLP minus Ridge,-0.13500414368315117
913,MAE difference (pp),MLP minus Zero growth,0.009455681554713546
913,MAE difference (pp),MLP minus Ridge,-0.03294092245918634
913,MAE difference (pp),Seasonal median minus Zero growth,-0.09763417161313015
914,Precision difference (pp),Ridge minus Size-only Ridge,3.6969713145794003
914,Precision difference (pp),MLP minus Ridge,-0.45286275214321825
914,MAE difference (pp),MLP minus Zero growth,0.041431933705719626
914,MAE difference (pp),MLP minus Ridge,0.006259574271112012
914,MAE difference (pp),Seasonal median minus Zero growth,-0.09525917454079691
915,Precision difference (pp),Ridge minus Size-only Ridge,3.01200412859714
915,Precision difference (pp),MLP minus Ridge,-0.3776975411159872
915,MAE difference (pp),MLP minus Zero growth,0.007936363821502201
915,MAE difference (pp),MLP minus Ridge,-0.01866857445057324
915,MAE difference (pp),Seasonal median minus Zero growth,-0.10787308567308385
916,Precision difference (pp),Ridge minus Size-only Ridge,3.1999043581391886
916,Precision difference (pp),MLP minus Ridge,0.4981240788701796
916,MAE difference (pp),MLP minus Zero growth,0.04686609508696371
916,MAE difference (pp),MLP minus Ridge,-0.0252239852840197
916,MAE difference (pp),Seasonal median minus Zero growth,-0.09372090583514092
917,Precision difference (pp),Ridge minus Size-only Ridge,1.670222672410493
917,Precision difference (pp),MLP minus Ridge,-1.0216739901772853
917,MAE difference (pp),MLP minus Zero growth,0.022354769634025384
917,MAE difference (pp),MLP minus Ridge,-0.004223483478250412
917,MAE difference (pp),Seasonal median minus Zero growth,-0.10888807846337878
918,Precision difference (pp),Ridge minus Size-only Ridge,3.682737456502197
918,Precision difference (pp),MLP minus Ridge,-0.8880576029892451
918,MAE difference (pp),MLP minus Zero growth,0.03347843734546485
918,MAE difference (pp),MLP minus Ridge,-0.010511104566357066
918,MAE difference (pp),Seasonal median minus Zero growth,-0.09634711497034676
919,Precision difference (pp),Ridge minus Size-only Ridge,2.5756723301455233
919,Precision difference (pp),MLP minus Ridge,-0.2695895760961825
919,MAE difference (pp),MLP minus Zero growth,0.042980982977439464
919,MAE difference (pp),MLP minus Ridge,-0.017111354694123282
919,MAE difference (pp),Seasonal median minus Zero growth,-0.08992007772938537
920,Precision difference (pp),Ridge minus Size-only Ridge,2.7852951520693727
920,Precision difference (pp),MLP minus Ridge,0.4657685628470354
920,MAE difference (pp),MLP minus Zero growth,0.055400149079081196
920,MAE difference (pp),MLP minus Ridge,0.0032349763411332333
920,MAE difference (pp),Seasonal median minus Zero growth,-0.09680030600684253
921,Precision difference (pp),Ridge minus Size-only Ridge,3.8841481984810744
921,Precision difference (pp),MLP minus Ridge,-0.9768786992927436
921,MAE difference (pp),MLP minus Zero growth,0.02754786428433942
921,MAE difference (pp),MLP minus Ridge,-0.026791406748583046
921,MAE difference (pp),Seasonal median minus Zero growth,-0.09368371851866852
922,Precision difference (pp),Ridge minus Size-only Ridge,5.444996582123079
922,Precision difference (pp),MLP minus Ridge,-1.4416678613048046
922,MAE difference (pp),MLP minus Zero growth,0.028747463150808894
922,MAE difference (pp),MLP minus Ridge,0.003617545284385404
922,MAE difference (pp),Seasonal median minus Zero growth,-0.10719429695192906
923,Precision difference (pp),Ridge minus Size-only Ridge,3.1963878586680567
923,Precision difference (pp),MLP minus Ridge,-0.516448555901125
923,MAE difference (pp),MLP minus Zero growth,0.03372395572586662
923,MAE difference (pp),MLP minus Ridge,0.003981789834304639
923,MAE difference (pp),Seasonal median minus Zero growth,-0.10090191336911714
924,Precision difference (pp),Ridge minus Size-only Ridge,1.0842156710157673
924,Precision difference (pp),MLP minus Ridge,1.8379906220243825
924,MAE difference (pp),MLP minus Zero growth,0.04405357976455093
924,MAE difference (pp),MLP minus Ridge,-0.0009644021509411793
924,MAE difference (pp),Seasonal median minus Zero growth,-0.09480288641490286
925,Precision difference (pp),Ridge minus Size-only Ridge,2.1249137616659004
925,Precision difference (pp),MLP minus Ridge,0.6262813019015351
925,MAE difference (pp),MLP minus Zero growth,0.02114987616849051
925,MAE difference (pp),MLP minus Ridge,-0.008819756768514875
925,MAE difference (pp),Seasonal median minus Zero growth,-0.10678694862554172
926,Precision difference (pp),Ridge minus Size-only Ridge,3.436760449813936
926,Precision difference (pp),MLP minus Ridge,0.9217882059291471
926,MAE difference (pp),MLP minus Zero growth,0.017145161211297832
926,MAE difference (pp),MLP minus Ridge,-0.012912832996566426
926,MAE difference (pp),Seasonal median minus Zero growth,-0.11477011612907573
927,Precision difference (pp),Ridge minus Size-only Ridge,4.18148543106249
927,Precision difference (pp),MLP minus Ridge,0.09308978448876182
927,MAE difference (pp),MLP minus Zero growth,0.027189325730448743
927,MAE difference (pp),MLP minus Ridge,-0.0036072171988652535
927,MAE difference (pp),Seasonal median minus Zero growth,-0.11420032173413963
928,Precision difference (pp),Ridge minus Size-only Ridge,3.465682144787591
928,Precision difference (pp),MLP minus Ridge,-0.08361712973863344
928,MAE difference (pp),MLP minus Zero growth,0.0548887598571568
928,MAE difference (pp),MLP minus Ridge,-0.0117979145914755
928,MAE difference (pp),Seasonal median minus Zero growth,-0.08875584820724747
929,Precision difference (pp),Ridge minus Size-only Ridge,1.4144245104698165
929,Precision difference (pp),MLP minus Ridge,1.5690905917311677
929,MAE difference (pp),MLP minus Zero growth,0.012443931561949562
929,MAE difference (pp),MLP minus Ridge,-0.01200996161489476
929,MAE difference (pp),Seasonal median minus Zero growth,-0.10835145492446951
930,Precision difference (pp),Ridge minus Size-only Ridge,5.133048656532596
930,Precision difference (pp),MLP minus Ridge,-0.41663357657620304
930,MAE difference (pp),MLP minus Zero growth,0.01314813481060817
930,MAE difference (pp),MLP minus Ridge,-0.021951428315298394
930,MAE difference (pp),Seasonal median minus Zero growth,-0.09628372004404984
931,Precision difference (pp),Ridge minus Size-only Ridge,1.7904563926049528
931,Precision difference (pp),MLP minus Ridge,-0.06557410651913398
931,MAE difference (pp),MLP minus Zero growth,0.03509759558021841
931,MAE difference (pp),MLP minus Ridge,-0.02215293937624052
931,MAE difference (pp),Seasonal median minus Zero growth,-0.09630177621341662
932,Precision difference (pp),Ridge minus Size-only Ridge,2.6458172293324758
932,Precision difference (pp),MLP minus Ridge,-1.257800652009136
932,MAE difference (pp),MLP minus Zero growth,0.030867407598269114
932,MAE difference (pp),MLP minus Ridge,-0.003995087978430956
932,MAE difference (pp),Seasonal median minus Zero growth,-0.10388581860770651
933,Precision difference (pp),Ridge minus Size-only Ridge,3.4346137816322813
933,Precision difference (pp),MLP minus Ridge,-0.39592900766414196
933,MAE difference (pp),MLP minus Zero growth,0.07312272309027534
933,MAE difference (pp),MLP minus Ridge,-1.060235749372751e-05
933,MAE difference (pp),Seasonal median minus Zero growth,-0.08335262007462685
934,Precision difference (pp),Ridge minus Size-only Ridge,5.771483714920541
934,Precision difference (pp),MLP minus Ridge,-1.3743113158304703
934,MAE difference (pp),MLP minus Zero growth,0.010990917572699654
934,MAE difference (pp),MLP minus Ridge,-0.003215187934096253
934,MAE difference (pp),Seasonal median minus Zero growth,-0.11530062463516888
935,Precision difference (pp),Ridge minus Size-only Ridge,4.150862613902537
935,Precision difference (pp),MLP minus Ridge,0.37721663275994133
935,MAE difference (pp),MLP minus Zero growth,-0.01036211228018713
935,MAE difference (pp),MLP minus Ridge,-0.01860654405833806
935,MAE difference (pp),Seasonal median minus Zero growth,-0.10706287639760337
936,Precision difference (pp),Ridge minus Size-only Ridge,3.3817545669777322
936,Precision difference (pp),MLP minus Ridge,-3.410906493841828
936,MAE difference (pp),MLP minus Zero growth,0.06861416524977537
936,MAE difference (pp),MLP minus Ridge,0.009490971469324982
936,MAE difference (pp),Seasonal median minus Zero growth,-0.09665422232690268
937,Precision difference (pp),Ridge minus Size-only Ridge,1.9344017082945253
937,Precision difference (pp),MLP minus Ridge,0.27457187487043844
937,MAE difference (pp),MLP minus Zero growth,0.04222861490327112
937,MAE difference (pp),MLP minus Ridge,-0.011774150193346156
937,MAE difference (pp),Seasonal median minus Zero growth,-0.10039189392293091
938,Precision difference (pp),Ridge minus Size-only Ridge,3.304088142140793
938,Precision difference (pp),MLP minus Ridge,-0.9460219318087354
938,MAE difference (pp),MLP minus Zero growth,0.03072092973037499
938,MAE difference (pp),MLP minus Ridge,-0.03434679399645901
938,MAE difference (pp),Seasonal median minus Zero growth,-0.09007678545488718
939,Precision difference (pp),Ridge minus Size-only Ridge,4.339847514088077
939,Precision difference (pp),MLP minus Ridge,-0.09869273131517531
939,MAE difference (pp),MLP minus Zero growth,0.05484793264201526
939,MAE difference (pp),MLP minus Ridge,0.010679697284444511
939,MAE difference (pp),Seasonal median minus Zero growth,-0.09482203368654663
940,Precision difference (pp),Ridge minus Size-only Ridge,3.2539438485829324
940,Precision difference (pp),MLP minus Ridge,-0.17985624706027548
940,MAE difference (pp),MLP minus Zero growth,0.04888492986217852
940,MAE difference (pp),MLP minus Ridge,0.0036184293393310973
940,MAE difference (pp),Seasonal median minus Zero growth,-0.09168698010432719
941,Precision difference (pp),Ridge minus Size-only Ridge,2.670795697084011
941,Precision difference (pp),MLP minus Ridge,1.0133637927887658
941,MAE difference (pp),MLP minus Zero growth,0.03500021339242387
941,MAE difference (pp),MLP minus Ridge,-0.013121751913763191
941,MAE difference (pp),Seasonal median minus Zero growth,-0.10742450672424919
942,Precision difference (pp),Ridge minus Size-only Ridge,2.280222374678292
942,Precision difference (pp),MLP minus Ridge,-1.8217244087027629
942,MAE difference (pp),MLP minus Zero growth,0.00013325470350045165
942,MAE difference (pp),MLP minus Ridge,-0.025871883231140202
942,MAE difference (pp),Seasonal median minus Zero growth,-0.10003379199489482
943,Precision difference (pp),Ridge minus Size-only Ridge,4.752832344020669
943,Precision difference (pp),MLP minus Ridge,0.3055140817678548
943,MAE difference (pp),MLP minus Zero growth,-0.03570260829768879
943,MAE difference (pp),MLP minus Ridge,-0.06291978237315643
943,MAE difference (pp),Seasonal median minus Zero growth,-0.09805387575273361
944,Precision difference (pp),Ridge minus Size-only Ridge,4.445641691580285
944,Precision difference (pp),MLP minus Ridge,-0.4856382313779467
944,MAE difference (pp),MLP minus Zero growth,0.005251711186657904
944,MAE difference (pp),MLP minus Ridge,-0.028647796836401174
944,MAE difference (pp),Seasonal median minus Zero growth,-0.10245170075566268
945,Precision difference (pp),Ridge minus Size-only Ridge,2.1039933774984227
945,Precision difference (pp),MLP minus Ridge,0.8298456811728167
945,MAE difference (pp),MLP minus Zero growth,0.06937243676672766
945,MAE difference (pp),MLP minus Ridge,-0.010627232339770032
945,MAE difference (pp),Seasonal median minus Zero growth,-0.08603575601562774
946,Precision difference (pp),Ridge minus Size-only Ridge,4.289590966042475
946,Precision difference (pp),MLP minus Ridge,-0.6140513248499485
946,MAE difference (pp),MLP minus Zero growth,0.036863932122995546
946,MAE difference (pp),MLP minus Ridge,0.003433434731778373
946,MAE difference (pp),Seasonal median minus Zero growth,-0.10099440210859179
947,Precision difference (pp),Ridge minus Size-only Ridge,2.735049381743912
947,Precision difference (pp),MLP minus Ridge,-1.9871414405800953
947,MAE difference (pp),MLP minus Zero growth,0.03928821118580261
947,MAE difference (pp),MLP minus Ridge,0.019656365547728427
947,MAE difference (pp),Seasonal median minus Zero growth,-0.10891889680149891
948,Precision difference (pp),Ridge minus Size-only Ridge,4.38814957062467
948,Precision difference (pp),MLP minus Ridge,1.3917319044921495
948,MAE difference (pp),MLP minus Zero growth,0.002489985173975473
948,MAE difference (pp),MLP minus Ridge,-0.011132149843029904
948,MAE difference (pp),Seasonal median minus Zero growth,-0.10814396114702651
949,Precision difference (pp),Ridge minus Size-only Ridge,3.8800105785638332
949,Precision difference (pp),MLP minus Ridge,-1.190648770991548
949,MAE difference (pp),MLP minus Zero growth,0.0060122593555691495
949,MAE difference (pp),MLP minus Ridge,-0.03407503938479062
949,MAE difference (pp),Seasonal median minus Zero growth,-0.10637041796898883
950,Precision difference (pp),Ridge minus Size-only Ridge,2.583453023679558
950,Precision difference (pp),MLP minus Ridge,0.9111946514899355
950,MAE difference (pp),MLP minus Zero growth,0.004956910528798986
950,MAE difference (pp),MLP minus Ridge,-0.03936989750844466
950,MAE difference (pp),Seasonal median minus Zero growth,-0.10396889266848452
951,Precision difference (pp),Ridge minus Size-only Ridge,1.3174480603609289
951,Precision difference (pp),MLP minus Ridge,0.4811917520568615
951,MAE difference (pp),MLP minus Zero growth,0.031010260584860116
951,MAE difference (pp),MLP minus Ridge,-0.002679824367431749
951,MAE difference (pp),Seasonal median minus Zero growth,-0.11010508976432076
952,Precision difference (pp),Ridge minus Size-only Ridge,2.542829563992932
952,Precision difference (pp),MLP minus Ridge,0.21049969513429467
952,MAE difference (pp),MLP minus Zero growth,0.0687050011020971
952,MAE difference (pp),MLP minus Ridge,0.009974349782190917
952,MAE difference (pp),Seasonal median minus Zero growth,-0.08709302491074045
953,Precision difference (pp),Ridge minus Size-only Ridge,3.1912568010886795
953,Precision difference (pp),MLP minus Ridge,-1.0192594194409654
953,MAE difference (pp),MLP minus Zero growth,0.043353889253646916
953,MAE difference (pp),MLP minus Ridge,-0.003270074324384531
953,MAE difference (pp),Seasonal median minus Zero growth,-0.11003655667193968
954,Precision difference (pp),Ridge minus Size-only Ridge,3.625312837482095
954,Precision difference (pp),MLP minus Ridge,-0.7382074765138108
954,MAE difference (pp),MLP minus Zero growth,0.05564720801257339
954,MAE difference (pp),MLP minus Ridge,0.006771950651817349
954,MAE difference (pp),Seasonal median minus Zero growth,-0.0990793557463916
955,Precision difference (pp),Ridge minus Size-only Ridge,3.342637652933225
955,Precision difference (pp),MLP minus Ridge,0.14639048852781167
955,MAE difference (pp),MLP minus Zero growth,0.03250026923425331
955,MAE difference (pp),MLP minus Ridge,-0.0024630935188114655
955,MAE difference (pp),Seasonal median minus Zero growth,-0.10668186365122745
956,Precision difference (pp),Ridge minus Size-only Ridge,3.5547294093355526
956,Precision difference (pp),MLP minus Ridge,-0.2626188638828991
956,MAE difference (pp),MLP minus Zero growth,0.04391600534785267
956,MAE difference (pp),MLP minus Ridge,-0.00924385612974632
956,MAE difference (pp),Seasonal median minus Zero growth,-0.08653576711494226
957,Precision difference (pp),Ridge minus Size-only Ridge,3.816027932812527
957,Precision difference (pp),MLP minus Ridge,-0.3358012849298625
957,MAE difference (pp),MLP minus Zero growth,0.03182712382870312
957,MAE difference (pp),MLP minus Ridge,-0.01973236202805273
957,MAE difference (pp),Seasonal median minus Zero growth,-0.09833346789916853
958,Precision difference (pp),Ridge minus Size-only Ridge,1.6700653089561701
958,Precision difference (pp),MLP minus Ridge,0.7633444100862613
958,MAE difference (pp),MLP minus Zero growth,0.005845337686483987
958,MAE difference (pp),MLP minus Ridge,-0.026287963106647272
958,MAE difference (pp),Seasonal median minus Zero growth,-0.09755366808168109
959,Precision difference (pp),Ridge minus Size-only Ridge,1.8924452123736224
959,Precision difference (pp),MLP minus Ridge,-0.6258243743807623
959,MAE difference (pp),MLP minus Zero growth,0.024519720013568502
959,MAE difference (pp),MLP minus Ridge,0.0007451067344841356
959,MAE difference (pp),Seasonal median minus Zero growth,-0.10890899228087036
960,Precision difference (pp),Ridge minus Size-only Ridge,2.7179510113872762
960,Precision difference (pp),MLP minus Ridge,1.4506337245602408
960,MAE difference (pp),MLP minus Zero growth,0.00638170973233354
960,MAE difference (pp),MLP minus Ridge,-0.021907960979468566
960,MAE difference (pp),Seasonal median minus Zero growth,-0.1013077338503332
961,Precision difference (pp),Ridge minus Size-only Ridge,1.8551134021106697
961,Precision difference (pp),MLP minus Ridge,0.04767778577033921
961,MAE difference (pp),MLP minus Zero growth,0.013030177181347469
961,MAE difference (pp),MLP minus Ridge,-0.015036587666203527
961,MAE difference (pp),Seasonal median minus Zero growth,-0.09428678946529123
962,Precision difference (pp),Ridge minus Size-only Ridge,4.650562425916557
962,Precision difference (pp),MLP minus Ridge,0.7224731723071032
962,MAE difference (pp),MLP minus Zero growth,0.015088620664166275
962,MAE difference (pp),MLP minus Ridge,-0.026301379009973758
962,MAE difference (pp),Seasonal median minus Zero growth,-0.09424707290684609
963,Precision difference (pp),Ridge minus Size-only Ridge,2.4948473858244364
963,Precision difference (pp),MLP minus Ridge,0.3610243879759861
963,MAE difference (pp),MLP minus Zero growth,0.03723998222107783
963,MAE difference (pp),MLP minus Ridge,0.022964081918290802
963,MAE difference (pp),Seasonal median minus Zero growth,-0.11066566366330521
964,Precision difference (pp),Ridge minus Size-only Ridge,1.5224244127229447
964,Precision difference (pp),MLP minus Ridge,-0.7208399006011695
964,MAE difference (pp),MLP minus Zero growth,0.04179853537122513
964,MAE difference (pp),MLP minus Ridge,-0.00024177989671869682
964,MAE difference (pp),Seasonal median minus Zero growth,-0.09985584453985075
965,Precision difference (pp),Ridge minus Size-only Ridge,0.6261880942905085
965,Precision difference (pp),MLP minus Ridge,1.2781226049812189
965,MAE difference (pp),MLP minus Zero growth,0.02618072086788592
965,MAE difference (pp),MLP minus Ridge,-0.0021023988159436513
965,MAE difference (pp),Seasonal median minus Zero growth,-0.10214802669850176
966,Precision difference (pp),Ridge minus Size-only Ridge,3.1622297782651465
966,Precision difference (pp),MLP minus Ridge,-0.9570682954014531
966,MAE difference (pp),MLP minus Zero growth,0.026698997655538736
966,MAE difference (pp),MLP minus Ridge,-0.013699678266617443
966,MAE difference (pp),Seasonal median minus Zero growth,-0.10364465815605595
967,Precision difference (pp),Ridge minus Size-only Ridge,3.374771692837439
967,Precision difference (pp),MLP minus Ridge,-0.16842211443112987
967,MAE difference (pp),MLP minus Zero growth,0.04721484062222503
967,MAE difference (pp),MLP minus Ridge,-0.011222774377472877
967,MAE difference (pp),Seasonal median minus Zero growth,-0.08852536620096751
968,Precision difference (pp),Ridge minus Size-only Ridge,4.617426883894077
968,Precision difference (pp),MLP minus Ridge,0.17945501470990333
968,MAE difference (pp),MLP minus Zero growth,0.00758335686003786
968,MAE difference (pp),MLP minus Ridge,-0.014745420675257748
968,MAE difference (pp),Seasonal median minus Zero growth,-0.10895376877023999
969,Precision difference (pp),Ridge minus Size-only Ridge,4.4422286514277936
969,Precision difference (pp),MLP minus Ridge,1.7631694676717795
969,MAE difference (pp),MLP minus Zero growth,0.005994336707206838
969,MAE difference (pp),MLP minus Ridge,-0.011505770643537083
969,MAE difference (pp),Seasonal median minus Zero growth,-0.11655174025990611
970,Precision difference (pp),Ridge minus Size-only Ridge,1.9843735449982414
970,Precision difference (pp),MLP minus Ridge,0.2539755698634516
970,MAE difference (pp),MLP minus Zero growth,0.0473502720769754
970,MAE difference (pp),MLP minus Ridge,-0.0023351505806368245
970,MAE difference (pp),Seasonal median minus Zero growth,-0.09882946388988989
971,Precision difference (pp),Ridge minus Size-only Ridge,4.966748524078754
971,Precision difference (pp),MLP minus Ridge,-1.0491402722439895
971,MAE difference (pp),MLP minus Zero growth,-0.0008994558672754671
971,MAE difference (pp),MLP minus Ridge,-0.03919684724767425
971,MAE difference (pp),Seasonal median minus Zero growth,-0.0982917483152499
972,Precision difference (pp),Ridge minus Size-only Ridge,2.7473074133605806
972,Precision difference (pp),MLP minus Ridge,0.005667719728993936
972,MAE difference (pp),MLP minus Zero growth,0.02664670825108928
972,MAE difference (pp),MLP minus Ridge,-0.027134546314020014
972,MAE difference (pp),Seasonal median minus Zero growth,-0.10170473271158098
973,Precision difference (pp),Ridge minus Size-only Ridge,1.4425861002768214
973,Precision difference (pp),MLP minus Ridge,-0.5469608333501907
973,MAE difference (pp),MLP minus Zero growth,0.036731442562395245
973,MAE difference (pp),MLP minus Ridge,0.00648760514239255
973,MAE difference (pp),Seasonal median minus Zero growth,-0.10939267529348307
974,Precision difference (pp),Ridge minus Size-only Ridge,3.089014341291052
974,Precision difference (pp),MLP minus Ridge,-1.1878308715621593
974,MAE difference (pp),MLP minus Zero growth,-0.007262740497099962
974,MAE difference (pp),MLP minus Ridge,-0.02719317285832412
974,MAE difference (pp),Seasonal median minus Zero growth,-0.1089884491090114
975,Precision difference (pp),Ridge minus Size-only Ridge,3.570979675805372
975,Precision difference (pp),MLP minus Ridge,1.1970227318735898
975,MAE difference (pp),MLP minus Zero growth,-0.02619102008035057
975,MAE difference (pp),MLP minus Ridge,-0.04259080811519578
975,MAE difference (pp),Seasonal median minus Zero growth,-0.10735386347005882
976,Precision difference (pp),Ridge minus Size-only Ridge,4.41511042966829
976,Precision difference (pp),MLP minus Ridge,0.603288600142543
976,MAE difference (pp),MLP minus Zero growth,0.013601676129352036
976,MAE difference (pp),MLP minus Ridge,-0.02368129850895828
976,MAE difference (pp),Seasonal median minus Zero growth,-0.10743984968167863
977,Precision difference (pp),Ridge minus Size-only Ridge,1.7932789696708666
977,Precision difference (pp),MLP minus Ridge,0.9259698401785532
977,MAE difference (pp),MLP minus Zero growth,0.04572244363149558
977,MAE difference (pp),MLP minus Ridge,0.01052741044562655
977,MAE difference (pp),Seasonal median minus Zero growth,-0.10161974056348244
978,Precision difference (pp),Ridge minus Size-only Ridge,2.330490652842934
978,Precision difference (pp),MLP minus Ridge,0.5583320201969943
978,MAE difference (pp),MLP minus Zero growth,0.010245415016479242
978,MAE difference (pp),MLP minus Ridge,-0.024236655745948354
978,MAE difference (pp),Seasonal median minus Zero growth,-0.10736153100903367
979,Precision difference (pp),Ridge minus Size-only Ridge,4.156949827808673
979,Precision difference (pp),MLP minus Ridge,-0.9173437117078187
979,MAE difference (pp),MLP minus Zero growth,0.02586288231966849
979,MAE difference (pp),MLP minus Ridge,-0.0001576677565231499
979,MAE difference (pp),Seasonal median minus Zero growth,-0.10775597482844379
980,Precision difference (pp),Ridge minus Size-only Ridge,2.908242264303465
980,Precision difference (pp),MLP minus Ridge,0.5884899276087568
980,MAE difference (pp),MLP minus Zero growth,0.04211055535885677
980,MAE difference (pp),MLP minus Ridge,0.010409669780498287
980,MAE difference (pp),Seasonal median minus Zero growth,-0.10948356989463592
981,Precision difference (pp),Ridge minus Size-only Ridge,4.361213274504269
981,Precision difference (pp),MLP minus Ridge,-0.6257930881096385
981,MAE difference (pp),MLP minus Zero growth,0.010181408341180198
981,MAE difference (pp),MLP minus Ridge,-0.003681790952132502
981,MAE difference (pp),Seasonal median minus Zero growth,-0.1083116836580924
982,Precision difference (pp),Ridge minus Size-only Ridge,1.0474853454734339
982,Precision difference (pp),MLP minus Ridge,0.8791861699259912
982,MAE difference (pp),MLP minus Zero growth,0.018398016776794535
982,MAE difference (pp),MLP minus Ridge,-0.006932326042440984
982,MAE difference (pp),Seasonal median minus Zero growth,-0.10513141652758717
983,Precision difference (pp),Ridge minus Size-only Ridge,1.6325027908781404
983,Precision difference (pp),MLP minus Ridge,1.6701845665129027
983,MAE difference (pp),MLP minus Zero growth,-0.011201443229713615
983,MAE difference (pp),MLP minus Ridge,-0.006026688431830074
983,MAE difference (pp),Seasonal median minus Zero growth,-0.11430089635095664
984,Precision difference (pp),Ridge minus Size-only Ridge,4.626489072140016
984,Precision difference (pp),MLP minus Ridge,-1.3507543214064137
984,MAE difference (pp),MLP minus Zero growth,0.025084227270761872
984,MAE difference (pp),MLP minus Ridge,-0.027741083971007274
984,MAE difference (pp),Seasonal median minus Zero growth,-0.09045453908403633
985,Precision difference (pp),Ridge minus Size-only Ridge,2.959622446135368
985,Precision difference (pp),MLP minus Ridge,-1.198186223092551
985,MAE difference (pp),MLP minus Zero growth,0.04926155721348202
985,MAE difference (pp),MLP minus Ridge,0.0066858790854844585
985,MAE difference (pp),Seasonal median minus Zero growth,-0.10502945159153354
986,Precision difference (pp),Ridge minus Size-only Ridge,3.4090746684902973
986,Precision difference (pp),MLP minus Ridge,0.4053865219756231
986,MAE difference (pp),MLP minus Zero growth,0.03331673112057443
986,MAE difference (pp),MLP minus Ridge,-0.012659999458060511
986,MAE difference (pp),Seasonal median minus Zero growth,-0.09963402288405909
987,Precision difference (pp),Ridge minus Size-only Ridge,3.25252348389268
987,Precision difference (pp),MLP minus Ridge,-0.32164210666970616
987,MAE difference (pp),MLP minus Zero growth,0.02900403177685673
987,MAE difference (pp),MLP minus Ridge,-0.009150531764235303
987,MAE difference (pp),Seasonal median minus Zero growth,-0.10477526204677012
988,Precision difference (pp),Ridge minus Size-only Ridge,2.942733587295862
988,Precision difference (pp),MLP minus Ridge,1.2798232379881647
988,MAE difference (pp),MLP minus Zero growth,0.019506932438162927
988,MAE difference (pp),MLP minus Ridge,-0.004190691683813252
988,MAE difference (pp),Seasonal median minus Zero growth,-0.10699157142271698
989,Precision difference (pp),Ridge minus Size-only Ridge,0.761050566348373
989,Precision difference (pp),MLP minus Ridge,-0.6623341751386291
989,MAE difference (pp),MLP minus Zero growth,0.06177309243426965
989,MAE difference (pp),MLP minus Ridge,0.025006424120515014
989,MAE difference (pp),Seasonal median minus Zero growth,-0.0983505395818769
990,Precision difference (pp),Ridge minus Size-only Ridge,5.093879405953894
990,Precision difference (pp),MLP minus Ridge,-0.37819206784160675
990,MAE difference (pp),MLP minus Zero growth,0.002442834336564559
990,MAE difference (pp),MLP minus Ridge,-0.033493157761499415
990,MAE difference (pp),Seasonal median minus Zero growth,-0.09655462502203926
991,Precision difference (pp),Ridge minus Size-only Ridge,3.2189971979005696
991,Precision difference (pp),MLP minus Ridge,0.07331293437012887
991,MAE difference (pp),MLP minus Zero growth,0.02687098237311636
991,MAE difference (pp),MLP minus Ridge,-0.008849431396530605
991,MAE difference (pp),Seasonal median minus Zero growth,-0.10037754068992566
992,Precision difference (pp),Ridge minus Size-only Ridge,3.5215319294807674
992,Precision difference (pp),MLP minus Ridge,0.4177295991534241
992,MAE difference (pp),MLP minus Zero growth,0.03201031232893081
992,MAE difference (pp),MLP minus Ridge,-0.004471989211163763
992,MAE difference (pp),Seasonal median minus Zero growth,-0.10631585686854272
993,Precision difference (pp),Ridge minus Size-only Ridge,2.5788545732809283
993,Precision difference (pp),MLP minus Ridge,0.7791939793782371
993,MAE difference (pp),MLP minus Zero growth,0.024121393719310547
993,MAE difference (pp),MLP minus Ridge,-0.021977250505908152
993,MAE difference (pp),Seasonal median minus Zero growth,-0.09160259240130886
994,Precision difference (pp),Ridge minus Size-only Ridge,3.102661002412846
994,Precision difference (pp),MLP minus Ridge,0.05892654983052359
994,MAE difference (pp),MLP minus Zero growth,0.03185307402797655
994,MAE difference (pp),MLP minus Ridge,0.003029311953096414
994,MAE difference (pp),Seasonal median minus Zero growth,-0.10732163174350973
995,Precision difference (pp),Ridge minus Size-only Ridge,4.447955235171322
995,Precision difference (pp),MLP minus Ridge,0.6859029337074579
995,MAE difference (pp),MLP minus Zero growth,0.030398138828221732
995,MAE difference (pp),MLP minus Ridge,-0.008739445891228659
995,MAE difference (pp),Seasonal median minus Zero growth,-0.10099391098085198
996,Precision difference (pp),Ridge minus Size-only Ridge,4.677341550957181
996,Precision difference (pp),MLP minus Ridge,-0.8799350390081284
996,MAE difference (pp),MLP minus Zero growth,0.08326648940756698
996,MAE difference (pp),MLP minus Ridge,0.02485127047877178
996,MAE difference (pp),Seasonal median minus Zero growth,-0.08805216808811123
997,Precision difference (pp),Ridge minus Size-only Ridge,3.693535010416485
997,Precision difference (pp),MLP minus Ridge,-1.8078001843917195
997,MAE difference (pp),MLP minus Zero growth,0.02811838088758245
997,MAE difference (pp),MLP minus Ridge,-0.017693045926686857
997,MAE difference (pp),Seasonal median minus Zero growth,-0.1094841066875114
998,Precision difference (pp),Ridge minus Size-only Ridge,5.150830154350194
998,Precision difference (pp),MLP minus Ridge,-1.384741077032664
998,MAE difference (pp),MLP minus Zero growth,0.03772514938136551
998,MAE difference (pp),MLP minus Ridge,-0.021330344519490563
998,MAE difference (pp),Seasonal median minus Zero growth,-0.0951505161441184
999,Precision difference (pp),Ridge minus Size-only Ridge,3.493107054739128
999,Precision difference (pp),MLP minus Ridge,0.4503163027069518
999,MAE difference (pp),MLP minus Zero growth,0.03738520688021252
999,MAE difference (pp),MLP minus Ridge,-0.0032114661948017265
999,MAE difference (pp),Seasonal median minus Zero growth,-0.10455788884540773
