CERT,NAME,report_date,deposit_m,runoff_m,Priority score,Review
14,STATE STREET BANK&TRUST CO,2024-03-31,190845.0,11326.0,1109.5879929801076,True
14,STATE STREET BANK&TRUST CO,2024-06-30,179519.0,0.0,1171.5289022175796,True
14,STATE STREET BANK&TRUST CO,2024-09-30,182432.0,0.0,931.3161332086643,True
35,AUBURNBANK,2024-03-31,900.85,0.0,5.082241272704551,False
35,AUBURNBANK,2024-06-30,947.493,44.732,7.769285915374697,False
35,AUBURNBANK,2024-09-30,902.761,5.936,5.092595583875246,False
39,ROBERTSON BANKING CO,2024-03-31,414.927,0.0,2.39629833699571,False
39,ROBERTSON BANKING CO,2024-06-30,417.79,3.402,3.2483768094012375,False
39,ROBERTSON BANKING CO,2024-09-30,414.388,2.182,2.160141640089822,False
41,PHENIX-GIRARD BANK,2024-03-31,276.535,2.569,2.6394536965618425,False
41,PHENIX-GIRARD BANK,2024-06-30,273.966,0.0,3.1702786548576563,False
41,PHENIX-GIRARD BANK,2024-09-30,280.279,0.0,2.747079754563987,False
49,BANK OF EVERGREEN,2024-03-31,67.944,0.094,0.43874818465820875,False
49,BANK OF EVERGREEN,2024-06-30,67.85,0.0,0.5795883319844009,False
49,BANK OF EVERGREEN,2024-09-30,68.811,0.428,0.4930871296965075,False
50,COMMUNITY SPIRIT BANK,2024-03-31,181.741,0.0,1.2639480474729476,False
50,COMMUNITY SPIRIT BANK,2024-06-30,188.135,0.0,1.7048234609267472,False
50,COMMUNITY SPIRIT BANK,2024-09-30,188.93,0.0,1.2549984616817453,False
51,BANK OF VERNON,2024-03-31,277.398,0.0,1.865169040811586,False
51,BANK OF VERNON,2024-06-30,279.396,0.0,2.438343731932693,False
51,BANK OF VERNON,2024-09-30,298.472,0.0,1.9398103905168194,False
52,CITIZENS BANK OF WINFIELD,2024-03-31,269.241,41.287,2.173282608605249,False
52,CITIZENS BANK OF WINFIELD,2024-06-30,227.954,0.0,2.3700437158341043,False
52,CITIZENS BANK OF WINFIELD,2024-09-30,229.797,0.246,1.763378541944302,False
54,EXCHANGE BANK OF ALABAMA,2024-03-31,324.626,0.0,1.9391362988690561,False
54,EXCHANGE BANK OF ALABAMA,2024-06-30,328.413,3.79,2.667830534652064,False
54,EXCHANGE BANK OF ALABAMA,2024-09-30,324.623,0.0,1.8125520699921374,False
58,UNITED BANK,2024-03-31,1008.343,2.477,5.569886851700009,False
58,UNITED BANK,2024-06-30,1005.866,0.0,6.849485739062773,False
58,UNITED BANK,2024-09-30,1154.084,0.0,5.695572441098907,False
70,PEOPLES EXCHANGE BANK,2024-03-31,86.306,0.0,0.41523836763910194,False
70,PEOPLES EXCHANGE BANK,2024-06-30,87.671,0.0,0.6004283180046147,False
70,PEOPLES EXCHANGE BANK,2024-09-30,88.137,4.483,0.45312876763724946,False
72,CENTRAL STATE BANK,2024-03-31,549.647,0.0,3.5363034763296013,False
72,CENTRAL STATE BANK,2024-06-30,568.26,0.0,4.875425794717302,False
72,CENTRAL STATE BANK,2024-09-30,619.857,18.267,4.069054759791865,False
77,BANKSOUTH,2024-03-31,166.093,5.51,0.6524452604573766,False
77,BANKSOUTH,2024-06-30,160.583,0.0,0.8445787513297333,False
77,BANKSOUTH,2024-09-30,162.233,0.0,0.6250372380013838,False
81,WARREN BANK&TRUST CO,2024-03-31,115.967,0.756,0.6629371160345153,False
81,WARREN BANK&TRUST CO,2024-06-30,115.211,0.0,0.8560689422323279,False
81,WARREN BANK&TRUST CO,2024-09-30,118.874,2.108,0.6534495253588175,False
88,GENERATIONS BANK,2024-03-31,762.841,4.183,3.6650581913862834,False
88,GENERATIONS BANK,2024-06-30,758.658,0.0,4.67123265091777,False
88,GENERATIONS BANK,2024-09-30,799.4,0.0,3.5119295874045995,False
89,SIGNATURE BANK OF ARKANSAS,2024-03-31,1013.636,0.0,4.125529807128584,False
89,SIGNATURE BANK OF ARKANSAS,2024-06-30,1018.556,0.0,5.762086369291739,False
89,SIGNATURE BANK OF ARKANSAS,2024-09-30,1039.252,0.0,4.015171454474601,False
90,COMMERCIAL BANK&TRUST CO,2024-03-31,232.271,0.0,1.3728211053709367,False
90,COMMERCIAL BANK&TRUST CO,2024-06-30,337.665,2.217,2.7075557078607564,False
90,COMMERCIAL BANK&TRUST CO,2024-09-30,335.448,0.0,1.8699360321770564,False
93,RIVERSIDE BANK,2024-03-31,51.784,1.231,0.08598893020659076,False
93,RIVERSIDE BANK,2024-06-30,50.553,0.0,0.14310845392964636,False
93,RIVERSIDE BANK,2024-09-30,51.018,0.0,0.1137837678273757,False
99,BANK OF DELIGHT,2024-03-31,137.568,0.0,0.5431365260178921,False
99,BANK OF DELIGHT,2024-06-30,137.906,0.0,0.7292044559101257,False
99,BANK OF DELIGHT,2024-09-30,145.605,0.0,0.549628534527537,False
105,BANK OF CAVE CITY,2024-03-31,153.456,0.0,0.8210939532260721,False
105,BANK OF CAVE CITY,2024-06-30,156.973,1.905,1.1304419478032284,False
105,BANK OF CAVE CITY,2024-09-30,155.068,0.0,0.7767136663532697,False
107,MERCHANTS&PLANTERS BANK,2024-03-31,44.785,0.016,0.16024528864578028,False
107,MERCHANTS&PLANTERS BANK,2024-06-30,44.769,0.0,0.24313722762341583,False
107,MERCHANTS&PLANTERS BANK,2024-09-30,45.663,0.0,0.2099262731652422,False
109,HORATIO STATE BANK,2024-03-31,268.97,2.61,1.3464746229352202,False
109,HORATIO STATE BANK,2024-06-30,266.36,0.0,1.6836356588149581,False
109,HORATIO STATE BANK,2024-09-30,268.048,0.0,1.171425771692199,False
110,BANK OZK,2024-03-31,29406.07,0.0,68.96092589507889,True
110,BANK OZK,2024-06-30,29943.663,0.0,96.35769202104262,True
110,BANK OZK,2024-09-30,30571.613,0.0,66.46471522444995,True
131,SEACOAST NATIONAL BANK,2024-03-31,12020.707,0.0,35.79479904000706,True
131,SEACOAST NATIONAL BANK,2024-06-30,12120.841,0.0,48.98843410595504,True
131,SEACOAST NATIONAL BANK,2024-09-30,12249.58,1.559,33.20066028777913,True
147,CENTURY BANK&TRUST,2024-03-31,323.272,11.512,2.2933918648114875,False
147,CENTURY BANK&TRUST,2024-06-30,311.76,0.0,2.5735396827384016,False
147,CENTURY BANK&TRUST,2024-09-30,313.569,0.568,1.8722769572164046,False
148,BANK OF MADISON,2024-03-31,372.669,1.044,1.8704477247385576,False
148,BANK OF MADISON,2024-06-30,371.625,0.0,2.456373161505115,False
148,BANK OF MADISON,2024-09-30,371.974,13.028,1.7433847675608403,False
149,BANK OF HAZLEHURST,2024-03-31,109.602,1.011,1.0339910964572994,False
149,BANK OF HAZLEHURST,2024-06-30,108.591,2.266,1.1760760978750453,False
149,BANK OF HAZLEHURST,2024-09-30,106.325,0.0,0.8451493353500894,False
155,BANK OF ALAPAHA,2024-03-31,211.434,8.277,1.6523076655479478,False
155,BANK OF ALAPAHA,2024-06-30,203.157,0.912,1.8908404786054092,False
155,BANK OF ALAPAHA,2024-09-30,202.245,0.0,1.2747024351338343,False
160,EXCHANGE BANK,2024-03-31,330.529,11.817,1.949140359957824,False
160,EXCHANGE BANK,2024-06-30,318.712,0.02,2.4018995276687805,False
160,EXCHANGE BANK,2024-09-30,318.692,0.0,1.7280138678160382,False
169,FIRST NB OF GRIFFIN,2024-03-31,329.097,5.527,3.8645915397542563,False
169,FIRST NB OF GRIFFIN,2024-06-30,323.57,10.669,4.497247543918124,False
169,FIRST NB OF GRIFFIN,2024-09-30,312.901,0.0,3.1256370748207827,False
170,PEOPLES BANK OF GEORGIA,2024-03-31,161.986,0.0,0.8897885780977256,False
170,PEOPLES BANK OF GEORGIA,2024-06-30,162.368,0.0,1.1938922159750602,False
170,PEOPLES BANK OF GEORGIA,2024-09-30,167.261,0.0,0.8297518882758957,False
172,UNITED BANK,2024-03-31,1898.426,19.311,16.703869346685774,True
172,UNITED BANK,2024-06-30,1879.115,49.704,20.451232831826367,True
172,UNITED BANK,2024-09-30,1829.411,0.0,13.980551335440817,True
175,COMMERCIAL BANK,2024-03-31,377.124,0.0,2.2844460661437385,False
175,COMMERCIAL BANK,2024-06-30,382.397,0.0,2.9459761395795,False
175,COMMERCIAL BANK,2024-09-30,383.538,0.0,1.9862812195555843,False
178,TALBOT STATE BANK,2024-03-31,50.413,0.0,0.2519077034965581,False
178,TALBOT STATE BANK,2024-06-30,50.426,3.967,0.37854944881034697,False
178,TALBOT STATE BANK,2024-09-30,46.459,2.364,0.2382475585043907,False
183,MERCHANTS&CITIZENS BANK,2024-03-31,115.941,0.0,0.9218130553411638,False
183,MERCHANTS&CITIZENS BANK,2024-06-30,122.458,4.727,1.2198398981268839,False
183,MERCHANTS&CITIZENS BANK,2024-09-30,117.731,0.0,0.850193971064912,False
197,ALLIANCE BANK,2024-03-31,358.251,0.0,1.943750984396922,False
197,ALLIANCE BANK,2024-06-30,359.725,0.0,2.546210788117,False
197,ALLIANCE BANK,2024-09-30,363.496,0.0,1.803296511862258,False
210,TRI-COUNTY BANK&TRUST CO,2024-03-31,237.142,0.0,1.1711351339429785,False
210,TRI-COUNTY BANK&TRUST CO,2024-06-30,240.793,0.0,1.6853296591292617,False
210,TRI-COUNTY BANK&TRUST CO,2024-09-30,246.895,12.781,1.2662276016135625,False
214,WASHINGTON STATE BANK,2024-03-31,489.516,0.136,2.9002742803762542,False
214,WASHINGTON STATE BANK,2024-06-30,489.38,0.0,3.801924176525528,False
214,WASHINGTON STATE BANK,2024-09-30,492.521,0.0,2.7208676507174903,False
226,GUTHRIE COUNTY STATE BANK,2024-03-31,209.059,0.0,1.348380665256105,False
226,GUTHRIE COUNTY STATE BANK,2024-06-30,209.064,0.0,1.675733256981543,False
226,GUTHRIE COUNTY STATE BANK,2024-09-30,210.623,12.15,1.3736800471885355,False
228,AMERICAN STATE BANK,2024-03-31,1130.523,4.69,4.401262414886588,False
228,AMERICAN STATE BANK,2024-06-30,1125.833,0.0,5.834690715921617,False
228,AMERICAN STATE BANK,2024-09-30,1192.743,0.0,4.300276774704346,False
230,COMMUNITY STATE BANK,2024-03-31,285.714,8.888,1.8178570658148023,False
230,COMMUNITY STATE BANK,2024-06-30,276.826,0.0,2.3177374252923135,False
230,COMMUNITY STATE BANK,2024-09-30,278.673,0.0,1.6377349627270326,False
231,COMMERCIAL SAVINGS BANK,2024-03-31,249.961,0.0,1.3927948177796137,False
231,COMMERCIAL SAVINGS BANK,2024-06-30,252.17,0.0,1.8788082136729112,False
231,COMMERCIAL SAVINGS BANK,2024-09-30,258.19,0.0,1.3954547957567252,False
232,SOLON STATE BANK,2024-03-31,93.919,0.0,0.4134228423243461,False
232,SOLON STATE BANK,2024-06-30,95.664,5.305,0.6077599066139863,False
232,SOLON STATE BANK,2024-09-30,90.359,0.0,0.3714084041746563,False
234,POCAHONTAS STATE BANK,2024-03-31,85.429,5.803,0.4325853122945895,False
234,POCAHONTAS STATE BANK,2024-06-30,79.626,0.0,0.5365207156146685,False
234,POCAHONTAS STATE BANK,2024-09-30,90.73,3.292,0.5135395064335846,False
235,SECURITY STATE BANK,2024-03-31,305.152,14.715,1.2403051979753559,False
235,SECURITY STATE BANK,2024-06-30,290.437,8.123,1.6062888242626245,False
235,SECURITY STATE BANK,2024-09-30,282.314,0.0,1.0994460355477873,False
245,RACCOON VALLEY BANK,2024-03-31,415.66,17.069,2.369163150384285,False
245,RACCOON VALLEY BANK,2024-06-30,398.591,0.0,2.6296598910654163,False
245,RACCOON VALLEY BANK,2024-09-30,401.73,0.0,1.86372874546829,False
248,STATE SAVINGS BANK,2024-03-31,169.193,3.746,0.7895080521838563,False
248,STATE SAVINGS BANK,2024-06-30,165.447,0.0,1.0275423516873916,False
248,STATE SAVINGS BANK,2024-09-30,170.386,0.0,0.7504493365369375,False
251,FIRST SECURITY BANK,2024-03-31,67.644,3.196,0.3916926935135663,False
251,FIRST SECURITY BANK,2024-06-30,64.448,9.246,0.47308010445426973,False
251,FIRST SECURITY BANK,2024-09-30,55.202,0.555,0.19805267544678523,False
252,PINNACLE BANK,2024-03-31,260.011,6.225,1.2363197817000038,False
252,PINNACLE BANK,2024-06-30,253.786,0.0,1.7172679558939827,False
252,PINNACLE BANK,2024-09-30,254.469,8.097,1.2625056198965174,False
253,LUANA SAVINGS BANK,2024-03-31,1818.028,65.095,6.974873721822911,False
253,LUANA SAVINGS BANK,2024-06-30,1752.933,6.219,8.739122752935746,False
253,LUANA SAVINGS BANK,2024-09-30,1746.714,0.0,6.168775535646755,False
254,FIRST WHITNEY BANK&TRUST,2024-03-31,251.189,11.766,1.6279437414268152,False
254,FIRST WHITNEY BANK&TRUST,2024-06-30,239.423,0.0,1.8480914834690212,False
254,FIRST WHITNEY BANK&TRUST,2024-09-30,247.334,0.0,1.5764470333554446,False
258,STOCK YARDS BANK&TRUST CO,2024-03-31,6613.54,43.171,21.0490507418382,True
258,STOCK YARDS BANK&TRUST CO,2024-06-30,6570.369,0.0,28.17104432583871,True
258,STOCK YARDS BANK&TRUST CO,2024-09-30,6726.823,0.0,19.67914266871217,True
262,CITIZENS BANK,2024-03-31,174.857,0.0,0.7700827881451282,False
262,CITIZENS BANK,2024-06-30,182.769,0.0,1.1953401660964855,False
262,CITIZENS BANK,2024-09-30,206.661,0.0,1.0491364083574508,False
267,KENTUCKY FARMERS BANK CORP,2024-03-31,226.791,0.0,1.136092319259969,False
267,KENTUCKY FARMERS BANK CORP,2024-06-30,229.825,0.0,1.651940339741747,False
267,KENTUCKY FARMERS BANK CORP,2024-09-30,233.587,0.0,1.2681645229499146,False
275,MORGANTOWN BANK&TRUST CO INC,2024-03-31,295.574,0.0,1.5914575828956201,False
275,MORGANTOWN BANK&TRUST CO INC,2024-06-30,297.566,0.0,2.1183916618913003,False
275,MORGANTOWN BANK&TRUST CO INC,2024-09-30,309.366,0.0,1.474512431440862,False
281,HYDEN CITIZENS BANK,2024-03-31,129.944,0.104,0.7797055760559739,False
281,HYDEN CITIZENS BANK,2024-06-30,129.84,0.0,1.0491259984227495,False
281,HYDEN CITIZENS BANK,2024-09-30,134.605,0.213,0.8225659243516767,False
284,AUBURN BANKING CO,2024-03-31,118.528,0.0,0.5430465537877541,False
284,AUBURN BANKING CO,2024-06-30,119.657,0.0,0.8034654132963727,False
284,AUBURN BANKING CO,2024-09-30,120.872,0.183,0.5428825510137597,False
287,COMMUNITY FINL SERVICES BK,2024-03-31,1252.65,11.562,5.742750606124958,False
287,COMMUNITY FINL SERVICES BK,2024-06-30,1241.088,0.0,7.622933447868427,False
287,COMMUNITY FINL SERVICES BK,2024-09-30,1265.816,0.0,5.5548393153973725,False
288,FARMERS&TRADERS BK CAMPTON,2024-03-31,58.845,0.0,0.23915727878005846,False
288,FARMERS&TRADERS BK CAMPTON,2024-06-30,60.249,2.047,0.35456843616500366,False
288,FARMERS&TRADERS BK CAMPTON,2024-09-30,58.202,1.324,0.2714471262352691,False
289,BANK OF HINDMAN,2024-03-31,212.355,0.0,1.4754488123313059,False
289,BANK OF HINDMAN,2024-06-30,214.697,4.982,2.007924454117271,False
289,BANK OF HINDMAN,2024-09-30,209.715,0.0,1.3863405080900195,False
291,JACKSON COUNTY BANK,2024-03-31,109.968,0.509,0.7211492157667276,False
291,JACKSON COUNTY BANK,2024-06-30,109.459,0.0,0.9863971905228505,False
291,JACKSON COUNTY BANK,2024-09-30,109.723,0.0,0.7149364688584022,False
292,MONTICELLO BANKING CO,2024-03-31,925.503,7.649,4.278197701216872,False
292,MONTICELLO BANKING CO,2024-06-30,917.854,1.604,5.707607728794004,False
292,MONTICELLO BANKING CO,2024-09-30,916.25,0.0,3.9976000552087916,False
296,BANK OF EDMONSON COUNTY,2024-03-31,240.0,0.121,1.2770213699182613,False
296,BANK OF EDMONSON COUNTY,2024-06-30,239.879,0.0,1.728583960864008,False
296,BANK OF EDMONSON COUNTY,2024-09-30,242.394,0.0,1.2400259305306285,False
297,LEWISBURG BANKING CO,2024-03-31,152.475,0.0,0.8494636042332657,False
297,LEWISBURG BANKING CO,2024-06-30,157.04,0.0,1.2202578053013216,False
297,LEWISBURG BANKING CO,2024-09-30,161.365,0.0,0.9037597887408366,False
303,UNITED CUMBERLAND BANK,2024-03-31,359.52,7.478,2.167372363706821,False
303,UNITED CUMBERLAND BANK,2024-06-30,352.042,0.0,2.5799532043053994,False
303,UNITED CUMBERLAND BANK,2024-09-30,362.579,0.0,1.8674323540569693,False
304,CLINTON BANK,2024-03-31,55.43,1.231,0.15058401485307524,False
304,CLINTON BANK,2024-06-30,54.199,0.0,0.22859488766386907,False
304,CLINTON BANK,2024-09-30,56.39,0.0,0.18810467056613217,False
306,BANK OF ZACHARY,2024-03-31,364.133,0.28,2.2443736580689606,False
306,BANK OF ZACHARY,2024-06-30,363.853,6.302,2.8426733730735525,False
306,BANK OF ZACHARY,2024-09-30,357.551,0.0,2.1295314807792645,False
307,LANDMARK BANK,2024-03-31,189.061,5.729,1.2326004189150273,False
307,LANDMARK BANK,2024-06-30,183.332,4.12,1.3857789713979078,False
307,LANDMARK BANK,2024-09-30,179.212,0.0,0.9380427078108853,False
314,MER ROUGE STATE BANK,2024-03-31,43.64,1.67,0.2077040125870437,False
314,MER ROUGE STATE BANK,2024-06-30,41.97,0.309,0.17720768216455346,False
314,MER ROUGE STATE BANK,2024-09-30,41.661,0.0,0.1523642045584113,False
321,HOLMES COUNTY BANK,2024-03-31,129.268,1.877,0.8718462035509743,False
321,HOLMES COUNTY BANK,2024-06-30,127.391,0.47,1.1909942281697827,False
321,HOLMES COUNTY BANK,2024-09-30,126.921,0.0,0.8465844385299124,False
324,CITIZENS BANK,2024-03-31,394.09,0.0,2.4628907994560385,False
324,CITIZENS BANK,2024-06-30,396.489,0.0,3.4152084972288406,False
324,CITIZENS BANK,2024-09-30,416.791,7.899,2.8341557800084867,False
327,MERCHANTS&PLANTERS BANK,2024-03-31,159.456,4.0,1.026169315429523,False
327,MERCHANTS&PLANTERS BANK,2024-06-30,155.456,0.0,1.2566220984070564,False
327,MERCHANTS&PLANTERS BANK,2024-09-30,176.923,0.0,1.3738604627423192,False
340,PEOPLES BANK BILOXI MS,2024-03-31,811.592,135.749,6.887409125263143,False
340,PEOPLES BANK BILOXI MS,2024-06-30,675.843,8.859,6.115954873191272,False
340,PEOPLES BANK BILOXI MS,2024-09-30,666.984,0.0,4.567577962988266,False
342,FARMERS STATE BANK,2024-03-31,600.142,0.0,3.5575421546866073,False
342,FARMERS STATE BANK,2024-06-30,606.268,0.0,4.519422009541202,False
342,FARMERS STATE BANK,2024-09-30,619.724,0.0,3.313788844933139,False
352,BANK OF BAKER,2024-03-31,141.443,1.487,1.3033406233092337,False
352,BANK OF BAKER,2024-06-30,139.956,4.645,1.5409416700415743,False
352,BANK OF BAKER,2024-09-30,135.311,0.0,0.9371236860984733,False
358,STOCKMENS BANK,2024-03-31,38.051,0.512,0.618980744461924,False
358,STOCKMENS BANK,2024-06-30,37.539,0.0,0.764129611797681,False
358,STOCKMENS BANK,2024-09-30,37.757,0.0,0.5505511439975754,False
363,FIRST MONTANA BANK INC,2024-03-31,421.057,0.0,2.469707816134121,False
363,FIRST MONTANA BANK INC,2024-06-30,426.742,0.0,3.045051647046519,False
363,FIRST MONTANA BANK INC,2024-09-30,430.387,2.879,2.5023849317473084,False
384,OHIO VALLEY BANK CO,2024-03-31,1156.756,0.0,5.761379791495872,False
384,OHIO VALLEY BANK CO,2024-06-30,1184.261,0.0,7.477634110491337,False
384,OHIO VALLEY BANK CO,2024-09-30,1267.331,0.0,5.506783182573555,False
389,PEOPLES BANK,2024-03-31,54.229,0.0,0.20001830223442368,False
389,PEOPLES BANK,2024-06-30,54.482,5.473,0.3045844351364243,False
389,PEOPLES BANK,2024-09-30,49.009,0.0,0.1561661134063419,False
399,FIRST SUMMIT BANK,2024-03-31,24.181,0.06,0.0,False
399,FIRST SUMMIT BANK,2024-06-30,24.121,0.0,0.0,False
399,FIRST SUMMIT BANK,2024-09-30,25.437,0.0,0.03175689405973064,False
402,SOONER STATE BANK,2024-03-31,277.466,8.298,1.60445048921364,False
402,SOONER STATE BANK,2024-06-30,269.168,0.0,2.054449782154762,False
402,SOONER STATE BANK,2024-09-30,272.768,3.553,1.4872428304739023,False
404,FARMERS STATE BANK,2024-03-31,168.454,0.0,1.020189516288845,False
404,FARMERS STATE BANK,2024-06-30,169.879,1.344,1.3864042265369323,False
404,FARMERS STATE BANK,2024-09-30,168.535,0.0,0.9984904039775785,False
406,CLEO STATE BANK,2024-03-31,96.021,0.0,0.6658232407799847,False
406,CLEO STATE BANK,2024-06-30,99.062,1.757,1.0053907972274854,False
406,CLEO STATE BANK,2024-09-30,97.305,4.06,0.709759428254758,False
414,STOCK EXCHANGE BANK,2024-03-31,258.551,13.373,1.797714553858464,False
414,STOCK EXCHANGE BANK,2024-06-30,245.178,4.125,2.2693589862480006,False
414,STOCK EXCHANGE BANK,2024-09-30,241.053,0.999,1.5745085415899247,False
418,HIGH PLAINS BANK,2024-03-31,157.164,6.854,0.6905962945200392,False
418,HIGH PLAINS BANK,2024-06-30,150.31,0.0,1.1034897352887576,False
418,HIGH PLAINS BANK,2024-09-30,159.926,0.0,1.0926587272246022,False
420,BANK OF VICI,2024-03-31,29.927,0.97,0.0,False
420,BANK OF VICI,2024-06-30,28.957,0.0,0.0,False
420,BANK OF VICI,2024-09-30,29.292,0.0,0.023016558591292858,False
421,SECURITY STATE BANK,2024-03-31,227.488,0.453,1.2713968301192289,False
421,SECURITY STATE BANK,2024-06-30,227.035,4.172,1.7177778555194718,False
421,SECURITY STATE BANK,2024-09-30,222.863,0.0,1.1991540034191586,False
428,AMERICAN EXCHANGE BANK,2024-03-31,81.876,0.0,0.36803050482657385,False
428,AMERICAN EXCHANGE BANK,2024-06-30,82.236,4.056,0.5103056603459677,False
428,AMERICAN EXCHANGE BANK,2024-09-30,78.18,0.789,0.29916043776229395,False
432,SECURITY FIRST NB OF HUGO,2024-03-31,116.189,2.342,0.5569627631131459,False
432,SECURITY FIRST NB OF HUGO,2024-06-30,113.847,0.0,0.7031364681836084,False
432,SECURITY FIRST NB OF HUGO,2024-09-30,114.585,0.0,0.4989920869594769,False
444,PS BANK,2024-03-31,471.151,0.0,2.6308654203562027,False
444,PS BANK,2024-06-30,481.344,0.0,3.782131244519122,False
444,PS BANK,2024-09-30,487.886,0.0,2.65415538852502,False
445,MERCER COUNTY STATE BANK,2024-03-31,491.019,0.0,2.58417969762044,False
445,MERCER COUNTY STATE BANK,2024-06-30,494.581,0.0,3.438066946091734,False
445,MERCER COUNTY STATE BANK,2024-09-30,499.856,8.192,2.490864267084502,False
485,SECURITY BANK MIDWEST,2024-03-31,274.773,3.715,1.4552925286596357,False
485,SECURITY BANK MIDWEST,2024-06-30,271.058,7.871,1.9584975342829833,False
485,SECURITY BANK MIDWEST,2024-09-30,263.187,6.48,1.3382115134671015,False
492,WESTERN DAKOTA BANK,2024-03-31,66.668,0.0,1.4601880525500865,False
492,WESTERN DAKOTA BANK,2024-06-30,67.401,3.591,1.9285211883232953,False
492,WESTERN DAKOTA BANK,2024-09-30,63.81,0.0,1.2215410180023094,False
496,BANKSTAR FINANCIAL,2024-03-31,242.35,0.0,1.231118206651164,False
496,BANKSTAR FINANCIAL,2024-06-30,244.774,0.0,1.5478148531297038,False
496,BANKSTAR FINANCIAL,2024-09-30,264.234,0.608,1.3734445409795928,False
501,FARMERS&MERCHANTS STATE BANK,2024-03-31,118.226,0.0,0.5347218424209695,False
501,FARMERS&MERCHANTS STATE BANK,2024-06-30,121.871,0.0,0.7969963450167917,False
501,FARMERS&MERCHANTS STATE BANK,2024-09-30,130.228,0.0,0.6357559764347848,False
505,GREAT PLAINS BANK,2024-03-31,113.376,0.0,0.47481380622926805,False
505,GREAT PLAINS BANK,2024-06-30,113.466,0.0,0.668364229731433,False
505,GREAT PLAINS BANK,2024-09-30,120.247,0.0,0.526486589691153,False
526,FARMERS STATE BANK,2024-03-31,25.686,0.0,0.1800290750175421,False
526,FARMERS STATE BANK,2024-06-30,25.915,0.0,0.3349493477138987,False
526,FARMERS STATE BANK,2024-09-30,26.809,0.722,0.2877777378951829,False
529,CENTRAL BANK&TRUST,2024-03-31,187.049,3.257,1.0878708723408355,False
529,CENTRAL BANK&TRUST,2024-06-30,183.792,0.348,1.4581466166258832,False
529,CENTRAL BANK&TRUST,2024-09-30,183.444,0.0,1.0904366440116402,False
588,MANUFACTURERS&TRADERS TR CO,2024-03-31,170491.317,6801.403,411.9723715683639,True
588,MANUFACTURERS&TRADERS TR CO,2024-06-30,163689.914,0.0,491.35313598856203,True
588,MANUFACTURERS&TRADERS TR CO,2024-09-30,167630.859,2242.636,345.1201496779779,True
597,CHEMUNG CANAL TRUST CO,2024-03-31,2488.372,66.375,10.214785055281684,True
597,CHEMUNG CANAL TRUST CO,2024-06-30,2421.997,0.0,12.976123756204913,False
597,CHEMUNG CANAL TRUST CO,2024-09-30,2456.74,55.819,9.17167557684778,False
609,TOMPKINS COMMUNITY BANK,2024-03-31,6476.162,152.569,20.874856784842514,True
609,TOMPKINS COMMUNITY BANK,2024-06-30,6323.593,0.0,27.422622903500358,True
609,TOMPKINS COMMUNITY BANK,2024-09-30,6616.031,105.407,19.846430033413636,True
618,BANK OF MILLBROOK,2024-03-31,265.185,7.389,2.322119123754348,False
618,BANK OF MILLBROOK,2024-06-30,257.796,0.0,2.8434471995711577,False
618,BANK OF MILLBROOK,2024-09-30,264.902,19.811,2.4267360563883313,False
622,AMALGAMATED BANK,2024-03-31,7347.804,0.0,28.017314394501824,True
622,AMALGAMATED BANK,2024-06-30,7478.989,0.0,36.74053502803013,True
622,AMALGAMATED BANK,2024-09-30,7616.985,384.01,26.758969481299726,True
623,DEUTSCHE BANK TR CO AMERICAS,2024-03-31,26750.0,0.0,138.29392104545786,True
623,DEUTSCHE BANK TR CO AMERICAS,2024-06-30,27997.0,565.0,195.83655187812,True
623,DEUTSCHE BANK TR CO AMERICAS,2024-09-30,27432.0,11.0,144.77372530490223,True
628,JPMORGAN CHASE BANK NA,2024-03-31,2061107.0,52356.0,4078.319206997702,True
628,JPMORGAN CHASE BANK NA,2024-06-30,2008751.0,0.0,5119.665860724526,True
628,JPMORGAN CHASE BANK NA,2024-09-30,2032340.0,0.0,3539.803519804497,True
639,BANK OF NEW YORK MELLON,2024-03-31,212250.0,10159.0,1178.81718878578,True
639,BANK OF NEW YORK MELLON,2024-06-30,202091.0,6871.0,1428.763710410411,True
639,BANK OF NEW YORK MELLON,2024-09-30,195220.0,1052.0,1014.0832515352031,True
659,FIVE STAR BANK,2024-03-31,5415.139,264.82,19.48039950485143,True
659,FIVE STAR BANK,2024-06-30,5150.319,0.0,23.739709199545228,True
659,FIVE STAR BANK,2024-09-30,5324.628,169.387,17.58958946272491,True
660,ADIRONDACK TRUST CO,2024-03-31,1414.733,26.448,7.067820491336606,False
660,ADIRONDACK TRUST CO,2024-06-30,1388.285,0.0,9.233869608184328,False
660,ADIRONDACK TRUST CO,2024-09-30,1428.908,0.0,7.029655725525814,False
686,JOURNEY BANK,2024-03-31,1214.472,0.0,5.2494946711579225,False
686,JOURNEY BANK,2024-06-30,1266.624,0.0,7.325119692061874,False
686,JOURNEY BANK,2024-09-30,1291.424,0.0,5.201492415325639,False
698,WAYNE BANK,2024-03-31,1840.606,28.741,8.068635989445806,False
698,WAYNE BANK,2024-06-30,1811.865,0.0,10.117276734498127,False
698,WAYNE BANK,2024-09-30,1857.281,0.0,7.262481810106702,False
713,ORRSTOWN BANK,2024-03-31,2709.396,0.0,11.056453919693933,True
713,ORRSTOWN BANK,2024-06-30,2714.804,0.0,14.256891438813385,True
713,ORRSTOWN BANK,2024-09-30,4666.89,27.198,14.212567914398253,True
737,APPLE CREEK BANKING CO,2024-03-31,222.579,0.0,1.2005521874878606,False
737,APPLE CREEK BANKING CO,2024-06-30,228.739,0.0,1.8102849693442415,False
737,APPLE CREEK BANKING CO,2024-09-30,237.006,1.176,1.214431445666594,False
763,MINSTER BANK,2024-03-31,647.812,0.0,4.873998642445339,False
763,MINSTER BANK,2024-06-30,658.942,1.541,6.759085662659706,False
763,MINSTER BANK,2024-09-30,657.401,0.0,4.739244221391535,False
769,FARMERS BANK&SAVINGS CO,2024-03-31,399.976,0.0,2.40163675214465,False
769,FARMERS BANK&SAVINGS CO,2024-06-30,403.524,0.993,3.0743972083400823,False
769,FARMERS BANK&SAVINGS CO,2024-09-30,402.531,0.0,2.015012502394512,False
803,WESBANCO BANK INC,2024-03-31,13732.31,81.098,38.513230858941476,True
803,WESBANCO BANK INC,2024-06-30,13651.212,0.0,51.36107087380318,True
803,WESBANCO BANK INC,2024-09-30,14240.16,0.0,36.88871763762735,True
823,CITIZENS BANK&TRUST CO,2024-03-31,488.964,5.004,2.894232446308544,False
823,CITIZENS BANK&TRUST CO,2024-06-30,483.96,16.911,3.7473979117440774,False
823,CITIZENS BANK&TRUST CO,2024-09-30,467.049,0.0,2.533343272093436,False
845,BANK OF ROMNEY,2024-03-31,274.591,0.0,1.3598723129711163,False
845,BANK OF ROMNEY,2024-06-30,275.186,4.911,1.8249035094171833,False
845,BANK OF ROMNEY,2024-09-30,270.275,8.41,1.228893187827087,False
847,PLEASANTS COUNTY BANK,2024-03-31,68.74,2.049,0.47733197462718596,False
847,PLEASANTS COUNTY BANK,2024-06-30,66.691,0.0,0.5932049438867607,False
847,PLEASANTS COUNTY BANK,2024-09-30,67.237,0.0,0.4673146323566044,False
855,MERCHANTS&FARMERS BK GREENE,2024-03-31,103.385,0.392,0.5235270836735867,False
855,MERCHANTS&FARMERS BK GREENE,2024-06-30,102.993,0.0,0.7031518684751522,False
855,MERCHANTS&FARMERS BK GREENE,2024-09-30,108.015,0.0,0.5788888519123752,False
861,STATE BANK&TRUST,2024-03-31,320.136,3.09,2.185631596937082,False
861,STATE BANK&TRUST,2024-06-30,317.046,0.0,2.8516116557759785,False
861,STATE BANK&TRUST,2024-09-30,320.555,0.34,2.075236990914019,False
872,STATE BANK OF COCHRAN,2024-03-31,223.924,11.875,1.7999958750691545,False
872,STATE BANK OF COCHRAN,2024-06-30,212.049,4.953,1.9832272828344868,False
872,STATE BANK OF COCHRAN,2024-09-30,207.096,0.0,1.3906258635326412,False
873,SYNOVUS BANK,2024-03-31,51179.997,435.094,119.55219203252136,True
873,SYNOVUS BANK,2024-06-30,50744.903,46.926,158.33063662079556,True
873,SYNOVUS BANK,2024-09-30,50697.977,0.0,107.08925158285011,True
876,BANK OF DAWSON,2024-03-31,125.317,0.0,0.6704509920523045,False
876,BANK OF DAWSON,2024-06-30,125.684,0.0,0.86526298260086,False
876,BANK OF DAWSON,2024-09-30,130.95,0.387,0.6672930463594507,False
877,MAGNOLIA STATE BANK,2024-03-31,175.381,2.292,1.846307811289205,False
877,MAGNOLIA STATE BANK,2024-06-30,173.089,5.2,2.2944615697124764,False
877,MAGNOLIA STATE BANK,2024-09-30,167.889,1.392,1.3360544256204776,False
879,FARMERS STATE BANK,2024-03-31,152.308,4.716,1.7245555297128672,False
879,FARMERS STATE BANK,2024-06-30,147.592,0.0,2.014814810625267,False
879,FARMERS STATE BANK,2024-09-30,149.894,0.0,1.5051088255827147,False
889,GEORGIA FIRST BANK,2024-03-31,183.393,0.0,1.1223591680670657,False
889,GEORGIA FIRST BANK,2024-06-30,184.175,0.0,1.3946152687654008,False
889,GEORGIA FIRST BANK,2024-09-30,187.64,0.0,1.0429781000811216,False
893,CITIZENS BANK,2024-03-31,670.706,0.0,3.510372022330918,False
893,CITIZENS BANK,2024-06-30,686.415,16.272,5.151470450958882,False
893,CITIZENS BANK,2024-09-30,670.143,0.0,3.2293280954085235,False
898,BANK OF FOREST,2024-03-31,226.457,1.444,1.5835779913864003,False
898,BANK OF FOREST,2024-06-30,225.013,0.0,2.039698969814551,False
898,BANK OF FOREST,2024-09-30,228.088,5.507,1.4631479469050757,False
899,GERBER STATE BANK,2024-03-31,82.173,5.264,0.44951153018142487,False
899,GERBER STATE BANK,2024-06-30,76.909,0.0,0.5452103469711446,False
899,GERBER STATE BANK,2024-09-30,82.105,3.49,0.46311233281551395,False
902,BYRON BANK,2024-03-31,314.692,0.0,1.7080824667971752,False
902,BYRON BANK,2024-06-30,328.819,0.0,2.6307007948747905,False
902,BYRON BANK,2024-09-30,334.831,1.518,1.8846057855702807,False
903,AMALGAMATED BANK OF CHICAGO,2024-03-31,959.734,0.0,6.631310640928748,False
903,AMALGAMATED BANK OF CHICAGO,2024-06-30,1023.709,38.9,10.269606243503247,False
903,AMALGAMATED BANK OF CHICAGO,2024-09-30,984.809,0.0,6.3385920568351155,False
913,NORTHERN TRUST CO,2024-03-31,49223.919,1063.245,276.16971645699783,True
913,NORTHERN TRUST CO,2024-06-30,48160.674,3291.332,372.10971500748093,True
913,NORTHERN TRUST CO,2024-09-30,44869.342,0.0,266.05681204871445,True
925,STATE BANK OF GENEVA,2024-03-31,94.05,0.678,0.6281754626708407,False
925,STATE BANK OF GENEVA,2024-06-30,93.372,0.0,0.807577718907373,False
925,STATE BANK OF GENEVA,2024-09-30,96.836,0.681,0.6635517285742036,False
926,PEOPLES NB OF KEWANEE,2024-03-31,493.757,0.0,3.7920149046315625,False
926,PEOPLES NB OF KEWANEE,2024-06-30,500.311,0.0,5.184874375376887,False
926,PEOPLES NB OF KEWANEE,2024-09-30,513.061,0.0,3.946034298666634,False
931,CITIZENS STB OF MILFORD,2024-03-31,52.761,4.396,0.36681569314619017,False
931,CITIZENS STB OF MILFORD,2024-06-30,48.365,0.413,0.4223576753033804,False
931,CITIZENS STB OF MILFORD,2024-09-30,47.952,0.0,0.30255093010392226,False
950,IOWA STATE BANK,2024-03-31,346.097,10.949,1.9505945082156115,False
950,IOWA STATE BANK,2024-06-30,335.148,0.0,2.5330774048477136,False
950,IOWA STATE BANK,2024-09-30,346.644,0.0,1.89036028262075,False
951,CHEROKEE STATE BANK,2024-03-31,216.884,4.926,1.179393040457597,False
951,CHEROKEE STATE BANK,2024-06-30,211.958,0.0,1.508987437431017,False
951,CHEROKEE STATE BANK,2024-09-30,217.276,6.786,1.1774230358617732,False
953,BANKERS TRUST CO,2024-03-31,5144.374,0.0,17.143307994190064,True
953,BANKERS TRUST CO,2024-06-30,5149.64,0.0,22.32045449344881,True
953,BANKERS TRUST CO,2024-09-30,5268.707,0.0,16.05915087013549,True
954,FNB BANK,2024-03-31,215.883,0.0,0.9468972065865634,False
954,FNB BANK,2024-06-30,219.716,8.636,1.3934901636811037,False
954,FNB BANK,2024-09-30,211.08,0.207,0.9398683255981597,False
955,CONNECTION BANK,2024-03-31,424.266,8.148,2.144830197836203,False
955,CONNECTION BANK,2024-06-30,416.118,0.0,2.591247131454122,False
955,CONNECTION BANK,2024-09-30,423.52,14.565,1.9331772248386498,False
956,GLENWOOD STATE BANK,2024-03-31,293.27,21.598,2.2085575558936954,False
956,GLENWOOD STATE BANK,2024-06-30,271.672,0.0,2.3287179665089455,False
956,GLENWOOD STATE BANK,2024-09-30,286.063,4.958,2.1772246406596123,False
958,UNITED BANK OF IOWA,2024-03-31,1885.354,35.398,8.834688464457695,False
958,UNITED BANK OF IOWA,2024-06-30,1849.956,0.0,11.333922642682287,False
958,UNITED BANK OF IOWA,2024-09-30,1896.695,5.649,8.497705317837847,False
963,HOME TRUST&SAVINGS BANK,2024-03-31,241.217,6.005,1.2986614036951365,False
963,HOME TRUST&SAVINGS BANK,2024-06-30,235.212,0.0,1.706097901770243,False
963,HOME TRUST&SAVINGS BANK,2024-09-30,243.1,0.0,1.2686906088876655,False
966,HOME STATE BANK,2024-03-31,41.532,0.0,0.07336195553785992,False
966,HOME STATE BANK,2024-06-30,46.704,0.591,0.19349223064975063,False
966,HOME STATE BANK,2024-09-30,46.113,1.673,0.15022961748974706,False
968,SECURITY TRUST&SAVINGS BANK,2024-03-31,259.537,17.675,3.6500580402251788,False
968,SECURITY TRUST&SAVINGS BANK,2024-06-30,241.862,0.0,4.122654860008865,False
968,SECURITY TRUST&SAVINGS BANK,2024-09-30,259.114,10.068,3.7526231246044266,False
969,TEMPLETON SAVINGS BANK,2024-03-31,133.195,0.0,0.6524373326332186,False
969,TEMPLETON SAVINGS BANK,2024-06-30,133.549,1.237,0.9132210189149941,False
969,TEMPLETON SAVINGS BANK,2024-09-30,132.312,1.206,0.7722543571210881,False
976,BLISSFIELD STATE BANK,2024-03-31,104.681,1.686,0.6160082115216936,False
976,BLISSFIELD STATE BANK,2024-06-30,102.995,0.816,0.8399392564664598,False
976,BLISSFIELD STATE BANK,2024-09-30,102.179,0.0,0.6059886074553146,False
977,TRI-COUNTY BANK,2024-03-31,480.115,0.0,2.2616944896449067,False
977,TRI-COUNTY BANK,2024-06-30,483.856,0.0,3.067554777903288,False
977,TRI-COUNTY BANK,2024-09-30,496.271,0.0,2.162837037264297,False
982,EASTERN MICHIGAN BANK,2024-03-31,471.712,8.869,3.619116553320834,False
982,EASTERN MICHIGAN BANK,2024-06-30,462.843,0.0,4.264104114214094,False
982,EASTERN MICHIGAN BANK,2024-09-30,499.149,28.003,3.241917472032061,False
983,COMERICA BANK,2024-03-31,64859.0,1248.0,168.68513934296982,True
983,COMERICA BANK,2024-06-30,63611.0,0.0,215.32409536894085,True
983,COMERICA BANK,2024-09-30,64250.0,0.0,157.8413892234241,True
999,G W JONES EXCHANGE BANK,2024-03-31,114.985,23.462,1.9430527884048345,False
999,G W JONES EXCHANGE BANK,2024-06-30,91.523,0.0,1.5062360939198527,False
999,G W JONES EXCHANGE BANK,2024-09-30,93.285,0.0,1.3043935378141058,False
1005,ISABELLA BANK,2024-03-31,1796.752,42.58,7.631918538163739,False
1005,ISABELLA BANK,2024-06-30,1754.172,0.0,9.942778810044832,False
1005,ISABELLA BANK,2024-09-30,1815.52,33.418,7.146203867969958,False
1008,BANK MICHIGAN,2024-03-31,96.746,0.0,0.47851659019237797,False
1008,BANK MICHIGAN,2024-06-30,106.164,0.0,0.8177207782478497,False
1008,BANK MICHIGAN,2024-09-30,111.121,0.0,0.6439676416200215,False
1014,CHOICEONE BANK,2024-03-31,2198.207,66.825,11.095570602066683,True
1014,CHOICEONE BANK,2024-06-30,2131.382,0.0,13.53178887592817,True
1014,CHOICEONE BANK,2024-09-30,2245.33,0.0,10.361741040875641,True
1022,CLARE BANK NATIONAL ASSN,2024-03-31,279.36,9.112,1.8529442316345563,False
1022,CLARE BANK NATIONAL ASSN,2024-06-30,270.248,11.046,2.334929113205503,False
1022,CLARE BANK NATIONAL ASSN,2024-09-30,259.202,0.0,1.6258114461972197,False
1027,FARMERS BANK&TRUST CO,2024-03-31,370.73,0.0,2.1829472651274595,False
1027,FARMERS BANK&TRUST CO,2024-06-30,371.812,0.0,2.6070357427056616,False
1027,FARMERS BANK&TRUST CO,2024-09-30,391.388,0.287,1.8323858084930609,False
1028,FBT BANK&MORTGAGE,2024-03-31,218.883,0.0,1.7999226079222894,False
1028,FBT BANK&MORTGAGE,2024-06-30,221.198,0.0,2.3573911526915143,False
1028,FBT BANK&MORTGAGE,2024-09-30,221.892,0.0,1.6928383132427707,False
1040,MIDLAND STATES BANK,2024-03-31,6329.349,204.706,19.828558681419352,True
1040,MIDLAND STATES BANK,2024-06-30,6124.643,0.0,25.85166848575343,True
1040,MIDLAND STATES BANK,2024-09-30,6262.217,59.653,18.174667703639944,True
1047,BANK&TRUST CO,2024-03-31,418.524,0.0,2.275945436555517,False
1047,BANK&TRUST CO,2024-06-30,498.457,5.243,3.6212031113816927,False
1047,BANK&TRUST CO,2024-09-30,493.214,0.0,2.5063740421375065,False
1049,FIRST NB OF STEELEVILLE,2024-03-31,213.379,5.263,1.3875229641065567,False
1049,FIRST NB OF STEELEVILLE,2024-06-30,208.116,0.0,1.7517277712218542,False
1049,FIRST NB OF STEELEVILLE,2024-09-30,216.14,15.317,1.341123913069859,False
1058,MIDWEST BANKCENTRE,2024-03-31,2267.728,0.0,8.404085912133553,False
1058,MIDWEST BANKCENTRE,2024-06-30,2319.21,32.67,12.1616453433493,False
1058,MIDWEST BANKCENTRE,2024-09-30,2286.54,0.0,8.027400558926928,False
1060,WOOD&HUSTON BANK,2024-03-31,1055.662,2.336,4.695016620975944,False
1060,WOOD&HUSTON BANK,2024-06-30,1053.326,0.0,6.2503091727111215,False
1060,WOOD&HUSTON BANK,2024-09-30,1067.955,0.0,4.481526028513422,False
1068,CASS COMMERCIAL BANK,2024-03-31,1148.528,47.321,5.7284071703663955,False
1068,CASS COMMERCIAL BANK,2024-06-30,1101.207,0.0,7.422569046144898,False
1068,CASS COMMERCIAL BANK,2024-09-30,1121.426,0.0,5.288492703071363,False
1073,LINDELL BANK&TRUST CO,2024-03-31,667.176,2.289,3.46140792508004,False
1073,LINDELL BANK&TRUST CO,2024-06-30,664.887,0.0,4.510073522765849,False
1073,LINDELL BANK&TRUST CO,2024-09-30,679.721,6.079,3.2174828974177254,False
1086,BANK OF VERSAILLES,2024-03-31,258.2,0.0,1.2321466137594752,False
1086,BANK OF VERSAILLES,2024-06-30,266.073,2.745,1.8305429973680067,False
1086,BANK OF VERSAILLES,2024-09-30,263.328,6.342,1.1993067214469577,False
1090,UPPER PENINSULA STATE BANK,2024-03-31,260.16,0.0,1.186908331211571,False
1090,UPPER PENINSULA STATE BANK,2024-06-30,267.898,0.0,1.698294247548023,False
1090,UPPER PENINSULA STATE BANK,2024-09-30,272.107,0.0,1.2571318601421146,False
1092,BAYBANK,2024-03-31,136.503,0.0,0.6443280612943633,False
1092,BAYBANK,2024-06-30,136.61,0.0,0.938764026803214,False
1092,BAYBANK,2024-09-30,136.739,0.0,0.6309799432993339,False
1095,CENTRAL SAVINGS BANK,2024-03-31,421.135,0.581,3.581975417721923,False
1095,CENTRAL SAVINGS BANK,2024-06-30,420.554,0.0,4.797450289413616,False
1095,CENTRAL SAVINGS BANK,2024-09-30,434.971,12.684,3.3163847939890347,False
1098,ROOT RIVER STATE BANK,2024-03-31,79.548,1.614,0.5163489337123734,False
1098,ROOT RIVER STATE BANK,2024-06-30,77.934,3.196,0.6881535117822998,False
1098,ROOT RIVER STATE BANK,2024-09-30,74.738,0.0,0.47029117814566185,False
1100,PEOPLES STB OF PLAINVIEW,2024-03-31,314.348,0.0,1.7131847809043412,False
1100,PEOPLES STB OF PLAINVIEW,2024-06-30,326.818,0.0,2.353050135929263,False
1100,PEOPLES STB OF PLAINVIEW,2024-09-30,344.216,0.0,1.9883420459192211,False
1105,FIRST INTERSTATE BANK,2024-03-31,23080.7,0.0,65.37531085332195,True
1105,FIRST INTERSTATE BANK,2024-06-30,23144.335,4.161,89.32160405603082,True
1105,FIRST INTERSTATE BANK,2024-09-30,23140.174,0.0,60.417717505084504,True
1117,AMERICAN BANK&TRUST,2024-03-31,1557.525,25.198,6.585794785528873,False
1117,AMERICAN BANK&TRUST,2024-06-30,1532.327,0.0,8.099804743685109,False
1117,AMERICAN BANK&TRUST,2024-09-30,1630.751,0.0,6.593451752285026,False
1118,CITIZENS STB OF ARLINGTON,2024-03-31,124.377,2.552,0.8320674556001041,False
1118,CITIZENS STB OF ARLINGTON,2024-06-30,121.825,3.691,1.0556574359266686,False
1118,CITIZENS STB OF ARLINGTON,2024-09-30,118.134,0.0,0.7331310873687408,False
1122,FIRST FIDELITY BANK,2024-03-31,571.665,9.36,3.5804693991942447,False
1122,FIRST FIDELITY BANK,2024-06-30,562.305,0.0,4.329193962073945,False
1122,FIRST FIDELITY BANK,2024-09-30,562.988,0.0,3.1721296602008526,False
1125,MERCHANTS STATE BANK,2024-03-31,173.938,0.0,0.8326618798090064,False
1125,MERCHANTS STATE BANK,2024-06-30,176.772,3.319,1.1967742917612016,False
1125,MERCHANTS STATE BANK,2024-09-30,173.453,1.773,0.8139799469027882,False
1141,COLORADO B&T CO OF LA JUNTA,2024-03-31,160.781,0.0,0.8761236379045881,False
1141,COLORADO B&T CO OF LA JUNTA,2024-06-30,165.072,0.0,1.1943423078297846,False
1141,COLORADO B&T CO OF LA JUNTA,2024-09-30,182.221,0.0,0.9432407968232874,False
1147,PEOPLES BANK,2024-03-31,448.453,10.069,3.1285347455415864,False
1147,PEOPLES BANK,2024-06-30,438.384,0.321,3.819839071066339,False
1147,PEOPLES BANK,2024-09-30,438.063,0.0,2.7387021997978875,False
1150,FIDELITY STATE BANK&TRUST CO,2024-03-31,133.245,6.213,1.452245104812242,False
1150,FIDELITY STATE BANK&TRUST CO,2024-06-30,127.032,2.724,1.7936467876928943,False
1150,FIDELITY STATE BANK&TRUST CO,2024-09-30,124.308,4.086,1.4353215707782663,False
1163,WAHOO STATE BANK,2024-03-31,97.226,0.0,0.45755949347353486,False
1163,WAHOO STATE BANK,2024-06-30,97.626,1.968,0.68578357806376,False
1163,WAHOO STATE BANK,2024-09-30,95.658,5.358,0.47748872191290753,False
1164,CITIZENS BANK,2024-03-31,691.847,0.0,6.109423704528413,False
1164,CITIZENS BANK,2024-06-30,692.386,1.01,7.667670925544336,False
1164,CITIZENS BANK,2024-09-30,691.376,0.0,5.680723454598317,False
1165,FIRST BANK OF OKARCHE,2024-03-31,118.236,1.261,1.144964725777718,False
1165,FIRST BANK OF OKARCHE,2024-06-30,116.975,2.12,1.8613800984108877,False
1165,FIRST BANK OF OKARCHE,2024-09-30,114.855,0.0,1.4479838993067529,False
1167,UINTA BANK,2024-03-31,236.106,15.506,2.412796089376706,False
1167,UINTA BANK,2024-06-30,220.6,13.196,2.5097836251029495,False
1167,UINTA BANK,2024-09-30,207.404,9.068,1.6649340730360447,False
1169,SUNDANCE STATE BANK,2024-03-31,217.14,4.947,1.5570570822997427,False
1169,SUNDANCE STATE BANK,2024-06-30,212.193,0.884,1.7050084278753483,False
1169,SUNDANCE STATE BANK,2024-09-30,211.309,0.0,1.2644470560535723,False
1184,BANK&TRUST SSB,2024-03-31,492.014,9.63,2.810521034878126,False
1184,BANK&TRUST SSB,2024-06-30,482.384,1.162,3.433642406234701,False
1184,BANK&TRUST SSB,2024-09-30,481.222,0.0,2.3662075170585184,False
1198,ARROWHEAD BANK,2024-03-31,264.888,4.457,1.6314593208337034,False
1198,ARROWHEAD BANK,2024-06-30,260.431,7.338,2.1365873234927912,False
1198,ARROWHEAD BANK,2024-09-30,253.093,0.0,1.3355570812470463,False
1208,GUARANTY BANK&TRUST N A,2024-03-31,2637.746,10.947,9.726419794627525,False
1208,GUARANTY BANK&TRUST N A,2024-06-30,2626.799,0.0,13.038876281254355,False
1208,GUARANTY BANK&TRUST N A,2024-09-30,2675.733,0.0,9.437416519990228,False
1209,COMMERCIAL BANK OF TEXAS NA,2024-03-31,1299.207,0.0,6.683094027873857,False
1209,COMMERCIAL BANK OF TEXAS NA,2024-06-30,1301.78,0.0,8.6876114797135,False
1209,COMMERCIAL BANK OF TEXAS NA,2024-09-30,1336.458,0.0,6.695798299775616,False
1210,VISTA BANK,2024-03-31,1980.76,35.221,11.130402271530286,True
1210,VISTA BANK,2024-06-30,1945.539,0.0,12.91770261651776,False
1210,VISTA BANK,2024-09-30,2118.406,0.0,9.867999158588763,True
1213,CORNERSTONE CAPITAL BANK SSB,2024-03-31,1167.366,0.0,8.637832552727247,False
1213,CORNERSTONE CAPITAL BANK SSB,2024-06-30,1335.498,0.0,14.181910623994499,True
1213,CORNERSTONE CAPITAL BANK SSB,2024-09-30,1581.313,200.663,14.296655145065722,True
1218,FIRST STATE BANK,2024-03-31,163.65,3.871,0.9562562665258718,False
1218,FIRST STATE BANK,2024-06-30,159.779,4.251,1.017872106046412,False
1218,FIRST STATE BANK,2024-09-30,155.528,1.434,0.6321920381405228,False
1219,WELLINGTON STATE BANK,2024-03-31,518.993,0.671,3.5252818198454325,False
1219,WELLINGTON STATE BANK,2024-06-30,518.322,0.0,4.0212561888419405,False
1219,WELLINGTON STATE BANK,2024-09-30,530.548,0.0,3.133650220663061,False
1225,FARMERS&MERCHANTS BK LONG BE,2024-03-31,8597.629,0.0,34.97512510868107,True
1225,FARMERS&MERCHANTS BK LONG BE,2024-06-30,8813.285,41.491,49.3193084297132,True
1225,FARMERS&MERCHANTS BK LONG BE,2024-09-30,8771.794,2.201,34.02605169290022,True
1237,IRELAND BANK,2024-03-31,319.316,0.0,2.206694849411962,False
1237,IRELAND BANK,2024-06-30,319.838,0.0,2.8055733992262737,False
1237,IRELAND BANK,2024-09-30,327.857,3.62,2.0824841979351865,False
1265,CASHMERE VALLEY BANK,2024-03-31,1784.838,12.366,9.539841927196706,False
1265,CASHMERE VALLEY BANK,2024-06-30,1772.472,0.0,12.828938607912777,False
1265,CASHMERE VALLEY BANK,2024-09-30,1824.986,0.0,9.792455248609642,True
1281,WASHINGTON TRUST BANK,2024-03-31,7990.445,6.292,30.977776574000558,True
1281,WASHINGTON TRUST BANK,2024-06-30,7984.153,0.0,37.976432719531815,True
1281,WASHINGTON TRUST BANK,2024-09-30,8663.7,0.0,29.458851489982766,True
1291,FARMERS BANK&TRUST CO,2024-03-31,2497.602,0.0,9.738112938540446,True
1291,FARMERS BANK&TRUST CO,2024-06-30,2593.324,40.684,13.723440277655119,True
1291,FARMERS BANK&TRUST CO,2024-09-30,2552.64,0.0,9.140613275674921,False
1294,FNBC BANK,2024-03-31,612.866,0.0,3.164786057658144,False
1294,FNBC BANK,2024-06-30,631.562,0.0,4.2635790436479,False
1294,FNBC BANK,2024-09-30,682.559,0.0,3.207679208130276,False
1296,FARMERS BANK,2024-03-31,249.398,0.931,1.3982765264451535,False
1296,FARMERS BANK,2024-06-30,248.467,5.222,1.9032882014832824,False
1296,FARMERS BANK,2024-09-30,243.245,2.235,1.2835682896990177,False
1299,EVOLVE BANK&TRUST,2024-03-31,1120.308,0.0,6.7566303423520235,False
1299,EVOLVE BANK&TRUST,2024-06-30,1142.68,0.0,11.922192479280783,False
1299,EVOLVE BANK&TRUST,2024-09-30,1180.823,0.0,7.874176533159859,False
1331,FARMERS&MERCHANTS BK CNTL CA,2024-03-31,4962.013,361.571,22.296065722728148,True
1331,FARMERS&MERCHANTS BK CNTL CA,2024-06-30,4600.442,0.0,23.049649931031354,True
1331,FARMERS&MERCHANTS BK CNTL CA,2024-09-30,4712.269,5.801,16.444993375692626,True
1365,PEOPLES BANK&TRUST CO,2024-03-31,894.909,0.173,5.008516742933646,False
1365,PEOPLES BANK&TRUST CO,2024-06-30,894.736,10.472,6.5890458011555575,False
1365,PEOPLES BANK&TRUST CO,2024-09-30,884.264,0.0,4.66515501360168,False
1373,BOM BANK,2024-03-31,918.631,0.0,3.9699514664293454,False
1373,BOM BANK,2024-06-30,976.805,0.0,6.109779600176627,False
1373,BOM BANK,2024-09-30,1068.3,0.0,5.050275044809225,False
1374,BANK OF COMMERCE,2024-03-31,66.391,1.219,0.30549059931893197,False
1374,BANK OF COMMERCE,2024-06-30,65.172,4.944,0.4269674552510017,False
1374,BANK OF COMMERCE,2024-09-30,60.228,0.0,0.27619780459474197,False
1376,CITIZENS BANK&TRUST CO,2024-03-31,389.761,7.742,2.0582623683894696,False
1376,CITIZENS BANK&TRUST CO,2024-06-30,382.019,0.0,2.749357514259695,False
1376,CITIZENS BANK&TRUST CO,2024-09-30,398.326,0.0,1.92811005460293,False
1380,FELICIANA BANK&TRUST CO,2024-03-31,130.423,0.0,0.5942191342413682,False
1380,FELICIANA BANK&TRUST CO,2024-06-30,135.515,0.232,0.9046135462240148,False
1380,FELICIANA BANK&TRUST CO,2024-09-30,135.283,0.0,0.590929919423484,False
1386,RED ROCK BANK,2024-03-31,42.194,0.782,0.179665267683694,False
1386,RED ROCK BANK,2024-06-30,41.412,3.758,0.2498025883036294,False
1391,ARLINGTON STATE BANK,2024-03-31,59.193,1.111,0.5968968813344628,False
1391,ARLINGTON STATE BANK,2024-06-30,58.082,3.669,0.7635713516154041,False
1391,ARLINGTON STATE BANK,2024-09-30,54.413,0.0,0.491151268506091,False
1399,FRANDSEN BANK&TRUST,2024-03-31,2897.379,0.0,11.983140399430734,True
1399,FRANDSEN BANK&TRUST,2024-06-30,2935.382,0.0,15.324669868527254,True
1399,FRANDSEN BANK&TRUST,2024-09-30,2977.454,0.0,10.434370340384923,True
1402,CITIZENS ALLIANCE BANK,2024-03-31,1318.025,0.0,7.839784995219454,False
1402,CITIZENS ALLIANCE BANK,2024-06-30,1327.095,16.245,10.42489263360643,False
1402,CITIZENS ALLIANCE BANK,2024-09-30,1310.85,0.0,6.833514129805008,False
1409,KENSINGTON BANK,2024-03-31,350.444,0.431,1.665795137904187,False
1409,KENSINGTON BANK,2024-06-30,350.013,0.0,2.2081503952078245,False
1409,KENSINGTON BANK,2024-09-30,366.589,0.0,1.8533628095769394,False
1413,PERENNIAL BANK,2024-03-31,132.41,2.065,1.25263770688998,False
1413,PERENNIAL BANK,2024-06-30,130.345,2.649,1.5905431976811302,False
1413,PERENNIAL BANK,2024-09-30,127.696,0.0,1.1494742314831679,False
1415,NORTHWOODS BANK OF MINNESOTA,2024-03-31,122.305,0.178,0.6572490431739094,False
1415,NORTHWOODS BANK OF MINNESOTA,2024-06-30,122.127,0.0,0.8985649941484305,False
1415,NORTHWOODS BANK OF MINNESOTA,2024-09-30,125.044,0.0,0.7023662594924205,False
1417,WOODLANDS NATIONAL BANK,2024-03-31,320.645,8.26,2.97385745575036,False
1417,WOODLANDS NATIONAL BANK,2024-06-30,312.385,0.0,3.5088187609967174,False
1417,WOODLANDS NATIONAL BANK,2024-09-30,320.054,30.485,2.9732450754527746,False
1418,BANK OF WESTON,2024-03-31,193.949,1.091,1.000609686008525,False
1418,BANK OF WESTON,2024-06-30,192.858,3.483,1.3430010153929213,False
1418,BANK OF WESTON,2024-09-30,189.375,2.875,0.9037684268530668,False
1426,FOCUS BANK,2024-03-31,643.464,23.705,2.7728561089295307,False
1426,FOCUS BANK,2024-06-30,619.759,0.0,3.52798060822772,False
1426,FOCUS BANK,2024-09-30,626.834,0.0,2.4254280821323495,False
1427,UNITED SECURITY BANK,2024-03-31,76.965,2.322,0.3294010077112043,False
1427,UNITED SECURITY BANK,2024-06-30,74.643,2.93,0.43956707427591,False
1427,UNITED SECURITY BANK,2024-09-30,71.713,0.0,0.29061359431486006,False
1434,TOWN&COUNTRY BANK,2024-03-31,186.764,0.0,1.054347569823064,False
1434,TOWN&COUNTRY BANK,2024-06-30,188.666,5.467,1.3189546717990508,False
1434,TOWN&COUNTRY BANK,2024-09-30,183.199,0.0,0.909705267772904,False
1435,EXCHANGE BANK,2024-03-31,1132.295,0.0,4.682223712464624,False
1435,EXCHANGE BANK,2024-06-30,1138.061,0.0,6.457144171228558,False
1435,EXCHANGE BANK,2024-09-30,1172.494,0.0,4.651531170578107,False
1438,COUNTRYSIDE BANK,2024-03-31,92.396,0.0,0.7671505634664427,False
1438,COUNTRYSIDE BANK,2024-06-30,92.797,1.565,0.9923825370109348,False
1438,COUNTRYSIDE BANK,2024-09-30,91.232,0.0,0.6627131585289526,False
1439,AMERICAN INTERSTATE BANK,2024-03-31,81.317,0.0,0.36751728594312344,False
1439,AMERICAN INTERSTATE BANK,2024-06-30,117.523,14.337,1.8583478652943353,False
1439,AMERICAN INTERSTATE BANK,2024-09-30,103.186,10.754,1.1320122755403366,False
1464,BANK OF HOLLAND,2024-03-31,214.122,0.0,1.1096455436653776,False
1464,BANK OF HOLLAND,2024-06-30,215.308,0.457,1.497969563818223,False
1464,BANK OF HOLLAND,2024-09-30,214.851,5.63,1.0747862222684592,False
1468,BANK OF CROCKETT,2024-03-31,251.927,4.161,1.7877556833320962,False
1468,BANK OF CROCKETT,2024-06-30,247.766,0.0,2.013073304516678,False
1468,BANK OF CROCKETT,2024-09-30,248.436,0.317,1.3491967658819433,False
1475,PEOPLES BANK&TRUST CO,2024-03-31,132.513,0.0,0.8361299995175294,False
1475,PEOPLES BANK&TRUST CO,2024-06-30,132.832,0.0,1.1675009066771733,False
1475,PEOPLES BANK&TRUST CO,2024-09-30,133.794,0.287,0.8871540631751677,False
1484,BANK OF FRANKEWING,2024-03-31,481.248,0.0,2.81138280042618,False
1484,BANK OF FRANKEWING,2024-06-30,496.774,1.218,3.9140850915739316,False
1484,BANK OF FRANKEWING,2024-09-30,495.556,37.965,2.903765294404647,False
1487,FIRST FARMERS&MERCHANTS BANK,2024-03-31,1567.086,43.005,8.217255863786008,False
1487,FIRST FARMERS&MERCHANTS BANK,2024-06-30,1524.081,0.0,9.894906617380615,False
1487,FIRST FARMERS&MERCHANTS BANK,2024-09-30,1603.675,0.051,7.693865715359429,False
1497,SECURITY STATE BANK,2024-03-31,796.559,2.808,4.397966709602899,False
1497,SECURITY STATE BANK,2024-06-30,793.751,17.635,5.610602436756092,False
1497,SECURITY STATE BANK,2024-09-30,776.116,0.0,3.5946534214174815,False
1513,CITIZENS STB OF LA CROSSE,2024-03-31,502.577,0.0,2.673148919261652,False
1513,CITIZENS STB OF LA CROSSE,2024-06-30,510.251,0.0,3.573675332781442,False
1513,CITIZENS STB OF LA CROSSE,2024-09-30,514.576,0.0,2.5213311942014034,False
1527,DIAMOND BANK,2024-03-31,741.232,10.99,3.512833945214191,False
1527,DIAMOND BANK,2024-06-30,730.242,0.0,4.466280802190789,False
1527,DIAMOND BANK,2024-09-30,741.1,0.0,3.1492340697410124,False
1528,SOUTHERN BCORP BANK,2024-03-31,2020.021,5.989,9.840658143993684,True
1528,SOUTHERN BCORP BANK,2024-06-30,2014.032,0.0,12.273241402763643,False
1528,SOUTHERN BCORP BANK,2024-09-30,2100.968,0.0,9.034642780044436,False
1536,BANK OF STOCKTON,2024-03-31,3606.804,83.13,17.000966060511217,True
1536,BANK OF STOCKTON,2024-06-30,3523.674,25.527,19.483383463569545,True
1536,BANK OF STOCKTON,2024-09-30,3498.147,0.0,12.896055457566977,True
1545,FIRST NB AMES IOWA,2024-03-31,936.347,0.859,5.001439257364679,False
1545,FIRST NB AMES IOWA,2024-06-30,935.488,30.521,6.387079331341282,False
1545,FIRST NB AMES IOWA,2024-09-30,904.967,0.0,4.152735828037652,False
1547,IOWA TRUST&SAVINGS BANK,2024-03-31,153.687,3.277,1.0925531278705842,False
1547,IOWA TRUST&SAVINGS BANK,2024-06-30,150.41,0.0,1.4118932535058364,False
1547,IOWA TRUST&SAVINGS BANK,2024-09-30,150.731,0.0,1.0672519507596903,False
1550,CENTRAL STATE BANK,2024-03-31,372.943,4.76,1.6605409613989932,False
1550,CENTRAL STATE BANK,2024-06-30,368.183,0.0,2.249348712690045,False
1550,CENTRAL STATE BANK,2024-09-30,381.338,3.882,1.7279686655830908,False
1552,CBI BANK&TRUST,2024-03-31,1366.163,16.855,6.47019188851903,False
1552,CBI BANK&TRUST,2024-06-30,1349.308,17.213,8.345791976039534,False
1552,CBI BANK&TRUST,2024-09-30,1332.095,0.0,5.5699930071842285,False
1553,SHELBY COUNTY STATE BANK,2024-03-31,494.258,0.0,2.601139899705669,False
1553,SHELBY COUNTY STATE BANK,2024-06-30,495.754,0.0,3.5853157015922963,False
1553,SHELBY COUNTY STATE BANK,2024-09-30,505.498,25.405,2.787726342160236,False
1556,TWIN CEDARS BANK,2024-03-31,70.591,0.0,0.24076402457873214,False
1556,TWIN CEDARS BANK,2024-06-30,74.007,0.0,0.4147164456819027,False
1556,TWIN CEDARS BANK,2024-09-30,84.083,0.0,0.4379156094913889,False
1562,PEOPLES BANK,2024-03-31,155.721,4.239,0.7376043960678379,False
1562,PEOPLES BANK,2024-06-30,151.482,0.0,0.923247313309685,False
1562,PEOPLES BANK,2024-09-30,153.814,2.502,0.6647405051948049,False
1566,PEOPLES BANK,2024-03-31,112.902,3.409,0.6654449294592165,False
1566,PEOPLES BANK,2024-06-30,109.493,3.305,0.8114362235842272,False
1566,PEOPLES BANK,2024-09-30,106.188,0.0,0.5555604221307833,False
1600,FIRST FARMERS&MERCHANTS STB,2024-03-31,78.881,7.302,0.3128201125410285,False
1600,FIRST FARMERS&MERCHANTS STB,2024-06-30,71.579,0.0,0.3448918651234831,False
1600,FIRST FARMERS&MERCHANTS STB,2024-09-30,76.9,0.0,0.35659787994643416,False
1604,SECURITY BANK USA,2024-03-31,221.076,0.114,1.4570909416517555,False
1604,SECURITY BANK USA,2024-06-30,220.962,0.0,1.8330865205544806,False
1604,SECURITY BANK USA,2024-09-30,230.243,4.94,1.5324165503174905,False
1607,BANK OF ELK RIVER,2024-03-31,621.594,9.496,3.5170013582698547,False
1607,BANK OF ELK RIVER,2024-06-30,612.098,0.0,4.522073910037538,False
1607,BANK OF ELK RIVER,2024-09-30,638.016,3.868,3.570439058404102,False
1609,FIRST STATE BANK OF WYOMING,2024-03-31,195.072,6.826,1.5798431938506379,False
1609,FIRST STATE BANK OF WYOMING,2024-06-30,188.246,0.0,1.978806190997754,False
1609,FIRST STATE BANK OF WYOMING,2024-09-30,196.211,3.149,1.6375706456846693,False
1610,STATE BANK OF FARIBAULT,2024-03-31,281.834,0.0,1.8141515152781809,False
1610,STATE BANK OF FARIBAULT,2024-06-30,286.726,0.631,2.4633652053611628,False
1610,STATE BANK OF FARIBAULT,2024-09-30,286.095,0.0,1.7474568080334736,False
1611,CARROLL CNTY TR CARROLLTON M,2024-03-31,178.01,5.421,1.388992919235773,False
1611,CARROLL CNTY TR CARROLLTON M,2024-06-30,172.589,0.0,1.7388607672946317,False
1611,CARROLL CNTY TR CARROLLTON M,2024-09-30,179.114,0.0,1.3871311792730487,False
1612,SHERWOOD COMMUNITY BANK,2024-03-31,63.424,0.724,0.2825266001024219,False
1612,SHERWOOD COMMUNITY BANK,2024-06-30,62.7,0.0,0.3861371371021983,False
1612,SHERWOOD COMMUNITY BANK,2024-09-30,63.391,0.0,0.30767583433067663,False
1616,EXCHANGE BANK OF MISSOURI,2024-03-31,330.689,1.155,1.5576775758089292,False
1616,EXCHANGE BANK OF MISSOURI,2024-06-30,329.534,0.0,2.085935376771018,False
1616,EXCHANGE BANK OF MISSOURI,2024-09-30,351.454,0.0,1.6108774291660157,False
1617,BANK OF MISSOURI,2024-03-31,2430.178,0.0,9.524795242917257,False
1617,BANK OF MISSOURI,2024-06-30,2528.392,15.105,13.67302441951753,True
1617,BANK OF MISSOURI,2024-09-30,2513.287,0.0,9.25036011495375,False
1622,FIRST SECURITY BANK,2024-03-31,51.647,0.0,0.23064398777541134,False
1622,FIRST SECURITY BANK,2024-06-30,52.571,1.511,0.3376917563273688,False
1622,FIRST SECURITY BANK,2024-09-30,51.06,0.0,0.21545592951604262,False
1639,FCNB BANK,2024-03-31,166.819,0.0,1.4398034693029491,False
1639,FCNB BANK,2024-06-30,167.469,2.516,1.5528240467978154,False
1639,FCNB BANK,2024-09-30,164.953,0.116,1.1251747046546932,False
1654,OZARK BANK,2024-03-31,301.428,6.59,2.0187814042861634,False
1654,OZARK BANK,2024-06-30,294.838,2.176,2.5605613757856083,False
1654,OZARK BANK,2024-09-30,292.662,0.0,1.7759231554378547,False
1655,BANK OF OLD MONROE,2024-03-31,702.169,0.0,3.884296431720752,False
1655,BANK OF OLD MONROE,2024-06-30,749.892,0.0,5.3539409435564895,False
1655,BANK OF OLD MONROE,2024-09-30,775.328,0.0,3.9515324318544622,False
1660,FARMERS&MERCHANTS BANK OF SC,2024-03-31,333.766,0.0,3.625272072792668,False
1660,FARMERS&MERCHANTS BANK OF SC,2024-06-30,347.032,9.603,5.243295211371653,False
1660,FARMERS&MERCHANTS BANK OF SC,2024-09-30,337.429,0.0,3.4582080827361894,False
1673,1ST FINANCIAL BANK USA,2024-03-31,942.109,0.0,3.930526990741866,False
1673,1ST FINANCIAL BANK USA,2024-06-30,952.381,0.0,5.131266146704321,False
1673,1ST FINANCIAL BANK USA,2024-09-30,993.311,0.0,4.099566442551698,False
1675,RICHLAND STATE BANK,2024-03-31,40.065,2.277,0.1014389185397834,False
1675,RICHLAND STATE BANK,2024-06-30,37.788,1.381,0.15472883294076653,False
1675,RICHLAND STATE BANK,2024-09-30,36.407,0.151,0.1301554626849306,False
1678,PLAINS COMMERCE BANK,2024-03-31,919.444,0.0,3.8811335482232914,False
1678,PLAINS COMMERCE BANK,2024-06-30,955.048,0.0,5.269978837414169,False
1678,PLAINS COMMERCE BANK,2024-09-30,1013.802,7.176,3.815220472141008,False
1686,FARMERS STATE BANK,2024-03-31,236.758,10.264,1.6647414758777763,False
1686,FARMERS STATE BANK,2024-06-30,226.494,3.764,1.881654650614589,False
1686,FARMERS STATE BANK,2024-09-30,222.73,0.0,1.3450339976064556,False
1687,COMMUNITY BANK,2024-03-31,54.0,0.0,0.24105398257532656,False
1687,COMMUNITY BANK,2024-06-30,55.674,0.349,0.4055409958515045,False
1687,COMMUNITY BANK,2024-09-30,55.325,0.0,0.2592126392821006,False
1693,UBANK,2024-03-31,129.393,0.0,0.6977770792330366,False
1693,UBANK,2024-06-30,134.662,0.0,1.0742578799637255,False
1693,UBANK,2024-09-30,142.834,0.056,0.9881487135022502,False
1696,FARMERS BANK,2024-03-31,717.436,0.0,3.433719674755471,False
1696,FARMERS BANK,2024-06-30,734.964,0.0,4.748105371236469,False
1696,FARMERS BANK,2024-09-30,745.945,0.0,3.433312628302127,False
1700,FIRST CENTURY BANK,2024-03-31,589.968,0.0,2.5721129921053545,False
1700,FIRST CENTURY BANK,2024-06-30,610.292,0.0,3.6951585364363932,False
1700,FIRST CENTURY BANK,2024-09-30,619.223,0.0,2.5866777929129556,False
1705,MOUNTAIN VALLEY BANK,2024-03-31,173.636,1.67,0.7829125191811158,False
1705,MOUNTAIN VALLEY BANK,2024-06-30,171.966,0.0,1.0733010884383647,False
1705,MOUNTAIN VALLEY BANK,2024-09-30,204.875,2.751,1.0113012435384279,False
1711,CITIZENS BANK OF LAFAYETTE,2024-03-31,1372.621,12.411,6.069921848749324,False
1711,CITIZENS BANK OF LAFAYETTE,2024-06-30,1360.21,0.0,7.990911982558911,False
1711,CITIZENS BANK OF LAFAYETTE,2024-09-30,1363.2,0.0,5.590633712316275,False
1713,BANK OF PERRY COUNTY,2024-03-31,195.719,0.0,0.8973040410759587,False
1713,BANK OF PERRY COUNTY,2024-06-30,196.612,0.0,1.1887587474848875,False
1713,BANK OF PERRY COUNTY,2024-09-30,202.938,0.0,0.8849116446853765,False
1715,CITIZENS 1ST BANK,2024-03-31,537.675,0.37,2.7406563500004073,False
1715,CITIZENS 1ST BANK,2024-06-30,537.305,8.189,3.5137451432180082,False
1715,CITIZENS 1ST BANK,2024-09-30,529.116,0.0,2.4450708305318085,False
1720,WESTERN BANK,2024-03-31,635.171,0.0,3.0381194752210234,False
1720,WESTERN BANK,2024-06-30,638.755,0.0,4.316823730604665,False
1720,WESTERN BANK,2024-09-30,699.644,0.0,3.2081385238074454,False
1730,PEOPLES BANK OF GREENSBORO,2024-03-31,102.754,7.405,0.6709853209250541,False
1730,PEOPLES BANK OF GREENSBORO,2024-06-30,95.349,0.0,0.783545070156807,False
1730,PEOPLES BANK OF GREENSBORO,2024-09-30,105.501,0.0,0.7243844493847135,False
1735,FARMERS&MERCHANTS BANK,2024-03-31,256.482,0.0,1.696717951273782,False
1735,FARMERS&MERCHANTS BANK,2024-06-30,259.149,1.958,2.2681449860882914,False
1735,FARMERS&MERCHANTS BANK,2024-09-30,257.191,0.0,1.5508103552616075,False
1745,FARMERS&MERCHANTS BANK,2024-03-31,93.448,5.077,0.827430281001339,False
1745,FARMERS&MERCHANTS BANK,2024-06-30,88.371,5.207,1.0246776853952926,False
1745,FARMERS&MERCHANTS BANK,2024-09-30,83.164,0.0,0.7524228706565658,False
1753,UNION BANK&TRUST CO,2024-03-31,283.27,10.361,1.575933511598331,False
1753,UNION BANK&TRUST CO,2024-06-30,272.909,0.0,1.79248230446939,False
1753,UNION BANK&TRUST CO,2024-09-30,279.337,0.0,1.2758744183298687,False
1756,CENTRAL BANK,2024-03-31,513.374,0.0,2.2605107810102822,False
1756,CENTRAL BANK,2024-06-30,531.609,0.0,3.1098457575736793,False
1756,CENTRAL BANK,2024-09-30,561.253,0.0,2.3684522976139917,False
1768,MECHANICS BANK,2024-03-31,14166.703,62.192,49.40604096747186,True
1768,MECHANICS BANK,2024-06-30,14104.511,0.0,67.3346785423265,True
1768,MECHANICS BANK,2024-09-30,14112.029,166.436,43.15254092724766,True
1778,STATE BANK,2024-03-31,111.439,1.896,1.050999726201053,False
1778,STATE BANK,2024-06-30,109.543,2.775,1.1004242505598494,False
1778,STATE BANK,2024-09-30,106.768,3.1,0.7863118799048451,False
1779,CITIZENS STATE BANK OF OURAY,2024-03-31,187.669,0.0,1.2227946053017988,False
1779,CITIZENS STATE BANK OF OURAY,2024-06-30,187.695,0.0,1.5442356079686896,False
1779,CITIZENS STATE BANK OF OURAY,2024-09-30,204.793,15.813,1.4110135850089331,False
1780,FARMERS STATE BANK OF CALHAN,2024-03-31,316.9,0.0,2.286116695023151,False
1780,FARMERS STATE BANK OF CALHAN,2024-06-30,321.208,2.222,3.099454675066895,False
1780,FARMERS STATE BANK OF CALHAN,2024-09-30,318.986,0.0,2.134517247841974,False
1781,FIRST STB SHANNON-POLO,2024-03-31,175.668,2.661,1.3016364233511735,False
1781,FIRST STB SHANNON-POLO,2024-06-30,173.007,0.0,1.7245479033162374,False
1781,FIRST STB SHANNON-POLO,2024-09-30,173.663,0.692,1.2991945061001533,False
1786,LONGVIEW BANK,2024-03-31,528.046,2.592,2.74404812904199,False
1786,LONGVIEW BANK,2024-06-30,525.454,0.0,3.5062365171543215,False
1786,LONGVIEW BANK,2024-09-30,545.916,0.0,2.4847453263474315,False
1808,BETTER BANKS,2024-03-31,430.286,0.0,2.464643411475703,False
1808,BETTER BANKS,2024-06-30,431.227,19.596,3.2701828019283132,False
1808,BETTER BANKS,2024-09-30,411.631,1.726,2.1804517219343933,False
1821,FOWLER STATE BANK,2024-03-31,167.308,6.559,0.92014874725588,False
1821,FOWLER STATE BANK,2024-06-30,160.749,4.278,1.1659622349591505,False
1821,FOWLER STATE BANK,2024-09-30,156.471,0.0,0.8000542138554363,False
1829,FAIRMOUNT STATE BANK,2024-03-31,49.131,0.925,0.14403363599174276,False
1829,FAIRMOUNT STATE BANK,2024-06-30,48.206,0.505,0.19385581844585195,False
1829,FAIRMOUNT STATE BANK,2024-09-30,47.701,0.0,0.14305802705113158,False
1833,STATE BANK,2024-03-31,710.232,0.0,3.373164969530356,False
1833,STATE BANK,2024-06-30,738.424,4.964,4.807272737041912,False
1833,STATE BANK,2024-09-30,733.46,35.195,3.412775096237726,False
1839,COMMUNITY STATE BANK,2024-03-31,158.412,0.0,1.0055639396393876,False
1839,COMMUNITY STATE BANK,2024-06-30,162.904,5.044,1.379181185291289,False
1839,COMMUNITY STATE BANK,2024-09-30,157.86,0.0,0.9724694666027399,False
1843,FARMERS&MERCHANTS BANK,2024-03-31,177.718,0.0,1.0278003979522272,False
1843,FARMERS&MERCHANTS BANK,2024-06-30,188.266,9.314,1.5175805581959594,False
1843,FARMERS&MERCHANTS BANK,2024-09-30,178.952,0.0,1.0212052282242239,False
1847,BIPPUS STATE BANK,2024-03-31,298.293,0.0,1.303287460449737,False
1847,BIPPUS STATE BANK,2024-06-30,319.595,0.0,1.926098930042871,False
1847,BIPPUS STATE BANK,2024-09-30,320.45,12.035,1.347448249119576,False
1849,WAYNE BANK&TRUST CO,2024-03-31,199.416,0.0,1.0146973806256396,False
1849,WAYNE BANK&TRUST CO,2024-06-30,199.939,0.0,1.3274101860261462,False
1849,WAYNE BANK&TRUST CO,2024-09-30,205.868,0.0,1.0148302784812264,False
1852,FIRST SECURITY BANK&TRUST CO,2024-03-31,510.228,15.064,2.8420647084597572,False
1852,FIRST SECURITY BANK&TRUST CO,2024-06-30,495.164,0.0,3.616968024599485,False
1852,FIRST SECURITY BANK&TRUST CO,2024-09-30,496.842,9.588,2.698101880550689,False
1857,WAUKON STATE BANK,2024-03-31,341.69,11.156,1.7855192938741493,False
1857,WAUKON STATE BANK,2024-06-30,330.534,0.0,2.0533315785849227,False
1857,WAUKON STATE BANK,2024-09-30,350.058,0.0,1.714789919488338,False
1860,MONTEZUMA STATE BANK,2024-03-31,50.439,4.072,0.6767879961635261,False
1860,MONTEZUMA STATE BANK,2024-06-30,46.367,0.0,0.6769464278548526,False
1860,MONTEZUMA STATE BANK,2024-09-30,47.037,2.486,0.5872396824396858,False
1862,WAYLAND STATE BANK,2024-03-31,103.464,2.101,0.6520059834920292,False
1865,KANSAS STB OVERBROOK KANSAS,2024-03-31,72.59,0.653,0.3208357104379168,False
1865,KANSAS STB OVERBROOK KANSAS,2024-06-30,71.937,0.836,0.43111937210415746,False
1865,KANSAS STB OVERBROOK KANSAS,2024-09-30,71.101,0.0,0.3154978438010744,False
1867,FARMERS STB OF OAKLEY KANSAS,2024-03-31,195.969,0.0,0.9373229000432237,False
1867,FARMERS STB OF OAKLEY KANSAS,2024-06-30,196.948,5.527,1.2906673236504331,False
1867,FARMERS STB OF OAKLEY KANSAS,2024-09-30,191.421,0.0,0.8964521175209716,False
1868,BANK OF TESCOTT,2024-03-31,381.219,0.0,1.6780272152142812,False
1868,BANK OF TESCOTT,2024-06-30,386.821,0.0,2.319203101730908,False
1868,BANK OF TESCOTT,2024-09-30,403.303,0.0,1.6735309266790623,False
1869,UNION STATE BANK,2024-03-31,554.584,20.203,3.3265633894533293,False
1869,UNION STATE BANK,2024-06-30,534.381,0.0,3.9535594812360184,False
1869,UNION STATE BANK,2024-09-30,553.422,0.0,3.0493559897979936,False
1874,BANK OF LABOR,2024-03-31,900.237,0.294,8.017123544169761,False
1874,BANK OF LABOR,2024-06-30,899.943,0.0,9.808613419559482,False
1874,BANK OF LABOR,2024-09-30,915.589,41.476,7.214370452374706,False
1895,FARMERS&MERCHANTS BANK,2024-03-31,657.386,4.987,3.317690818748434,False
1895,FARMERS&MERCHANTS BANK,2024-06-30,652.399,0.0,4.3498775896111805,False
1895,FARMERS&MERCHANTS BANK,2024-09-30,674.799,0.0,3.0418251106485847,False
1900,FIRST INDEPENDENT BANK,2024-03-31,425.792,13.139,2.45385471640412,False
1900,FIRST INDEPENDENT BANK,2024-06-30,412.653,7.698,2.9737142583128486,False
1900,FIRST INDEPENDENT BANK,2024-09-30,404.955,0.0,2.098540304605999,False
1903,ST CLAIR STATE BANK INC,2024-03-31,102.174,1.495,0.583950554420956,False
1903,ST CLAIR STATE BANK INC,2024-06-30,100.679,0.0,0.7674183498749044,False
1903,ST CLAIR STATE BANK INC,2024-09-30,102.579,0.0,0.5352873020047575,False
1905,PROFINIUM INC,2024-03-31,443.975,0.0,2.1061111519748055,False
1905,PROFINIUM INC,2024-06-30,453.88,8.683,2.9850722912396845,False
1905,PROFINIUM INC,2024-09-30,445.197,0.0,1.9896383599016443,False
1906,TRIUMPH STATE BANK,2024-03-31,83.802,5.877,0.5743128555202167,False
1906,TRIUMPH STATE BANK,2024-06-30,77.925,1.373,0.698371646342151,False
1906,TRIUMPH STATE BANK,2024-09-30,76.552,0.0,0.5272689859610536,False
1908,WANDA STATE BANK,2024-03-31,160.852,7.324,0.8585885264039712,False
1908,WANDA STATE BANK,2024-06-30,153.528,0.0,1.1025778392760979,False
1908,WANDA STATE BANK,2024-09-30,154.9,0.0,0.8113841606510087,False
1913,CASTLE ROCK BANK,2024-03-31,230.643,6.511,1.4922585304719997,False
1913,CASTLE ROCK BANK,2024-06-30,224.132,0.0,1.84914981273822,False
1913,CASTLE ROCK BANK,2024-09-30,233.874,0.0,1.4402275577859207,False
1929,FARMERS STB OF TRIMONT,2024-03-31,67.1,4.088,0.24938631916861653,False
1929,FARMERS STB OF TRIMONT,2024-06-30,63.012,2.952,0.3170646943307095,False
1929,FARMERS STB OF TRIMONT,2024-09-30,60.06,0.0,0.22991413584314027,False
1931,NEW MARKET BANK,2024-03-31,163.512,0.0,0.9583957491587829,False
1931,NEW MARKET BANK,2024-06-30,164.357,1.175,1.3405464122254935,False
1931,NEW MARKET BANK,2024-09-30,163.182,0.0,1.0073452919485522,False
1933,CITIZENS STB NORWOOD YOUNG A,2024-03-31,110.373,0.0,0.9427530427086727,False
1933,CITIZENS STB NORWOOD YOUNG A,2024-06-30,116.705,0.0,1.6148871457572753,False
1933,CITIZENS STB NORWOOD YOUNG A,2024-09-30,117.445,0.0,1.2178167973916985,False
1936,COMMUNITY STB OF MISSOURI,2024-03-31,259.18,9.029,1.2976548781429227,False
1936,COMMUNITY STB OF MISSOURI,2024-06-30,250.151,0.0,1.6281612953799853,False
1936,COMMUNITY STB OF MISSOURI,2024-09-30,254.791,0.0,1.1852913413561308,False
1937,BANK OF CROCKER,2024-03-31,130.636,3.283,1.308971101818457,False
1937,BANK OF CROCKER,2024-06-30,127.353,0.0,1.6044309787693614,False
1937,BANK OF CROCKER,2024-09-30,128.373,0.0,1.1502597425654806,False
1941,TIPTON LATHAM BANK NA,2024-03-31,149.378,0.0,0.8469153602430001,False
1941,TIPTON LATHAM BANK NA,2024-06-30,151.711,0.0,1.2306393407474998,False
1941,TIPTON LATHAM BANK NA,2024-09-30,155.085,0.0,0.9105852091824325,False
1945,METZ BANKING CO,2024-03-31,87.797,0.0,0.3413462797965089,False
1945,METZ BANKING CO,2024-06-30,87.857,0.0,0.47543546874943016,False
1945,METZ BANKING CO,2024-09-30,91.612,0.0,0.4404913107915374,False
1946,ALLIANT BANK,2024-03-31,188.422,0.0,0.9694362690514897,False
1946,ALLIANT BANK,2024-06-30,198.573,0.0,1.40485957725909,False
1946,ALLIANT BANK,2024-09-30,221.222,3.874,1.294304077077851,False
1956,CITIZENS BANK OF ELDON,2024-03-31,187.323,0.0,1.073239433131676,False
1956,CITIZENS BANK OF ELDON,2024-06-30,187.962,0.0,1.3400603954874644,False
1956,CITIZENS BANK OF ELDON,2024-09-30,190.877,0.0,0.9615730077408476,False
1964,LAMAR BANK&TRUST CO,2024-03-31,202.095,0.0,1.2056221181846662,False
1964,LAMAR BANK&TRUST CO,2024-06-30,216.651,1.152,1.789444905789635,False
1964,LAMAR BANK&TRUST CO,2024-09-30,215.499,2.737,1.1930505846266766,False
1972,CITIZENS BANK&TRUST CO,2024-03-31,114.672,0.77,0.884420468558805,False
1972,CITIZENS BANK&TRUST CO,2024-06-30,113.902,3.083,1.0936185681713977,False
1972,CITIZENS BANK&TRUST CO,2024-09-30,110.819,0.0,0.759112112183463,False
1978,YELLOWSTONE BANK,2024-03-31,981.994,6.974,5.5488865440032,False
1978,YELLOWSTONE BANK,2024-06-30,975.02,0.0,7.726759295184342,False
1978,YELLOWSTONE BANK,2024-09-30,1006.64,0.0,5.477759284940612,False
1980,VALLEY BANK OF KALISPELL,2024-03-31,178.628,0.0,0.9630309852895081,False
1980,VALLEY BANK OF KALISPELL,2024-06-30,179.526,0.0,1.2708493641588146,False
1980,VALLEY BANK OF KALISPELL,2024-09-30,183.524,0.0,0.9264330917898231,False
1982,FIRST STATE BANK OF MALTA,2024-03-31,146.518,0.0,1.142167585861366,False
1982,FIRST STATE BANK OF MALTA,2024-06-30,147.211,0.0,1.4434448506565483,False
1982,FIRST STATE BANK OF MALTA,2024-09-30,153.436,7.843,1.2177269334037515,False
1983,WESTERN NEBRASKA BANK,2024-03-31,147.823,0.0,0.7079187594763889,False
1983,WESTERN NEBRASKA BANK,2024-06-30,151.161,3.568,1.0031165101930648,False
1983,WESTERN NEBRASKA BANK,2024-09-30,147.593,2.252,0.7046090043684067,False
1986,COMMERCIAL STATE BANK,2024-03-31,49.169,0.852,0.23637641338144552,False
1986,COMMERCIAL STATE BANK,2024-06-30,48.317,0.0,0.32935056370663707,False
1986,COMMERCIAL STATE BANK,2024-09-30,48.79,0.0,0.26510384964191896,False
1992,PATHWAY BANK,2024-03-31,213.199,0.0,1.5930409719208583,False
1992,PATHWAY BANK,2024-06-30,226.535,3.068,1.6582108116716705,False
1992,PATHWAY BANK,2024-09-30,223.467,0.0,1.1920722123663465,False
1993,CERESCOBANK,2024-03-31,62.148,0.0,0.28698145503796796,False
1993,CERESCOBANK,2024-06-30,62.307,0.0,0.42235901917746776,False
1993,CERESCOBANK,2024-09-30,63.196,0.0,0.32313919132302266,False
2036,FARMERS&MERCHANTS BANK,2024-03-31,796.487,28.254,5.077715341393074,False
2036,FARMERS&MERCHANTS BANK,2024-06-30,768.233,4.277,6.226079553948819,False
2036,FARMERS&MERCHANTS BANK,2024-09-30,763.956,6.669,4.450824016864215,False
2057,STATE BANK&TRUST OF KENMARE,2024-03-31,160.146,1.299,1.0738504129976585,False
2057,STATE BANK&TRUST OF KENMARE,2024-06-30,158.847,1.822,1.372160397040802,False
2057,STATE BANK&TRUST OF KENMARE,2024-09-30,157.025,0.0,0.97115689893483,False
2068,FAHEY BANKING CO,2024-03-31,256.237,0.999,1.2892557240130353,False
2068,FAHEY BANKING CO,2024-06-30,255.238,0.0,1.6422205894324038,False
2068,FAHEY BANKING CO,2024-09-30,272.808,0.0,1.1916279451814362,False
2093,NATIONAL CAPITAL BANK OF WA,2024-03-31,584.365,0.0,2.9978984578986463,False
2093,NATIONAL CAPITAL BANK OF WA,2024-06-30,609.974,2.234,4.417009403443772,False
2093,NATIONAL CAPITAL BANK OF WA,2024-09-30,607.74,0.0,2.951631880003308,False
2102,CONWAY NATIONAL BANK,2024-03-31,1505.832,0.0,9.034835661538592,False
2102,CONWAY NATIONAL BANK,2024-06-30,1532.17,0.0,12.468676999702701,False
2102,CONWAY NATIONAL BANK,2024-09-30,1563.477,20.614,9.167280955818052,False
2107,FIRST NB OF SOUTH CAROLINA,2024-03-31,253.762,0.0,2.2948998406848373,False
2107,FIRST NB OF SOUTH CAROLINA,2024-06-30,257.232,0.0,3.011665708052578,False
2107,FIRST NB OF SOUTH CAROLINA,2024-09-30,257.357,0.0,2.187184870966412,False
2138,QUEENSBOROUGH NB&T CO,2024-03-31,1888.716,67.969,11.024307022646925,True
2138,QUEENSBOROUGH NB&T CO,2024-06-30,1820.747,0.0,13.64129532689371,True
2138,QUEENSBOROUGH NB&T CO,2024-09-30,1838.904,0.0,9.067537365335882,False
2145,BANK OF MONTICELLO,2024-03-31,133.624,0.215,0.8836439626727643,False
2145,BANK OF MONTICELLO,2024-06-30,133.409,0.0,1.1333361481800597,False
2145,BANK OF MONTICELLO,2024-09-30,133.969,0.0,0.806673055532261,False
2154,GEO D WARTHEN BANK,2024-03-31,203.811,16.691,1.714988722669042,False
2154,GEO D WARTHEN BANK,2024-06-30,187.12,0.801,1.7287022878325917,False
2154,GEO D WARTHEN BANK,2024-09-30,186.319,8.681,1.3792803923168317,False
2157,FIRST STB OF RANDOLPH COUNTY,2024-03-31,89.569,1.449,0.6665373587333508,False
2157,FIRST STB OF RANDOLPH COUNTY,2024-06-30,88.12,2.729,0.8440717510949549,False
2157,FIRST STB OF RANDOLPH COUNTY,2024-09-30,85.391,0.0,0.6498097731996252,False
2160,FIRST NB OF WAYNESBORO,2024-03-31,174.575,3.963,1.4322595069092594,False
2160,FIRST NB OF WAYNESBORO,2024-06-30,170.612,1.387,1.7214148979316966,False
2160,FIRST NB OF WAYNESBORO,2024-09-30,169.225,0.0,1.1074265398444834,False
2205,BANK OF THE ROCKIES,2024-03-31,204.21,1.544,0.9949108494958199,False
2205,BANK OF THE ROCKIES,2024-06-30,202.666,0.0,1.3220613667483945,False
2205,BANK OF THE ROCKIES,2024-09-30,208.888,0.0,1.0561022603473067,False
2208,FIRST NORTHERN BANK OF WY,2024-03-31,718.899,12.999,3.8914437262560377,False
2208,FIRST NORTHERN BANK OF WY,2024-06-30,705.9,0.0,4.935832751005554,False
2208,FIRST NORTHERN BANK OF WY,2024-09-30,759.571,0.0,4.20571243167922,False
2224,BANK OF BRIDGER NA,2024-03-31,690.288,4.451,4.310330313790756,False
2224,BANK OF BRIDGER NA,2024-06-30,685.837,3.467,5.333972141505334,False
2224,BANK OF BRIDGER NA,2024-09-30,682.37,0.0,3.8412753105919575,False
2228,RNB STATE BANK,2024-03-31,238.719,0.0,1.4608449193445865,False
2228,RNB STATE BANK,2024-06-30,239.283,0.928,2.007195745943416,False
2228,RNB STATE BANK,2024-09-30,238.355,0.0,1.374412166794126,False
2229,RSNB BANK,2024-03-31,359.038,20.586,2.634345617562471,False
2229,RSNB BANK,2024-06-30,338.452,0.243,3.2884373303311354,False
2229,RSNB BANK,2024-09-30,338.209,0.0,2.387552563420398,False
2232,PINNACLE BANK WYOMING,2024-03-31,1159.38,6.154,6.6536834924481605,False
2232,PINNACLE BANK WYOMING,2024-06-30,1153.226,0.0,8.811313495493122,False
2232,PINNACLE BANK WYOMING,2024-09-30,1168.943,0.0,5.414119883191796,False
2240,FIRST AMERICAN BANK,2024-03-31,1563.062,17.219,8.654858452338427,False
2240,FIRST AMERICAN BANK,2024-06-30,1545.843,35.189,10.516654938945926,False
2240,FIRST AMERICAN BANK,2024-09-30,1510.654,0.0,7.07913486346072,False
2241,CNB BANK,2024-03-31,786.328,20.415,4.451602877488826,False
2241,CNB BANK,2024-06-30,765.913,0.0,5.288726882606455,False
2241,CNB BANK,2024-09-30,793.585,0.0,4.073137843137723,False
2244,JAMES POLK STONE CMTY BANK,2024-03-31,333.516,2.67,3.37824914888042,False
2244,JAMES POLK STONE CMTY BANK,2024-06-30,330.846,0.0,4.1411803718029185,False
2244,JAMES POLK STONE CMTY BANK,2024-09-30,334.602,0.0,3.147784928448562,False
2247,BANK OF THE SOUTHWEST,2024-03-31,158.73,0.0,1.0778185351825915,False
2247,BANK OF THE SOUTHWEST,2024-06-30,160.049,0.0,1.731579463398248,False
2247,BANK OF THE SOUTHWEST,2024-09-30,162.614,2.835,1.288990453647579,False
2249,WESTERN BANK,2024-03-31,249.394,0.0,2.1092988476754733,False
2249,WESTERN BANK,2024-06-30,255.282,8.752,2.898018812770442,False
2249,WESTERN BANK,2024-09-30,246.53,0.0,1.9857729395325443,False
2270,ZIONS BCORP N A,2024-03-31,74709.976,485.952,170.6962327530069,True
2270,ZIONS BCORP N A,2024-06-30,74224.024,0.0,228.48891138071252,True
2270,ZIONS BCORP N A,2024-09-30,75910.705,0.0,157.31015289698337,True
2273,FIRST NATIONAL BANK OF ELY,2024-03-31,115.367,1.42,1.1339773908386805,False
2273,FIRST NATIONAL BANK OF ELY,2024-06-30,113.947,1.751,1.3778980887839858,False
2273,FIRST NATIONAL BANK OF ELY,2024-09-30,112.196,0.0,1.0363677397308448,False
2284,NORTH VALLEY BANK,2024-03-31,262.979,0.0,1.1934478222447795,False
2284,NORTH VALLEY BANK,2024-06-30,277.595,0.0,1.7335103480718825,False
2284,NORTH VALLEY BANK,2024-09-30,283.437,0.0,1.2317302755841724,False
2285,GENOA BANKING CO,2024-03-31,543.065,0.0,2.6520738062738167,False
2285,GENOA BANKING CO,2024-06-30,575.694,0.0,3.6780386407865446,False
2285,GENOA BANKING CO,2024-09-30,599.656,0.473,2.792989879745405,False
2286,BUCKEYE STATE BANK,2024-03-31,370.659,0.0,2.247644722663512,False
2286,BUCKEYE STATE BANK,2024-06-30,383.518,0.001,3.0424286414170583,False
2286,BUCKEYE STATE BANK,2024-09-30,383.517,0.0,2.1721854303077013,False
2289,COMMODORE BANK,2024-03-31,87.811,0.0,0.47142346140420394,False
2289,COMMODORE BANK,2024-06-30,88.669,5.29,0.6735373035964379,False
2290,FARMERS SAVINGS BANK,2024-03-31,235.769,1.696,1.4720552388628947,False
2290,FARMERS SAVINGS BANK,2024-06-30,234.073,2.77,2.0025872581355975,False
2290,FARMERS SAVINGS BANK,2024-09-30,231.303,3.7,1.3625181140502112,False
2300,BANK OF MAGNOLIA CO,2024-03-31,90.138,4.446,0.5714282362668754,False
2300,BANK OF MAGNOLIA CO,2024-06-30,85.692,0.0,0.7415475792830832,False
2300,BANK OF MAGNOLIA CO,2024-09-30,87.769,0.672,0.557051987764936,False
2301,FIRST STATE BANK,2024-03-31,113.365,0.0,0.44649140463860343,False
2301,FIRST STATE BANK,2024-06-30,125.952,0.749,0.7480301635835047,False
2301,FIRST STATE BANK,2024-09-30,125.203,0.0,0.508772504802594,False
2308,WASHITA VALLEY BANK,2024-03-31,51.923,0.0,0.30134826380937285,False
2308,WASHITA VALLEY BANK,2024-06-30,52.332,1.783,0.4471991611597604,False
2308,WASHITA VALLEY BANK,2024-09-30,50.549,0.0,0.33150247670608685,False
2315,ARMSTRONG BANK,2024-03-31,2296.648,34.272,10.632524834716637,True
2315,ARMSTRONG BANK,2024-06-30,2262.376,35.816,13.609292258252006,True
2315,ARMSTRONG BANK,2024-09-30,2226.56,0.0,9.09611596238918,False
2317,METHOD BANK,2024-03-31,93.718,0.318,0.5153779298933053,False
2317,METHOD BANK,2024-06-30,93.4,0.0,0.7592445795980264,False
2317,METHOD BANK,2024-09-30,97.464,0.0,0.5604683115951067,False
2320,CARSON COMMUNITY BANK,2024-03-31,136.474,1.986,0.772983467475081,False
2320,CARSON COMMUNITY BANK,2024-06-30,134.488,0.315,1.004933276378112,False
2320,CARSON COMMUNITY BANK,2024-09-30,134.173,0.0,0.699668045792962,False
2326,AVB BANK,2024-03-31,444.788,0.0,2.0492059976014994,False
2326,AVB BANK,2024-06-30,456.615,0.0,2.9359410114144793,False
2326,AVB BANK,2024-09-30,462.441,20.268,1.9872533201853713,False
2327,LOCAL BANK,2024-03-31,280.041,0.0,1.3889987955888823,False
2327,LOCAL BANK,2024-06-30,292.79,0.0,1.907709821178524,False
2327,LOCAL BANK,2024-09-30,330.589,0.0,1.5353977461618444,False
2328,AMERICAN EXC BK LINDSAY OK,2024-03-31,79.444,0.0,0.564878683549928,False
2328,AMERICAN EXC BK LINDSAY OK,2024-06-30,79.564,1.946,0.7673455964297319,False
2328,AMERICAN EXC BK LINDSAY OK,2024-09-30,77.618,0.0,0.5604359019530808,False
2331,PEOPLES BANK&TRUST CO,2024-03-31,32.309,0.0,0.04775180485997126,False
2331,PEOPLES BANK&TRUST CO,2024-06-30,32.412,0.683,0.10962493287117922,False
2331,PEOPLES BANK&TRUST CO,2024-09-30,31.729,0.547,0.09030166645962898,False
2359,MAUCH CHUNK TRUST CO,2024-03-31,604.514,0.0,4.1914091504836914,False
2359,MAUCH CHUNK TRUST CO,2024-06-30,615.69,0.0,5.518870703985817,False
2359,MAUCH CHUNK TRUST CO,2024-09-30,622.801,18.388,4.153691340628406,False
2379,BANK OF GLEASON,2024-03-31,104.171,0.633,0.5633307141500338,False
2379,BANK OF GLEASON,2024-06-30,103.538,0.0,0.7726197185093158,False
2379,BANK OF GLEASON,2024-09-30,103.718,1.958,0.5715921142320409,False
2380,CARROLL BANK&TRUST,2024-03-31,456.004,3.074,2.309553517570753,False
2380,CARROLL BANK&TRUST,2024-06-30,452.93,0.0,2.927841549383575,False
2380,CARROLL BANK&TRUST,2024-09-30,471.823,0.0,2.225652704026275,False
2391,SECURITY BANK,2024-03-31,181.603,2.423,1.4038580317632956,False
2391,SECURITY BANK,2024-06-30,179.18,0.0,1.8360433214092011,False
2391,SECURITY BANK,2024-09-30,179.995,0.0,1.291719731576395,False
2443,CLEAR MOUNTAIN BANK,2024-03-31,798.442,0.0,3.982244211677344,False
2443,CLEAR MOUNTAIN BANK,2024-06-30,812.139,0.416,5.622934116534096,False
2443,CLEAR MOUNTAIN BANK,2024-09-30,811.723,0.0,3.6513651060606773,False
2444,CLAY COUNTY BANK INC,2024-03-31,105.239,0.0,0.8140846309964563,False
2444,CLAY COUNTY BANK INC,2024-06-30,106.061,0.0,1.1170142922530717,False
2444,CLAY COUNTY BANK INC,2024-09-30,114.721,2.581,1.0296238387910512,False
2448,PIONEER COMMUNITY BANK INC,2024-03-31,142.763,0.0,0.7454670599289857,False
2448,PIONEER COMMUNITY BANK INC,2024-06-30,143.968,0.962,0.9949709697475323,False
2448,PIONEER COMMUNITY BANK INC,2024-09-30,143.006,0.0,0.6568493858944947,False
2452,WEST UNION BANK,2024-03-31,236.348,4.51,1.7208386065647832,False
2452,WEST UNION BANK,2024-06-30,231.838,0.0,1.9750516696101506,False
2452,WEST UNION BANK,2024-09-30,238.173,0.0,1.5972339672985003,False
2453,DAVIS TRUST CO,2024-03-31,176.323,0.0,0.9496782263075944,False
2453,DAVIS TRUST CO,2024-06-30,177.96,0.0,1.3141042278123478,False
2453,DAVIS TRUST CO,2024-09-30,178.662,0.0,0.9300871977789156,False
2455,BANK OF BRODHEAD,2024-03-31,254.598,0.0,1.265077040152395,False
2455,BANK OF BRODHEAD,2024-06-30,256.246,0.0,1.7030447550059808,False
2455,BANK OF BRODHEAD,2024-09-30,263.943,0.0,1.2609782858143965,False
2467,CITIZENS STATE BANK,2024-03-31,187.993,0.0,0.905160368615033,False
2467,CITIZENS STATE BANK,2024-06-30,200.038,6.228,1.3674316090441387,False
2467,CITIZENS STATE BANK,2024-09-30,193.81,0.912,1.001850143904945,False
2468,NORTHWESTERN BANK,2024-03-31,540.435,0.0,2.4351423323214707,False
2468,NORTHWESTERN BANK,2024-06-30,543.789,9.287,3.7047271033120404,False
2468,NORTHWESTERN BANK,2024-09-30,534.502,0.0,2.4203417480839153,False
2469,BADGER BANK,2024-03-31,162.527,3.073,0.8872808296710137,False
2469,BADGER BANK,2024-06-30,159.454,0.0,1.130762806515455,False
2469,BADGER BANK,2024-09-30,162.146,0.0,0.9001221228367753,False
2477,BANK OF DEERFIELD,2024-03-31,190.484,0.0,0.7332759037419982,False
2477,BANK OF DEERFIELD,2024-06-30,191.74,0.0,1.024739747236357,False
2477,BANK OF DEERFIELD,2024-09-30,194.197,0.0,0.7321563400189817,False
2482,NEKOOSA PORT EDWARDS STB,2024-03-31,221.431,1.102,1.5637351155551649,False
2482,NEKOOSA PORT EDWARDS STB,2024-06-30,220.329,0.0,2.1329824100172856,False
2482,NEKOOSA PORT EDWARDS STB,2024-09-30,231.951,0.0,1.7284510581774928,False
2496,NATIONAL IRON BANK,2024-03-31,259.379,11.472,1.1503154228529036,False
2496,NATIONAL IRON BANK,2024-06-30,247.907,0.0,1.5143284643606592,False
2496,NATIONAL IRON BANK,2024-09-30,266.693,0.284,1.1399089475775939,False
2608,NATIONAL GRAND BK MARBLEHEAD,2024-03-31,353.694,0.977,1.8521236482688133,False
2608,NATIONAL GRAND BK MARBLEHEAD,2024-06-30,352.717,0.0,2.4067464686954563,False
2608,NATIONAL GRAND BK MARBLEHEAD,2024-09-30,360.743,0.0,1.7972549919000949,False
2616,MILLBURY NATIONAL BANK,2024-03-31,102.768,0.0,0.5615447971328157,False
2616,MILLBURY NATIONAL BANK,2024-06-30,105.18,0.0,0.7042450654446583,False
2616,MILLBURY NATIONAL BANK,2024-09-30,105.857,0.0,0.5137133643603498,False
2682,FIRST NB OF BROOKSVILLE,2024-03-31,67.021,0.0,0.3030913602937441,False
2682,FIRST NB OF BROOKSVILLE,2024-06-30,67.426,3.645,0.4425699701884231,False
2682,FIRST NB OF BROOKSVILLE,2024-09-30,63.781,0.0,0.29952662215323067,False
2691,CUMBERLAND VALLEY NB&T CO,2024-03-31,662.932,2.802,3.9595864793255036,False
2691,CUMBERLAND VALLEY NB&T CO,2024-06-30,660.13,0.0,5.363335821779177,False
2691,CUMBERLAND VALLEY NB&T CO,2024-09-30,667.583,0.0,3.5680533295900263,False
2695,FIRST NB OF GRAYSON,2024-03-31,286.775,0.0,1.6936730686762693,False
2695,FIRST NB OF GRAYSON,2024-06-30,290.256,0.0,2.464322541472884,False
2695,FIRST NB OF GRAYSON,2024-09-30,325.049,4.159,2.108313515927108,False
2700,FIRST SOUTHERN NATIONAL BANK,2024-03-31,1093.56,0.0,5.595205564777115,False
2700,FIRST SOUTHERN NATIONAL BANK,2024-06-30,1093.755,23.609,7.682063841341835,False
2700,FIRST SOUTHERN NATIONAL BANK,2024-09-30,1070.146,0.0,5.210616829433698,False
2708,FIRST NB OF MANCHESTER,2024-03-31,210.718,15.731,1.7903751486390653,False
2708,FIRST NB OF MANCHESTER,2024-06-30,194.987,0.0,1.6804526514286857,False
2708,FIRST NB OF MANCHESTER,2024-09-30,218.81,0.0,1.8042645127093702,False
2710,FIRST STB OF THE SE INC,2024-03-31,357.791,0.0,1.657246730153926,False
2710,FIRST STB OF THE SE INC,2024-06-30,359.5,11.428,2.355031256701178,False
2710,FIRST STB OF THE SE INC,2024-09-30,348.072,0.0,1.5800132274321308,False
2711,TRADITIONAL BANK INC,2024-03-31,1986.391,10.854,9.169545908080785,False
2711,TRADITIONAL BANK INC,2024-06-30,1975.537,14.776,11.613375956661672,False
2711,TRADITIONAL BANK INC,2024-09-30,1960.761,0.0,7.9576926089952815,False
2718,CITIZENS BANK OF KY INC,2024-03-31,584.022,13.557,3.465680386454596,False
2718,CITIZENS BANK OF KY INC,2024-06-30,570.465,0.0,4.347648697954461,False
2718,CITIZENS BANK OF KY INC,2024-09-30,586.561,12.639,3.52860166286607,False
2720,COMMUNITY TRUST BANK INC,2024-03-31,4790.891,49.974,16.792566650258923,True
2720,COMMUNITY TRUST BANK INC,2024-06-30,4740.917,0.0,20.98103669878055,True
2720,COMMUNITY TRUST BANK INC,2024-09-30,4845.183,0.0,15.010640246643458,True
2723,SALYERSVILLE NATIONAL BANK,2024-03-31,106.725,0.0,0.7955621181149704,False
2723,SALYERSVILLE NATIONAL BANK,2024-06-30,107.604,0.0,0.9539887201889095,False
2723,SALYERSVILLE NATIONAL BANK,2024-09-30,111.694,0.0,0.7656063251887975,False
2725,CITIZENS NB OF SOMERSET,2024-03-31,514.748,0.0,3.575437769794203,False
2725,CITIZENS NB OF SOMERSET,2024-06-30,518.882,0.0,4.27737748518469,False
2725,CITIZENS NB OF SOMERSET,2024-09-30,528.959,0.0,3.3392873358939297,False
2733,BANK OF BUFFALO,2024-03-31,85.264,0.0,0.36440999658114664,False
2733,BANK OF BUFFALO,2024-06-30,90.085,0.0,0.5380696204711078,False
2733,BANK OF BUFFALO,2024-09-30,90.204,0.0,0.3952875998571222,False
2735,FIRST NB OF KENTUCKY,2024-03-31,191.146,0.0,1.031023550333445,False
2735,FIRST NB OF KENTUCKY,2024-06-30,191.349,2.392,1.351681215573905,False
2735,FIRST NB OF KENTUCKY,2024-09-30,188.957,0.0,0.9344986099995017,False
2738,FIRST&FARMERS NB INC,2024-03-31,581.86,4.775,2.993766847337408,False
2738,FIRST&FARMERS NB INC,2024-06-30,577.085,15.984,3.8032197822514107,False
2738,FIRST&FARMERS NB INC,2024-09-30,561.101,10.276,2.6870460232455717,False
2740,FARMERS NB OF DANVILLE,2024-03-31,922.534,63.894,5.437737908785736,False
2740,FARMERS NB OF DANVILLE,2024-06-30,858.64,0.0,5.523478362350167,False
2740,FARMERS NB OF DANVILLE,2024-09-30,882.551,3.48,4.034691006047427,False
2750,LINCOLN NB OF HODGENVILLE,2024-03-31,368.964,10.456,1.7849161225496535,False
2750,LINCOLN NB OF HODGENVILLE,2024-06-30,358.508,2.742,2.2491895428252224,False
2750,LINCOLN NB OF HODGENVILLE,2024-09-30,355.766,0.0,1.5210815287555144,False
2753,CITIZENS NB OF LEBANON,2024-03-31,149.619,0.446,1.4931326713082906,False
2753,CITIZENS NB OF LEBANON,2024-06-30,149.173,12.212,1.8261198595247579,False
2753,CITIZENS NB OF LEBANON,2024-09-30,136.961,0.0,1.1034949611030858,False
2754,FARMERS NB OF LEBANON,2024-03-31,119.432,3.84,0.6553820340687884,False
2754,FARMERS NB OF LEBANON,2024-06-30,115.592,0.0,0.8261321386876396,False
2754,FARMERS NB OF LEBANON,2024-09-30,121.487,1.225,0.6614804076985425,False
2759,FNB BANK INC,2024-03-31,627.364,19.939,3.205140423270184,False
2759,FNB BANK INC,2024-06-30,607.425,4.613,3.9760960765342266,False
2759,FNB BANK INC,2024-09-30,602.812,0.0,2.830531064684772,False
2765,FARMERS BANK&TRUST CO,2024-03-31,187.877,0.846,1.1087372913755917,False
2765,FARMERS BANK&TRUST CO,2024-06-30,187.031,3.021,1.3916845812712662,False
2765,FARMERS BANK&TRUST CO,2024-09-30,184.01,0.0,0.934416839767248,False
2767,FIRST NB OF RUSSELL SPRINGS,2024-03-31,316.08,0.0,1.8050851021888579,False
2767,FIRST NB OF RUSSELL SPRINGS,2024-06-30,321.647,0.0,2.572927268465193,False
2767,FIRST NB OF RUSSELL SPRINGS,2024-09-30,326.639,0.0,1.7577339395920881,False
2777,MIDSOUTH BANK,2024-03-31,592.35,0.0,3.6694896568629476,False
2777,MIDSOUTH BANK,2024-06-30,623.774,28.599,5.290325790529793,False
2777,MIDSOUTH BANK,2024-09-30,595.175,0.0,3.332350350576291,False
2779,FIRST NATIONAL BANK&TRUST,2024-03-31,199.107,0.829,1.1277997446362562,False
2779,FIRST NATIONAL BANK&TRUST,2024-06-30,198.278,0.0,1.4829060644222134,False
2779,FIRST NATIONAL BANK&TRUST,2024-09-30,203.377,0.953,1.1309254160325706,False
2784,FIRST BANK OF BOAZ,2024-03-31,197.879,0.0,1.764649638729091,False
2784,FIRST BANK OF BOAZ,2024-06-30,200.857,3.956,2.423987952895319,False
2784,FIRST BANK OF BOAZ,2024-09-30,196.901,1.346,1.606742180515787,False
2787,COMMUNITY NEIGHBOR BANK,2024-03-31,129.957,0.0,1.063931858683706,False
2787,COMMUNITY NEIGHBOR BANK,2024-06-30,151.99,7.357,1.7130275974954217,False
2787,COMMUNITY NEIGHBOR BANK,2024-09-30,144.633,0.0,1.0324843605175646,False
2794,DOZIER BANK,2024-03-31,41.413,0.0,0.10063210502746758,False
2794,DOZIER BANK,2024-06-30,41.914,0.284,0.17272191773363332,False
2794,DOZIER BANK,2024-09-30,41.63,0.0,0.13228294979606206,False
2804,FIRST NB OF HARTFORD,2024-03-31,129.214,0.0,0.6843836670135631,False
2804,FIRST NB OF HARTFORD,2024-06-30,133.597,0.0,1.0164487484039983,False
2804,FIRST NB OF HARTFORD,2024-09-30,139.202,0.0,0.7964914635485477,False
2805,HNB FIRST BANK,2024-03-31,207.661,0.741,1.300404314630751,False
2805,HNB FIRST BANK,2024-06-30,206.92,0.0,1.8149607580761766,False
2805,HNB FIRST BANK,2024-09-30,208.596,0.0,1.1742787171234437,False
2828,FRIEND BANK,2024-03-31,168.154,0.0,1.4308980505640632,False
2828,FRIEND BANK,2024-06-30,176.599,0.0,2.046996315105109,False
2828,FRIEND BANK,2024-09-30,178.895,2.742,1.5696067813781576,False
2829,FIRST SOUTHERN STATE BANK,2024-03-31,730.305,0.0,4.320919190742022,False
2829,FIRST SOUTHERN STATE BANK,2024-06-30,744.872,0.0,6.054905602167347,False
2829,FIRST SOUTHERN STATE BANK,2024-09-30,748.978,0.0,4.359236479567373,False
2832,FIRST BANK OF ALABAMA,2024-03-31,949.625,0.0,4.6458152398940324,False
2832,FIRST BANK OF ALABAMA,2024-06-30,980.092,0.0,6.5307486918515245,False
2832,FIRST BANK OF ALABAMA,2024-09-30,996.733,0.0,4.928315835516641,False
2838,AMERIFIRST BANK,2024-03-31,284.511,3.254,1.3611921412910464,False
2838,AMERIFIRST BANK,2024-06-30,281.257,0.0,1.876622647361942,False
2838,AMERIFIRST BANK,2024-09-30,306.521,7.188,1.4873039674553983,False
2850,FARMERS BANK,2024-03-31,509.388,15.334,2.916325872166302,False
2850,FARMERS BANK,2024-06-30,494.054,0.0,3.7015246793489514,False
2850,FARMERS BANK,2024-09-30,501.53,0.0,2.5795033537515697,False
2945,STATE BANK NORTHWEST,2024-03-31,183.538,0.0,1.3596165708643404,False
2945,STATE BANK NORTHWEST,2024-06-30,195.036,0.1,1.7899188275033664,False
2945,STATE BANK NORTHWEST,2024-09-30,194.936,5.724,1.1581795486631858,False
2987,BAKER-BOYER NATIONAL BANK,2024-03-31,613.887,20.661,3.648618168080042,False
2987,BAKER-BOYER NATIONAL BANK,2024-06-30,593.226,2.804,4.49409149947717,False
2987,BAKER-BOYER NATIONAL BANK,2024-09-30,590.422,2.853,3.1679261471288185,False
3017,HIGH PLAINS BANK,2024-03-31,327.053,0.0,1.5836447252094663,False
3017,HIGH PLAINS BANK,2024-06-30,335.201,0.0,2.153894809567892,False
3017,HIGH PLAINS BANK,2024-09-30,345.572,0.0,1.6287611402191757,False
3018,FIRST NB OF FLEMING,2024-03-31,23.97,0.0,0.0,False
3018,FIRST NB OF FLEMING,2024-06-30,25.387,0.584,0.0,False
3018,FIRST NB OF FLEMING,2024-09-30,24.803,1.257,0.0,False
3019,ROCKY MOUNTAIN BANK&TRUST,2024-03-31,100.926,2.332,1.0742725309637362,False
3019,ROCKY MOUNTAIN BANK&TRUST,2024-06-30,98.594,0.0,0.9067119455084751,False
3019,ROCKY MOUNTAIN BANK&TRUST,2024-09-30,102.898,0.0,0.7713560603275993,False
3029,FIRST NATIONAL BANK OF HUGO,2024-03-31,126.865,0.0,0.8419924603817214,False
3029,FIRST NATIONAL BANK OF HUGO,2024-06-30,136.521,6.743,1.396557999279244,False
3029,FIRST NATIONAL BANK OF HUGO,2024-09-30,129.778,4.408,0.9468624582641347,False
3031,POINTS WEST COMMUNITY BANK,2024-03-31,695.443,0.0,4.131923418118701,False
3031,POINTS WEST COMMUNITY BANK,2024-06-30,699.82,3.883,5.394049818466158,False
3031,POINTS WEST COMMUNITY BANK,2024-09-30,695.937,13.349,3.651757357473331,False
3034,FIRST NATIONAL BANK COLORADO,2024-03-31,489.252,0.0,2.6182079971076235,False
3034,FIRST NATIONAL BANK COLORADO,2024-06-30,496.721,0.0,3.634643939690584,False
3034,FIRST NATIONAL BANK COLORADO,2024-09-30,503.938,0.0,2.561631987456364,False
3063,FIRST PIONEER NATIONAL BANK,2024-03-31,197.7,0.0,1.3197947568848827,False
3063,FIRST PIONEER NATIONAL BANK,2024-06-30,198.999,9.57,1.8459849311740466,False
3063,FIRST PIONEER NATIONAL BANK,2024-09-30,189.429,0.0,1.1903382707539443,False
3066,FIRST FINANCIAL BANK NA,2024-03-31,11434.029,0.0,40.708071799549124,True
3066,FIRST FINANCIAL BANK,2024-06-30,11531.35,0.0,51.533916451543234,True
3066,FIRST FINANCIAL BANK,2024-09-30,11887.831,0.0,37.88735214346047,True
3067,CLEAR FORK BANK NA,2024-03-31,712.512,0.0,3.4473537619244676,False
3067,CLEAR FORK BANK NA,2024-06-30,732.832,0.0,4.553726200627239,False
3067,CLEAR FORK BANK NA,2024-09-30,748.812,0.0,3.289945317850679,False
3075,FIRST NB OF ANDERSON,2024-03-31,185.832,0.0,1.1907158445308312,False
3075,FIRST NB OF ANDERSON,2024-06-30,186.374,0.0,1.541897857933245,False
3075,FIRST NB OF ANDERSON,2024-09-30,190.131,0.0,1.1378375381639876,False
3076,INDEPENDENT BANK,2024-03-31,15676.9,0.0,39.73299773368632,True
3076,INDEPENDENT BANK,2024-06-30,15846.465,0.0,55.34417995332741,True
3076,INDEPENDENT BANK,2024-09-30,16020.982,776.431,41.62562358239684,True
3078,FIRST NATIONAL BANK OF ANSON,2024-03-31,63.764,1.117,0.3031347201547322,False
3078,FIRST NATIONAL BANK OF ANSON,2024-06-30,62.647,0.0,0.3935581684896071,False
3078,FIRST NATIONAL BANK OF ANSON,2024-09-30,63.628,0.0,0.3390739466350177,False
3079,FIRST NB OF ASPERMONT,2024-03-31,107.285,0.0,0.9038500345683878,False
3079,FIRST NB OF ASPERMONT,2024-06-30,112.242,0.0,1.4073955061150256,False
3079,FIRST NB OF ASPERMONT,2024-09-30,113.428,0.0,1.0354364941732743,False
3087,FIRST NB OF BALLINGER,2024-03-31,229.1,0.0,1.5657049949793873,False
3087,FIRST NB OF BALLINGER,2024-06-30,232.543,0.0,2.154660110272145,False
3087,FIRST NB OF BALLINGER,2024-09-30,233.102,0.0,1.4789635925549502,False
3091,FIRST NB OF BASTROP,2024-03-31,879.303,4.191,4.904602015400217,False
3091,FIRST NB OF BASTROP,2024-06-30,875.112,0.0,6.333719315578519,False
3091,FIRST NB OF BASTROP,2024-09-30,908.268,0.0,5.134251353173227,False
3098,CENDERA BANK NATIONAL ASSN,2024-03-31,159.35,0.0,0.7771034410815545,False
3098,CENDERA BANK NATIONAL ASSN,2024-06-30,167.335,0.0,1.1675834039480824,False
3098,CENDERA BANK NATIONAL ASSN,2024-09-30,188.728,0.0,1.1447545158352113,False
3099,FIRST NB OF BELLVILLE,2024-03-31,771.002,34.289,7.233287734170296,False
3099,FIRST NB OF BELLVILLE,2024-06-30,736.713,5.574,8.165795616414588,False
3099,FIRST NB OF BELLVILLE,2024-09-30,731.139,0.0,6.3546229593937005,False
3103,STATE NB OF BIG SPRING,2024-03-31,517.511,20.327,4.529209541674288,False
3103,STATE NB OF BIG SPRING,2024-06-30,497.184,5.406,5.252090873413965,False
3103,STATE NB OF BIG SPRING,2024-09-30,491.778,0.0,3.83403538298231,False
3108,LEGEND BANK N A,2024-03-31,978.548,0.0,4.629136570460267,False
3108,LEGEND BANK N A,2024-06-30,990.302,0.0,6.082417351218014,False
3108,LEGEND BANK N A,2024-09-30,1002.719,0.0,4.384126220060111,False
3109,BRADY NATIONAL BANK,2024-03-31,136.192,9.06,1.0891630241460832,False
3109,BRADY NATIONAL BANK,2024-06-30,127.132,0.0,1.0281296640990365,False
3109,BRADY NATIONAL BANK,2024-09-30,130.575,0.0,0.7611172094900209,False
3110,COMMERCIAL NB OF BRADY,2024-03-31,243.186,0.0,1.2165493084938532,False
3110,COMMERCIAL NB OF BRADY,2024-06-30,288.273,6.994,2.478205183418792,False
3110,COMMERCIAL NB OF BRADY,2024-09-30,281.279,0.0,1.4083380903138383,False
3113,BRENHAM NATIONAL BANK,2024-03-31,441.81,3.336,2.8968673747827807,False
3113,BRENHAM NATIONAL BANK,2024-06-30,438.474,0.0,3.626086937861543,False
3113,BRENHAM NATIONAL BANK,2024-09-30,455.056,2.395,2.837223217584308,False
3121,FIRST BANK,2024-03-31,540.994,0.0,2.59829871064883,False
3121,FIRST BANK,2024-06-30,549.214,0.0,3.5008413445653535,False
3121,FIRST BANK,2024-09-30,554.438,11.219,2.438237556868963,False
3126,CLASSIC BANK NATIONAL ASSN,2024-03-31,617.281,19.308,2.7711643450203254,False
3126,CLASSIC BANK NATIONAL ASSN,2024-06-30,597.973,4.683,3.530906075793978,False
3126,CLASSIC BANK NATIONAL ASSN,2024-09-30,593.29,0.0,2.3997678159536444,False
3127,CITIZENS NATIONAL BANK,2024-03-31,545.457,8.151,3.0479152241359793,False
3127,CITIZENS NATIONAL BANK,2024-06-30,537.306,0.0,3.9620501442437153,False
3127,CITIZENS NATIONAL BANK,2024-09-30,545.009,0.0,3.1311676136231004,False
3133,FIRST BANK OF CELESTE,2024-03-31,73.333,2.032,0.8629533651640918,False
3133,FIRST BANK OF CELESTE,2024-06-30,71.301,0.0,0.9996147506476212,False
3133,FIRST BANK OF CELESTE,2024-09-30,72.583,0.0,0.8095115744755853,False
3140,CITIZENS BANK,2024-03-31,209.967,0.842,1.5472900137512902,False
3140,CITIZENS BANK,2024-06-30,209.125,0.0,1.9300789079427367,False
3140,CITIZENS BANK,2024-09-30,214.406,0.0,1.4311880696213777,False
3144,CITY NB OF COLORADO CITY,2024-03-31,225.2,0.0,1.9971285589864707,False
3144,CITY NB OF COLORADO CITY,2024-06-30,226.612,0.0,2.678683465203201,False
3144,CITY NB OF COLORADO CITY,2024-09-30,231.359,0.0,1.788032953972489,False
3149,FIRST NB IN COOPER,2024-03-31,48.078,1.411,0.1761679678730803,False
3149,FIRST NB IN COOPER,2024-06-30,46.667,2.416,0.24463663766161917,False
3149,FIRST NB IN COOPER,2024-09-30,44.251,0.0,0.15891537522973287,False
3158,CITIZENS NB OF CROSBYTON,2024-03-31,56.734,3.659,1.9131759288626655,False
3158,CITIZENS NB OF CROSBYTON,2024-06-30,53.075,0.0,1.872689590669731,False
3158,CITIZENS NB OF CROSBYTON,2024-09-30,53.792,0.0,1.4649393880706882,False
3161,TEXAS HERITAGE NATIONAL BANK,2024-03-31,553.092,0.0,2.3632031716473567,False
3161,TEXAS HERITAGE NATIONAL BANK,2024-06-30,612.114,0.0,3.4737009072362968,False
3161,TEXAS HERITAGE NATIONAL BANK,2024-09-30,749.856,21.375,3.091893253896328,False
3170,FARMERS&MERCHANTS BANK,2024-03-31,141.509,0.532,0.90798794113937,False
3170,FARMERS&MERCHANTS BANK,2024-06-30,140.977,0.0,1.2347863024139376,False
3170,FARMERS&MERCHANTS BANK,2024-09-30,145.341,0.0,0.9861282258158682,False
3178,BANK OF HOUSTON,2024-03-31,532.379,0.0,2.581252631639861,False
3178,BANK OF HOUSTON,2024-06-30,606.953,29.713,4.696687821154509,False
3178,BANK OF HOUSTON,2024-09-30,577.24,0.0,2.6603961044811157,False
3179,FIRST NB OF EAGLE LAKE,2024-03-31,131.298,2.111,0.8628896572168127,False
3179,FIRST NB OF EAGLE LAKE,2024-06-30,129.187,0.0,1.1153849493811474,False
3179,FIRST NB OF EAGLE LAKE,2024-09-30,144.938,5.803,1.3195024418836674,False
3182,MAPLEMARK BANK,2024-03-31,986.321,56.435,4.54796555629353,False
3182,MAPLEMARK BANK,2024-06-30,929.886,2.835,5.676500302052408,False
3182,MAPLEMARK BANK,2024-09-30,927.051,72.403,4.416581793295644,False
3183,NEWFIRST NATIONAL BANK,2024-03-31,805.512,0.0,5.089018071932593,False
3183,NEWFIRST NATIONAL BANK,2024-06-30,806.52,14.106,6.479322989034019,False
3183,NEWFIRST NATIONAL BANK,2024-09-30,792.414,0.0,4.188121705904944,False
3184,FIRST NB OF ELDORADO,2024-03-31,81.833,2.927,0.32081487295903105,False
3184,FIRST NB OF ELDORADO,2024-06-30,78.906,0.0,0.41277246302014176,False
3184,FIRST NB OF ELDORADO,2024-09-30,79.384,0.0,0.31811146966886455,False
3190,FIRST NATIONAL BANK OF EVANT,2024-03-31,149.726,0.0,0.9236700268973717,False
3190,FIRST NATIONAL BANK OF EVANT,2024-06-30,155.954,0.0,1.497347748497794,False
3190,FIRST NATIONAL BANK OF EVANT,2024-09-30,161.383,0.0,1.2233872218987472,False
3193,FALLS CITY NATIONAL BANK,2024-03-31,490.365,2.249,5.700077100706692,False
3193,FALLS CITY NATIONAL BANK,2024-06-30,488.116,0.0,7.033225193727592,False
3193,FALLS CITY NATIONAL BANK,2024-09-30,488.543,0.0,5.46298673775629,False
3195,FAYETTEVILLE BANK,2024-03-31,656.366,5.169,8.519642304273047,False
3195,FAYETTEVILLE BANK,2024-06-30,651.197,12.172,10.484215538141257,False
3195,FAYETTEVILLE BANK,2024-09-30,639.025,0.0,8.069632684374126,False
3197,FIRST TEXAS NATIONAL BANK,2024-03-31,131.802,0.755,0.829337949268118,False
3197,FIRST TEXAS NATIONAL BANK,2024-06-30,131.047,0.0,0.8795227374425976,False
3197,FIRST TEXAS NATIONAL BANK,2024-09-30,148.773,0.0,0.7121462909061417,False
3206,TEXAS GULF BANK NA,2024-03-31,607.795,0.0,2.941445486643522,False
3206,TEXAS GULF BANK NA,2024-06-30,618.715,0.0,4.0755256465982725,False
3206,TEXAS GULF BANK NA,2024-09-30,629.257,15.473,3.1395925752344045,False
3210,MOODY NATIONAL BANK,2024-03-31,1426.749,28.116,5.982529371122684,False
3210,MOODY NATIONAL BANK,2024-06-30,1398.633,0.0,7.8056236682225695,False
3210,MOODY NATIONAL BANK,2024-09-30,1490.165,46.792,6.377718923474576,False
3217,FIRST NB OF GIDDINGS,2024-03-31,278.038,0.0,1.6468677274771453,False
3217,FIRST NB OF GIDDINGS,2024-06-30,283.545,0.0,2.0290967994930997,False
3217,FIRST NB OF GIDDINGS,2024-09-30,286.16,0.0,1.5428095479323078,False
3218,FIRST NB OF EAST TEXAS,2024-03-31,487.811,0.0,2.566095527321146,False
3218,FIRST NB OF EAST TEXAS,2024-06-30,488.7,0.0,3.415071586730541,False
3218,FIRST NB OF EAST TEXAS,2024-09-30,503.995,0.0,2.4141783830883616,False
3219,GILMER NB GILMER TEXAS,2024-03-31,285.225,0.0,1.601262612489266,False
3219,GILMER NB GILMER TEXAS,2024-06-30,303.238,0.0,2.1694569966668746,False
3219,GILMER NB GILMER TEXAS,2024-09-30,318.463,0.0,1.6302355134245814,False
3225,TITAN BANK N A,2024-03-31,539.072,14.489,6.679130614534351,False
3225,TITAN BANK N A,2024-06-30,524.583,0.0,7.5985712908173655,False
3225,TITAN BANK N A,2024-09-30,615.053,196.035,7.871157625574804,False
3226,CIERA BANK,2024-03-31,787.183,10.962,6.221619809602426,False
3226,CIERA BANK,2024-06-30,776.221,0.0,7.121845874608181,False
3226,CIERA BANK,2024-09-30,807.822,5.941,5.489429410652604,False
3228,FIRST NB OF GRANBURY,2024-03-31,820.551,21.913,5.079786985603164,False
3228,FIRST NB OF GRANBURY,2024-06-30,798.638,0.0,6.344117027244152,False
3228,FIRST NB OF GRANBURY,2024-09-30,807.14,0.0,4.578649535184367,False
3230,GRANDVIEW BANK,2024-03-31,548.8,0.0,3.8709732010631406,False
3230,GRANDVIEW BANK,2024-06-30,579.759,0.0,5.650702304553849,False
3230,GRANDVIEW BANK,2024-09-30,584.517,0.0,4.106450852987105,False
3232,GRANGER NATIONAL BANK,2024-03-31,44.547,6.861,0.8187977794875883,False
3232,GRANGER NATIONAL BANK,2024-06-30,37.686,0.0,0.5044970474861298,False
3232,GRANGER NATIONAL BANK,2024-09-30,40.67,0.0,0.3294827310373721,False
3237,STATE NATIONAL BANK OF GROOM,2024-03-31,33.562,0.0,0.03881701340356135,False
3237,STATE NATIONAL BANK,2024-06-30,34.752,0.0,0.07164189538356325,False
3237,STATE NATIONAL BANK,2024-09-30,36.028,0.0,0.07692308627468383,False
3248,FIRST NB OF HEBBRONVILLE,2024-03-31,74.947,2.84,0.4493205073460463,False
3248,FIRST NB OF HEBBRONVILLE,2024-06-30,72.107,1.471,0.578672454916267,False
3248,FIRST NB OF HEBBRONVILLE,2024-09-30,70.636,0.0,0.427933654685315,False
3250,VERABANK NATIONAL ASSN,2024-03-31,3654.69,11.635,15.838518848806986,True
3250,VERABANK NATIONAL ASSN,2024-06-30,3643.055,0.0,20.588154736145512,True
3250,VERABANK NATIONAL ASSN,2024-09-30,3778.164,0.0,16.450807184403214,True
3255,CITIZENS NB OF HILLSBORO,2024-03-31,197.76,0.0,1.7929040824472458,False
3255,CITIZENS NB OF HILLSBORO,2024-06-30,202.517,0.0,2.4869003878545195,False
3255,CITIZENS NB OF HILLSBORO,2024-09-30,204.723,0.0,1.9238350172496181,False
3256,HORIZON BANK SSB,2024-03-31,1986.697,0.0,9.339957055356585,False
3256,HORIZON BANK SSB,2024-06-30,2051.092,0.0,12.847467063458415,False
3256,HORIZON BANK SSB,2024-09-30,2098.717,0.0,9.191076180408333,False
3268,FIRST NB OF HUGHES SPRINGS,2024-03-31,289.492,16.031,2.033668526330515,False
3268,FIRST NB OF HUGHES SPRINGS,2024-06-30,273.461,9.938,2.234349736492045,False
3268,FIRST NB OF HUGHES SPRINGS,2024-09-30,263.523,0.0,1.3576747656224017,False
3269,FIRST NB OF HUNTSVILLE,2024-03-31,469.479,15.523,3.0293872015064816,False
3269,FIRST NB OF HUNTSVILLE,2024-06-30,453.956,0.0,3.7271340508985236,False
3269,FIRST NB OF HUNTSVILLE,2024-09-30,455.774,0.0,2.709462303804534,False
3275,JACKSBORO NATIONAL BANK,2024-03-31,267.848,8.285,1.9428776013986986,False
3275,JACKSBORO NATIONAL BANK,2024-06-30,259.563,3.047,2.2184180667802513,False
3275,JACKSBORO NATIONAL BANK,2024-09-30,256.516,0.0,1.7187644030911708,False
3276,AUSTIN BANK TEXAS NA,2024-03-31,2390.745,12.936,8.837975967280617,False
3276,AUSTIN BANK TEXAS NA,2024-06-30,2377.809,0.0,11.517409717516237,False
3276,AUSTIN BANK TEXAS NA,2024-09-30,2460.059,0.0,8.367397980664508,False
3279,KARNES CNTY NB OF KARNES CTY,2024-03-31,429.288,0.0,3.2765647012811865,False
3279,KARNES CNTY NB OF KARNES CTY,2024-06-30,446.04,11.249,4.481318663724478,False
3279,KARNES CNTY NB OF KARNES CTY,2024-09-30,434.791,0.0,3.2055411211983222,False
3285,FIRST NATIONAL BANK TEXAS,2024-03-31,3708.264,17.471,23.187807120244056,True
3285,FIRST NATIONAL BANK TEXAS,2024-06-30,3690.793,72.943,29.38371495555667,True
3285,FIRST NATIONAL BANK TEXAS,2024-09-30,3617.85,4.112,19.318518776127778,True
3286,KLEBERG BANK N A,2024-03-31,655.899,26.056,4.453845060003693,False
3286,KLEBERG BANK N A,2024-06-30,629.843,8.222,4.723500590152691,False
3286,KLEBERG BANK N A,2024-09-30,621.621,9.022,3.2323601640032096,False
3289,NATIONAL BANK&TRUST,2024-03-31,176.943,1.138,1.0939646066025956,False
3289,NATIONAL BANK&TRUST,2024-06-30,175.805,0.0,1.5003561762715774,False
3289,NATIONAL BANK&TRUST,2024-09-30,179.119,0.0,1.1103236276075423,False
3292,LAMESA NATIONAL BANK,2024-03-31,362.759,16.895,3.3714077938304134,False
3292,LAMESA NATIONAL BANK,2024-06-30,345.864,0.0,3.5946849888120616,False
3292,LAMESA NATIONAL BANK,2024-09-30,352.03,0.0,2.713219459118811,False
3293,FIRST TEXAS BANK,2024-03-31,185.55,0.0,1.58378590440703,False
3293,FIRST TEXAS BANK,2024-06-30,187.536,0.0,2.0684857494803452,False
3293,FIRST TEXAS BANK,2024-09-30,192.817,0.0,1.624496744524738,False
3301,FIRST LIBERTY BANK,2024-03-31,403.372,0.0,2.3325110688787576,False
3301,FIRST LIBERTY BANK,2024-06-30,419.157,9.413,3.707750666712636,False
3301,FIRST LIBERTY BANK,2024-09-30,409.744,0.0,2.335803229710127,False
3302,TEXANA BANK NATIONAL ASSN,2024-03-31,233.479,0.0,0.9965744145944202,False
3302,TEXANA BANK NATIONAL ASSN,2024-06-30,241.213,0.0,1.444524319460635,False
3302,TEXANA BANK NATIONAL ASSN,2024-09-30,245.868,0.0,1.0114229143658133,False
3303,FIRST NATIONAL BANK OF LIPAN,2024-03-31,24.399,0.185,0.16940933886687212,False
3303,FIRST NATIONAL BANK OF LIPAN,2024-06-30,24.214,0.051,0.26280041295122186,False
3303,FIRST NATIONAL BANK OF LIPAN,2024-09-30,24.163,0.0,0.23063279714972382,False
3305,FIRST NB OF LIVINGSTON,2024-03-31,409.609,9.664,2.7798148539979626,False
3305,FIRST NB OF LIVINGSTON,2024-06-30,399.945,3.634,3.5441782822772034,False
3305,FIRST NB OF LIVINGSTON,2024-09-30,396.311,1.38,2.456759603199488,False
3320,BIG BEND BANKS N A,2024-03-31,135.089,0.0,1.2707764775223214,False
3320,BIG BEND BANKS N A,2024-06-30,138.825,2.797,1.8201614566886228,False
3320,BIG BEND BANKS N A,2024-09-30,136.028,0.0,1.371473053638792,False
3325,FIRST NB OF CENTRAL TEXAS,2024-03-31,1286.938,0.0,7.630119844809851,False
3325,FIRST NB OF CENTRAL TEXAS,2024-06-30,1315.642,0.0,9.895778854108652,False
3325,FIRST NB OF CENTRAL TEXAS,2024-09-30,1376.957,19.55,7.324546859768034,False
3327,MASON BANK,2024-03-31,118.804,1.076,0.6822342550361635,False
3327,MASON BANK,2024-06-30,117.728,0.871,0.9434103647505295,False
3327,MASON BANK,2024-09-30,116.857,0.0,0.672493648734505,False
3330,FIRST NB OF MCGREGOR,2024-03-31,800.149,0.0,4.483702513210894,False
3330,FIRST NB OF MCGREGOR,2024-06-30,808.282,0.0,5.642860532592041,False
3330,FIRST NB OF MCGREGOR,2024-09-30,853.641,0.0,4.2381697723168985,False
3335,FIRST BANK&TRUST OF MEMPHIS,2024-03-31,62.703,4.837,0.2263320462003897,False
3335,FIRST BANK&TRUST OF MEMPHIS,2024-06-30,57.866,2.881,0.2722573828971802,False
3335,FIRST BANK&TRUST OF MEMPHIS,2024-09-30,54.985,0.0,0.18371303959624194,False
3336,MENARD BANK,2024-03-31,80.644,5.316,0.8863728894429312,False
3336,MENARD BANK,2024-06-30,75.328,0.0,0.9096139372211199,False
3336,MENARD BANK,2024-09-30,79.919,0.005,0.8383144158489799,False
3337,TEXAS NATIONAL BANK,2024-03-31,675.298,0.0,4.139115319982728,False
3337,TEXAS NATIONAL BANK,2024-06-30,727.831,0.0,5.849326405264178,False
3337,TEXAS NATIONAL BANK,2024-09-30,767.4,0.0,4.07886110680794,False
3339,FIRST NB OF MERTZON,2024-03-31,445.793,2.068,6.138099077015668,False
3339,FIRST NB OF MERTZON,2024-06-30,443.725,0.0,8.167487047744878,False
3339,FIRST NB OF MERTZON,2024-09-30,457.189,0.0,7.17488003847496,False
3342,INCOMMONS BANK N A,2024-03-31,218.956,0.0,1.1600397840123704,False
3342,INCOMMONS BANK N A,2024-06-30,220.269,4.75,1.6736844618309874,False
3342,INCOMMONS BANK N A,2024-09-30,215.519,0.0,1.3247578496722863,False
3351,FIRST NATIONAL BANK OF MOODY,2024-03-31,56.203,14.319,0.7900141873522548,False
3351,FIRST NATIONAL BANK OF MOODY,2024-06-30,41.884,0.334,0.3514329190947059,False
3351,FIRST NATIONAL BANK OF MOODY,2024-09-30,41.55,0.0,0.3077193384329494,False
3368,NORMANGEE STATE BANK,2024-03-31,124.838,0.0,0.7306166983474847,False
3368,NORMANGEE STATE BANK,2024-06-30,130.016,3.366,1.1478104157932456,False
3368,NORMANGEE STATE BANK,2024-09-30,126.65,0.0,0.7742296005321369,False
3376,OZONA BANK,2024-03-31,285.225,0.0,2.681511940738748,False
3376,OZONA BANK,2024-06-30,285.81,0.0,3.677329730158064,False
3376,OZONA BANK,2024-09-30,285.879,7.813,2.47359022254825,False
3384,LIBERTY NB IN PARIS,2024-03-31,383.283,7.562,2.093514069559962,False
3384,LIBERTY NB IN PARIS,2024-06-30,375.721,4.369,2.486273659984981,False
3384,LIBERTY NB IN PARIS,2024-09-30,371.352,0.0,1.7817688613139677,False
3387,FIRSTBANK SOUTHWEST,2024-03-31,1556.026,46.383,6.946322458574831,False
3387,FIRSTBANK SOUTHWEST,2024-06-30,1509.643,0.0,8.320092846418241,False
3387,FIRSTBANK SOUTHWEST,2024-09-30,1566.382,0.0,6.923431353811546,False
3388,PERRYTON NATIONAL BANK,2024-03-31,166.364,6.426,1.0980148842898558,False
3388,PERRYTON NATIONAL BANK,2024-06-30,159.938,5.036,1.3777252967366862,False
3388,PERRYTON NATIONAL BANK,2024-09-30,154.902,0.0,0.908828114936433,False
3389,POINTBANK,2024-03-31,998.831,36.411,6.243575253696503,False
3389,POINTBANK,2024-06-30,962.42,34.75,7.441892024868622,False
3389,POINTBANK,2024-09-30,927.67,0.0,4.993314768827626,False
3399,FIRST CAPITAL BANK,2024-03-31,77.018,0.0,0.23587739710315048,False
3399,FIRST CAPITAL BANK,2024-06-30,88.674,3.631,0.5187917534841064,False
3399,FIRST CAPITAL BANK,2024-09-30,85.043,0.0,0.3361811297661763,False
3400,TEXAS REPUBLIC BANK NA,2024-03-31,347.987,0.0,2.049474419549198,False
3400,TEXAS REPUBLIC BANK NA,2024-06-30,363.522,0.0,2.778940342605783,False
3400,TEXAS REPUBLIC BANK NA,2024-09-30,373.619,3.955,2.1426714102107938,False
3401,FIRST NB OF QUITAQUE,2024-03-31,127.101,5.13,2.460944983903975,False
3401,FIRST NB OF QUITAQUE,2024-06-30,121.971,0.286,2.43383410782657,False
3401,FIRST NB OF QUITAQUE,2024-09-30,121.685,0.0,1.6257864047837114,False
3405,VANTAGE BANK TEXAS,2024-03-31,3648.776,0.0,17.784523424491297,True
3405,VANTAGE BANK TEXAS,2024-06-30,3820.259,0.0,26.85834183258289,True
3405,VANTAGE BANK TEXAS,2024-09-30,3990.425,0.0,20.42378692487012,True
3430,WESTAMERICA BANK,2024-03-31,5358.036,223.65,33.18942634566169,True
3430,WESTAMERICA BANK,2024-06-30,5134.386,65.451,41.80115356163808,True
3430,WESTAMERICA BANK,2024-09-30,5068.935,54.404,30.868424885697113,True
3440,FIRST NORTHERN BANK OF DIXON,2024-03-31,1710.433,0.0,9.733160314060362,False
3440,FIRST NORTHERN BANK OF DIXON,2024-06-30,1710.49,0.0,12.740103842471921,False
3440,FIRST NORTHERN BANK OF DIXON,2024-09-30,1734.045,32.859,9.138258844287268,False
3510,BANK OF AMERICA NA,2024-03-31,1929388.0,27619.0,3431.662416247566,True
3510,BANK OF AMERICA NA,2024-06-30,1901769.0,9258.0,4482.686969466971,True
3510,BANK OF AMERICA NA,2024-09-30,1892511.0,0.0,3105.9809953143276,True
3511,WELLS FARGO BANK NA,2024-03-31,1414352.0,11155.0,2621.3671232016927,True
3511,WELLS FARGO BANK NA,2024-06-30,1403197.0,5852.0,3299.622311092942,True
3511,WELLS FARGO BANK NA,2024-09-30,1397345.0,0.0,2204.3652732242363,True
3579,FIRST NB OF MOUNT DORA,2024-03-31,363.037,33.841,3.070567622259729,False
3579,FIRST NB OF MOUNT DORA,2024-06-30,329.196,9.708,3.113956150933241,False
3579,FIRST NB OF MOUNT DORA,2024-09-30,319.488,2.603,2.2675773498231515,False
3599,FIRST NB OF ARENZVILLE,2024-03-31,129.367,3.488,0.7783983321812998,False
3599,FIRST NB OF ARENZVILLE,2024-06-30,125.879,0.752,0.9178217780557427,False
3599,FIRST NB OF ARENZVILLE,2024-09-30,125.127,0.0,0.6641130067074696,False
3600,FIRST NB OF ASSUMPTION,2024-03-31,21.326,0.0,0.15512851177446974,False
3600,FIRST NB OF ASSUMPTION,2024-06-30,21.704,0.0,0.28204930266494305,False
3600,FIRST NB OF ASSUMPTION,2024-09-30,22.155,1.42,0.21761700287975105,False
3601,ATLANTA NATIONAL BANK,2024-03-31,60.61,0.0,0.3585183354399231,False
3601,ATLANTA NATIONAL BANK,2024-06-30,62.246,0.312,0.5212104519121764,False
3601,ATLANTA NATIONAL BANK,2024-09-30,61.934,0.0,0.3692642833926689,False
3603,OLD SECOND NATIONAL BANK,2024-03-31,4641.368,88.909,15.692641944497186,True
3603,OLD SECOND NATIONAL BANK,2024-06-30,4552.459,34.431,20.93787774160029,True
3603,OLD SECOND NATIONAL BANK,2024-09-30,4518.028,0.0,14.286424266546087,True
3607,FIRST NB OF BEARDSTOWN,2024-03-31,153.64,2.945,1.2638874157959459,False
3607,FIRST NB OF BEARDSTOWN,2024-06-30,150.695,9.058,1.617300088036774,False
3612,MIDAMERICA NATIONAL BANK,2024-03-31,548.231,0.0,2.738946308713347,False
3612,MIDAMERICA NATIONAL BANK,2024-06-30,575.853,7.961,4.078516363198453,False
3612,MIDAMERICA NATIONAL BANK,2024-09-30,567.892,6.963,2.7033421691583746,False
3614,CASEY STATE BANK,2024-03-31,427.321,0.0,1.9310112635892396,False
3614,CASEY STATE BANK,2024-06-30,439.685,1.771,2.9365958513122137,False
3614,CASEY STATE BANK,2024-09-30,437.914,6.086,2.0513211665358306,False
3639,FIRST NATIONAL BANK&TRUST CO,2024-03-31,377.195,0.0,3.058910953892011,False
3639,FIRST NATIONAL BANK&TRUST CO,2024-06-30,380.076,0.0,3.898912109348803,False
3639,FIRST NATIONAL BANK&TRUST CO,2024-09-30,393.011,10.234,3.1221290024432977,False
3657,FIRST AMERICAN BANK,2024-03-31,4815.573,0.0,22.628971489276267,True
3657,FIRST AMERICAN BANK,2024-06-30,4877.353,0.0,29.116535851548797,True
3657,FIRST AMERICAN BANK,2024-09-30,4991.809,0.0,21.748692463878307,True
3661,UNION NB&T CO OF ELGIN,2024-03-31,319.82,6.855,1.6612688260141868,False
3661,UNION NB&T CO OF ELGIN,2024-06-30,312.965,0.0,2.0843175797030993,False
3661,UNION NB&T CO OF ELGIN,2024-09-30,321.261,0.0,1.6272436646396522,False
3664,INB NATIONAL ASSN,2024-03-31,1940.863,0.0,7.498751071670101,False
3664,INB NATIONAL ASSN,2024-06-30,2039.316,0.0,10.588096675955589,False
3664,INB NATIONAL ASSN,2024-09-30,2098.639,0.0,8.05312170932115,False
3674,GRAND RIDGE NATIONAL BANK,2024-03-31,315.997,0.0,2.0328862068700824,False
3674,GRAND RIDGE NATIONAL BANK,2024-06-30,323.513,0.0,2.7161039672901395,False
3674,GRAND RIDGE NATIONAL BANK,2024-09-30,324.186,0.0,1.943140011997389,False
3677,HAVANA NATIONAL BANK,2024-03-31,227.871,0.0,1.229194861171233,False
3677,HAVANA NATIONAL BANK,2024-06-30,237.424,24.673,1.867930269649113,False
3677,HAVANA NATIONAL BANK,2024-09-30,212.751,0.0,1.013037554780831,False
3688,FIRST NATIONAL BANK OF LACON,2024-03-31,77.708,0.0,0.33604440668640156,False
3688,FIRST NATIONAL BANK OF LACON,2024-06-30,92.988,5.528,0.9886232353807312,False
3688,FIRST NATIONAL BANK OF LACON,2024-09-30,87.46,0.0,0.5377703795132853,False
3691,HOMETOWN NATIONAL BANK,2024-03-31,272.306,0.0,1.848040055319487,False
3691,HOMETOWN NATIONAL BANK,2024-06-30,272.548,0.0,2.5522759822219534,False
3691,HOMETOWN NATIONAL BANK,2024-09-30,286.01,1.9,2.1927486721889733,False
3693,LEMONT NATIONAL BANK,2024-03-31,45.036,0.143,0.5791598404161633,False
3693,LEMONT NATIONAL BANK,2024-06-30,44.893,0.904,0.43878611319082633,False
3693,LEMONT NATIONAL BANK,2024-09-30,43.989,0.0,0.3518326423533307,False
3698,FIRST SECURITY BANK,2024-03-31,106.797,2.969,0.5864992646667324,False
3698,FIRST SECURITY BANK,2024-06-30,103.828,0.0,0.6704839755997589,False
3698,FIRST SECURITY BANK,2024-09-30,106.346,0.0,0.4883023233888641,False
3701,RESOURCE BANK NATIONAL ASSN,2024-03-31,710.969,0.0,4.174435676342949,False
3701,RESOURCE BANK NATIONAL ASSN,2024-06-30,730.14,0.0,5.742396189052335,False
3701,RESOURCE BANK NATIONAL ASSN,2024-09-30,752.996,0.0,4.567834575863092,False
3702,FIRST BANK OF MANHATTAN,2024-03-31,222.446,0.0,1.336486799413071,False
3702,FIRST BANK OF MANHATTAN,2024-06-30,233.757,0.0,2.2067996080661927,False
3702,FIRST BANK OF MANHATTAN,2024-09-30,247.022,7.627,1.7791259693184638,False
3705,FIRST MID B&T NA,2024-03-31,6279.773,121.653,21.08328257501406,True
3705,FIRST MID B&T NA,2024-06-30,6158.12,35.744,26.652760853674703,True
3705,FIRST MID B&T NA,2024-09-30,6122.376,22.681,17.665776152839634,True
3711,MIDWEST BANK,2024-03-31,519.091,0.0,2.804328969600984,False
3711,MIDWEST BANK,2024-06-30,532.332,0.0,3.8211615230979254,False
3711,MIDWEST BANK,2024-09-30,533.647,0.0,2.868887465902204,False
3713,GRUNDY BANK,2024-03-31,294.52,0.0,1.9749809530963311,False
3713,GRUNDY BANK,2024-06-30,309.077,0.0,2.9528838857595705,False
3713,GRUNDY BANK,2024-09-30,351.659,51.538,3.0945113967094358,False
3719,AMERICAN COMMERCIAL B&T NA,2024-03-31,1356.876,0.0,5.166721605237789,False
3719,AMERICAN COMMERCIAL B&T NA,2024-06-30,1439.4,0.0,7.531932583280378,False
3719,AMERICAN COMMERCIAL B&T NA,2024-09-30,1484.225,0.0,5.300547836938162,False
3720,FIRST NATIONAL BANK OF PANA,2024-03-31,275.742,0.0,1.4762998845940578,False
3720,FIRST NATIONAL BANK OF PANA,2024-06-30,283.158,0.0,2.1086018956403176,False
3720,FIRST NATIONAL BANK OF PANA,2024-09-30,286.944,0.0,1.4318191983098947,False
3722,PROSPECT BANK,2024-03-31,560.501,18.677,2.8852115170584063,False
3722,PROSPECT BANK,2024-06-30,541.824,0.0,3.6942985110509867,False
3722,PROSPECT BANK,2024-09-30,607.834,6.063,2.953378563243603,False
3732,FARMERS NATIONAL BANK,2024-03-31,594.818,4.061,3.362333118995852,False
3732,FARMERS NATIONAL BANK,2024-06-30,590.757,1.052,4.510632178835641,False
3732,FARMERS NATIONAL BANK,2024-09-30,589.705,0.0,3.357926437984958,False
3745,FIRST CMTY BK MOULTRIE CNTY,2024-03-31,103.089,0.0,0.8175422383179828,False
3745,FIRST CMTY BK MOULTRIE CNTY,2024-06-30,106.235,1.39,1.1643892432506417,False
3745,FIRST CMTY BK MOULTRIE CNTY,2024-09-30,104.845,0.752,0.8298987243102949,False
3747,FIRST NEIGHBOR BANK NA,2024-03-31,500.845,0.0,2.3508018370961254,False
3747,FIRST NEIGHBOR BANK NA,2024-06-30,519.047,4.446,3.2394186973233046,False
3747,FIRST NEIGHBOR BANK NA,2024-09-30,514.601,0.0,2.2653816507764866,False
3749,FIRST NB IN TREMONT,2024-03-31,137.434,0.0,0.6732590332947962,False
3749,FIRST NB IN TREMONT,2024-06-30,145.476,0.0,0.9811289733500813,False
3749,FIRST NB IN TREMONT,2024-09-30,149.341,0.0,0.713887842629797,False
3759,ANNA-JONESBORO NATIONAL BANK,2024-03-31,204.576,1.388,1.4194459631135268,False
3759,ANNA-JONESBORO NATIONAL BANK,2024-06-30,203.188,0.0,1.8568702458155597,False
3759,ANNA-JONESBORO NATIONAL BANK,2024-09-30,208.278,2.568,1.4876923609135193,False
3761,FIRST NATIONAL BANK OF AVA,2024-03-31,66.53,1.24,0.3117552861835416,False
3761,FIRST NATIONAL BANK OF AVA,2024-06-30,65.29,0.0,0.4392725844356843,False
3761,FIRST NATIONAL BANK OF AVA,2024-09-30,66.085,0.0,0.34036051076225443,False
3762,GREAT RIVERS BANK,2024-03-31,141.167,0.779,0.6430774882577579,False
3762,GREAT RIVERS BANK,2024-06-30,140.388,1.023,0.8686541583383312,False
3762,GREAT RIVERS BANK,2024-09-30,139.365,0.0,0.6038474511222873,False
3770,FIRST NB OF BROWNSTOWN,2024-03-31,49.742,0.0,0.3855457240747555,False
3770,FIRST NB OF BROWNSTOWN,2024-06-30,50.306,1.203,0.5086583417488656,False
3770,FIRST NB OF BROWNSTOWN,2024-09-30,49.103,0.0,0.35374163184564217,False
3775,CNB BANK&TRUST N A,2024-03-31,1453.393,2.157,6.695877248418782,False
3775,CNB BANK&TRUST N A,2024-06-30,1451.236,0.0,8.632204117358537,False
3775,CNB BANK&TRUST N A,2024-09-30,1466.326,19.435,6.289353481262541,False
3777,FIRST NATIONAL BANK OF CARMI,2024-03-31,546.149,19.29,3.148234758093217,False
3777,FIRST NATIONAL BANK OF CARMI,2024-06-30,526.859,8.878,3.680559649168787,False
3777,FIRST NATIONAL BANK OF CARMI,2024-09-30,517.981,0.0,2.4672070260955365,False
3787,DIETERICH BANK,2024-03-31,1131.976,0.0,5.586551348663495,False
3787,DIETERICH BANK,2024-06-30,1263.974,87.529,9.989244406546113,False
3787,DIETERICH BANK,2024-09-30,1176.445,20.313,5.96869783226682,False
3792,FAIRFIELD NATIONAL BANK,2024-03-31,426.371,7.637,2.292252596124089,False
3792,FAIRFIELD NATIONAL BANK,2024-06-30,418.734,0.0,2.9796937974589706,False
3792,FAIRFIELD NATIONAL BANK,2024-09-30,419.683,0.0,2.136492553172393,False
3799,BRADFORD NB OF GREENVILLE,2024-03-31,496.443,10.139,3.4936584388661474,False
3799,BRADFORD NB OF GREENVILLE,2024-06-30,486.304,0.0,4.262118367360133,False
3799,BRADFORD NB OF GREENVILLE,2024-09-30,515.606,0.42,3.2443409515853974,False
3805,KINMUNDY BANK,2024-03-31,56.962,0.384,0.158867459425779,False
3805,KINMUNDY BANK,2024-06-30,56.578,0.0,0.2530261877017522,False
3805,KINMUNDY BANK,2024-09-30,57.229,1.268,0.20080059425787916,False
3807,FIRST NB OF LITCHFIELD,2024-03-31,115.125,7.292,0.5210210191458281,False
3807,FIRST NB OF LITCHFIELD,2024-06-30,107.833,2.211,0.6206772791679542,False
3807,FIRST NB OF LITCHFIELD,2024-09-30,105.622,0.0,0.4251612455730517,False
3808,LITCHFIELD NATIONAL BANK,2024-03-31,119.215,5.398,0.803802242737339,False
3808,LITCHFIELD NATIONAL BANK,2024-06-30,113.817,1.412,0.9409738877546585,False
3808,LITCHFIELD NATIONAL BANK,2024-09-30,112.405,0.0,0.6257900037642763,False
3809,PEOPLES NATIONAL BANK N A,2024-03-31,1519.715,0.0,5.443124157940366,False
3809,PEOPLES NATIONAL BANK N A,2024-06-30,1542.493,0.0,7.421412233343579,False
3809,PEOPLES NATIONAL BANK N A,2024-09-30,1628.215,0.0,5.328118619196952,False
3814,CITY NB OF METROPOLIS,2024-03-31,349.396,0.0,2.242087448203103,False
3814,CITY NB OF METROPOLIS,2024-06-30,349.5,0.0,2.986257115636481,False
3814,CITY NB OF METROPOLIS,2024-09-30,351.443,3.745,2.2820384631079063,False
3818,FIRST B&T CO OF MURPHYSBORO,2024-03-31,85.081,0.525,0.4266908563375855,False
3818,FIRST B&T CO OF MURPHYSBORO,2024-06-30,84.556,3.094,0.611411049959703,False
3818,FIRST B&T CO OF MURPHYSBORO,2024-09-30,81.462,4.081,0.4075412358950388,False
3821,FARMERS&MERCHANTS NB NASHVIL,2024-03-31,221.384,0.0,1.1849520294764406,False
3821,FARMERS&MERCHANTS NB NASHVIL,2024-06-30,226.556,0.0,1.7995886212449124,False
3821,FARMERS&MERCHANTS NB NASHVIL,2024-09-30,247.841,10.285,1.5687972241556176,False
3826,FIRST NB OF OKAWVILLE,2024-03-31,63.434,2.605,0.37025521526945554,False
3826,FIRST NB OF OKAWVILLE,2024-06-30,60.829,5.916,0.469517876168975,False
3826,FIRST NB OF OKAWVILLE,2024-09-30,54.913,0.0,0.31819209774478124,False
3827,OLD EXCHANGE NB OF OKAWVILLE,2024-03-31,71.854,0.78,0.4397136564861653,False
3827,OLD EXCHANGE NB OF OKAWVILLE,2024-06-30,71.074,0.0,0.5802863692336,False
3827,OLD EXCHANGE NB OF OKAWVILLE,2024-09-30,74.183,0.0,0.5109935623225486,False
3830,FIRST NB OF RAYMOND,2024-03-31,159.134,4.084,1.0106046944541351,False
3830,FIRST NB OF RAYMOND,2024-06-30,155.05,0.0,1.3272983976371977,False
3830,FIRST NB OF RAYMOND,2024-09-30,157.482,2.188,0.991267188609648,False
3832,OLD NATIONAL BANK,2024-03-31,38020.718,0.0,89.65454920475666,True
3832,OLD NATIONAL BANK,2024-06-30,40443.363,0.0,127.29584356178607,True
3832,OLD NATIONAL BANK,2024-09-30,41127.369,0.0,88.58778950667086,True
3834,MIDWEST NATIONAL BANK,2024-03-31,79.113,0.0,0.35008229929755613,False
3834,MIDWEST NATIONAL BANK,2024-06-30,80.734,0.0,0.4578709725072499,False
3834,MIDWEST NATIONAL BANK,2024-09-30,86.098,0.0,0.3671785303152081,False
3837,FIRST NB OF SPARTA,2024-03-31,90.29,5.146,0.6610037075729663,False
3837,FIRST NB OF SPARTA,2024-06-30,85.144,0.0,0.8200797061339976,False
3837,FIRST NB OF SPARTA,2024-09-30,86.368,0.0,0.6288811223355458,False
3840,FNB COMMUNITY BANK,2024-03-31,411.888,0.0,2.5513281979516123,False
3840,FNB COMMUNITY BANK,2024-06-30,421.025,6.723,3.4286399152648803,False
3840,FNB COMMUNITY BANK,2024-09-30,414.302,0.0,2.3169472035491503,False
3842,FIRST NB OF WATERLOO,2024-03-31,771.694,7.133,4.203663947559887,False
3842,FIRST NB OF WATERLOO,2024-06-30,764.561,0.0,5.443988293485842,False
3842,FIRST NB OF WATERLOO,2024-09-30,770.907,0.0,3.946719798075377,False
3846,COMMUNITY 1ST BK HEARTLAND,2024-03-31,230.216,6.35,1.2058828947586782,False
3846,COMMUNITY 1ST BK HEARTLAND,2024-06-30,223.866,3.458,1.456929392452408,False
3846,COMMUNITY 1ST BK HEARTLAND,2024-09-30,220.408,0.0,1.0126883532219562,False
3850,FIRST CMTY BANK XENIA-FLORA,2024-03-31,49.445,0.211,0.1866615141109671,False
3850,FIRST CMTY BANK XENIA-FLORA,2024-06-30,49.234,0.0,0.26151162455914906,False
3850,FIRST CMTY BANK XENIA-FLORA,2024-09-30,49.821,1.722,0.2190303417614067,False
3854,BANK OF 1889,2024-03-31,253.202,0.0,1.2893082889963063,False
3854,BANK OF 1889,2024-06-30,263.573,5.429,1.7455463016085289,False
3854,BANK OF 1889,2024-09-30,258.144,0.0,1.1454281467240182,False
3863,FIRST NB OF EASTERN ARKANSAS,2024-03-31,495.338,7.805,3.588674653204173,False
3863,FIRST NB OF EASTERN ARKANSAS,2024-06-30,487.533,0.0,3.951043673727238,False
3863,FIRST NB OF EASTERN ARKANSAS,2024-09-30,488.065,0.0,2.625989001041885,False
3864,FIRST NB OF FORT SMITH,2024-03-31,1847.42,0.0,8.102216865568458,False
3864,FIRST NB OF FORT SMITH,2024-06-30,1853.669,4.029,10.65880808829107,False
3864,FIRST NB OF FORT SMITH,2024-09-30,1849.64,0.0,7.395450525089551,False
3869,ANSTAFF BANK,2024-03-31,912.005,0.0,4.112116291224832,False
3869,ANSTAFF BANK,2024-06-30,920.424,0.0,5.579078606546756,False
3869,ANSTAFF BANK,2024-09-30,956.395,0.0,4.090927899558816,False
3873,EAGLE BANK&TRUST CO,2024-03-31,414.204,0.0,2.6474579721400793,False
3873,EAGLE BANK&TRUST CO,2024-06-30,420.379,7.972,3.5433774385230596,False
3873,EAGLE BANK&TRUST CO,2024-09-30,412.407,0.0,2.484041910514651,False
3887,FIRST NATIONAL BANK,2024-03-31,2011.439,37.781,8.320929673617332,False
3887,FIRST NATIONAL BANK,2024-06-30,1973.658,0.0,10.325597898603693,False
3887,FIRST NATIONAL BANK,2024-09-30,2020.583,0.0,7.360553091796445,False
3890,SIMMONS BANK,2024-03-31,22508.765,387.324,61.083965888567754,True
3890,SIMMONS BANK,2024-06-30,22121.441,0.0,80.24518959480325,True
3890,SIMMONS BANK,2024-09-30,22227.733,55.015,55.14869631571243,True
3896,FIRST NB LAWRENCE CNTY WALNU,2024-03-31,268.253,3.14,2.111159755996022,False
3896,FIRST NB LAWRENCE CNTY WALNU,2024-06-30,265.113,0.783,2.6148900410031097,False
3896,FIRST NB OF COMMERCE,2024-09-30,264.33,0.0,1.8545166403339601,False
3902,FIRST NB&T CO OF BOTTINEAU,2024-03-31,145.974,4.312,1.0661351528234293,False
3902,FIRST NB&T CO OF BOTTINEAU,2024-06-30,141.662,9.915,1.1796015567198643,False
3902,FIRST NB&T CO OF BOTTINEAU,2024-09-30,131.747,0.0,0.686539745441071,False
3919,HEARTLAND STATE BANK,2024-03-31,59.134,1.478,0.3257132834151387,False
3919,HEARTLAND STATE BANK,2024-06-30,57.656,1.363,0.3805896181926161,False
3919,HEARTLAND STATE BANK,2024-09-30,56.293,0.0,0.2568161406718954,False
3931,ALERUS FINANCIAL NA,2024-03-31,3353.461,0.0,16.345186909288724,True
3931,ALERUS FINANCIAL NA,2024-06-30,3366.799,0.0,20.259972068774537,True
3931,ALERUS FINANCIAL NA,2024-09-30,3391.092,0.0,11.261312955205605,True
3934,ASPIRE BANK,2024-03-31,58.434,0.0,0.13779348174121567,False
3934,ASPIRE BANK,2024-06-30,60.313,2.425,0.22723277351448817,False
3934,ASPIRE BANK,2024-09-30,57.888,4.162,0.16624780371907655,False
3973,FIRST BANK&TRUST,2024-03-31,3924.245,122.254,13.050835108692123,True
3973,FIRST BANK&TRUST,2024-06-30,3801.991,0.0,17.212002318137817,True
3973,FIRST BANK&TRUST,2024-09-30,3916.0,0.0,12.177506168189332,True
3977,DNB NATIONAL BANK,2024-03-31,99.38,1.004,0.7286598251919343,False
3977,DNB NATIONAL BANK,2024-06-30,98.376,0.0,0.957602761358507,False
3977,DNB NATIONAL BANK,2024-09-30,100.05,0.579,0.7776979291912064,False
3985,FIRST NB OF FREDERICK,2024-03-31,24.585,0.0,0.0,False
3985,FIRST NB OF FREDERICK,2024-06-30,25.913,0.0,0.1444765176539028,False
3985,FIRST NB OF FREDERICK,2024-09-30,26.814,0.0,0.11548070122763494,False
3999,FIRST NB IN PHILIP,2024-03-31,317.19,2.326,1.9015779546702214,False
3999,FIRST NB IN PHILIP,2024-06-30,314.864,0.0,2.1183043914319457,False
3999,FIRST NB IN PHILIP,2024-09-30,323.169,0.0,1.6308646774256903,False
4009,BANKWEST INC,2024-03-31,1374.783,0.0,6.217872938528486,False
4009,BANKWEST INC,2024-06-30,1394.107,0.0,8.371715307033453,False
4009,BANKWEST INC,2024-09-30,1517.663,9.628,6.32822203354103,False
4016,FIRST NB IN SIOUX FALLS,2024-03-31,1593.705,57.848,9.113290056313195,False
4016,FIRST NB IN SIOUX FALLS,2024-06-30,1535.857,0.0,8.857126286051662,False
4016,FIRST NB IN SIOUX FALLS,2024-09-30,1545.559,0.0,6.625237520638,False
4028,FIRST DAKOTA NATIONAL BANK,2024-03-31,2639.487,33.107,9.945732561485887,True
4028,FIRST DAKOTA NATIONAL BANK,2024-06-30,2606.38,0.0,12.191004622954292,False
4028,FIRST DAKOTA NATIONAL BANK,2024-09-30,2616.27,0.0,8.678756620507615,False
4029,VISION BANK,2024-03-31,839.558,0.0,4.077756465417487,False
4029,VISION BANK,2024-06-30,852.18,46.266,5.672247057957332,False
4029,VISION BANK,2024-09-30,805.914,4.475,3.6888779375710374,False
4031,FRAZER BANK,2024-03-31,342.224,17.054,1.9260180746586877,False
4031,FRAZER BANK,2024-06-30,325.17,8.085,2.2398009611992906,False
4031,FRAZER BANK,2024-09-30,317.085,0.0,1.5106419358821754,False
4032,NBC OKLAHOMA,2024-03-31,790.936,0.0,4.103691169247141,False
4032,NBC OKLAHOMA,2024-06-30,795.24,1.059,5.266267050186468,False
4032,NBC OKLAHOMA,2024-09-30,794.181,0.0,3.669241542387338,False
4033,BANCCENTRAL NATIONAL ASSN,2024-03-31,272.751,7.101,2.4133974428919647,False
4033,BANCCENTRAL NATIONAL ASSN,2024-06-30,265.65,19.702,3.2682557526267626,False
4033,BANCCENTRAL NATIONAL ASSN,2024-09-30,245.948,0.0,2.757423470756856,False
4037,FIRST NB&T CO OF ARDMORE,2024-03-31,526.011,0.0,2.8209147104455914,False
4037,FIRST NB&T CO OF ARDMORE,2024-06-30,529.025,0.0,3.8430192283186617,False
4037,FIRST NB&T CO OF ARDMORE,2024-09-30,530.385,0.0,2.6943955995514974,False
4041,FIRST SECURITY BANK,2024-03-31,125.235,0.0,0.5878603753418061,False
4041,FIRST SECURITY BANK,2024-06-30,144.286,0.0,1.0343599068394085,False
4041,FIRST SECURITY BANK,2024-09-30,146.964,0.0,0.7418492928351066,False
4042,LEGACY BANK,2024-03-31,533.607,0.0,3.2144568442436148,False
4042,LEGACY BANK,2024-06-30,543.334,4.926,4.745865341335009,False
4042,LEGACY BANK,2024-09-30,538.408,0.0,4.687606141247654,False
4048,SPIRITBANK,2024-03-31,689.74,11.529,3.5902176856724157,False
4048,SPIRITBANK,2024-06-30,678.211,0.0,4.4927519734002495,False
4048,SPIRITBANK,2024-09-30,687.383,15.564,3.27120464576264,False
4049,FIRST ENTERPRISE BANK,2024-03-31,173.564,8.074,0.8522990570495828,False
4049,FIRST ENTERPRISE BANK,2024-06-30,165.49,0.0,1.096689273368561,False
4049,FIRST ENTERPRISE BANK,2024-09-30,173.145,1.971,0.8270786675882597,False
4050,FIRST NB&T CO BROKEN ARROW,2024-03-31,206.765,6.771,1.3445475140767635,False
4050,FIRST NB&T CO BROKEN ARROW,2024-06-30,199.994,0.0,1.6455848331155427,False
4050,FIRST NB&T CO BROKEN ARROW,2024-09-30,200.01,1.914,1.0557209296552075,False
4051,ALLNATIONS BANK,2024-03-31,55.441,0.0,0.24936283199486287,False
4051,ALLNATIONS BANK,2024-06-30,60.943,2.585,0.44835772815576436,False
4051,ALLNATIONS BANK,2024-09-30,58.358,0.0,0.3035774581766892,False
4054,FARMERS BANK,2024-03-31,71.057,0.0,0.23027257641348628,False
4054,FARMERS BANK,2024-06-30,73.661,0.623,0.36765010930109454,False
4054,FARMERS BANK,2024-09-30,73.038,0.0,0.2964329527484198,False
4059,PEOPLES NB OF CHECOTAH,2024-03-31,141.413,1.784,1.1694413753891122,False
4059,PEOPLES NB OF CHECOTAH,2024-06-30,139.629,7.131,1.549512994298803,False
4059,PEOPLES NB OF CHECOTAH,2024-09-30,132.498,0.467,1.0645234223493223,False
4061,ACB BANK,2024-03-31,115.588,2.371,0.4807676580469077,False
4061,ACB BANK,2024-06-30,113.217,3.07,0.6687880870961244,False
4061,ACB BANK,2024-09-30,110.147,0.0,0.4610984253273286,False
4062,FIRST NB&T CO CHICKASHA OK,2024-03-31,894.868,15.367,4.858634222776588,False
4062,FIRST NB&T CO CHICKASHA OK,2024-06-30,879.501,14.978,6.373012852550841,False
4062,FIRST NB&T CO CHICKASHA OK,2024-09-30,864.523,10.329,4.410113949177347,False
4063,MIDFIRST BANK,2024-03-31,24393.478,1384.505,54.30524217433774,True
4063,MIDFIRST BANK,2024-06-30,23008.973,0.0,71.76304634562543,True
4063,MIDFIRST BANK,2024-09-30,24215.89,0.0,51.99431154954742,True
4067,OKLAHOMA BANK&TRUST CO,2024-03-31,164.353,1.706,1.0924932490662216,False
4067,OKLAHOMA BANK&TRUST CO,2024-06-30,162.647,5.12,1.5072822982114502,False
4067,OKLAHOMA BANK&TRUST CO,2024-09-30,157.527,0.0,1.0669707611477084,False
4071,FNB COWETA,2024-03-31,100.986,3.127,0.7360039208332915,False
4071,FNB COWETA,2024-06-30,97.859,0.0,0.9004207674849201,False
4071,FNB COWETA,2024-09-30,99.649,0.0,0.6643304991068407,False
4076,SOUTHWEST BK OF WEATHERFORD,2024-03-31,68.304,1.455,0.47729338655001075,False
4076,SOUTHWEST BK OF WEATHERFORD,2024-06-30,66.849,0.789,0.656374625957822,False
4076,SOUTHWEST BK OF WEATHERFORD,2024-09-30,66.06,1.102,0.49321027666014233,False
4084,CITIZENS BANK OF EDMOND,2024-03-31,339.221,0.0,1.7354100303587308,False
4084,CITIZENS BANK OF EDMOND,2024-06-30,352.968,1.407,2.6393114935816957,False
4084,CITIZENS BANK OF EDMOND,2024-09-30,351.561,7.643,1.7963322033578002,False
4086,FIRST NATIONAL BANK&TRUST,2024-03-31,291.117,3.413,2.2620923576529854,False
4086,FIRST NATIONAL BANK&TRUST,2024-06-30,287.704,2.09,2.7944128887414394,False
4086,FIRST NATIONAL BANK&TRUST,2024-09-30,285.614,0.0,1.9239349197394546,False
4087,BANK OF WESTERN OKLAHOMA,2024-03-31,342.007,0.0,1.6101726418999769,False
4087,BANK OF WESTERN OKLAHOMA,2024-06-30,347.538,3.439,2.3408106652710847,False
4087,BANK OF WESTERN OKLAHOMA,2024-09-30,344.099,0.0,1.5191276426686515,False
4091,STRIDE BANK NATIONAL ASSN,2024-03-31,4284.185,561.84,22.05864101572032,True
4091,STRIDE BANK NATIONAL ASSN,2024-06-30,3722.345,293.168,23.874612219766988,True
4091,STRIDE BANK NATIONAL ASSN,2024-09-30,3429.177,0.0,12.18355728074562,True
4092,FIRST BANK,2024-03-31,90.518,0.737,0.45513767985251363,False
4092,FIRST BANK,2024-06-30,89.781,3.003,0.6318693378797676,False
4092,FIRST BANK,2024-09-30,86.778,0.892,0.45489877828250896,False
4094,BANK OF EUFAULA,2024-03-31,97.333,3.297,0.742340643522023,False
4094,BANK OF EUFAULA,2024-06-30,94.036,4.688,1.0057512593832596,False
4094,BANK OF EUFAULA,2024-09-30,89.348,0.0,0.7400572207242309,False
4097,FARMERS&MERCHANTS NB FAIRVIE,2024-03-31,113.498,6.414,0.792102556636268,False
4097,FARMERS&MERCHANTS NB FAIRVIE,2024-06-30,107.084,3.608,0.9599612484182918,False
4097,FARMERS&MERCHANTS NB FAIRVIE,2024-09-30,103.476,0.0,0.7158564738420281,False
4098,FIRST NB OF FLETCHER,2024-03-31,20.16,0.0,0.016397721474195763,False
4098,FIRST NB OF FLETCHER,2024-06-30,20.209,0.476,0.05143952751465129,False
4098,FIRST NB OF FLETCHER,2024-09-30,19.733,0.212,0.04569750888763923,False
4111,FIRST NATIONAL BANK,2024-03-31,88.109,1.231,0.4719627573859884,False
4111,FIRST NATIONAL BANK,2024-06-30,86.878,0.0,0.5954098659094095,False
4111,FIRST NATIONAL BANK,2024-09-30,88.524,0.0,0.4645203574929624,False
4122,1ST BANK IN HOMINY,2024-03-31,39.607,0.0,0.23990499018698572,False
4122,1ST BANK IN HOMINY,2024-06-30,40.226,0.0,0.3635366225323191,False
4122,1ST BANK IN HOMINY,2024-09-30,44.326,3.653,0.3509948233345557,False
4123,FIRST NB OF HOOKER,2024-03-31,77.413,3.425,0.3038648453420785,False
4123,FIRST NB OF HOOKER,2024-06-30,73.988,0.0,0.3813318793690472,False
4123,FIRST NB OF HOOKER,2024-09-30,74.809,0.0,0.29198229479741417,False
4132,CITY NB&T CO OF LAWTON OK,2024-03-31,372.09,2.257,1.9753346308401913,False
4132,CITY NB&T CO OF LAWTON OK,2024-06-30,369.833,2.465,2.4651678838630446,False
4132,CITY NB&T CO OF LAWTON OK,2024-09-30,367.368,23.553,1.775997125344875,False
4134,FIRST NB OF LINDSAY,2024-03-31,96.645,0.0,0.5824464617291174,False
4134,FIRST NB OF LINDSAY,2024-06-30,97.515,0.0,0.8500213642913969,False
4144,FARMERS&MERCHANTS BANK,2024-03-31,22.378,0.547,0.0,False
4144,FARMERS&MERCHANTS BANK,2024-06-30,21.831,0.0,0.0,False
4144,FARMERS&MERCHANTS BANK,2024-09-30,21.878,1.271,0.0010703978988334034,False
4145,FIRST NB&T CO OF MCALESTER,2024-03-31,489.04,0.0,2.6604647449873258,False
4145,FIRST NB&T CO OF MCALESTER,2024-06-30,491.946,11.319,3.5826199462632595,False
4145,FIRST NB&T CO OF MCALESTER,2024-09-30,480.627,0.385,2.4570820225024637,False
4146,BANK NATIONAL ASSN,2024-03-31,416.626,9.787,2.39567404074564,False
4146,BANK NATIONAL ASSN,2024-06-30,406.839,12.042,3.1078487160990913,False
4146,BANK NATIONAL ASSN,2024-09-30,394.797,0.0,2.1545801542157754,False
4147,BANK 7,2024-03-31,1580.212,98.855,7.528911331735623,False
4147,BANK 7,2024-06-30,1481.357,0.0,9.424682852573804,False
4147,BANK 7,2024-09-30,1524.256,8.745,6.2562619932164605,False
4148,FIRST NB&T CO OF MIAMI,2024-03-31,194.482,8.494,1.592452163323507,False
4148,FIRST NB&T CO OF MIAMI,2024-06-30,185.988,9.865,1.7229684634548712,False
4148,FIRST NB&T CO OF MIAMI,2024-09-30,176.123,0.436,1.1316735719226685,False
4160,REGENT BANK,2024-03-31,1488.028,34.041,7.651338483689602,False
4160,REGENT BANK,2024-06-30,1453.987,0.0,8.064927268040062,False
4160,REGENT BANK,2024-09-30,1524.435,18.159,6.2842429944016835,False
4161,FIRST NB IN OKEENE,2024-03-31,63.087,2.468,0.3730922899283553,False
4161,FIRST NB IN OKEENE,2024-06-30,60.619,0.0,0.49773924434815575,False
4170,FIRST NB&T CO OF OKMULGEE,2024-03-31,260.902,6.302,1.5966884014742304,False
4170,PATRONS BANK NATIONAL ASSN,2024-06-30,254.6,1.278,2.081665573379186,False
4170,PATRONS BANK NATIONAL ASSN,2024-09-30,253.322,3.033,1.4363850582588935,False
4173,PAULS VALLEY NATIONAL BANK,2024-03-31,307.124,0.0,1.9169059588284854,False
4173,PAULS VALLEY NATIONAL BANK,2024-06-30,310.628,8.574,2.5871343325419365,False
4173,PAULS VALLEY NATIONAL BANK,2024-09-30,302.054,2.051,1.72146526833478,False
4178,SECURITY BANK,2024-03-31,746.711,1.236,3.4140222773372173,False
4178,SECURITY BANK,2024-06-30,745.475,0.0,4.534951360590515,False
4178,SECURITY BANK,2024-09-30,756.637,0.0,3.371686584169613,False
4185,FIRST PRYORITY BANK,2024-03-31,397.45,0.0,1.8432642344937904,False
4185,FIRST PRYORITY BANK,2024-06-30,404.641,0.0,2.5653009505569555,False
4185,FIRST PRYORITY BANK,2024-09-30,406.875,0.0,1.809633009760463,False
4187,MCCLAIN BANK,2024-03-31,246.619,6.446,1.609104835631526,False
4187,MCCLAIN BANK,2024-06-30,240.173,0.0,2.1622313046764057,False
4187,MCCLAIN BANK,2024-09-30,240.308,0.0,1.7290288914669614,False
4190,AMERICAN HERITAGE BANK,2024-03-31,1212.655,8.198,10.041011972536092,True
4190,AMERICAN HERITAGE BANK,2024-06-30,1204.457,14.006,12.935447443125037,False
4190,AMERICAN HERITAGE BANK,2024-09-30,1190.451,0.0,9.100528294807583,False
4193,SEILING STATE BANK,2024-03-31,170.037,0.0,0.9159356880682373,False
4193,SEILING STATE BANK,2024-06-30,173.925,4.966,1.2869438412697736,False
4193,SEILING STATE BANK,2024-09-30,168.959,0.0,0.8989760711789487,False
4196,SNB BANK NATIONAL ASSN,2024-03-31,121.54,1.001,0.5149432133455878,False
4196,SNB BANK NATIONAL ASSN,2024-06-30,120.539,0.177,0.7285878187379707,False
4196,SNB BANK NATIONAL ASSN,2024-09-30,120.362,0.0,0.5347874210535165,False
4208,ANCHOR D BANK,2024-03-31,294.249,11.085,1.5926490530305362,False
4208,ANCHOR D BANK,2024-06-30,283.164,0.0,2.092363731774128,False
4208,ANCHOR D BANK,2024-09-30,287.737,0.0,1.567203130751258,False
4209,FIRST BANK OF THOMAS,2024-03-31,44.082,0.0,0.3692888185317902,False
4209,FIRST BANK OF THOMAS,2024-06-30,44.1,0.805,0.5429537028924135,False
4209,FIRST BANK OF THOMAS,2024-09-30,43.295,0.958,0.420509048945139,False
4211,FIRST NB OF OKLAHOMA,2024-03-31,701.176,17.676,3.69799916176862,False
4211,FIRST NB OF OKLAHOMA,2024-06-30,683.5,0.0,4.608088665468818,False
4211,FIRST NB OF OKLAHOMA,2024-09-30,709.675,0.0,3.4374526012109126,False
4214,BOKF NATIONAL ASSN,2024-03-31,35671.838,0.0,105.46458293551458,True
4214,BOKF NATIONAL ASSN,2024-06-30,36520.082,0.0,141.41971173455278,True
4214,BOKF NATIONAL ASSN,2024-09-30,37489.165,0.0,103.77583562243677,True
4217,COMMUNITY BANK OF OKLAHOMA,2024-03-31,69.373,2.481,0.3162534365299333,False
4217,COMMUNITY BANK OF OKLAHOMA,2024-06-30,66.892,3.324,0.41588254766675464,False
4217,COMMUNITY BANK OF OKLAHOMA,2024-09-30,63.568,7.016,0.29150026855092587,False
4222,FIRST FARMERS NB OF WAURIKA,2024-03-31,45.293,0.417,0.14313095312870558,False
4222,FIRST FARMERS NB OF WAURIKA,2024-06-30,44.876,0.23,0.5243342105888029,False
4222,FIRST FARMERS NB OF WAURIKA,2024-09-30,44.646,0.0,0.4202334805476427,False
4228,FIRST BETHANY BANK&TRUST,2024-03-31,243.805,0.0,1.5310402417729887,False
4228,FIRST BETHANY BANK&TRUST,2024-06-30,247.846,6.029,2.110228763605053,False
4228,FIRST BETHANY BANK&TRUST,2024-09-30,241.817,0.0,1.4777180938994057,False
4232,STATE BANK OF WYNNEWOOD,2024-03-31,96.376,0.121,0.8100072605247668,False
4232,STATE BANK OF WYNNEWOOD,2024-06-30,96.255,0.0,1.0716429242266332,False
4232,STATE BANK OF WYNNEWOOD,2024-09-30,98.029,0.0,0.6759656051967176,False
4235,YNB,2024-03-31,235.724,4.858,1.7185930499458237,False
4235,YNB,2024-06-30,230.866,0.0,2.1755024669424734,False
4235,YNB,2024-09-30,243.157,43.001,2.0437324599242985,False
4236,SHAMROCK BANK N A,2024-03-31,403.149,0.0,2.4045535222579972,False
4236,SHAMROCK BANK N A,2024-06-30,403.976,11.295,3.425442886014136,False
4236,SHAMROCK BANK N A,2024-09-30,392.681,0.0,2.2098758029340386,False
4239,FIRST UNITED BANK&TRUST CO,2024-03-31,12812.005,686.007,35.45357592289447,True
4239,FIRST UNITED BANK&TRUST CO,2024-06-30,12125.998,0.0,45.64178310007216,True
4239,FIRST UNITED BANK&TRUST CO,2024-09-30,12379.707,0.0,31.824710277880683,True
4241,IDABEL NATIONAL BANK,2024-03-31,236.089,5.467,1.0687473649507924,False
4241,IDABEL NATIONAL BANK,2024-06-30,230.622,1.657,1.4482112278445032,False
4241,IDABEL NATIONAL BANK,2024-09-30,228.965,14.438,1.003048699416676,False
4255,CAMDEN NATIONAL BANK,2024-03-31,4586.176,38.616,16.445372088434627,True
4255,CAMDEN NATIONAL BANK,2024-06-30,4547.56,0.0,21.0522654454946,True
4255,CAMDEN NATIONAL BANK,2024-09-30,4609.875,0.0,14.988654038074962,True
4256,FIRST NATIONAL BANK,2024-03-31,2549.402,0.0,9.717845647370103,False
4256,FIRST NATIONAL BANK,2024-06-30,2578.79,0.0,13.445236558353518,True
4256,FIRST NATIONAL BANK,2024-09-30,2703.552,0.0,9.614317602404759,True
4288,FIRST NB OF LOUISIANA,2024-03-31,479.42,0.0,2.7856318764761663,False
4288,FIRST NB OF LOUISIANA,2024-06-30,487.996,12.573,3.950853653712904,False
4288,FIRST NB OF LOUISIANA,2024-09-30,475.423,0.0,2.5945816426653776,False
4290,FIRST NB OF JEANERETTE,2024-03-31,413.025,13.58,2.1911464010086275,False
4290,FIRST NB OF JEANERETTE,2024-06-30,399.445,0.0,2.4128830314016048,False
4290,FIRST NB OF JEANERETTE,2024-09-30,430.438,0.0,1.897609123706574,False
4297,CAPITAL ONE NATIONAL ASSN,2024-03-31,374089.715,1625.637,709.4481118684675,True
4297,CAPITAL ONE NATIONAL ASSN,2024-06-30,372464.078,0.0,928.0405135358704,True
4297,CAPITAL ONE NATIONAL ASSN,2024-09-30,379885.907,0.0,651.368612130413,True
4318,RIDDELL NATIONAL BANK,2024-03-31,288.237,4.232,1.4467914423538317,False
4318,RIDDELL NATIONAL BANK,2024-06-30,284.005,0.0,1.8297286406592266,False
4318,RIDDELL NATIONAL BANK,2024-09-30,290.636,0.0,1.3402324705874684,False
4319,FCN BANK NATIONAL ASSN,2024-03-31,710.088,0.0,3.863617549913966,False
4319,FCN BANK NATIONAL ASSN,2024-06-30,712.929,0.0,5.101894947085227,False
4319,FCN BANK NATIONAL ASSN,2024-09-30,748.359,40.037,4.334329290851524,False
4324,FIRST NATIONAL BANK,2024-03-31,374.514,0.0,3.1956487230546053,False
4324,FIRST NATIONAL BANK,2024-06-30,379.686,4.342,4.228498799079594,False
4324,FIRST NATIONAL BANK,2024-09-30,375.344,0.0,3.131111074503157,False
4360,HORIZON BANK,2024-03-31,5650.837,0.0,21.746507084820575,True
4360,HORIZON BANK,2024-06-30,5701.882,0.0,27.717829067923837,True
4360,HORIZON BANK,2024-09-30,5800.55,124.299,20.154260939713602,True
4364,FIRST NB OF MONTEREY,2024-03-31,347.866,0.0,2.257448699162648,False
4364,FIRST NB OF MONTEREY,2024-06-30,363.32,2.372,3.0520193264038324,False
4364,FIRST NB OF MONTEREY,2024-09-30,360.948,0.0,2.0771669589792965,False
4365,FIRST MERCHANTS BANK,2024-03-31,14956.079,332.602,42.32503930189759,True
4365,FIRST MERCHANTS BANK,2024-06-30,14623.477,181.875,54.11581107081243,True
4365,FIRST MERCHANTS BANK,2024-09-30,14441.602,0.0,37.457886626476885,True
4382,FIRST FINANCIAL BANK NA,2024-03-31,4135.733,0.0,15.154723962028104,True
4382,FIRST FINANCIAL BANK NA,2024-06-30,4212.339,0.0,20.762414910961404,True
4382,FIRST FINANCIAL BANK NA,2024-09-30,4727.172,4.757,15.217894053406294,True
4398,LNB COMMUNITY BANK,2024-03-31,124.312,0.0,0.667547436155385,False
4398,LNB COMMUNITY BANK,2024-06-30,142.077,13.73,1.3753037811151585,False
4398,LNB COMMUNITY BANK,2024-09-30,128.347,0.0,0.630373880914734,False
4419,SPRINGS VALLEY BANK&TRUST CO,2024-03-31,523.8,0.0,2.2837043505002295,False
4419,SPRINGS VALLEY BANK&TRUST CO,2024-06-30,535.767,0.0,3.2844804635681415,False
4419,SPRINGS VALLEY BANK&TRUST CO,2024-09-30,549.897,0.0,2.314650957380795,False
4432,MIDWEST HERITAGE BANK FSB,2024-03-31,379.407,12.459,2.061862955935631,False
4432,MIDWEST HERITAGE BANK FSB,2024-06-30,366.948,14.332,2.420755112592893,False
4432,MIDWEST HERITAGE BANK FSB,2024-09-30,352.616,0.0,1.5073218067125878,False
4433,FIRST CITIZENS BANK,2024-03-31,1581.824,0.0,6.856680246884441,False
4433,FIRST CITIZENS BANK,2024-06-30,1601.91,0.0,8.95381722197,False
4433,FIRST CITIZENS BANK,2024-09-30,1663.439,10.879,6.643605204727757,False
4439,CLINTON NATIONAL BANK,2024-03-31,384.284,36.588,2.849652568143054,False
4439,CLINTON NATIONAL BANK,2024-06-30,347.696,0.0,2.8155053897795335,False
4439,CLINTON NATIONAL BANK,2024-09-30,352.797,0.0,2.0682970212985246,False
4457,FIRST HERITAGE BANK,2024-03-31,52.969,0.0,0.13637873810158002,False
4457,FIRST HERITAGE BANK,2024-06-30,58.248,1.832,0.2545923803050648,False
4457,FIRST HERITAGE BANK,2024-09-30,56.416,0.0,0.16385340781754903,False
4464,FIRST BANK HAMPTON,2024-03-31,199.391,9.613,0.9276295224272649,False
4464,FIRST BANK HAMPTON,2024-06-30,189.778,0.0,1.187481940462395,False
4464,FIRST BANK HAMPTON,2024-09-30,218.986,12.641,1.3975635565093871,False
4465,MIDSTATES BANK NATIONAL ASSN,2024-03-31,558.041,2.071,2.9458904366819225,False
4465,MIDSTATES BANK NATIONAL ASSN,2024-06-30,555.97,13.286,4.073749477742818,False
4465,MIDSTATES BANK NATIONAL ASSN,2024-09-30,542.684,0.0,2.6875647823092317,False
4476,LOGAN STATE BANK,2024-03-31,73.085,3.038,0.28032578335271036,False
4476,LOGAN STATE BANK,2024-06-30,70.047,0.0,0.31145942739979193,False
4476,LOGAN STATE BANK,2024-09-30,71.585,0.0,0.24115415612210306,False
4477,FIRST NB OF MANNING,2024-03-31,66.771,0.0,0.3455224150206841,False
4477,FIRST NB OF MANNING,2024-06-30,68.62,2.229,0.6259189567361139,False
4477,FIRST NB OF MANNING,2024-09-30,66.391,0.0,0.4719635181619219,False
4482,FNNB BANK,2024-03-31,91.706,0.692,0.4859833862034927,False
4482,FNNB BANK,2024-06-30,91.014,0.054,0.6664979838962141,False
4482,FNNB BANK,2024-09-30,90.96,0.0,0.5111046955348518,False
4494,FIRST NB OF PRIMGHAR,2024-03-31,34.226,1.405,0.053191557107999346,False
4494,FIRST NB OF PRIMGHAR,2024-06-30,32.821,0.83,0.03716383690195939,False
4494,FIRST NB OF PRIMGHAR,2024-09-30,31.991,1.245,0.04172449717670045,False
4506,SECURITY NB OF SIOUX CITY IA,2024-03-31,1230.241,51.556,6.507811692797594,False
4506,SECURITY NB OF SIOUX CITY IA,2024-06-30,1178.685,0.0,7.880234699380588,False
4506,SECURITY NB OF SIOUX CITY IA,2024-09-30,1202.119,1.961,5.7213241445936465,False
4511,CITIZENS 1ST NB STORM LAKE,2024-03-31,207.062,3.6,1.4755445043325004,False
4511,CITIZENS 1ST NB STORM LAKE,2024-06-30,203.462,2.833,2.1398858666387004,False
4511,CITIZENS 1ST NB STORM LAKE,2024-09-30,200.629,0.0,1.2100498910204005,False
4514,STATE BANK OF TOLEDO,2024-03-31,114.299,0.0,0.550896362958262,False
4514,STATE BANK OF TOLEDO,2024-06-30,120.84,5.936,0.9502990854197201,False
4514,STATE BANK OF TOLEDO,2024-09-30,114.904,0.0,0.5815226248979231,False
4519,FIRST BANK,2024-03-31,585.619,0.0,2.7844816970269974,False
4519,FIRST BANK,2024-06-30,592.039,0.0,3.832545285823135,False
4519,FIRST BANK,2024-09-30,606.739,0.0,2.7457803736673037,False
4526,PONY EXPRESS BANK,2024-03-31,341.432,37.731,2.468499613508765,False
4526,PONY EXPRESS BANK,2024-06-30,303.701,0.0,2.144283418949725,False
4526,PONY EXPRESS BANK,2024-09-30,307.58,0.0,1.4621045967690782,False
4539,FARMERS BANK OF NORTHERN MO,2024-03-31,421.415,0.0,2.678816762103756,False
4539,FARMERS BANK OF NORTHERN MO,2024-06-30,430.457,4.194,3.4546274055982162,False
4539,FARMERS BANK OF NORTHERN MO,2024-09-30,426.263,0.0,2.344776320869235,False
4540,HNB NATIONAL BANK,2024-03-31,739.669,0.0,3.6331033156144485,False
4540,HNB NATIONAL BANK,2024-06-30,768.442,0.0,5.11002150070103,False
4540,HNB NATIONAL BANK,2024-09-30,790.55,0.0,3.559413315624218,False
4549,CNB ST LOUIS BANK,2024-03-31,610.447,0.0,3.119802185738528,False
4549,CNB ST LOUIS BANK,2024-06-30,640.914,0.0,4.301929270591504,False
4549,CNB ST LOUIS BANK,2024-09-30,675.201,0.0,3.1713807003173855,False
4556,TPNB BANK,2024-03-31,88.442,3.298,0.48781212219004555,False
4556,TPNB BANK,2024-06-30,85.144,2.024,0.56394592336166,False
4556,TPNB BANK,2024-09-30,83.12,0.0,0.39655563318110254,False
4598,FIRST NB OF NEVADA MISSOURI,2024-03-31,99.29,2.292,0.6131818220357101,False
4598,FIRST NB OF NEVADA MISSOURI,2024-06-30,96.998,0.031,0.7762873269513021,False
4598,FIRST NB OF NEVADA MISSOURI,2024-09-30,96.967,0.0,0.5821741331207985,False
4611,FARMERS NATIONAL BANK,2024-03-31,130.832,2.275,0.6751678483459361,False
4611,FARMERS NATIONAL BANK,2024-06-30,128.557,3.118,0.8669489912678705,False
4611,FARMERS NATIONAL BANK,2024-09-30,125.439,0.0,0.6134148788311911,False
4619,EXCHANGE BANK&TRUST,2024-03-31,497.638,11.75,2.753587991451148,False
4619,EXCHANGE BANK&TRUST,2024-06-30,485.888,0.0,3.400081066817715,False
4619,EXCHANGE BANK&TRUST,2024-09-30,490.18,0.0,2.47500544418691,False
4621,FARMERS BANK&TRUST,2024-03-31,138.294,3.721,1.0628269082792483,False
4621,FARMERS BANK&TRUST,2024-06-30,134.573,0.63,1.3328177049673242,False
4621,FARMERS BANK&TRUST,2024-09-30,133.943,0.0,0.993451950367806,False
4624,AMERICAN BK BAXTER SPRINGS,2024-03-31,124.054,0.0,0.8709676172210191,False
4624,AMERICAN BK BAXTER SPRINGS,2024-06-30,130.287,8.816,1.445005038439838,False
4624,AMERICAN BK BAXTER SPRINGS,2024-09-30,121.471,0.0,0.8540618557976615,False
4630,FIRST BANK OF BELOIT,2024-03-31,86.358,0.584,0.4292995753479141,False
4630,FIRST BANK OF BELOIT,2024-06-30,85.774,3.841,0.5368378292918989,False
4630,FIRST BANK OF BELOIT,2024-09-30,81.933,0.0,0.3621592330624965,False
4636,FIRST HERITAGE BANK,2024-03-31,227.506,0.352,1.3119924001052818,False
4636,FIRST HERITAGE BANK,2024-06-30,227.154,0.0,1.7364673297060482,False
4636,FIRST HERITAGE BANK,2024-09-30,239.846,0.0,1.3807923062015126,False
4638,FIRST NB IN CIMARRON,2024-03-31,126.871,0.016,0.7808307704750992,False
4638,FIRST NB IN CIMARRON,2024-06-30,126.855,2.111,1.0434013330262886,False
4638,FIRST NB IN CIMARRON,2024-09-30,124.744,0.0,0.7619281310884143,False
4649,CONWAY BANK,2024-03-31,83.12,0.0,0.34438260984161934,False
4649,CONWAY BANK,2024-06-30,91.9,1.893,0.5773256898562339,False
4649,CONWAY BANK,2024-09-30,90.007,0.0,0.38831922798142743,False
4652,NINNESCAH VALLEY BANK,2024-03-31,36.707,1.062,0.09551877151947438,False
4652,NINNESCAH VALLEY BANK,2024-06-30,35.645,0.369,0.12080704489630932,False
4652,NINNESCAH VALLEY BANK,2024-09-30,35.276,0.0,0.1112755256038155,False
4654,FIRST NB OF DIGHTON,2024-03-31,63.42,0.566,0.30006525700407305,False
4654,FIRST NB OF DIGHTON,2024-06-30,62.854,1.285,0.4186125123098129,False
4654,FIRST NB OF DIGHTON,2024-09-30,61.569,0.383,0.3101823368621627,False
4660,FIRSTOAK BANK,2024-03-31,211.565,5.056,1.0604882858909377,False
4660,FIRSTOAK BANK,2024-06-30,206.509,1.253,1.3659991105150808,False
4660,FIRSTOAK BANK,2024-09-30,205.256,0.0,0.9756781915017403,False
4664,HOME BANK&TRUST CO,2024-03-31,137.903,0.0,0.5571867402363953,False
4664,HOME BANK&TRUST CO,2024-06-30,155.542,5.357,1.0094163713179327,False
4664,HOME BANK&TRUST CO,2024-09-30,150.185,0.0,0.6898712527017433,False
4666,ARMED FORCES BANK NA,2024-03-31,1173.909,0.0,7.229129717442918,False
4666,ARMED FORCES BANK NA,2024-06-30,1175.917,5.452,8.21960536648889,False
4666,ARMED FORCES BANK NA,2024-09-30,1170.465,0.0,5.846153011597871,False
4668,FIRST NB IN FRANKFORT,2024-03-31,51.134,0.0,0.18505504695066363,False
4668,FIRST NB IN FRANKFORT,2024-06-30,52.157,0.0,0.3036825806496459,False
4668,FIRST NB IN FRANKFORT,2024-09-30,52.796,0.0,0.24360962509102674,False
4673,GNBANK NATIONAL ASSN,2024-03-31,772.716,8.619,4.241552471313739,False
4673,GNBANK NATIONAL ASSN,2024-06-30,764.097,3.002,5.150149033913416,False
4673,GNBANK NATIONAL ASSN,2024-09-30,761.095,0.0,3.555781344862062,False
4678,CITIZENS NATIONAL BANK,2024-03-31,206.548,5.216,1.5217663565245063,False
4678,CITIZENS NATIONAL BANK,2024-06-30,201.332,7.723,1.902493496069457,False
4678,CITIZENS NATIONAL BANK,2024-09-30,193.609,0.0,1.3185363468591684,False
4683,FIRST NB OF HARVEYVILLE,2024-03-31,14.323,0.284,0.0,False
4683,FIRST NB OF HARVEYVILLE,2024-06-30,14.039,0.0,0.0,False
4683,FIRST NB OF HARVEYVILLE,2024-09-30,14.388,0.0,0.0,False
4690,FIRST NATIONAL BANK OF HOPE,2024-03-31,70.222,0.0,0.3324605401241711,False
4690,FIRST NATIONAL BANK OF HOPE,2024-06-30,70.501,0.0,0.47366263491507243,False
4690,FIRST NATIONAL BANK OF HOPE,2024-09-30,70.572,0.0,0.3789265210743163,False
4693,HOWARD STB HOWARD KANSAS,2024-03-31,67.174,2.176,0.2958564711758771,False
4693,HOWARD STB HOWARD KANSAS,2024-06-30,64.998,1.88,0.40217733426383784,False
4693,HOWARD STB HOWARD KANSAS,2024-09-30,63.118,0.0,0.28112841842824093,False
4697,FIRST NB OF HUTCHINSON,2024-03-31,964.874,0.0,4.518187399446918,False
4697,FIRST NB OF HUTCHINSON,2024-06-30,972.938,0.0,5.737461813435848,False
4697,FIRST NB OF HUTCHINSON,2024-09-30,987.596,0.0,4.13310919933686,False
4702,CENTRAL NATIONAL BANK,2024-03-31,1123.268,8.16,6.568975576047287,False
4702,CENTRAL NATIONAL BANK,2024-06-30,1115.108,29.999,7.857586078681993,False
4702,CENTRAL NATIONAL BANK,2024-09-30,1085.109,0.0,5.430073030959035,False
4705,SECURITY BANK OF KANSAS CITY,2024-03-31,2854.16,0.0,12.93775132636595,True
4705,SECURITY BANK OF KANSAS CITY,2024-06-30,2861.307,0.0,17.063042275032856,True
4705,SECURITY BANK OF KANSAS CITY,2024-09-30,2939.959,48.306,12.191219096441237,True
4707,CITIZENS BANK OF KANSAS,2024-03-31,455.391,0.0,3.1056327126511127,False
4707,CITIZENS BANK OF KANSAS,2024-06-30,459.151,16.289,4.174751530748207,False
4707,CITIZENS BANK OF KANSAS,2024-09-30,442.862,0.0,2.8612555682448155,False
4722,FIRST NB OF LOUISBURG,2024-03-31,151.068,9.825,0.9864818508439622,False
4722,FIRST NB OF LOUISBURG,2024-06-30,141.243,0.0,1.1905697301700073,False
4722,FIRST NB OF LOUISBURG,2024-09-30,144.079,0.0,0.8676939384114407,False
4728,MARION NATIONAL BANK,2024-03-31,24.06,0.129,0.0,False
4728,MARION NATIONAL BANK,2024-06-30,23.931,0.575,0.0,False
4728,MARION NATIONAL BANK,2024-09-30,23.356,0.0,0.005753410293170905,False
4735,SOUTHWIND BANK,2024-03-31,153.952,0.0,1.002619856972592,False
4735,SOUTHWIND BANK,2024-06-30,157.755,2.157,1.4107557852638397,False
4735,SOUTHWIND BANK,2024-09-30,155.598,0.0,1.011166940416549,False
4746,FIRST OPTION BANK,2024-03-31,622.838,0.0,3.3146562803090194,False
4746,FIRST OPTION BANK,2024-06-30,641.055,43.344,4.524849882285781,False
4746,FIRST OPTION BANK,2024-09-30,597.711,0.0,3.0776179514620488,False
4752,FIRST SECURITY BANK,2024-03-31,81.794,2.289,0.3456479520966917,False
4752,FIRST SECURITY BANK,2024-06-30,79.505,1.557,0.45349071969147153,False
4752,FIRST SECURITY BANK,2024-09-30,77.948,0.045,0.3424926936882152,False
4756,FIRST NATIONAL BANK&TRUST,2024-03-31,243.517,4.85,1.25428904909088,False
4756,FIRST NATIONAL BANK&TRUST,2024-06-30,238.667,11.748,1.5888365017493784,False
4756,FIRST NATIONAL BANK&TRUST,2024-09-30,226.919,0.0,1.092898402455147,False
4766,SJN BANK OF KANSAS,2024-03-31,192.657,5.991,1.174786412051366,False
4766,SJN BANK OF KANSAS,2024-06-30,186.666,0.0,1.4905184590785647,False
4766,SJN BANK OF KANSAS,2024-09-30,189.068,0.0,1.0723360090151537,False
4767,SUNFLOWER BANK NATIONAL ASSN,2024-03-31,6554.671,0.0,19.946557240516654,True
4767,SUNFLOWER BANK NATIONAL ASSN,2024-06-30,6729.655,0.0,28.84437721249235,True
4767,SUNFLOWER BANK NATIONAL ASSN,2024-09-30,6760.556,0.0,20.001176105216814,True
4769,FIRST NB OF SCOTT CITY,2024-03-31,135.266,2.779,0.7115838439263352,False
4769,FIRST NB OF SCOTT CITY,2024-06-30,132.487,2.811,0.919492582297647,False
4769,FIRST NB OF SCOTT CITY,2024-09-30,129.676,0.0,0.6530095819501778,False
4770,ELEVATE BANK NATIONAL ASSN,2024-03-31,46.881,0.0,0.26024328277519426,False
4770,ELEVATE BANK NATIONAL ASSN,2024-06-30,47.146,1.906,0.3493057930270616,False
4770,ELEVATE BANK NATIONAL ASSN,2024-09-30,45.24,0.0,0.2597697184900064,False
4773,SOLOMON STATE BANK,2024-03-31,138.874,2.207,0.5571476703580994,False
4773,SOLOMON STATE BANK,2024-06-30,136.667,0.12,0.7371849409528777,False
4773,SOLOMON STATE BANK,2024-09-30,136.547,2.837,0.5235802052029497,False
4774,FIRST NB OF SPEARVILLE,2024-03-31,42.091,0.0,0.1283669433069635,False
4774,FIRST NB OF SPEARVILLE,2024-06-30,45.274,0.0,0.2970070498648402,False
4774,FIRST NB OF SPEARVILLE,2024-09-30,48.498,0.0,0.34423010418108396,False
4775,PRAIRIE BANK OF KANSAS,2024-03-31,119.088,0.402,0.6589222108230998,False
4775,PRAIRIE BANK OF KANSAS,2024-06-30,118.686,0.803,0.8762120908441855,False
4775,PRAIRIE BANK OF KANSAS,2024-09-30,117.883,3.034,0.6349059859154602,False
4778,WESTERN NATIONAL BANK,2024-03-31,211.928,0.0,1.069497447086646,False
4778,WESTERN NATIONAL BANK,2024-06-30,218.165,6.577,1.4871623416302624,False
4778,WESTERN NATIONAL BANK,2024-09-30,211.588,0.0,0.9932687269216456,False
4779,DREAM FIRST BANK NA,2024-03-31,572.977,0.0,2.545516514570975,False
4779,DREAM FIRST BANK NA,2024-06-30,579.697,0.0,3.5084597339499277,False
4779,DREAM FIRST BANK NA,2024-09-30,591.404,0.0,2.4575560818308775,False
4789,EMPRISE BANK,2024-03-31,2157.612,24.14,9.086584326127998,False
4789,EMPRISE BANK,2024-06-30,2133.472,0.0,11.501799888698766,False
4789,EMPRISE BANK,2024-09-30,2262.73,0.0,8.581897877929055,False
4791,BANK OF THE FLINT HILLS,2024-03-31,391.791,2.844,1.9086337910927862,False
4791,BANK OF THE FLINT HILLS,2024-06-30,388.947,0.0,2.4843690388306467,False
4791,BANK OF THE FLINT HILLS,2024-09-30,393.244,0.0,1.8245518114385637,False
4792,FNB WASHINGTON,2024-03-31,60.798,7.061,0.25966947461746054,False
4792,FNB WASHINGTON,2024-06-30,53.737,0.0,0.27343435851337256,False
4792,FNB WASHINGTON,2024-09-30,56.602,0.437,0.242355413302562,False
4794,FIRST NB OF KANSAS,2024-03-31,82.667,0.0,0.5438793625515532,False
4794,FIRST NB OF KANSAS,2024-06-30,85.531,4.091,0.8226089333993204,False
4794,FIRST NB OF KANSAS,2024-09-30,81.44,0.0,0.5440887479800223,False
4796,BANK OF COMMERCE&TRUST CO,2024-03-31,105.369,0.0,0.6819662082494075,False
4796,BANK OF COMMERCE&TRUST CO,2024-06-30,108.633,8.838,0.9594321565616672,False
4796,BANK OF COMMERCE&TRUST CO,2024-09-30,99.795,0.0,0.6354957014966868,False
4799,INTRUST BANK NATIONAL ASSN,2024-03-31,6525.518,0.0,27.498998602384393,True
4799,INTRUST BANK NATIONAL ASSN,2024-06-30,6548.935,0.0,34.96226840448621,True
4799,INTRUST BANK NATIONAL ASSN,2024-09-30,6647.811,161.256,27.136703526239668,True
4801,SOUTHWEST NATIONAL BANK,2024-03-31,474.809,17.972,2.005008339792978,False
4801,SOUTHWEST NATIONAL BANK,2024-06-30,456.837,0.0,2.5719955314354492,False
4801,SOUTHWEST NATIONAL BANK,2024-09-30,460.308,11.863,1.9502338239023476,False
4832,SHORE UNITED BANK NA,2024-03-31,5188.64,35.587,16.272273610710464,True
4832,SHORE UNITED BANK NA,2024-06-30,5153.053,0.0,21.7840003809918,True
4832,SHORE UNITED BANK NA,2024-09-30,5231.603,0.0,15.407524409246307,True
4857,FIRST UNITED BANK&TRUST,2024-03-31,1575.713,30.152,6.777779066172756,False
4857,FIRST UNITED BANK&TRUST,2024-06-30,1545.561,0.0,8.349797413609913,False
4857,FIRST UNITED BANK&TRUST,2024-09-30,1547.358,0.0,5.927581800813194,False
4865,SANDY SPRING BANK,2024-03-31,11351.989,0.0,29.267977706610257,True
4865,SANDY SPRING BANK,2024-06-30,11464.121,0.0,40.02015374520833,True
4865,SANDY SPRING BANK,2024-09-30,11854.192,9.272,29.859094443776762,True
4931,MOUNTAIN COMMERCE BANK,2024-03-31,1595.85,34.814,6.912093552330884,False
4931,MOUNTAIN COMMERCE BANK,2024-06-30,1561.036,2.882,8.782130680274209,False
4931,MOUNTAIN COMMERCE BANK,2024-09-30,1558.154,25.167,5.835435515476082,False
4945,PEOPLES BANK OF THE SOUTH,2024-03-31,173.543,0.0,0.8049042374377107,False
4945,PEOPLES BANK OF THE SOUTH,2024-06-30,173.784,0.0,1.2013723362250555,False
4945,PEOPLES BANK OF THE SOUTH,2024-09-30,173.988,0.0,0.8103520737639698,False
4952,FIRST NB OF MIDDLE TENNESSEE,2024-03-31,751.589,0.0,3.5678366188229043,False
4952,FIRST NB OF MIDDLE TENNESSEE,2024-06-30,754.681,2.122,4.867549340076205,False
4952,FIRST NB OF MIDDLE TENNESSEE,2024-09-30,752.559,0.0,3.2489618598364043,False
4958,FIRST NB OF ONEIDA,2024-03-31,293.632,5.688,2.007099152271245,False
4958,FIRST NB OF ONEIDA,2024-06-30,287.944,0.117,2.3179192477205577,False
4958,FIRST NB OF ONEIDA,2024-09-30,287.827,0.0,1.6237842057424874,False
4960,FIRST FARMERS&COMMERCIAL BK,2024-03-31,204.476,4.239,1.0653823048866544,False
4960,FIRST FARMERS&COMMERCIAL BK,2024-06-30,200.237,4.481,1.5621655580149794,False
4960,FIRST FARMERS&COMMERCIAL BK,2024-09-30,195.756,0.0,0.9770087797186919,False
4972,FIRST CITIZENS NATIONAL BANK,2024-03-31,2057.724,0.0,9.73640256546802,True
4972,FIRST CITIZENS NATIONAL BANK,2024-06-30,2093.254,17.25,13.171006291188736,False
4972,FIRST CITIZENS NATIONAL BANK,2024-09-30,2076.004,0.0,9.147537315001168,False
4977,FIRST HORIZON BANK,2024-03-31,66653.093,1249.699,136.0718213049896,True
4977,FIRST HORIZON BANK,2024-06-30,65403.394,0.0,178.644855412209,True
4977,FIRST HORIZON BANK,2024-09-30,67395.008,961.578,124.97760887932202,True
4988,TRUSTMARK NATIONAL BANK,2024-03-31,15417.228,0.0,43.8601411032362,True
4988,TRUSTMARK NATIONAL BANK,2024-06-30,15540.064,218.741,59.53681054680927,True
4988,TRUSTMARK NATIONAL BANK,2024-09-30,15321.323,126.636,40.511254504614996,True
4993,CITIZENS NB OF MERIDIAN,2024-03-31,1435.559,0.0,6.806138233672118,False
4993,CITIZENS NB OF MERIDIAN,2024-06-30,1446.435,4.975,8.917586514997286,False
4993,CITIZENS NB OF MERIDIAN,2024-09-30,1441.46,0.0,6.008121930693677,False
5005,FNB OXFORD BANK,2024-03-31,647.968,1.25,3.7262619800315444,False
5005,FNB OXFORD BANK,2024-06-30,646.718,0.0,5.143686284322003,False
5005,FNB OXFORD BANK,2024-09-30,664.577,0.0,3.8011253879266254,False
5006,FIRST CHOICE BANK,2024-03-31,446.194,0.271,2.921814795225285,False
5006,FIRST CHOICE BANK,2024-06-30,445.923,8.639,3.6472207815318374,False
5006,FIRST CHOICE BANK,2024-09-30,437.284,0.0,2.3520406702509034,False
5015,CENTURY BANK&TRUST,2024-03-31,414.756,5.298,3.4339328797327715,False
5015,CENTURY BANK&TRUST,2024-06-30,409.458,5.65,4.147219951023107,False
5015,CENTURY BANK&TRUST,2024-09-30,403.808,1.962,3.0888076817482903,False
5018,CITIZENS NB OF CHEBOYGAN,2024-03-31,422.048,9.859,3.054749013632544,False
5018,CITIZENS NB OF CHEBOYGAN,2024-06-30,412.189,0.0,3.7146207814245176,False
5018,CITIZENS NB OF CHEBOYGAN,2024-09-30,460.854,34.849,3.3638431038006513,False
5019,SOUTHERN MICHIGAN BANK&TRUST,2024-03-31,1215.898,5.963,6.00883021297893,False
5019,SOUTHERN MICHIGAN BANK&TRUST,2024-06-30,1209.935,0.0,7.459612593573727,False
5019,SOUTHERN MICHIGAN BANK&TRUST,2024-09-30,1271.52,12.348,5.81221003792045,False
5033,DART BANK,2024-03-31,1050.525,0.0,4.462358369244417,False
5033,DART BANK,2024-06-30,1108.269,0.0,6.929412742793196,False
5033,DART BANK,2024-09-30,1139.084,0.0,4.671184068404532,False
5058,SUPERIOR NATIONAL BANK,2024-03-31,850.197,13.211,4.130494639490596,False
5058,SUPERIOR NATIONAL BANK,2024-06-30,836.986,0.0,5.407726008540046,False
5058,SUPERIOR NATIONAL BANK,2024-09-30,860.127,16.156,4.28017341148521,False
5062,FIRST NATIONAL BANK&TRUST CO,2024-03-31,338.941,0.0,2.5500507097134406,False
5062,FIRST NATIONAL BANK&TRUST CO,2024-06-30,342.636,0.0,2.9963792931119393,False
5062,FIRST NATIONAL BANK&TRUST CO,2024-09-30,365.859,5.86,2.6870216466071657,False
5072,RANGE BANK,2024-03-31,510.261,16.927,3.406164569847764,False
5072,RANGE BANK,2024-06-30,493.334,0.0,4.214967272813076,False
5072,RANGE BANK,2024-09-30,534.849,21.691,3.618926909584974,False
5074,FIRST NB OF ST IGNACE,2024-03-31,291.959,0.0,2.476287849451484,False
5074,FIRST NB OF ST IGNACE,2024-06-30,297.0,0.0,3.394356040048074,False
5074,FIRST NB OF ST IGNACE,2024-09-30,343.896,38.205,3.9283677332639204,False
5076,FIRST NB OF WAKEFIELD,2024-03-31,49.966,0.0,0.29705235978594696,False
5076,FIRST NB OF WAKEFIELD,2024-06-30,50.12,0.0,0.43922405100730105,False
5076,FIRST NB OF WAKEFIELD,2024-09-30,50.898,1.918,0.3347563279291087,False
5087,FIRST NB OF BAGLEY,2024-03-31,103.526,0.0,0.6146246442272426,False
5087,FIRST NB OF BAGLEY,2024-06-30,103.543,0.0,0.805016979431349,False
5087,FIRST NB OF BAGLEY,2024-09-30,107.358,0.0,0.6432552562751468,False
5093,FIRST NB OF BEMIDJI,2024-03-31,783.513,0.0,4.847524251342796,False
5093,FIRST NB OF BEMIDJI,2024-06-30,793.42,3.509,6.327284421352155,False
5093,FIRST NB OF BEMIDJI,2024-09-30,789.911,0.0,4.561139208665232,False
5095,STAR BANK,2024-03-31,344.845,0.0,1.8438792642565685,False
5095,STAR BANK,2024-06-30,389.32,6.449,2.658253257156972,False
5095,STAR BANK,2024-09-30,382.871,0.0,1.743108419879944,False
5097,FIRST BANK BLUE EARTH,2024-03-31,249.608,0.0,1.3659634195674228,False
5097,FIRST BANK BLUE EARTH,2024-06-30,252.651,0.0,1.8386333400054746,False
5097,FIRST BANK BLUE EARTH,2024-09-30,262.288,0.0,1.4085909943467474,False
5105,B2 BANK NATIONAL ASSN,2024-03-31,64.156,0.0,0.3182469837843212,False
5105,B2 BANK NATIONAL ASSN,2024-06-30,73.612,0.951,0.6212603723507631,False
5105,B2 BANK NATIONAL ASSN,2024-09-30,72.661,1.291,0.4300388400780884,False
5107,FIRST SECURITY BANK CANBY,2024-03-31,70.677,1.118,0.5927943262904594,False
5107,FIRST SECURITY BANK CANBY,2024-06-30,69.559,0.795,0.6390257350481856,False
5107,FIRST SECURITY BANK CANBY,2024-09-30,68.764,0.601,0.45312463868602987,False
5110,WESTERN NATIONAL BANK,2024-03-31,30.357,0.0,0.07538072277902347,False
5110,WESTERN NATIONAL BANK,2024-06-30,36.169,2.904,0.4319313631072045,False
5110,WESTERN NATIONAL BANK,2024-09-30,33.265,3.379,0.2690773936906879,False
5113,FIRST NATIONAL BANK,2024-03-31,72.129,3.685,0.3605961608798862,False
5113,FIRST NATIONAL BANK,2024-06-30,68.444,0.0,0.44730629680857903,False
5113,FIRST NATIONAL BANK,2024-09-30,72.55,0.0,0.3962883215880407,False
5115,FIRST NB OF COKATO,2024-03-31,105.35,0.0,0.5558235472937028,False
5115,FIRST NB OF COKATO,2024-06-30,107.572,0.0,0.7659692754496277,False
5115,FIRST NB OF COKATO,2024-09-30,110.993,0.0,0.5723091101109703,False
5116,GRANITE BANK,2024-03-31,255.394,3.697,1.0709522894595156,False
5116,GRANITE BANK,2024-06-30,251.697,0.0,1.469122934857727,False
5116,GRANITE BANK,2024-09-30,256.369,1.247,1.0703522670467702,False
5117,FIRST NB OF COLERAINE,2024-03-31,94.209,0.917,0.6808493841943467,False
5117,FIRST NB OF COLERAINE,2024-06-30,93.292,0.0,0.9082403176942886,False
5117,FIRST NB OF COLERAINE,2024-09-30,98.38,0.0,0.7839211365792657,False
5123,DEERWOOD BANK,2024-03-31,845.239,0.0,3.781238640108353,False
5123,DEERWOOD BANK,2024-06-30,865.847,0.0,4.840010312289156,False
5123,DEERWOOD BANK,2024-09-30,1055.628,0.0,4.706201893090467,False
5131,WESTERN NATIONAL BANK,2024-03-31,104.682,5.484,0.6916131377055438,False
5131,WESTERN NATIONAL BANK,2024-06-30,99.198,0.0,0.831530285655849,False
5131,WESTERN NATIONAL BANK,2024-09-30,104.458,7.594,0.645898989765941,False
5136,FIRST BANK ELK RIVER,2024-03-31,278.124,0.0,1.3913347929705362,False
5136,FIRST BANK ELK RIVER,2024-06-30,279.411,0.0,1.883226101027361,False
5136,FIRST BANK ELK RIVER,2024-09-30,281.897,0.0,1.3955403138941602,False
5141,MINERS NB OF EVELETH,2024-03-31,80.751,5.276,0.36600315193986127,False
5141,MINERS NB OF EVELETH,2024-06-30,75.475,0.0,0.3982761754644679,False
5141,MINERS NB OF EVELETH,2024-09-30,82.711,0.0,0.4613503231997046,False
5142,FIRST NB OF FAIRFAX,2024-03-31,23.634,0.662,0.0,False
5142,FIRST NB OF FAIRFAX,2024-06-30,22.972,0.0,0.0018452437510862838,False
5142,FIRST NB OF FAIRFAX,2024-09-30,23.627,0.0,0.021225570643279505,False
5146,WELLS FARGO BANK S CNTL NA,2024-03-31,2864.803,88.042,20.264373280934066,True
5146,WELLS FARGO BANK S CNTL NA,2024-06-30,2776.761,0.0,26.08089265111696,True
5146,WELLS FARGO BANK S CNTL NA,2024-09-30,2918.821,0.0,21.72727934026274,True
5150,FIRST NB OF GILBERT,2024-03-31,61.778,0.0,0.2431809018406246,False
5150,FIRST NB OF GILBERT,2024-06-30,63.949,0.0,0.38137634485251015,False
5150,FIRST NB OF GILBERT,2024-09-30,68.445,0.0,0.32937974909794776,False
5162,FIRST NB OF HENNING,2024-03-31,324.934,0.0,1.7307420934097297,False
5162,FIRST NB OF HENNING,2024-06-30,332.769,0.0,2.3641762239354054,False
5162,FIRST NB OF HENNING,2024-09-30,341.002,0.0,1.6425763236718967,False
5170,BANK MIDWEST,2024-03-31,1106.134,0.0,4.497542665123905,False
5170,BANK MIDWEST,2024-06-30,1139.034,0.0,6.275558764104021,False
5170,BANK MIDWEST,2024-09-30,1173.679,0.0,4.552359826814447,False
5175,GLOBAL INNOVATIONS BANK,2024-03-31,54.84,0.0,0.4366829346607184,False
5175,GLOBAL INNOVATIONS BANK,2024-06-30,64.74,0.0,0.8649149854573824,False
5175,GLOBAL INNOVATIONS BANK,2024-09-30,64.96,0.0,0.9213572418956465,False
5180,FIRST NB OF LE CENTER,2024-03-31,142.259,9.293,0.9113619414687885,False
5180,FIRST NB OF LE CENTER,2024-06-30,132.966,0.0,0.9375858020082548,False
5180,FIRST NB OF LE CENTER,2024-09-30,136.32,0.0,0.6971224647508911,False
5186,FIRST FARMERS&MERCHANTS NB,2024-03-31,197.652,4.858,1.2064425043333984,False
5186,FIRST FARMERS&MERCHANTS NB,2024-06-30,192.794,0.0,1.40169766670521,False
5186,FIRST FARMERS&MERCHANTS NB,2024-09-30,194.456,0.0,1.1473036404353998,False
5193,PIONEER BANK,2024-03-31,722.86,8.456,3.704527105256795,False
5193,PIONEER BANK,2024-06-30,714.404,0.0,4.524645339478491,False
5193,PIONEER BANK,2024-09-30,760.044,0.0,3.6943396940515196,False
5196,FIRST NB OF MCINTOSH,2024-03-31,28.128,0.0,0.1993900085419749,False
5196,FIRST NB OF MCINTOSH,2024-06-30,28.195,0.6,0.2442441043861585,False
5196,FIRST NB OF MCINTOSH,2024-09-30,27.595,0.0,0.18353459934030725,False
5197,COMMUNITY FIRST BANK,2024-03-31,101.025,0.52,0.5669130268057312,False
5197,COMMUNITY FIRST BANK,2024-06-30,100.505,0.0,0.7635028409582355,False
5197,COMMUNITY FIRST BANK,2024-09-30,103.922,0.0,0.606097072448894,False
5198,FIRST NB OF MILACA,2024-03-31,241.865,0.0,1.3597925088320333,False
5198,FIRST NB OF MILACA,2024-06-30,246.248,0.0,1.870129290800133,False
5198,FIRST NB OF MILACA,2024-09-30,251.42,0.0,1.4863978258021957,False
5214,FIRST NB OF MOOSE LAKE,2024-03-31,110.833,3.464,0.5435519491143481,False
5214,FIRST NB OF MOOSE LAKE,2024-06-30,107.369,0.0,0.701795133040162,False
5214,FIRST NB OF MOOSE LAKE,2024-09-30,112.623,0.0,0.5451030618420556,False
5219,COMMUNITY RESOURCE BANK,2024-03-31,325.106,5.519,1.5852756423168226,False
5219,COMMUNITY RESOURCE BANK,2024-06-30,319.587,6.744,1.924852428556268,False
5219,COMMUNITY RESOURCE BANK,2024-09-30,312.843,11.642,1.2893915642454319,False
5221,FIRST NB OF OSAKIS,2024-03-31,73.431,0.0,0.2346209505742789,False
5221,FIRST NB OF OSAKIS,2024-06-30,73.486,0.0,0.3417168784113833,False
5221,FIRST NB OF OSAKIS,2024-09-30,76.109,0.0,0.27566294767630384,False
5223,CITIZENS NB OF PARK RAPIDS,2024-03-31,284.561,0.0,1.2778492326376696,False
5223,CITIZENS NB OF PARK RAPIDS,2024-06-30,302.654,2.543,2.0432955982791947,False
5223,CITIZENS NB OF PARK RAPIDS,2024-09-30,300.111,0.0,1.3732157992904275,False
5229,FORESIGHT BANK,2024-03-31,288.599,0.0,1.2562719220988312,False
5229,FORESIGHT BANK,2024-06-30,304.547,0.0,1.8095871163611268,False
5229,FORESIGHT BANK,2024-09-30,330.414,0.0,1.3438548061083067,False
5232,FIRST NB OF PROCTOR,2024-03-31,28.776,0.618,0.06224195190172231,False
5232,FIRST NB OF PROCTOR,2024-06-30,28.158,0.0,0.11346964205126206,False
5232,FIRST NB OF PROCTOR,2024-09-30,28.578,0.0,0.10306930226397713,False
5247,FIRST NB MINNESOTA,2024-03-31,382.601,0.0,1.8497483381943027,False
5247,FIRST NB MINNESOTA,2024-06-30,383.882,2.767,2.4741536884970436,False
5247,FIRST NB MINNESOTA,2024-09-30,381.115,0.0,1.7634654706909887,False
5249,MINNESOTA NATIONAL BANK,2024-03-31,247.839,3.843,1.298279214509947,False
5249,MINNESOTA NATIONAL BANK,2024-06-30,243.996,0.0,1.7029483327822497,False
5249,MINNESOTA NATIONAL BANK,2024-09-30,252.23,2.076,1.265312941609068,False
5252,FIRST SECURITY BK SLEEPY EYE,2024-03-31,156.522,0.389,1.2016548958935165,False
5252,FIRST SECURITY BK SLEEPY EYE,2024-06-30,156.133,0.0,1.7813940850396488,False
5252,FIRST SECURITY BK SLEEPY EYE,2024-09-30,164.63,2.465,1.5423143842623925,False
5269,FIRST NATIONAL BANK NORTH,2024-03-31,638.763,0.0,3.5165238216210533,False
5269,FIRST NATIONAL BANK NORTH,2024-06-30,651.403,0.0,4.623961476489133,False
5269,FIRST NATIONAL BANK NORTH,2024-09-30,692.615,0.0,4.090568761970201,False
5270,KEEN BANK NATIONAL ASSN,2024-03-31,162.392,2.188,1.017988380145724,False
5270,KEEN BANK NATIONAL ASSN,2024-06-30,160.204,0.0,1.2272872655004232,False
5270,KEEN BANK NATIONAL ASSN,2024-09-30,160.819,0.0,0.8580643352793194,False
5278,FIRST FINL BK IN WINNEBAGO,2024-03-31,48.081,0.029,0.10985541058700928,False
5278,FIRST FINL BK IN WINNEBAGO,2024-06-30,48.052,0.0,0.18417802797407226,False
5278,FIRST FINL BK IN WINNEBAGO,2024-09-30,49.18,0.0,0.15865783397006672,False
5280,WNB FINANCIAL N A,2024-03-31,461.502,0.0,2.4977217370820792,False
5280,WNB FINANCIAL N A,2024-06-30,467.719,0.0,3.212607578390552,False
5280,WNB FINANCIAL N A,2024-09-30,475.972,0.0,2.4973767290419677,False
5283,AMERICAN BANK OF BEAVER DAM,2024-03-31,171.461,1.688,1.1550006540076245,False
5283,AMERICAN BANK OF BEAVER DAM,2024-06-30,169.773,0.0,1.6114410913105595,False
5283,AMERICAN BANK OF BEAVER DAM,2024-09-30,179.601,0.0,1.5491758059419567,False
5285,FIRST NATIONAL BANK&TRUST CO,2024-03-31,1223.557,7.514,5.885969837531809,False
5285,FIRST NATIONAL BANK&TRUST CO,2024-06-30,1216.043,0.0,7.8196588271943615,False
5285,FIRST NATIONAL BANK&TRUST CO,2024-09-30,1267.246,0.0,5.976604211307293,False
5286,FORTIFI BANK,2024-03-31,495.613,0.0,2.4372188382884827,False
5286,FORTIFI BANK,2024-06-30,497.181,0.0,3.2311032111100126,False
5286,FORTIFI BANK,2024-09-30,509.391,0.0,2.4858968776801373,False
5295,PREMIERBANK,2024-03-31,457.811,6.314,2.7123350327461955,False
5295,PREMIERBANK,2024-06-30,451.497,0.0,3.4369119536001307,False
5295,PREMIERBANK,2024-09-30,461.554,0.0,2.623266694863549,False
5296,ASSOCIATED BANK NA,2024-03-31,33733.53,969.472,80.52946010046942,True
5296,ASSOCIATED BANK NA,2024-06-30,32764.058,0.0,106.94249004078712,True
5296,ASSOCIATED BANK NA,2024-09-30,33823.377,0.0,75.43987159193875,True
5297,FORTE BANK,2024-03-31,296.743,1.294,1.473736513755876,False
5297,FORTE BANK,2024-06-30,295.449,0.0,1.9107488857611015,False
5297,FORTE BANK,2024-09-30,312.479,0.0,1.6168795651369352,False
5304,BANK FIRST N A,2024-03-31,3459.776,12.305,10.65469518072321,True
5304,BANK FIRST N A,2024-06-30,3447.471,0.0,14.550345686515822,True
5304,BANK FIRST N A,2024-09-30,3547.038,0.0,10.872789652627805,True
5306,STEPHENSON NB&T,2024-03-31,599.879,30.872,3.4252345897202723,False
5306,STEPHENSON NB&T,2024-06-30,569.007,0.0,3.9930155328254275,False
5306,STEPHENSON NB&T,2024-09-30,570.133,0.0,2.8654149731471517,False
5317,PESHTIGO NATIONAL BANK,2024-03-31,230.589,1.23,1.4479953524479883,False
5317,PESHTIGO NATIONAL BANK,2024-06-30,229.359,0.0,1.8283214829732612,False
5317,PESHTIGO NATIONAL BANK,2024-09-30,234.142,0.0,1.4681087767274557,False
5335,WOODTRUST BANK,2024-03-31,536.853,3.745,4.584022418517058,False
5335,WOODTRUST BANK,2024-06-30,533.108,0.0,5.619583145044599,False
5335,WOODTRUST BANK,2024-09-30,549.519,0.0,4.65786052244418,False
5336,PILLAR BANK,2024-03-31,196.977,7.941,1.1425097145152643,False
5336,PILLAR BANK,2024-06-30,189.036,0.0,1.495690399493735,False
5336,PILLAR BANK,2024-09-30,194.778,0.0,1.1422563553434693,False
5337,FIRST NB OF BANGOR,2024-03-31,205.316,0.0,0.8338045105823068,False
5337,FIRST NB OF BANGOR,2024-06-30,206.572,0.0,1.1440372542625894,False
5337,FIRST NB OF BANGOR,2024-09-30,208.165,0.0,0.7325246287497811,False
5357,FIRST NATIONAL CMTY BANK,2024-03-31,283.281,0.524,1.7824535074250183,False
5357,FIRST NATIONAL CMTY BANK,2024-06-30,282.757,0.0,2.1917982357158987,False
5357,FIRST NATIONAL CMTY BANK,2024-09-30,284.391,0.0,1.7385631099824037,False
5364,FIRST NB OF RIVER FALLS,2024-03-31,289.004,6.347,1.9825511443284765,False
5364,FIRST NB OF RIVER FALLS,2024-06-30,282.657,7.421,2.383624300969437,False
5364,FIRST NB OF RIVER FALLS,2024-09-30,275.236,10.654,1.7152636386465874,False
5369,WEST PLAINS BANK,2024-03-31,97.75,0.499,0.5931884546496907,False
5369,WEST PLAINS BANK,2024-06-30,97.251,0.0,0.7387018168281442,False
5369,WEST PLAINS BANK,2024-09-30,98.248,2.599,0.5472791173741829,False
5377,FARMERS&MERCHANTS BK ASHLAND,2024-03-31,104.471,0.0,0.4294624906943795,False
5377,FARMERS&MERCHANTS BK ASHLAND,2024-06-30,110.591,0.0,0.6595251767284894,False
5377,FARMERS&MERCHANTS BK ASHLAND,2024-09-30,113.684,0.0,0.5256586801654302,False
5380,FIRST BANK OF BANCROFT,2024-03-31,25.975,0.764,0.0,False
5380,FIRST BANK OF BANCROFT,2024-06-30,25.211,0.965,0.005167072133440588,False
5380,FIRST BANK OF BANCROFT,2024-09-30,24.246,0.258,0.010351342627885072,False
5384,FIRST COMMUNITY BANK,2024-03-31,212.385,0.0,1.1873255467416337,False
5384,FIRST COMMUNITY BANK,2024-06-30,228.92,0.0,1.859386896808058,False
5384,FIRST COMMUNITY BANK,2024-09-30,236.34,2.531,1.4654303285896066,False
5394,WAYPOINT BANK,2024-03-31,295.519,10.634,1.5884667272061281,False
5394,WAYPOINT BANK,2024-06-30,284.885,0.0,1.998702360612493,False
5394,WAYPOINT BANK,2024-09-30,295.04,0.0,1.5275991288367203,False
5396,CITY BANK&TRUST CO,2024-03-31,240.959,0.0,1.0122047289474645,False
5396,CITY BANK&TRUST CO,2024-06-30,268.66,0.0,1.5613159158145358,False
5396,CITY BANK&TRUST CO,2024-09-30,286.056,0.0,1.3478885612456735,False
5401,F&M BANK,2024-03-31,104.119,0.0,0.5293317398233883,False
5401,F&M BANK,2024-06-30,110.241,0.0,1.0071372241795826,False
5401,F&M BANK,2024-09-30,112.77,0.0,0.962449528500795,False
5405,FIRST B&T OF FULLERTON,2024-03-31,79.175,0.0,0.3766241403795563,False
5405,FIRST B&T OF FULLERTON,2024-06-30,79.717,4.124,0.4980529405062083,False
5405,FIRST B&T OF FULLERTON,2024-09-30,75.593,0.0,0.3450625650857392,False
5408,GENOA COMMUNITY BANK,2024-03-31,55.81,0.593,0.15517567361917142,False
5408,GENOA COMMUNITY BANK,2024-06-30,55.217,1.075,0.21855312751976436,False
5408,GENOA COMMUNITY BANK,2024-09-30,54.142,2.945,0.16785018960438283,False
5410,FIRST NB OF GORDON,2024-03-31,313.282,33.508,2.200889171993054,False
5410,FIRST NB OF GORDON,2024-06-30,279.774,0.0,2.4681490437993663,False
5410,FIRST NB OF GORDON,2024-09-30,311.605,24.034,2.1130369323671006,False
5415,SECURITY FIRST BANK,2024-03-31,1651.297,162.029,9.637883211443864,False
5415,SECURITY FIRST BANK,2024-06-30,1489.268,0.0,9.5673431302729,False
5415,SECURITY FIRST BANK,2024-09-30,1594.293,0.0,7.885499699531206,False
5422,FIRST NB OF JOHNSON,2024-03-31,75.974,2.093,0.4493356516790458,False
5422,FIRST NB OF JOHNSON,2024-06-30,73.881,3.742,0.593094721347429,False
5422,FIRST NB OF JOHNSON,2024-09-30,70.139,0.0,0.421910084338496,False
5424,SECURITY BANK,2024-03-31,270.776,0.0,1.6413886530377315,False
5424,SECURITY BANK,2024-06-30,271.146,5.511,1.9752326096742314,False
5424,SECURITY BANK,2024-09-30,265.635,0.0,1.3762019141483706,False
5425,LEGENDS WEST BANK,2024-03-31,33.364,0.0,0.030557763537395477,False
5425,LEGENDS WEST BANK,2024-06-30,43.548,0.0,0.1068566973618856,False
5425,LEGENDS WEST BANK,2024-09-30,59.187,0.0,0.16628377726340496,False
5432,FIRST NORTHEAST BANK OF NE,2024-03-31,353.413,0.0,2.1403953823198294,False
5432,FIRST NORTHEAST BANK OF NE,2024-06-30,360.192,1.87,2.9334578880028936,False
5432,FIRST NORTHEAST BANK OF NE,2024-09-30,358.322,5.748,2.087252072069136,False
5434,MNB BANK,2024-03-31,485.035,5.058,3.119494877677234,False
5434,MNB BANK,2024-06-30,479.977,0.0,3.551571896450846,False
5434,MNB BANK,2024-09-30,480.131,3.336,2.5369642665493988,False
5438,FIRST BANK&TRUST CO,2024-03-31,76.263,1.099,0.403052092922933,False
5438,FIRST BANK&TRUST CO,2024-06-30,75.164,5.271,0.5161300058678798,False
5438,FIRST BANK&TRUST CO,2024-09-30,69.893,0.0,0.32907467389854916,False
5439,MINDEN EXCHANGE B&T CO,2024-03-31,146.292,8.009,0.9398050852681008,False
5439,MINDEN EXCHANGE B&T CO,2024-06-30,138.283,2.036,1.0229281232043632,False
5439,MINDEN EXCHANGE B&T CO,2024-09-30,136.247,0.0,0.685957665070437,False
5442,PLATTE VALLEY BANK,2024-03-31,598.084,0.0,2.647690335177187,False
5442,PLATTE VALLEY BANK,2024-06-30,598.096,0.0,3.348861948540741,False
5442,PLATTE VALLEY BANK,2024-09-30,614.246,0.0,2.6156742147177865,False
5452,FIRST NATIONAL BANK OF OMAHA,2024-03-31,26578.972,260.873,71.94287315769499,True
5452,FIRST NATIONAL BANK OF OMAHA,2024-06-30,26318.099,0.0,94.3805625362144,True
5452,FIRST NATIONAL BANK OF OMAHA,2024-09-30,26517.64,0.0,67.84393590631798,True
5460,FIRST NATIONAL BANK IN ORD,2024-03-31,134.801,2.862,1.1919641146702493,False
5460,FIRST NATIONAL BANK IN ORD,2024-06-30,131.939,2.836,1.4889070464583596,False
5460,FIRST NATIONAL BANK IN ORD,2024-09-30,129.103,0.0,0.974493612122658,False
5469,CITIZENS BANK&TRUST CO,2024-03-31,183.052,0.0,1.0366686722854916,False
5469,CITIZENS BANK&TRUST CO,2024-06-30,192.973,3.925,1.4882687678767108,False
5469,CITIZENS BANK&TRUST CO,2024-09-30,189.048,3.876,1.042306209762556,False
5472,CATTLE BANK&TRUST,2024-03-31,325.198,0.0,1.607766234923321,False
5472,CATTLE BANK&TRUST,2024-06-30,329.862,6.773,2.2171198600687334,False
5472,CATTLE BANK&TRUST,2024-09-30,323.089,0.0,1.471309243580293,False
5473,JONES BANK,2024-03-31,349.659,3.181,2.224347440945834,False
5473,JONES BANK,2024-06-30,346.478,3.028,2.741211183563405,False
5473,JONES BANK,2024-09-30,343.45,0.0,1.8791693859914094,False
5478,STANTON STATE BANK,2024-03-31,55.287,0.395,0.3074487400095766,False
5478,STANTON STATE BANK,2024-06-30,54.892,1.801,0.42683608021301955,False
5478,STANTON STATE BANK,2024-09-30,53.091,1.173,0.2872077004553187,False
5486,FIRSTBANK OF NEBRASKA,2024-03-31,334.455,0.0,2.109159972599494,False
5486,FIRSTBANK OF NEBRASKA,2024-06-30,337.538,0.0,2.791886565528543,False
5486,FIRSTBANK OF NEBRASKA,2024-09-30,352.075,0.0,2.1139016637987704,False
5490,STATE NEBRASKA BANK&TRUST,2024-03-31,217.413,13.785,1.45850842823979,False
5490,STATE NEBRASKA BANK&TRUST,2024-06-30,203.628,0.0,1.552551308953337,False
5490,STATE NEBRASKA BANK&TRUST,2024-09-30,208.662,6.893,1.1505943051721603,False
5495,CITIZENS STATE BANK,2024-03-31,508.449,0.0,2.729236943691316,False
5495,CITIZENS STATE BANK,2024-06-30,513.048,0.0,3.5412343901381416,False
5495,CITIZENS STATE BANK,2024-09-30,522.248,0.0,2.499407787547661,False
5496,CORNERSTONE BANK,2024-03-31,2275.628,0.0,8.933560181953633,False
5496,CORNERSTONE BANK,2024-06-30,2308.049,0.0,12.068687872131555,False
5496,CORNERSTONE BANK,2024-09-30,2404.305,0.0,8.857177798260526,False
5510,FROST BANK,2024-03-31,41246.014,499.644,174.9933147464762,True
5510,FROST BANK,2024-06-30,40746.37,0.0,211.7073830545029,True
5510,FROST BANK,2024-09-30,42170.008,0.0,171.77417603843801,True
5518,CITY NB OF SAN SABA,2024-03-31,89.075,8.138,0.7642162079607676,False
5518,CITY NB OF SAN SABA,2024-06-30,80.937,5.875,0.8738384963063955,False
5518,CITY NB OF SAN SABA,2024-09-30,75.062,1.637,0.6315427105699953,False
5520,SANTA ANNA NATIONAL BANK,2024-03-31,53.57,0.0,0.1523663800021419,False
5520,SANTA ANNA NATIONAL BANK,2024-06-30,56.835,0.0,0.2708788732758529,False
5520,SANTA ANNA NATIONAL BANK,2024-09-30,60.217,0.0,0.24783657744169776,False
5529,FIRST NB OF SHINER,2024-03-31,867.636,19.755,8.887636748112993,False
5529,FIRST NB OF SHINER,2024-06-30,847.881,26.397,10.741040395423791,False
5529,FIRST NB OF SHINER,2024-09-30,821.484,0.0,8.072748002333169,False
5531,FIRST NB OF SONORA,2024-03-31,536.91,8.597,3.5837722490340824,False
5531,FIRST NB OF SONORA,2024-06-30,528.313,0.0,4.328174429448781,False
5531,FIRST NB OF SONORA,2024-09-30,541.083,0.0,3.319112133218775,False
5536,FIRST NB OF STANTON,2024-03-31,327.583,1.035,2.735597336973717,False
5536,FIRST NB OF STANTON,2024-06-30,326.548,0.0,3.458356365317873,False
5536,FIRST NB OF STANTON,2024-09-30,358.224,0.0,2.670328803865191,False
5538,FIRST NB OF STERLING CITY,2024-03-31,236.981,23.531,2.682592540930096,False
5538,FIRST NB OF STERLING CITY,2024-06-30,213.45,2.46,2.5624379116447678,False
5538,FIRST NB OF STERLING CITY,2024-09-30,210.99,0.0,1.9058196091414943,False
5544,CITY NB OF SULPHUR SPRINGS,2024-03-31,1105.869,4.072,5.47443577545621,False
5544,CITY NB OF SULPHUR SPRINGS,2024-06-30,1101.797,0.0,7.12340314134173,False
5544,CITY NB OF SULPHUR SPRINGS,2024-09-30,1122.114,0.0,5.1797841878581625,False
5548,CITY NATIONAL BANK OF TAYLOR,2024-03-31,222.034,7.06,1.4700326728392117,False
5548,CITY NATIONAL BANK OF TAYLOR,2024-06-30,214.974,0.0,2.107460720094065,False
5548,CITY NATIONAL BANK OF TAYLOR,2024-09-30,217.459,4.154,1.6892809357510459,False
5551,EXTRACO BANKS NATIONAL ASSN,2024-03-31,1841.752,0.0,11.91823537018846,True
5551,EXTRACO BANKS NATIONAL ASSN,2024-06-30,1955.808,5.657,16.950152672136674,True
5551,EXTRACO BANKS NATIONAL ASSN,2024-09-30,1950.151,61.658,11.92002092884003,True
5557,FIRST NB OF TOM BEAN,2024-03-31,124.419,0.0,0.6640494507922753,False
5557,FIRST NB OF TOM BEAN,2024-06-30,125.053,0.0,0.905060845229948,False
5557,FIRST NB OF TOM BEAN,2024-09-30,129.059,3.221,0.7189094026002669,False
5558,CAPTEX BANK,2024-03-31,277.6,0.0,1.2005014998526966,False
5558,CAPTEX BANK,2024-06-30,295.627,0.0,2.151940897117237,False
5558,CAPTEX BANK,2024-09-30,297.861,7.779,1.340666695697696,False
5559,FIRST NB OF TRINITY,2024-03-31,82.411,0.0,0.48074553714745827,False
5559,FIRST NB OF TRINITY,2024-06-30,82.854,0.0,0.754820268639625,False
5559,FIRST NB OF TRINITY,2024-09-30,84.872,4.341,0.6012067980777083,False
5564,FIRST NB OF BOSQUE COUNTY,2024-03-31,152.184,0.0,0.9792410244787362,False
5564,FIRST NB OF BOSQUE COUNTY,2024-06-30,155.363,3.395,1.232308993391656,False
5564,FIRST NB OF BOSQUE COUNTY,2024-09-30,151.968,3.024,0.8045641231978465,False
5568,HERRING BANK,2024-03-31,438.635,1.008,2.6410659760800415,False
5568,HERRING BANK,2024-06-30,437.627,0.0,3.547848587312123,False
5568,HERRING BANK,2024-09-30,439.957,8.69,2.448177896890123,False
5569,WAGGONER NB OF VERNON,2024-03-31,288.236,5.828,1.714672537087526,False
5569,WAGGONER NB OF VERNON,2024-06-30,282.408,5.586,2.2118074191613073,False
5569,WAGGONER NB OF VERNON,2024-09-30,276.822,0.0,1.512480511801934,False
5574,CITIZENS NB OF TEXAS,2024-03-31,1569.227,0.0,6.995361554691348,False
5574,CITIZENS NB OF TEXAS,2024-06-30,1675.6,0.0,11.040860903601533,False
5574,CITIZENS NB OF TEXAS,2024-09-30,1696.185,13.977,7.322104901457692,False
5575,FIRST NB&T CO OF WEATHERFORD,2024-03-31,928.592,13.165,4.429026955319165,False
5575,FIRST NB&T CO OF WEATHERFORD,2024-06-30,915.427,0.0,5.983558171387123,False
5575,FIRST NB&T CO OF WEATHERFORD,2024-09-30,937.772,11.889,4.81303741844116,False
5589,FANNIN BANK,2024-03-31,132.227,0.0,0.7542422681427123,False
5589,FANNIN BANK,2024-06-30,132.535,0.0,1.0277668865502423,False
5589,FANNIN BANK,2024-09-30,133.364,0.0,0.7678544287176098,False
5590,FIRST NB OF WINNSBORO,2024-03-31,118.282,2.11,0.6813936335204295,False
5590,FIRST NB OF WINNSBORO,2024-06-30,116.172,0.0,0.8802966852864512,False
5590,FIRST NB OF WINNSBORO,2024-09-30,118.653,2.707,0.6333426434111854,False
5595,YOAKUM NATIONAL BANK,2024-03-31,256.908,0.0,1.5335270867117707,False
5595,YOAKUM NATIONAL BANK,2024-06-30,265.207,0.0,2.251495943671391,False
5595,YOAKUM NATIONAL BANK,2024-09-30,268.267,0.0,1.5766799622999865,False
5598,TROY BANK&TRUST CO,2024-03-31,1360.408,27.905,6.540435117843371,False
5598,TROY BANK&TRUST CO,2024-06-30,1332.503,0.0,8.162329760520095,False
5598,TROY BANK&TRUST CO,2024-09-30,1334.358,0.0,5.764009650135473,False
5602,UNION STATE BANK,2024-03-31,203.087,0.0,2.00827090090018,False
5602,UNION STATE BANK,2024-06-30,209.54,6.055,2.7846973477448835,False
5602,UNION STATE BANK,2024-09-30,203.485,0.0,1.8856518261630688,False
5605,BANK OF BREWTON,2024-03-31,38.481,0.729,0.07551874815547291,False
5605,BANK OF BREWTON,2024-06-30,37.752,1.393,0.13805422336523304,False
5605,BANK OF BREWTON,2024-09-30,36.359,0.268,0.10289632181982195,False
5615,CHAMBERS BANK,2024-03-31,1079.647,0.0,4.265931371935417,False
5615,CHAMBERS BANK,2024-06-30,1085.872,0.0,5.698878728563375,False
5615,CHAMBERS BANK,2024-09-30,1149.72,0.0,4.214051314040344,False
5619,COMMUNITY STATE BANK,2024-03-31,34.879,0.0,0.005166816431578036,False
5619,COMMUNITY STATE BANK,2024-06-30,41.61,0.0,0.1906630891610181,False
5619,COMMUNITY STATE BANK,2024-09-30,46.857,0.0,0.19299935393196915,False
5623,SMACKOVER STATE BANK,2024-03-31,195.08,2.67,1.1000077802499257,False
5623,SMACKOVER STATE BANK,2024-06-30,192.41,0.0,1.4172317595923807,False
5623,SMACKOVER STATE BANK,2024-09-30,194.358,0.405,1.0372673430399286,False
5624,BODCAW BANK,2024-03-31,210.883,0.0,0.8810127110749056,False
5624,BODCAW BANK,2024-06-30,220.407,7.234,1.3686658032024543,False
5624,BODCAW BANK,2024-09-30,213.173,0.801,0.8868181628780554,False
5628,PIGGOTT STATE BANK,2024-03-31,114.329,0.0,0.8753058100344893,False
5628,PIGGOTT STATE BANK,2024-06-30,114.798,6.858,1.0329293363941123,False
5628,PIGGOTT STATE BANK,2024-09-30,107.94,0.0,0.6271968825351267,False
5632,LOGAN COUNTY BANK,2024-03-31,91.539,0.0,0.4091242813510321,False
5632,LOGAN COUNTY BANK,2024-06-30,92.257,0.0,0.5883260149465666,False
5632,LOGAN COUNTY BANK,2024-09-30,93.284,0.0,0.42774379934170415,False
5633,FIRST SECURITY BANK,2024-03-31,6235.536,14.13,26.33342154362966,True
5633,FIRST SECURITY BANK,2024-06-30,6221.406,0.0,36.33681693471469,True
5633,FIRST SECURITY BANK,2024-09-30,6398.202,0.0,27.304745707806653,True
5634,CONNECT BANK,2024-03-31,101.152,0.0,0.5860555948518577,False
5634,CONNECT BANK,2024-06-30,104.265,0.692,0.8293035354893188,False
5634,CONNECT BANK,2024-09-30,103.573,0.0,0.5750674886156674,False
5635,CS BANK,2024-03-31,434.004,0.0,1.986335789271879,False
5635,CS BANK,2024-06-30,449.703,1.303,2.9396415200647064,False
5635,CS BANK,2024-09-30,448.4,0.0,1.937229322546463,False
5649,DISCOVER BANK,2024-03-31,113886.215,1805.009,236.50870543885867,True
5649,DISCOVER BANK,2024-06-30,112081.206,0.0,293.29241436437195,True
5649,DISCOVER BANK,2024-09-30,114517.386,2056.978,205.31076393067852,True
5673,CITIZENS BANK&TRUST,2024-03-31,1273.147,0.0,6.988381498666816,False
5673,CITIZENS BANK&TRUST,2024-06-30,1298.3,21.773,9.243669663201565,False
5673,CITIZENS BANK&TRUST,2024-09-30,1276.527,0.0,6.526490283364681,False
5676,BRANNEN BANK,2024-03-31,879.754,0.0,8.697965528196864,False
5676,BRANNEN BANK,2024-06-30,883.528,14.139,10.759407334269767,False
5676,BRANNEN BANK,2024-09-30,869.389,0.0,7.27565970337445,False
5685,SOUTHEASTERN BANK,2024-03-31,539.269,28.708,3.2511820701682113,False
5685,SOUTHEASTERN BANK,2024-06-30,510.561,0.0,3.6881402500073563,False
5685,SOUTHEASTERN BANK,2024-09-30,516.569,0.0,2.6766574037188096,False
5686,BANK OF EDISON,2024-03-31,77.92,2.853,0.5381063451558796,False
5686,BANK OF EDISON,2024-06-30,75.067,0.414,0.5230611890593266,False
5686,BANK OF EDISON,2024-09-30,74.653,0.0,0.4069423068711777,False
5694,PRIMESOUTH BANK,2024-03-31,1103.985,0.0,5.06676748308075,False
5694,PRIMESOUTH BANK,2024-06-30,1127.709,0.0,7.078917098009473,False
5694,PRIMESOUTH BANK,2024-09-30,1145.072,0.0,5.028075112177683,False
5699,BANK OF WRIGHTSVILLE,2024-03-31,82.969,0.0,0.6157174746619394,False
5699,BANK OF WRIGHTSVILLE,2024-06-30,83.858,1.547,0.8532225318451192,False
5699,BANK OF WRIGHTSVILLE,2024-09-30,82.311,0.0,0.6281524315272587,False
5704,BANK OF NEWINGTON,2024-03-31,244.173,0.0,1.4353926067128109,False
5704,BANK OF NEWINGTON,2024-06-30,254.204,11.556,2.3318243103288245,False
5704,BANK OF NEWINGTON,2024-09-30,242.648,4.269,1.3713461035356216,False
5709,FARMERS BANK,2024-03-31,148.601,11.185,1.0733383404641061,False
5709,FARMERS BANK,2024-06-30,137.416,17.797,1.1627104449385852,False
5709,FARMERS BANK,2024-09-30,119.619,0.0,0.6122800208723719,False
5716,FARMERS&MERCHANTS BANK,2024-03-31,617.321,0.0,3.560140801704244,False
5716,FARMERS&MERCHANTS BANK,2024-06-30,620.499,18.589,4.581200682501968,False
5716,FARMERS&MERCHANTS BANK,2024-09-30,601.91,0.0,2.948595359741952,False
5722,PHILO EXCHANGE BANK,2024-03-31,117.032,9.357,0.6117950288496018,False
5722,PHILO EXCHANGE BANK,2024-06-30,107.675,0.387,0.7945787847849766,False
5722,PHILO EXCHANGE BANK,2024-09-30,107.288,1.019,0.5380485330985517,False
5730,STATE BANK OF ST JACOB,2024-03-31,72.747,0.0,0.3636926628996216,False
5730,STATE BANK OF ST JACOB,2024-06-30,74.533,2.258,0.5202543934147783,False
5730,STATE BANK OF ST JACOB,2024-09-30,72.275,0.0,0.35000638236917936,False
5740,STATE BANK OF DAVIS,2024-03-31,154.393,0.0,0.8489413250939903,False
5740,STATE BANK OF DAVIS,2024-06-30,158.305,1.709,1.1919901520475955,False
5740,STATE BANK OF DAVIS,2024-09-30,156.596,0.0,0.8681684669252494,False
5744,STATE BANK OF THE LAKES NA,2024-03-31,1656.553,0.0,6.127131319194091,False
5744,STATE BANK OF THE LAKES NA,2024-06-30,1791.8,3.196,9.329952383214819,False
5744,STATE BANK OF THE LAKES NA,2024-09-30,1788.604,3.804,6.435362904439379,False
5749,GERMAN-AMERICAN STATE BANK,2024-03-31,298.046,0.0,1.5592999759205945,False
5749,GERMAN-AMERICAN STATE BANK,2024-06-30,305.895,3.575,2.1535683422683616,False
5749,GERMAN-AMERICAN STATE BANK,2024-09-30,302.32,2.921,1.5122242229255456,False
5753,FIDELITY BANK,2024-03-31,128.857,0.0,0.7212505406970586,False
5753,FIDELITY BANK,2024-06-30,133.498,0.0,1.0257223159565259,False
5753,FIDELITY BANK,2024-09-30,148.322,0.0,0.8490529973363444,False
5768,FOUNTAIN TRUST CO,2024-03-31,583.556,0.0,3.831881381567188,False
5768,FOUNTAIN TRUST CO,2024-06-30,586.184,0.0,4.491363312311005,False
5768,FOUNTAIN TRUST CO,2024-09-30,600.905,0.0,3.5032795615280197,False
5779,PEOPLES BANK,2024-03-31,280.737,0.0,2.355887166183206,False
5779,PEOPLES BANK,2024-06-30,280.831,1.219,2.9937715971880667,False
5779,PEOPLES BANK,2024-09-30,279.612,4.634,2.1827828476043565,False
5786,SPENCER COUNTY BANK,2024-03-31,113.052,3.903,0.6733035083099552,False
5786,SPENCER COUNTY BANK,2024-06-30,109.149,2.08,0.8048880653485581,False
5786,SPENCER COUNTY BANK,2024-09-30,107.069,0.0,0.5434849014060978,False
5791,FIRST STATE BANK,2024-03-31,103.602,1.104,0.7222950979954916,False
5791,FIRST STATE BANK,2024-06-30,102.498,0.382,0.9519550745145182,False
5791,FIRST STATE BANK,2024-09-30,102.116,0.0,0.6937166838353206,False
5792,BREDA SAVINGS BANK,2024-03-31,80.942,0.957,0.36094171441938483,False
5792,BREDA SAVINGS BANK,2024-06-30,79.985,0.36,0.5011508373849797,False
5792,BREDA SAVINGS BANK,2024-09-30,79.625,4.326,0.3699758031826985,False
5796,EARLHAM SAVINGS BANK,2024-03-31,334.059,4.96,2.380067359319541,False
5796,EARLHAM SAVINGS BANK,2024-06-30,329.099,0.885,3.2980646659765824,False
5796,EARLHAM SAVINGS BANK,2024-09-30,328.214,0.0,2.294041020749821,False
5797,FARMERS STATE BANK,2024-03-31,195.429,12.675,1.0048406998318757,False
5797,FARMERS STATE BANK,2024-06-30,182.754,11.174,1.266904708034581,False
5797,FARMERS STATE BANK,2024-09-30,171.58,0.0,0.827115457660799,False
5800,AMERICAN BANK NATIONAL ASSN,2024-03-31,430.0,0.0,2.1255273983301275,False
5800,AMERICAN BANK NATIONAL ASSN,2024-06-30,434.425,23.003,3.194194865275932,False
5800,AMERICAN BANK NATIONAL ASSN,2024-09-30,411.422,0.0,1.8498803598809175,False
5814,AUDUBON STATE BANK,2024-03-31,120.328,0.723,0.6088878340538626,False
5814,AUDUBON STATE BANK,2024-06-30,119.605,0.0,0.8527838199083098,False
5814,AUDUBON STATE BANK,2024-09-30,124.47,0.0,0.5442106275225008,False
5817,HARDIN COUNTY SAVINGS BANK,2024-03-31,291.066,10.923,1.7525564336839046,False
5817,HARDIN COUNTY SAVINGS BANK,2024-06-30,280.143,0.0,2.2094179936837124,False
5817,HARDIN COUNTY SAVINGS BANK,2024-09-30,291.286,0.598,1.6843662126631505,False
5820,STATE CENTRAL BANK,2024-03-31,45.419,0.996,0.434567029815841,False
5820,STATE CENTRAL BANK,2024-06-30,44.423,3.876,0.47335559618463385,False
5820,STATE CENTRAL BANK,2024-09-30,40.547,0.0,0.18791277058918493,False
5821,FIRST STATE BANK,2024-03-31,249.819,0.0,1.26440173944968,False
5821,FIRST STATE BANK,2024-06-30,258.461,0.0,1.7763378052418277,False
5821,FIRST STATE BANK,2024-09-30,286.854,1.554,1.4068918908193626,False
5826,LANDMARK NATIONAL BANK,2024-03-31,1301.197,43.88,5.959830802792064,False
5826,LANDMARK NATIONAL BANK,2024-06-30,1257.317,0.0,7.755776305149707,False
5826,LANDMARK NATIONAL BANK,2024-09-30,1285.544,0.0,5.4194734071356905,False
5830,CITIZENS STATE BANK&TRUST CO,2024-03-31,79.342,3.448,0.34519852821723446,False
5830,CITIZENS STATE BANK&TRUST CO,2024-06-30,75.894,3.728,0.4706814444900994,False
5830,CITIZENS STATE BANK&TRUST CO,2024-09-30,72.166,0.0,0.3276464897689576,False
5835,FIRST STATE BANK,2024-03-31,412.41,0.0,2.5483790598256593,False
5835,FIRST STATE BANK,2024-06-30,431.071,5.99,3.635460407999217,False
5835,FIRST STATE BANK,2024-09-30,425.081,1.691,2.4109072669682674,False
5838,FARMERS STATE BANK,2024-03-31,54.085,0.221,0.22492279172604354,False
5838,FARMERS STATE BANK,2024-06-30,53.864,2.69,0.33537986897004163,False
5838,FARMERS STATE BANK,2024-09-30,51.174,0.0,0.2517361592343175,False
5847,PEOPLES BANK MT WASHINGTON,2024-03-31,101.83,0.0,0.5986306173404127,False
5847,PEOPLES BANK MT WASHINGTON,2024-06-30,104.636,0.0,0.9022572957069637,False
5847,PEOPLES BANK MT WASHINGTON,2024-09-30,106.048,1.58,0.6702734163444467,False
5854,SOUTH CENTRAL BANK INC,2024-03-31,1640.803,40.509,7.355275683336313,False
5854,SOUTH CENTRAL BANK INC,2024-06-30,1600.294,0.0,9.139279343136376,False
5854,SOUTH CENTRAL BANK INC,2024-09-30,1658.568,0.0,6.543172302184863,False
5867,BANK OF OCEAN CITY,2024-03-31,545.379,0.0,2.6279266009130295,False
5867,BANK OF OCEAN CITY,2024-06-30,570.366,0.0,3.8761728440250307,False
5867,BANK OF OCEAN CITY,2024-09-30,613.905,24.222,3.4674491754701693,False
5873,WOODSBORO BANK,2024-03-31,398.523,0.0,2.3360683483336944,False
5873,WOODSBORO BANK,2024-06-30,418.066,0.0,3.53045152592988,False
5873,WOODSBORO BANK,2024-09-30,429.932,18.733,2.689927891016018,False
5874,CALVIN B TAYLOR BK BERLIN MD,2024-03-31,753.746,0.0,3.661561325493217,False
5874,CALVIN B TAYLOR BK BERLIN MD,2024-06-30,785.797,0.0,5.462764008868443,False
5874,CALVIN B TAYLOR BK BERLIN MD,2024-09-30,841.797,23.269,4.826994841131388,False
5885,FARMERS BANK OF WILLARDS,2024-03-31,441.778,0.0,2.3838446454283626,False
5885,FARMERS BANK OF WILLARDS,2024-06-30,442.165,0.0,3.2710764511867216,False
5885,FARMERS BANK OF WILLARDS,2024-09-30,446.816,0.0,2.3968877089240417,False
5892,KALAMAZOO COUNTY STATE BANK,2024-03-31,109.962,0.499,0.6407908405705617,False
5892,KALAMAZOO COUNTY STATE BANK,2024-06-30,109.463,2.914,0.8958273664396897,False
5892,KALAMAZOO COUNTY STATE BANK,2024-09-30,106.549,0.0,0.6583243735009909,False
5902,BANKOKOLONA,2024-03-31,294.964,8.178,1.53957969347587,False
5902,BANKOKOLONA,2024-06-30,286.786,0.0,1.987418608982961,False
5902,BANKOKOLONA,2024-09-30,296.079,0.0,1.513561931546204,False
5903,BANKPLUS,2024-03-31,6650.583,0.0,21.408155700056344,True
5903,BANKPLUS,2024-06-30,6663.029,0.0,27.301684609735634,True
5903,BANKPLUS,2024-09-30,6796.518,0.0,20.453948908709723,True
5907,FIRST BANK,2024-03-31,482.265,0.0,2.8476521714992904,False
5907,FIRST BANK,2024-06-30,488.738,15.933,3.9876783009384265,False
5907,FIRST BANK,2024-09-30,472.805,8.394,2.385191662747556,False
5956,PEOPLES BANK,2024-03-31,1453.848,0.0,7.047759862428921,False
5956,PEOPLES BANK,2024-06-30,1477.523,0.0,9.277443379682902,False
5956,PEOPLES BANK,2024-09-30,1481.527,0.0,6.408157159266262,False
5962,SUTTON BANK,2024-03-31,1868.683,0.0,34.73166932109827,True
5962,SUTTON BANK,2024-06-30,1965.978,646.297,47.682717859083745,True
5962,SUTTON BANK,2024-09-30,1319.681,0.0,18.143455782175856,True
5969,FARMERS&MERCHANTS STATE BANK,2024-03-31,2625.471,0.0,10.090302969853141,True
5969,FARMERS&MERCHANTS STATE BANK,2024-06-30,2645.108,0.0,13.713291139975258,True
5969,FARMERS&MERCHANTS STATE BANK,2024-09-30,2688.328,0.0,10.109824913828241,True
5981,COMMUNITY BANK,2024-03-31,544.564,0.0,2.577582707724838,False
5981,COMMUNITY BANK,2024-06-30,561.505,0.0,3.596429592841637,False
5981,COMMUNITY BANK,2024-09-30,609.476,9.236,2.896041788561314,False
5994,PRISM BANK,2024-03-31,269.83,0.0,1.2713214360425398,False
5994,PRISM BANK,2024-06-30,308.936,0.0,2.0697960904123422,False
5994,PRISM BANK,2024-09-30,345.748,0.0,1.5908212662166394,False
5999,FIRST STATE BANK IN TEMPLE,2024-03-31,20.842,0.0,0.0,False
5999,FIRST STATE BANK IN TEMPLE,2024-06-30,22.031,0.898,0.08322944217908654,False
5999,FIRST STATE BANK IN TEMPLE,2024-09-30,21.133,1.592,0.04173776455887346,False
6051,APOLLO TRUST CO,2024-03-31,148.449,0.0,0.5948085268552011,False
6051,APOLLO TRUST CO,2024-06-30,150.682,0.838,0.8332374953856446,False
6051,APOLLO TRUST CO,2024-09-30,149.844,6.117,0.6035448113887765,False
6063,CORTRUST BANK NATIONAL ASSN,2024-03-31,1361.072,67.79,6.09962196672975,False
6063,CORTRUST BANK NATIONAL ASSN,2024-06-30,1293.282,0.0,7.811627256907655,False
6063,CORTRUST BANK NATIONAL ASSN,2024-09-30,1299.37,22.405,5.51388663208354,False
6064,BRYANT STATE BANK,2024-03-31,46.948,3.904,0.23488545128235905,False
6064,BRYANT STATE BANK,2024-06-30,43.044,0.253,0.18824978751911317,False
6064,BRYANT STATE BANK,2024-09-30,42.791,0.0,0.13819565245242182,False
6078,ONE AMERICAN BANK,2024-03-31,322.866,37.233,2.3417625789156253,False
6078,ONE AMERICAN BANK,2024-06-30,285.633,1.368,2.372731968791582,False
6078,ONE AMERICAN BANK,2024-09-30,284.265,8.522,1.7507527971996264,False
6084,FARMERS STATE BANK OF TURTON,2024-03-31,31.556,0.0,0.1459132157054763,False
6084,FARMERS STATE BANK OF TURTON,2024-06-30,31.57,0.0,0.16145228685201138,False
6084,FARMERS STATE BANK OF TURTON,2024-09-30,32.547,0.188,0.1492389089931081,False
6085,FIRST PREMIER BANK,2024-03-31,2630.826,59.741,13.01152690561658,True
6085,FIRST PREMIER BANK,2024-06-30,2571.085,1.834,15.506946668288363,True
6085,FIRST PREMIER BANK,2024-09-30,2569.251,0.0,10.950692772274996,True
6088,UNION BANK,2024-03-31,202.748,0.0,1.6644691469451287,False
6088,UNION BANK,2024-06-30,204.645,0.0,2.2090463972941965,False
6088,UNION BANK,2024-09-30,204.688,0.0,1.6536694734191173,False
6091,MACON BANK&TRUST CO,2024-03-31,640.867,0.0,3.702999408633643,False
6091,MACON BANK&TRUST CO,2024-06-30,642.27,0.0,4.785101051415895,False
6091,MACON BANK&TRUST CO,2024-09-30,649.224,1.338,3.471037271531259,False
6100,LINEAGE BANK,2024-03-31,294.452,45.993,4.770282586094718,False
6100,LINEAGE BANK,2024-06-30,248.459,57.51,4.120650862915785,False
6100,LINEAGE BANK,2024-09-30,190.949,0.0,1.8034829655867581,False
6101,DECATUR COUNTY BANK,2024-03-31,255.377,0.0,1.3222921555499316,False
6101,DECATUR COUNTY BANK,2024-06-30,256.657,4.414,1.7331375358872225,False
6101,DECATUR COUNTY BANK,2024-09-30,252.243,0.0,1.170063453596251,False
6110,PEOPLES BANK,2024-03-31,97.842,0.0,0.4174284300742039,False
6110,PEOPLES BANK,2024-06-30,101.737,3.091,0.634816061434269,False
6110,PEOPLES BANK,2024-09-30,98.646,0.0,0.43098042596536495,False
6123,BANK OF CLARKE,2024-03-31,1474.369,0.0,6.060157894033243,False
6123,BANK OF CLARKE,2024-06-30,1489.111,0.0,8.098338849794825,False
6123,BANK OF CLARKE,2024-09-30,1546.645,0.0,6.715695173249976,False
6137,BANK OF BOTETOURT,2024-03-31,701.4,13.487,3.5711062582085384,False
6137,BANK OF BOTETOURT,2024-06-30,687.913,0.0,4.231861733027641,False
6137,BANK OF BOTETOURT,2024-09-30,708.771,0.0,3.0061112893942696,False
6139,TOUCHSTONE BANK,2024-03-31,563.278,10.749,2.7633846176012398,False
6139,TOUCHSTONE BANK,2024-06-30,552.529,0.0,3.7766613569060494,False
6156,FARMERS STATE BANK,2024-03-31,50.095,2.5,0.8350992173873574,False
6156,FARMERS STATE BANK,2024-06-30,47.595,0.0,1.2967191018672923,False
6156,FARMERS STATE BANK,2024-09-30,48.633,1.393,1.2270741846530242,False
6158,PEOPLES BANK,2024-03-31,2073.22,0.0,7.8301798789663115,False
6158,PEOPLES BANK,2024-06-30,2090.104,0.0,10.608221393088805,False
6158,PEOPLES BANK,2024-09-30,2110.299,0.0,7.650508992640888,False
6161,KITSAP BANK,2024-03-31,1363.565,10.411,7.0010059698191665,False
6161,KITSAP BANK,2024-06-30,1353.154,0.0,9.141577849434764,False
6161,KITSAP BANK,2024-09-30,1362.106,0.0,6.5509754143796,False
6176,PENDLETON COMMUNITY BANK INC,2024-03-31,646.262,0.0,2.967694690272353,False
6176,PENDLETON COMMUNITY BANK INC,2024-06-30,651.56,0.0,4.107718235546121,False
6176,PENDLETON COMMUNITY BANK INC,2024-09-30,667.123,0.157,2.945176687269566,False
6180,BANK OF MONROE,2024-03-31,200.14,0.0,1.3770813362589533,False
6180,BANK OF MONROE,2024-06-30,200.684,0.0,1.8042351400654726,False
6180,BANK OF MONROE,2024-09-30,211.421,0.0,1.4059673289644383,False
6186,CITIZENS STATE BANK OF LOYAL,2024-03-31,224.845,0.0,1.3283630319487698,False
6186,CITIZENS STATE BANK OF LOYAL,2024-06-30,228.693,0.0,1.85464925398049,False
6186,CITIZENS STATE BANK OF LOYAL,2024-09-30,245.476,1.969,1.5877220480778165,False
6194,CITIZENS STATE BANK,2024-03-31,374.235,0.0,1.9751686621017766,False
6194,CITIZENS STATE BANK,2024-06-30,385.894,7.639,2.678347240509751,False
6194,CITIZENS STATE BANK,2024-09-30,378.255,8.261,1.7013125723748272,False
6195,STERLING BANK,2024-03-31,293.202,0.0,1.5181426880285847,False
6195,STERLING BANK,2024-06-30,297.227,0.0,2.091531525010046,False
6195,STERLING BANK,2024-09-30,297.542,0.0,1.5372775013642415,False
6198,HIGHLAND STATE BANK,2024-03-31,35.847,0.805,0.18431340011569783,False
6198,HIGHLAND STATE BANK,2024-06-30,35.042,0.0,0.24906752673068352,False
6198,HIGHLAND STATE BANK,2024-09-30,36.321,0.0,0.24848656115795334,False
6271,COMMUNITY NATIONAL BANK,2024-03-31,884.85,34.753,3.729101315837314,False
6271,COMMUNITY NATIONAL BANK,2024-06-30,850.097,0.0,4.870392112001791,False
6271,COMMUNITY NATIONAL BANK,2024-09-30,930.724,0.0,3.8600495514593405,False
6275,NATIONAL BANK OF MIDDLEBURY,2024-03-31,481.992,6.042,2.7600618940353354,False
6275,NATIONAL BANK OF MIDDLEBURY,2024-06-30,475.95,2.449,3.5252696720133083,False
6275,NATIONAL BANK OF MIDDLEBURY,2024-09-30,473.501,0.0,2.513996163307492,False
6280,FIRST NB OF ORWELL,2024-03-31,68.177,0.0,0.25604351852151924,False
6280,FIRST NB OF ORWELL,2024-06-30,71.124,0.0,0.44100514327295787,False
6280,FIRST NB OF ORWELL,2024-09-30,75.614,0.0,0.38799321640281464,False
6354,FIRST HOPE BK A NATL BK ASSN,2024-03-31,568.611,8.976,3.1599730646848134,False
6354,FIRST HOPE BK A NATL BK ASSN,2024-06-30,559.635,0.0,3.9108847434244502,False
6354,FIRST HOPE BK A NATL BK ASSN,2024-09-30,587.762,8.783,3.3184021464980558,False
6384,PNC BANK NATIONAL ASSN,2024-03-31,431863.2,9103.019,872.5717578173713,True
6384,PNC BANK NATIONAL ASSN,2024-06-30,422760.181,0.0,1052.0659582641013,True
6384,PNC BANK NATIONAL ASSN,2024-09-30,429848.646,0.0,752.1275850223668,True
6423,AMBOY BANK,2024-03-31,2200.651,60.025,9.291098844181558,False
6423,AMBOY BANK,2024-06-30,2140.626,0.0,11.034129795021522,False
6423,AMBOY BANK,2024-09-30,2229.138,0.0,9.046634555783365,False
6442,FIRST NB OF ABSECON,2024-03-31,170.489,5.573,1.2692861719623796,False
6442,FIRST NB OF ABSECON,2024-06-30,164.916,0.458,1.500174067565187,False
6442,FIRST NB OF ABSECON,2024-09-30,164.458,0.0,1.1347102247485987,False
6464,FIRST NATIONAL BANK OF ELMER,2024-03-31,325.342,0.0,1.6390845874254214,False
6464,FIRST NATIONAL BANK OF ELMER,2024-06-30,347.345,2.956,2.7268546397791043,False
6464,FIRST NATIONAL BANK OF ELMER,2024-09-30,344.389,0.886,1.8807398035811773,False
6528,FIRST NB OF BELLEVUE,2024-03-31,271.604,14.209,1.5791712724350735,False
6528,FIRST NB OF BELLEVUE,2024-06-30,257.395,0.0,1.9320893930957888,False
6528,FIRST NB OF BELLEVUE,2024-09-30,274.436,9.822,1.5146103591827826,False
6530,FIRST NB OF BLANCHESTER,2024-03-31,69.231,0.934,0.3544166672971173,False
6530,FIRST NB OF BLANCHESTER,2024-06-30,68.297,0.297,0.45714755134300383,False
6530,FIRST NB OF BLANCHESTER,2024-09-30,68.0,0.517,0.34593444034078513,False
6531,CITIZENS NB OF BLUFFTON,2024-03-31,782.904,0.159,3.2667245287608613,False
6531,CITIZENS NB OF BLUFFTON,2024-06-30,782.745,0.0,4.478527073283068,False
6531,CITIZENS NB OF BLUFFTON,2024-09-30,809.971,1.841,3.205476135628601,False
6540,FARMERS NB OF CANFIELD,2024-03-31,4248.699,0.0,16.76736774949764,True
6540,FARMERS NB OF CANFIELD,2024-06-30,4258.222,0.0,22.625621272759858,True
6540,FARMERS NB OF CANFIELD,2024-09-30,4417.842,102.731,16.355890953192514,True
6544,PEOPLES BANK,2024-03-31,7365.854,24.328,24.97439432290597,True
6544,PEOPLES BANK,2024-06-30,7341.526,0.0,31.644102681365684,True
6544,PEOPLES BANK,2024-09-30,7520.758,0.0,22.30607229771829,True
6548,U S BANK NATIONAL ASSN,2024-03-31,532825.419,5636.317,1056.4399602429567,True
6548,U S BANK NATIONAL ASSN,2024-06-30,527189.102,4707.467,1342.4825619461678,True
6548,U S BANK NATIONAL ASSN,2024-09-30,522481.635,440.918,963.2353945831769,True
6560,HUNTINGTON NATIONAL BANK,2024-03-31,157649.84,0.0,336.1475633909272,True
6560,HUNTINGTON NATIONAL BANK,2024-06-30,159226.531,0.0,454.9688390608863,True
6560,HUNTINGTON NATIONAL BANK,2024-09-30,162822.191,0.0,321.5782671260174,True
6574,FIRST NB OF DENNISON,2024-03-31,257.619,0.0,1.6025299491744207,False
6574,FIRST NB OF DENNISON,2024-06-30,258.046,0.0,2.213054806467745,False
6574,FIRST NB OF DENNISON,2024-09-30,264.091,10.663,1.719554249433708,False
6584,COMMUNITY FIRST BANK NA,2024-03-31,55.882,2.692,0.3495605458447869,False
6584,COMMUNITY FIRST BANK NA,2024-06-30,53.19,0.411,0.40683898904499527,False
6584,COMMUNITY FIRST BANK NA,2024-09-30,52.779,2.069,0.33895642055424785,False
6592,FIRST NB OF GERMANTOWN,2024-03-31,83.484,3.014,0.44445704489707977,False
6592,FIRST NB OF GERMANTOWN,2024-06-30,80.47,1.904,0.5922065440345301,False
6592,FIRST NB OF GERMANTOWN,2024-09-30,78.566,0.0,0.45023965626343165,False
6600,FIRST FINANCIAL BANK,2024-03-31,13616.628,0.0,42.16933325509778,True
6600,FIRST FINANCIAL BANK,2024-06-30,13842.539,0.0,57.419890419793276,True
6600,FIRST FINANCIAL BANK,2024-09-30,14150.314,0.0,39.74397083716242,True
6605,MERCHANTS NATIONAL BANK,2024-03-31,1118.277,20.403,5.326207821860269,False
6605,MERCHANTS NATIONAL BANK,2024-06-30,1097.874,0.0,6.776548859315973,False
6605,MERCHANTS NATIONAL BANK,2024-09-30,1107.46,12.303,4.89478807015625,False
6616,KINGSTON NATIONAL BANK,2024-03-31,500.609,0.0,2.53855197078741,False
6616,KINGSTON NATIONAL BANK,2024-06-30,510.26,0.0,3.4621584425125853,False
6616,KINGSTON NATIONAL BANK,2024-09-30,524.583,0.0,2.6143517351835945,False
6623,LCNB NATIONAL BANK,2024-03-31,1858.949,0.0,6.986839722998073,False
6623,LCNB NATIONAL BANK,2024-06-30,1944.382,26.229,9.855378570059058,False
6623,LCNB NATIONAL BANK,2024-09-30,1918.153,39.805,6.782649757791558,False
6636,VINTON COUNTY NATIONAL BANK,2024-03-31,1268.205,0.0,5.810579954497855,False
6636,VINTON COUNTY NATIONAL BANK,2024-06-30,1270.569,0.0,7.879604988725595,False
6636,VINTON COUNTY NATIONAL BANK,2024-09-30,1316.568,5.314,5.9052124360554155,False
6637,FIRST NB OF MCCONNELSVILLE,2024-03-31,173.875,0.0,1.1803403965554409,False
6637,FIRST NB OF MCCONNELSVILLE,2024-06-30,174.953,6.528,1.5918598087767517,False
6637,FIRST NB OF MCCONNELSVILLE,2024-09-30,168.425,0.0,1.0971003474820666,False
6638,CITIZENS NB MCCONNELSVILLE,2024-03-31,89.834,0.965,0.4407787232022736,False
6638,CITIZENS NB MCCONNELSVILLE,2024-06-30,88.869,0.0,0.6008967878262571,False
6638,CITIZENS NB MCCONNELSVILLE,2024-09-30,93.01,1.386,0.48990296322346677,False
6646,1ST NATIONAL BANK,2024-03-31,248.264,3.214,1.2046986306136216,False
6646,1ST NATIONAL BANK,2024-06-30,245.05,0.0,1.6280261518131294,False
6646,1ST NATIONAL BANK,2024-09-30,256.8,6.121,1.3556052515112345,False
6653,PARK NATIONAL BANK,2024-03-31,8604.707,0.0,25.805896366594666,True
6653,PARK NATIONAL BANK,2024-06-30,8607.658,105.357,34.077002661555795,True
6653,PARK NATIONAL BANK,2024-09-30,8502.301,67.484,22.587811754588635,True
6659,PEOPLES STATE BANK,2024-03-31,204.197,0.0,1.070050722440086,False
6659,PEOPLES STATE BANK,2024-06-30,208.271,0.0,1.4809600874493678,False
6659,PEOPLES STATE BANK,2024-09-30,217.317,0.0,1.1142836421598938,False
6662,RIVERHILLS BANK,2024-03-31,248.0,3.628,1.2532182379322878,False
6662,RIVERHILLS BANK,2024-06-30,244.372,0.0,1.4957211647746609,False
6662,RIVERHILLS BANK,2024-09-30,263.325,0.0,1.1119438685047383,False
6671,FIRST NB OF PANDORA,2024-03-31,234.287,0.0,1.2631947428459185,False
6671,FIRST NB OF PANDORA,2024-06-30,242.665,0.0,1.7606731031343201,False
6671,FIRST NB OF PANDORA,2024-09-30,251.283,0.0,1.329009823928131,False
6672,FIFTH THIRD BANK NA,2024-03-31,174856.0,2814.0,435.76614005226634,True
6672,FIFTH THIRD BANK NA,2024-06-30,172042.0,0.0,558.7843935016255,True
6672,FIFTH THIRD BANK NA,2024-09-30,172890.0,1337.0,396.95810876205087,True
6680,HOME NATIONAL BANK,2024-03-31,70.938,0.0,0.2716536696654335,False
6680,HOME NATIONAL BANK,2024-06-30,72.847,0.0,0.42449863817627853,False
6680,HOME NATIONAL BANK,2024-09-30,78.938,0.379,0.39508964856540724,False
6700,SOMERVILLE BANK,2024-03-31,226.031,2.364,1.1628954827877918,False
6700,SOMERVILLE BANK,2024-06-30,223.667,0.0,1.5316841588400956,False
6700,SOMERVILLE BANK,2024-09-30,224.973,0.0,1.1166678799513061,False
6706,FIRST NB OF SYCAMORE,2024-03-31,178.474,0.0,1.098443271011509,False
6706,FIRST NB OF SYCAMORE,2024-06-30,188.152,0.0,1.544573608424829,False
6706,FIRST NB OF SYCAMORE,2024-09-30,194.339,0.0,1.2518663265497172,False
6725,FIRST NB OF WAVERLY,2024-03-31,178.799,7.18,1.1943773625357599,False
6725,FIRST NB OF WAVERLY,2024-06-30,171.619,0.0,1.454319513661244,False
6725,FIRST NB OF WAVERLY,2024-09-30,191.374,8.412,1.2532656890978853,False
6728,NATIONAL BK ADAMS CNTY W UNI,2024-03-31,95.709,0.207,0.7112504588052309,False
6728,NATIONAL BK ADAMS CNTY W UNI,2024-06-30,95.502,0.0,0.9586259505467832,False
6728,NATIONAL BK ADAMS CNTY W UNI,2024-09-30,97.66,0.0,0.8033238271341906,False
6732,CITIZENS NB OF WOODSFIELD,2024-03-31,133.394,0.0,0.9794796502371329,False
6732,CITIZENS NB OF WOODSFIELD,2024-06-30,134.804,1.157,1.3908108170751976,False
6732,CITIZENS NB OF WOODSFIELD,2024-09-30,133.647,6.094,1.0799374960881032,False
6760,CITIZENS BANK OF WEST VA INC,2024-03-31,576.179,0.0,2.6503972273661427,False
6760,CITIZENS BANK OF WEST VA INC,2024-06-30,582.331,0.0,3.501119966772234,False
6760,CITIZENS BANK OF WEST VA INC,2024-09-30,590.892,0.0,2.518750335414841,False
6762,FAYETTE CNTY NB FAYETTEVILLE,2024-03-31,137.538,5.406,0.9317167597946526,False
6762,FAYETTE CNTY NB FAYETTEVILLE,2024-06-30,132.132,0.469,1.0900788073324386,False
6762,FAYETTE CNTY NB FAYETTEVILLE,2024-09-30,131.663,1.293,0.7940962394678777,False
6786,MOUNTAIN VALLEY BANK N A,2024-03-31,170.152,2.347,1.0216034051940581,False
6786,MOUNTAIN VALLEY BANK N A,2024-06-30,167.805,0.0,1.287717340078798,False
6786,MOUNTAIN VALLEY BANK N A,2024-09-30,172.332,0.225,1.0270494393693028,False
6787,FIRST NB OF PETERSTOWN,2024-03-31,77.035,0.061,0.46929402135840836,False
6787,FIRST NB OF PETERSTOWN,2024-06-30,76.974,0.815,0.7365760381810716,False
6787,FIRST NB OF PETERSTOWN,2024-09-30,76.159,2.074,0.5722720552941005,False
6794,FNB BANK INC,2024-03-31,224.832,1.878,1.1091409965945054,False
6794,FNB BANK INC,2024-06-30,222.954,1.19,1.500288340354307,False
6794,FNB BANK INC,2024-09-30,221.764,0.0,1.0688866722906263,False
6800,FIRST NEIGHBORHOOD BANK,2024-03-31,135.295,0.406,0.7611809841665141,False
6800,FIRST NEIGHBORHOOD BANK,2024-06-30,134.889,3.726,1.0390469951833443,False
6800,FIRST NEIGHBORHOOD BANK,2024-09-30,131.163,0.0,0.740608960216283,False
6803,MCNB BANK&TRUST CO,2024-03-31,303.715,2.295,1.4845237496071595,False
6803,MCNB BANK&TRUST CO,2024-06-30,301.42,3.564,2.068465769707477,False
6803,MCNB BANK&TRUST CO,2024-09-30,297.856,0.0,1.417210401531574,False
6805,FIRST NB OF WILLIAMSON,2024-03-31,108.649,1.013,0.6377613760868601,False
6805,FIRST NB OF WILLIAMSON,2024-06-30,107.636,0.0,0.8328395787399845,False
6805,FIRST NB OF WILLIAMSON,2024-09-30,109.66,1.945,0.6422888383938037,False
6811,FIRST NATIONAL BANK,2024-03-31,914.961,4.614,5.111258688379841,False
6811,FIRST NATIONAL BANK,2024-06-30,910.347,0.0,6.756190696099023,False
6811,FIRST NATIONAL BANK,2024-09-30,921.392,0.0,4.930493185810102,False
6813,FARMERS BANK OF APPOMATTOX,2024-03-31,311.201,3.655,1.72511356569681,False
6813,FARMERS BANK OF APPOMATTOX,2024-06-30,307.546,0.0,2.3088278531597664,False
6813,FARMERS BANK OF APPOMATTOX,2024-09-30,314.643,5.679,1.665781091060811,False
6821,NATIONAL BANK OF BLACKSBURG,2024-03-31,1549.073,0.0,8.813314618829683,False
6821,NATIONAL BANK OF BLACKSBURG,2024-06-30,1648.992,43.959,11.399088591828535,False
6821,NATIONAL BANK OF BLACKSBURG,2024-09-30,1605.033,0.0,7.409126539456222,False
6861,SKYLINE NATIONAL BANK,2024-03-31,930.54,0.0,3.987479722840513,False
6861,SKYLINE NATIONAL BANK,2024-06-30,948.206,0.0,5.558376576378732,False
6861,SKYLINE NATIONAL BANK,2024-09-30,1086.019,0.0,4.301487647182938,False
6862,CHESAPEAKE BANK,2024-03-31,1341.065,0.0,6.487942968917285,False
6862,CHESAPEAKE BANK,2024-06-30,1367.429,0.0,8.894137461739538,False
6862,CHESAPEAKE BANK,2024-09-30,1413.403,38.726,6.816137988503425,False
6863,POWELL VALLEY NATIONAL BANK,2024-03-31,434.513,12.055,2.7710768106607215,False
6863,POWELL VALLEY NATIONAL BANK,2024-06-30,422.458,0.0,3.24819754599779,False
6863,POWELL VALLEY NATIONAL BANK,2024-09-30,427.961,0.0,2.298047723832681,False
6892,OLD POINT NB OF PHOEBUS,2024-03-31,1231.792,0.0,5.716625054946289,False
6892,OLD POINT NB OF PHOEBUS,2024-06-30,1240.293,0.0,7.63952016274058,False
6892,OLD POINT NB OF PHOEBUS,2024-09-30,1283.627,23.366,6.435127273328879,False
6913,PIONEER BANK,2024-03-31,273.43,2.164,1.6574785889166244,False
6913,PIONEER BANK,2024-06-30,271.266,0.0,1.9474130084826013,False
6913,PIONEER BANK,2024-09-30,274.876,1.018,1.4594787384008236,False
6917,FIRST BANK,2024-03-31,1276.965,0.0,6.7773518602260365,False
6917,FIRST BANK,2024-06-30,1284.048,11.477,8.947607206906,False
6917,FIRST BANK,2024-09-30,1272.571,0.0,6.193186525450793,False
6947,EVANS BANK NATIONAL ASSN,2024-03-31,1904.646,8.326,8.302816007454304,False
6947,EVANS BANK NATIONAL ASSN,2024-06-30,1896.32,0.0,10.456425680067671,False
6947,EVANS BANK NATIONAL ASSN,2024-09-30,1904.797,33.733,7.254992699871023,False
6954,CAYUGA LAKE NATIONAL BANK,2024-03-31,259.867,0.206,1.412659362463028,False
6954,CAYUGA LAKE NATIONAL BANK,2024-06-30,259.661,10.335,1.9502615098676852,False
6954,CAYUGA LAKE NATIONAL BANK,2024-09-30,249.326,0.0,1.348982197893805,False
6959,BALLSTON SPA NATIONAL BANK,2024-03-31,732.754,29.336,3.0797331203210536,False
6959,BALLSTON SPA NATIONAL BANK,2024-06-30,703.418,0.0,3.9812488957871306,False
6959,BALLSTON SPA NATIONAL BANK,2024-09-30,766.577,70.122,2.97585091871557,False
6976,DIME COMMUNITY BANK,2024-03-31,10919.188,0.0,29.878146145659798,True
6976,DIME COMMUNITY BANK,2024-06-30,11066.608,0.0,40.83397565443722,True
6976,DIME COMMUNITY BANK,2024-09-30,11457.619,0.0,29.79301998012842,True
6985,CANANDAIGUA NB&T CO,2024-03-31,3727.497,18.481,13.528641113620058,True
6985,CANANDAIGUA NB&T CO,2024-06-30,3709.016,0.0,17.900446202325707,True
6985,CANANDAIGUA NB&T CO,2024-09-30,3722.493,0.0,12.423941219436447,True
6989,COMMUNITY BANK NATIONAL ASSN,2024-03-31,13550.61,212.679,42.41099967744399,True
6989,COMMUNITY BANK NATIONAL ASSN,2024-06-30,13337.931,0.0,54.67579851522935,True
6989,COMMUNITY BANK NATIONAL ASSN,2024-09-30,13695.237,43.174,39.76246667305908,True
6990,PUTNAM COUNTY NB OF CARMEL,2024-03-31,129.551,3.71,0.7773001572363665,False
6990,PUTNAM COUNTY NB OF CARMEL,2024-06-30,125.841,0.0,0.9942169497107379,False
6990,PUTNAM COUNTY NB OF CARMEL,2024-09-30,138.249,10.598,0.9439724306421142,False
7018,NATIONAL BANK OF COXSACKIE,2024-03-31,435.786,4.938,2.2131247666443086,False
7018,NATIONAL BANK OF COXSACKIE,2024-06-30,430.848,0.0,2.919138564487018,False
7018,NATIONAL BANK OF COXSACKIE,2024-09-30,472.523,11.61,2.535572927099625,False
7025,DELAWARE NB OF DELHI,2024-03-31,339.481,8.872,2.007417779636871,False
7025,DELAWARE NB OF DELHI,2024-06-30,330.609,8.687,2.4740011334093066,False
7025,DELAWARE NB OF DELHI,2024-09-30,321.922,0.0,1.6383604467758612,False
7031,FIRST NB OF DRYDEN,2024-03-31,210.697,8.157,2.0740138343041044,False
7031,FIRST NB OF DRYDEN,2024-06-30,202.54,7.081,2.384647275046549,False
7031,FIRST NB OF DRYDEN,2024-09-30,195.459,8.548,1.540565780156151,False
7072,FIRST NB OF LONG ISLAND,2024-03-31,3328.612,0.0,11.955059332023797,True
7072,FIRST NB OF LONG ISLAND,2024-06-30,3365.362,37.993,15.748006830512022,True
7072,FIRST NB OF LONG ISLAND,2024-09-30,3327.369,57.972,10.86721083225976,True
7074,GLENS FALLS NB&T CO,2024-03-31,3041.446,97.866,13.02132733325055,True
7074,GLENS FALLS NB&T CO,2024-06-30,2943.58,0.0,15.827757618135344,True
7074,GLENS FALLS NB&T CO,2024-09-30,3118.165,0.0,13.050885945675958,True
7085,FIRST NB OF GROTON,2024-03-31,179.158,9.237,1.087654518727375,False
7085,FIRST NB OF GROTON,2024-06-30,169.921,1.403,1.3262249804734136,False
7085,FIRST NB OF GROTON,2024-09-30,168.518,0.0,0.9548863843291708,False
7123,JEFF BANK,2024-03-31,583.99,4.142,4.21519123121374,False
7123,JEFF BANK,2024-06-30,579.848,38.675,5.594122004537267,False
7123,JEFF BANK,2024-09-30,541.173,7.045,3.387762274973369,False
7151,LYONS NATIONAL BANK,2024-03-31,1731.956,0.0,8.093190380179239,False
7151,LYONS NATIONAL BANK,2024-06-30,1740.219,0.0,10.837205037140007,False
7151,LYONS NATIONAL BANK,2024-09-30,1781.57,14.911,8.15813657241479,False
7213,CITIBANK NATIONAL ASSN,2024-03-31,764688.0,26034.0,1781.1155494656398,True
7213,CITIBANK NATIONAL ASSN,2024-06-30,738654.0,0.0,2186.1877395554093,True
7213,CITIBANK NATIONAL ASSN,2024-09-30,766194.0,8721.0,1726.0342061866022,True
7230,NBT BANK NATIONAL ASSN,2024-03-31,11384.172,0.0,32.860914024717005,True
7230,NBT BANK NATIONAL ASSN,2024-06-30,11472.237,0.0,43.48990489775004,True
7230,NBT BANK NATIONAL ASSN,2024-09-30,11798.648,29.597,32.22170700826903,True
7274,WSB MUNICIPAL BANK,2024-03-31,124.464,11.095,1.1970734859759928,False
7274,WSB MUNICIPAL BANK,2024-06-30,113.369,0.0,1.3231148598099518,False
7274,WSB MUNICIPAL BANK,2024-09-30,124.373,17.914,1.2738746204856741,False
7356,CHAMPLAIN NATIONAL BANK,2024-03-31,405.338,16.807,2.3748134520922344,False
7356,CHAMPLAIN NATIONAL BANK,2024-06-30,388.531,0.0,2.766808347279054,False
7356,CHAMPLAIN NATIONAL BANK,2024-09-30,432.966,21.615,2.5946390890313626,False
7404,FIRST KEYSTONE CMTY BANK,2024-03-31,990.228,0.0,4.666835207080511,False
7404,FIRST KEYSTONE CMTY BANK,2024-06-30,991.552,0.0,6.2365542536095715,False
7404,FIRST KEYSTONE CMTY BANK,2024-09-30,1026.334,0.0,4.559211945520076,False
7468,FIRST COMMONWEALTH BANK,2024-03-31,9508.752,15.498,27.132804809275903,True
7468,FIRST COMMONWEALTH BANK,2024-06-30,9493.254,0.0,35.62875383272392,True
7468,FIRST COMMONWEALTH BANK,2024-09-30,9836.248,75.083,27.414536000317515,True
7472,FNCB BANK,2024-03-31,1481.896,51.822,6.8888187830081,False
7493,EPHRATA NATIONAL BANK,2024-03-31,1723.964,0.0,7.58433301167638,False
7493,EPHRATA NATIONAL BANK,2024-06-30,1756.152,0.0,10.724517408014531,False
7493,EPHRATA NATIONAL BANK,2024-09-30,1816.556,0.0,7.514449326313173,False
7506,ACNB BANK,2024-03-31,1852.208,0.0,7.5400225159147976,False
7506,ACNB BANK,2024-06-30,1855.293,46.138,10.412946501100356,False
7506,ACNB BANK,2024-09-30,1809.155,0.0,6.822842516318007,False
7514,PEOPLES SECURITY B&T CO,2024-03-31,3205.185,139.5,11.304463361181462,True
7514,PEOPLES SECURITY B&T CO,2024-06-30,3065.685,0.0,14.021702668554427,True
7514,PEOPLES SECURITY B&T CO,2024-09-30,4637.787,229.595,14.511575138843412,True
7526,HONESDALE NATIONAL BANK,2024-03-31,823.816,0.0,3.6418471609389322,False
7526,HONESDALE NATIONAL BANK,2024-06-30,836.168,0.0,4.8989996583782665,False
7526,HONESDALE NATIONAL BANK,2024-09-30,898.0,3.825,3.9846852522206206,False
7542,AMERISERV FINANCIAL BANK,2024-03-31,1178.546,6.464,4.958317359014328,False
7542,AMERISERV FINANCIAL BANK,2024-06-30,1172.082,0.0,6.660588866831146,False
7542,AMERISERV FINANCIAL BANK,2024-09-30,1191.87,0.0,4.726771501896621,False
7551,FULTON BANK NATIONAL ASSN,2024-03-31,21955.672,0.0,52.63659301865413,True
7551,FULTON BANK NATIONAL ASSN,2024-06-30,25761.661,0.0,86.81794963500093,True
7551,FULTON BANK NATIONAL ASSN,2024-09-30,26319.816,79.124,61.632746409408696,True
7586,LUZERNE BANK,2024-03-31,519.933,0.0,2.308268689578215,False
7586,LUZERNE BANK,2024-06-30,543.697,0.0,3.3689724675370964,False
7586,LUZERNE BANK,2024-09-30,568.905,6.111,2.4561773621674905,False
7590,NATIONAL BANK OF MALVERN,2024-03-31,181.468,11.709,1.1335619043576723,False
7590,NATIONAL BANK OF MALVERN,2024-06-30,169.759,0.0,1.2225388658334537,False
7590,NATIONAL BANK OF MALVERN,2024-09-30,180.441,6.964,1.042177327028364,False
7593,FIRST CITIZENS CMTY BANK,2024-03-31,2307.639,28.604,8.261823781500668,False
7593,FIRST CITIZENS CMTY BANK,2024-06-30,2279.035,0.0,11.106794639526038,False
7593,FIRST CITIZENS CMTY BANK,2024-09-30,2454.214,67.552,8.01623710906599,False
7599,JIM THORPE NEIGHBORHOOD BANK,2024-03-31,220.581,0.0,1.4590308205860865,False
7599,JIM THORPE NEIGHBORHOOD BANK,2024-06-30,222.396,0.0,2.0682047699837023,False
7599,JIM THORPE NEIGHBORHOOD BANK,2024-09-30,246.209,4.287,2.0006581983486025,False
7613,PENNIAN BANK,2024-03-31,589.364,4.809,3.134286332468758,False
7613,PENNIAN BANK,2024-06-30,584.555,18.727,4.098098432643031,False
7613,PENNIAN BANK,2024-09-30,565.828,0.0,2.7997399346498084,False
7614,JUNIATA VALLEY BANK,2024-03-31,738.563,0.0,3.9276692278208674,False
7614,JUNIATA VALLEY BANK,2024-06-30,745.279,0.0,5.1859171626288605,False
7614,JUNIATA VALLEY BANK,2024-09-30,753.0,4.962,3.7578160831521035,False
7631,UNB BANK,2024-03-31,154.93,0.569,0.913217296780229,False
7631,UNB BANK,2024-06-30,154.361,0.0,1.2241923235085583,False
7631,UNB BANK,2024-09-30,155.599,0.372,0.926161622456776,False
7646,NEFFS NATIONAL BANK,2024-03-31,373.485,1.569,2.0105111015275985,False
7646,NEFFS NATIONAL BANK,2024-06-30,371.916,0.0,2.6921424676759065,False
7646,NEFFS NATIONAL BANK,2024-09-30,374.425,5.074,1.9131063010021792,False
7658,FIRST NB&T CO OF NEWTOWN,2024-03-31,1003.288,8.528,6.240128636699061,False
7658,FIRST NB&T CO OF NEWTOWN,2024-06-30,994.76,50.767,8.081824744001615,False
7658,FIRST NB&T CO OF NEWTOWN,2024-09-30,943.993,7.923,5.6020658084972546,False
7659,NEW TRIPOLI BANK,2024-03-31,554.912,0.0,2.5696227267449228,False
7659,NEW TRIPOLI BANK,2024-06-30,562.188,0.0,3.484863305408175,False
7659,NEW TRIPOLI BANK,2024-09-30,564.422,0.03,2.4828132743266034,False
7666,NORTHUMBERLAND NATIONAL BANK,2024-03-31,620.435,8.585,3.52384832001276,False
7666,NORTHUMBERLAND NATIONAL BANK,2024-06-30,611.85,0.0,4.421680604701994,False
7666,NORTHUMBERLAND NATIONAL BANK,2024-09-30,612.484,28.513,3.3123614236484094,False
7675,FIRST NORTHERN BANK&TRUST CO,2024-03-31,767.778,14.113,4.261185884725297,False
7675,FIRST NORTHERN BANK&TRUST CO,2024-06-30,753.665,0.0,5.380994002805424,False
7675,FIRST NORTHERN BANK&TRUST CO,2024-09-30,823.065,45.214,4.7605842288485745,False
7714,QNB BANK,2024-03-31,1536.188,0.0,7.324260149834814,False
7714,QNB BANK,2024-06-30,1572.839,0.0,10.127875874588566,False
7714,QNB BANK,2024-09-30,1626.284,0.0,7.585566902786006,False
7759,UNIVEST BANK&TRUST CO,2024-03-31,6511.847,0.0,18.490850363888537,True
7759,UNIVEST BANK&TRUST CO,2024-06-30,6603.27,0.0,25.16572747622697,True
7759,UNIVEST BANK&TRUST CO,2024-09-30,6962.125,70.223,19.916286959936667,True
7789,TURBOTVILLE NATIONAL BANK,2024-03-31,162.86,2.144,0.7438676434646148,False
7789,TURBOTVILLE NATIONAL BANK,2024-06-30,160.716,0.0,1.009971590698705,False
7789,TURBOTVILLE NATIONAL BANK,2024-09-30,162.44,0.0,0.684198532687518,False
7799,CITIZENS&NORTHERN BANK,2024-03-31,2012.167,0.0,7.642601140816799,False
7799,CITIZENS&NORTHERN BANK,2024-06-30,2074.806,0.0,11.11612645639052,False
7799,CITIZENS&NORTHERN BANK,2024-09-30,2152.136,40.589,8.614405718428316,False
7848,COMMUNITY BANK,2024-03-31,1277.503,0.0,5.654615715430094,False
7848,COMMUNITY BANK,2024-06-30,1364.5,0.0,9.137911606014484,False
7848,COMMUNITY BANK,2024-09-30,1368.214,70.563,6.556935447703077,False
7886,FIRST UNITED NATIONAL BANK,2024-03-31,329.859,0.0,2.2009526980437673,False
7886,FIRST UNITED NATIONAL BANK,2024-06-30,331.383,0.0,2.829268602892418,False
7886,FIRST UNITED NATIONAL BANK,2024-09-30,347.86,10.413,2.3847467219079452,False
7888,FIRST NB OF PENNSYLVANIA,2024-03-31,35079.451,0.0,81.8506371956439,True
7888,FIRST NB OF PENNSYLVANIA,2024-06-30,35375.939,0.0,113.48789514437131,True
7888,FIRST NB OF PENNSYLVANIA,2024-09-30,37129.326,0.0,81.25048454004038,True
7900,NEXTIER BANK NATIONAL ASSN,2024-03-31,2256.77,15.407,8.215921953878407,False
7900,NEXTIER BANK NATIONAL ASSN,2024-06-30,2241.363,0.0,11.130525016470976,False
7900,NEXTIER BANK NATIONAL ASSN,2024-09-30,2428.779,0.0,9.338424284251658,False
7909,MARION CENTER BANK,2024-03-31,364.756,0.0,1.988931346190922,False
7909,MARION CENTER BANK,2024-06-30,366.626,0.0,2.6917339739161212,False
7909,MARION CENTER BANK,2024-09-30,366.991,4.876,1.8378485779194662,False
7946,BNY MELLON NATIONAL ASSN,2024-03-31,25734.0,88.0,104.8102225607697,True
7946,BNY MELLON NATIONAL ASSN,2024-06-30,25646.0,515.0,143.28696756847006,True
7946,BNY MELLON NATIONAL ASSN,2024-09-30,25131.0,0.0,94.2579468377911,True
8011,SVG BANK OF MENDOCINO COUNTY,2024-03-31,1017.446,24.598,5.049311759010369,False
8011,SVG BANK OF MENDOCINO COUNTY,2024-06-30,992.848,0.0,6.683545134654663,False
8011,SVG BANK OF MENDOCINO COUNTY,2024-09-30,1009.993,0.0,4.761307467607121,False
8018,GROVE BANK&TRUST,2024-03-31,871.115,0.0,5.998427325442458,False
8018,GROVE BANK&TRUST,2024-06-30,935.686,0.0,8.762658247092451,False
8018,GROVE BANK&TRUST,2024-09-30,952.13,0.0,6.452694818804011,False
8021,CREWS BANK&TRUST,2024-03-31,1952.934,36.119,12.234032203862231,True
8021,CREWS BANK&TRUST,2024-06-30,1916.815,34.725,15.150782404402007,True
8021,CREWS BANK&TRUST,2024-09-30,1882.09,0.0,10.369591538448704,True
8028,MOUNT VERNON BANK,2024-03-31,145.599,0.001,1.1981627260655379,False
8028,MOUNT VERNON BANK,2024-06-30,145.598,0.0,1.5321725941908804,False
8028,MOUNT VERNON BANK,2024-09-30,150.467,0.0,0.9531928208547137,False
8033,CITIZENS TRUST BANK,2024-03-31,641.929,0.0,4.099309719106459,False
8033,CITIZENS TRUST BANK,2024-06-30,661.674,0.0,5.840035594590839,False
8033,CITIZENS TRUST BANK,2024-09-30,672.193,0.0,3.8029397484745386,False
8035,BATH STATE BANK,2024-03-31,277.058,0.0,1.4840831793605869,False
8035,BATH STATE BANK,2024-06-30,287.085,6.97,1.9991101675586236,False
8035,BATH STATE BANK,2024-09-30,280.115,2.21,1.3716323629965832,False
8056,MERCHANTS BANK OF INDIANA,2024-03-31,14018.401,0.0,36.74385017822667,True
8056,MERCHANTS BANK OF INDIANA,2024-06-30,14966.53,2026.953,51.97702019701244,True
8056,MERCHANTS BANK OF INDIANA,2024-09-30,12939.577,960.275,33.30030784416849,True
8063,NORTH SALEM STATE BANK,2024-03-31,575.618,0.0,2.542667867167682,False
8063,NORTH SALEM STATE BANK,2024-06-30,581.878,6.921,3.4346951579882,False
8063,NORTH SALEM STATE BANK,2024-09-30,574.957,0.0,2.378814724204426,False
8067,COMMUNITY STATE BANK,2024-03-31,110.665,0.0,0.4416968051137866,False
8067,COMMUNITY STATE BANK,2024-06-30,110.881,0.0,0.6325761432111768,False
8067,COMMUNITY STATE BANK,2024-09-30,116.375,0.43,0.4675851325589495,False
8074,GARRETT STATE BANK,2024-03-31,296.532,2.554,1.6260640274785438,False
8074,GARRETT STATE BANK,2024-06-30,293.978,8.554,2.262500624896962,False
8074,GARRETT STATE BANK,2024-09-30,285.424,0.0,1.4214936148537212,False
8083,FAIRFAX STATE SAVINGS BANK,2024-03-31,219.919,4.478,1.8142573876152637,False
8083,FAIRFAX STATE SAVINGS BANK,2024-06-30,215.441,0.0,2.0714346133254504,False
8083,FAIRFAX STATE SAVINGS BANK,2024-09-30,216.369,0.0,1.5606801685291813,False
8094,NSB BANK,2024-03-31,383.093,2.511,1.9056003176293896,False
8094,NSB BANK,2024-06-30,380.582,0.0,2.5994824059132484,False
8094,NSB BANK,2024-09-30,402.231,6.229,1.9631404548688614,False
8101,PRIMEBANK,2024-03-31,623.412,6.421,2.420458565757877,False
8101,PRIMEBANK,2024-06-30,616.991,0.0,3.348078459085018,False
8101,PRIMEBANK,2024-09-30,626.595,0.0,2.333567738422432,False
8108,NEW CENTURY BANK,2024-03-31,48.046,0.969,0.1112229673671993,False
8108,NEW CENTURY BANK,2024-06-30,47.077,0.0,0.14035814366431065,False
8108,NEW CENTURY BANK,2024-09-30,49.782,0.0,0.11688469195942154,False
8110,STATE BANK OF SPRING HILL,2024-03-31,53.089,0.0,0.41178788727980015,False
8110,STATE BANK OF SPRING HILL,2024-06-30,55.247,5.941,0.6115121447120538,False
8110,STATE BANK OF SPRING HILL,2024-09-30,49.306,3.247,0.4022307059863697,False
8117,PEOPLES B&T CO OF HAZARD,2024-03-31,297.869,0.0,1.8762621456433217,False
8117,PEOPLES B&T CO OF HAZARD,2024-06-30,298.051,0.0,2.500774591950103,False
8117,PEOPLES B&T CO OF HAZARD,2024-09-30,298.812,0.0,1.9473244540075754,False
8118,BANK OF JAMESTOWN,2024-03-31,180.13,0.0,1.0319490988731108,False
8118,BANK OF JAMESTOWN,2024-06-30,185.099,5.469,1.4047730562196357,False
8118,BANK OF JAMESTOWN,2024-09-30,179.63,0.0,1.0006889568506188,False
8120,MAGNOLIA BANK INC,2024-03-31,413.063,23.659,2.1052698127188605,False
8120,MAGNOLIA BANK INC,2024-06-30,389.404,12.907,2.5155105087638363,False
8120,MAGNOLIA BANK INC,2024-09-30,376.497,0.0,1.7164408279169754,False
8121,SECURITY BANK&TRUST CO,2024-03-31,63.138,1.238,0.3805526980161533,False
8121,SECURITY BANK&TRUST CO,2024-06-30,61.9,2.469,0.4958541216242428,False
8121,SECURITY BANK&TRUST CO,2024-09-30,59.431,1.835,0.34989482817344975,False
8122,FIRST&PEOPLES BANK&TRUST CO,2024-03-31,200.879,1.673,1.280140375340625,False
8122,FIRST&PEOPLES BANK&TRUST CO,2024-06-30,199.206,8.305,1.6932888230113352,False
8122,FIRST&PEOPLES BANK&TRUST CO,2024-09-30,190.901,0.0,1.1934554706833107,False
8126,COMMONWEALTH CMTY BANK INC,2024-03-31,131.711,3.33,0.9659961915230789,False
8126,COMMONWEALTH CMTY BANK INC,2024-06-30,128.381,4.326,1.2407133318105854,False
8126,COMMONWEALTH CMTY BANK INC,2024-09-30,124.055,0.0,0.8789600741037605,False
8136,INDEPENDENCE BANK OF KY,2024-03-31,3053.951,117.309,14.604497275484352,True
8136,INDEPENDENCE BANK OF KY,2024-06-30,2936.642,0.0,18.06812048435713,True
8136,INDEPENDENCE BANK OF KY,2024-09-30,2993.172,0.0,13.108579885566828,True
8140,COLFAX BANKING CO,2024-03-31,142.679,6.81,1.0710470283064915,False
8140,COLFAX BANKING CO,2024-06-30,135.869,4.536,1.3123217980043553,False
8140,COLFAX BANKING CO,2024-09-30,131.333,0.0,0.8513601755285389,False
8141,SABINE STATE BANK&TRUST CO,2024-03-31,1177.088,0.0,5.421433960959558,False
8141,SABINE STATE BANK&TRUST CO,2024-06-30,1195.024,14.667,7.297756008430957,False
8141,SABINE STATE BANK&TRUST CO,2024-09-30,1180.357,0.0,4.666885664598244,False
8144,BANK OF GUEYDAN,2024-03-31,57.656,0.764,0.26946513825578444,False
8144,BANK OF GUEYDAN,2024-06-30,56.892,0.544,0.3444439050680313,False
8144,BANK OF GUEYDAN,2024-09-30,56.348,1.188,0.26260800714169263,False
8149,FIRST AMERICAN BANK&TRUST,2024-03-31,1195.099,11.37,6.033520290188181,False
8149,FIRST AMERICAN BANK&TRUST,2024-06-30,1183.729,9.859,7.844992634672771,False
8149,FIRST AMERICAN BANK&TRUST,2024-09-30,1173.87,0.0,5.484426656587657,False
8152,CAMBRIDGE TRUST CO,2024-03-31,4206.568,163.89,14.084039181819369,True
8162,STATE SAVINGS BANK,2024-03-31,325.101,0.15,1.7829774921613593,False
8162,STATE SAVINGS BANK,2024-06-30,324.951,0.0,2.221485168187705,False
8162,STATE SAVINGS BANK,2024-09-30,370.829,31.585,1.8186844073719204,False
8165,HONOR BANK,2024-03-31,345.012,0.0,1.692539694438824,False
8165,HONOR BANK,2024-06-30,354.135,0.0,2.2740228086955447,False
8165,HONOR BANK,2024-09-30,381.009,7.052,1.823766121590789,False
8172,LAKE-OSCEOLA STATE BANK,2024-03-31,378.712,0.0,2.1790759662282775,False
8172,LAKE-OSCEOLA STATE BANK,2024-06-30,378.83,0.0,2.865028669923346,False
8172,LAKE-OSCEOLA STATE BANK,2024-09-30,383.649,0.0,2.092062648798243,False
8183,CITIZENS STATE BANK,2024-03-31,235.058,0.0,1.511293238539776,False
8183,CITIZENS STATE BANK,2024-06-30,261.873,0.0,2.528306239363108,False
8183,CITIZENS STATE BANK,2024-09-30,283.191,0.0,1.9699623488517257,False
8191,FIRST STATE BANK OF RED WING,2024-03-31,76.651,0.255,0.5461958932411396,False
8191,FIRST STATE BANK OF RED WING,2024-06-30,76.396,0.0,0.703975844609822,False
8191,FIRST STATE BANK OF RED WING,2024-09-30,77.786,0.0,0.5861992486158055,False
8197,PORTAGE BANK,2024-03-31,54.699,0.576,0.13378622211767724,False
8197,PORTAGE BANK,2024-06-30,54.123,0.0,0.17532980162974462,False
8197,PORTAGE BANK,2024-09-30,60.996,0.0,0.24416171546151835,False
8200,CITIZENS BANK MINNESOTA,2024-03-31,502.942,24.905,2.5866050817594446,False
8200,CITIZENS BANK MINNESOTA,2024-06-30,478.037,0.052,3.1922565482870833,False
8200,CITIZENS BANK MINNESOTA,2024-09-30,477.985,0.0,2.265805208549282,False
8205,AMERICANA COMMUNITY BANK,2024-03-31,140.571,0.165,0.6319248658603266,False
8205,AMERICANA COMMUNITY BANK,2024-06-30,140.406,0.0,0.8820647428787509,False
8205,AMERICANA COMMUNITY BANK,2024-09-30,145.016,0.0,0.7045445744853134,False
8207,PRAIRIE SUN BANK,2024-03-31,88.019,1.697,0.45617664357346593,False
8207,PRAIRIE SUN BANK,2024-06-30,86.322,0.0,0.590593086889169,False
8207,PRAIRIE SUN BANK,2024-09-30,88.592,0.0,0.46173505285579086,False
8210,FREEPORT STATE BANK,2024-03-31,147.511,0.0,0.9365338332813347,False
8210,FREEPORT STATE BANK,2024-06-30,148.771,0.0,1.2073977715189095,False
8210,FREEPORT STATE BANK,2024-09-30,152.658,1.43,0.9327136383094677,False
8214,FARMERS STATE BANK OF HAMEL,2024-03-31,163.894,0.0,1.593160552344906,False
8214,FARMERS STATE BANK OF HAMEL,2024-06-30,180.135,5.366,2.3907838967357957,False
8214,FARMERS STATE BANK OF HAMEL,2024-09-30,174.769,0.0,1.6483582704090018,False
8218,FIRST STB OF SWANVILLE,2024-03-31,19.769,0.0,0.0,False
8218,FIRST STB OF SWANVILLE,2024-06-30,20.819,0.743,0.0,False
8218,FIRST STB OF SWANVILLE,2024-09-30,20.076,0.0,0.0,False
8231,COPIAH BANK,2024-03-31,274.486,2.216,1.879942744355889,False
8231,COPIAH BANK,2024-06-30,272.27,0.0,2.435924784269437,False
8231,COPIAH BANK,2024-09-30,274.907,0.0,1.7698957335361576,False
8232,BANK OF HOLLY SPRINGS,2024-03-31,464.723,3.654,2.3243320406255705,False
8232,BANK OF HOLLY SPRINGS,2024-06-30,461.069,0.0,3.089484505215393,False
8232,BANK OF HOLLY SPRINGS,2024-09-30,471.252,0.0,2.3568523590175947,False
8234,RIVERHILLS BANK,2024-03-31,362.859,4.369,2.8363165535478547,False
8234,RIVERHILLS BANK,2024-06-30,358.49,11.159,3.5612311965572303,False
8234,RIVERHILLS BANK,2024-09-30,347.331,0.0,2.3346660623572593,False
8235,PLANTERS BANK&TRUST CO,2024-03-31,1625.064,0.0,7.391097600462842,False
8235,PLANTERS BANK&TRUST CO,2024-06-30,1673.25,0.0,9.946339105362103,False
8235,PLANTERS BANK&TRUST CO,2024-09-30,1694.131,4.211,7.4220150922896915,False
8243,BANK OF ANGUILLA,2024-03-31,171.084,16.837,1.577952447062996,False
8243,BANK OF ANGUILLA,2024-06-30,154.247,7.337,1.4320561169398736,False
8243,BANK OF ANGUILLA,2024-09-30,146.91,0.0,0.9789179296118811,False
8250,BANK OF WIGGINS,2024-03-31,172.369,0.0,1.0921237390528074,False
8250,BANK OF WIGGINS,2024-06-30,176.568,0.0,1.6327175568058345,False
8250,BANK OF WIGGINS,2024-09-30,179.273,1.432,1.2281010737287306,False
8251,ADRIAN BANK,2024-03-31,154.215,0.0,0.8268017134188592,False
8251,ADRIAN BANK,2024-06-30,154.437,1.224,1.1234713083692789,False
8251,ADRIAN BANK,2024-09-30,153.213,0.0,0.7946570745208996,False
8252,OMB BANK,2024-03-31,1341.346,62.919,5.7545112388132145,False
8252,OMB BANK,2024-06-30,1278.427,0.0,6.901633032606881,False
8252,OMB BANK,2024-09-30,1428.557,0.0,5.585314956165577,False
8255,MONTGOMERY BANK,2024-03-31,1005.546,11.176,4.664549883412087,False
8255,MONTGOMERY BANK,2024-06-30,994.37,0.0,5.275336603557114,False
8255,MONTGOMERY BANK,2024-09-30,1003.113,0.0,3.676449227160906,False
8268,FARMERS BANK OF LOHMAN MO,2024-03-31,64.929,0.0,0.43364380320050816,False
8268,FARMERS BANK OF LOHMAN MO,2024-06-30,66.005,0.726,0.6180096882211151,False
8268,FARMERS BANK OF LOHMAN MO,2024-09-30,65.279,0.0,0.461944769715207,False
8273,UMB BANK NATIONAL ASSN,2024-03-31,37046.616,360.705,139.4101087616148,True
8273,UMB BANK NATIONAL ASSN,2024-06-30,36685.911,0.0,165.0638989896799,True
8273,UMB BANK NATIONAL ASSN,2024-09-30,39843.709,0.0,138.21907467353248,True
8274,EXCHANGE BANK OF NE MO,2024-03-31,213.567,8.121,1.4320640018441941,False
8274,EXCHANGE BANK OF NE MO,2024-06-30,205.446,0.0,1.6196055691253919,False
8274,EXCHANGE BANK OF NE MO,2024-09-30,217.267,0.0,1.4196284622871114,False
8276,ALTON BANK,2024-03-31,102.774,0.0,0.6190147357419522,False
8276,ALTON BANK,2024-06-30,104.574,0.0,0.9954727368392428,False
8276,ALTON BANK,2024-09-30,107.821,0.0,0.6775163395899803,False
8282,FIRST MISSOURI STATE BANK,2024-03-31,223.943,0.0,1.454699333874725,False
8282,FIRST MISSOURI STATE BANK,2024-06-30,225.137,0.0,1.8293832086040793,False
8282,FIRST MISSOURI STATE BANK,2024-09-30,227.778,0.0,1.3014799913329744,False
8283,LEAD BANK,2024-03-31,873.593,5.684,5.997252715352846,False
8283,LEAD BANK,2024-06-30,867.909,0.0,7.0765438643533916,False
8283,LEAD BANK,2024-09-30,949.161,0.0,6.050777637621169,False
8295,O BANNON BANKING CO,2024-03-31,251.676,0.0,1.4174544291565312,False
8295,O BANNON BANKING CO,2024-06-30,261.099,0.903,1.8156989496239253,False
8295,O BANNON BANKING CO,2024-09-30,260.196,0.0,1.2391938897318633,False
8296,CENTURY BANK OF THE OZARKS,2024-03-31,234.276,0.0,1.3767154100795158,False
8296,CENTURY BANK OF THE OZARKS,2024-06-30,237.021,6.484,1.9057968067256659,False
8296,CENTURY BANK OF THE OZARKS,2024-09-30,230.537,0.0,1.1631741680134513,False
8317,FIRST STATE BANK OF FORSYTH,2024-03-31,122.942,0.0,0.8165198398112644,False
8317,FIRST STATE BANK OF FORSYTH,2024-06-30,124.85,0.0,1.1507411238024503,False
8317,FIRST STATE BANK OF FORSYTH,2024-09-30,133.553,0.0,0.9206679110499004,False
8321,STOCKMENS BANK,2024-03-31,479.216,23.269,2.872712472633195,False
8321,STOCKMENS BANK,2024-06-30,455.947,2.227,2.9875688359096597,False
8321,STOCKMENS BANK,2024-09-30,453.72,0.0,2.154218803313489,False
8322,NEBRASKA STATE BANK&TRUST CO,2024-03-31,216.475,0.0,0.9913950152217148,False
8322,NEBRASKA STATE BANK&TRUST CO,2024-06-30,228.972,2.033,1.4180594442809709,False
8322,NEBRASKA STATE BANK&TRUST CO,2024-09-30,226.939,0.0,1.00201470705611,False
8323,COMMUNITY STATE BANK,2024-03-31,40.334,1.352,0.3984186324746646,False
8323,COMMUNITY STATE BANK,2024-06-30,38.982,1.415,0.45536579265756894,False
8323,COMMUNITY STATE BANK,2024-09-30,37.567,2.216,0.2952962558853712,False
8333,FIRST TRI COUNTY BANK,2024-03-31,62.838,1.412,0.2271804498640414,False
8333,FIRST TRI COUNTY BANK,2024-06-30,61.426,1.391,0.3186247079477469,False
8333,FIRST TRI COUNTY BANK,2024-09-30,60.035,0.0,0.24216950916777655,False
8383,FIRST STATE BANK OF HARVEY,2024-03-31,84.77,2.01,0.5437984848420313,False
8383,FIRST STATE BANK OF HARVEY,2024-06-30,82.76,1.738,0.691761596077653,False
8383,FIRST STATE BANK OF HARVEY,2024-09-30,81.022,0.0,0.5211923901591042,False
8386,KODABANK,2024-03-31,388.645,2.388,2.0982247925749755,False
8386,KODABANK,2024-06-30,386.257,0.0,2.5387416974778274,False
8386,KODABANK,2024-09-30,400.574,0.0,1.878379509768755,False
8387,BANKNORTH,2024-03-31,448.073,24.66,1.877022160186136,False
8387,BANKNORTH,2024-06-30,423.413,0.0,2.4391863224534585,False
8387,BANKNORTH,2024-09-30,434.116,0.0,1.741411585371549,False
8390,LINCOLN STATE BANK,2024-03-31,100.209,4.807,0.5277600777272689,False
8390,LINCOLN STATE BANK,2024-06-30,95.402,0.0,0.6661733557238947,False
8390,LINCOLN STATE BANK,2024-09-30,99.541,0.0,0.5428233367754288,False
8397,WATERFORD COMMERCIAL&SVG BK,2024-03-31,50.195,1.311,0.1648455750463955,False
8397,WATERFORD COMMERCIAL&SVG BK,2024-06-30,48.884,0.417,0.2450988495776542,False
8397,WATERFORD COMMERCIAL&SVG BK,2024-09-30,48.467,1.117,0.18465983070088873,False
8403,OTTOVILLE BANK CO,2024-03-31,70.736,0.0,0.4302727500257845,False
8403,OTTOVILLE BANK CO,2024-06-30,73.113,0.0,0.7225197226852815,False
8403,OTTOVILLE BANK CO,2024-09-30,75.527,0.0,0.5407948445993552,False
8405,FARMERS&MERCHANTS TR CHAMBER,2024-03-31,1569.531,0.0,8.386016273102186,False
8405,FARMERS&MERCHANTS TR CHAMBER,2024-06-30,1596.62,0.0,11.076960115339777,False
8405,FARMERS&MERCHANTS TR CHAMBER,2024-09-30,1733.48,0.0,8.879206248505213,False
8421,SUSQUEHANNA COMMUNITY BANK,2024-03-31,486.196,0.0,2.6004701494671556,False
8421,SUSQUEHANNA COMMUNITY BANK,2024-06-30,488.616,0.0,3.4831763806970852,False
8421,SUSQUEHANNA COMMUNITY BANK,2024-09-30,494.855,6.78,2.4802977216860014,False
8426,1ST SUMMIT BANK,2024-03-31,1199.779,0.0,6.01994513649411,False
8426,1ST SUMMIT BANK,2024-06-30,1201.819,0.0,8.035926747519763,False
8426,1ST SUMMIT BANK,2024-09-30,1209.848,2.368,6.0101423883896326,False
8432,ONE BANK OF TENNESSEE,2024-03-31,1433.499,0.0,7.968412879797721,False
8432,ONE BANK OF TENNESSEE,2024-06-30,1450.292,0.0,10.693425354422033,False
8432,ONE BANK OF TENNESSEE,2024-09-30,1467.233,0.0,7.505692588421229,False
8439,CENTENNIAL BANK,2024-03-31,606.065,0.0,2.7737377583606064,False
8439,CENTENNIAL BANK,2024-06-30,629.497,0.0,3.9823763555805702,False
8439,CENTENNIAL BANK,2024-09-30,640.658,0.0,2.6983471401820682,False
8468,EXCHANGE BANK,2024-03-31,2809.292,33.331,13.786874108416859,True
8468,EXCHANGE BANK,2024-06-30,2775.961,0.0,17.875842375355397,True
8468,EXCHANGE BANK,2024-09-30,2817.445,0.0,13.903623957458516,True
8487,CENTRAL STATE BANK,2024-03-31,141.424,0.0,0.8100162336031342,False
8487,CENTRAL STATE BANK,2024-06-30,144.823,1.387,1.1669664513630396,False
8487,CENTRAL STATE BANK,2024-09-30,143.436,0.0,0.7213012193480989,False
8491,SCOTT STATE BANK,2024-03-31,181.444,3.459,1.1842937137249636,False
8491,SCOTT STATE BANK,2024-06-30,177.985,0.0,1.503151112466887,False
8491,SCOTT STATE BANK,2024-09-30,180.956,4.486,1.129991075726155,False
8499,UNION STATE BANK,2024-03-31,104.837,0.0,0.5971319675163087,False
8499,UNION STATE BANK,2024-06-30,110.898,1.272,0.9594718027249125,False
8499,UNION STATE BANK,2024-09-30,109.626,0.0,0.6464657964083295,False
8503,FARMERS STATE BANK,2024-03-31,64.866,2.19,0.28907081505346394,False
8503,FARMERS STATE BANK,2024-06-30,62.676,0.854,0.41572925988687587,False
8503,FARMERS STATE BANK,2024-09-30,61.822,0.0,0.27093301181219265,False
8506,NEW ALBIN SAVINGS BANK,2024-03-31,267.812,1.826,1.690453792264129,False
8506,NEW ALBIN SAVINGS BANK,2024-06-30,265.986,0.0,2.2309826711748566,False
8506,NEW ALBIN SAVINGS BANK,2024-09-30,269.244,0.0,1.634756742823991,False
8507,SLOAN STATE BANK,2024-03-31,67.198,1.29,0.42849908638793976,False
8507,SLOAN STATE BANK,2024-06-30,65.908,0.934,0.548595661592597,False
8507,SLOAN STATE BANK,2024-09-30,64.974,0.0,0.4092118141737627,False
8510,FARMERS TRUST&SAVINGS BANK,2024-03-31,123.953,0.0,0.8750267434598042,False
8510,FARMERS TRUST&SAVINGS BANK,2024-06-30,128.879,3.724,1.3419467818734099,False
8510,FARMERS TRUST&SAVINGS BANK,2024-09-30,125.155,0.0,0.829687494024773,False
8511,CRAWFORD COUNTY T&SB,2024-03-31,256.07,5.678,1.4568722664564333,False
8511,CRAWFORD COUNTY T&SB,2024-06-30,250.392,0.565,1.8164904045221109,False
8511,CRAWFORD COUNTY T&SB,2024-09-30,249.827,0.0,1.2899178311572526,False
8513,STATE SAVINGS BANK,2024-03-31,67.951,0.052,0.3421146130577561,False
8513,STATE SAVINGS BANK,2024-06-30,67.899,0.0,0.4922338029068037,False
8513,STATE SAVINGS BANK,2024-09-30,68.018,0.0,0.3671483480612421,False
8519,WHITE STATE BANK,2024-03-31,88.576,0.0,0.5345930989580568,False
8519,WHITE STATE BANK,2024-06-30,90.293,0.623,0.7669838705978616,False
8519,WHITE STATE BANK,2024-09-30,89.67,0.181,0.589819482993891,False
8522,FIRST STATE BANK,2024-03-31,105.641,0.0,0.6448383625200184,False
8522,FIRST STATE BANK,2024-06-30,108.419,0.206,0.9301257242792103,False
8522,FIRST STATE BANK,2024-09-30,108.213,5.24,0.6775553281078649,False
8527,CONCORDIA BANK&TRUST CO,2024-03-31,569.837,16.662,3.2714728587988824,False
8527,CONCORDIA BANK&TRUST CO,2024-06-30,553.175,0.0,4.0923627601814925,False
8527,CONCORDIA BANK&TRUST CO,2024-09-30,555.276,0.0,2.9042409266665365,False
8531,BANK OF COUSHATTA,2024-03-31,228.513,9.0,1.5496379275598724,False
8531,BANK OF COUSHATTA,2024-06-30,219.513,0.0,1.9120482618340957,False
8531,BANK OF COUSHATTA,2024-09-30,219.573,0.0,1.372780534762723,False
8532,BANK OF ERATH,2024-03-31,96.987,0.782,0.6711583526286123,False
8532,BANK OF ERATH,2024-06-30,96.205,1.369,0.8603842954851872,False
8532,BANK OF ERATH,2024-09-30,94.836,0.0,0.637640919649368,False
8533,TENSAS STATE BANK,2024-03-31,144.495,0.0,0.8266107251970501,False
8533,TENSAS STATE BANK,2024-06-30,151.364,0.0,1.1127571504295095,False
8533,TENSAS STATE BANK,2024-09-30,157.111,0.0,0.8646093013832685,False
8534,ST LANDRY BANK&TRUST CO,2024-03-31,271.712,0.0,3.0568799166234064,False
8534,ST LANDRY BANK&TRUST CO,2024-06-30,273.242,8.527,3.7913076196927524,False
8534,ST LANDRY BANK&TRUST CO,2024-09-30,264.715,0.0,2.601051973175658,False
8535,FIRST COMMUNITY BANK,2024-03-31,74.812,0.813,0.5695037862628929,False
8535,FIRST COMMUNITY BANK,2024-06-30,73.999,0.0,0.7796119007518391,False
8535,FIRST COMMUNITY BANK,2024-09-30,74.772,1.712,0.6052955092892851,False
8536,PROGROWTH BANK,2024-03-31,344.259,0.0,3.2288979544977097,False
8536,PROGROWTH BANK,2024-06-30,355.445,11.407,4.217025221877132,False
8536,PROGROWTH BANK,2024-09-30,344.038,15.003,2.8994135193673114,False
8537,BANKCHEROKEE,2024-03-31,341.434,5.161,2.0959550320318265,False
8537,BANKCHEROKEE,2024-06-30,336.273,0.778,2.638209762996204,False
8537,BANKCHEROKEE,2024-09-30,335.495,0.0,1.893215502136748,False
8541,STATE BANK OF FAIRMONT,2024-03-31,125.876,2.336,0.7076046598708675,False
8541,STATE BANK OF FAIRMONT,2024-06-30,123.54,1.328,0.8915545666666869,False
8541,STATE BANK OF FAIRMONT,2024-09-30,122.212,0.0,0.648395892838828,False
8544,UNITED COMMUNITY BANK,2024-03-31,304.783,0.0,1.8518070788518484,False
8544,UNITED COMMUNITY BANK,2024-06-30,307.225,0.0,2.47584592919792,False
8544,UNITED COMMUNITY BANK,2024-09-30,320.501,0.561,1.9925397692041438,False
8546,SENTRY BANK,2024-03-31,274.659,2.03,1.589549614493096,False
8546,SENTRY BANK,2024-06-30,272.629,0.0,1.9067866807848073,False
8546,SENTRY BANK,2024-09-30,277.404,3.157,1.4111447195405071,False
8552,GREAT SOUTHERN BANK,2024-03-31,317.758,6.104,2.5506371569322797,False
8552,GREAT SOUTHERN BANK,2024-06-30,311.654,1.722,3.3071087568230415,False
8552,GREAT SOUTHERN BANK,2024-09-30,309.932,3.464,2.4936611927227816,False
8560,BANK 21,2024-03-31,146.574,0.0,0.7531838741389305,False
8560,BANK 21,2024-06-30,146.634,0.0,1.0057773483682761,False
8560,BANK 21,2024-09-30,147.105,2.534,0.6470494566866922,False
8564,BANK OF GRAIN VALLEY,2024-03-31,84.38,0.0,0.4715858522983527,False
8564,BANK OF GRAIN VALLEY,2024-06-30,86.535,0.825,0.7587223726034182,False
8564,BANK OF GRAIN VALLEY,2024-09-30,85.71,0.0,0.5339236104797562,False
8569,GOPPERT FINANCIAL BANK,2024-03-31,219.286,0.0,1.6699014760154067,False
8569,GOPPERT FINANCIAL BANK,2024-06-30,223.091,0.0,2.2118565330729876,False
8569,GOPPERT FINANCIAL BANK,2024-09-30,226.542,0.0,1.5756709598221172,False
8572,CITIZENS BANK OF ROGERSVILLE,2024-03-31,106.39,1.858,0.4399137145845686,False
8572,CITIZENS BANK OF ROGERSVILLE,2024-06-30,104.532,0.0,0.5921322961550409,False
8572,CITIZENS BANK OF ROGERSVILLE,2024-09-30,108.896,3.097,0.47904710214023544,False
8576,MARIES COUNTY BANK,2024-03-31,524.822,7.986,3.114631878675353,False
8576,MARIES COUNTY BANK,2024-06-30,516.836,12.266,3.723473126949448,False
8576,MARIES COUNTY BANK,2024-09-30,504.57,0.0,2.5694601870009546,False
8584,BANK OF IBERIA,2024-03-31,60.602,0.0,0.33381118585404385,False
8584,BANK OF IBERIA,2024-06-30,61.559,1.275,0.458617879462333,False
8584,BANK OF IBERIA,2024-09-30,60.284,0.0,0.31404135124031785,False
8594,MONTROSE SAVINGS BANK,2024-03-31,46.781,0.0,0.16755423066336167,False
8594,MONTROSE SAVINGS BANK,2024-06-30,47.734,0.89,0.27682945862183933,False
8594,MONTROSE SAVINGS BANK,2024-09-30,46.844,1.167,0.20744418957513752,False
8595,I3 BANK,2024-03-31,159.625,0.0,0.7416219866890055,False
8595,I3 BANK,2024-06-30,171.26,0.0,1.3683617377300141,False
8595,I3 BANK,2024-09-30,178.695,0.0,0.9286105651061473,False
8604,FIRST STATE BANK,2024-03-31,41.871,0.0,0.22849623517713588,False
8604,FIRST STATE BANK,2024-06-30,42.213,1.845,0.33006480158362395,False
8604,FIRST STATE BANK,2024-09-30,40.368,0.0,0.21289859269724093,False
8632,CITIZENS STB AT MOHALL,2024-03-31,63.552,0.378,0.20116528958166935,False
8632,CITIZENS STB AT MOHALL,2024-06-30,63.174,1.475,0.2809987220691731,False
8632,CITIZENS STB AT MOHALL,2024-09-30,61.699,0.0,0.20614936237898882,False
8637,DAKOTA WESTERN BANK,2024-03-31,325.258,0.0,1.9308048130050555,False
8637,DAKOTA WESTERN BANK,2024-06-30,342.715,0.0,2.7600322685301166,False
8637,DAKOTA WESTERN BANK,2024-09-30,353.019,0.0,2.0879708143497058,False
8640,FARMERS&MERCHANTS BANK OF ND,2024-03-31,102.873,1.572,0.6736272489616184,False
8640,FARMERS&MERCHANTS BANK OF ND,2024-06-30,101.301,3.477,0.8907636079905593,False
8640,FARMERS&MERCHANTS BANK OF ND,2024-09-30,97.824,0.0,0.6352113773208296,False
8647,FARMERS STATE BANK,2024-03-31,157.534,0.0,0.9142334753516894,False
8647,FARMERS STATE BANK,2024-06-30,159.046,0.0,1.2073384922255683,False
8647,FARMERS STATE BANK,2024-09-30,165.742,0.0,1.0566299949560967,False
8660,COMMERCIAL BANK&TRUST CO,2024-03-31,930.96,0.0,5.688310135714148,False
8660,COMMERCIAL BANK&TRUST CO,2024-06-30,951.997,0.0,7.56785304353487,False
8660,COMMERCIAL BANK&TRUST CO,2024-09-30,957.511,0.0,5.5717230470064365,False
8661,FARMERS BANK,2024-03-31,44.979,0.0,0.08773538759060574,False
8661,FARMERS BANK,2024-06-30,54.048,0.0,0.2780899629970588,False
8661,FARMERS BANK,2024-09-30,61.688,0.0,0.3967091614981868,False
8663,FIRSTBANK,2024-03-31,10525.725,39.693,32.24182141436824,True
8663,FIRSTBANK,2024-06-30,10486.032,0.0,42.591110676608174,True
8663,FIRSTBANK,2024-09-30,10994.165,0.0,31.170719579531482,True
8668,FARMERS&MERCHANTS BANK,2024-03-31,1161.231,0.0,5.736594261861323,False
8668,FARMERS&MERCHANTS BANK,2024-06-30,1191.7,0.0,7.638759153693863,False
8668,FARMERS&MERCHANTS BANK,2024-09-30,1222.393,23.226,5.589294771874572,False
8672,BLUE GRASS VALLEY BANK,2024-03-31,52.136,1.595,0.2833688932234448,False
8672,BLUE GRASS VALLEY BANK,2024-06-30,50.541,0.0,0.3444524982749961,False
8672,BLUE GRASS VALLEY BANK,2024-09-30,51.018,0.0,0.29927888304130906,False
8681,LAMONT BANK OF ST JOHN,2024-03-31,52.374,0.843,0.13509979332653213,False
8681,LAMONT BANK OF ST JOHN,2024-06-30,51.531,0.0,0.20392328496381837,False
8681,LAMONT BANK OF ST JOHN,2024-09-30,56.947,0.0,0.2172808171746359,False
8693,BLUFF VIEW BANK,2024-03-31,105.865,0.0,0.52541616907198,False
8693,BLUFF VIEW BANK,2024-06-30,107.926,0.0,0.6990254256795286,False
8693,BLUFF VIEW BANK,2024-09-30,120.815,0.0,0.7082466765394005,False
8695,BANK OF LAKE MILLS,2024-03-31,276.482,27.728,1.1993733796909845,False
8695,BANK OF LAKE MILLS,2024-06-30,248.754,0.0,1.4794971032471302,False
8695,BANK OF LAKE MILLS,2024-09-30,283.595,0.0,1.1342967149776555,False
8698,PORT WASHINGTON STATE BANK,2024-03-31,823.733,4.292,4.393095841433948,False
8698,PORT WASHINGTON STATE BANK,2024-06-30,819.441,0.611,5.661864388371383,False
8698,PORT WASHINGTON STATE BANK,2024-09-30,818.83,0.0,3.957557664985232,False
8700,WALDO STATE BANK,2024-03-31,99.496,0.0,0.38562404537164363,False
8700,WALDO STATE BANK,2024-06-30,103.666,0.0,0.5937802445459861,False
8700,WALDO STATE BANK,2024-09-30,106.747,0.0,0.43532909887608273,False
8714,UNITY BANK,2024-03-31,525.674,0.0,2.3099659488300217,False
8714,UNITY BANK,2024-06-30,530.449,0.0,3.2624243807277797,False
8714,UNITY BANK,2024-09-30,541.094,0.0,2.4665858354793073,False
8718,WYOMING BANK&TRUST,2024-03-31,273.14,3.547,2.200485830182092,False
8718,WYOMING BANK&TRUST,2024-06-30,269.593,0.0,2.613485413871813,False
8718,WYOMING BANK&TRUST,2024-09-30,297.168,0.0,2.8036263669675474,False
8725,COWBOY STATE BANK,2024-03-31,41.002,0.0,0.09443665556823724,False
8725,COWBOY STATE BANK,2024-06-30,41.795,0.0,0.21034429075384287,False
8725,COWBOY STATE BANK,2024-09-30,44.298,0.0,0.18772800905161635,False
8728,ARVEST BANK,2024-03-31,23099.351,121.083,67.17816565471496,True
8728,ARVEST BANK,2024-06-30,22978.268,0.0,84.99503649180278,True
8728,ARVEST BANK,2024-09-30,23242.492,0.0,60.38320111473136,True
8730,GATEWAY BANK,2024-03-31,139.681,0.0,0.5165331708637682,False
8730,GATEWAY BANK,2024-06-30,140.945,0.0,0.7021028207485689,False
8730,GATEWAY BANK,2024-09-30,147.412,0.0,0.5224749535756554,False
8735,MERCHANTS&FARMERS BANK,2024-03-31,199.661,0.0,0.8743270246340512,False
8735,MERCHANTS&FARMERS BANK,2024-06-30,210.902,0.0,1.3201647966677916,False
8735,MERCHANTS&FARMERS BANK,2024-09-30,217.327,0.71,0.9448839237245087,False
8738,CITIZENS BANK&TRUST CO,2024-03-31,466.645,0.0,3.1586530043370287,False
8738,CITIZENS BANK&TRUST CO,2024-06-30,480.001,11.221,4.5463976263456995,False
8738,CITIZENS BANK&TRUST CO,2024-09-30,468.78,0.0,3.1436525632492596,False
8745,FIRST STB OF MIDDLEBURY,2024-03-31,615.969,3.092,2.7514100322165302,False
8745,FIRST STB OF MIDDLEBURY,2024-06-30,612.877,0.0,3.6964410643565566,False
8745,FIRST STB OF MIDDLEBURY,2024-09-30,632.519,9.167,2.681044161212641,False
8751,IOWA STATE SAVINGS BANK,2024-03-31,240.185,11.604,1.6592245138640171,False
8751,IOWA STATE SAVINGS BANK,2024-06-30,228.581,0.509,1.82975731222681,False
8751,IOWA STATE SAVINGS BANK,2024-09-30,228.072,0.0,1.3167572295495955,False
8752,FIRST TRUST&SAVINGS BANK,2024-03-31,209.503,0.0,0.8284446569464331,False
8752,FIRST TRUST&SAVINGS BANK,2024-06-30,215.306,0.0,1.1774371936910653,False
8752,FIRST TRUST&SAVINGS BANK,2024-09-30,222.963,0.0,0.8905950349129133,False
8760,FARMERS STATE BANK,2024-03-31,122.823,5.622,0.6522830702148233,False
8760,FARMERS STATE BANK,2024-06-30,117.201,0.0,0.7923621814160061,False
8760,FARMERS STATE BANK,2024-09-30,117.543,0.0,0.5864371414107437,False
8761,KERNDT BROTHERS SAVINGS BANK,2024-03-31,291.434,14.941,1.6648158414363514,False
8761,KERNDT BROTHERS SAVINGS BANK,2024-06-30,276.493,0.879,1.9705869180352242,False
8761,KERNDT BROTHERS SAVINGS BANK,2024-09-30,275.614,2.426,1.4812091191056427,False
8762,SACRAMENTO DEPOSIT BANK,2024-03-31,129.436,4.359,0.7453697714110701,False
8762,SACRAMENTO DEPOSIT BANK,2024-06-30,125.077,0.0,0.9649948901196448,False
8762,SACRAMENTO DEPOSIT BANK,2024-09-30,127.222,0.0,0.7066871492540686,False
8772,SPRINGFIELD STATE BANK,2024-03-31,321.16,0.0,1.632002098761922,False
8772,SPRINGFIELD STATE BANK,2024-06-30,324.116,0.0,2.214576631566692,False
8772,SPRINGFIELD STATE BANK,2024-09-30,327.651,0.0,1.5519085319384172,False
8774,CECILIAN BANK,2024-03-31,1274.696,8.179,6.356039328284437,False
8774,CECILIAN BANK,2024-06-30,1266.517,34.37,8.03842338930529,False
8774,CECILIAN BANK,2024-09-30,1232.147,0.0,5.483332679014186,False
8775,BANK OF COLUMBIA,2024-03-31,179.441,0.0,0.8603039718718847,False
8775,BANK OF COLUMBIA,2024-06-30,185.39,0.0,1.1494255398170343,False
8775,BANK OF COLUMBIA,2024-09-30,186.983,0.0,0.8155316870343362,False
8785,PEOPLES EXCHANGE BANK,2024-03-31,468.189,6.395,2.3885970301658226,False
8785,PEOPLES EXCHANGE BANK,2024-06-30,461.794,4.77,2.951834225850794,False
8785,PEOPLES EXCHANGE BANK,2024-09-30,457.024,0.0,1.9908524823624976,False
8798,COTTONPORT BANK,2024-03-31,427.192,0.0,2.70012868374419,False
8798,COTTONPORT BANK,2024-06-30,431.031,0.0,3.4549384112868187,False
8798,COTTONPORT BANK,2024-09-30,447.777,0.0,2.645812444429323,False
8799,JACKSON PARISH BANK,2024-03-31,51.764,0.63,0.26834475176384065,False
8799,JACKSON PARISH BANK,2024-06-30,51.134,5.383,0.4532275936936006,False
8799,JACKSON PARISH BANK,2024-09-30,45.751,0.0,0.21477186459893277,False
8811,HEBRON SAVINGS BANK,2024-03-31,625.917,0.0,2.998422389457431,False
8811,HEBRON SAVINGS BANK,2024-06-30,644.546,0.0,3.847217834705774,False
8811,HEBRON SAVINGS BANK,2024-09-30,649.965,0.0,2.9629304576995033,False
8816,QUEENSTOWN BANK OF MARYLAND,2024-03-31,601.031,11.781,3.8011242364379765,False
8816,QUEENSTOWN BANK OF MARYLAND,2024-06-30,589.25,0.0,4.519344167017641,False
8816,QUEENSTOWN BANK OF MARYLAND,2024-09-30,595.391,4.078,3.4079692875785503,False
8821,UNITED FARMERS STATE BANK,2024-03-31,169.803,4.663,0.6728398355012354,False
8821,UNITED FARMERS STATE BANK,2024-06-30,165.14,0.0,0.9252785893525054,False
8821,UNITED FARMERS STATE BANK,2024-09-30,165.928,0.0,0.670488581989244,False
8822,ADRIAN STATE BANK,2024-03-31,51.174,5.649,0.2334799230752156,False
8822,ADRIAN STATE BANK,2024-06-30,45.525,0.0,0.25112760122990807,False
8822,ADRIAN STATE BANK,2024-09-30,48.907,0.0,0.23024041269059778,False
8824,EAGLE BANK,2024-03-31,192.855,3.988,1.3788596870926069,False
8824,EAGLE BANK,2024-06-30,188.867,6.759,1.5327959278683834,False
8824,EAGLE BANK,2024-09-30,182.108,3.627,1.0535560277484999,False
8831,FIRST STB OF SAUK CENTRE,2024-03-31,122.652,0.092,1.0014606847441265,False
8831,FIRST STB OF SAUK CENTRE,2024-06-30,122.56,0.0,1.3339795552240583,False
8831,FIRST STB OF SAUK CENTRE,2024-09-30,130.899,0.737,0.9626794239743535,False
8833,CURRIE STATE BANK,2024-03-31,77.573,0.0,0.19966599010105543,False
8833,CURRIE STATE BANK,2024-06-30,84.175,0.337,0.35874381305874997,False
8833,CURRIE STATE BANK,2024-09-30,83.838,0.0,0.2693755719687944,False
8840,PEOPLES STATE BANK OF WELLS,2024-03-31,56.484,3.059,0.291618800701908,False
8840,PEOPLES STATE BANK OF WELLS,2024-06-30,53.425,1.21,0.31032058619863995,False
8840,PEOPLES STATE BANK OF WELLS,2024-09-30,52.215,0.0,0.21199926861057483,False
8842,GRAND MARAIS STATE BANK,2024-03-31,101.151,0.0,0.4957997391449239,False
8842,GRAND MARAIS STATE BANK,2024-06-30,102.978,0.0,0.7041795306751606,False
8842,GRAND MARAIS STATE BANK,2024-09-30,117.272,6.955,0.7651155924391692,False
8843,AMERICAN HERITAGE NB,2024-03-31,468.247,0.524,2.291685201332249,False
8843,AMERICAN HERITAGE NB,2024-06-30,467.723,0.0,2.946329447976276,False
8843,AMERICAN HERITAGE NB,2024-09-30,494.017,9.262,2.636290007203645,False
8845,FARMERS&MERCHANTS STB APPLET,2024-03-31,51.642,0.54,0.1258454278244442,False
8845,FARMERS&MERCHANTS STB APPLET,2024-06-30,51.102,1.693,0.18884245131107677,False
8845,FARMERS&MERCHANTS STB APPLET,2024-09-30,49.409,0.0,0.11994933390027279,False
8848,CENBANK,2024-03-31,74.132,0.0,0.398318434141535,False
8848,CENBANK,2024-06-30,74.4,3.041,0.6278312964560002,False
8848,CENBANK,2024-09-30,71.359,0.0,0.3808273693147765,False
8850,NORTH SHORE BANK OF COMMERCE,2024-03-31,394.29,0.0,1.8029330210806795,False
8850,NORTH SHORE BANK OF COMMERCE,2024-06-30,399.143,0.0,2.4501796638621474,False
8850,NORTH SHORE BANK OF COMMERCE,2024-09-30,407.939,0.0,1.7566537634083963,False
8851,PARK STATE BANK,2024-03-31,1180.785,37.685,5.93375656669055,False
8851,PARK STATE BANK,2024-06-30,1143.1,0.0,7.905684264978203,False
8851,PARK STATE BANK,2024-09-30,1166.189,0.0,5.700363582857269,False
8853,GLENWOOD STATE BANK INC,2024-03-31,452.152,0.0,1.7604835544468898,False
8853,GLENWOOD STATE BANK INC,2024-06-30,459.496,0.0,2.518095331730756,False
8853,GLENWOOD STATE BANK INC,2024-09-30,459.643,0.0,1.7388321247954746,False
8857,GROVE BANK,2024-03-31,38.187,0.0,0.1398429859243165,False
8857,GROVE BANK,2024-06-30,42.437,1.659,0.258649993896306,False
8857,GROVE BANK,2024-09-30,40.778,0.0,0.1403914365458003,False
8858,STATE BANK OF CHANDLER,2024-03-31,58.737,4.617,0.24025502421847597,False
8858,STATE BANK OF CHANDLER,2024-06-30,54.12,0.0,0.28663496899873225,False
8858,STATE BANK OF CHANDLER,2024-09-30,56.036,0.0,0.26702137976706,False
8863,WOODLAND BANK,2024-03-31,127.412,0.0,0.5684078022241131,False
8863,WOODLAND BANK,2024-06-30,133.829,0.0,0.8577999138521142,False
8863,WOODLAND BANK,2024-09-30,137.572,1.963,0.631500027716257,False
8865,HERITAGE BANK MINNESOTA,2024-03-31,83.838,0.0,0.33153330627796135,False
8865,HERITAGE BANK MINNESOTA,2024-06-30,84.399,0.0,0.45499987579849754,False
8865,HERITAGE BANK MINNESOTA,2024-09-30,90.181,3.272,0.393965080972365,False
8866,MERCHANTS BANK NATIONAL ASSN,2024-03-31,2227.844,0.0,7.39592681425763,False
8866,MERCHANTS BANK NATIONAL ASSN,2024-06-30,2254.58,0.0,10.255153084776516,False
8866,MERCHANTS BANK NATIONAL ASSN,2024-09-30,2330.318,0.0,7.940465437392041,False
8867,ULTIMA BANK MINNESOTA,2024-03-31,235.442,0.0,0.9920375892703861,False
8867,ULTIMA BANK MINNESOTA,2024-06-30,242.994,0.0,1.3949371078593853,False
8867,ULTIMA BANK MINNESOTA,2024-09-30,256.072,3.924,1.0183308459502032,False
8870,BANKFIRST FINANCIAL SERVICES,2024-03-31,2327.1,2.903,9.455927109263623,False
8870,BANKFIRST FINANCIAL SERVICES,2024-06-30,2324.197,0.0,12.318063376393406,False
8870,BANKFIRST FINANCIAL SERVICES,2024-09-30,2357.261,0.0,9.092954544269634,False
8879,COMMUNITY BANK OF MS,2024-03-31,4319.962,99.887,19.386578418247392,True
8879,COMMUNITY BANK OF MS,2024-06-30,4220.075,0.0,24.10196083010979,True
8879,COMMUNITY BANK OF MS,2024-09-30,4268.779,0.0,17.46363733168731,True
8888,COUNTRY CLUB BANK,2024-03-31,1672.002,0.0,7.628363047357336,False
8888,COUNTRY CLUB BANK,2024-06-30,1738.509,0.0,10.930334831889027,False
8888,COUNTRY CLUB BANK,2024-09-30,1819.885,0.0,8.70319902660031,False
8889,MIDWEST REGIONAL BANK,2024-03-31,939.831,0.0,4.113253952921494,False
8889,MIDWEST REGIONAL BANK,2024-06-30,950.607,0.0,5.650170488361893,False
8889,MIDWEST REGIONAL BANK,2024-09-30,972.407,0.0,3.8742890018311376,False
8892,SULLIVAN BANK,2024-03-31,939.543,0.0,4.060890375236631,False
8892,SULLIVAN BANK,2024-06-30,992.137,0.0,5.98784132220203,False
8892,SULLIVAN BANK,2024-09-30,1025.811,0.0,4.252403820851751,False
8893,AMERICAS COMMUNITY BANK,2024-03-31,40.841,1.18,0.07710946023932248,False
8893,AMERICAS COMMUNITY BANK,2024-06-30,39.661,0.0,0.06478823821198197,False
8893,AMERICAS COMMUNITY BANK,2024-09-30,41.59,0.0,0.10178269117036184,False
8896,JONESBURG STATE BANK,2024-03-31,119.342,0.805,0.8724815689727937,False
8896,JONESBURG STATE BANK,2024-06-30,118.537,0.377,1.123526165664804,False
8896,JONESBURG STATE BANK,2024-09-30,118.16,0.0,0.7711452231380054,False
8898,ST JOHNS BANK&TRUST CO,2024-03-31,283.725,0.0,1.3146137327318224,False
8898,ST JOHNS BANK&TRUST CO,2024-06-30,284.328,10.212,1.8047672583358643,False
8898,ST JOHNS BANK&TRUST CO,2024-09-30,274.116,0.0,1.2388798774233094,False
8903,PEOPLES BANK&TRUST CO,2024-03-31,719.58,0.0,4.753695248009236,False
8903,PEOPLES BANK&TRUST CO,2024-06-30,732.508,13.261,6.454143880091997,False
8903,PEOPLES BANK&TRUST CO,2024-09-30,719.247,0.0,4.375925166603807,False
8904,NODAWAY VALLEY BANK,2024-03-31,1221.454,0.0,5.935954330795116,False
8904,NODAWAY VALLEY BANK,2024-06-30,1235.279,3.393,7.800256493414337,False
8904,NODAWAY VALLEY BANK,2024-09-30,1231.886,5.342,5.389100324043954,False
8941,BANK FORWARD,2024-03-31,864.578,32.131,4.099082833040305,False
8941,BANK FORWARD,2024-06-30,832.447,0.0,4.929852342157449,False
8941,BANK FORWARD,2024-09-30,843.582,0.0,3.4725650917683564,False
8942,STOCK GROWERS BANK,2024-03-31,297.174,7.092,1.9380690155542541,False
8942,STOCK GROWERS BANK,2024-06-30,290.082,8.248,2.491662556969158,False
8942,STOCK GROWERS BANK,2024-09-30,281.834,0.0,1.7582079815277267,False
8943,MERCHANTS BANK,2024-03-31,216.098,8.328,1.2154050345798115,False
8943,MERCHANTS BANK,2024-06-30,207.77,0.0,1.3860137902812113,False
8943,MERCHANTS BANK,2024-09-30,211.932,0.0,1.02594838485513,False
8946,KINDRED STATE BANK,2024-03-31,42.238,6.504,0.2528837950636006,False
8946,KINDRED STATE BANK,2024-06-30,35.734,1.443,0.20327417316853386,False
8946,KINDRED STATE BANK,2024-09-30,34.291,0.0,0.18097361868446074,False
8975,COMMUNITY BANK,2024-03-31,100.304,0.0,0.5081927925458265,False
8975,COMMUNITY BANK,2024-06-30,101.331,1.759,0.6165326335506187,False
8975,COMMUNITY BANK,2024-09-30,99.572,2.466,0.470428317780022,False
8980,SECURITY STB OF OKLAHOMA,2024-03-31,293.727,5.654,1.626150801442454,False
8980,SECURITY STB OF OKLAHOMA,2024-06-30,288.073,0.0,2.1351508254761833,False
8980,SECURITY STB OF OKLAHOMA,2024-09-30,294.412,0.0,1.6740681187849566,False
9005,FIRST STATE BANK OF ROSCOE,2024-03-31,121.935,4.733,0.8316171270469442,False
9005,FIRST STATE BANK OF ROSCOE,2024-06-30,117.202,1.381,1.003255969228318,False
9005,FIRST STATE BANK OF ROSCOE,2024-09-30,115.821,4.571,0.7573652195931573,False
9007,HEARTLAND STATE BANK,2024-03-31,127.397,9.533,0.673013511225331,False
9007,HEARTLAND STATE BANK,2024-06-30,117.864,3.179,0.8179730042564827,False
9007,HEARTLAND STATE BANK,2024-09-30,114.685,0.0,0.584232571530975,False
9023,BANK OF CHARLES TOWN,2024-03-31,763.028,22.848,3.959144850015068,False
9023,BANK OF CHARLES TOWN,2024-06-30,740.18,0.0,4.6851688688235535,False
9023,BANK OF CHARLES TOWN,2024-09-30,749.804,0.0,3.469068551107104,False
9024,CALHOUN COUNTY BANK INC,2024-03-31,162.984,0.8,0.947267753743102,False
9024,CALHOUN COUNTY BANK INC,2024-06-30,162.184,0.0,1.244005674351923,False
9024,CALHOUN COUNTY BANK INC,2024-09-30,167.496,0.0,1.004791129177499,False
9030,HARRISON COUNTY BANK,2024-03-31,136.177,5.116,0.808252387179703,False
9030,HARRISON COUNTY BANK,2024-06-30,131.061,5.183,0.9859654693497698,False
9030,HARRISON COUNTY BANK,2024-09-30,125.878,0.0,0.7011094022342854,False
9035,HEADWATERS STATE BANK,2024-03-31,76.155,1.174,0.33697590593797977,False
9035,HEADWATERS STATE BANK,2024-06-30,74.981,0.0,0.4200719799793276,False
9035,HEADWATERS STATE BANK,2024-09-30,81.965,0.0,0.4075966953460539,False
9036,SECURITY STATE BANK,2024-03-31,93.592,0.0,0.5058679224941954,False
9036,SECURITY STATE BANK,2024-06-30,94.301,0.0,0.7006705881423742,False
9036,SECURITY STATE BANK,2024-09-30,97.591,0.0,0.5852459791059409,False
9037,MOUND CITY BANK,2024-03-31,421.529,0.0,1.9874923228784616,False
9037,MOUND CITY BANK,2024-06-30,425.643,0.0,2.806396267630703,False
9037,MOUND CITY BANK,2024-09-30,431.239,0.0,1.970868171568215,False
9047,CITIZENS STATE BANK,2024-03-31,466.589,3.833,2.935937950012064,False
9047,CITIZENS STATE BANK,2024-06-30,462.756,0.0,3.8044644951313074,False
9047,CITIZENS STATE BANK,2024-09-30,489.725,0.0,2.945843030788162,False
9057,BANK OF MOUNDVILLE,2024-03-31,110.42,1.035,0.6943625039474729,False
9057,BANK OF MOUNDVILLE,2024-06-30,109.385,0.119,0.9201357597779692,False
9057,BANK OF MOUNDVILLE,2024-09-30,109.266,6.807,0.6568094721053674,False
9064,PLANTERS FIRST BANK,2024-03-31,388.991,0.0,2.569996925782492,False
9064,PLANTERS FIRST BANK,2024-06-30,389.069,4.994,3.1093163377128685,False
9064,PLANTERS FIRST BANK,2024-09-30,384.075,0.0,2.1646601495563456,False
9068,BANK OF DUDLEY,2024-03-31,364.187,0.0,2.644682055523713,False
9068,BANK OF DUDLEY,2024-06-30,367.316,0.0,3.3808725307871064,False
9068,BANK OF DUDLEY,2024-09-30,375.019,0.0,2.38184662462213,False
9069,FARMERS&MERCHANTS BANK,2024-03-31,233.753,0.0,1.8741496340336776,False
9069,FARMERS&MERCHANTS BANK,2024-06-30,239.772,0.0,2.394887905207564,False
9069,FARMERS&MERCHANTS BANK,2024-09-30,285.084,0.0,2.4551166983995563,False
9070,FIRST BANK OF PIKE,2024-03-31,67.766,0.467,0.3309125370316713,False
9070,FIRST BANK OF PIKE,2024-06-30,67.299,0.0,0.41972961490085575,False
9070,FIRST BANK OF PIKE,2024-09-30,67.334,0.998,0.3027765712562084,False
9079,HARVARD STATE BANK,2024-03-31,270.529,0.0,1.6008684902914436,False
9079,HARVARD STATE BANK,2024-06-30,274.518,0.0,2.209518946860015,False
9079,HARVARD STATE BANK,2024-09-30,285.649,3.563,1.7628666464985336,False
9080,HOLCOMB BANK,2024-03-31,248.739,12.221,1.5127865619659766,False
9080,HOLCOMB BANK,2024-06-30,236.518,5.029,1.741834423912574,False
9080,HOLCOMB BANK,2024-09-30,231.489,0.0,1.255593742272046,False
9087,1ST SOURCE BANK,2024-03-31,7055.813,0.0,21.025039674335517,True
9087,1ST SOURCE BANK,2024-06-30,7196.427,69.853,30.16794182040391,True
9087,1ST SOURCE BANK,2024-09-30,7126.574,0.0,19.87173374027565,True
9096,ATKINS SAVINGS BANK&TRUST,2024-03-31,123.038,0.059,0.5923389944038383,False
9096,ATKINS SAVINGS BANK&TRUST,2024-06-30,122.979,0.0,0.8177461081368428,False
9096,ATKINS SAVINGS BANK&TRUST,2024-09-30,124.725,0.0,0.6080131630709258,False
9099,SOUTH OTTUMWA SAVINGS BANK,2024-03-31,463.156,19.232,2.6048556757904304,False
9099,SOUTH OTTUMWA SAVINGS BANK,2024-06-30,443.924,0.0,3.1771154382372284,False
9099,SOUTH OTTUMWA SAVINGS BANK,2024-09-30,451.218,0.0,2.3168745393015757,False
9100,PILOT GROVE SAVINGS BANK,2024-03-31,756.9,0.0,3.2889314054810064,False
9100,PILOT GROVE SAVINGS BANK,2024-06-30,762.681,0.0,4.3320690522535905,False
9100,PILOT GROVE SAVINGS BANK,2024-09-30,909.649,0.0,3.7534489876453754,False
9105,WEST IOWA BANK,2024-03-31,136.801,0.0,0.7298392633137749,False
9105,WEST IOWA BANK,2024-06-30,142.325,3.541,1.1442704803227914,False
9105,WEST IOWA BANK,2024-09-30,138.784,1.687,0.8272833973834246,False
9106,FARMERS STATE BANK,2024-03-31,58.291,0.0,0.2690827008995216,False
9106,FARMERS STATE BANK,2024-06-30,60.388,0.382,0.4070274119805004,False
9106,FARMERS STATE BANK,2024-09-30,60.006,0.0,0.28147356423433806,False
9120,ROLETTE STATE BANK,2024-03-31,38.077,0.0,0.04931495684234332,False
9120,ROLETTE STATE BANK,2024-06-30,38.152,0.823,0.07169031186229106,False
9120,ROLETTE STATE BANK,2024-09-30,37.329,0.0,0.06707339270736112,False
9121,STATE BANK OF BOTTINEAU,2024-03-31,89.491,0.0,0.3167542030682983,False
9121,STATE BANK OF BOTTINEAU,2024-06-30,92.876,0.0,0.4668939783918256,False
9121,STATE BANK OF BOTTINEAU,2024-09-30,93.519,0.0,0.36350454824849443,False
9123,WESTERN STATE BANK,2024-03-31,1942.862,9.23,7.337821830101725,False
9123,WESTERN STATE BANK,2024-06-30,1933.632,0.0,8.99489462428491,False
9123,WESTERN STATE BANK,2024-09-30,1989.115,0.0,6.679225160557068,False
9128,HARWOOD STATE BANK,2024-03-31,40.217,2.067,0.1271265871175645,False
9128,HARWOOD STATE BANK,2024-06-30,38.15,0.0,0.16295270524818922,False
9137,OSGOOD BANK,2024-03-31,341.379,0.0,1.672882897856102,False
9137,OSGOOD BANK,2024-06-30,406.691,0.0,2.9502912543237496,False
9137,OSGOOD BANK,2024-09-30,428.333,0.0,2.4181344295377283,False
9139,COML&SVG BK MILLERSBURG OH,2024-03-31,1010.499,0.0,5.059511115904058,False
9139,COML&SVG BK MILLERSBURG OH,2024-06-30,1024.293,0.0,7.005221183419068,False
9139,COML&SVG BK MILLERSBURG OH,2024-09-30,1071.091,25.708,5.6035509257115566,False
9155,COUNTYBANK,2024-03-31,567.807,5.925,3.4195602631846205,False
9155,COUNTYBANK,2024-06-30,561.882,0.0,4.390950161993579,False
9155,COUNTYBANK,2024-09-30,579.144,0.0,3.5075550454397058,False
9168,WAYNE COUNTY BANK,2024-03-31,415.558,0.0,2.1811024334057167,False
9168,WAYNE COUNTY BANK,2024-06-30,432.937,0.0,3.0996415536543123,False
9168,WAYNE COUNTY BANK,2024-09-30,447.952,0.0,2.4003966499420315,False
9172,SECURITY BANK&TRUST CO,2024-03-31,1056.996,20.606,4.7424250716705485,False
9172,SECURITY BANK&TRUST CO,2024-06-30,1036.39,19.507,6.117560967140688,False
9172,SECURITY BANK&TRUST CO,2024-09-30,1016.883,0.0,4.213230704336738,False
9176,APEX BANK,2024-03-31,992.154,39.929,5.030306679914403,False
9176,APEX BANK,2024-06-30,952.225,26.479,5.445056038117077,False
9176,APEX BANK,2024-09-30,925.746,0.0,3.4744164976287375,False
9179,UNION BANK&TRUST CO,2024-03-31,81.611,0.0,0.32443578395687755,False
9179,UNION BANK&TRUST CO,2024-06-30,83.841,0.001,0.5385997915812945,False
9179,UNION BANK&TRUST CO,2024-09-30,83.84,1.659,0.40810689241703824,False
9189,BRIGHTON BANK,2024-03-31,40.908,0.0,0.17347911806193217,False
9189,BRIGHTON BANK,2024-06-30,42.923,0.0,0.3649465822883603,False
9189,BRIGHTON BANK,2024-09-30,43.35,0.0,0.3185654278044276,False
9196,HOME BANKING CO,2024-03-31,141.097,7.411,0.9836759638834949,False
9196,HOME BANKING CO,2024-06-30,133.686,4.565,1.1892733633939114,False
9196,HOME BANKING CO,2024-09-30,129.121,0.109,0.8891853121060126,False
9204,CENTRAL BANK,2024-03-31,1476.908,0.0,6.56090260841427,False
9204,CENTRAL BANK,2024-06-30,1512.534,0.0,8.807982350231566,False
9204,CENTRAL BANK,2024-09-30,1521.472,18.459,6.060647315949369,False
9244,GLENNVILLE BANK,2024-03-31,345.18,9.227,2.420611078931055,False
9244,GLENNVILLE BANK,2024-06-30,335.953,0.0,3.0569740237450307,False
9244,GLENNVILLE BANK,2024-09-30,340.268,0.0,2.197823325274149,False
9245,BANK OF LAFAYETTE GEORGIA,2024-03-31,365.892,0.0,2.8580320187868007,False
9245,BANK OF LAFAYETTE GEORGIA,2024-06-30,368.06,27.806,3.7440981354902982,False
9245,BANK OF LAFAYETTE GEORGIA,2024-09-30,340.254,0.0,2.397354796021573,False
9259,FARMERS STB OF HOFFMAN,2024-03-31,150.591,0.0,1.0379006907113981,False
9259,FARMERS STB OF HOFFMAN,2024-06-30,150.848,5.726,1.4099424371492038,False
9259,FARMERS STB OF HOFFMAN,2024-09-30,145.122,0.802,0.8926001149157112,False
9263,STILLMAN BANCCORP N A,2024-03-31,533.47,4.312,3.8816668911510583,False
9263,STILLMAN BANCCORP N A,2024-06-30,529.158,8.351,4.97053369614265,False
9263,STILLMAN BANCCORP N A,2024-09-30,520.807,0.0,3.6189370450375744,False
9265,RUSHVILLE STATE BANK,2024-03-31,112.785,1.003,0.8525227145598778,False
9265,RUSHVILLE STATE BANK,2024-06-30,111.782,5.902,1.1531560416010878,False
9265,RUSHVILLE STATE BANK,2024-09-30,105.88,0.0,0.724219762898724,False
9273,VILLA GROVE STATE BANK,2024-03-31,73.78,2.269,0.4270764920923295,False
9273,VILLA GROVE STATE BANK,2024-06-30,71.511,0.283,0.5753252273192497,False
9273,VILLA GROVE STATE BANK,2024-09-30,71.228,0.0,0.4210472884036568,False
9274,HILL-DODGE BANKING CO,2024-03-31,46.24,0.0,0.5592952331967443,False
9274,HILL-DODGE BANKING CO,2024-06-30,47.28,0.0,0.8632916248273301,False
9274,HILL-DODGE BANKING CO,2024-09-30,51.567,2.184,0.784257585466437,False
9288,FIRST BANK OF BERNE,2024-03-31,925.079,0.0,4.596248980065931,False
9288,FIRST BANK OF BERNE,2024-06-30,942.429,0.0,6.433614613112944,False
9288,FIRST BANK OF BERNE,2024-09-30,960.312,0.0,4.697546749122113,False
9295,FARMERS STATE BANK,2024-03-31,31.073,0.888,0.12290462382882834,False
9295,FARMERS STATE BANK,2024-06-30,30.185,1.19,0.16537494249744591,False
9295,FARMERS STATE BANK,2024-09-30,28.995,0.0,0.15005722448110365,False
9298,FARMERS&MERCHANTS SB,2024-03-31,539.224,38.473,2.781616101057227,False
9298,FARMERS&MERCHANTS SB,2024-06-30,500.751,0.0,3.2107894403303683,False
9298,FARMERS&MERCHANTS SB,2024-09-30,549.982,36.43,2.9263422566748503,False
9299,RELIANCE STATE BANK,2024-03-31,248.037,10.664,1.3147196770940346,False
9299,RELIANCE STATE BANK,2024-06-30,237.373,3.461,1.718225055260877,False
9299,RELIANCE STATE BANK,2024-09-30,233.912,0.0,1.1867907792488381,False
9300,READLYN SAVINGS BANK,2024-03-31,99.227,0.0,0.3526614179678547,False
9300,READLYN SAVINGS BANK,2024-06-30,102.465,1.325,0.533522144522135,False
9300,READLYN SAVINGS BANK,2024-09-30,101.14,0.0,0.36990945373363177,False
9306,CITIZENS BANK,2024-03-31,169.168,4.656,0.811980257741219,False
9306,CITIZENS BANK,2024-06-30,164.512,0.0,1.0607580073040843,False
9306,CITIZENS BANK,2024-09-30,166.865,0.0,0.7743546690617786,False
9309,UNITED SOUTHERN BANK,2024-03-31,278.081,0.0,1.609170115072631,False
9309,UNITED SOUTHERN BANK,2024-06-30,281.298,0.0,2.151849191792515,False
9309,UNITED SOUTHERN BANK,2024-09-30,290.168,0.0,1.4611258512651675,False
9310,COMMERCIAL BANK,2024-03-31,162.375,0.0,0.8940016899291892,False
9310,COMMERCIAL BANK,2024-06-30,173.784,0.0,1.375192009540964,False
9310,COMMERCIAL BANK,2024-09-30,174.122,3.406,0.9912175701852676,False
9313,PBK BANK INC,2024-03-31,134.492,0.0,1.0711276292118463,False
9313,PBK BANK INC,2024-06-30,137.719,0.521,1.5514898565729933,False
9313,PBK BANK INC,2024-09-30,137.198,0.0,1.0318194357032475,False
9315,BANK OF MAYSVILLE,2024-03-31,130.296,0.0,0.7108791668041904,False
9315,BANK OF MAYSVILLE,2024-06-30,130.673,2.594,1.0032345479293232,False
9315,BANK OF MAYSVILLE,2024-09-30,128.079,1.251,0.6696976282702582,False
9319,MERCHANTS&FARMERS B&T CO,2024-03-31,412.085,0.0,2.4466401574929426,False
9319,MERCHANTS&FARMERS B&T CO,2024-06-30,425.821,0.0,3.711822572667111,False
9319,MERCHANTS&FARMERS B&T CO,2024-09-30,466.69,14.134,3.2600752358465503,False
9320,MARION STATE BANK,2024-03-31,199.893,8.712,1.244243049967661,False
9320,MARION STATE BANK,2024-06-30,191.181,0.0,1.4300128403262946,False
9320,MARION STATE BANK,2024-09-30,196.384,1.222,1.0486762154883003,False
9322,CROSS KEYS BANK,2024-03-31,474.163,0.0,2.4976396175531677,False
9322,CROSS KEYS BANK,2024-06-30,495.444,0.0,3.563192190455845,False
9322,CROSS KEYS BANK,2024-09-30,501.049,0.0,2.567182387197209,False
9323,BANK OF WINNFIELD&TRUST CO,2024-03-31,140.465,0.0,1.6583377617315798,False
9323,BANK OF WINNFIELD&TRUST CO,2024-06-30,141.49,1.774,2.183558048478629,False
9323,BANK OF WINNFIELD&TRUST CO,2024-09-30,139.716,2.794,1.5832118737517669,False
9325,JONESBORO STATE BANK,2024-03-31,731.278,0.0,6.050041132256137,False
9325,JONESBORO STATE BANK,2024-06-30,745.174,0.0,7.9033570755446085,False
9325,JONESBORO STATE BANK,2024-09-30,770.474,0.0,6.0897337160733995,False
9326,WASHINGTON STATE BANK,2024-03-31,266.859,3.455,1.5215716749053563,False
9326,WASHINGTON STATE BANK,2024-06-30,263.404,0.0,1.7986840088482026,False
9326,WASHINGTON STATE BANK,2024-09-30,267.094,0.927,1.3851552152051005,False
9327,FARMERS-MERCHANTS B&T CO,2024-03-31,331.826,0.0,2.1490487157505913,False
9327,FARMERS-MERCHANTS B&T CO,2024-06-30,332.707,6.926,2.804798027219503,False
9327,FARMERS-MERCHANTS B&T CO,2024-09-30,325.781,0.0,1.9590558479119524,False
9328,PEOPLES BANK,2024-03-31,74.091,0.737,0.3193880758712611,False
9328,PEOPLES BANK,2024-06-30,73.354,1.1,0.4135746116964223,False
9328,PEOPLES BANK,2024-09-30,72.254,0.0,0.3045481083172947,False
9330,FIRST STB OF LE CENTER,2024-03-31,89.209,0.0,0.4780485596577001,False
9330,FIRST STB OF LE CENTER,2024-06-30,89.738,2.912,0.6623642897300316,False
9330,FIRST STB OF LE CENTER,2024-09-30,86.826,0.0,0.4438672322796476,False
9332,BANK OF MAPLE PLAIN,2024-03-31,84.255,9.195,0.4633682819607281,False
9332,BANK OF MAPLE PLAIN,2024-06-30,75.06,0.445,0.484525354468749,False
9332,BANK OF MAPLE PLAIN,2024-09-30,74.615,0.0,0.3816349437900183,False
9336,STEARNS BANK UPSALA NA,2024-03-31,43.316,0.0,0.08923022696698056,False
9336,STEARNS BANK UPSALA NA,2024-06-30,43.604,0.0,0.18184498858007514,False
9336,STEARNS BANK UPSALA NA,2024-09-30,45.168,0.271,0.14213644822137786,False
9337,CITIZENS STB OF WAVERLY INC,2024-03-31,106.859,2.117,0.7573545005328987,False
9337,CITIZENS STB OF WAVERLY INC,2024-06-30,104.742,0.218,0.94128866797646,False
9337,CITIZENS STB OF WAVERLY INC,2024-09-30,104.524,0.416,0.7626145250527991,False
9340,FARMERS&MERCHANTS STB NY MIL,2024-03-31,72.059,1.729,0.3862523974124598,False
9340,FARMERS&MERCHANTS STB NY MIL,2024-06-30,70.33,2.643,0.52133503975187,False
9340,FARMERS&MERCHANTS STB NY MIL,2024-09-30,67.687,0.418,0.38903628658567724,False
9349,FIRST STATE BANK OF FOUNTAIN,2024-03-31,35.705,0.04,0.08464651580108057,False
9349,FIRST STATE BANK OF FOUNTAIN,2024-06-30,35.665,0.263,0.14019668040670455,False
9349,FIRST STATE BANK OF FOUNTAIN,2024-09-30,35.402,0.0,0.1344357899771648,False
9351,STATE BANK OF LAKE PARK,2024-03-31,41.213,2.216,0.12185066054400558,False
9351,STATE BANK OF LAKE PARK,2024-06-30,38.997,0.0,0.15599397205047746,False
9351,STATE BANK OF LAKE PARK,2024-09-30,39.79,0.0,0.15118663192272583,False
9354,FARMERS STB OF HOFFMAN,2024-03-31,31.675,1.397,0.03760113773445258,False
9354,FARMERS STB OF HOFFMAN,2024-06-30,30.278,0.199,0.039573884974421755,False
9354,FARMERS STB OF HOFFMAN,2024-09-30,30.079,0.0,0.06313424670524716,False
9356,COMMERCIAL BANK,2024-03-31,229.85,0.0,1.7514531655775707,False
9356,COMMERCIAL BANK,2024-06-30,233.148,5.565,2.371288566767083,False
9356,COMMERCIAL BANK,2024-09-30,227.583,6.258,1.5823543156920783,False
9359,BANK OF COMMERCE,2024-03-31,848.753,28.995,5.72835017966729,False
9359,BANK OF COMMERCE,2024-06-30,819.758,1.231,6.657359983203812,False
9359,BANK OF COMMERCE,2024-09-30,818.527,0.0,4.867002724701322,False
9366,PEOPLES BANK,2024-03-31,409.554,0.0,1.915313719859194,False
9366,PEOPLES BANK,2024-06-30,409.649,5.693,2.5716246963320146,False
9366,PEOPLES BANK,2024-09-30,403.956,4.318,1.831435810174917,False
9369,BANK OF ADVANCE,2024-03-31,423.359,0.194,2.1066884712006844,False
9369,BANK OF ADVANCE,2024-06-30,423.165,5.72,2.8223758385191298,False
9369,BANK OF ADVANCE,2024-09-30,417.445,0.0,1.8256865350178908,False
9378,F&C BANK,2024-03-31,316.352,0.0,1.3923662637054388,False
9378,F&C BANK,2024-06-30,322.079,0.0,1.9109039963827577,False
9378,F&C BANK,2024-09-30,331.893,0.0,1.4082730159802392,False
9385,BANK OF BROOKFIELD PURDIN NA,2024-03-31,96.503,3.878,1.0121334747462845,False
9385,BANK OF BROOKFIELD PURDIN NA,2024-06-30,92.625,0.443,1.1395372350016246,False
9385,BANK OF BROOKFIELD PURDIN NA,2024-09-30,92.182,0.0,0.8518371398910368,False
9388,CORNER STONE BANK,2024-03-31,160.301,0.0,0.8866353048303338,False
9388,CORNER STONE BANK,2024-06-30,166.799,3.279,1.3548020897887623,False
9388,CORNER STONE BANK,2024-09-30,163.52,0.0,0.8551785348214824,False
9392,BANK OF GRANDIN,2024-03-31,182.174,0.0,1.0527543333496467,False
9392,BANK OF GRANDIN,2024-06-30,184.486,0.0,1.4201639151388687,False
9392,BANK OF GRANDIN,2024-09-30,189.07,0.0,1.0853936459946958,False
9396,VALLEY NATIONAL BANK,2024-03-31,49290.841,0.0,95.70359026727516,True
9396,VALLEY NATIONAL BANK,2024-06-30,50325.509,0.0,133.60324300800664,True
9396,VALLEY NATIONAL BANK,2024-09-30,50677.794,319.857,91.28655431561637,True
9406,BANK OF CATTARAUGUS,2024-03-31,30.899,4.936,0.21911275258403343,False
9406,BANK OF CATTARAUGUS,2024-06-30,25.963,0.0,0.03551225120107245,False
9406,BANK OF CATTARAUGUS,2024-09-30,26.745,3.871,0.091357162037684,False
9410,TIOGA STB NA,2024-03-31,502.401,0.0,2.683155983127611,False
9410,TIOGA STB NA,2024-06-30,509.608,10.531,3.81170814719159,False
9410,TIOGA STB NA,2024-09-30,499.077,33.011,2.6017928460876067,False
9417,GRANT COUNTY STATE BANK,2024-03-31,38.265,2.606,0.041585602738185276,False
9417,GRANT COUNTY STATE BANK,2024-06-30,35.659,0.079,0.03607763355155833,False
9417,GRANT COUNTY STATE BANK,2024-09-30,35.58,0.0,0.0556898382680939,False
9420,UNION BANK,2024-03-31,254.4,1.378,1.351174984409644,False
9420,UNION BANK,2024-06-30,253.022,0.0,1.7748400808203042,False
9420,UNION BANK,2024-09-30,263.592,0.0,1.339051171952464,False
9422,CITIZENS STB OF LANKIN,2024-03-31,52.023,2.969,0.13148070044946492,False
9422,CITIZENS STB OF LANKIN,2024-06-30,49.054,0.0,0.1696948796291726,False
9422,CITIZENS STB OF LANKIN,2024-09-30,52.546,0.0,0.17383165174208856,False
9423,CHOICE FINANCIAL GROUP,2024-03-31,4243.378,0.0,18.763040208500875,True
9423,CHOICE FINANCIAL GROUP,2024-06-30,4366.586,0.0,25.12160536308844,True
9423,CHOICE FINANCIAL GROUP,2024-09-30,4609.78,0.0,19.841322029237517,True
9437,FIRST STATE BANK,2024-03-31,907.529,0.0,6.0331439672887175,False
9437,FIRST STATE BANK,2024-06-30,988.02,9.529,9.07742024700752,False
9437,FIRST STATE BANK,2024-09-30,978.491,24.73,5.958937593149622,False
9438,MT VICTORY STATE BANK,2024-03-31,19.373,0.0,0.0,False
9438,MT VICTORY STATE BANK,2024-06-30,19.594,0.099,0.0,False
9438,MT VICTORY STATE BANK,2024-09-30,19.495,0.093,0.0,False
9439,PEOPLES SAVINGS BANK,2024-03-31,59.408,1.057,0.24172236251403267,False
9439,PEOPLES SAVINGS BANK,2024-06-30,58.351,0.758,0.33902435800867226,False
9439,PEOPLES SAVINGS BANK,2024-09-30,57.593,0.0,0.2558257821236317,False
9440,PATASKALA BANKING CO,2024-03-31,37.497,0.0,0.054533541794588455,False
9440,PATASKALA BANKING CO,2024-06-30,37.834,1.329,0.11404038924501031,False
9443,HEARTLAND BANK,2024-03-31,1641.754,0.0,6.155983046506669,False
9443,HEARTLAND BANK,2024-06-30,1656.899,0.0,8.515122685850642,False
9443,HEARTLAND BANK,2024-09-30,1718.781,0.0,6.21231780590936,False
9450,FIRST BANK OF OHIO,2024-03-31,222.322,1.836,0.7328535418852532,False
9450,FIRST BANK OF OHIO,2024-06-30,220.486,1.695,1.0186467337104956,False
9450,FIRST BANK OF OHIO,2024-09-30,218.791,22.604,0.6902765192681558,False
9457,NORTH SIDE BANK&TRUST CO,2024-03-31,823.928,9.852,4.196898605991601,False
9457,NORTH SIDE BANK&TRUST CO,2024-06-30,814.076,0.0,5.113660455137478,False
9457,NORTH SIDE BANK&TRUST CO,2024-09-30,908.846,0.0,4.9510432326342775,False
9462,FARMERS&MERCHANTS BANK,2024-03-31,250.335,0.0,1.1511887735996063,False
9462,FARMERS&MERCHANTS BANK,2024-06-30,280.975,1.357,1.8583430411364805,False
9462,FARMERS&MERCHANTS BANK,2024-09-30,279.618,2.094,1.2241367779032835,False
9463,UNIFIED BANK,2024-03-31,637.663,1.988,3.6962078858092053,False
9463,UNIFIED BANK,2024-06-30,635.675,6.422,4.761911462936394,False
9463,UNIFIED BANK,2024-09-30,629.253,1.308,3.421798784085495,False
9465,ALVA STATE BANK&TRUST CO,2024-03-31,422.837,17.083,2.62345463742706,False
9465,ALVA STATE BANK&TRUST CO,2024-06-30,405.754,0.0,3.3957155415996767,False
9465,ALVA STATE BANK&TRUST CO,2024-09-30,411.512,0.0,2.5439482767383885,False
9467,VALOR BANK,2024-03-31,221.25,0.0,1.2111808359619602,False
9467,VALOR BANK,2024-06-30,229.671,0.0,1.7702537286077416,False
9467,VALOR BANK,2024-09-30,235.043,0.0,1.2333753169089336,False
9472,WELCH STB OF WELCH OKLA,2024-03-31,365.98,8.773,1.9629838981760817,False
9472,WELCH STB OF WELCH OKLA,2024-06-30,357.207,0.0,2.5307017482117877,False
9472,WELCH STB OF WELCH OKLA,2024-09-30,357.975,2.249,1.7960087883329987,False
9486,CLACKAMAS COUNTY BANK,2024-03-31,231.196,0.0,1.8527004462163248,False
9486,CLACKAMAS COUNTY BANK,2024-06-30,231.498,0.017,2.4688568116963108,False
9486,CLACKAMAS COUNTY BANK,2024-09-30,231.481,5.573,1.8034784375377573,False
9489,PEOPLES BANK,2024-03-31,318.11,0.0,1.5712874265768435,False
9489,PEOPLES BANK,2024-06-30,326.364,5.875,2.2302607742988796,False
9489,PEOPLES BANK,2024-09-30,320.489,0.0,1.5281845543007173,False
9499,THREAD BANK,2024-03-31,636.126,0.0,6.203612345702365,False
9499,THREAD BANK,2024-06-30,647.338,29.194,6.559063346251882,False
9499,THREAD BANK,2024-09-30,618.144,0.0,4.7855551468999025,False
9502,MOVEMENT BANK,2024-03-31,136.74,4.03,0.7687917387340739,False
9502,MOVEMENT BANK,2024-06-30,132.71,0.369,0.949653256959671,False
9502,MOVEMENT BANK,2024-09-30,132.341,0.0,0.6993410086754871,False
9507,BANK OF MARION,2024-03-31,480.27,0.0,2.496485869788356,False
9507,BANK OF MARION,2024-06-30,491.1,0.0,3.4983836181315975,False
9507,BANK OF MARION,2024-09-30,507.147,0.0,2.4993748068816286,False
9517,CLEVELAND STATE BANK,2024-03-31,181.546,3.193,0.9798873317843413,False
9517,CLEVELAND STATE BANK,2024-06-30,178.353,0.0,1.2158897550575003,False
9517,CLEVELAND STATE BANK,2024-09-30,188.12,0.0,1.005662977040563,False
9523,BRISTOL MORGAN BANK,2024-03-31,118.298,0.449,0.4575220451212087,False
9523,BRISTOL MORGAN BANK,2024-06-30,117.849,0.0,0.6675069369993134,False
9523,BRISTOL MORGAN BANK,2024-09-30,132.427,0.0,0.58109052534183,False
9526,PINERIES BANK,2024-03-31,119.508,0.0,1.0259828663521895,False
9526,PINERIES BANK,2024-06-30,121.037,0.0,1.484044245250512,False
9526,PINERIES BANK,2024-09-30,122.678,0.0,1.0942787778203795,False
9529,STATE BANK OF NEWBURG,2024-03-31,201.132,0.0,0.841437788928108,False
9529,STATE BANK OF NEWBURG,2024-06-30,207.895,0.0,1.1936185780521762,False
9529,STATE BANK OF NEWBURG,2024-09-30,223.166,0.0,0.9173772343614732,False
9536,COMMUNITY STATE BANK,2024-03-31,565.023,10.194,3.2542170147024545,False
9536,COMMUNITY STATE BANK,2024-06-30,554.829,0.0,4.227703175304703,False
9536,COMMUNITY STATE BANK,2024-09-30,564.812,0.0,3.188624684063931,False
9614,LOCAL BANK,2024-03-31,41.744,0.0,0.14306957552351623,False
9614,LOCAL BANK,2024-06-30,44.553,0.0,0.25032754219846065,False
9614,LOCAL BANK,2024-09-30,46.134,0.0,0.17321161069703744,False
9615,SWEET WATER STATE BANK,2024-03-31,111.835,0.0,0.6316343283330378,False
9615,SWEET WATER STATE BANK,2024-06-30,113.054,0.0,0.8829981112970129,False
9615,SWEET WATER STATE BANK,2024-09-30,116.567,0.0,0.6834888328340277,False
9620,FIRST BANK,2024-03-31,657.289,0.0,4.039461409712055,False
9620,FIRST BANK,2024-06-30,662.062,4.707,5.481572237757531,False
9620,FIRST BANK,2024-09-30,657.355,0.0,4.0161820608013565,False
9622,CAPITAL CITY BANK,2024-03-31,3723.559,39.222,15.595674673724192,True
9622,CAPITAL CITY BANK,2024-06-30,3684.337,24.132,21.050172469675072,True
9622,CAPITAL CITY BANK,2024-09-30,3660.205,0.0,14.680052135481567,True
9631,ALLIANCE COMMUNITY BANK,2024-03-31,361.426,3.388,2.2981310099735888,False
9631,ALLIANCE COMMUNITY BANK,2024-06-30,358.038,0.0,3.014606095084395,False
9631,ALLIANCE COMMUNITY BANK,2024-09-30,361.478,8.723,2.229398770155932,False
9632,FORTRESS BANK,2024-03-31,612.466,0.0,2.7373803623890716,False
9632,FORTRESS BANK,2024-06-30,627.014,0.0,3.6708279021590537,False
9632,FORTRESS BANK,2024-09-30,642.579,0.0,2.6901472126001456,False
9647,CITIZENS BANK,2024-03-31,587.963,0.0,3.127188923926371,False
9647,CITIZENS BANK,2024-06-30,592.853,18.869,4.178661604198904,False
9647,CITIZENS BANK,2024-09-30,573.984,0.0,2.7340589108953215,False
9658,CITIZENS STB OF CHENEY KS,2024-03-31,74.289,0.0,0.43373061073633495,False
9658,CITIZENS STB OF CHENEY KS,2024-06-30,76.513,2.155,0.6011115139913853,False
9658,CITIZENS STB OF CHENEY KS,2024-09-30,74.358,0.879,0.3962245259879713,False
9659,STATE BANK OF DOWNS,2024-03-31,116.905,7.171,0.5240660330302577,False
9659,STATE BANK OF DOWNS,2024-06-30,109.734,0.0,0.6489404935805536,False
9659,STATE BANK OF DOWNS,2024-09-30,113.961,0.0,0.5072719229708545,False
9661,BANK OF HOLYROOD,2024-03-31,52.736,0.783,0.14312357786117855,False
9661,BANK OF HOLYROOD,2024-06-30,51.953,2.316,0.22084570028517866,False
9661,BANK OF HOLYROOD,2024-09-30,49.637,0.0,0.14649751100057917,False
9665,KAW VALLEY BANK,2024-03-31,260.4,7.325,1.39329625809316,False
9665,KAW VALLEY BANK,2024-06-30,253.075,0.0,1.7007324170017297,False
9665,KAW VALLEY BANK,2024-09-30,256.575,0.0,1.1146282629985667,False
9669,FREDONIA VALLEY BANK,2024-03-31,85.491,0.0,0.40853926159606296,False
9669,FREDONIA VALLEY BANK,2024-06-30,85.619,0.0,0.6275219591969056,False
9669,FREDONIA VALLEY BANK,2024-09-30,89.805,0.0,0.4690364150285942,False
9672,OWINGSVILLE BANKING CO,2024-03-31,83.869,0.0,0.3810269623697195,False
9672,OWINGSVILLE BANKING CO,2024-06-30,84.812,0.144,0.5399510058774271,False
9672,OWINGSVILLE BANKING CO,2024-09-30,84.668,1.045,0.421036185818423,False
9678,EDMONTON STATE BANK,2024-03-31,887.378,0.0,4.303094440596679,False
9678,EDMONTON STATE BANK,2024-06-30,899.225,0.0,5.976139585762995,False
9678,EDMONTON STATE BANK,2024-09-30,915.047,76.489,4.31909938414268,False
9712,ROCKLAND TRUST CO,2024-03-31,15095.349,0.0,37.23974748509817,True
9712,ROCKLAND TRUST CO,2024-06-30,15481.757,0.0,51.98561366581132,True
9712,ROCKLAND TRUST CO,2024-09-30,15532.683,107.857,35.87278047644323,True
9719,OXFORD BANK,2024-03-31,781.949,76.491,5.12389166324511,False
9719,OXFORD BANK,2024-06-30,705.458,0.0,4.785097442464716,False
9719,OXFORD BANK,2024-09-30,759.556,60.472,4.182945504979119,False
9727,CONCORDE BANK,2024-03-31,71.034,3.2,0.4244226052355042,False
9727,CONCORDE BANK,2024-06-30,67.834,1.936,0.41376191152066677,False
9727,CONCORDE BANK,2024-09-30,65.898,0.32,0.2622279814815791,False
9728,FIRST SECURITY BANK,2024-03-31,95.41,0.0,0.4231940714308213,False
9728,FIRST SECURITY BANK,2024-06-30,112.959,0.111,0.8025103384761254,False
9728,FIRST SECURITY BANK,2024-09-30,112.848,0.521,0.5346346683526378,False
9733,VANTAGE BANK,2024-03-31,58.353,5.187,0.12871554324555812,False
9733,VANTAGE BANK,2024-06-30,53.166,0.0,0.13436788277712683,False
9733,VANTAGE BANK,2024-09-30,57.626,0.0,0.1467575381022174,False
9735,STATE BANK OF NEW RICHLAND,2024-03-31,79.669,5.067,0.23087897280083566,False
9735,STATE BANK OF NEW RICHLAND,2024-06-30,74.602,0.0,0.3054831373032587,False
9735,STATE BANK OF NEW RICHLAND,2024-09-30,76.037,0.0,0.23162683339368892,False
9737,MIDWEST BANK,2024-03-31,623.392,0.0,2.557479037021682,False
9737,MIDWEST BANK,2024-06-30,624.587,0.0,3.525805311224407,False
9737,MIDWEST BANK,2024-09-30,669.33,0.0,2.515157393745468,False
9745,HOME STATE BANK,2024-03-31,173.074,0.0,1.106031976505544,False
9745,HOME STATE BANK,2024-06-30,173.318,1.716,1.460298030440345,False
9745,HOME STATE BANK,2024-09-30,171.602,0.0,1.092378561152115,False
9746,NORTHWESTERN BANK NA,2024-03-31,146.194,6.914,1.0135747576636818,False
9746,NORTHWESTERN BANK NA,2024-06-30,139.28,0.17,1.0851809174408138,False
9746,NORTHWESTERN BANK NA,2024-09-30,139.11,0.0,0.8616956455335956,False
9747,VERGAS STATE BANK,2024-03-31,46.723,0.0,0.2633317056028971,False
9747,VERGAS STATE BANK,2024-06-30,47.179,0.187,0.3849636686971007,False
9747,VERGAS STATE BANK,2024-09-30,46.992,0.0,0.27718265286142363,False
9751,21ST CENTURY BANK,2024-03-31,615.44,43.379,3.2013078969573825,False
9751,21ST CENTURY BANK,2024-06-30,572.061,0.0,3.4568115904378516,False
9751,21ST CENTURY BANK,2024-09-30,591.913,6.252,2.3935673557667734,False
9752,MARSHALL COUNTY STATE BANK,2024-03-31,33.456,0.0,0.46124203961996324,False
9752,MARSHALL COUNTY STATE BANK,2024-06-30,33.509,0.422,0.5359729370540808,False
9752,MARSHALL COUNTY STATE BANK,2024-09-30,33.087,0.0,0.3958614169375921,False
9760,COMMUNITY BANK MANKATO,2024-03-31,438.325,0.0,1.7225092110135896,False
9760,COMMUNITY BANK MANKATO,2024-06-30,443.958,0.0,2.411743006622098,False
9760,COMMUNITY BANK MANKATO,2024-09-30,453.196,0.0,1.7161049932095211,False
9769,FIRST STB OF ROSEMOUNT,2024-03-31,113.974,0.0,0.5897456474969449,False
9769,FIRST STB OF ROSEMOUNT,2024-06-30,121.693,0.0,0.887433871000539,False
9769,FIRST STB OF ROSEMOUNT,2024-09-30,125.307,0.0,0.6921649752766922,False
9770,FIRST STATE BANK SOUTHWEST,2024-03-31,327.736,0.0,2.0991844892126954,False
9770,FIRST STATE BANK SOUTHWEST,2024-06-30,328.535,0.0,2.7471876521378857,False
9770,FIRST STATE BANK SOUTHWEST,2024-09-30,340.853,0.0,2.0628239563669957,False
9773,SECURITY STB OF WARROAD,2024-03-31,130.111,0.0,0.8677326106050028,False
9773,SECURITY STB OF WARROAD,2024-06-30,131.68,1.285,1.1448733345573734,False
9773,SECURITY STB OF WARROAD,2024-09-30,130.395,1.7,0.8616541657397311,False
9775,BANK OF KILMICHAEL,2024-03-31,300.459,3.209,2.1087785011800415,False
9775,BANK OF KILMICHAEL,2024-06-30,297.25,5.641,3.0276659965024977,False
9775,BANK OF KILMICHAEL,2024-09-30,291.609,5.379,2.121509595937513,False
9777,CITIZENS BANK&TRUST CO,2024-03-31,86.895,3.568,0.569247181101962,False
9777,CITIZENS BANK&TRUST CO,2024-06-30,83.327,0.182,0.60159353333621,False
9777,CITIZENS BANK&TRUST CO,2024-09-30,83.145,0.0,0.3689172726532355,False
9788,BLOOMSDALE BANK,2024-03-31,313.868,0.0,1.7077568780865793,False
9788,BLOOMSDALE BANK,2024-06-30,314.478,0.0,2.2791343021188597,False
9788,BLOOMSDALE BANK,2024-09-30,330.629,16.468,1.6820977431977195,False
9791,COMMERCIAL TR CO OF FAYETTE,2024-03-31,141.281,7.097,1.0632259059687301,False
9791,COMMERCIAL TR CO OF FAYETTE,2024-06-30,134.184,3.66,1.1916577771476613,False
9791,COMMERCIAL TR CO OF FAYETTE,2024-09-30,130.524,0.753,0.9293571850111133,False
9794,KEARNEY TRUST CO,2024-03-31,265.846,0.0,1.9194362922467725,False
9794,KEARNEY TRUST CO,2024-06-30,266.235,0.0,2.526054255225476,False
9794,KEARNEY TRUST CO,2024-09-30,266.716,0.0,1.9171144009815289,False
9797,M1 BANK,2024-03-31,1003.332,12.768,4.715723670223474,False
9797,M1 BANK,2024-06-30,990.564,0.0,5.350241595604455,False
9797,M1 BANK,2024-09-30,1018.784,0.0,4.1671636653157345,False
9803,BANK OF ODESSA,2024-03-31,466.286,0.0,2.2855341226061863,False
9803,BANK OF ODESSA,2024-06-30,469.511,0.0,3.201524416006604,False
9803,BANK OF ODESSA,2024-09-30,478.567,0.0,2.2847664282419413,False
9812,ADAMS STATE BANK,2024-03-31,52.944,0.0,0.1801116882381326,False
9812,ADAMS STATE BANK,2024-06-30,54.359,0.0,0.27428315946294074,False
9812,ADAMS STATE BANK,2024-09-30,55.734,3.524,0.2259040814519556,False
9818,PLATTE VALLEY BANK,2024-03-31,83.525,0.0,0.6930039282227757,False
9818,PLATTE VALLEY BANK,2024-06-30,85.499,0.274,0.991597685773063,False
9818,PLATTE VALLEY BANK,2024-09-30,85.225,0.0,0.6542416977089308,False
9819,NEBRASKA STATE BANK,2024-03-31,49.973,0.0,0.14483876232305987,False
9819,NEBRASKA STATE BANK,2024-06-30,52.935,0.0,0.184552978575662,False
9819,NEBRASKA STATE BANK,2024-09-30,53.337,0.0,0.13554630745864368,False
9822,STATE BANK OF TABLE ROCK,2024-03-31,98.08,0.0,0.3976474376461073,False
9822,STATE BANK OF TABLE ROCK,2024-06-30,101.052,0.0,0.5793654155507972,False
9822,STATE BANK OF TABLE ROCK,2024-09-30,108.938,0.0,0.5301828127633559,False
9831,ALDEN STATE BANK,2024-03-31,355.496,0.0,2.118867860451825,False
9831,ALDEN STATE BANK,2024-06-30,356.497,0.0,2.921878480093885,False
9831,ALDEN STATE BANK,2024-09-30,357.648,3.914,2.184960338669943,False
9846,TRUIST BANK,2024-03-31,406143.0,8731.0,738.2607368034254,True
9846,TRUIST BANK,2024-06-30,397412.0,0.0,968.6615043607326,True
9846,TRUIST BANK,2024-09-30,400419.0,0.0,676.2578466455388,True
9860,MARBLEHEAD BANK,2024-03-31,55.984,1.703,0.3070293129395261,False
9860,MARBLEHEAD BANK,2024-06-30,54.281,0.0,0.41867224521048785,False
9860,MARBLEHEAD BANK,2024-09-30,55.506,2.232,0.34540764763869025,False
9865,REPUBLIC BANKING CO,2024-03-31,51.517,0.0,0.18257300759428458,False
9865,REPUBLIC BANKING CO,2024-06-30,51.835,1.099,0.2718832938906343,False
9865,REPUBLIC BANKING CO,2024-09-30,50.736,3.034,0.19306143036020856,False
9871,ST HENRY BANK,2024-03-31,340.271,0.0,1.9600008213958582,False
9871,ST HENRY BANK,2024-06-30,343.093,0.0,2.5960650147949482,False
9871,ST HENRY BANK,2024-09-30,376.452,0.0,2.0332650060575457,False
9875,BANK360,2024-03-31,50.301,0.0,0.0790273972702195,False
9875,BANK360,2024-06-30,51.862,0.0,0.158750320998047,False
9875,BANK360,2024-09-30,53.667,0.0,0.14601259436219968,False
9879,FIRST STATE BANK,2024-03-31,45.908,0.0,0.22642933804431967,False
9879,FIRST STATE BANK,2024-06-30,55.534,12.963,0.4758526637276991,False
9879,FIRST STATE BANK,2024-09-30,42.571,0.0,0.18551519852853277,False
9881,SECURITY BANK&TRUST CO,2024-03-31,125.773,0.0,0.5587747606687967,False
9881,SECURITY BANK&TRUST CO,2024-06-30,126.536,0.0,0.7665140295971411,False
9881,SECURITY BANK&TRUST CO,2024-09-30,132.588,0.165,0.608604068794379,False
9888,DIME BANK,2024-03-31,846.936,0.0,3.6460511067869414,False
9888,DIME BANK,2024-06-30,875.449,0.0,5.168496950367608,False
9888,DIME BANK,2024-09-30,884.183,0.0,3.663311879894776,False
9889,MID PENN BANK,2024-03-31,4385.615,0.0,13.52123233422264,True
9889,MID PENN BANK,2024-06-30,4506.755,0.0,18.94079670963695,True
9889,MID PENN BANK,2024-09-30,4717.558,0.0,13.725773130343994,True
9923,ANDERSON BROTHERS BANK,2024-03-31,1738.506,54.809,8.678279633081216,False
9923,ANDERSON BROTHERS BANK,2024-06-30,1683.697,0.0,9.941889652368285,False
9923,ANDERSON BROTHERS BANK,2024-09-30,1786.527,0.0,8.124377636569537,False
9932,COMMERCIAL STB OF WAGNER,2024-03-31,223.088,0.0,1.4525686247427223,False
9932,COMMERCIAL STB OF WAGNER,2024-06-30,226.277,2.242,1.9809910873603587,False
9932,COMMERCIAL STB OF WAGNER,2024-09-30,224.035,6.134,1.3236387117640052,False
9935,RIVERS EDGE BANK,2024-03-31,260.136,0.0,1.3101121059257115,False
9935,RIVERS EDGE BANK,2024-06-30,269.417,6.355,1.871015169237766,False
9935,RIVERS EDGE BANK,2024-09-30,263.062,0.307,1.3152701447570474,False
9963,F&M BANK,2024-03-31,1617.555,95.387,8.71456734847572,False
9963,F&M BANK,2024-06-30,1522.168,52.642,9.623036993619127,False
9963,F&M BANK,2024-09-30,1469.526,0.0,6.07238827847331,False
9967,AMERICAN STATE BANK,2024-03-31,833.955,36.059,4.508294589099592,False
9967,AMERICAN STATE BANK,2024-06-30,797.896,0.0,5.960782295687613,False
9967,AMERICAN STATE BANK,2024-09-30,803.419,226.988,4.365411030158029,False
9978,FIRST STATE BANK OF UVALDE,2024-03-31,1762.77,37.021,15.122562615338687,True
9978,FIRST STATE BANK OF UVALDE,2024-06-30,1725.749,37.862,18.87147016084766,True
9978,FIRST STATE BANK OF UVALDE,2024-09-30,1687.887,31.145,13.527465745529136,True
9986,FARMERS&MERCHANTS BK CRAIG C,2024-03-31,72.811,0.0,0.3806084656429983,False
9986,FARMERS&MERCHANTS BK CRAIG C,2024-06-30,73.886,1.787,0.5291534855995531,False
9986,FARMERS&MERCHANTS BK CRAIG C,2024-09-30,72.099,0.0,0.33408766622987607,False
9997,JEFFERSON SECURITY BANK,2024-03-31,458.129,0.0,2.520301871586707,False
9997,JEFFERSON SECURITY BANK,2024-06-30,468.57,0.0,3.510049597493628,False
9997,JEFFERSON SECURITY BANK,2024-09-30,515.03,20.094,3.1634563953211456,False
9998,CAPON VALLEY BANK,2024-03-31,196.263,0.0,1.1940052129123169,False
9998,CAPON VALLEY BANK,2024-06-30,197.404,6.9,1.5077276056795197,False
9998,CAPON VALLEY BANK,2024-09-30,190.504,0.0,0.9520017141804419,False
10004,ERGO BANK,2024-03-31,181.883,0.0,0.8317082977290502,False
10004,ERGO BANK,2024-06-30,188.452,0.0,1.130247054086755,False
10004,ERGO BANK,2024-09-30,202.952,0.0,0.8705607846478306,False
10011,WOODFORD STATE BANK,2024-03-31,339.219,0.0,1.7604468699347369,False
10011,WOODFORD STATE BANK,2024-06-30,343.53,0.0,2.3755228419317045,False
10011,WOODFORD STATE BANK,2024-09-30,344.87,0.0,1.7184060513499453,False
10012,PORTAGE COUNTY BANK,2024-03-31,176.745,12.216,1.4262924418201899,False
10012,PORTAGE COUNTY BANK,2024-06-30,164.529,0.0,1.4590163352774226,False
10012,PORTAGE COUNTY BANK,2024-09-30,173.856,0.0,1.2266317145349084,False
10015,SECURITY BANK,2024-03-31,157.28,0.0,0.647417320398111,False
10015,SECURITY BANK,2024-06-30,162.502,0.0,0.8988473004191757,False
10015,SECURITY BANK,2024-09-30,172.964,0.0,0.6632300671460918,False
10044,NATIONAL EXCHANGE BANK&TRUST,2024-03-31,2242.027,5.33,10.17190058404092,True
10044,NATIONAL EXCHANGE BANK&TRUST,2024-06-30,2236.697,0.0,13.2266581061585,True
10044,NATIONAL EXCHANGE BANK&TRUST,2024-09-30,2323.421,0.0,9.52023906063193,True
10055,FIRST SOUTHERN BANK,2024-03-31,290.918,5.051,2.0475055453797304,False
10055,FIRST SOUTHERN BANK,2024-06-30,285.867,6.203,2.521668157965213,False
10055,FIRST SOUTHERN BANK,2024-09-30,279.664,0.0,1.5679575829919061,False
10057,BANK OF HANCOCK COUNTY,2024-03-31,65.927,0.0,0.4311967100153398,False
10057,BANK OF HANCOCK COUNTY,2024-06-30,66.016,0.212,0.59383361385417,False
10057,BANK OF HANCOCK COUNTY,2024-09-30,65.804,0.0,0.45254130987360436,False
10072,PLANTERS&CITIZENS BANK,2024-03-31,120.271,2.134,0.7540944393582134,False
10072,PLANTERS&CITIZENS BANK,2024-06-30,118.137,0.0,0.9646022201026577,False
10072,PLANTERS&CITIZENS BANK,2024-09-30,121.861,1.125,0.7414638660936771,False
10074,APEX BANKING CO OF GEORGIA,2024-03-31,54.788,0.0,0.23329720633823728,False
10074,APEX BANKING CO OF GEORGIA,2024-06-30,55.826,0.261,0.31968369181185535,False
10074,APEX BANKING CO OF GEORGIA,2024-09-30,55.565,2.955,0.2479840291643454,False
10075,PEOPLES STATE BANK OF COLFAX,2024-03-31,34.602,0.0,0.10950015943371551,False
10075,PEOPLES STATE BANK OF COLFAX,2024-06-30,38.112,0.0,0.3552219577981192,False
10075,PEOPLES STATE BANK OF COLFAX,2024-09-30,39.274,0.955,0.29436741667952565,False
10077,FARMERS STATE BANK OF EMDEN,2024-03-31,26.74,0.0,0.0,False
10077,FARMERS STATE BANK OF EMDEN,2024-06-30,26.846,0.867,0.010913261684326938,False
10077,FARMERS STATE BANK OF EMDEN,2024-09-30,25.979,0.0,0.02175887425614153,False
10101,NAPOLEON STATE BANK,2024-03-31,386.423,0.0,2.344139064383472,False
10101,NAPOLEON STATE BANK,2024-06-30,395.973,0.0,3.158197197184667,False
10101,NAPOLEON STATE BANK,2024-09-30,397.402,0.0,2.191359171077164,False
10111,OHNWARD BANK&TRUST,2024-03-31,344.64,5.523,1.631516263209867,False
10111,OHNWARD BANK&TRUST,2024-06-30,339.117,0.0,2.105934085333862,False
10111,OHNWARD BANK&TRUST,2024-09-30,365.896,0.0,1.7818590396206282,False
10118,LEIGHTON STATE BANK,2024-03-31,222.856,0.0,1.0152951792005316,False
10118,LEIGHTON STATE BANK,2024-06-30,225.815,8.767,1.458607807753489,False
10118,LEIGHTON STATE BANK,2024-09-30,217.048,0.0,0.9683067421524936,False
10120,AMERICAN TRUST&SAVINGS BANK,2024-03-31,27.613,2.263,0.09178861682109658,False
10120,AMERICAN TRUST&SAVINGS BANK,2024-06-30,25.35,0.0,0.09156928415099676,False
10120,AMERICAN TRUST&SAVINGS BANK,2024-09-30,27.412,0.0,0.13414109453893394,False
10121,LIBERTY TRUST&SAVINGS BANK,2024-03-31,130.566,0.0,0.6487925007826542,False
10121,LIBERTY TRUST&SAVINGS BANK,2024-06-30,143.143,0.406,1.2092876893453843,False
10121,LIBERTY TRUST&SAVINGS BANK,2024-09-30,142.737,0.0,0.8033728266905412,False
10122,FARMERS SAVINGS BANK&TRUST,2024-03-31,197.089,17.364,1.3078585134895526,False
10122,FARMERS SAVINGS BANK&TRUST,2024-06-30,179.725,0.0,1.5093060386556347,False
10122,FARMERS SAVINGS BANK&TRUST,2024-09-30,197.343,10.431,1.2729584771924678,False
10123,FIRST TRUST&SAVINGS BANK,2024-03-31,48.318,0.0,0.2134885151839271,False
10123,FIRST TRUST&SAVINGS BANK,2024-06-30,52.094,14.323,0.512194532591072,False
10123,FIRST TRUST&SAVINGS BANK,2024-09-30,37.771,0.0,0.1306226581666115,False
10125,CITIZENS SAVINGS BANK,2024-03-31,146.728,8.613,1.1751471590622002,False
10125,CITIZENS SAVINGS BANK,2024-06-30,138.115,0.0,1.27187250846655,False
10125,CITIZENS SAVINGS BANK,2024-09-30,154.282,5.866,1.4434539394027597,False
10127,SUCCESS BANK,2024-03-31,228.032,7.383,1.1406850344122255,False
10127,SUCCESS BANK,2024-06-30,220.649,0.0,1.4259116596176016,False
10127,SUCCESS BANK,2024-09-30,229.126,0.0,1.1057482974079464,False
10132,EXCHANGE STATE BANK,2024-03-31,108.747,3.169,0.42919246616783197,False
10132,EXCHANGE STATE BANK,2024-06-30,105.578,0.0,0.5782929573069409,False
10132,EXCHANGE STATE BANK,2024-09-30,106.137,0.0,0.4335631958964237,False
10137,COMMERCIAL BANK OF GRAYSON,2024-03-31,195.511,0.0,1.1553153796485074,False
10137,COMMERCIAL BANK OF GRAYSON,2024-06-30,196.831,0.0,1.578320493200517,False
10137,COMMERCIAL BANK OF GRAYSON,2024-09-30,201.981,0.0,1.1396024326528646,False
10145,HART COUNTY BANK&TRUST CO,2024-03-31,17.792,0.0,0.0,False
10145,HART COUNTY BANK&TRUST CO,2024-06-30,17.887,1.079,0.0,False
10145,HART COUNTY BANK&TRUST CO,2024-09-30,16.808,0.0,0.0,False
10157,SHELBY STATE BANK,2024-03-31,312.115,1.435,1.884166367187281,False
10157,SHELBY STATE BANK,2024-06-30,310.68,0.0,2.483484896638564,False
10157,SHELBY STATE BANK,2024-09-30,314.987,10.542,1.7986810121471004,False
10159,FIRST STATE BANK&TRUST,2024-03-31,364.771,21.326,2.145686784533726,False
10159,FIRST STATE BANK&TRUST,2024-06-30,343.445,0.0,2.3481276254474426,False
10159,FIRST STATE BANK&TRUST,2024-09-30,364.651,0.0,1.93244031411003,False
10160,STEARNS BANK HOLDINGFORD NA,2024-03-31,54.061,0.168,0.153532985141772,False
10160,STEARNS BANK HOLDINGFORD NA,2024-06-30,53.893,0.0,0.2628176248026663,False
10160,VERSABANK USA NATIONAL ASSN,2024-09-30,63.469,0.0,0.17711361939368178,False
10162,FIRST STATE BANK MINNESOTA,2024-03-31,80.826,0.0,0.36397213663604705,False
10162,FIRST STATE BANK MINNESOTA,2024-06-30,82.005,0.0,0.4960889206699674,False
10162,FIRST STATE BANK MINNESOTA,2024-09-30,84.016,0.0,0.37712343793406644,False
10163,SECURITY STB OF MARINE,2024-03-31,180.714,0.0,1.0012371613858795,False
10163,SECURITY STB OF MARINE,2024-06-30,184.372,0.0,1.3708930458413733,False
10163,SECURITY STB OF MARINE,2024-09-30,192.08,0.0,1.0945443589535604,False
10165,FARMERS&MERCHANTS STB PIERZ,2024-03-31,282.404,0.0,1.546067636430305,False
10165,FARMERS&MERCHANTS STB PIERZ,2024-06-30,291.216,0.0,2.162406148652879,False
10165,FARMERS&MERCHANTS STB PIERZ,2024-09-30,312.659,6.353,1.7409503171633092,False
10167,CITIZENS STB OF ROSEAU,2024-03-31,254.81,3.261,1.866747299993035,False
10167,CITIZENS STB OF ROSEAU,2024-06-30,251.549,6.771,2.2872889923095494,False
10167,CITIZENS STB OF ROSEAU,2024-09-30,244.778,0.0,1.5318210108339225,False
10168,FIRST FARMERS&MERCHANTS BANK,2024-03-31,399.297,1.264,2.3243505440930288,False
10168,FIRST FARMERS&MERCHANTS BANK,2024-06-30,398.033,2.079,3.036442161304453,False
10168,FIRST FARMERS&MERCHANTS BANK,2024-09-30,395.954,0.0,2.2941706381526377,False
10169,SHERBURNE STATE BANK,2024-03-31,215.457,0.0,1.1104503810055681,False
10169,SHERBURNE STATE BANK,2024-06-30,224.627,0.0,1.5058561006608988,False
10169,SHERBURNE STATE BANK,2024-09-30,236.812,7.703,1.1592820446401082,False
10174,FARMERS STB OF UNDERWOOD,2024-03-31,94.5,0.416,0.4707634904395693,False
10174,FARMERS STB OF UNDERWOOD,2024-06-30,94.084,0.0,0.6392972344522503,False
10174,FARMERS STB OF UNDERWOOD,2024-09-30,96.46,0.524,0.4893708734369419,False
10175,SECURITY STB OF HIBBING,2024-03-31,137.376,2.014,0.8557115204388815,False
10175,SECURITY STB OF HIBBING,2024-06-30,135.362,0.0,1.2504646841853662,False
10175,SECURITY STB OF HIBBING,2024-09-30,144.796,3.86,1.0225829584423158,False
10178,PRODUCE STATE BANK,2024-03-31,99.356,1.06,0.6193301035236632,False
10178,PRODUCE STATE BANK,2024-06-30,98.296,1.393,0.7943834433077314,False
10178,PRODUCE STATE BANK,2024-09-30,96.903,0.0,0.5733103723878699,False
10185,ELYSIAN BANK,2024-03-31,54.989,0.298,0.20543519661720955,False
10185,ELYSIAN BANK,2024-06-30,54.691,0.0,0.27672856170852544,False
10185,ELYSIAN BANK,2024-09-30,57.815,0.0,0.2748280618260579,False
10187,NORTHERN STB OF GONVICK,2024-03-31,44.284,2.447,0.9278277215015232,False
10187,NORTHERN STB OF GONVICK,2024-06-30,41.837,2.798,0.9154169773127461,False
10187,NORTHERN STB OF GONVICK,2024-09-30,39.039,0.0,0.6026040668025044,False
10191,PRINSBANK,2024-03-31,159.732,1.449,0.7593673872089588,False
10191,PRINSBANK,2024-06-30,158.283,1.338,1.0158247608302593,False
10191,PRINSBANK,2024-09-30,156.945,0.0,0.6934262816320675,False
10194,PINE RIVER STATE BANK,2024-03-31,154.076,0.0,1.082570656992433,False
10194,PINE RIVER STATE BANK,2024-06-30,158.802,0.0,1.5408034762536935,False
10194,PINE RIVER STATE BANK,2024-09-30,166.235,0.0,1.1973073918241606,False
10197,HOMETOWN COMMUNITY BANK,2024-03-31,78.172,0.867,0.2963763237815274,False
10197,HOMETOWN COMMUNITY BANK,2024-06-30,77.305,0.0,0.3640551803649647,False
10197,HOMETOWN COMMUNITY BANK,2024-09-30,81.407,0.0,0.3035914897237688,False
10200,STATE BANK OF JEFFERS,2024-03-31,31.5,0.716,0.0,False
10200,STATE BANK OF JEFFERS,2024-06-30,30.784,0.0,0.028053039235188797,False
10200,STATE BANK OF JEFFERS,2024-09-30,32.25,0.0,0.05684138945291719,False
10202,LOWRY STATE BANK,2024-03-31,65.479,0.915,0.18094701300638513,False
10202,LOWRY STATE BANK,2024-06-30,64.564,0.0,0.23237364537369518,False
10202,LOWRY STATE BANK,2024-09-30,67.856,0.625,0.20205229593017984,False
10212,COMMERCE BANK,2024-03-31,173.523,0.0,0.7771663035180587,False
10212,COMMERCE BANK,2024-06-30,175.959,0.0,1.0732940434961418,False
10212,COMMERCE BANK,2024-09-30,176.589,5.849,0.7683043695982141,False
10214,VERMILLION STATE BANK,2024-03-31,743.701,19.97,5.082062435818084,False
10214,VERMILLION STATE BANK,2024-06-30,723.731,0.0,5.845087148464383,False
10214,VERMILLION STATE BANK,2024-09-30,739.631,0.0,4.7436698532229356,False
10218,CITIZENS BANK&TRUST CO,2024-03-31,293.117,2.618,1.8915604725559882,False
10218,CITIZENS BANK&TRUST CO,2024-06-30,290.499,13.494,2.4387913287344842,False
10218,CITIZENS BANK&TRUST CO,2024-09-30,277.005,0.0,1.7441811604086443,False
10236,GOOSE RIVER BANK,2024-03-31,148.828,9.389,0.7706209495673783,False
10236,GOOSE RIVER BANK,2024-06-30,139.439,0.0,0.8738293299437823,False
10236,GOOSE RIVER BANK,2024-09-30,148.082,0.0,0.7053655887047061,False
10243,FIRST STATE BANK OF GOLVA,2024-03-31,103.961,0.0,0.6862945485496212,False
10243,FIRST STATE BANK OF GOLVA,2024-06-30,104.579,4.174,0.9078142133471564,False
10243,FIRST STATE BANK OF GOLVA,2024-09-30,100.405,0.0,0.6623032988055957,False
10248,FIRST INTERNATIONAL B&T,2024-03-31,4633.996,0.0,15.162133181097705,True
10248,FIRST INTERNATIONAL B&T,2024-06-30,4835.905,52.83,21.824209073693538,True
10248,FIRST INTERNATIONAL B&T,2024-09-30,4783.075,0.0,14.590246501127009,True
10250,PEOPLES STATE BANK OF VELVA,2024-03-31,128.302,0.0,0.602657088832323,False
10250,PEOPLES STATE BANK OF VELVA,2024-06-30,134.842,0.0,0.8764090766915231,False
10250,PEOPLES STATE BANK OF VELVA,2024-09-30,140.86,0.0,0.6758271930045188,False
10253,FIRST SECURITY BANK WEST,2024-03-31,66.305,4.074,0.6326742921714344,False
10253,FIRST SECURITY BANK WEST,2024-06-30,62.231,1.228,0.7226326341390482,False
10253,FIRST SECURITY BANK WEST,2024-09-30,61.003,0.0,0.6213026123601466,False
10255,OLD FORT BANKING CO,2024-03-31,785.714,5.889,5.227503272922078,False
10255,OLD FORT BANKING CO,2024-06-30,779.825,0.0,6.505229507830458,False
10255,OLD FORT BANKING CO,2024-09-30,781.517,2.898,4.777985057731387,False
10266,CITIZENS BANK CO,2024-03-31,260.326,0.0,1.4222131307885495,False
10266,CITIZENS BANK CO,2024-06-30,265.402,0.0,2.0329849540810194,False
10266,CITIZENS BANK CO,2024-09-30,274.365,1.269,1.4562475801151034,False
10280,FARMERS&MERCHANTS BANK,2024-03-31,106.586,0.0,0.5044736835229913,False
10280,FARMERS&MERCHANTS BANK,2024-06-30,110.152,0.0,0.7665781423619638,False
10280,FARMERS&MERCHANTS BANK,2024-09-30,114.597,0.0,0.6484108548424233,False
10307,BUILTWELL BANK,2024-03-31,1594.359,0.0,9.178994846939196,False
10307,BUILTWELL BANK,2024-06-30,1612.259,0.0,12.965302721526925,False
10307,BUILTWELL BANK,2024-09-30,1656.97,0.0,9.90404857541154,True
10308,BANK OF FAYETTE COUNTY,2024-03-31,772.615,0.0,3.554951824480204,False
10308,BANK OF FAYETTE COUNTY,2024-06-30,787.622,0.0,4.857114633219009,False
10308,BANK OF FAYETTE COUNTY,2024-09-30,827.807,0.0,3.6858057670186937,False
10315,BANK OF HALLS,2024-03-31,131.339,5.233,1.362465132788569,False
10315,BANK OF HALLS,2024-06-30,126.106,8.163,1.7499293365450066,False
10315,BANK OF HALLS,2024-09-30,117.943,0.0,1.0835071158440486,False
10317,CITIZENS B&T GRAINGER CNTY,2024-03-31,235.399,0.31,1.682841299671653,False
10317,CITIZENS B&T GRAINGER CNTY,2024-06-30,235.089,4.467,2.226385111481882,False
10317,CITIZENS B&T GRAINGER CNTY,2024-09-30,230.622,0.0,1.5435280961962354,False
10319,CITIZENS SAVINGS B&T CO,2024-03-31,154.966,0.0,0.7621438128812099,False
10319,CITIZENS SAVINGS B&T CO,2024-06-30,160.656,0.0,1.0670139870205018,False
10319,CITIZENS SAVINGS B&T CO,2024-09-30,162.356,0.0,0.7554297535548858,False
10327,CITIZENS STB OF LULING,2024-03-31,60.493,0.589,0.23779058563475788,False
10327,CITIZENS STB OF LULING,2024-06-30,59.904,0.0,0.4225365943877569,False
10327,CITIZENS STB OF LULING,2024-09-30,61.528,1.681,0.33182570012154317,False
10330,COMMERCIAL STATE BANK,2024-03-31,104.413,1.918,1.056548070190484,False
10330,COMMERCIAL STATE BANK,2024-06-30,102.495,2.558,1.3098680111101437,False
10330,COMMERCIAL STATE BANK,2024-09-30,99.937,3.822,0.9313504988322711,False
10334,OAKWOOD BANK,2024-03-31,727.019,0.0,3.6982943907440715,False
10334,OAKWOOD BANK,2024-06-30,736.036,0.0,4.670797879776645,False
10344,SCHERTZ BANK&TRUST,2024-03-31,765.041,0.0,4.19067571877665,False
10344,SCHERTZ BANK&TRUST,2024-06-30,771.243,0.0,6.016378213055091,False
10344,SCHERTZ BANK&TRUST,2024-09-30,783.823,15.896,4.552969108672526,False
10345,PEOPLES STATE BANK,2024-03-31,163.487,0.404,1.4588505057737444,False
10345,PEOPLES STATE BANK,2024-06-30,163.083,4.702,1.7408372989203158,False
10345,PEOPLES STATE BANK,2024-09-30,158.381,3.092,1.1477180071361301,False
10352,CROWELL STATE BANK,2024-03-31,42.302,0.0,0.21049340582769305,False
10352,CROWELL STATE BANK,2024-06-30,45.075,5.314,0.5109753018905088,False
10352,CROWELL STATE BANK,2024-09-30,39.761,0.0,0.2176770256171905,False
10363,CITIZENS&FARMERS BANK,2024-03-31,2101.571,0.0,8.130704775592722,False
10363,CITIZENS&FARMERS BANK,2024-06-30,2117.63,0.0,10.739649815360167,False
10363,CITIZENS&FARMERS BANK,2024-09-30,2146.199,0.0,7.492011391767223,False
10374,BANNER BANKS,2024-03-31,100.897,0.0,1.5701873915502709,False
10374,BANNER BANKS,2024-06-30,104.297,1.388,2.1088277322330633,False
10374,BANNER BANKS,2024-09-30,102.909,0.0,1.9171758187424885,False
10378,BANK OF NEW GLARUS,2024-03-31,402.247,0.0,1.925678610521954,False
10378,BANK OF NEW GLARUS,2024-06-30,591.622,10.601,3.756386837899075,False
10378,BANK OF NEW GLARUS,2024-09-30,581.021,0.0,2.659808414002165,False
10380,OOSTBURG STATE BANK,2024-03-31,314.095,0.0,1.4907308280802223,False
10380,OOSTBURG STATE BANK,2024-06-30,316.745,0.0,2.0774639054829183,False
10380,OOSTBURG STATE BANK,2024-09-30,326.693,0.0,1.5438286704821087,False
10382,FARMERS&MERCHANTS BANK&TRUST,2024-03-31,141.651,4.437,0.695762908813801,False
10382,FARMERS&MERCHANTS BANK&TRUST,2024-06-30,137.214,0.0,0.9021245069680154,False
10382,FARMERS&MERCHANTS BANK&TRUST,2024-09-30,140.327,0.0,0.696332843589504,False
10383,STATE BANK FINANCIAL,2024-03-31,392.22,20.108,2.5211481252267665,False
10383,STATE BANK FINANCIAL,2024-06-30,372.112,0.0,2.83019445037324,False
10383,STATE BANK FINANCIAL,2024-09-30,412.226,36.177,2.6072111386213406,False
10384,WAUMANDEE STATE BANK,2024-03-31,272.188,0.0,1.2964072116195806,False
10384,WAUMANDEE STATE BANK,2024-06-30,275.578,0.0,1.7735468718368255,False
10384,WAUMANDEE STATE BANK,2024-09-30,276.493,0.0,1.2469474523944144,False
10407,FARMERS STATE BANK OF BRUSH,2024-03-31,92.742,0.314,0.44557563482631335,False
10407,FARMERS STATE BANK OF BRUSH,2024-06-30,92.428,1.095,0.6135737787530368,False
10407,FARMERS STATE BANK OF BRUSH,2024-09-30,91.333,0.0,0.4335681667791331,False
10434,STATE BANK OF GRAYMONT,2024-03-31,264.355,8.484,1.5331991390616153,False
10434,STATE BANK OF GRAYMONT,2024-06-30,255.871,0.0,1.9222224657023539,False
10434,STATE BANK OF GRAYMONT,2024-09-30,260.356,0.0,1.3577280932074192,False
10437,FIRST STATE BANK OF OLMSTED,2024-03-31,64.157,0.0,0.28166998809482063,False
10437,FIRST STATE BANK OF OLMSTED,2024-06-30,64.862,0.0,0.3950347702246599,False
10437,FIRST STATE BANK OF OLMSTED,2024-09-30,65.75,0.146,0.319699476824836,False
10438,RARITAN STATE BANK,2024-03-31,231.698,4.3,1.2457165225791955,False
10438,RARITAN STATE BANK,2024-06-30,227.398,4.693,1.7015173097484906,False
10438,RARITAN STATE BANK,2024-09-30,222.705,0.883,1.153935745370979,False
10446,FREDERICK COMMUNITY BANK THE,2024-03-31,160.907,0.283,1.156266609023041,False
10446,FREDERICK COMMUNITY BANK THE,2024-06-30,160.624,0.928,1.4891031264787522,False
10446,FREDERICK COMMUNITY BANK THE,2024-09-30,159.696,0.0,1.045200820495737,False
10458,FARMERS STATE BANK&TRUST CO,2024-03-31,113.34,0.0,0.6466781600876025,False
10458,FARMERS STATE BANK&TRUST CO,2024-06-30,115.395,1.808,0.8920297981072215,False
10458,FARMERS STATE BANK&TRUST CO,2024-09-30,113.587,0.0,0.6130679479591761,False
10460,TOWN&COUNTRY BANK MIDWEST,2024-03-31,189.719,2.776,1.312550579578833,False
10460,TOWN&COUNTRY BANK MIDWEST,2024-06-30,186.943,4.557,1.4866326771766156,False
10460,TOWN&COUNTRY BANK MIDWEST,2024-09-30,182.386,0.0,0.9133227491517886,False
10463,MIDDLETOWN STATE BANK,2024-03-31,36.947,1.203,0.014792283756947619,False
10463,MIDDLETOWN STATE BANK,2024-06-30,35.744,0.0,0.0387483224253016,False
10463,MIDDLETOWN STATE BANK,2024-09-30,36.473,1.911,0.056631443197797074,False
10464,FEDERATED BANK,2024-03-31,100.391,1.903,0.6343746865377659,False
10464,FEDERATED BANK,2024-06-30,98.488,0.545,0.8573888135982956,False
10464,FEDERATED BANK,2024-09-30,97.943,0.0,0.6216733855654379,False
10467,GIFFORD STATE BANK,2024-03-31,165.376,1.426,0.9497272659153586,False
10467,GIFFORD STATE BANK,2024-06-30,163.95,2.454,1.2517866322304767,False
10467,GIFFORD STATE BANK,2024-09-30,161.496,0.0,0.8411051545111463,False
10469,FARMERS&MERCHANTS BK HUTSONV,2024-03-31,43.184,1.565,0.14845840345817868,False
10469,FARMERS&MERCHANTS BK HUTSONV,2024-06-30,41.619,0.0,0.17030493384308407,False
10469,FARMERS&MERCHANTS BK HUTSONV,2024-09-30,41.746,0.0,0.15375393133405638,False
10471,CAMP GROVE STATE BANK,2024-03-31,50.525,0.377,0.28062563162885523,False
10471,CAMP GROVE STATE BANK,2024-06-30,50.148,0.0,0.489633428786,False
10471,CAMP GROVE STATE BANK,2024-09-30,51.947,4.128,0.4660822807377188,False
10473,IPAVA STATE BANK,2024-03-31,195.304,12.087,1.2482746151959148,False
10473,IPAVA STATE BANK,2024-06-30,183.217,0.0,1.3219161776485677,False
10473,IPAVA STATE BANK,2024-09-30,184.35,0.0,1.0516940456612156,False
10474,CITIZENS STATE BANK,2024-03-31,363.342,0.0,1.8958865613329805,False
10474,CITIZENS STATE BANK,2024-06-30,367.515,0.0,2.620254570495802,False
10474,CITIZENS STATE BANK,2024-09-30,391.562,18.544,2.1467455661577493,False
10489,ELGIN STATE BANK,2024-03-31,28.738,1.043,0.007759734596022087,False
10489,ELGIN STATE BANK,2024-06-30,27.695,0.641,0.0,False
10489,ELGIN STATE BANK,2024-09-30,27.054,0.0,0.013258721425790154,False
10492,FARMERS&MERCHANTS SB,2024-03-31,104.053,0.628,0.46759536283053915,False
10492,FARMERS&MERCHANTS SB,2024-06-30,103.425,3.14,0.651617558156766,False
10492,FARMERS&MERCHANTS SB,2024-09-30,100.285,0.0,0.4428745715388638,False
10494,MOUNT VERNON BANK&TRUST CO,2024-03-31,152.862,0.0,0.7831236697030787,False
10494,MOUNT VERNON BANK&TRUST CO,2024-06-30,159.912,11.472,1.293114620366242,False
10494,MOUNT VERNON BANK&TRUST CO,2024-09-30,148.44,0.0,0.7156723632385823,False
10497,IOWA STATE BANK,2024-03-31,173.697,1.0,0.7896420468323754,False
10497,IOWA STATE BANK,2024-06-30,172.697,2.214,1.1253760027716675,False
10497,IOWA STATE BANK,2024-09-30,170.483,0.022,0.7577784539695019,False
10500,FARMERS SAVINGS BANK,2024-03-31,101.114,0.0,0.5337627353449911,False
10500,FARMERS SAVINGS BANK,2024-06-30,101.815,1.61,0.6939294027164542,False
10500,FARMERS SAVINGS BANK,2024-09-30,100.205,0.0,0.4898669437172681,False
10502,BANKWEST OF KANSAS,2024-03-31,122.267,0.646,1.0812785028107956,False
10502,BANKWEST OF KANSAS,2024-06-30,121.621,2.881,1.360178275140231,False
10502,BANKWEST OF KANSAS,2024-09-30,118.74,0.855,0.9270828204159407,False
10503,FIRST STATE BANK,2024-03-31,66.312,1.615,0.34547213778992586,False
10503,FIRST STATE BANK,2024-06-30,64.697,0.0,0.46418693893641927,False
10503,FIRST STATE BANK,2024-09-30,70.224,0.0,0.42077940529075397,False
10505,KANSAS STATE BANK,2024-03-31,169.819,0.0,1.1557885547947855,False
10505,KANSAS STATE BANK,2024-06-30,180.886,23.336,1.723457994107129,False
10505,KANSAS STATE BANK,2024-09-30,157.55,0.0,1.0503651674773007,False
10520,CITIZENS BANK,2024-03-31,168.267,0.0,1.1451437961708475,False
10520,CITIZENS BANK,2024-06-30,177.529,2.567,1.5170888358717227,False
10520,CITIZENS BANK,2024-09-30,174.962,0.0,0.9922416089673008,False
10523,BANK OF COMMERCE&TRUST CO,2024-03-31,319.809,0.0,2.8202122351631695,False
10523,BANK OF COMMERCE&TRUST CO,2024-06-30,324.178,12.293,3.617576209396639,False
10523,BANK OF COMMERCE&TRUST CO,2024-09-30,311.885,0.0,2.4811640154028454,False
10528,EXCHANGE B&T NATCHITOCHES LA,2024-03-31,171.36,2.004,1.377425661637116,False
10528,EXCHANGE B&T NATCHITOCHES LA,2024-06-30,169.356,7.658,1.802920900060112,False
10528,EXCHANGE B&T NATCHITOCHES LA,2024-09-30,161.698,2.539,1.1300229115351241,False
10531,CITIZENS PROGRESSIVE BANK,2024-03-31,238.05,0.0,1.1876585863727154,False
10531,CITIZENS PROGRESSIVE BANK,2024-06-30,267.648,2.892,1.9664056025368242,False
10531,CITIZENS PROGRESSIVE BANK,2024-09-30,264.756,12.626,1.4453007965329319,False
10532,CLB THE COMMUNITY BANK,2024-03-31,260.712,0.0,1.4442889343058438,False
10532,CLB THE COMMUNITY BANK,2024-06-30,271.725,0.0,2.09161109392271,False
10532,CLB THE COMMUNITY BANK,2024-09-30,281.842,0.0,1.422358499204528,False
10533,WINNSBORO STATE B&T CO,2024-03-31,285.896,0.0,1.782570723315838,False
10533,WINNSBORO STATE B&T CO,2024-06-30,288.567,6.729,2.240775966815073,False
10533,WINNSBORO STATE B&T CO,2024-09-30,281.838,0.0,1.3932885820168968,False
10561,ARCADIAN BANK,2024-03-31,183.966,0.0,0.8635116584561501,False
10561,ARCADIAN BANK,2024-06-30,187.332,9.975,1.2064559897794358,False
10561,ARCADIAN BANK,2024-09-30,177.357,0.0,0.7804124725777698,False
10567,UNITED MINNESOTA BANK,2024-03-31,44.344,0.0,0.2890187267726464,False
10567,UNITED MINNESOTA BANK,2024-06-30,45.765,1.066,0.42439313069471896,False
10567,UNITED MINNESOTA BANK,2024-09-30,44.699,0.0,0.2569079294545805,False
10568,COMMUNITY DEVELOPMENT BK FSB,2024-03-31,172.679,28.923,1.2180540035689698,False
10571,FARMERS&MERCHANTS STB ALPHA,2024-03-31,39.349,1.783,0.17507754126741792,False
10571,FARMERS&MERCHANTS STB ALPHA,2024-06-30,37.566,0.0,0.3320840607156124,False
10571,FARMERS&MERCHANTS STB ALPHA,2024-09-30,39.943,2.301,0.22657959067075695,False
10576,FIRST SOUTHEAST BANK,2024-03-31,104.113,1.531,0.43135206524223974,False
10576,FIRST SOUTHEAST BANK,2024-06-30,102.582,0.0,0.585436417698783,False
10576,FIRST SOUTHEAST BANK,2024-09-30,110.335,6.932,0.45941931481268433,False
10594,BANK OF FRANKLIN,2024-03-31,205.359,0.0,1.0983819557430525,False
10594,BANK OF FRANKLIN,2024-06-30,207.674,1.326,1.5493119974994563,False
10594,BANK OF FRANKLIN,2024-09-30,206.348,0.019,1.0343765106457947,False
10595,COMMUNITY FIRST BANK,2024-03-31,222.769,0.0,1.180341714658551,False
10595,COMMUNITY FIRST BANK,2024-06-30,223.01,5.48,1.674974355213156,False
10595,COMMUNITY FIRST BANK,2024-09-30,217.53,0.0,1.0550906647905243,False
10597,BANK OF ORRICK,2024-03-31,95.0,0.0,0.47334646811286835,False
10597,BANK OF ORRICK,2024-06-30,100.494,0.0,0.7533819749040587,False
10597,BANK OF ORRICK,2024-09-30,100.548,0.0,0.4489824074456,False
10608,UNICO BANK,2024-03-31,441.96,0.0,1.947126536126611,False
10608,UNICO BANK,2024-06-30,447.513,0.0,2.6669916768117363,False
10608,UNICO BANK,2024-09-30,456.925,0.0,1.8819267036762028,False
10618,BTC BANK,2024-03-31,907.511,3.581,4.093763130343751,False
10618,BTC BANK,2024-06-30,903.93,0.0,5.251450995914439,False
10618,BTC BANK,2024-09-30,916.094,0.0,3.764931716414563,False
10619,HAWTHORN BANK,2024-03-31,1536.894,0.0,5.827371265704461,False
10619,HAWTHORN BANK,2024-06-30,1556.74,39.432,8.361270878775011,False
10619,HAWTHORN BANK,2024-09-30,1517.308,0.0,5.536206001514008,False
10623,STATE BANK OF MISSOURI,2024-03-31,138.643,4.334,1.0504486127071286,False
10623,STATE BANK OF MISSOURI,2024-06-30,134.309,1.833,1.2240359276415227,False
10623,STATE BANK OF MISSOURI,2024-09-30,132.476,3.97,0.89234299224346,False
10626,BANK OF NEW CAMBRIA,2024-03-31,31.953,0.5,0.2640807458158233,False
10626,BANK OF NEW CAMBRIA,2024-06-30,31.453,1.563,0.3619153082416282,False
10626,BANK OF NEW CAMBRIA,2024-09-30,29.89,0.488,0.2154356161301052,False
10628,PREFERRED BANK,2024-03-31,130.211,1.745,1.19682552130272,False
10628,PREFERRED BANK,2024-06-30,128.466,2.595,1.5266443836741084,False
10628,PREFERRED BANK,2024-09-30,125.871,4.264,0.8969726145165763,False
10634,PINNACLE BANK,2024-03-31,7008.606,0.0,26.71639587297339,True
10634,PINNACLE BANK,2024-06-30,7053.281,0.0,34.51252082628715,True
10634,PINNACLE BANK,2024-09-30,7304.711,49.222,26.914884053480648,True
10635,BANK OF STEINAUER,2024-03-31,15.277,0.0,0.0,False
10635,BANK OF STEINAUER,2024-06-30,15.397,0.0,0.0,False
10635,BANK OF STEINAUER,2024-09-30,16.675,1.082,0.0,False
10637,FIRST CENTRAL BANK,2024-03-31,113.787,0.697,0.49411255649616165,False
10637,FIRST CENTRAL BANK,2024-06-30,113.09,4.322,0.6728184965519702,False
10637,FIRST CENTRAL BANK,2024-09-30,108.768,0.0,0.4499562400704316,False
10639,FLATWATER BANK,2024-03-31,254.858,0.0,1.2763997920298713,False
10639,FLATWATER BANK,2024-06-30,264.389,0.384,1.7670662969795001,False
10639,FLATWATER BANK,2024-09-30,264.005,0.29,1.231582889574241,False
10641,RIVERSTONE BANK,2024-03-31,468.618,1.661,2.0982876213745167,False
10641,RIVERSTONE BANK,2024-06-30,466.957,11.782,2.8584540367105595,False
10641,RIVERSTONE BANK,2024-09-30,455.175,2.795,1.8574274207017318,False
10643,DUNDEE BANK,2024-03-31,528.439,0.0,2.245116737181618,False
10643,DUNDEE BANK,2024-06-30,536.213,0.0,3.0198289391965933,False
10643,DUNDEE BANK,2024-09-30,586.388,0.0,2.276174691012336,False
10647,AMERICAN EXCHANGE BANK,2024-03-31,55.578,4.982,0.20385598960685683,False
10647,AMERICAN EXCHANGE BANK,2024-06-30,50.596,0.0,0.2128068321149646,False
10647,AMERICAN EXCHANGE BANK,2024-09-30,51.005,0.0,0.16241985197090483,False
10663,ANDOVER BANK,2024-03-31,521.0,0.0,3.546297372015872,False
10663,ANDOVER BANK,2024-06-30,529.743,0.0,4.753783643429509,False
10663,ANDOVER BANK,2024-09-30,547.121,11.203,3.5133944593282136,False
10667,MABREY BANK,2024-03-31,1637.919,57.223,7.706349369337532,False
10667,MABREY BANK,2024-06-30,1580.696,0.0,9.416455154298816,False
10667,MABREY BANK,2024-09-30,1622.601,0.0,6.865039435356933,False
10672,EXCHANGE BANK,2024-03-31,133.427,0.0,1.0462333471163112,False
10672,EXCHANGE BANK,2024-06-30,137.774,6.631,1.5443569254914398,False
10672,EXCHANGE BANK,2024-09-30,131.143,0.0,1.0446409914465016,False
10674,BANK OF HYDRO,2024-03-31,134.113,0.0,0.5044641387551512,False
10674,BANK OF HYDRO,2024-06-30,136.695,0.0,0.7369926550548254,False
10674,BANK OF HYDRO,2024-09-30,136.837,0.0,0.5308435828271202,False
10677,JONESTOWN B&T JONESTOWN PA,2024-03-31,752.609,2.067,3.5998693489775127,False
10677,JONESTOWN B&T JONESTOWN PA,2024-06-30,750.542,0.0,4.767948761918753,False
10677,JONESTOWN B&T JONESTOWN PA,2024-09-30,767.838,0.0,3.635268549851067,False
10685,MIFFLINBURG BANK&TRUST CO,2024-03-31,467.219,0.0,2.3612973664630212,False
10685,MIFFLINBURG BANK&TRUST CO,2024-06-30,479.663,0.0,3.2379789999242767,False
10685,MIFFLINBURG BANK&TRUST CO,2024-09-30,496.655,7.025,2.384409146535756,False
10693,SIMPLYBANK,2024-03-31,637.408,18.117,3.8083893557768795,False
10704,FIRST STATE BANK,2024-03-31,31.671,2.277,0.6459924807922884,False
10704,FIRST STATE BANK,2024-06-30,29.394,0.0,0.7908261488924031,False
10704,AVANA BANK,2024-09-30,30.422,0.112,0.7140041178341904,False
10709,CROSSROADS BANK,2024-03-31,297.278,2.116,1.9030769610786848,False
10709,CROSSROADS BANK,2024-06-30,295.162,0.0,2.417812839857377,False
10709,CROSSROADS BANK,2024-09-30,308.889,0.0,1.9278423209654136,False
10719,PEOPLES STB OF HALLETTSVILLE,2024-03-31,348.185,17.883,4.31189989780204,False
10719,PEOPLES STB OF HALLETTSVILLE,2024-06-30,330.302,0.0,4.425363652540571,False
10719,PEOPLES STB OF HALLETTSVILLE,2024-09-30,347.852,0.0,3.6807723533181367,False
10741,INDEPENDENCE STATE BANK,2024-03-31,65.846,1.96,0.2915682551036738,False
10741,INDEPENDENCE STATE BANK,2024-06-30,63.886,0.0,0.33073994315021743,False
10741,INDEPENDENCE STATE BANK,2024-09-30,68.216,0.0,0.3692710862376393,False
10788,ILLINI STATE BANK,2024-03-31,126.417,3.004,0.6846192730513248,False
10788,ILLINI STATE BANK,2024-06-30,123.413,0.075,0.819297993470112,False
10788,ILLINI STATE BANK,2024-09-30,123.338,0.0,0.6029304012988741,False
10791,COMMUNITY BANK,2024-03-31,181.657,0.0,0.9409186451207834,False
10791,COMMUNITY BANK,2024-06-30,184.605,0.0,1.3808940068157294,False
10791,COMMUNITY BANK,2024-09-30,190.116,0.0,1.0517311423352353,False
10799,FIRST STB OF CAMPBELL HILL,2024-03-31,132.273,0.0,0.7700633014486414,False
10799,FIRST STB OF CAMPBELL HILL,2024-06-30,133.085,0.0,1.0395359132305664,False
10799,FIRST STB OF CAMPBELL HILL,2024-09-30,136.404,0.0,0.7678920203366271,False
10803,DEWEY BANK,2024-03-31,23.868,0.172,0.0,False
10803,DEWEY BANK,2024-06-30,23.696,0.0,0.0,False
10803,DEWEY BANK,2024-09-30,25.254,0.526,0.0,False
10804,DU QUOIN STATE BANK,2024-03-31,124.833,5.131,1.008220313033069,False
10804,DU QUOIN STATE BANK,2024-06-30,119.702,0.0,1.2808783390080876,False
10804,DU QUOIN STATE BANK,2024-09-30,124.203,1.907,0.9600583641855469,False
10809,FIRST STATE BANK OF VAN ORIN,2024-03-31,40.18,0.0,0.45973230290425027,False
10809,FIRST STATE BANK OF VAN ORIN,2024-06-30,40.209,0.0,0.6215849154803391,False
10809,FIRST STATE BANK OF VAN ORIN,2024-09-30,41.025,0.961,0.5680089891238291,False
10816,GRAND RIVERS COMMUNITY BANK,2024-03-31,22.027,3.204,0.005010270953543746,False
10816,GRAND RIVERS COMMUNITY BANK,2024-06-30,18.823,0.916,0.0,False
10816,GRAND RIVERS COMMUNITY BANK,2024-09-30,17.907,1.619,0.0,False
10820,STATE BANK OF INDUSTRY,2024-03-31,52.903,1.18,0.2843170679593227,False
10820,STATE BANK OF INDUSTRY,2024-06-30,51.723,0.0,0.3460344018913509,False
10820,STATE BANK OF INDUSTRY,2024-09-30,51.809,0.0,0.23924458935084664,False
10821,CLAY COUNTY STATE BANK,2024-03-31,95.645,2.885,0.8922823274044578,False
10821,CLAY COUNTY STATE BANK,2024-06-30,92.76,2.1,1.1528877247848768,False
10821,CLAY COUNTY STATE BANK,2024-09-30,90.66,0.0,0.8579403732996058,False
10829,PETEFISH SKILES&CO,2024-03-31,281.983,8.16,1.7147432410113788,False
10829,PETEFISH SKILES&CO,2024-06-30,273.823,6.206,2.101976537609615,False
10829,PETEFISH SKILES&CO,2024-09-30,267.617,0.0,1.3934644347477503,False
10831,FIRST T&SB OF WATSEKA IL,2024-03-31,259.809,0.0,1.8143527339724588,False
10831,FIRST T&SB OF WATSEKA IL,2024-06-30,269.341,0.0,2.4343810661261434,False
10831,FIRST T&SB OF WATSEKA IL,2024-09-30,278.095,1.918,1.8750739958306124,False
10840,CAMPUS STATE BANK,2024-03-31,23.846,0.206,0.0,False
10840,CAMPUS STATE BANK,2024-06-30,23.64,0.454,0.012810421206590343,False
10840,CAMPUS STATE BANK,2024-09-30,23.186,1.38,0.01936282215258276,False
10843,CITIZENS BANK OF CHATSWORTH,2024-03-31,33.096,0.0,0.0790829295147982,False
10843,CITIZENS BANK OF CHATSWORTH,2024-06-30,33.13,0.0,0.07766746987205327,False
10843,CITIZENS BANK OF CHATSWORTH,2024-09-30,35.12,0.0,0.20543031944815743,False
10844,BUENA VISTA NATIONAL BANK,2024-03-31,250.501,2.222,1.688431142575917,False
10844,BUENA VISTA NATIONAL BANK,2024-06-30,248.279,0.0,2.0265159225301503,False
10844,BUENA VISTA NATIONAL BANK,2024-09-30,255.233,0.0,1.5117457302238737,False
10845,CLAY CITY BANKING CO,2024-03-31,199.138,1.849,1.0657172062007394,False
10845,CLAY CITY BANKING CO,2024-06-30,197.289,1.583,1.4455968886020325,False
10845,CLAY CITY BANKING CO,2024-09-30,195.706,0.0,1.0273244609733232,False
10849,TOMPKINS STATE BANK,2024-03-31,265.023,7.15,1.5743854135499693,False
10849,TOMPKINS STATE BANK,2024-06-30,257.873,0.76,2.0265360756791915,False
10849,TOMPKINS STATE BANK,2024-09-30,257.113,0.0,1.5115088262967658,False
10853,WEST CENTRAL BANK,2024-03-31,191.512,0.497,0.9541581336904384,False
10853,WEST CENTRAL BANK,2024-06-30,191.015,0.0,1.283493806707621,False
10853,WEST CENTRAL BANK,2024-09-30,198.145,0.0,0.9605405158594117,False
10855,STATE BANK OF BEMENT,2024-03-31,148.174,0.0,0.9725538727741505,False
10855,STATE BANK OF BEMENT,2024-06-30,148.331,0.0,1.2621699294312532,False
10855,STATE BANK OF BEMENT,2024-09-30,149.728,2.384,0.8749449609256713,False
10858,ANDERSON STATE BANK,2024-03-31,90.801,0.0,0.677341054112395,False
10858,ANDERSON STATE BANK,2024-06-30,90.821,0.0,0.8929498606322529,False
10858,ANDERSON STATE BANK,2024-09-30,94.475,5.066,0.7150759717266894,False
10860,MURPHY-WALL STATE B&T CO,2024-03-31,163.234,1.35,1.0252390662097028,False
10860,MURPHY-WALL STATE B&T CO,2024-06-30,161.884,0.444,1.3367322821527226,False
10860,MURPHY-WALL STATE B&T CO,2024-09-30,161.44,0.0,0.985359586224258,False
10871,FIRST STB OF BEECHER CITY,2024-03-31,84.962,0.0,0.3184951635351201,False
10871,FIRST STB OF BEECHER CITY,2024-06-30,85.433,0.47,0.45748805597481657,False
10871,FIRST STB OF BEECHER CITY,2024-09-30,84.963,0.0,0.31901352629779545,False
10872,CHESTERFIELD STATE BANK,2024-03-31,21.663,0.0,0.0,False
10872,CHESTERFIELD STATE BANK,2024-06-30,21.795,0.069,0.0,False
10872,CHESTERFIELD STATE BANK,2024-09-30,21.726,0.221,0.010900953513003542,False
10878,WATERMAN BANK,2024-03-31,123.754,0.0,0.5838262519508155,False
10878,WATERMAN BANK,2024-06-30,125.694,0.0,0.7643583498798815,False
10878,WATERMAN BANK,2024-09-30,125.909,0.0,0.5772737055417779,False
10883,BANK OF BLUFFS,2024-03-31,50.291,0.911,0.14735727027704276,False
10883,BANK OF BLUFFS,2024-06-30,49.38,0.0,0.19090570920531116,False
10883,BANK OF BLUFFS,2024-09-30,51.123,0.0,0.21503408662108237,False
10886,LEGENCE BANK,2024-03-31,575.183,8.903,2.933476985577371,False
10886,LEGENCE BANK,2024-06-30,566.28,5.746,3.807287768206365,False
10886,LEGENCE BANK,2024-09-30,560.534,0.0,2.6530171117716317,False
10903,CENTRAL STATE BANK,2024-03-31,426.669,0.0,1.9016972829987353,False
10903,CENTRAL STATE BANK,2024-06-30,451.5,0.0,2.903534897714331,False
10903,CENTRAL STATE BANK,2024-09-30,460.549,4.935,2.1168520529986625,False
10906,BALDWIN STATE BANK,2024-03-31,90.901,0.0,0.627680020286147,False
10906,BALDWIN STATE BANK,2024-06-30,93.0,2.288,1.043970252290121,False
10906,BALDWIN STATE BANK,2024-09-30,90.712,4.241,0.7129231739578789,False
10907,GUARANTY STATE BANK&TRUST CO,2024-03-31,307.398,9.477,1.5775630468894384,False
10907,GUARANTY STATE BANK&TRUST CO,2024-06-30,297.921,0.0,2.061137987700768,False
10907,GUARANTY STATE BANK&TRUST CO,2024-09-30,301.693,0.0,1.4987828729435388,False
10918,GRANT COUNTY BANK,2024-03-31,253.319,1.358,1.7219011210213377,False
10918,GRANT COUNTY BANK,2024-06-30,251.961,4.763,2.1254471024183634,False
10918,GRANT COUNTY BANK,2024-09-30,247.198,0.0,1.4290652350598871,False
10919,STATE BANK OF BERN,2024-03-31,97.972,1.931,0.4972137098117815,False
10919,STATE BANK OF BERN,2024-06-30,96.041,0.973,0.6576540508748487,False
10919,STATE BANK OF BERN,2024-09-30,95.068,0.0,0.46574023908667744,False
10920,FIDELITY STATE BANK&TRUST CO,2024-03-31,154.788,0.0,2.766572195467912,False
10920,FIDELITY STATE BANK&TRUST CO,2024-06-30,157.414,13.78,3.7084405782670453,False
10920,FIDELITY STATE BANK&TRUST CO,2024-09-30,143.634,0.0,2.370478507921617,False
10928,MINERS STATE BANK,2024-03-31,121.025,4.98,0.5864675139350826,False
10928,MINERS STATE BANK,2024-06-30,116.045,0.0,0.7604981069781637,False
10928,MINERS STATE BANK,2024-09-30,127.74,6.249,0.6663466405091361,False
10956,NORTHVIEW BANK,2024-03-31,368.366,0.0,1.8259730862907562,False
10956,NORTHVIEW BANK,2024-06-30,370.488,0.0,2.4859279742081286,False
10956,NORTHVIEW BANK,2024-09-30,384.998,0.0,1.9671147704848513,False
10958,UNITED PRAIRIE BANK,2024-03-31,730.798,0.0,2.95035514296552,False
10958,UNITED PRAIRIE BANK,2024-06-30,759.077,0.0,4.278129864582662,False
10958,UNITED PRAIRIE BANK,2024-09-30,767.189,0.0,3.080634408782907,False
10960,JANESVILLE STATE BANK,2024-03-31,71.569,0.041,0.2955760746844114,False
10960,JANESVILLE STATE BANK,2024-06-30,71.528,2.551,0.42735931945605427,False
10960,JANESVILLE STATE BANK,2024-09-30,68.977,0.0,0.2639287929866528,False
10962,GRAND RAPIDS STATE BANK,2024-03-31,214.577,0.0,1.2292314895469598,False
10962,GRAND RAPIDS STATE BANK,2024-06-30,215.587,0.0,1.6879569553359792,False
10962,GRAND RAPIDS STATE BANK,2024-09-30,225.002,11.937,1.4636159676963285,False
10965,LAKE REGION BANK,2024-03-31,133.491,7.381,1.1268495270563454,False
10965,LAKE REGION BANK,2024-06-30,126.11,1.357,1.1856957275513624,False
10965,LAKE REGION BANK,2024-09-30,124.753,0.0,0.8750660489222546,False
10967,F&M COMMUNITY BANK NA,2024-03-31,175.269,0.0,0.8819900637266287,False
10967,F&M COMMUNITY BANK NA,2024-06-30,176.04,0.0,1.222815773920271,False
10967,F&M COMMUNITY BANK NA,2024-09-30,182.56,0.0,0.9534509977102505,False
10969,RANDALL STATE BANK,2024-03-31,53.771,0.918,0.14481377377861074,False
10969,RANDALL STATE BANK,2024-06-30,52.853,0.0,0.23312904870532242,False
10969,RANDALL STATE BANK,2024-09-30,53.063,0.787,0.18980619282842284,False
10971,PRIME SECURITY BANK,2024-03-31,113.878,0.0,0.47126475210667707,False
10971,PRIME SECURITY BANK,2024-06-30,115.721,2.032,0.704613743213057,False
10971,PRIME SECURITY BANK,2024-09-30,113.689,0.0,0.5308227949930185,False
10973,ALLIANCE BANK,2024-03-31,634.629,42.322,3.4114736074325633,False
10973,ALLIANCE BANK,2024-06-30,592.307,0.0,3.7810248411513077,False
10973,ALLIANCE BANK,2024-09-30,668.897,0.0,3.274809967501752,False
10976,CENTER NATIONAL BANK,2024-03-31,214.239,1.216,1.387965143486014,False
10976,CENTER NATIONAL BANK,2024-06-30,213.023,0.0,1.8462540946189043,False
10976,CENTER NATIONAL BANK,2024-09-30,219.271,4.222,1.4976548233446845,False
10980,ESB BANK,2024-03-31,140.352,0.0,0.7227101091042463,False
10980,ESB BANK,2024-06-30,144.253,0.0,0.9759047224269801,False
10980,ESB BANK,2024-09-30,148.249,0.0,0.7079786730431552,False
10982,SECURITY STATE BANK OF OKLEE,2024-03-31,37.005,0.455,0.48610067726708084,False
10982,SECURITY STATE BANK OF OKLEE,2024-06-30,36.55,0.0,0.5347701513654025,False
10982,SECURITY STATE BANK OF OKLEE,2024-09-30,36.695,0.0,0.4280323142589824,False
10984,SECURITY BANK MINNESOTA,2024-03-31,127.802,4.109,0.5180562968745045,False
10984,SECURITY BANK MINNESOTA,2024-06-30,123.693,2.293,0.7860016950419955,False
10984,SECURITY BANK MINNESOTA,2024-09-30,121.4,0.0,0.5935781489134142,False
10988,STEARNS BANK NATIONAL ASSN,2024-03-31,2328.866,0.0,8.987347077899342,False
10988,STEARNS BANK NATIONAL ASSN,2024-06-30,2377.776,0.0,12.967848566123662,False
10988,STEARNS BANK NATIONAL ASSN,2024-09-30,2501.432,0.0,9.126506534750398,False
10989,LAKE CENTRAL BANK,2024-03-31,191.983,0.0,1.1712441991581581,False
10989,LAKE CENTRAL BANK,2024-06-30,238.388,0.0,1.8692684921110676,False
10989,LAKE CENTRAL BANK,2024-09-30,243.042,0.0,1.3466386904299814,False
10991,FIRST STATE BANK OF BIGFORK,2024-03-31,91.364,2.719,0.4974714765671514,False
10991,FIRST STATE BANK OF BIGFORK,2024-06-30,88.645,0.0,0.5859366375041083,False
10991,FIRST STATE BANK OF BIGFORK,2024-09-30,90.166,0.0,0.4514088192546618,False
10993,BONANZA VALLEY STATE BANK,2024-03-31,63.738,2.277,0.25056379105049537,False
10993,BONANZA VALLEY STATE BANK,2024-06-30,61.461,3.026,0.29812886144375933,False
10993,BONANZA VALLEY STATE BANK,2024-09-30,58.435,2.464,0.18687936783511672,False
10998,FM BANK,2024-03-31,565.983,0.0,3.3890095519112315,False
10998,FM BANK,2024-06-30,574.654,7.622,4.298180046769435,False
10998,FM BANK,2024-09-30,567.032,0.0,3.1111924306354695,False
11002,ST CLAIR COUNTY STATE BANK,2024-03-31,176.713,1.025,1.2519182473858426,False
11002,ST CLAIR COUNTY STATE BANK,2024-06-30,175.688,0.172,1.5606772792525678,False
11002,ST CLAIR COUNTY STATE BANK,2024-09-30,175.516,0.0,0.9786774910773296,False
11003,LIMEBANK,2024-03-31,88.539,1.355,0.44064960175739243,False
11003,LIMEBANK,2024-06-30,87.184,0.0,0.5604168217616169,False
11003,LIMEBANK,2024-09-30,93.24,0.0,0.4135504102324047,False
11013,FIRST STATE BANK OF SHELBY,2024-03-31,117.806,0.0,0.9140046225120486,False
11013,FIRST STATE BANK OF SHELBY,2024-06-30,123.751,0.0,1.2820854700092545,False
11013,FIRST STATE BANK OF SHELBY,2024-09-30,123.846,0.0,0.9303793548130898,False
11035,PEAPACK-GLADSTONE BANK,2024-03-31,5499.497,0.0,16.5446833379256,True
11035,PEAPACK-GLADSTONE BANK,2024-06-30,5676.494,0.0,24.41225340448998,True
11035,PEAPACK-GLADSTONE BANK,2024-09-30,5955.459,0.0,18.829928127891492,True
11063,FIRST-CITIZENS BANK&TRUST CO,2024-03-31,149905.0,0.0,373.9083962573428,True
11063,FIRST-CITIZENS BANK&TRUST CO,2024-06-30,151387.0,0.0,472.4022687901634,True
11063,FIRST-CITIZENS BANK&TRUST CO,2024-09-30,151931.0,0.0,335.7239987147802,True
11112,SOMERSET TRUST CO,2024-03-31,1844.826,0.0,8.296982691413772,False
11112,SOMERSET TRUST CO,2024-06-30,1869.636,0.0,11.592768686191842,False
11112,SOMERSET TRUST CO,2024-09-30,1904.029,22.568,8.46870584485815,False
11113,HAMLIN BANK&TRUST CO,2024-03-31,319.416,0.0,1.4155104421650937,False
11113,HAMLIN BANK&TRUST CO,2024-06-30,322.01,0.0,1.9559084216717382,False
11113,HAMLIN BANK&TRUST CO,2024-09-30,327.643,0.0,1.3565364781820166,False
11124,S&T BANK,2024-03-31,7622.473,0.0,21.14625039824214,True
11124,S&T BANK,2024-06-30,7713.462,24.056,29.202917491275848,True
11124,S&T BANK,2024-09-30,7689.406,0.0,19.547471669994213,True
11133,FARMERS STATE BANK OF CANTON,2024-03-31,55.669,0.031,0.18648247871305645,False
11133,FARMERS STATE BANK OF CANTON,2024-06-30,55.638,0.583,0.25867058236066826,False
11133,FARMERS STATE BANK OF CANTON,2024-09-30,55.055,0.0,0.203071281832533,False
11159,TEXAS CHAMPION BANK,2024-03-31,305.53,0.0,1.7298632378167915,False
11159,TEXAS CHAMPION BANK,2024-06-30,324.802,0.0,2.5355766710500833,False
11159,TEXAS CHAMPION BANK,2024-09-30,328.054,0.0,1.7459359971348243,False
11175,FIRST STATE BANK,2024-03-31,70.095,0.0,0.3332523148366477,False
11175,FIRST STATE BANK,2024-06-30,71.279,2.21,0.4366437773057853,False
11175,FIRST STATE BANK,2024-09-30,69.069,0.0,0.2923916486961045,False
11178,TRANSPECOS BANKS SSB,2024-03-31,730.491,0.0,4.70132447358045,False
11178,TRANSPECOS BANKS SSB,2024-06-30,757.137,0.0,6.530315175797425,False
11178,TRANSPECOS BANKS SSB,2024-09-30,757.975,0.0,4.3395573695615255,False
11181,FIRST STB OF BROWNSBORO,2024-03-31,122.119,1.642,0.7392339852341474,False
11181,FIRST STB OF BROWNSBORO,2024-06-30,120.477,3.77,1.0420917830225855,False
11181,FIRST STB OF BROWNSBORO,2024-09-30,116.707,0.0,0.7331065534088244,False
11225,FIRST COMMUNITY BANK,2024-03-31,130.064,0.0,0.6453415003001834,False
11225,FIRST COMMUNITY BANK,2024-06-30,131.975,0.0,0.8968586395995407,False
11225,FIRST COMMUNITY BANK,2024-09-30,132.494,0.0,0.6813485187241172,False
11228,FIRST CITIZENS STATE BANK,2024-03-31,310.327,7.516,1.5789425074521795,False
11228,FIRST CITIZENS STATE BANK,2024-06-30,302.811,0.0,2.055095618212546,False
11228,FIRST CITIZENS STATE BANK,2024-09-30,322.887,0.0,1.5150598457186701,False
11232,BANK OF MILTON,2024-03-31,170.677,0.0,0.9430553243124401,False
11232,BANK OF MILTON,2024-06-30,175.83,2.317,1.3613766410470627,False
11232,BANK OF MILTON,2024-09-30,173.513,0.0,0.9115864840986123,False
11235,BONDUEL STATE BANK,2024-03-31,93.537,0.0,0.466018241547396,False
11235,BONDUEL STATE BANK,2024-06-30,100.071,1.897,0.7843358023919511,False
11235,BONDUEL STATE BANK,2024-09-30,98.174,0.0,0.4744188684449872,False
11236,HORICON BANK,2024-03-31,1298.339,0.0,4.993204747049592,False
11236,HORICON BANK,2024-06-30,1333.49,0.0,7.109252304390169,False
11236,HORICON BANK,2024-09-30,1382.883,14.221,5.592514263115146,False
11241,CENTENNIAL BANK,2024-03-31,17357.506,0.0,49.26785889541307,True
11241,CENTENNIAL BANK,2024-06-30,17460.094,243.586,65.48325221588505,True
11241,CENTENNIAL BANK,2024-09-30,17216.508,0.0,43.87958048566888,True
11242,MCGEHEE BANK,2024-03-31,135.151,8.462,0.6630397251628117,False
11242,MCGEHEE BANK,2024-06-30,126.689,8.782,0.7890315768514325,False
11242,MCGEHEE BANK,2024-09-30,117.907,0.0,0.5201610139794115,False
11243,BANK OF SALEM,2024-03-31,162.158,0.0,1.0859795318493821,False
11243,BANK OF SALEM,2024-06-30,164.086,0.0,1.4293705263091052,False
11243,BANK OF SALEM,2024-09-30,217.781,1.346,1.1797688542139249,False
11252,FIRST NB OF IZARD COUNTY,2024-03-31,144.693,0.0,0.8310862826760889,False
11252,FIRST NB OF IZARD COUNTY,2024-06-30,145.13,0.0,1.1413466431603323,False
11252,FIRST NB OF IZARD COUNTY,2024-09-30,151.42,1.313,0.814328377714947,False
11259,GUNNISON BANK&TRUST CO,2024-03-31,188.359,0.0,1.0408281361243714,False
11259,GUNNISON BANK&TRUST CO,2024-06-30,189.721,0.0,1.3758845618900668,False
11259,GUNNISON BANK&TRUST CO,2024-09-30,198.756,3.133,1.0420569615976047,False
11261,MCCLAVE STATE BANK,2024-03-31,56.36,0.0,0.1462721653777008,False
11261,MCCLAVE STATE BANK,2024-06-30,59.111,0.0,0.19679756459633813,False
11261,MCCLAVE STATE BANK,2024-09-30,62.428,0.0,0.19322784473487944,False
11295,CITIZENS BANK OF SWAINSBORO,2024-03-31,299.668,0.0,1.9068642005411123,False
11295,CITIZENS BANK OF SWAINSBORO,2024-06-30,303.298,0.0,2.4456602847537354,False
11295,CITIZENS BANK OF SWAINSBORO,2024-09-30,315.152,0.0,1.94616868134746,False
11299,FARMERS STB OF ALTO PASS ILL,2024-03-31,316.07,0.517,1.4599591966652232,False
11299,FARMERS STB OF ALTO PASS ILL,2024-06-30,315.553,0.0,1.9343691713140259,False
11299,FARMERS STB OF ALTO PASS ILL,2024-09-30,327.323,6.862,1.533108776683877,False
11300,OAKDALE STATE BANK,2024-03-31,21.696,0.0,0.0,False
11300,OAKDALE STATE BANK,2024-06-30,22.648,1.454,0.03147107802826935,False
11300,OAKDALE STATE BANK,2024-09-30,21.194,0.139,0.031243442558218974,False
11302,FIRST STATE BANK OF ST PETER,2024-03-31,25.677,0.595,0.0,False
11302,FIRST STATE BANK OF ST PETER,2024-06-30,25.082,0.788,0.002361714718024926,False
11302,FIRST STATE BANK OF ST PETER,2024-09-30,24.294,0.784,0.01219964442115313,False
11306,FNBC BANK&TRUST,2024-03-31,536.795,27.637,3.4575228468153005,False
11306,FNBC BANK&TRUST,2024-06-30,509.158,0.0,3.834965826523467,False
11306,FNBC BANK&TRUST,2024-09-30,516.74,0.0,3.0673479061318547,False
11307,FARMERS STATE BANK,2024-03-31,276.472,6.881,1.2991424962660245,False
11307,FARMERS STATE BANK,2024-06-30,269.591,0.039,1.8809904589487572,False
11307,FARMERS STATE BANK,2024-09-30,269.552,0.0,1.178073517102989,False
11310,BANK OF HERRIN,2024-03-31,313.851,0.0,2.1056320119488463,False
11310,BANK OF HERRIN,2024-06-30,314.972,9.266,2.7634282219074717,False
11310,BANK OF HERRIN,2024-09-30,305.706,0.0,1.7997672565506293,False
11317,IUKA STATE BANK,2024-03-31,111.374,7.235,0.4594750544066802,False
11317,IUKA STATE BANK,2024-06-30,104.139,0.223,0.5632251251953874,False
11317,IUKA STATE BANK,2024-09-30,103.916,6.36,0.43089428957501674,False
11319,LONGVIEW COMMUNITY BANK,2024-03-31,79.846,0.0,0.5810494538258353,False
11319,LONGVIEW COMMUNITY BANK,2024-06-30,83.598,0.0,0.7716501284985909,False
11319,LONGVIEW COMMUNITY BANK,2024-09-30,89.142,4.514,0.562554979821551,False
11324,FARMERS&MERCHANTS STB BUSHNE,2024-03-31,83.477,5.807,0.5970501652106667,False
11324,FARMERS&MERCHANTS STB BUSHNE,2024-06-30,77.67,0.0,0.6328408491446957,False
11324,FARMERS&MERCHANTS STB BUSHNE,2024-09-30,80.675,0.0,0.5753756521460486,False
11343,ASHTON STATE BANK,2024-03-31,43.888,0.0,0.07545242874803934,False
11343,ASHTON STATE BANK,2024-06-30,44.038,1.573,0.12978473858602682,False
11343,ASHTON STATE BANK,2024-09-30,42.465,0.0,0.09973448958773168,False
11347,GRINNELL STATE BANK,2024-03-31,359.213,11.057,1.78329100447663,False
11347,GRINNELL STATE BANK,2024-06-30,348.156,3.818,2.2977263979362523,False
11347,GRINNELL STATE BANK,2024-09-30,344.338,10.43,1.6028592879675012,False
11352,SANBORN SAVINGS BANK,2024-03-31,66.527,2.869,0.3037949368396241,False
11352,SANBORN SAVINGS BANK,2024-06-30,63.658,0.0,0.3893843044508646,False
11352,SANBORN SAVINGS BANK,2024-09-30,65.959,0.0,0.30043469290646324,False
11355,BEDFORD LOAN&DEPOSIT BANK,2024-03-31,93.889,0.0,0.4480331186492322,False
11355,BEDFORD LOAN&DEPOSIT BANK,2024-06-30,94.585,0.0,0.62455747324061,False
11355,BEDFORD LOAN&DEPOSIT BANK,2024-09-30,94.952,2.717,0.4361639040198706,False
11358,CUMBERLAND SECURITY BANK INC,2024-03-31,295.513,0.0,1.4090218756889494,False
11358,CUMBERLAND SECURITY BANK INC,2024-06-30,306.738,0.0,2.0958242615617304,False
11358,CUMBERLAND SECURITY BANK INC,2024-09-30,315.978,0.0,1.5569292714784413,False
11406,STATE BANK,2024-03-31,1438.943,11.515,6.149412489163551,False
11406,STATE BANK,2024-06-30,1427.428,0.0,8.162109969107746,False
11406,STATE BANK,2024-09-30,1470.704,0.953,6.477217326885303,False
11407,HIGHPOINT COMMUNITY BANK,2024-03-31,545.71,53.587,5.914040696419058,False
11407,HIGHPOINT COMMUNITY BANK,2024-06-30,492.123,0.0,5.7940034409909975,False
11407,HIGHPOINT COMMUNITY BANK,2024-09-30,586.935,11.024,6.896506237361713,False
11409,VALLEY PREMIER BANK,2024-03-31,118.424,0.0,0.6915880846641004,False
11409,VALLEY PREMIER BANK,2024-06-30,119.258,0.0,0.905924842983187,False
11409,VALLEY PREMIER BANK,2024-09-30,120.308,1.337,0.6581855044088836,False
11411,RUSHFORD STATE BANK INC,2024-03-31,91.627,2.242,0.7115451864529737,False
11411,RUSHFORD STATE BANK INC,2024-06-30,89.385,0.0,0.9324637060438491,False
11411,RUSHFORD STATE BANK INC,2024-09-30,92.676,0.0,0.7307670085001958,False
11415,HARVEST BANK,2024-03-31,210.45,0.532,1.292171794607784,False
11415,HARVEST BANK,2024-06-30,209.918,0.0,1.72347507761539,False
11415,HARVEST BANK,2024-09-30,211.083,0.0,1.2832711502654408,False
11417,WELCOME STATE BANK,2024-03-31,36.146,2.232,0.121374256030878,False
11417,WELCOME STATE BANK,2024-06-30,33.914,0.0,0.14087211802152708,False
11417,WELCOME STATE BANK,2024-09-30,35.32,0.0,0.16020584548256528,False
11431,BANK OF YAZOO CITY,2024-03-31,285.92,18.687,2.3111205685594802,False
11431,BANK OF YAZOO CITY,2024-06-30,267.233,0.0,2.184996572823705,False
11431,BANK OF YAZOO CITY,2024-09-30,274.532,0.0,1.5883788615572236,False
11445,JEFFERSON BANK,2024-03-31,137.519,0.0,0.6864844767331277,False
11445,JEFFERSON BANK,2024-06-30,144.314,5.997,0.9607265767179868,False
11445,JEFFERSON BANK,2024-09-30,138.317,0.0,0.7543591617467575,False
11446,UNITY BANK OF MISSISSIPPI,2024-03-31,254.666,14.105,1.8538502173427425,False
11446,UNITY BANK OF MISSISSIPPI,2024-06-30,240.561,8.927,1.9832446690009582,False
11446,UNITY BANK OF MISSISSIPPI,2024-09-30,231.634,0.831,1.4217873109456047,False
11448,CENTURY BANK,2024-03-31,453.186,0.0,2.270657733690036,False
11448,CENTURY BANK,2024-06-30,472.937,0.0,3.2884773174961217,False
11448,CENTURY BANK,2024-09-30,478.626,0.0,2.413545656525765,False
11459,MID AMERICA BANK,2024-03-31,840.466,70.799,4.798913594802838,False
11459,MID AMERICA BANK,2024-06-30,769.667,0.0,4.738808172697134,False
11459,MID AMERICA BANK,2024-09-30,789.582,0.0,3.475704753597227,False
11462,INDEPENDENT FARMERS BANK,2024-03-31,142.74,5.777,0.8629414029140118,False
11462,INDEPENDENT FARMERS BANK,2024-06-30,136.963,7.887,1.0918024805089293,False
11462,INDEPENDENT FARMERS BANK,2024-09-30,129.076,0.0,0.7279927409464108,False
11463,CITIZENS-FARMERS BK COLE CAM,2024-03-31,153.291,0.0,0.7510735788301457,False
11463,CITIZENS-FARMERS BK COLE CAM,2024-06-30,156.703,0.0,1.0364744617540744,False
11463,CITIZENS-FARMERS BK COLE CAM,2024-09-30,157.519,0.0,0.8142575286603251,False
11465,TRI-COUNTY TRUST CO,2024-03-31,50.475,1.349,0.12173586573330898,False
11465,TRI-COUNTY TRUST CO,2024-06-30,49.126,0.786,0.17135657204836316,False
11465,TRI-COUNTY TRUST CO,2024-09-30,48.34,0.216,0.13114862113938439,False
11466,HOMEPRIDE BANK,2024-03-31,102.462,0.0,0.5552208613886345,False
11466,HOMEPRIDE BANK,2024-06-30,103.542,1.908,0.7313942290490039,False
11466,HOMEPRIDE BANK,2024-09-30,101.634,0.368,0.4839553924242442,False
11475,THAYER COUNTY BANK,2024-03-31,60.801,0.063,0.20651587167680582,False
11475,THAYER COUNTY BANK,2024-06-30,60.738,0.0,0.3052492755342646,False
11475,THAYER COUNTY BANK,2024-09-30,60.86,0.0,0.23499487642336872,False
11477,AUBURN STATE BANK,2024-03-31,223.148,0.944,1.5385381268775935,False
11477,AUBURN STATE BANK,2024-06-30,222.204,0.0,2.062379535335342,False
11477,AUBURN STATE BANK,2024-09-30,224.135,0.0,1.5666398912451884,False
11482,HOMESTEAD BANK,2024-03-31,373.363,0.0,1.8249018152131307,False
11482,HOMESTEAD BANK,2024-06-30,377.781,0.0,2.4685110388301807,False
11482,HOMESTEAD BANK,2024-09-30,390.568,0.0,1.8409853051830143,False
11491,CITIZENS BANK OF CLOVIS,2024-03-31,436.033,0.0,2.892070039674262,False
11491,CITIZENS BANK OF CLOVIS,2024-06-30,437.704,1.888,3.460154847886784,False
11491,CITIZENS BANK OF CLOVIS,2024-09-30,435.816,0.0,2.3738783233298095,False
11492,INBANK,2024-03-31,1130.303,9.098,5.18161098576717,False
11492,INBANK,2024-06-30,1121.205,0.0,6.78493346113413,False
11492,INBANK,2024-09-30,1163.586,32.176,5.074594407066433,False
11501,FIRST NB OF SCOTIA,2024-03-31,590.76,0.0,3.148772079354726,False
11501,FIRST NB OF SCOTIA,2024-06-30,600.536,0.0,4.3630477696370535,False
11501,FIRST NB OF SCOTIA,2024-09-30,607.57,12.784,3.306552796716547,False
11507,FIDELITY BANK,2024-03-31,3515.013,0.0,14.023268997575707,True
11507,FIDELITY BANK,2024-06-30,3568.211,0.0,19.383366443462965,True
11507,FIDELITY BANK,2024-09-30,3670.073,17.365,14.56195997292173,True
11519,SECURITY FIRST BANK OF ND,2024-03-31,211.226,3.627,0.9261454469839699,False
11519,SECURITY FIRST BANK OF ND,2024-06-30,207.599,0.0,1.195776703742785,False
11519,SECURITY FIRST BANK OF ND,2024-09-30,214.838,0.0,0.8670850505861597,False
11521,CHICKASAW COMMUNITY BANK,2024-03-31,420.805,37.357,2.0612772756570057,False
11521,CHICKASAW COMMUNITY BANK,2024-06-30,383.448,4.906,2.470911543684217,False
11521,CHICKASAW COMMUNITY BANK,2024-09-30,378.542,0.0,1.9333131850958178,False
11522,LIBERTY NATIONAL BANK,2024-03-31,1110.623,0.0,5.9876784578789515,False
11522,LIBERTY NATIONAL BANK,2024-06-30,1139.979,32.181,7.516635280350412,False
11522,LIBERTY NATIONAL BANK,2024-09-30,1107.798,0.0,5.0181849471414885,False
11526,COWBOY BANK,2024-03-31,308.509,0.0,1.7015544037077681,False
11526,COWBOY BANK,2024-06-30,312.491,0.0,2.544474267928834,False
11526,COWBOY BANK,2024-09-30,320.113,6.694,2.066847676608822,False
11527,FIRST STB OF POND CREEK OK,2024-03-31,48.39,1.077,0.15260055708574247,False
11527,FIRST STB OF POND CREEK OK,2024-06-30,47.313,0.0,0.20740517837135403,False
11527,FIRST STB OF POND CREEK OK,2024-09-30,47.598,2.274,0.15424565867651674,False
11539,ENTERPRISE BANK OF SC,2024-03-31,442.854,0.0,2.951272334168716,False
11539,ENTERPRISE BANK OF SC,2024-06-30,445.679,3.004,4.042352986594221,False
11539,ENTERPRISE BANK OF SC,2024-09-30,442.675,0.0,3.0587294925666044,False
11557,FIRST STATE BANK OF BURNET,2024-03-31,284.536,12.253,2.2373095237194147,False
11557,FIRST STATE BANK OF BURNET,2024-06-30,272.283,7.099,2.5607441814103384,False
11557,FIRST STATE BANK OF BURNET,2024-09-30,265.184,0.0,1.703218798181104,False
11559,FIRST STATE BANK&TRUST CO,2024-03-31,505.433,38.981,3.8393163108910886,False
11559,FIRST STATE BANK&TRUST CO,2024-06-30,466.452,13.584,4.260784601188744,False
11559,FIRST STATE BANK&TRUST CO,2024-09-30,452.868,0.0,3.0554339258355014,False
11569,ALLIANCE BANK,2024-03-31,1203.583,12.006,6.238339504843328,False
11569,ALLIANCE BANK,2024-06-30,1191.577,0.0,8.264243844653421,False
11569,ALLIANCE BANK,2024-09-30,1201.195,21.64,6.085835434276572,False
11570,GLOBAL ONE BANK,2024-03-31,108.395,0.0,0.4316984628523219,False
11570,GLOBAL ONE BANK,2024-06-30,122.41,0.0,0.8366403923048946,False
11570,GLOBAL ONE BANK,2024-09-30,155.692,0.0,0.9290535107704819,False
11578,BURKE&HERBERT BANK&TRUST CO,2024-03-31,2991.808,0.0,12.782194460489285,True
11578,BURKE&HERBERT BANK&TRUST CO,2024-06-30,6663.55,49.064,27.09004086857829,True
11578,BURKE&HERBERT BANK&TRUST CO,2024-09-30,6614.486,91.471,20.604459672045085,True
11580,BANK OF SOUTHSIDE VIRGINIA,2024-03-31,521.743,0.0,2.846901924854874,False
11580,BANK OF SOUTHSIDE VIRGINIA,2024-06-30,534.639,39.885,3.8024857970218524,False
11580,BANK OF SOUTHSIDE VIRGINIA,2024-09-30,494.754,0.0,2.4871224941926164,False
11582,LEE BANK&TRUST CO,2024-03-31,219.542,1.102,1.5123325274080612,False
11582,LEE BANK&TRUST CO,2024-06-30,218.44,0.893,1.932251716761574,False
11582,LEE BANK&TRUST CO,2024-09-30,217.547,0.0,1.418379500640947,False
11595,COMMUNITY FIRST BANK,2024-03-31,504.894,2.521,2.6947040709392116,False
11595,COMMUNITY FIRST BANK,2024-06-30,502.373,4.466,3.520937868897365,False
11595,COMMUNITY FIRST BANK,2024-09-30,497.907,0.0,2.46935318693685,False
11601,LAONA STATE BANK,2024-03-31,244.487,0.0,1.5461851208968682,False
11601,LAONA STATE BANK,2024-06-30,246.148,0.0,2.0497762603782745,False
11601,LAONA STATE BANK,2024-09-30,258.528,6.742,1.7288376456636805,False
11608,BLC COMMUNITY BANK,2024-03-31,338.164,4.018,1.5458575132235393,False
11608,BLC COMMUNITY BANK,2024-06-30,334.146,0.0,2.0306073114453063,False
11608,BLC COMMUNITY BANK,2024-09-30,352.034,0.0,1.663155641594104,False
11623,GREENWOODS STATE BANK,2024-03-31,504.392,3.461,2.7542615294096184,False
11623,GREENWOODS STATE BANK,2024-06-30,500.931,0.0,3.695200210507883,False
11623,GREENWOODS STATE BANK,2024-09-30,558.308,2.497,3.805635658497193,False
11666,D L EVANS BANK,2024-03-31,2618.809,0.0,13.917049461879932,True
11666,D L EVANS BANK,2024-06-30,2653.905,0.0,17.536914754343396,True
11666,D L EVANS BANK,2024-09-30,2756.534,0.0,13.139425310780465,True
11667,VERMILION VALLEY BANK,2024-03-31,139.143,0.0,0.7046708896458601,False
11667,VERMILION VALLEY BANK,2024-06-30,139.187,2.113,0.9710293970461193,False
11667,VERMILION VALLEY BANK,2024-09-30,137.074,0.0,0.6588619468139842,False
11669,FIRST STATE BANK OF FORREST,2024-03-31,250.084,1.392,1.122631597273955,False
11669,FIRST STATE BANK OF FORREST,2024-06-30,248.692,0.0,1.5981699137094754,False
11669,FIRST STATE BANK OF FORREST,2024-09-30,249.75,0.0,1.1127397480377172,False
11670,CENTRAL BANK ILLINOIS,2024-03-31,962.92,0.0,4.620494604627538,False
11670,CENTRAL BANK ILLINOIS,2024-06-30,1058.134,27.653,7.326707883982041,False
11670,CENTRAL BANK ILLINOIS,2024-09-30,1030.481,0.0,4.707844449339051,False
11671,STATE BANK OF HERSCHER,2024-03-31,142.875,3.893,0.9940125669034869,False
11671,STATE BANK OF HERSCHER,2024-06-30,138.982,0.0,1.1466225208550007,False
11671,STATE BANK OF HERSCHER,2024-09-30,142.84,2.392,0.9548457273551174,False
11674,WARREN-BOYNTON STATE BANK,2024-03-31,222.545,6.343,1.0399149797255798,False
11674,WARREN-BOYNTON STATE BANK,2024-06-30,216.202,0.828,1.3593758731859507,False
11674,WARREN-BOYNTON STATE BANK,2024-09-30,215.374,0.0,0.9527266083620661,False
11680,FARMERS STB OF WESTERN IL,2024-03-31,141.492,2.509,1.058971663633534,False
11680,FARMERS STB OF WESTERN IL,2024-06-30,138.983,0.0,1.307283090419069,False
11680,FARMERS STB OF WESTERN IL,2024-09-30,143.835,0.0,1.15388204528564,False
11681,ANCHOR STATE BANK,2024-03-31,40.635,0.0,0.09647504652322203,False
11681,ANCHOR STATE BANK,2024-06-30,45.496,0.0,0.25040093965413535,False
11681,ANCHOR STATE BANK,2024-09-30,49.209,0.0,0.31398643220421085,False
11682,ANNA STATE BANK,2024-03-31,91.241,1.975,0.5898321335050778,False
11682,ANNA STATE BANK,2024-06-30,89.266,0.0,0.7566811783154318,False
11682,ANNA STATE BANK,2024-09-30,90.67,0.0,0.5573204006396902,False
11686,STATE BANK OF CHERRY,2024-03-31,104.572,0.128,0.45152741329300145,False
11686,STATE BANK OF CHERRY,2024-06-30,104.444,2.54,0.6449224755026902,False
11686,STATE BANK OF CHERRY,2024-09-30,101.904,0.0,0.4467068524169077,False
11699,GOODFIELD STATE BANK,2024-03-31,186.167,3.233,0.904829481363247,False
11699,GOODFIELD STATE BANK,2024-06-30,182.934,0.0,1.098619275292084,False
11699,GOODFIELD STATE BANK,2024-09-30,192.987,0.0,0.8787133730823612,False
11702,SHELBY COUNTY STATE BANK,2024-03-31,317.98,4.794,1.62579267144531,False
11702,SHELBY COUNTY STATE BANK,2024-06-30,313.186,0.0,2.137500476300658,False
11702,SHELBY COUNTY STATE BANK,2024-09-30,320.351,3.826,1.5606492182647735,False
11706,1ST COMMUNITY BANK,2024-03-31,62.035,3.255,0.510260038469745,False
11706,1ST COMMUNITY BANK,2024-06-30,58.78,1.376,0.5289439169891553,False
11706,1ST COMMUNITY BANK,2024-09-30,57.404,0.0,0.4027110204729923,False
11708,TEUTOPOLIS STATE BANK,2024-03-31,285.077,0.0,1.8396613784250808,False
11708,TEUTOPOLIS STATE BANK,2024-06-30,294.299,0.0,2.67055750752177,False
11708,TEUTOPOLIS STATE BANK,2024-09-30,298.596,0.0,1.9338069780125866,False
11711,BANK OF RANTOUL,2024-03-31,200.651,3.117,1.7201336216878873,False
11711,BANK OF RANTOUL,2024-06-30,197.534,0.0,1.8414701634244677,False
11711,BANK OF RANTOUL,2024-09-30,205.66,0.0,1.4907445754535618,False
11715,BANK OF YATES CITY,2024-03-31,75.214,1.164,0.2492275133382768,False
11715,BANK OF YATES CITY,2024-06-30,74.05,0.0,0.3485131733472766,False
11715,BANK OF YATES CITY,2024-09-30,77.143,0.0,0.2886654118974927,False
11716,HARTSBURG STATE BANK,2024-03-31,15.211,0.0,0.0,False
11716,HARTSBURG STATE BANK,2024-06-30,15.336,0.0,0.0,False
11716,HARTSBURG STATE BANK,2024-09-30,16.627,0.0,0.0,False
11719,LIBERTY BANK,2024-03-31,109.874,3.381,0.4835770934949929,False
11719,LIBERTY BANK,2024-06-30,106.493,0.0,0.6266211370511895,False
11719,LIBERTY BANK,2024-09-30,115.12,0.703,0.6305534184294485,False
11722,PEOPLES STB OF NEWTON IL,2024-03-31,570.301,0.0,3.1157267018165813,False
11722,PEOPLES STB OF NEWTON IL,2024-06-30,574.769,0.0,3.9561568983071727,False
11722,PEOPLES STB OF NEWTON IL,2024-09-30,578.592,0.0,2.8068310575843776,False
11729,CIBM BANK,2024-03-31,780.726,3.317,3.1408160474295084,False
11729,CIBM BANK,2024-06-30,777.409,22.106,4.3058927738087736,False
11729,CIBM BANK,2024-09-30,755.303,61.25,2.92118671419285,False
11731,FAIRVIEW STATE BANKING CO,2024-03-31,33.765,2.007,0.07436624761156117,False
11731,FAIRVIEW STATE BANKING CO,2024-06-30,31.758,0.0,0.07233210308657606,False
11731,FAIRVIEW STATE BANKING CO,2024-09-30,31.935,0.0,0.08673812039547926,False
11732,BANK OF FARMINGTON,2024-03-31,191.791,0.0,1.0115104077436685,False
11732,BANK OF FARMINGTON,2024-06-30,202.498,0.0,1.610375939302054,False
11732,BANK OF FARMINGTON,2024-09-30,203.05,0.0,1.1517650767149388,False
11734,FLANAGAN STATE BANK,2024-03-31,260.327,3.965,1.6006268598345434,False
11734,FLANAGAN STATE BANK,2024-06-30,256.362,3.354,2.1381588443143733,False
11734,FLANAGAN STATE BANK,2024-09-30,253.008,0.0,1.478464642481792,False
11739,BANKORION,2024-03-31,542.726,0.0,3.2633066749804267,False
11739,BANKORION,2024-06-30,544.099,2.389,4.236586407305379,False
11739,BANKORION,2024-09-30,541.71,0.0,2.876277052774762,False
11741,SOLUTIONS BANK,2024-03-31,390.707,0.0,2.6839462574008395,False
11741,SOLUTIONS BANK,2024-06-30,394.857,0.0,3.3625678354281217,False
11741,SOLUTIONS BANK,2024-09-30,400.983,18.129,2.4823898813851244,False
11746,IROQUOIS FARMERS STATE BANK,2024-03-31,144.672,0.0,0.8489670698153006,False
11746,IROQUOIS FARMERS STATE BANK,2024-06-30,145.173,4.742,1.1092821212900785,False
11746,IROQUOIS FARMERS STATE BANK,2024-09-30,140.431,0.0,0.7339192654039267,False
11747,FARMERS STATE BANK&TRUST CO,2024-03-31,197.196,7.781,1.1755186683339536,False
11747,FARMERS STATE BANK&TRUST CO,2024-06-30,189.415,0.0,1.4774697385456992,False
11747,FARMERS STATE BANK&TRUST CO,2024-09-30,189.499,0.0,1.112715309196742,False
11750,BANK OF KAMPSVILLE,2024-03-31,103.354,2.376,0.6534875609047389,False
11750,BANK OF KAMPSVILLE,2024-06-30,100.978,2.745,0.8456219384836596,False
11750,BANK OF KAMPSVILLE,2024-09-30,98.233,0.0,0.5871565472730326,False
11759,CITIZENS STATE BANK,2024-03-31,97.01,1.93,0.448118911867493,False
11759,CITIZENS STATE BANK,2024-06-30,95.08,0.0,0.6208050553127891,False
11759,CITIZENS STATE BANK,2024-09-30,97.581,0.0,0.5145233198352972,False
11763,VISIONBANK OF IOWA,2024-03-31,683.655,0.0,3.121871199365517,False
11763,VISIONBANK OF IOWA,2024-06-30,701.572,0.0,4.112718846607886,False
11763,VISIONBANK OF IOWA,2024-09-30,737.384,0.0,3.2721140574625225,False
11764,SIBLEY STATE BANK,2024-03-31,92.688,1.144,0.4761146010371152,False
11764,SIBLEY STATE BANK,2024-06-30,91.544,0.0,0.7095574434443153,False
11764,SIBLEY STATE BANK,2024-09-30,93.033,4.207,0.5127772333934582,False
11767,FREEDOMBANK,2024-03-31,388.784,23.382,1.9239644149587152,False
11767,FREEDOMBANK,2024-06-30,365.402,0.0,2.3939840641035093,False
11767,FREEDOMBANK,2024-09-30,365.81,0.0,1.691960743542209,False
11771,AVAILA BANK,2024-03-31,1333.628,0.438,6.250802661496785,False
11771,AVAILA BANK,2024-06-30,1333.19,0.0,8.691141954859754,False
11771,AVAILA BANK,2024-09-30,1351.638,0.0,6.333506257235572,False
11777,COMMERCIAL BANK,2024-03-31,323.482,0.0,2.1837205142851355,False
11777,COMMERCIAL BANK,2024-06-30,326.755,13.043,2.895144276358852,False
11777,COMMERCIAL BANK,2024-09-30,313.712,0.0,1.94291965008968,False
11778,CITIZENS ST B&T ELLSWORTH KS,2024-03-31,189.145,0.0,1.2750560550665322,False
11778,CITIZENS ST B&T ELLSWORTH KS,2024-06-30,191.348,5.266,1.6324809594827423,False
11778,CITIZENS ST B&T ELLSWORTH KS,2024-09-30,186.082,0.0,1.0827778274975557,False
11782,BANK OF ABBEVILLE&TRUST CO,2024-03-31,176.241,0.748,1.144422536696813,False
11782,BANK OF ABBEVILLE&TRUST CO,2024-06-30,175.493,0.0,1.4843166401009276,False
11782,BANK OF ABBEVILLE&TRUST CO,2024-09-30,181.819,0.17,1.1155415066707213,False
11785,CALDWELL BANK&TRUST CO,2024-03-31,215.082,0.0,1.1870854602703547,False
11785,CALDWELL BANK&TRUST CO,2024-06-30,251.356,0.0,1.9813097474051171,False
11785,CALDWELL BANK&TRUST CO,2024-09-30,264.427,16.092,1.5735762788885879,False
11788,BANK OF SUNSET&TRUST CO,2024-03-31,168.552,4.479,0.8152936221349847,False
11788,BANK OF SUNSET&TRUST CO,2024-06-30,164.073,2.2,1.0362388969143224,False
11788,BANK OF SUNSET&TRUST CO,2024-09-30,161.873,0.0,0.713893029403454,False
11792,FRANKLIN STATE BANK&TRUST CO,2024-03-31,189.169,6.269,1.8551151361471527,False
11792,FRANKLIN STATE BANK&TRUST CO,2024-06-30,182.9,0.0,1.8989123601011222,False
11792,FRANKLIN STATE BANK&TRUST CO,2024-09-30,183.102,0.0,1.6453079610821888,False
11807,UNITED BANK OF MICHIGAN,2024-03-31,835.172,6.008,4.207522851602116,False
11807,UNITED BANK OF MICHIGAN,2024-06-30,829.164,5.235,5.367893600156912,False
11807,UNITED BANK OF MICHIGAN,2024-09-30,823.929,2.23,3.523046094062209,False
11810,HURON COMMUNITY BANK,2024-03-31,278.058,4.394,2.4805118053880864,False
11810,HURON COMMUNITY BANK,2024-06-30,273.664,0.0,3.033307239500084,False
11810,HURON COMMUNITY BANK,2024-09-30,303.197,21.565,2.646536495091228,False
11813,CADENCE BANK,2024-03-31,38120.226,261.567,98.97479283031774,True
11813,CADENCE BANK,2024-06-30,37858.659,0.0,127.65236175306043,True
11813,CADENCE BANK,2024-09-30,38844.36,0.0,96.10311404169188,True
11817,RICHTON BANK&TRUST CO,2024-03-31,44.062,0.617,0.20406087722269303,False
11817,RICHTON BANK&TRUST CO,2024-06-30,43.445,0.0,0.28956384257957496,False
11817,RICHTON BANK&TRUST CO,2024-09-30,43.488,0.0,0.2656275738044435,False
11821,LITTLE HORN STATE BANK,2024-03-31,202.59,0.0,0.8323181136914487,False
11821,LITTLE HORN STATE BANK,2024-06-30,228.402,0.0,1.321527439738764,False
11821,LITTLE HORN STATE BANK,2024-09-30,244.652,0.0,0.9691163782347765,False
11823,MANHATTAN BANK,2024-03-31,225.042,0.0,1.2635027379005948,False
11823,MANHATTAN BANK,2024-06-30,227.335,5.038,1.875654175068773,False
11823,MANHATTAN BANK,2024-09-30,222.297,0.0,1.264630999426477,False
11860,KILLBUCK SAVINGS BANK CO,2024-03-31,691.34,0.0,3.7318267941534566,False
11860,KILLBUCK SAVINGS BANK CO,2024-06-30,705.838,0.0,5.163734978024614,False
11860,KILLBUCK SAVINGS BANK CO,2024-09-30,727.849,0.0,3.783871980668009,False
11862,BANK OF BEAVER CITY,2024-03-31,154.026,0.0,0.9679129116222437,False
11862,BANK OF BEAVER CITY,2024-06-30,161.303,3.489,1.3739031523471303,False
11862,BANK OF BEAVER CITY,2024-09-30,157.814,0.0,0.9402903551905696,False
11868,FIDELITY DEPOSIT&DISCOUNT BK,2024-03-31,2217.985,46.987,9.35092802621733,False
11868,FIDELITY DEPOSIT&DISCOUNT BK,2024-06-30,2170.998,0.0,12.275466760106442,False
11868,FIDELITY DEPOSIT&DISCOUNT BK,2024-09-30,2344.279,1.821,9.459862758967986,False
11891,DONLEY COUNTY STATE BANK,2024-03-31,37.491,0.193,0.2885997597463705,False
11891,DONLEY COUNTY STATE BANK,2024-06-30,37.298,0.0,0.4235733311577133,False
11891,DONLEY COUNTY STATE BANK,2024-09-30,39.377,0.0,0.3822045909755675,False
11902,HILL BANK&TRUST CO,2024-03-31,131.416,5.899,1.7036772120142083,False
11902,HILL BANK&TRUST CO,2024-06-30,125.517,0.0,2.0664439285728333,False
11902,HILL BANK&TRUST CO,2024-09-30,126.09,0.0,1.7907399445375842,False
11903,TEXAS HERITAGE BANK,2024-03-31,188.771,6.639,1.5269873664109461,False
11903,TEXAS HERITAGE BANK,2024-06-30,182.132,0.0,1.671078500061572,False
11903,TEXAS HERITAGE BANK,2024-09-30,184.782,0.0,1.2856449004675246,False
11904,FIRST STB OF BEN WHEELER TX,2024-03-31,159.787,0.0,1.00180851984973,False
11904,FIRST STB OF BEN WHEELER TX,2024-06-30,161.419,2.879,1.384211332561182,False
11904,FIRST STB OF BEN WHEELER TX,2024-09-30,158.54,0.0,0.9887556066908305,False
11905,CITIZENS STATE BANK,2024-03-31,170.164,5.386,0.9914702186075166,False
11905,CITIZENS STATE BANK,2024-06-30,164.778,0.0,1.2340157494946316,False
11905,CITIZENS STATE BANK,2024-09-30,169.368,4.595,0.9883712916512208,False
11907,SECURITY STATE BANK,2024-03-31,242.557,6.85,1.2334482511986247,False
11907,SECURITY STATE BANK,2024-06-30,235.707,0.0,1.6586191041664209,False
11907,SECURITY STATE BANK,2024-09-30,252.601,0.0,1.2688967415153785,False
11916,BUCKHOLTS STATE BANK,2024-03-31,96.713,0.0,0.4562524277088815,False
11916,BUCKHOLTS STATE BANK,2024-06-30,97.813,0.0,0.7085380392566357,False
11916,BUCKHOLTS STATE BANK,2024-09-30,101.54,0.286,0.6146642109489888,False
11922,FIRST STATE BANK OF TEXAS,2024-03-31,252.64,8.731,1.646624901556341,False
11922,FIRST STATE BANK OF TEXAS,2024-06-30,243.909,0.0,1.786915829605564,False
11922,FIRST STATE BANK OF TEXAS,2024-09-30,262.042,0.0,1.5848425855095831,False
11932,FIRST SECURITY STATE BANK,2024-03-31,156.451,0.8,1.2283397224487462,False
11932,FIRST SECURITY STATE BANK,2024-06-30,155.651,1.428,1.6388455919317435,False
11932,FIRST SECURITY STATE BANK,2024-09-30,154.223,0.0,1.2148776893256512,False
11934,DOMINION BANK,2024-03-31,450.51,0.0,2.113883298551393,False
11934,DOMINION BANK,2024-06-30,462.239,0.0,3.2021302155370983,False
11934,DOMINION BANK,2024-09-30,482.328,0.0,2.192421509987796,False
11935,FIRST TEXAS BANK,2024-03-31,761.635,0.0,5.4683111659770045,False
11935,FIRST TEXAS BANK,2024-06-30,788.755,9.25,7.1982934014475415,False
11935,FIRST TEXAS BANK,2024-09-30,779.505,0.0,5.284496909711617,False
11952,POCA VALLEY BANK INC,2024-03-31,514.027,0.0,2.662248990010185,False
11952,POCA VALLEY BANK INC,2024-06-30,530.601,0.0,3.614337341503909,False
11952,POCA VALLEY BANK INC,2024-09-30,550.196,0.0,2.7465948151253547,False
11953,GRANT COUNTY BANK,2024-03-31,287.717,0.0,1.336624293698525,False
11953,GRANT COUNTY BANK,2024-06-30,291.701,0.0,1.8232088435710918,False
11953,GRANT COUNTY BANK,2024-09-30,301.316,0.0,1.3422062921239495,False
11971,BAR HARBOR BANK&TRUST,2024-03-31,3137.892,0.0,10.681903765074555,True
11971,BAR HARBOR BANK&TRUST,2024-06-30,3147.483,0.0,14.661746264347082,True
11971,BAR HARBOR BANK&TRUST,2024-09-30,3269.616,0.0,10.132859254861403,True
12010,PROVIDENT BANK,2024-03-31,10149.254,0.0,27.721955775030242,True
12010,PROVIDENT BANK,2024-06-30,18450.227,0.0,56.619612653194565,True
12010,PROVIDENT BANK,2024-09-30,18466.4,0.0,40.64226296195026,True
12013,UNION COUNTY SAVINGS BANK,2024-03-31,1477.541,0.0,12.394630477979337,True
12013,UNION COUNTY SAVINGS BANK,2024-06-30,1499.785,0.0,16.40188269899496,True
12013,UNION COUNTY SAVINGS BANK,2024-09-30,1519.92,4.347,15.203547495251048,True
12079,CITIZENS COMMUNITY BANK,2024-03-31,175.058,2.716,1.1867638974971262,False
12079,CITIZENS COMMUNITY BANK,2024-06-30,172.342,3.59,1.5779663342186492,False
12079,CITIZENS COMMUNITY BANK,2024-09-30,168.752,0.0,1.0493878640809298,False
12086,SAINTE MARIE STATE BANK,2024-03-31,12.135,0.601,0.0,False
12086,SAINTE MARIE STATE BANK,2024-06-30,11.534,0.337,0.0,False
12086,SAINTE MARIE STATE BANK,2024-09-30,11.197,0.04,0.0,False
12087,SPRING VALLEY CITY BANK,2024-03-31,175.341,1.72,1.0539097298131046,False
12087,SPRING VALLEY CITY BANK,2024-06-30,173.621,0.0,1.3421551826357625,False
12087,SPRING VALLEY CITY BANK,2024-09-30,173.862,0.0,1.043699730824151,False
12098,FIRST STATE BANK OF DONGOLA,2024-03-31,29.14,0.816,0.1849023315517739,False
12098,FIRST STATE BANK OF DONGOLA,2024-06-30,28.324,0.777,0.25431319456975454,False
12098,FIRST STATE BANK OF DONGOLA,2024-09-30,27.547,0.0,0.1485448462803039,False
12107,FARMERS STATE BANK,2024-03-31,58.053,0.0,0.31472633820914403,False
12107,FARMERS STATE BANK,2024-06-30,58.637,0.0,0.4359844120758269,False
12107,FARMERS STATE BANK,2024-09-30,62.997,0.0,0.45149244405657896,False
12113,GERMANTOWN T&SB,2024-03-31,386.107,1.673,2.2348791603616776,False
12113,GERMANTOWN T&SB,2024-06-30,384.434,0.0,2.9312591558364014,False
12113,GERMANTOWN T&SB,2024-09-30,389.279,0.0,2.1201702308129695,False
12121,BUCKLEY STATE BANK,2024-03-31,46.286,0.975,0.11859697168886295,False
12121,BUCKLEY STATE BANK,2024-06-30,45.311,0.599,0.17751449323462018,False
12121,BUCKLEY STATE BANK,2024-09-30,44.712,1.295,0.14856002175278377,False
12126,COUNTY BANK,2024-03-31,205.227,3.938,1.083170452191621,False
12126,COUNTY BANK,2024-06-30,201.289,0.0,1.2332412565669149,False
12126,COUNTY BANK,2024-09-30,205.193,4.073,0.9492250991761301,False
12128,CITIZENS SAVINGS BANK,2024-03-31,111.054,0.0,0.6376018419270357,False
12128,CITIZENS SAVINGS BANK,2024-06-30,115.045,0.0,0.9448668313145753,False
12128,CITIZENS SAVINGS BANK,2024-09-30,116.367,0.822,0.6986388894607217,False
12135,LYNDON STATE BANK,2024-03-31,74.9,0.0,0.24221505135475926,False
12135,LYNDON STATE BANK,2024-06-30,76.457,1.248,0.367128722821415,False
12135,LYNDON STATE BANK,2024-09-30,75.209,0.0,0.2673051890905327,False
12136,WILSON STATE BANK,2024-03-31,105.815,1.424,0.5001911450921446,False
12136,WILSON STATE BANK,2024-06-30,104.391,0.372,0.6784612109519897,False
12136,WILSON STATE BANK,2024-09-30,104.019,0.347,0.49195446946457894,False
12139,FORD COUNTY STATE BANK,2024-03-31,48.593,1.054,0.16599133979456043,False
12139,FORD COUNTY STATE BANK,2024-06-30,47.539,1.696,0.24030512419099725,False
12139,FORD COUNTY STATE BANK,2024-09-30,45.843,0.0,0.17566132998770553,False
12149,FIRST STATE BANK,2024-03-31,267.072,0.0,1.3537062006417682,False
12149,FIRST STATE BANK,2024-06-30,272.589,2.99,1.9571378424915622,False
12149,FIRST STATE BANK,2024-09-30,269.599,0.0,1.2106280634534687,False
12162,ELKTON BANK&TRUST CO,2024-03-31,162.126,0.0,1.4743177609103446,False
12162,ELKTON BANK&TRUST CO,2024-06-30,167.061,6.655,1.9068536919663996,False
12162,ELKTON BANK&TRUST CO,2024-09-30,160.406,0.91,1.2544039325223637,False
12163,FARMERS BANK OF MILTON,2024-03-31,252.266,0.0,1.3281944072282974,False
12163,FARMERS BANK OF MILTON,2024-06-30,254.628,0.0,1.7880465930751472,False
12163,FARMERS BANK OF MILTON,2024-09-30,263.866,0.024,1.329415145501121,False
12166,WEST POINT BANK,2024-03-31,368.287,1.048,1.7784513219687357,False
12166,WEST POINT BANK,2024-06-30,367.239,0.0,2.3528122739278188,False
12166,WEST POINT BANK,2024-09-30,406.379,0.0,1.8223397544353965,False
12201,CLEVELAND STATE BANK,2024-03-31,304.146,7.286,2.207202551437067,False
12201,CLEVELAND STATE BANK,2024-06-30,296.86,4.174,2.5872963211813658,False
12201,CLEVELAND STATE BANK,2024-09-30,292.686,0.0,1.84579885313684,False
12203,MERCHANTS&MARINE BANK,2024-03-31,518.471,0.0,2.8880443140831744,False
12203,MERCHANTS&MARINE BANK,2024-06-30,621.566,6.796,5.333153572484117,False
12203,MERCHANTS&MARINE BANK,2024-09-30,614.77,8.464,3.126281399124902,False
12204,CITIZENS BK PHILADELPHIA MS,2024-03-31,1210.622,40.747,8.450102375415678,False
12204,CITIZENS BK PHILADELPHIA MS,2024-06-30,1169.875,77.012,9.972693205530256,False
12204,CITIZENS BK PHILADELPHIA MS,2024-09-30,1092.863,21.143,6.7922726119601435,False
12207,BANK OF WINONA,2024-03-31,130.088,3.842,1.0020997087962522,False
12207,BANK OF WINONA,2024-06-30,126.246,9.304,1.3089831553960014,False
12207,BANK OF WINONA,2024-09-30,116.942,0.0,0.8465702005392342,False
12208,BELGRADE STATE BANK,2024-03-31,409.963,0.0,2.455611624251463,False
12208,BELGRADE STATE BANK,2024-06-30,414.329,0.0,2.9865028362191417,False
12208,BELGRADE STATE BANK,2024-09-30,428.421,0.0,2.5080040711618903,False
12214,UNITED STATE BANK,2024-03-31,247.889,4.908,1.6678986903493416,False
12214,UNITED STATE BANK,2024-06-30,242.981,1.021,2.039832194202109,False
12214,UNITED STATE BANK,2024-09-30,241.96,0.0,1.4101134972772518,False
12219,FIRST STB OF ST CHARLES MO,2024-03-31,384.014,0.0,1.5203363510702772,False
12219,FIRST STB OF ST CHARLES MO,2024-06-30,385.306,0.0,2.075196466365664,False
12219,FIRST STB OF ST CHARLES MO,2024-09-30,407.262,16.011,1.5179916046018653,False
12220,COUNTY BANK,2024-03-31,116.203,2.543,0.7552222584223566,False
12220,COUNTY BANK,2024-06-30,113.66,0.0,0.8749495920200194,False
12220,COUNTY BANK,2024-09-30,113.778,5.534,0.5788061613498207,False
12223,CALLAWAY BANK,2024-03-31,399.038,1.962,1.8775363546605421,False
12223,CALLAWAY BANK,2024-06-30,397.076,0.0,2.5050801227360915,False
12223,CALLAWAY BANK,2024-09-30,412.162,0.0,1.9188662520682083,False
12225,FMB BANK,2024-03-31,51.133,1.676,0.6184243804386844,False
12225,FMB BANK,2024-06-30,49.457,10.292,0.6288135494392735,False
12225,FMB BANK,2024-09-30,39.165,0.0,0.17451713261639232,False
12226,PEOPLES BANK OF ALTENBURG,2024-03-31,67.619,0.0,0.2858360200552994,False
12226,PEOPLES BANK OF ALTENBURG,2024-06-30,67.981,0.0,0.4049045815743283,False
12226,PEOPLES BANK OF ALTENBURG,2024-09-30,69.934,0.0,0.27991463840926395,False
12229,FIRST BANK,2024-03-31,5634.072,0.0,22.333840047759846,True
12229,FIRST BANK,2024-06-30,5680.631,0.0,29.912239915346916,True
12229,FIRST BANK,2024-09-30,5865.04,0.0,22.206435640750758,True
12230,PEOPLES BANK,2024-03-31,231.899,7.095,1.4817045448174728,False
12230,PEOPLES BANK,2024-06-30,224.804,5.197,1.9057016808488827,False
12230,PEOPLES BANK,2024-09-30,219.607,0.0,1.2041263211150577,False
12232,BANK OF MONTICELLO,2024-03-31,124.42,0.0,0.8115280074796262,False
12232,BANK OF MONTICELLO,2024-06-30,126.548,1.712,1.1139833286358407,False
12232,BANK OF MONTICELLO,2024-09-30,124.836,0.0,0.7581077170356312,False
12241,WASHINGTON COUNTY BANK,2024-03-31,484.629,2.143,2.243037086273339,False
12241,WASHINGTON COUNTY BANK,2024-06-30,482.486,0.0,2.8950821094694104,False
12241,WASHINGTON COUNTY BANK,2024-09-30,500.524,2.72,2.0935739794882227,False
12244,FIRST STATE BANK,2024-03-31,98.36,1.618,0.5303487123511099,False
12244,FIRST STATE BANK,2024-06-30,96.742,0.0,0.6935554918882038,False
12244,FIRST STATE BANK,2024-09-30,123.15,0.951,0.7024837763455702,False
12246,COMMERCIAL BANK,2024-03-31,53.863,0.0,0.1431809114254336,False
12246,COMMERCIAL BANK,2024-06-30,54.786,4.825,0.2435453781931544,False
12246,COMMERCIAL BANK,2024-09-30,49.961,0.0,0.14902179577646546,False
12248,FIRST NEBRASKA BANK,2024-03-31,310.986,2.053,1.7881489579388985,False
12248,FIRST NEBRASKA BANK,2024-06-30,308.933,6.361,2.582437425891653,False
12248,FIRST NEBRASKA BANK,2024-09-30,302.572,10.158,1.6526120030463494,False
12258,SOUTHWEST CAPITAL BANK,2024-03-31,393.449,0.0,2.5384628186470626,False
12258,SOUTHWEST CAPITAL BANK,2024-06-30,433.999,0.0,4.773985773886164,False
12258,SOUTHWEST CAPITAL BANK,2024-09-30,440.683,9.086,3.844523944744603,False
12259,LEA COUNTY STATE BANK,2024-03-31,591.135,8.808,4.660379038249724,False
12259,LEA COUNTY STATE BANK,2024-06-30,582.327,0.0,5.7704916421229635,False
12259,LEA COUNTY STATE BANK,2024-09-30,635.674,5.754,5.528942372290255,False
12266,MECHANICS&FARMERS BANK,2024-03-31,361.437,0.0,2.0502358128169296,False
12266,MECHANICS&FARMERS BANK,2024-06-30,384.119,0.0,2.964094822738937,False
12266,MECHANICS&FARMERS BANK,2024-09-30,411.41,0.0,2.3076493266639293,False
12283,FIRST STATE BANK,2024-03-31,117.615,2.724,1.0803772577524093,False
12283,FIRST STATE BANK,2024-06-30,114.891,2.313,1.2944350629463524,False
12283,FIRST STATE BANK,2024-09-30,112.578,0.0,0.9716882310803034,False
12284,FARMERS&MERCHANTS BANK,2024-03-31,15.18,0.0,0.0,False
12284,FARMERS&MERCHANTS BANK,2024-06-30,16.269,0.242,0.0,False
12284,FARMERS&MERCHANTS BANK,2024-09-30,16.027,0.192,0.0026776102639593205,False
12285,CATTLEMENS BANK,2024-03-31,399.637,0.0,1.8176161194167169,False
12285,CATTLEMENS BANK,2024-06-30,405.389,0.0,2.5273907670643663,False
12285,CATTLEMENS BANK,2024-09-30,411.533,0.0,1.813427965391003,False
12293,FARMERS STATE BANK,2024-03-31,16.912,0.905,0.0,False
12293,FARMERS STATE BANK,2024-06-30,16.007,0.0,0.0,False
12293,FARMERS STATE BANK,2024-09-30,16.128,0.0,0.0,False
12298,COWBOY BANK OF TEXAS,2024-03-31,84.789,2.832,0.3433878756218181,False
12298,COWBOY BANK OF TEXAS,2024-06-30,81.957,0.0,0.40922038238471614,False
12298,COWBOY BANK OF TEXAS,2024-09-30,87.122,0.0,0.3419414808226616,False
12299,SOUTHSTAR BANK SSB,2024-03-31,929.041,21.716,4.1887186539015095,False
12299,SOUTHSTAR BANK SSB,2024-06-30,907.325,0.0,5.420422725817299,False
12299,SOUTHSTAR BANK SSB,2024-09-30,918.747,0.0,3.804253460298725,False
12303,CITIZENS STATE BANK,2024-03-31,291.727,0.585,1.8066336803659178,False
12303,CITIZENS STATE BANK,2024-06-30,291.142,0.0,2.3225333445432033,False
12303,CITIZENS STATE BANK,2024-09-30,305.368,0.713,1.8287746269448344,False
12305,COLUMBUS STATE BANK,2024-03-31,127.57,0.0,2.7917668775807907,False
12305,COLUMBUS STATE BANK,2024-06-30,139.755,0.0,4.325651530887213,False
12305,COLUMBUS STATE BANK,2024-09-30,147.238,18.5,4.092330422315449,False
12309,CITIZENS BANK NATIONAL ASSN,2024-03-31,116.683,0.064,0.5872865426635318,False
12309,CITIZENS BANK NATIONAL ASSN,2024-06-30,116.619,2.25,0.8813970598647398,False
12309,CITIZENS BANK NATIONAL ASSN,2024-09-30,114.369,0.0,0.604526697294076,False
12315,FIRST STATE BANK,2024-03-31,128.499,3.429,1.0792115388840204,False
12315,FIRST STATE BANK,2024-06-30,125.07,0.0,1.4016879611149309,False
12315,FIRST STATE BANK,2024-09-30,125.593,0.0,1.0288206232674266,False
12322,CHIPPEWA VALLEY BANK,2024-03-31,520.802,3.865,2.680006883397426,False
12322,CHIPPEWA VALLEY BANK,2024-06-30,516.937,0.0,3.9416136023196695,False
12322,CHIPPEWA VALLEY BANK,2024-09-30,528.49,15.397,2.894443710499633,False
12325,BANK OF CASHTON,2024-03-31,109.405,1.017,0.5753731038765744,False
12325,BANK OF CASHTON,2024-06-30,108.388,0.0,0.7973858982739181,False
12325,BANK OF CASHTON,2024-09-30,111.869,0.0,0.6206741673029225,False
12327,BANK OF MAUSTON,2024-03-31,331.574,0.0,1.9990127731226779,False
12327,BANK OF MAUSTON,2024-06-30,342.33,5.987,2.7722473236363623,False
12327,BANK OF MAUSTON,2024-09-30,336.343,0.0,2.019222769072735,False
12331,STATE BANK OF CHILTON,2024-03-31,398.551,0.0,2.056833633127753,False
12331,STATE BANK OF CHILTON,2024-06-30,404.507,4.036,3.002204518125994,False
12331,STATE BANK OF CHILTON,2024-09-30,400.471,0.0,2.1482574398110037,False
12349,COMMUNITY BANK OF CAMERON,2024-03-31,161.187,0.0,0.8741548303981813,False
12349,COMMUNITY BANK OF CAMERON,2024-06-30,169.218,0.0,1.2671121308637854,False
12349,COMMUNITY BANK OF CAMERON,2024-09-30,178.033,1.709,1.0110233971416513,False
12354,HUSTISFORD STATE BANK,2024-03-31,54.323,0.0,0.13990258003634246,False
12354,HUSTISFORD STATE BANK,2024-06-30,54.616,0.0,0.2270728117881819,False
12354,HUSTISFORD STATE BANK,2024-09-30,54.859,0.0,0.17455891509457547,False
12365,FIRST NB OF ALLENDALE,2024-03-31,341.482,2.659,2.2156316796530895,False
12365,FIRST NB OF ALLENDALE,2024-06-30,338.823,6.171,2.794532112060988,False
12365,FIRST NB OF ALLENDALE,2024-09-30,332.652,0.0,1.8612725395053662,False
12368,REGIONS BANK,2024-03-31,131273.0,2330.0,292.7217552882491,True
12368,REGIONS BANK,2024-06-30,128943.0,368.0,369.4619679658135,True
12368,REGIONS BANK,2024-09-30,128575.0,0.0,263.84396565594574,True
12372,FOWLER STATE BANK,2024-03-31,108.827,1.681,0.5947097979536088,False
12372,FOWLER STATE BANK,2024-06-30,107.146,2.309,0.7996253323853313,False
12372,FOWLER STATE BANK,2024-09-30,104.837,0.0,0.5758533086097044,False
12383,CARROLLTON BANK,2024-03-31,3172.846,97.645,13.664317972567792,True
12383,CARROLLTON BANK,2024-06-30,3075.201,0.0,16.286087071817278,True
12383,CARROLLTON BANK,2024-09-30,3152.876,0.0,12.18994099251256,True
12384,JERSEY STATE BANK,2024-03-31,149.696,2.643,0.9080792026066348,False
12384,JERSEY STATE BANK,2024-06-30,147.053,0.0,1.193847824048161,False
12384,JERSEY STATE BANK,2024-09-30,156.013,1.129,0.9200281118643455,False
12386,STATE BANK OF TOULON,2024-03-31,272.413,0.0,1.503511936352876,False
12386,STATE BANK OF TOULON,2024-06-30,281.065,0.0,2.098711163352829,False
12386,STATE BANK OF TOULON,2024-09-30,286.635,9.642,1.5971291951290265,False
12388,WILLIAMSVILLE STATE B&T,2024-03-31,89.709,1.166,0.5613381867474551,False
12388,WILLIAMSVILLE STATE B&T,2024-06-30,88.543,0.778,0.7586944517048139,False
12388,WILLIAMSVILLE STATE B&T,2024-09-30,87.765,5.002,0.5764725164875136,False
12395,LENA STATE BANK,2024-03-31,84.647,0.707,0.35185876009936373,False
12395,LENA STATE BANK,2024-06-30,83.94,1.127,0.496643985480119,False
12395,LENA STATE BANK,2024-09-30,82.813,0.0,0.3631248284539636,False
12402,EXCHANGE STATE BANK,2024-03-31,84.772,0.0,0.43482278451071016,False
12402,EXCHANGE STATE BANK,2024-06-30,88.54,0.0,0.705060299751164,False
12402,EXCHANGE STATE BANK,2024-09-30,96.228,0.0,0.6430132277850847,False
12410,LA SALLE STATE BANK,2024-03-31,141.702,0.0,1.0130634962165477,False
12410,LA SALLE STATE BANK,2024-06-30,148.606,0.0,1.3725681761345252,False
12410,LA SALLE STATE BANK,2024-09-30,149.6,0.0,1.1254779160609072,False
12417,TRI-VALLEY BANK,2024-03-31,75.813,1.814,0.3804752491262328,False
12417,TRI-VALLEY BANK,2024-06-30,73.999,0.0,0.4648772250192897,False
12417,TRI-VALLEY BANK,2024-09-30,74.617,0.0,0.3511241313743519,False
12422,SECURITY STATE BANK,2024-03-31,46.937,0.45,0.1714103380340884,False
12422,SECURITY STATE BANK,2024-06-30,46.487,2.552,0.24942889182796904,False
12422,SECURITY STATE BANK,2024-09-30,43.935,0.0,0.17536831675586015,False
12425,DICKINSON COUNTY BANK,2024-03-31,16.954,0.0,0.0,False
12425,DICKINSON COUNTY BANK,2024-06-30,17.259,0.397,0.021343176909588004,False
12425,DICKINSON COUNTY BANK,2024-09-30,16.862,0.717,0.0,False
12432,BAXTER STATE BANK,2024-03-31,17.002,0.122,0.0,False
12432,BAXTER STATE BANK,2024-06-30,16.88,0.0,0.0,False
12432,BAXTER STATE BANK,2024-09-30,18.249,0.966,0.0,False
12437,RENASANT BANK,2024-03-31,14403.467,0.0,39.21323915115014,True
12437,RENASANT BANK,2024-06-30,14422.649,0.0,52.85796396164014,True
12437,RENASANT BANK,2024-09-30,14895.589,0.0,39.21172463215942,True
12441,HANCOCK WHITNEY BANK,2024-03-31,30032.352,574.905,75.58972088903342,True
12441,HANCOCK WHITNEY BANK,2024-06-30,29457.447,212.234,101.44818909006173,True
12441,HANCOCK WHITNEY BANK,2024-09-30,29245.213,0.0,70.88832783706553,True
12444,STATE BANK OF COLD SPRING,2024-03-31,79.359,0.0,0.48406472198588024,False
12444,STATE BANK OF COLD SPRING,2024-06-30,82.521,3.007,0.8106802849212823,False
12444,STATE BANK OF COLD SPRING,2024-09-30,79.514,0.0,0.5314206728208699,False
12457,CITIZENS BANK OF EDINA,2024-03-31,82.698,0.0,0.48503462802442215,False
12457,CITIZENS BANK OF EDINA,2024-06-30,86.196,2.21,0.7013258136469395,False
12457,CITIZENS BANK OF EDINA,2024-09-30,83.986,0.0,0.5135181560949518,False
12484,FIRST OKLAHOMA BANK,2024-03-31,943.091,0.0,4.146616480710866,False
12484,FIRST OKLAHOMA BANK,2024-06-30,968.523,0.0,5.925991242114641,False
12484,FIRST OKLAHOMA BANK,2024-09-30,970.213,0.0,4.327971266161763,False
12485,PAYNE COUNTY BANK,2024-03-31,200.502,0.0,0.9582017893198447,False
12485,PAYNE COUNTY BANK,2024-06-30,204.271,0.0,1.3182746384325998,False
12485,PAYNE COUNTY BANK,2024-09-30,205.797,0.0,0.9353165305411238,False
12493,PREMIER BANK NATIONAL ASSN,2024-03-31,276.772,0.0,1.3875022574383928,False
12493,PREMIER BANK NATIONAL ASSN,2024-06-30,288.771,8.749,2.0108257297743624,False
12493,PREMIER BANK NATIONAL ASSN,2024-09-30,280.022,0.0,1.3054161605189958,False
12501,CITIZENS STATE BANK,2024-03-31,1267.18,54.859,15.262180982232353,True
12501,CITIZENS STATE BANK,2024-06-30,1212.321,41.178,17.419688242578424,True
12501,CITIZENS STATE BANK,2024-09-30,1171.143,8.038,13.407235701719273,True
12506,INDUSTRY STATE BANK,2024-03-31,858.301,54.691,8.446813799088778,False
12506,INDUSTRY STATE BANK,2024-06-30,803.61,12.634,9.781207497016931,False
12506,INDUSTRY STATE BANK,2024-09-30,790.976,23.156,7.911336656121816,False
12511,ALLIANCE BANK,2024-03-31,188.456,4.192,1.0163345966444306,False
12511,ALLIANCE BANK,2024-06-30,184.264,1.542,1.3042030010927281,False
12511,ALLIANCE BANK,2024-09-30,182.722,0.0,0.9044196731079907,False
12512,COMMUNITY FIRST BANK,2024-03-31,88.066,1.84,0.4255165247932,False
12512,COMMUNITY FIRST BANK,2024-06-30,86.226,1.905,0.5740230006219165,False
12512,COMMUNITY FIRST BANK,2024-09-30,84.321,0.0,0.4152100873692501,False
12513,PARTNERS BANK OF WISCONSIN,2024-03-31,218.005,3.154,1.165390825200959,False
12513,PARTNERS BANK OF WISCONSIN,2024-06-30,214.851,0.0,1.5452550857009384,False
12513,PARTNERS BANK OF WISCONSIN,2024-09-30,226.235,14.928,1.174246829649033,False
12514,IXONIA BANK,2024-03-31,535.734,0.0,3.0084572484572334,False
12514,IXONIA BANK,2024-06-30,542.413,2.517,3.7192435004828055,False
12514,IXONIA BANK,2024-09-30,539.896,0.0,2.8013053429190484,False
12517,BANK FIVE NINE,2024-03-31,1667.264,0.0,6.105751448098115,False
12517,BANK FIVE NINE,2024-06-30,1690.658,0.0,8.397428076781916,False
12517,BANK FIVE NINE,2024-09-30,1782.941,0.0,6.223968264268791,False
12531,PEOPLES BANK,2024-03-31,155.264,4.986,0.7401355656201661,False
12531,PEOPLES BANK,2024-06-30,150.278,0.337,1.012232041819811,False
12531,PEOPLES BANK,2024-09-30,149.941,7.88,0.7857145572568354,False
12549,BANK OF CALHOUN COUNTY,2024-03-31,91.114,2.03,1.1838917635421828,False
12549,BANK OF CALHOUN COUNTY,2024-06-30,89.084,0.877,1.5161559840535241,False
12549,BANK OF CALHOUN COUNTY,2024-09-30,88.207,1.511,1.0522758778183778,False
12585,HOPETON STATE BANK,2024-03-31,24.17,0.379,0.0,False
12585,HOPETON STATE BANK,2024-06-30,23.791,0.0,0.0,False
12585,HOPETON STATE BANK,2024-09-30,25.173,1.093,0.05503538931464956,False
12591,CONVERSE COUNTY BANK,2024-03-31,861.147,16.764,8.249575342979782,False
12591,CONVERSE COUNTY BANK,2024-06-30,844.383,19.331,9.806770448009551,False
12591,CONVERSE COUNTY BANK,2024-09-30,825.052,0.0,6.724500818004147,False
12592,SECURITY STATE BANK,2024-03-31,366.967,9.038,2.750778895028432,False
12592,SECURITY STATE BANK,2024-06-30,357.929,0.0,3.252820234603511,False
12592,SECURITY STATE BANK,2024-09-30,361.074,0.0,2.2562227296690365,False
12594,PUEBLO BANK&TRUST CO,2024-03-31,536.555,16.403,2.855019942649363,False
12594,PUEBLO BANK&TRUST CO,2024-06-30,520.152,0.0,3.585629243473317,False
12594,PUEBLO BANK&TRUST CO,2024-09-30,532.071,0.0,2.7573962969350823,False
12602,FARMERS&DROVERS BANK,2024-03-31,132.762,1.026,0.6051495099268693,False
12602,FARMERS&DROVERS BANK,2024-06-30,131.736,0.0,0.8429812246746228,False
12602,FARMERS&DROVERS BANK,2024-09-30,137.83,0.0,0.6177669985114345,False
12608,CITY BANK&TRUST CO,2024-03-31,295.007,20.579,1.7981849864173187,False
12608,CITY BANK&TRUST CO,2024-06-30,274.428,4.575,2.2517375887386595,False
12608,CITY BANK&TRUST CO,2024-09-30,269.853,0.0,1.43598579430812,False
12609,PATTERSON STATE BANK,2024-03-31,285.983,7.395,1.917354243683957,False
12609,PATTERSON STATE BANK,2024-06-30,278.588,5.734,2.511121358813423,False
12609,PATTERSON STATE BANK,2024-09-30,272.854,0.0,1.5781185461263225,False
12611,EVANGELINE BANK&TRUST CO,2024-03-31,784.127,0.0,3.170839358679301,False
12611,EVANGELINE BANK&TRUST CO,2024-06-30,811.359,0.0,4.415008737318417,False
12611,EVANGELINE BANK&TRUST CO,2024-09-30,811.428,0.0,2.9422105076329608,False
12614,ORIGIN BANK,2024-03-31,8568.551,10.713,24.517348227759406,True
12614,ORIGIN BANK,2024-06-30,8557.838,9.452,33.01107641296797,True
12614,ORIGIN BANK,2024-09-30,8548.386,270.695,22.686034413720133,True
12616,LEGENDS BANK,2024-03-31,431.347,0.0,2.030473674061257,False
12616,LEGENDS BANK,2024-06-30,443.868,9.344,2.6921175349520388,False
12616,LEGENDS BANK,2024-09-30,434.524,0.0,1.8183819982784888,False
12627,BANK OF WASHINGTON,2024-03-31,876.11,20.658,3.515295191225701,False
12627,BANK OF WASHINGTON,2024-06-30,855.452,10.582,4.590948435455931,False
12627,BANK OF WASHINGTON,2024-09-30,844.87,0.0,3.1413052938440744,False
12633,CENTRAL TRUST BANK,2024-03-31,15297.455,350.948,53.74972091667603,True
12633,CENTRAL TRUST BANK,2024-06-30,14946.507,148.47,64.22035081818177,True
12633,CENTRAL TRUST BANK,2024-09-30,14798.037,0.0,43.62466804682112,True
12661,GREENLEAF BANK,2024-03-31,121.453,2.96,0.6617118301347782,False
12661,GREENLEAF BANK,2024-06-30,118.493,0.0,0.8552627108716879,False
12661,GREENLEAF BANK,2024-09-30,120.469,0.0,0.6401315148788478,False
12694,CITIZENS COMMUNITY BANK,2024-03-31,112.969,3.019,0.5971376621243891,False
12694,CITIZENS COMMUNITY BANK,2024-06-30,109.95,0.0,0.7858941610299007,False
12694,CITIZENS COMMUNITY BANK,2024-09-30,112.925,0.0,0.5837750292540806,False
12706,STATE BANK,2024-03-31,240.377,0.0,1.769239452553061,False
12706,STATE BANK,2024-06-30,252.43,7.858,2.8344660709138227,False
12706,STATE BANK,2024-09-30,244.572,0.0,1.9507896633930395,False
12717,BRIDGE COMMUNITY BANK,2024-03-31,99.726,0.0,0.49830140446076815,False
12717,BRIDGE COMMUNITY BANK,2024-06-30,100.235,0.0,0.6952049095597193,False
12717,BRIDGE COMMUNITY BANK,2024-09-30,107.011,0.0,0.6317394293512804,False
12722,SICILY ISLAND STATE BANK,2024-03-31,62.216,0.0,0.18411165968216853,False
12722,SICILY ISLAND STATE BANK,2024-06-30,65.649,0.0,0.43744852169131415,False
12722,SICILY ISLAND STATE BANK,2024-09-30,68.035,3.853,0.3182431477213829,False
12745,BANK OF PRAGUE,2024-03-31,34.906,0.0,0.05790861385150393,False
12745,BANK OF PRAGUE,2024-06-30,34.934,0.0,0.07544121654251922,False
12745,BANK OF PRAGUE,2024-09-30,36.24,0.0,0.08148485996706903,False
12757,FIRST STATE BANK,2024-03-31,88.614,2.037,0.43906516284070857,False
12757,FIRST STATE BANK,2024-06-30,86.577,0.0,0.5487578805567004,False
12757,FIRST STATE BANK,2024-09-30,89.03,2.943,0.46893772487029006,False
12758,FARMERS STB ALLEN OKLAHOMA,2024-03-31,46.723,0.0,0.0879850188176406,False
12758,FARMERS STB ALLEN OKLAHOMA,2024-06-30,48.96,3.041,0.16872423200291195,False
12758,FARMERS STB ALLEN OKLAHOMA,2024-09-30,45.919,1.217,0.10717254507522617,False
12761,F&M BANK,2024-03-31,653.96,7.516,3.1733047618654084,False
12761,F&M BANK,2024-06-30,646.444,2.281,4.413181354269679,False
12761,F&M BANK,2024-09-30,644.163,2.572,2.8949126053323493,False
12769,FIRST UNITED BANK,2024-03-31,1815.054,81.152,8.094582660156693,False
12769,FIRST UNITED BANK,2024-06-30,1733.902,0.0,10.231864279506237,False
12769,FIRST UNITED BANK,2024-09-30,1762.097,0.0,7.352669895750888,False
12788,BARABOO STATE BANK,2024-03-31,421.846,0.0,2.809298793914436,False
12788,BARABOO STATE BANK,2024-06-30,426.983,0.0,4.1302867801375,False
12788,BARABOO STATE BANK,2024-09-30,450.507,0.0,3.453816928563488,False
12814,PEOPLES STATE BANK,2024-03-31,758.735,6.209,3.883642046795201,False
12814,PEOPLES STATE BANK,2024-06-30,752.526,0.0,5.137734434030579,False
12814,PEOPLES STATE BANK,2024-09-30,768.226,0.0,3.7795997609602616,False
12815,HOME STB NA,2024-03-31,656.434,14.315,3.7043602432873617,False
12815,HOME STB NA,2024-06-30,642.119,6.76,4.504051035546454,False
12815,HOME STB NA,2024-09-30,635.359,0.0,3.112332374044177,False
12828,FARMERS BANK FRANKFORT IN,2024-03-31,737.073,0.0,3.7098117754478324,False
12828,FARMERS BANK FRANKFORT IN,2024-06-30,764.032,0.0,5.048333878703119,False
12828,FARMERS BANK FRANKFORT IN,2024-09-30,779.018,32.421,3.3712947631752725,False
12836,FIRST STATE BANK OF PORTER,2024-03-31,137.078,0.0,0.7688197525013472,False
12836,FIRST STATE BANK OF PORTER,2024-06-30,138.19,0.314,1.0912726633679424,False
12836,FIRST STATE BANK OF PORTER,2024-09-30,137.876,0.0,0.7919931578959483,False
12839,FIRST FARMERS BANK&TRUST CO,2024-03-31,2728.746,94.319,10.730790360370827,True
12839,FIRST FARMERS BANK&TRUST CO,2024-06-30,2634.427,0.0,13.7651949971024,True
12839,FIRST FARMERS BANK&TRUST CO,2024-09-30,2831.952,5.941,10.203842857353683,True
12854,CENTIER BANK,2024-03-31,7143.14,0.0,21.510376295389452,True
12854,CENTIER BANK,2024-06-30,7429.174,0.0,29.777950540632602,True
12854,CENTIER BANK,2024-09-30,7642.335,63.015,21.13744502393725,True
12855,FARMERS STATE BANK,2024-03-31,1207.464,8.609,4.7796535409649525,False
12855,FARMERS STATE BANK,2024-06-30,1198.855,0.0,6.368925810958647,False
12855,FARMERS STATE BANK,2024-09-30,1205.683,52.062,4.473193442902609,False
12857,DENVER SAVINGS BANK,2024-03-31,187.795,3.624,0.905203997590252,False
12857,DENVER SAVINGS BANK,2024-06-30,184.171,0.0,1.1699321568125318,False
12857,DENVER SAVINGS BANK,2024-09-30,191.229,0.0,0.978397337662954,False
12858,FARMERS TRUST&SAVINGS BANK,2024-03-31,533.198,8.224,2.3444236931555733,False
12858,FARMERS TRUST&SAVINGS BANK,2024-06-30,524.974,0.0,3.073359896084695,False
12858,FARMERS TRUST&SAVINGS BANK,2024-09-30,537.955,0.0,2.3517585132496044,False
12865,SWEDISH-AMERICAN STATE BANK,2024-03-31,44.802,1.716,0.09466932746965706,False
12865,SWEDISH-AMERICAN STATE BANK,2024-06-30,43.086,1.577,0.1673540441267537,False
12865,SWEDISH-AMERICAN STATE BANK,2024-09-30,41.509,0.0,0.09472966985530816,False
12869,FARMERS BANK&TRUST CO,2024-03-31,622.756,18.748,2.6357862340766838,False
12869,FARMERS BANK&TRUST CO,2024-06-30,604.008,25.134,3.5467324883778804,False
12869,FARMERS BANK&TRUST CO,2024-09-30,578.874,0.0,2.316551289638755,False
12874,KATAHDIN TRUST CO,2024-03-31,876.882,14.738,3.7026968433549947,False
12874,KATAHDIN TRUST CO,2024-06-30,862.144,0.0,4.811356204329849,False
12874,KATAHDIN TRUST CO,2024-09-30,886.959,0.0,3.4898384622746352,False
12885,PEOPLES BANK,2024-03-31,269.459,0.0,1.532495048344347,False
12885,PEOPLES BANK,2024-06-30,269.57,10.749,2.161176372952914,False
12885,PEOPLES BANK,2024-09-30,258.821,0.0,1.459177429756356,False
12893,FIRST STATE BANK OF DECATUR,2024-03-31,43.371,0.465,0.14631348828421023,False
12893,FIRST STATE BANK OF DECATUR,2024-06-30,42.906,0.326,0.23416455083107676,False
12893,FIRST STATE BANK OF DECATUR,2024-09-30,42.58,0.0,0.18392855697359461,False
12899,MAYVILLE STATE BANK,2024-03-31,84.352,0.0,0.5249554187621117,False
12899,MAYVILLE STATE BANK,2024-06-30,86.157,0.0,0.7577679057076732,False
12899,MAYVILLE STATE BANK,2024-09-30,88.133,0.0,0.5586272469850174,False
12923,BREMER BANK NATIONAL ASSN,2024-03-31,13006.62,207.85,37.81216880065023,True
12923,BREMER BANK NATIONAL ASSN,2024-06-30,12798.77,0.0,50.121200808024554,True
12923,BREMER BANK NATIONAL ASSN,2024-09-30,13450.461,126.059,35.96798552797019,True
12944,ORANGE BANK&TRUST CO,2024-03-31,2153.147,0.0,9.55331907111272,False
12944,ORANGE BANK&TRUST CO,2024-06-30,2203.692,58.628,13.50527920750996,True
12944,ORANGE BANK&TRUST CO,2024-09-30,2145.064,0.0,8.97669280445743,False
12956,BANK OF RICHMONDVILLE,2024-03-31,166.436,6.951,1.19168456640839,False
12956,BANK OF RICHMONDVILLE,2024-06-30,159.485,0.0,1.4749999373127447,False
12956,BANK OF RICHMONDVILLE,2024-09-30,169.305,7.101,1.2219132071531047,False
12959,CATTARAUGUS COUNTY BANK,2024-03-31,334.805,13.327,1.9454545605419717,False
12959,CATTARAUGUS COUNTY BANK,2024-06-30,321.478,3.985,2.447028108920934,False
12959,CATTARAUGUS COUNTY BANK,2024-09-30,317.493,5.672,1.8090592413182505,False
12969,UNION BANK CO,2024-03-31,949.022,0.0,4.457333351457041,False
12969,UNION BANK CO,2024-06-30,1030.435,0.0,7.464092810797999,False
12969,UNION BANK CO,2024-09-30,1107.578,35.858,6.612721514348816,False
12978,RICHWOOD BANKING CO,2024-03-31,1109.779,60.105,6.6614845498343165,False
12978,RICHWOOD BANKING CO,2024-06-30,1049.674,0.0,6.944120613870251,False
12978,RICHWOOD BANKING CO,2024-09-30,1113.33,46.575,5.918188887332775,False
12980,CORN CITY STATE BANK,2024-03-31,66.473,0.0,0.3279215763437072,False
12980,CORN CITY STATE BANK,2024-06-30,66.932,1.75,0.4295675043752869,False
12980,CORN CITY STATE BANK,2024-09-30,65.182,0.0,0.28769906847641635,False
12982,CIVISTA BANK,2024-03-31,2990.716,5.311,10.402540730802457,True
12982,CIVISTA BANK,2024-06-30,2985.405,0.0,14.032108472406723,True
12982,CIVISTA BANK,2024-09-30,3225.003,4.33,10.258965313855985,True
12985,ELDERTON STATE BANK,2024-03-31,306.706,0.017,1.4391348370831953,False
12985,ELDERTON STATE BANK,2024-06-30,306.689,0.0,1.9441537853415192,False
12985,ELDERTON STATE BANK,2024-09-30,310.7,0.0,1.4025804568636153,False
13000,ENNIS STATE BANK,2024-03-31,308.211,0.0,1.7169721621926588,False
13000,ENNIS STATE BANK,2024-06-30,312.385,0.0,2.354693652967884,False
13000,ENNIS STATE BANK,2024-09-30,318.706,0.0,1.707456652826318,False
13006,PECOS COUNTY STATE BANK,2024-03-31,292.418,0.0,2.066363014198766,False
13006,PECOS COUNTY STATE BANK,2024-06-30,297.548,2.146,2.7831259063927516,False
13006,PECOS COUNTY STATE BANK,2024-09-30,295.402,0.0,2.070607799136271,False
13012,FIRST COMMUNITY BANK,2024-03-31,2701.975,0.0,9.04572537604157,False
13012,FIRST COMMUNITY BANK,2024-06-30,2711.348,45.591,12.550129065959723,False
13012,FIRST COMMUNITY BANK,2024-09-30,2665.757,0.0,8.49944093285906,False
13018,MINERS&MERCHANTS BANK,2024-03-31,57.41,0.367,0.29256324860742833,False
13018,MINERS&MERCHANTS BANK,2024-06-30,57.043,0.0,0.41128397329020233,False
13018,MINERS&MERCHANTS BANK,2024-09-30,57.405,0.0,0.35360953800761924,False
13020,FIRST EXCHANGE BANK,2024-03-31,330.588,0.0,1.9720951841350272,False
13020,FIRST EXCHANGE BANK,2024-06-30,339.712,0.0,2.507736665960957,False
13020,FIRST EXCHANGE BANK,2024-09-30,340.87,0.034,1.784910663978919,False
13025,FARMERS SAVINGS BANK,2024-03-31,364.484,3.719,2.6740548137861997,False
13025,FARMERS SAVINGS BANK,2024-06-30,360.765,0.076,4.051651170096864,False
13025,FARMERS SAVINGS BANK,2024-09-30,360.689,0.0,2.2961530147521954,False
13030,OAKWOOD BANK,2024-03-31,99.838,0.0,0.3999523522313862,False
13030,OAKWOOD BANK,2024-06-30,101.137,0.444,0.6110234203970182,False
13030,OAKWOOD BANK,2024-09-30,100.693,0.0,0.4468451713931713,False
13032,CITIZENS FIRST BANK,2024-03-31,272.536,0.0,1.3733329638908913,False
13032,CITIZENS FIRST BANK,2024-06-30,276.405,0.0,1.8545974096128284,False
13032,CITIZENS FIRST BANK,2024-09-30,285.418,15.126,1.3937125862248638,False
13033,FARMERS STB OF WAUPACA,2024-03-31,216.263,3.295,1.3085858263242538,False
13033,FARMERS STB OF WAUPACA,2024-06-30,212.968,0.0,1.5974642631367524,False
13033,FARMERS STB OF WAUPACA,2024-09-30,220.301,0.0,1.3274457362395542,False
13054,PARK BANK NATIONAL ASSN,2024-03-31,56.227,3.123,0.3643780064817097,False
13054,PARK BANK NATIONAL ASSN,2024-06-30,53.104,0.0,0.3818051783060344,False
13054,PARK BANK NATIONAL ASSN,2024-09-30,55.601,0.0,0.3563766569674341,False
13055,CITIZENS BANK,2024-03-31,928.208,17.175,4.947102453571691,False
13055,CITIZENS BANK,2024-06-30,911.033,0.0,6.124586764314679,False
13055,CITIZENS BANK,2024-09-30,916.117,0.0,4.454739483895109,False
13058,HIAWATHA NATIONAL BANK,2024-03-31,566.26,1.009,3.12361580294177,False
13058,HIAWATHA NATIONAL BANK,2024-06-30,565.251,0.0,3.9493005492810096,False
13058,HIAWATHA NATIONAL BANK,2024-09-30,580.023,0.0,2.9316059232083846,False
13063,KENNEBUNK SAVINGS BANK,2024-03-31,1572.488,0.0,6.268561640069486,False
13063,KENNEBUNK SAVINGS BANK,2024-06-30,1607.298,0.0,8.567859860930492,False
13063,KENNEBUNK SAVINGS BANK,2024-09-30,1649.721,23.499,6.047752516237945,False
13068,COMMUNITY BANK&TRUST,2024-03-31,367.713,0.0,4.168302909583036,False
13068,COMMUNITY BANK&TRUST,2024-06-30,368.871,3.685,5.382328488023191,False
13068,COMMUNITY BANK&TRUST,2024-09-30,365.186,0.0,3.9152544886905285,False
13071,TOWN&COUNTRY BANK,2024-03-31,603.851,0.0,3.6551671862124446,False
13071,TOWN&COUNTRY BANK,2024-06-30,605.679,0.0,4.590312419561733,False
13071,TOWN&COUNTRY BANK,2024-09-30,614.652,0.0,3.235821042953085,False
13080,ALGONQUIN STATE BANK,2024-03-31,123.332,0.0,0.7342047522894791,False
13083,FIRST WESTERN BANK,2024-03-31,558.341,7.191,2.440279760797893,False
13083,FIRST WESTERN BANK,2024-06-30,551.15,0.0,3.3094849677886433,False
13083,FIRST WESTERN BANK,2024-09-30,591.648,0.0,2.5665313983066715,False
13102,LAKE CITY BANK,2024-03-31,5621.074,0.0,18.144987859165873,True
13102,LAKE CITY BANK,2024-06-30,5766.873,0.0,24.484199852800558,True
13102,LAKE CITY BANK,2024-09-30,5840.835,0.0,17.21110012363347,True
13107,CITIZENS STB NEW CASTLE,2024-03-31,673.027,0.0,3.7057730917475733,False
13107,CITIZENS STB NEW CASTLE,2024-06-30,680.288,0.0,4.897050489000671,False
13107,CITIZENS STB NEW CASTLE,2024-09-30,683.782,0.0,3.6100632227253233,False
13109,JACKSON COUNTY BANK,2024-03-31,772.713,0.0,3.5547125485023767,False
13109,JACKSON COUNTY BANK,2024-06-30,794.645,13.51,5.035272744583487,False
13109,JACKSON COUNTY BANK,2024-09-30,781.135,0.0,3.245989903948486,False
13111,HENDRICKS COUNTY B&T CO,2024-03-31,211.643,1.982,1.617775666588937,False
13111,HENDRICKS COUNTY B&T CO,2024-06-30,209.661,0.0,2.1378596112512964,False
13111,HENDRICKS COUNTY B&T CO,2024-09-30,210.711,0.0,1.3701032141958185,False
13112,OWEN COUNTY STATE BANK,2024-03-31,289.019,0.0,1.6530463682108505,False
13112,OWEN COUNTY STATE BANK,2024-06-30,295.001,0.0,2.4056912796673346,False
13112,OWEN COUNTY STATE BANK,2024-09-30,296.087,0.0,1.6275326822034453,False
13113,PEOPLES TRUST&SAVINGS BANK,2024-03-31,207.017,8.103,1.2537033994226425,False
13113,PEOPLES TRUST&SAVINGS BANK,2024-06-30,198.914,0.198,1.2199498412672334,False
13113,PEOPLES TRUST&SAVINGS BANK,2024-09-30,198.716,2.77,0.9103163049170263,False
13130,FRIENDSHIP STATE BANK,2024-03-31,477.247,0.0,2.8148519569316903,False
13130,FRIENDSHIP STATE BANK,2024-06-30,487.503,15.273,3.8432796001094416,False
13130,FRIENDSHIP STATE BANK,2024-09-30,472.23,1.946,2.6160983108530216,False
13157,KANZA BANK,2024-03-31,242.489,3.002,1.2778343524803226,False
13157,KANZA BANK,2024-06-30,239.487,7.483,1.677811728850976,False
13157,KANZA BANK,2024-09-30,232.004,8.044,1.1536608456781852,False
13167,BANK OF CLARKSON,2024-03-31,143.325,0.368,0.8135889306977858,False
13167,BANK OF CLARKSON,2024-06-30,142.957,8.62,1.1199776868916749,False
13167,BANK OF CLARKSON,2024-09-30,134.337,0.542,0.6924726338748377,False
13179,FIRST COMMUNITY BANK,2024-03-31,357.927,14.349,1.7150366998088316,False
13179,FIRST COMMUNITY BANK,2024-06-30,343.578,0.0,2.2097291277327558,False
13179,FIRST COMMUNITY BANK,2024-09-30,352.241,18.884,1.5642336388421207,False
13195,UNION STATE BANK OF HAZEN,2024-03-31,203.352,0.0,1.3078844573020965,False
13195,UNION STATE BANK OF HAZEN,2024-06-30,207.089,0.0,1.7388823535101399,False
13195,UNION STATE BANK OF HAZEN,2024-09-30,208.589,0.0,1.2600012806508116,False
13196,PEOPLES STATE BANK,2024-03-31,63.835,0.0,0.449053546751731,False
13196,PEOPLES STATE BANK,2024-06-30,63.983,2.984,0.579716934561185,False
13196,PEOPLES STATE BANK,2024-09-30,60.999,0.0,0.3597215685564854,False
13198,CORNERSTONE BANK,2024-03-31,1381.541,1.849,6.433261784310818,False
13198,CORNERSTONE BANK,2024-06-30,1379.692,0.0,8.259522374111105,False
13198,CORNERSTONE BANK,2024-09-30,1453.653,0.0,6.155291222226895,False
13209,FORT JENNINGS STATE BANK,2024-03-31,217.723,0.0,1.0194119914497453,False
13209,FORT JENNINGS STATE BANK,2024-06-30,218.796,0.0,1.4043691541832075,False
13209,FORT JENNINGS STATE BANK,2024-09-30,227.105,0.0,1.0385771258338767,False
13216,SAVINGS BANK,2024-03-31,442.853,0.0,2.257697937326735,False
13216,SAVINGS BANK,2024-06-30,466.235,16.741,3.14649715673981,False
13216,SAVINGS BANK,2024-09-30,449.494,18.322,2.1466197630938066,False
13220,PEOPLES BANK CO,2024-03-31,631.657,0.0,3.8283358999943666,False
13220,PEOPLES BANK CO,2024-06-30,726.188,0.0,5.97934582037121,False
13220,PEOPLES BANK CO,2024-09-30,749.982,22.659,4.6322790409887755,False
13232,SECURITY STATE BANK,2024-03-31,499.807,0.0,6.706205098621642,False
13232,SECURITY STATE BANK,2024-06-30,505.575,0.0,9.467558789658046,False
13232,SECURITY STATE BANK,2024-09-30,514.841,0.0,8.5027932365955,False
13242,FARMERS&MERCHANTS STATE BANK,2024-03-31,170.821,0.0,0.7090964376527771,False
13242,FARMERS&MERCHANTS STATE BANK,2024-06-30,171.08,0.0,1.004914649348396,False
13242,FARMERS&MERCHANTS STATE BANK,2024-09-30,176.194,0.0,0.7800444378420591,False
13249,STATE SB OF MANISTIQUE,2024-03-31,140.221,0.0,0.8940011577400984,False
13249,STATE SB OF MANISTIQUE,2024-06-30,140.942,0.14,1.2386340208914304,False
13249,STATE SB OF MANISTIQUE,2024-09-30,140.802,3.054,0.8385478181273431,False
13251,CHAMBERS STATE BANK,2024-03-31,59.839,0.0,0.23058672546092618,False
13251,CHAMBERS STATE BANK,2024-06-30,61.142,1.845,0.3522938451406115,False
13251,CHAMBERS STATE BANK,2024-09-30,59.297,0.0,0.22224164945650976,False
13255,MIDWEST BANK,2024-03-31,892.539,0.0,3.9440195001590537,False
13255,MIDWEST BANK,2024-06-30,904.65,0.0,5.294525174581598,False
13255,MIDWEST BANK,2024-09-30,959.715,22.838,4.486130872190298,False
13264,BANK OF LUXEMBURG,2024-03-31,575.764,0.0,2.7504929413868022,False
13264,BANK OF LUXEMBURG,2024-06-30,581.727,0.0,3.685191826424899,False
13264,BANK OF LUXEMBURG,2024-09-30,585.752,0.0,2.736757257683005,False
13274,BANK OF COMMERCE,2024-03-31,179.953,1.372,1.4108345145413592,False
13274,BANK OF COMMERCE,2024-06-30,178.581,8.192,1.9131131729297066,False
13274,BANK OF COMMERCE,2024-09-30,170.389,8.524,1.2770992471339928,False
13297,SOLVAY BANK,2024-03-31,1043.545,0.0,5.9761465459575716,False
13297,SOLVAY BANK,2024-06-30,1052.445,0.0,7.310180781885015,False
13297,SOLVAY BANK,2024-09-30,1139.447,80.538,6.663051937169116,False
13303,BANK OF ENGLAND,2024-03-31,311.273,17.281,2.2693402603748853,False
13303,BANK OF ENGLAND,2024-06-30,293.992,0.0,2.8683272552295938,False
13303,BANK OF ENGLAND,2024-09-30,301.055,18.613,2.951252433908068,False
13305,NEW WASHINGTON STATE BANK,2024-03-31,492.123,0.0,2.511308600927998,False
13305,NEW WASHINGTON STATE BANK,2024-06-30,507.801,0.0,3.702417786266144,False
13305,NEW WASHINGTON STATE BANK,2024-09-30,515.377,0.0,2.7051775059710708,False
13339,STATE BANK&TRUST CO,2024-03-31,1119.549,0.0,4.666317058182554,False
13339,STATE BANK&TRUST CO,2024-06-30,1120.067,0.0,6.196307946035419,False
13339,STATE BANK&TRUST CO,2024-09-30,1168.013,10.729,4.671249374102634,False
13341,CROGHAN COLONIAL BANK,2024-03-31,917.082,0.0,4.536329094511985,False
13341,CROGHAN COLONIAL BANK,2024-06-30,924.864,0.0,5.893759933762447,False
13341,CROGHAN COLONIAL BANK,2024-09-30,934.948,0.0,4.380606294459083,False
13366,EXCHANGE BANK&TRUST CO,2024-03-31,358.725,2.706,1.8227274469377222,False
13366,EXCHANGE BANK&TRUST CO,2024-06-30,356.019,0.0,2.389043765386147,False
13366,EXCHANGE BANK&TRUST CO,2024-09-30,361.357,0.0,1.7265428511213934,False
13381,NORTHEAST MISSOURI STB,2024-03-31,127.686,0.537,0.9202025570658688,False
13381,NORTHEAST MISSOURI STB,2024-06-30,127.149,0.0,1.137823638888083,False
13381,NORTHEAST MISSOURI STB,2024-09-30,127.311,0.0,0.8886536190948171,False
13382,FARMERS&MERCHANTS STB SPRING,2024-03-31,122.656,3.437,0.7472341489167775,False
13382,FARMERS&MERCHANTS STB SPRING,2024-06-30,119.219,0.0,0.9979950129197901,False
13382,FARMERS&MERCHANTS STB SPRING,2024-09-30,122.056,0.866,0.7354526734541282,False
13397,BANK OF UTICA,2024-03-31,948.232,0.0,6.247777833546447,False
13397,BANK OF UTICA,2024-06-30,956.607,0.0,8.257049454797222,False
13397,BANK OF UTICA,2024-09-30,985.229,0.0,6.044234200751914,False
13407,FARMERS STATE BANK,2024-03-31,311.729,8.974,2.0100086689465293,False
13407,FARMERS STATE BANK,2024-06-30,302.755,5.571,2.3875561687197933,False
13407,FARMERS STATE BANK,2024-09-30,297.184,0.0,1.7712576542037628,False
13413,KAW VALLEY STATE BANK,2024-03-31,67.103,0.0,0.544712368160628,False
13413,KAW VALLEY STATE BANK,2024-06-30,68.644,3.504,0.7568508821140496,False
13413,KAW VALLEY STATE BANK,2024-09-30,65.14,0.0,0.4114779639340393,False
13415,FARMERS&MERCHANTS BANK,2024-03-31,63.06,0.0,0.6710199823284025,False
13415,FARMERS&MERCHANTS BANK,2024-06-30,63.083,0.766,0.7902135138127124,False
13415,FARMERS&MERCHANTS BANK,2024-09-30,62.317,0.0,0.6097623598213624,False
13416,OKLAHOMA STATE BANK,2024-03-31,54.325,1.359,0.206150209136046,False
13416,OKLAHOMA STATE BANK,2024-06-30,52.966,0.591,0.3253103027459053,False
13416,OKLAHOMA STATE BANK,2024-09-30,52.375,0.0,0.2078611781001262,False
13421,UNION BANK&TRUST CO,2024-03-31,6670.686,81.936,20.673180755869126,True
13421,UNION BANK&TRUST CO,2024-06-30,6588.75,0.0,27.693358783462624,True
13421,UNION BANK&TRUST CO,2024-09-30,6929.538,0.0,22.149721143500145,True
13430,WADENA STATE BANK,2024-03-31,184.634,3.245,1.0684318813643636,False
13430,WADENA STATE BANK,2024-06-30,181.389,0.0,1.4478156468858652,False
13430,WADENA STATE BANK,2024-09-30,185.651,1.992,1.0383692504299165,False
13450,INTEGRITY BANK,2024-03-31,55.532,0.0,0.23883710736065053,False
13450,INTEGRITY BANK,2024-06-30,72.823,1.088,0.6434458866612002,False
13450,INTEGRITY BANK,2024-09-30,71.735,0.0,0.41606104302420194,False
13454,ROYAL BANK,2024-03-31,651.131,0.0,3.4781083529087904,False
13454,ROYAL BANK,2024-06-30,655.578,0.0,4.5002004676176695,False
13454,ROYAL BANK,2024-09-30,656.189,0.0,3.1829372149744906,False
13551,STATE EXCHANGE BANK,2024-03-31,101.402,4.167,0.48732860609919043,False
13551,STATE EXCHANGE BANK,2024-06-30,97.235,0.0,0.6117523189038431,False
13551,STATE EXCHANGE BANK,2024-09-30,100.577,3.564,0.5700560291557765,False
13561,FLEETWOOD BANK,2024-03-31,352.289,0.0,2.2493149248101787,False
13561,FLEETWOOD BANK,2024-06-30,360.88,4.592,3.0007890221990725,False
13561,FLEETWOOD BANK,2024-09-30,356.288,0.0,2.1216047715264486,False
13565,BANK OF SUN PRAIRIE,2024-03-31,593.776,10.374,2.398539975595383,False
13565,BANK OF SUN PRAIRIE,2024-06-30,583.402,0.0,3.341742842181134,False
13565,BANK OF SUN PRAIRIE,2024-09-30,645.834,0.0,2.574259333514639,False
13582,STATE BANK OF NAUVOO,2024-03-31,33.807,0.0,0.24818698773604725,False
13582,STATE BANK OF NAUVOO,2024-06-30,34.83,0.0,0.4167708263332489,False
13582,STATE BANK OF NAUVOO,2024-09-30,35.308,1.295,0.36491844016232045,False
13584,TAMPA STATE BANK,2024-03-31,50.008,3.2,0.1628482808731853,False
13584,TAMPA STATE BANK,2024-06-30,46.808,0.0,0.21745442486153896,False
13584,TAMPA STATE BANK,2024-09-30,52.344,0.0,0.27670392512705944,False
13599,FIRST-LOCKHART NATIONAL BANK,2024-03-31,339.096,0.0,1.8935719048529152,False
13599,FIRST-LOCKHART NATIONAL BANK,2024-06-30,347.53,2.011,2.9425561567978558,False
13599,FIRST-LOCKHART NATIONAL BANK,2024-09-30,345.519,0.0,2.007724516744733,False
13600,POINTWEST BANK,2024-03-31,122.017,1.696,1.130619623693196,False
13600,POINTWEST BANK,2024-06-30,120.321,0.0,1.461976723883198,False
13600,POINTWEST BANK,2024-09-30,121.527,0.0,1.052287173127811,False
13611,BANK OF MEAD,2024-03-31,31.897,0.0,0.11840597044729823,False
13611,BANK OF MEAD,2024-06-30,32.669,0.0,0.19497638725705568,False
13611,BANK OF MEAD,2024-09-30,32.715,0.601,0.15638694607639028,False
13616,CORYDON STATE BANK,2024-03-31,82.222,0.575,0.3878791493755698,False
13616,CORYDON STATE BANK,2024-06-30,81.647,0.0,0.5462244814090423,False
13616,CORYDON STATE BANK,2024-09-30,82.629,0.0,0.413295738746564,False
13622,DAYSPRING BANK,2024-03-31,774.236,0.0,3.883175096629057,False
13622,DAYSPRING BANK,2024-06-30,788.006,0.0,5.319913477207256,False
13622,DAYSPRING BANK,2024-09-30,846.868,0.0,3.8929273243802616,False
13632,FIRST STATE BANK,2024-03-31,461.565,0.0,2.4001905213721635,False
13632,FIRST STATE BANK,2024-06-30,475.069,0.0,3.3480966013244435,False
13632,FIRST STATE BANK,2024-09-30,491.338,0.0,2.4451907345030537,False
13652,PINE COUNTRY BANK,2024-03-31,207.463,1.831,1.3025335488798095,False
13652,PINE COUNTRY BANK,2024-06-30,205.632,0.0,1.6897226924775561,False
13652,PINE COUNTRY BANK,2024-09-30,212.199,0.0,1.3303034597544998,False
13656,UNITED COMMUNITY BANK,2024-03-31,224.803,0.0,1.0803400524944642,False
13656,UNITED COMMUNITY BANK,2024-06-30,226.647,2.12,1.4898476338017879,False
13656,UNITED COMMUNITY BANK,2024-09-30,224.527,0.0,1.0700955664636966,False
13662,FARMERS&MERCHANTS STB BLOOMF,2024-03-31,165.854,0.0,0.8703869442821117,False
13662,FARMERS&MERCHANTS STB BLOOMF,2024-06-30,175.273,12.317,1.3124671127558265,False
13662,FARMERS&MERCHANTS STB BLOOMF,2024-09-30,162.956,0.0,0.7489407044791249,False
13692,BRUNSWICK STATE BANK,2024-03-31,141.998,0.0,0.6436337362415924,False
13692,BRUNSWICK STATE BANK,2024-06-30,144.247,2.153,0.9026363231385904,False
13692,BRUNSWICK STATE BANK,2024-09-30,142.094,0.0,0.5658050227626875,False
13696,NEBRASKA STATE BANK,2024-03-31,17.396,0.0,0.0,False
13696,NEBRASKA STATE BANK,2024-06-30,18.043,0.845,0.007029154515500156,False
13696,NEBRASKA STATE BANK,2024-09-30,17.198,0.0,0.003945445443116208,False
13703,GREENVILLE NATIONAL BANK,2024-03-31,503.452,0.0,2.7065689271404763,False
13703,GREENVILLE NATIONAL BANK,2024-06-30,508.179,0.0,3.65534241333044,False
13703,GREENVILLE NATIONAL BANK,2024-09-30,529.512,5.22,2.8336328249388765,False
13712,LIBERTYVILLE SAVINGS BANK,2024-03-31,312.087,3.766,1.824104142973663,False
13712,LIBERTYVILLE SAVINGS BANK,2024-06-30,308.321,3.637,2.3901230228578365,False
13712,LIBERTYVILLE SAVINGS BANK,2024-09-30,304.684,0.0,1.6894605154353324,False
13715,STATE BANK,2024-03-31,74.646,0.0,0.3458354080269676,False
13715,STATE BANK,2024-06-30,75.78,0.583,0.5875902087120711,False
13715,STATE BANK,2024-09-30,75.197,0.0,0.3994039219841489,False
13716,MIDDLEFIELD BANKING CO,2024-03-31,1450.628,0.0,5.42192541168286,False
13716,MIDDLEFIELD BANKING CO,2024-06-30,1472.488,0.0,7.495668620104216,False
13716,MIDDLEFIELD BANKING CO,2024-09-30,1516.664,66.934,5.3911811848688425,False
13729,PRESCOTT STATE BANK,2024-03-31,12.412,0.247,0.0,False
13729,PRESCOTT STATE BANK,2024-06-30,12.165,0.0,0.0,False
13729,PRESCOTT STATE BANK,2024-09-30,12.856,0.0,0.0,False
13735,SAVINGS BANK,2024-03-31,233.332,3.464,1.1335702410633306,False
13735,SAVINGS BANK,2024-06-30,229.868,0.0,1.4549143029860636,False
13735,SAVINGS BANK,2024-09-30,240.372,0.0,1.0778891061209093,False
13736,MAYNARD SAVINGS BANK,2024-03-31,90.178,0.869,0.5035038139688408,False
13736,MAYNARD SAVINGS BANK,2024-06-30,89.309,0.0,0.681211376752189,False
13736,MAYNARD SAVINGS BANK,2024-09-30,91.144,1.9,0.5335272030115205,False
13737,FARMERS&MERCHANTS BANK&TRUST,2024-03-31,215.146,12.221,1.6875847619723818,False
13737,FARMERS&MERCHANTS BANK&TRUST,2024-06-30,202.925,0.102,1.9115728139094594,False
13737,FARMERS&MERCHANTS BANK&TRUST,2024-09-30,202.823,18.849,1.5170750367116186,False
13748,UPSTATE NATIONAL BANK,2024-03-31,204.464,18.94,1.152647474555692,False
13748,UPSTATE NATIONAL BANK,2024-06-30,185.524,0.0,1.274799840066985,False
13748,UPSTATE NATIONAL BANK,2024-09-30,187.3,16.745,1.0328555468875829,False
13753,BLUE GRASS SAVINGS BANK,2024-03-31,192.954,1.559,1.1820678657986468,False
13753,BLUE GRASS SAVINGS BANK,2024-06-30,191.395,0.0,1.528076604403959,False
13753,BLUE GRASS SAVINGS BANK,2024-09-30,193.089,4.767,1.1479913933324906,False
13774,BENTON COUNTY STATE BANK,2024-03-31,37.773,0.353,0.045928525281963624,False
13774,BENTON COUNTY STATE BANK,2024-06-30,37.42,0.588,0.07967162150467229,False
13774,BENTON COUNTY STATE BANK,2024-09-30,36.832,1.444,0.07190138626425041,False
13775,FARMERS STATE BANK,2024-03-31,185.36,13.552,1.1271660269322266,False
13775,FARMERS STATE BANK,2024-06-30,171.808,0.0,1.3379853663144303,False
13775,FARMERS STATE BANK,2024-09-30,178.514,0.0,1.027613701556699,False
13784,NORTHERN INTERSTATE BANK N A,2024-03-31,162.552,2.026,1.1650397890193238,False
13784,NORTHERN INTERSTATE BANK N A,2024-06-30,160.526,0.896,1.5301980498277123,False
13784,NORTHERN INTERSTATE BANK N A,2024-09-30,159.63,0.0,1.1240466265350035,False
13788,CONCORDIA BK OF CONCORDIA MO,2024-03-31,100.72,0.622,0.4155278117642875,False
13788,CONCORDIA BK OF CONCORDIA MO,2024-06-30,100.098,0.0,0.5717481994249518,False
13788,CONCORDIA BK OF CONCORDIA MO,2024-09-30,102.569,0.0,0.4265944045146131,False
13794,MCINTOSH COUNTY BANK,2024-03-31,98.739,0.0,0.5578262186348661,False
13794,MCINTOSH COUNTY BANK,2024-06-30,99.939,5.811,0.7753201086065136,False
13794,MCINTOSH COUNTY BANK,2024-09-30,94.128,2.482,0.49630068918956183,False
13798,FIRST NB IN FREDONIA,2024-03-31,85.383,0.0,0.6457052556406124,False
13798,FIRST NB IN FREDONIA,2024-06-30,86.759,0.0,0.9072993881310762,False
13798,FIRST NB IN FREDONIA,2024-09-30,88.303,0.0,0.6969451616457203,False
13801,FARMERS&MERCHANTS BANK,2024-03-31,233.982,0.0,1.6164771486172878,False
13801,FARMERS&MERCHANTS BANK,2024-06-30,237.025,3.973,2.1196678237101563,False
13801,FARMERS&MERCHANTS BANK,2024-09-30,233.052,0.0,1.3595001714980954,False
13802,TWIN VALLEY BANK,2024-03-31,118.065,0.0,0.623540757775889,False
13802,TWIN VALLEY BANK,2024-06-30,120.879,0.0,0.8781501883627313,False
13802,TWIN VALLEY BANK,2024-09-30,125.184,0.881,0.6643542800002582,False
13809,MINNSTAR BANK NATIONAL ASSN,2024-03-31,183.634,9.663,0.8346282087668809,False
13809,MINNSTAR BANK NATIONAL ASSN,2024-06-30,173.971,0.2,1.043810405819686,False
13809,MINNSTAR BANK NATIONAL ASSN,2024-09-30,173.771,3.766,0.7680859406027826,False
13813,FIRST NB IN PINCKNEYVILLE,2024-03-31,115.531,0.0,0.7674435080778829,False
13813,FIRST NB IN PINCKNEYVILLE,2024-06-30,122.796,4.218,1.1452742647938794,False
13813,FIRST NB IN PINCKNEYVILLE,2024-09-30,118.578,0.0,0.793311441490087,False
13816,BANK 1ST,2024-03-31,127.461,0.0,0.7791497243640864,False
13816,BANK 1ST,2024-06-30,127.733,0.0,0.986966382004135,False
13816,BANK 1ST,2024-09-30,140.439,0.0,0.9013094102346773,False
13819,COMMERCIAL STATE BANK,2024-03-31,199.968,0.0,0.894188992078565,False
13819,COMMERCIAL STATE BANK,2024-06-30,202.439,0.0,1.2313771653558323,False
13819,COMMERCIAL STATE BANK,2024-09-30,216.989,7.904,1.0309792187399514,False
13821,CROSS BANK,2024-03-31,374.143,0.0,1.7118040654931606,False
13821,CROSS BANK,2024-06-30,400.138,0.114,2.207187340444653,False
13821,CROSS BANK,2024-09-30,400.024,0.0,1.7179132813264217,False
13832,TRUST BANK,2024-03-31,38.116,3.758,0.6536814001636979,False
13832,TRUST BANK,2024-06-30,34.358,0.0,0.5916265066955456,False
13832,TRUST BANK,2024-09-30,35.051,0.0,0.4922024796514772,False
13838,FIELD&MAIN BANK,2024-03-31,686.231,28.518,3.7774455371120297,False
13838,FIELD&MAIN BANK,2024-06-30,657.713,0.0,3.956203698524806,False
13838,FIELD&MAIN BANK,2024-09-30,665.716,0.0,2.7565019552062866,False
13843,KENTLAND BANK,2024-03-31,289.439,0.325,1.6225221469133464,False
13843,KENTLAND BANK,2024-06-30,289.114,0.0,2.1158713824614566,False
13843,KENTLAND BANK,2024-09-30,302.308,2.088,1.5922768388684154,False
13868,FIRST STATE BANK NEBRASKA,2024-03-31,820.089,0.0,3.7255514708475994,False
13868,FIRST STATE BANK NEBRASKA,2024-06-30,831.624,0.0,4.979800001248319,False
13868,FIRST STATE BANK NEBRASKA,2024-09-30,880.966,11.906,3.528877542283095,False
13876,CNB BANK,2024-03-31,5139.268,0.0,17.77063450610486,True
13876,CNB BANK,2024-06-30,5212.854,0.0,24.414539702016757,True
13876,CNB BANK,2024-09-30,5320.639,0.0,17.29078104063651,True
13879,PEOPLESBANK CODORUS VALLEY,2024-03-31,1920.933,0.0,6.983270327712856,False
13883,FARMERS STATE BANK,2024-03-31,147.784,3.302,0.9841807038377101,False
13883,FARMERS STATE BANK,2024-06-30,144.482,1.267,1.2133618538818223,False
13883,FARMERS STATE BANK,2024-09-30,143.215,0.129,0.9097756800716654,False
13887,FARMERS&MERCHANTS BANK,2024-03-31,250.698,1.908,1.823554395428253,False
13887,FARMERS&MERCHANTS BANK,2024-06-30,248.79,0.0,2.3384615241029096,False
13887,FARMERS&MERCHANTS BANK,2024-09-30,248.845,0.0,1.67252350960736,False
13892,SANDHILLS STATE BANK,2024-03-31,304.452,3.269,1.5561251962586498,False
13892,SANDHILLS STATE BANK,2024-06-30,301.183,0.0,2.0083966122034136,False
13892,SANDHILLS STATE BANK,2024-09-30,322.28,5.349,1.5442590944314951,False
13897,FARMERS STATE BANK,2024-03-31,333.855,5.847,1.7478963152865863,False
13897,FARMERS STATE BANK,2024-06-30,328.008,2.519,2.1873986706016946,False
13897,FARMERS STATE BANK,2024-09-30,325.489,0.0,1.4927671489743826,False
13902,FARMERS STATE BANK OF MEDORA,2024-03-31,20.151,0.659,0.0,False
13902,FARMERS STATE BANK OF MEDORA,2024-06-30,19.492,0.956,0.0,False
13902,FARMERS STATE BANK OF MEDORA,2024-09-30,18.536,0.0,0.0,False
13905,FIRST TEXOMA NATIONAL BANK,2024-03-31,199.837,0.0,1.0433573543911205,False
13905,FIRST TEXOMA NATIONAL BANK,2024-06-30,201.792,0.0,1.4441806453223285,False
13905,FIRST TEXOMA NATIONAL BANK,2024-09-30,203.551,1.886,1.0797947171201956,False
13919,SOUTHTRUST BANK N A,2024-03-31,485.184,20.147,3.855606538114569,False
13919,SOUTHTRUST BANK N A,2024-06-30,465.037,0.0,4.437095693305602,False
13919,SOUTHTRUST BANK N A,2024-09-30,475.906,0.0,3.1901438980755663,False
13926,STATE BK OF CANTON CANTON KS,2024-03-31,26.54,0.0,0.0583611388236908,False
13926,STATE BK OF CANTON CANTON KS,2024-06-30,26.882,0.0,0.10864813619896907,False
13926,STATE BK OF CANTON CANTON KS,2024-09-30,27.997,2.646,0.1132577624374295,False
13931,STATE BANK OF SCHALLER,2024-03-31,34.007,0.0,0.06418940215833117,False
13931,STATE BANK OF SCHALLER,2024-06-30,35.772,0.0,0.2336115240231898,False
13931,STATE BANK OF SCHALLER,2024-09-30,37.156,0.486,0.24042169345199724,False
13946,FIRST BANK&TRUST CO,2024-03-31,206.28,2.146,1.1633974921633812,False
13946,FIRST BANK&TRUST CO,2024-06-30,204.134,0.0,1.5432234501537527,False
13946,FIRST BANK&TRUST CO,2024-09-30,205.892,0.0,1.1776758253869388,False
13947,ALAMOSA STATE BANK,2024-03-31,296.603,0.0,2.516994165139371,False
13947,ALAMOSA STATE BANK,2024-06-30,299.238,0.0,3.3260985354025383,False
13947,ALAMOSA STATE BANK,2024-09-30,304.895,5.15,2.549457967310698,False
13951,COMMUNITY BANK OF LOUISIANA,2024-03-31,765.482,29.946,6.876764164788818,False
13951,COMMUNITY BANK OF LOUISIANA,2024-06-30,735.536,5.901,8.061608152839046,False
13951,COMMUNITY BANK OF LOUISIANA,2024-09-30,729.635,0.0,5.530893926374564,False
13953,IOWA STATE BANK,2024-03-31,814.098,0.0,3.823480305444938,False
13953,IOWA STATE BANK,2024-06-30,838.882,14.847,5.450090689721092,False
13953,IOWA STATE BANK,2024-09-30,824.035,0.0,3.6891770772459602,False
13955,MCKENZIE BANKING CO,2024-03-31,173.148,2.342,1.41845220253586,False
13955,FOUNDATION BANK,2024-06-30,170.806,0.599,1.8150468822644557,False
13955,FOUNDATION BANK,2024-09-30,170.207,0.0,1.3910827390753646,False
13957,KANSASLAND BANK,2024-03-31,45.407,2.811,0.12647882043311892,False
13959,CBW BANK,2024-03-31,64.821,6.071,2.1329057782261884,False
13959,CBW BANK,2024-06-30,58.75,10.128,2.1852132798724977,False
13959,CBW BANK,2024-09-30,48.622,0.0,1.1015649861391832,False
13960,BANK OF HOUSTON,2024-03-31,46.093,0.0,0.08938079633529102,False
13960,BANK OF HOUSTON,2024-06-30,47.572,0.0,0.16325814435147018,False
13960,BANK OF HOUSTON,2024-09-30,49.436,1.228,0.14038152356241454,False
13962,BANK OF HARTINGTON,2024-03-31,120.397,0.0,0.6040202078395984,False
13962,BANK OF HARTINGTON,2024-06-30,123.93,5.227,0.8954301949710156,False
13962,BANK OF HARTINGTON,2024-09-30,118.703,3.471,0.5538737765505337,False
13983,GRANVILLE NATIONAL BANK,2024-03-31,101.174,2.703,0.723388583977401,False
13983,GRANVILLE NATIONAL BANK,2024-06-30,98.471,0.0,0.9097802391044528,False
13983,GRANVILLE NATIONAL BANK,2024-09-30,101.286,1.847,0.7237833898176851,False
13990,PALO SAVINGS BANK,2024-03-31,43.788,0.0,0.13558113931879148,False
13990,PALO SAVINGS BANK,2024-06-30,44.883,1.669,0.23399935637958028,False
13990,PALO SAVINGS BANK,2024-09-30,43.214,0.0,0.1648850884602908,False
13999,FARMERS&MERCHANTS STATE BANK,2024-03-31,31.736,0.433,0.040013481848999645,False
13999,FARMERS&MERCHANTS STATE BANK,2024-06-30,31.303,1.109,0.054923175580635065,False
13999,FARMERS&MERCHANTS STATE BANK,2024-09-30,30.194,0.0,0.06903555098622818,False
14009,CHELSEA STATE BANK,2024-03-31,373.448,9.478,2.5031491454589574,False
14009,CHELSEA STATE BANK,2024-06-30,363.97,14.97,3.024730789348128,False
14009,CHELSEA STATE BANK,2024-09-30,349.0,0.0,1.8743432220846483,False
14017,MIDDLETOWN VALLEY BANK,2024-03-31,906.275,0.0,4.330648917063539,False
14017,MIDDLETOWN VALLEY BANK,2024-06-30,931.093,0.0,6.138656050892241,False
14017,MIDDLETOWN VALLEY BANK,2024-09-30,933.543,25.09,4.304041376418944,False
14024,FARMERS&MERCHANTS BK MOUND C,2024-03-31,50.706,0.0,0.29722053689924893,False
14024,FARMERS&MERCHANTS BK MOUND C,2024-06-30,51.252,0.919,0.4236347409758351,False
14024,FARMERS&MERCHANTS BK MOUND C,2024-09-30,50.333,0.0,0.29787967138080224,False
14025,CONNECTIONS BANK,2024-03-31,417.165,0.474,2.0191827097556243,False
14025,CONNECTIONS BANK,2024-06-30,416.691,7.873,2.7083491565919555,False
14025,CONNECTIONS BANK,2024-09-30,408.818,0.0,1.8457652804066045,False
14026,SCRIBNER BANK,2024-03-31,69.37,0.164,0.5054733054610349,False
14026,SCRIBNER BANK,2024-06-30,69.206,3.832,0.6802039975781579,False
14026,SCRIBNER BANK,2024-09-30,65.374,0.0,0.4475040069242357,False
14028,FIRST GUARANTY BANK,2024-03-31,3070.242,19.963,12.69905831938177,True
14028,FIRST GUARANTY BANK,2024-06-30,3050.279,0.0,16.449667855947574,True
14028,FIRST GUARANTY BANK,2024-09-30,3435.417,0.0,13.921545858764683,True
14029,FIRST LIBERTY BANK,2024-03-31,598.546,0.0,2.850761909062644,False
14029,FIRST LIBERTY BANK,2024-06-30,607.781,0.0,3.9437414217135998,False
14029,FIRST LIBERTY BANK,2024-09-30,617.586,0.0,2.5017162633908234,False
14036,MISSOURI BANK,2024-03-31,375.77,4.115,2.371077688249279,False
14036,MISSOURI BANK,2024-06-30,371.655,0.0,2.7193418762350805,False
14036,MISSOURI BANK,2024-09-30,373.986,0.0,2.046699366158897,False
14056,FARMERS&MERCHANTS BK ST CLAI,2024-03-31,302.232,4.788,1.8459695466769297,False
14056,FARMERS&MERCHANTS BK ST CLAI,2024-06-30,297.444,0.0,2.3419366580015066,False
14056,FARMERS&MERCHANTS BK ST CLAI,2024-09-30,298.212,2.197,1.593488602109562,False
14058,GREAT PLAINS STATE BANK,2024-03-31,271.862,0.0,1.1766112639547908,False
14058,GREAT PLAINS STATE BANK,2024-06-30,294.628,0.0,1.7750969151978986,False
14058,GREAT PLAINS STATE BANK,2024-09-30,309.616,13.36,1.3848281992407805,False
14065,PINNACLE BANK,2024-03-31,1918.21,0.0,8.847135782777201,False
14065,PINNACLE BANK,2024-06-30,1929.66,41.194,11.52786547137658,False
14065,PINNACLE BANK,2024-09-30,1888.466,0.0,7.739293025476787,False
14069,STATE BANK OF SCOTIA,2024-03-31,51.072,4.287,0.2550938134760889,False
14069,STATE BANK OF SCOTIA,2024-06-30,46.785,0.0,0.23815897092151989,False
14069,STATE BANK OF SCOTIA,2024-09-30,47.671,2.108,0.20734387415499964,False
14073,COUNTY NATIONAL BANK,2024-03-31,1088.447,40.956,4.780036297568284,False
14073,COUNTY NATIONAL BANK,2024-06-30,1047.491,0.0,5.749776391945767,False
14073,COUNTY NATIONAL BANK,2024-09-30,1047.619,0.0,3.981564423140677,False
14079,GNB BANK,2024-03-31,520.676,20.683,2.5659945897382292,False
14079,GNB BANK,2024-06-30,499.993,0.0,3.2959236075434624,False
14079,GNB BANK,2024-09-30,507.173,9.62,2.3774430325027716,False
14083,BISON STATE BANK,2024-03-31,62.897,0.0,0.18349511739993932,False
14083,BISON STATE BANK,2024-06-30,77.456,0.0,0.3973375544406521,False
14083,BISON STATE BANK,2024-09-30,81.397,0.0,0.3129169025127343,False
14095,FIRST NB IN FALFURRIAS,2024-03-31,70.484,1.851,0.8205585908423763,False
14095,FIRST NB IN FALFURRIAS,2024-06-30,68.633,2.137,1.1319466348420018,False
14095,FIRST NB IN FALFURRIAS,2024-09-30,66.496,0.0,0.9563550421105051,False
14096,GENERATIONS BANK,2024-03-31,44.566,1.17,0.10388419243006995,False
14096,GENERATIONS BANK,2024-06-30,43.396,1.462,0.11466824471176593,False
14096,GENERATIONS BANK,2024-09-30,41.934,0.0,0.0869019540091881,False
14113,PEOPLES STATE BANK,2024-03-31,393.332,0.0,2.449914124972811,False
14113,PEOPLES STATE BANK,2024-06-30,404.335,2.86,3.4114831667500902,False
14113,PEOPLES STATE BANK,2024-09-30,401.475,0.0,2.4091180349884187,False
14134,PASSUMPSIC SAVINGS BANK,2024-03-31,674.131,12.139,3.0454518255617367,False
14134,PASSUMPSIC SAVINGS BANK,2024-06-30,661.992,0.0,4.112276781036748,False
14134,PASSUMPSIC SAVINGS BANK,2024-09-30,697.247,0.0,3.3401641675807268,False
14136,WELLS RIVER SAVINGS BANK,2024-03-31,196.243,0.137,1.1620033469497648,False
14136,WELLS RIVER SAVINGS BANK,2024-06-30,196.106,0.0,1.4483010910347776,False
14136,WELLS RIVER SAVINGS BANK,2024-09-30,200.05,0.0,1.0622415351111922,False
14140,NORTHFIELD SAVINGS BANK,2024-03-31,1223.701,24.904,5.72612631686165,False
14140,NORTHFIELD SAVINGS BANK,2024-06-30,1198.797,0.0,6.931804933314214,False
14140,NORTHFIELD SAVINGS BANK,2024-09-30,1238.363,4.322,4.996885411450009,False
14158,UNION BANK,2024-03-31,1175.239,118.186,5.375604518367167,False
14158,UNION BANK,2024-06-30,1057.053,0.0,6.641637585261858,False
14158,UNION BANK,2024-09-30,1176.6,5.201,5.102941377614352,False
14168,PEOPLES TR CO OF ST ALBANS,2024-03-31,323.43,0.0,1.795386252085179,False
14168,PEOPLES TR CO OF ST ALBANS,2024-06-30,330.926,2.896,2.4666138924419547,False
14168,PEOPLES TR CO OF ST ALBANS,2024-09-30,328.03,2.105,1.6251617132422176,False
14178,SILEX BANKING CO,2024-03-31,77.088,0.0,0.42774673490258186,False
14178,SILEX BANKING CO,2024-06-30,81.698,0.712,0.7028596847183162,False
14178,SILEX BANKING CO,2024-09-30,80.986,0.116,0.4590921809670869,False
14184,MARION COMMUNITY BANK,2024-03-31,299.519,0.0,1.933247500492654,False
14184,MARION COMMUNITY BANK,2024-06-30,313.221,0.0,2.7482782854427232,False
14184,MARION COMMUNITY BANK,2024-09-30,323.111,4.331,2.162741772715964,False
14185,FIRST STATE B&T CO INC,2024-03-31,482.647,0.0,2.2705492245155963,False
14185,FIRST STATE B&T CO INC,2024-06-30,505.465,0.0,3.182522201682002,False
14185,FIRST STATE B&T CO INC,2024-09-30,508.745,0.0,2.233982449622145,False
14195,FARMERS TRUST&SAVINGS BANK,2024-03-31,295.081,5.458,1.1658619323457582,False
14195,FARMERS TRUST&SAVINGS BANK,2024-06-30,289.623,0.0,1.5891173640566725,False
14195,FARMERS TRUST&SAVINGS BANK,2024-09-30,290.522,0.0,1.1141887881140498,False
14207,LINCOLN SAVINGS BANK,2024-03-31,1608.929,73.351,6.440305725277049,False
14207,LINCOLN SAVINGS BANK,2024-06-30,1535.578,0.0,8.261080749084899,False
14207,LINCOLN SAVINGS BANK,2024-09-30,1559.6,0.0,6.0000690679308955,False
14208,SECURITY SAVINGS BANK,2024-03-31,165.987,0.0,0.858162350202491,False
14208,SECURITY SAVINGS BANK,2024-06-30,166.276,10.647,1.1640797603750797,False
14208,SECURITY SAVINGS BANK,2024-09-30,155.629,0.0,0.7654259113620837,False
14209,FARMERS STATE BANK,2024-03-31,816.905,0.0,3.535643429404125,False
14209,FARMERS STATE BANK,2024-06-30,852.899,29.818,5.3721726889172245,False
14209,FARMERS STATE BANK,2024-09-30,823.081,0.0,3.2468333473768047,False
14222,SECURITY FINANCIAL BANK,2024-03-31,744.342,14.78,3.562718575837149,False
14222,SECURITY FINANCIAL BANK,2024-06-30,729.562,0.0,4.629152160179644,False
14222,SECURITY FINANCIAL BANK,2024-09-30,764.722,0.0,3.4908944890075424,False
14225,HOME NB OF THORNTOWN,2024-03-31,148.075,0.0,0.78070541066307,False
14225,HOME NB OF THORNTOWN,2024-06-30,152.276,1.086,1.260216592706066,False
14225,HOME NB OF THORNTOWN,2024-09-30,151.19,0.0,0.7881821778030507,False
14230,MALVERN BANK,2024-03-31,176.613,0.0,0.9140531768216198,False
14230,MALVERN BANK,2024-06-30,183.087,0.0,1.3915967238416993,False
14230,MALVERN BANK,2024-09-30,185.56,0.571,0.9891777655004151,False
14240,NORTHWAY BANK,2024-03-31,983.728,0.0,4.509059201804626,False
14240,NORTHWAY BANK,2024-06-30,1022.14,8.229,6.542501789604115,False
14240,NORTHWAY BANK,2024-09-30,1013.911,36.445,4.183534234608588,False
14247,UNITED BANK&TRUST CO,2024-03-31,183.81,5.645,1.2792586936079908,False
14247,UNITED BANK&TRUST CO,2024-06-30,178.165,4.029,1.6064624017302922,False
14247,UNITED BANK&TRUST CO,2024-09-30,174.136,0.0,1.0685147522180602,False
14260,WALTERS BANK&TRUST CO,2024-03-31,54.0,0.583,0.255838681778465,False
14260,WALTERS BANK&TRUST CO,2024-06-30,53.417,4.954,0.41859350812124724,False
14260,WALTERS BANK&TRUST CO,2024-09-30,48.463,0.0,0.24243044919749926,False
14264,CORNHUSKER BANK,2024-03-31,795.262,0.0,3.311619513058907,False
14264,CORNHUSKER BANK,2024-06-30,820.774,15.222,4.773929389583195,False
14264,CORNHUSKER BANK,2024-09-30,805.552,0.0,3.154231365796946,False
14266,NATIONAL BANK OF COMMERCE,2024-03-31,1158.416,0.0,5.389645898204264,False
14266,NATIONAL BANK OF COMMERCE,2024-06-30,1174.06,0.0,7.344914808307042,False
14266,NATIONAL BANK OF COMMERCE,2024-09-30,1237.787,0.0,5.800879538320688,False
14269,CITIZENS STATE BANK,2024-03-31,344.539,16.188,1.7169766648787919,False
14269,CITIZENS STATE BANK,2024-06-30,328.351,0.0,2.159438282529394,False
14269,CITIZENS STATE BANK,2024-09-30,333.971,0.0,1.5803271743067906,False
14275,FARMERS&MERCHANTS BANK,2024-03-31,117.761,0.0,0.6851453091568687,False
14275,FARMERS&MERCHANTS BANK,2024-06-30,122.766,0.0,0.9666832031751078,False
14275,FARMERS&MERCHANTS BANK,2024-09-30,138.64,0.0,0.833191245620825,False
14276,FIRST BANK UPPER MICHIGAN,2024-03-31,501.438,0.0,2.4690009414399614,False
14276,FIRST BANK UPPER MICHIGAN,2024-06-30,501.661,0.0,3.2216687195485902,False
14276,FIRST BANK UPPER MICHIGAN,2024-09-30,518.351,2.062,2.4612652124499808,False
14281,FIRST BANK OF UTICA,2024-03-31,62.106,1.427,0.3370145151793996,False
14281,FIRST BANK OF UTICA,2024-06-30,60.679,0.0,0.4415226697564793,False
14281,FIRST BANK OF UTICA,2024-09-30,61.119,5.665,0.2942791964303915,False
14291,BANK,2024-03-31,113.724,3.396,0.48464488905415815,False
14291,BANK,2024-06-30,110.328,0.0,0.5907065954050899,False
14291,BANK,2024-09-30,115.614,0.0,0.42398667335336127,False
14293,CITIZENS BANK&TRUST,2024-03-31,106.573,5.632,0.7626582472243018,False
14293,CITIZENS BANK&TRUST,2024-06-30,100.941,11.232,0.8745312809525644,False
14293,CITIZENS BANK&TRUST,2024-09-30,89.709,0.0,0.5037494013318218,False
14311,ADAMS COUNTY BANK,2024-03-31,149.606,1.526,0.8458221438229636,False
14311,ADAMS COUNTY BANK,2024-06-30,148.08,2.209,1.0667761720254871,False
14311,ADAMS COUNTY BANK,2024-09-30,145.871,0.0,0.7408415710150464,False
14312,FIVE POINTS BANK OF HASTINGS,2024-03-31,451.457,0.0,2.710484315832524,False
14312,FIVE POINTS BANK OF HASTINGS,2024-06-30,452.842,5.504,3.632226006653503,False
14312,FIVE POINTS BANK OF HASTINGS,2024-09-30,447.338,0.0,2.573198893285822,False
14316,BENTON STATE BANK,2024-03-31,73.235,0.0,0.24734341353271033,False
14316,BENTON STATE BANK,2024-06-30,76.949,0.0,0.38521482127135537,False
14316,BENTON STATE BANK,2024-09-30,80.463,0.0,0.3719853026595052,False
14327,HORIZON BANK,2024-03-31,358.671,0.0,1.567378050821811,False
14327,HORIZON BANK,2024-06-30,378.114,1.441,2.2395528675023946,False
14327,HORIZON BANK,2024-09-30,376.673,0.0,1.5591429888633952,False
14331,FIRSTBANK,2024-03-31,542.63,0.209,3.8336393153290316,False
14331,FIRSTBANK,2024-06-30,542.421,0.365,5.22520166205189,False
14331,FIRSTBANK,2024-09-30,542.056,0.0,3.818981851595029,False
14333,COMMERCIAL BANK&TRUST OF PA,2024-03-31,327.325,18.152,1.9626462278653254,False
14333,COMMERCIAL BANK&TRUST OF PA,2024-06-30,309.173,0.0,2.495838640862775,False
14333,COMMERCIAL BANK&TRUST OF PA,2024-09-30,310.519,8.958,1.8840579823527412,False
14334,UNITED BANK OF UNION,2024-03-31,476.044,0.0,2.1472491439746886,False
14334,UNITED BANK OF UNION,2024-06-30,483.589,2.948,2.963492518298328,False
14334,UNITED BANK OF UNION,2024-09-30,480.641,10.34,2.062698415995684,False
14344,FARMERS STATE BANK,2024-03-31,29.211,0.191,0.0,False
14344,FARMERS STATE BANK,2024-06-30,29.02,0.0,0.0,False
14344,FARMERS STATE BANK,2024-09-30,30.371,0.0,0.034497873773422616,False
14349,BANK OF SALEM,2024-03-31,124.433,0.0,0.6244880209365925,False
14349,BANK OF SALEM,2024-06-30,128.426,0.0,0.9707718252338027,False
14349,BANK OF SALEM,2024-09-30,129.712,0.0,0.7785878093109166,False
14352,FEDERATION BANK,2024-03-31,128.248,6.478,0.8510706518463137,False
14352,FEDERATION BANK,2024-06-30,121.77,0.0,0.9938836898004448,False
14352,FEDERATION BANK,2024-09-30,134.774,7.709,0.9622178419259151,False
14355,FIRST CITIZENS NB UPPER SAND,2024-03-31,310.103,3.143,2.023844352988142,False
14355,FIRST CITIZENS NB UPPER SAND,2024-06-30,306.96,0.0,2.351214328528583,False
14355,FIRST CITIZENS NB UPPER SAND,2024-09-30,318.93,8.676,1.8174066622355918,False
14359,JERSEY SHORE STATE BANK,2024-03-31,1100.279,0.0,4.321264537162788,False
14359,JERSEY SHORE STATE BANK,2024-06-30,1105.538,0.0,5.867011882656777,False
14359,JERSEY SHORE STATE BANK,2024-09-30,1132.885,0.0,4.167660203396308,False
14382,FIDELITY BANK&TRUST,2024-03-31,1620.923,0.0,6.928755323032602,False
14382,FIDELITY BANK&TRUST,2024-06-30,1655.164,6.768,9.694191473820721,False
14382,FIDELITY BANK&TRUST,2024-09-30,1648.396,0.0,6.711380221759047,False
14392,FARMERS TRUST&SAVINGS BANK,2024-03-31,139.324,2.985,0.6277723094158257,False
14392,FARMERS TRUST&SAVINGS BANK,2024-06-30,136.339,0.0,0.8091345637369763,False
14392,FARMERS TRUST&SAVINGS BANK,2024-09-30,136.418,0.0,0.5581346453210653,False
14399,HASKELL NATIONAL BANK,2024-03-31,66.235,0.0,0.3716280425488939,False
14399,HASKELL NATIONAL BANK,2024-06-30,66.674,0.0,0.5861246881976023,False
14399,HASKELL NATIONAL BANK,2024-09-30,67.847,1.513,0.49263585936190746,False
14400,FIRST NB IN TIGERTON,2024-03-31,24.881,0.0,0.1422878076679053,False
14400,FIRST NB IN TIGERTON,2024-06-30,25.102,1.253,0.18660533777743718,False
14400,FIRST NB IN TIGERTON,2024-09-30,23.849,0.0,0.09706828407344681,False
14404,FARMERS STB OF NEWCASTLE,2024-03-31,50.935,2.113,0.2029483180747626,False
14404,FARMERS STB OF NEWCASTLE,2024-06-30,48.822,2.567,0.28741812590594146,False
14404,FARMERS STB OF NEWCASTLE,2024-09-30,46.255,0.0,0.18768280166473408,False
14410,CITY STATE BANK,2024-03-31,655.165,20.257,3.693690576791547,False
14410,CITY STATE BANK,2024-06-30,634.908,0.0,4.277081872354034,False
14410,CITY STATE BANK,2024-09-30,651.228,0.0,3.189350575298867,False
14413,IOWA ST B&T CO FAIRFLD IA,2024-03-31,204.348,0.0,1.1986868575252903,False
14413,IOWA ST B&T CO FAIRFLD IA,2024-06-30,211.404,3.434,1.6000319595811285,False
14413,IOWA ST B&T CO FAIRFLD IA,2024-09-30,207.97,0.0,1.1033605546597767,False
14415,BELLEVUE STATE BANK,2024-03-31,136.067,0.0,0.6436824454569051,False
14415,BELLEVUE STATE BANK,2024-06-30,137.269,0.0,0.9428093691428392,False
14415,BELLEVUE STATE BANK,2024-09-30,139.854,0.0,0.6414241624935167,False
14420,FNB BANK,2024-03-31,221.855,6.699,1.1803097994374332,False
14420,FNB BANK,2024-06-30,215.156,2.525,1.55224200857912,False
14420,FNB BANK,2024-09-30,212.631,0.0,1.122581776469062,False
14427,FIRST NB IN DERIDDER,2024-03-31,353.698,10.413,2.4348926546768324,False
14427,FIRST NB IN DERIDDER,2024-06-30,343.285,3.861,2.9237643204089045,False
14427,FIRST NB IN DERIDDER,2024-09-30,339.424,0.0,2.130184509274577,False
14445,FARMERS&MERCHANTS UNION BANK,2024-03-31,400.764,7.872,2.2760222820466005,False
14445,FARMERS&MERCHANTS UNION BANK,2024-06-30,392.892,0.0,2.702888593071371,False
14445,FARMERS&MERCHANTS UNION BANK,2024-09-30,404.828,0.0,2.1277891465870264,False
14488,CITIZENS BANK,2024-03-31,282.201,8.411,1.285751765985228,False
14488,CITIZENS BANK,2024-06-30,273.79,0.0,1.5922588960061206,False
14488,CITIZENS BANK,2024-09-30,284.468,6.091,1.1591699149211567,False
14491,BANK OF CHARLOTTE COUNTY,2024-03-31,153.692,0.0,0.6650228908857796,False
14491,BANK OF CHARLOTTE COUNTY,2024-06-30,164.986,0.0,1.093101447938715,False
14491,BANK OF CHARLOTTE COUNTY,2024-09-30,172.766,0.0,0.8715767263857274,False
14492,HOMEBANK,2024-03-31,493.507,0.0,2.1577969208401986,False
14492,HOMEBANK,2024-06-30,513.293,0.0,3.227503662164102,False
14492,HOMEBANK,2024-09-30,521.272,0.0,2.347394641050895,False
14507,CNB BANK INC,2024-03-31,550.813,0.0,2.8065778596705853,False
14507,CNB BANK INC,2024-06-30,551.379,0.0,3.640858072445294,False
14507,CNB BANK INC,2024-09-30,567.462,0.0,2.723665649306005,False
14513,THUMB BANK&TRUST,2024-03-31,561.082,11.842,3.687251125281521,False
14513,THUMB BANK&TRUST,2024-06-30,549.24,9.843,4.628439583721443,False
14513,THUMB BANK&TRUST,2024-09-30,539.397,0.0,2.9584480915810456,False
14521,BANK IOWA,2024-03-31,1725.754,26.853,7.610661494584601,False
14521,BANK IOWA,2024-06-30,1698.901,0.0,9.492580016955802,False
14521,BANK IOWA,2024-09-30,1758.645,7.945,7.083131532750991,False
14522,PCSB BANK,2024-03-31,290.203,0.0,1.904934995320506,False
14522,PCSB BANK,2024-06-30,290.226,0.0,2.679550093304061,False
14522,PCSB BANK,2024-09-30,298.461,0.0,2.05863444507498,False
14523,ANTWERP EXCHANGE BANK CO,2024-03-31,140.808,3.923,0.6768718288236325,False
14523,ANTWERP EXCHANGE BANK CO,2024-06-30,136.885,0.0,0.8997306508838377,False
14523,ANTWERP EXCHANGE BANK CO,2024-09-30,139.689,0.384,0.6737557595971193,False
14531,AMARILLO NATIONAL BANK,2024-03-31,8166.48,53.072,31.065131633163265,True
14531,AMARILLO NATIONAL BANK,2024-06-30,8113.408,0.0,39.360156251354475,True
14531,AMARILLO NATIONAL BANK,2024-09-30,8311.537,0.0,29.93529524951052,True
14546,NEW ERA BANK,2024-03-31,373.004,7.892,2.2600823460673443,False
14546,NEW ERA BANK,2024-06-30,365.112,4.897,3.175868440850627,False
14546,NEW ERA BANK,2024-09-30,360.215,0.0,1.985452412245371,False
14556,EXCHANGE STATE BANK,2024-03-31,78.512,0.057,0.5150441663786541,False
14556,EXCHANGE STATE BANK,2024-06-30,78.455,0.0,0.7222886416522368,False
14556,EXCHANGE STATE BANK,2024-09-30,83.531,0.0,0.5720521793658304,False
14560,UNION STATE BANK,2024-03-31,91.807,0.0,0.4224781710656622,False
14560,UNION STATE BANK,2024-06-30,92.262,0.0,0.6392436334357982,False
14560,UNION STATE BANK,2024-09-30,92.328,0.0,0.44888646249605885,False
14561,STATE BANK OF MEDORA,2024-03-31,78.356,0.786,0.4265433778785299,False
14561,STATE BANK OF MEDORA,2024-06-30,77.57,0.0,0.5778192975222932,False
14561,STATE BANK OF MEDORA,2024-09-30,80.744,0.0,0.45675433161339224,False
14567,FIRST NATIONAL BANK IN OLNEY,2024-03-31,397.806,0.0,2.5642242554943357,False
14567,FIRST NATIONAL BANK IN OLNEY,2024-06-30,401.682,0.0,3.3515929161299707,False
14567,FIRST NATIONAL BANK IN OLNEY,2024-09-30,403.236,0.556,2.3899765630098315,False
14574,ODIN STATE BANK,2024-03-31,62.644,0.0,0.1774071427103866,False
14574,ODIN STATE BANK,2024-06-30,64.032,0.0,0.270638788055625,False
14574,ODIN STATE BANK,2024-09-30,68.113,0.0,0.2661856329938448,False
14578,FARMERS STATE BANK,2024-03-31,1034.16,0.0,5.483678537010288,False
14578,FARMERS STATE BANK,2024-06-30,1089.255,28.447,7.904466772329077,False
14578,FARMERS STATE BANK,2024-09-30,1060.808,0.0,5.091876135410536,False
14581,CLARKSON BANK,2024-03-31,60.005,0.0,0.3211952653092271,False
14581,CLARKSON BANK,2024-06-30,62.408,0.0,0.5265641036350515,False
14581,CLARKSON BANK,2024-09-30,62.682,1.695,0.407144296796736,False
14584,FIRST NB IN TRINIDAD,2024-03-31,230.144,0.0,1.5037572152538066,False
14584,FIRST NB IN TRINIDAD,2024-06-30,232.346,0.0,1.9653073209042802,False
14584,FIRST NB IN TRINIDAD,2024-09-30,234.034,0.0,1.4391751810363007,False
14587,UNIVERSITY BANK,2024-03-31,742.419,0.0,2.963590531856179,False
14587,UNIVERSITY BANK,2024-06-30,813.033,0.0,4.32094132928618,False
14587,UNIVERSITY BANK,2024-09-30,816.864,85.598,3.0699286958926444,False
14597,UNION BANK,2024-03-31,540.998,0.0,2.991759808434555,False
14597,UNION BANK,2024-06-30,554.639,0.0,4.52217456306318,False
14597,UNION BANK,2024-09-30,564.971,0.0,2.9580528766709704,False
14604,COMMUNITY POINT BANK,2024-03-31,168.48,0.0,0.8647871095118757,False
14604,COMMUNITY POINT BANK,2024-06-30,173.013,0.0,1.1642404174636882,False
14604,COMMUNITY POINT BANK,2024-09-30,173.642,0.0,0.7707746222942279,False
14619,SAVANNAH BANK NATIONAL ASSN,2024-03-31,164.204,6.333,1.1517217962206714,False
14619,SAVANNAH BANK NATIONAL ASSN,2024-06-30,157.871,0.0,1.5370776638254497,False
14619,SAVANNAH BANK NATIONAL ASSN,2024-09-30,166.607,0.0,1.3316729660959288,False
14633,COMMUNITY SAVINGS BANK,2024-03-31,467.962,5.221,2.2875970343323195,False
14633,COMMUNITY SAVINGS BANK,2024-06-30,462.741,6.476,3.0562891912186907,False
14633,COMMUNITY SAVINGS BANK,2024-09-30,456.265,0.0,2.1421022003469012,False
14636,PEOPLES BANK,2024-03-31,45.993,3.738,0.13945448699572402,False
14636,PEOPLES BANK,2024-06-30,42.255,0.0,0.1667773256882859,False
14636,PEOPLES BANK,2024-09-30,43.801,0.0,0.15422708366169904,False
14642,COMMERCIAL BANK,2024-03-31,230.916,2.711,1.8723582286443559,False
14642,COMMERCIAL BANK,2024-06-30,228.205,0.521,2.3620025076423223,False
14642,COMMERCIAL BANK,2024-09-30,227.684,0.0,1.7575770100061339,False
14644,MALVERN NATIONAL BANK,2024-03-31,533.5,0.0,3.068843525773577,False
14644,MALVERN NATIONAL BANK,2024-06-30,546.31,0.0,4.256431838008261,False
14644,MALVERN NATIONAL BANK,2024-09-30,548.878,0.0,3.2013427913601444,False
14646,NEWFIELD NATIONAL BANK,2024-03-31,803.843,0.0,4.548597537231646,False
14646,NEWFIELD NATIONAL BANK,2024-06-30,817.465,0.0,6.1493494847633565,False
14646,NEWFIELD NATIONAL BANK,2024-09-30,830.136,0.0,4.5574924722042764,False
14649,COMMUNITY BANK,2024-03-31,113.581,0.048,0.6835267535301152,False
14649,COMMUNITY BANK,2024-06-30,113.533,3.562,0.8532750342497276,False
14649,COMMUNITY BANK,2024-09-30,109.971,0.0,0.5474287123334677,False
14650,HILLS BANK&TRUST CO,2024-03-31,3364.147,129.059,11.246618663979751,True
14650,HILLS BANK&TRUST CO,2024-06-30,3235.088,0.0,14.198258248256481,True
14650,HILLS BANK&TRUST CO,2024-09-30,3378.354,29.895,10.295972412545634,True
14660,BANK OF PRAIRIE DU SAC,2024-03-31,502.843,0.0,2.6779014303815796,False
14660,BANK OF PRAIRIE DU SAC,2024-06-30,502.873,0.0,3.585009037596449,False
14660,BANK OF PRAIRIE DU SAC,2024-09-30,513.677,0.0,2.7711031225270633,False
14662,TRUSTBANK,2024-03-31,493.78,6.996,2.496406877731211,False
14662,TRUSTBANK,2024-06-30,486.784,0.0,3.0252882847706455,False
14662,TRUSTBANK,2024-09-30,496.497,0.0,2.3157757120026505,False
14674,FIRST NATIONAL BANK IN AMBOY,2024-03-31,253.415,0.0,2.1601808355945136,False
14674,FIRST NATIONAL BANK IN AMBOY,2024-06-30,255.514,5.734,2.8285297594868726,False
14674,FIRST NATIONAL BANK IN AMBOY,2024-09-30,249.78,0.0,1.8133250965757832,False
14679,INDUSTRIAL BANK,2024-03-31,606.63,0.0,3.3093341829879,False
14679,INDUSTRIAL BANK,2024-06-30,628.488,0.0,4.9265871232673195,False
14679,INDUSTRIAL BANK,2024-09-30,632.193,0.0,3.6118089550955834,False
14690,IOWA SAVINGS BANK,2024-03-31,242.948,0.0,1.4937371132028356,False
14690,IOWA SAVINGS BANK,2024-06-30,246.435,4.845,2.0124108002004197,False
14690,IOWA SAVINGS BANK,2024-09-30,241.59,0.0,1.3249498780409459,False
14692,PEOPLES BANK,2024-03-31,402.313,1.22,2.0900599876919053,False
14692,PEOPLES BANK,2024-06-30,401.093,0.0,2.839727542218694,False
14692,PEOPLES BANK,2024-09-30,411.875,0.0,2.099887392653857,False
14694,CEDAR VALLEY BANK&TRUST,2024-03-31,103.258,0.0,0.40352893631656156,False
14694,CEDAR VALLEY BANK&TRUST,2024-06-30,104.256,7.254,0.6069250020604315,False
14694,CEDAR VALLEY BANK&TRUST,2024-09-30,97.002,0.0,0.32788127759715774,False
14695,MA BANK,2024-03-31,316.369,0.0,2.0483872251434763,False
14695,MA BANK,2024-06-30,316.534,0.0,2.6657286375400635,False
14695,MA BANK,2024-09-30,325.703,0.0,1.9934554066261299,False
14701,BANK OF NEW MADRID,2024-03-31,109.081,6.353,1.029280328490139,False
14701,BANK OF NEW MADRID,2024-06-30,102.728,3.516,1.0774126116424856,False
14701,BANK OF NEW MADRID,2024-09-30,99.212,0.0,0.6231461352127821,False
14705,DEWITT BANK&TRUST CO,2024-03-31,207.33,0.0,1.030772748767493,False
14705,DEWITT BANK&TRUST CO,2024-06-30,210.598,0.371,1.409411567961495,False
14705,DEWITT BANK&TRUST CO,2024-09-30,210.227,0.0,1.0351637246538357,False
14712,FIRST NATIONAL BANK,2024-03-31,1235.681,13.811,4.27270180127389,False
14712,FIRST NATIONAL BANK,2024-06-30,1221.87,14.59,6.192885836679188,False
14712,FIRST NATIONAL BANK,2024-09-30,1207.28,0.0,3.913047477881816,False
14722,UNION BANK,2024-03-31,285.154,0.0,1.3985525451818008,False
14722,UNION BANK,2024-06-30,287.117,0.0,1.9621438511595326,False
14722,UNION BANK,2024-09-30,297.206,0.0,1.4282349764783138,False
14730,FRONTIER BANK,2024-03-31,364.359,9.906,2.765802286380532,False
14730,FRONTIER BANK,2024-06-30,354.453,5.421,3.173404671816328,False
14730,FRONTIER BANK,2024-09-30,349.032,0.0,2.1056589849594545,False
14731,CITIZENS NB OF QUITMAN,2024-03-31,110.744,4.43,0.8469218690094193,False
14731,CITIZENS NB OF QUITMAN,2024-06-30,106.314,0.0,0.8870213095614122,False
14731,CITIZENS NB OF QUITMAN,2024-09-30,110.644,0.0,0.638569153893245,False
14735,FIRST CMTY BK HEARTLAND INC,2024-03-31,386.649,0.0,1.866814042434359,False
14735,FIRST CMTY BK HEARTLAND INC,2024-06-30,406.618,0.437,2.6766317162398594,False
14735,FIRST CMTY BK HEARTLAND INC,2024-09-30,406.181,0.0,1.8933737403592064,False
14744,WILLIAMSTOWN BANK INC,2024-03-31,200.705,0.0,0.9983178831553204,False
14744,WILLIAMSTOWN BANK INC,2024-06-30,200.733,2.536,1.2960368599678245,False
14744,WILLIAMSTOWN BANK INC,2024-09-30,198.197,0.0,0.9034332487999573,False
14761,1NB BANK,2024-03-31,242.694,0.0,1.5008980235219183,False
14761,1NB BANK,2024-06-30,252.442,0.0,2.0598554588429727,False
14761,1NB BANK,2024-09-30,254.473,3.573,1.5964650587598004,False
14769,DMB COMMUNITY BANK,2024-03-31,647.373,80.981,2.731516342304847,False
14769,DMB COMMUNITY BANK,2024-06-30,566.392,0.0,3.1600071280556032,False
14769,DMB COMMUNITY BANK,2024-09-30,577.223,31.614,2.379248552526123,False
14772,DANVILLE STATE SAVINGS BANK,2024-03-31,149.599,0.545,0.7572869517948175,False
14772,DANVILLE STATE SAVINGS BANK,2024-06-30,149.054,0.218,1.0764224761931955,False
14772,DANVILLE STATE SAVINGS BANK,2024-09-30,148.836,0.0,0.7521963680047815,False
14773,STATE SAVINGS BANK,2024-03-31,157.762,6.266,0.6174079128578178,False
14773,STATE SAVINGS BANK,2024-06-30,151.496,0.0,0.8028177807137217,False
14773,STATE SAVINGS BANK,2024-09-30,159.853,0.0,0.604155469016544,False
14779,CITIZENS NB AT BROWNWOOD,2024-03-31,246.226,0.0,2.0712693544846537,False
14779,CITIZENS NB AT BROWNWOOD,2024-06-30,250.703,7.845,2.9824337204785447,False
14779,CITIZENS NB AT BROWNWOOD,2024-09-30,242.858,0.0,2.003362324425194,False
14785,CITIZENS SAVINGS BANK,2024-03-31,63.224,0.0,0.28075354412469133,False
14785,CITIZENS SAVINGS BANK,2024-06-30,63.457,4.326,0.4859500052859118,False
14785,CITIZENS SAVINGS BANK,2024-09-30,59.131,0.0,0.26378914891437333,False
14801,FIRST STATE BANK&TRUST,2024-03-31,458.981,1.633,3.399178596703776,False
14801,FIRST STATE BANK&TRUST,2024-06-30,457.348,0.0,4.49695683253841,False
14801,FIRST STATE BANK&TRUST,2024-09-30,469.988,0.0,3.5306233840065837,False
14807,FARMERS SAVINGS BANK,2024-03-31,200.825,0.0,1.199047786204144,False
14807,FARMERS SAVINGS BANK,2024-06-30,200.978,0.0,1.6077484517197662,False
14807,FARMERS SAVINGS BANK,2024-09-30,203.937,0.0,1.256793827379445,False
14809,HEARTLAND BANK,2024-03-31,197.961,0.0,0.8578498875457715,False
14809,HEARTLAND BANK,2024-06-30,199.66,5.098,1.1828131966337425,False
14809,HEARTLAND BANK,2024-09-30,194.562,0.0,0.8267357704013567,False
14812,TS BANK,2024-03-31,425.668,0.0,2.8877856858132316,False
14812,TS BANK,2024-06-30,430.111,7.631,3.7408057553604173,False
14812,TS BANK,2024-09-30,422.48,0.0,2.820445884595845,False
14820,CITIZENS NB OF HAMMOND,2024-03-31,26.149,2.173,0.0,False
14820,CITIZENS NB OF HAMMOND,2024-06-30,23.976,0.0,0.0,False
14820,CITIZENS NB OF HAMMOND,2024-09-30,25.543,0.0,0.00925850351175043,False
14836,FIRST NB IN NEW BREMEN,2024-03-31,376.4,0.0,6.408673628642713,False
14836,FIRST NB IN NEW BREMEN,2024-06-30,394.169,0.0,8.409571768117965,False
14836,FIRST NB IN NEW BREMEN,2024-09-30,399.265,0.0,6.7812438321927475,False
14843,MIDWESTONE BANK,2024-03-31,5588.266,167.986,19.565218525652877,True
14843,MIDWESTONE BANK,2024-06-30,5420.28,45.099,25.63313369874891,True
14843,MIDWESTONE BANK,2024-09-30,5375.181,0.0,18.130914635265768,True
14851,CITIZENS BANK,2024-03-31,1050.511,28.796,4.081210632161215,False
14851,CITIZENS BANK,2024-06-30,1021.715,0.0,5.251003447568261,False
14851,CITIZENS BANK,2024-09-30,1035.158,0.0,3.585299150395946,False
14853,FIRST NB AT ST JAMES,2024-03-31,34.349,1.46,0.09100833836557268,False
14853,FIRST NB AT ST JAMES,2024-06-30,32.889,0.0,0.11409654015732087,False
14853,FIRST NB AT ST JAMES,2024-09-30,33.208,0.0,0.0858151028023021,False
14857,STATE STREET BANK&TRUST CO,2024-03-31,293.777,1.731,1.525691354660639,False
14857,STATE STREET BANK&TRUST CO,2024-06-30,292.046,0.0,1.9769990541212554,False
14857,STATE STREET BANK&TRUST CO,2024-09-30,295.577,0.0,1.3977751818270128,False
14863,LINKBANK,2024-03-31,2395.517,0.0,8.966194165919635,False
14863,LINKBANK,2024-06-30,2462.065,0.0,12.43770689414776,False
14863,LINKBANK,2024-09-30,2468.192,13.681,8.657515467484258,False
14864,STOCKMENS NB IN COTULLA,2024-03-31,92.036,0.0,1.005137752773323,False
14864,STOCKMENS NB IN COTULLA,2024-06-30,94.115,2.806,1.4218641907127059,False
14864,STOCKMENS NB IN COTULLA,2024-09-30,91.309,0.0,1.0245945406533,False
14867,HOME STATE BANK,2024-03-31,383.846,1.569,2.0431558368583773,False
14867,HOME STATE BANK,2024-06-30,382.277,0.0,2.791347953392675,False
14867,HOME STATE BANK,2024-09-30,386.625,0.0,1.8617933152412987,False
14868,PEOPLES SAVINGS BANK,2024-03-31,138.177,2.595,0.611958060650272,False
14868,PEOPLES SAVINGS BANK,2024-06-30,135.582,6.203,0.8269985628811239,False
14868,PEOPLES SAVINGS BANK,2024-09-30,129.379,0.0,0.5814200073239507,False
14883,COMMUNITY STATE BANK,2024-03-31,402.71,0.0,2.3312851887035335,False
14883,COMMUNITY STATE BANK,2024-06-30,442.039,3.882,4.084015563727285,False
14883,COMMUNITY STATE BANK,2024-09-30,438.157,0.0,2.883838921861105,False
14885,FIRST BANK,2024-03-31,753.927,0.0,6.921693839579275,False
14885,FIRST BANK,2024-06-30,772.277,0.0,9.244186848164743,False
14885,FIRST BANK,2024-09-30,824.259,32.602,8.3545692624847,False
14894,FARMERS BANK,2024-03-31,214.4,3.833,1.2641481654135294,False
14894,FARMERS BANK,2024-06-30,210.567,5.24,1.5749878089267628,False
14894,FARMERS BANK,2024-09-30,205.327,0.0,1.034659668210847,False
14899,BLUE SKY BANK,2024-03-31,992.495,0.0,4.327154413722225,False
14899,BLUE SKY BANK,2024-06-30,1032.549,10.757,5.952806862230749,False
14899,BLUE SKY BANK,2024-09-30,1021.792,0.0,3.953177235852513,False
14904,FIRST COMMUNITY BANK,2024-03-31,102.328,4.55,0.5811162328361866,False
14904,FIRST COMMUNITY BANK,2024-06-30,97.778,0.159,0.7261149285007165,False
14904,FIRST COMMUNITY BANK,2024-09-30,97.619,0.0,0.5415541870786662,False
14907,INTERNATIONAL BK OF AMHERST,2024-03-31,82.052,0.0,0.5813705735165883,False
14907,INTERNATIONAL BK OF AMHERST,2024-06-30,83.225,0.0,0.884154739240359,False
14907,INTERNATIONAL BK OF AMHERST,2024-09-30,85.745,0.0,0.7545699936980825,False
14911,SHELL LAKE STATE BANK,2024-03-31,270.704,0.0,1.4274965255895873,False
14911,SHELL LAKE STATE BANK,2024-06-30,280.324,0.0,1.9750776772297063,False
14911,SHELL LAKE STATE BANK,2024-09-30,291.692,0.0,1.4813627596019152,False
14912,BANK OF DIXON COUNTY,2024-03-31,111.536,2.358,0.7291942473089418,False
14912,BANK OF DIXON COUNTY,2024-06-30,109.178,0.0,0.7904579225178351,False
14912,BANK OF DIXON COUNTY,2024-09-30,110.675,0.0,0.6075021394349612,False
14914,COLLINS STATE BANK,2024-03-31,198.476,0.0,0.873121570866128,False
14914,COLLINS STATE BANK,2024-06-30,203.727,0.0,1.2432637884059559,False
14914,COLLINS STATE BANK,2024-09-30,218.957,1.041,1.0612456364234493,False
14920,HAMLER STATE BANK,2024-03-31,93.163,0.0,0.37977325424392516,False
14920,HAMLER STATE BANK,2024-06-30,93.772,0.0,0.5430356900472384,False
14920,HAMLER STATE BANK,2024-09-30,95.838,0.0,0.41160741202884304,False
14922,F&M BANK,2024-03-31,295.769,3.419,1.4140646762719562,False
14922,F&M BANK,2024-06-30,292.35,0.0,1.785267108493311,False
14922,F&M BANK,2024-09-30,305.456,0.0,1.5546927084513489,False
14926,FREELAND STATE BANK,2024-03-31,45.75,1.942,0.7246698674839409,False
14926,FREELAND STATE BANK,2024-06-30,43.808,1.226,0.9462677608094715,False
14929,WEST SHORE BANK,2024-03-31,600.443,0.0,3.082071618862703,False
14929,WEST SHORE BANK,2024-06-30,672.885,0.0,4.478713530274741,False
14929,WEST SHORE BANK,2024-09-30,704.118,45.059,3.6884852009089397,False
14930,FIRST IOWA STATE BANK,2024-03-31,318.089,14.15,1.7210271111924853,False
14930,FIRST IOWA STATE BANK,2024-06-30,303.939,0.0,2.1432034022195037,False
14930,FIRST IOWA STATE BANK,2024-09-30,336.937,10.981,1.7275860269876708,False
14952,LYON COUNTY STATE BANK,2024-03-31,166.922,3.845,0.9712666071385575,False
14952,LYON COUNTY STATE BANK,2024-06-30,163.077,0.0,1.2864915188345725,False
14952,LYON COUNTY STATE BANK,2024-09-30,166.666,0.0,0.9020233598197046,False
14960,STATE BANK OF REESEVILLE,2024-03-31,114.914,13.584,0.6699596354559727,False
14960,STATE BANK OF REESEVILLE,2024-06-30,101.33,0.0,0.7681698996694539,False
14960,STATE BANK OF REESEVILLE,2024-09-30,120.142,0.0,0.7067225501442884,False
14966,SECURITY NB OF ENID,2024-03-31,345.708,0.0,2.033450427359101,False
14966,SECURITY NB OF ENID,2024-06-30,346.7,4.651,2.6759793552323163,False
14966,SECURITY NB OF ENID,2024-09-30,342.049,0.0,2.0035167230665385,False
14969,KISH BANK,2024-03-31,1195.666,0.0,4.724154736118103,False
14969,KISH BANK,2024-06-30,1272.741,0.0,6.630057934687013,False
14969,KISH BANK,2024-09-30,1297.094,0.0,4.673973307213675,False
14974,FIRST STATE BANK&TRUST,2024-03-31,412.404,0.0,2.14973389678451,False
14974,FIRST STATE BANK&TRUST,2024-06-30,421.39,10.035,3.060404513464702,False
14974,FIRST STATE BANK&TRUST,2024-09-30,411.355,5.002,1.958537959063647,False
14982,UNION STATE BANK,2024-03-31,134.363,13.434,1.0080847809392304,False
14982,UNION STATE BANK,2024-06-30,120.929,0.0,1.0827757358872498,False
14982,UNION STATE BANK,2024-09-30,136.423,14.825,1.2262971823420659,False
14991,FARMERS STATE BANK,2024-03-31,199.108,0.0,0.9925709586843546,False
14991,FARMERS STATE BANK,2024-06-30,201.418,0.0,1.4062201419667233,False
14991,FARMERS STATE BANK,2024-09-30,203.54,0.0,1.0269163663997478,False
14995,RIVER BANK,2024-03-31,766.134,22.237,3.7297411322871072,False
14995,RIVER BANK,2024-06-30,743.897,10.05,4.597990370549824,False
14995,RIVER BANK,2024-09-30,733.847,0.0,3.127166737772681,False
14999,PORT AUSTIN STATE BANK,2024-03-31,54.075,0.0,0.1597233461342562,False
14999,PORT AUSTIN STATE BANK,2024-06-30,56.303,0.0,0.2540168324177296,False
14999,PORT AUSTIN STATE BANK,2024-09-30,57.931,0.51,0.20087319024117664,False
15010,COLUMBUS BANK&TRUST CO,2024-03-31,176.364,0.0,0.7600824457910781,False
15010,COLUMBUS BANK&TRUST CO,2024-06-30,182.183,0.0,1.0919748452728282,False
15010,COLUMBUS BANK&TRUST CO,2024-09-30,185.787,0.0,0.8078534615352739,False
15019,FIRST BANK,2024-03-31,10327.275,0.0,31.770158450652776,True
15019,FIRST BANK,2024-06-30,10509.132,0.0,44.95084746572445,True
15019,FIRST BANK,2024-09-30,10534.756,0.0,32.10415481861447,True
15032,FIRST STATE BANK,2024-03-31,1031.225,0.0,8.105806975412742,False
15032,FIRST STATE BANK,2024-06-30,1078.852,0.0,7.769609369856442,False
15032,FIRST STATE BANK,2024-09-30,1149.572,16.828,5.55727542823643,False
15035,RIVERWIND BANK,2024-03-31,126.287,0.0,0.7041391418748675,False
15035,RIVERWIND BANK,2024-06-30,131.292,5.715,0.988000717801281,False
15035,RIVERWIND BANK,2024-09-30,125.577,0.0,0.6750407046836151,False
15038,VALLEY STATE BANK,2024-03-31,159.951,3.802,1.0569999258990463,False
15038,VALLEY STATE BANK,2024-06-30,156.149,0.0,1.3385813306871883,False
15038,VALLEY STATE BANK,2024-09-30,163.524,0.257,1.0178848545445582,False
15046,PEOPLES COMMUNITY BANK,2024-03-31,314.851,2.717,1.682058377877341,False
15046,PEOPLES COMMUNITY BANK,2024-06-30,312.134,0.0,2.2028692351424284,False
15046,PEOPLES COMMUNITY BANK,2024-09-30,324.277,0.0,1.9107557456534372,False
15050,FIRST STATE BANK,2024-03-31,253.214,0.0,1.2616428728554436,False
15050,FIRST STATE BANK,2024-06-30,259.152,0.0,1.7011415372851273,False
15050,FIRST STATE BANK,2024-09-30,274.572,0.0,1.3289958756999591,False
15059,LOUISIANA NATIONAL BANK,2024-03-31,396.513,0.0,1.724585859781239,False
15059,LOUISIANA NATIONAL BANK,2024-06-30,406.083,5.924,2.417709062406568,False
15059,LOUISIANA NATIONAL BANK,2024-09-30,400.159,2.545,1.6416961813472657,False
15078,JUNCTION NATIONAL BANK,2024-03-31,80.664,0.0,0.8649975985330116,False
15078,JUNCTION NATIONAL BANK,2024-06-30,81.725,0.959,1.1767816203865946,False
15078,JUNCTION NATIONAL BANK,2024-09-30,80.766,0.843,0.8662157635706437,False
15085,ARTHUR STATE BANK,2024-03-31,689.691,25.587,3.6618031643088136,False
15085,ARTHUR STATE BANK,2024-06-30,664.104,0.0,4.57978864347094,False
15085,ARTHUR STATE BANK,2024-09-30,684.468,1.487,3.255305356088062,False
15091,LAKE RIDGE BANK,2024-03-31,2446.86,0.0,8.624186850734691,False
15091,LAKE RIDGE BANK,2024-06-30,2452.443,0.0,11.407277062086804,False
15091,LAKE RIDGE BANK,2024-09-30,2487.525,0.0,8.207369881621545,False
15092,RICHLAND COUNTY BANK,2024-03-31,93.676,0.966,0.5783088840437821,False
15092,RICHLAND COUNTY BANK,2024-06-30,92.71,1.913,0.8144918778106734,False
15092,RICHLAND COUNTY BANK,2024-09-30,90.797,0.0,0.5697332475028148,False
15098,UNION STATE BANK,2024-03-31,33.085,0.0,0.19646508680987596,False
15098,UNION STATE BANK,2024-06-30,33.212,0.0,0.29933759744523475,False
15098,UNION STATE BANK,2024-09-30,33.986,0.0,0.29642501399399945,False
15101,SENATH STATE BANK,2024-03-31,85.722,5.275,0.6907927933823134,False
15101,SENATH STATE BANK,2024-06-30,80.447,2.181,0.7229408638829418,False
15101,SENATH STATE BANK,2024-09-30,78.266,0.0,0.42200856903445755,False
15104,BANK OF YORK,2024-03-31,257.612,4.275,4.705476714575915,False
15104,BANK OF YORK,2024-06-30,253.337,0.321,5.929906001449325,False
15104,BANK OF YORK,2024-09-30,253.016,0.0,4.553240445181157,False
15105,ZAVALA COUNTY BANK,2024-03-31,73.749,5.271,1.1334595944878898,False
15105,ZAVALA COUNTY BANK,2024-06-30,68.478,1.829,1.2903979774610557,False
15105,ZAVALA COUNTY BANK,2024-09-30,66.649,0.0,1.0149858958795233,False
15111,CITIZENS STATE BANK,2024-03-31,282.924,6.282,1.7549593788383284,False
15111,CITIZENS STATE BANK,2024-06-30,276.642,0.0,2.151158896080861,False
15111,CITIZENS STATE BANK,2024-09-30,277.596,0.0,1.6379813722724021,False
15113,BANK OF GREELEYVILLE,2024-03-31,116.76,0.0,0.6968027922504272,False
15113,BANK OF GREELEYVILLE,2024-06-30,120.869,0.0,1.0256827362354661,False
15113,BANK OF GREELEYVILLE,2024-09-30,122.742,1.437,0.7771085979606913,False
15118,GATEWAY FIRST BANK,2024-03-31,1176.813,0.0,5.920507561157372,False
15118,GATEWAY FIRST BANK,2024-06-30,1199.764,9.792,8.075238951878665,False
15118,GATEWAY FIRST BANK,2024-09-30,1189.972,111.259,5.446143172922314,False
15136,BANK OF WISCONSIN DELLS,2024-03-31,848.472,16.631,3.8411230392489415,False
15136,BANK OF WISCONSIN DELLS,2024-06-30,831.841,0.0,4.8317502282529405,False
15136,BANK OF WISCONSIN DELLS,2024-09-30,841.331,1.067,3.3672042956084804,False
15146,GREAT NORTH BANK,2024-03-31,121.751,0.0,0.7211215689524151,False
15146,GREAT NORTH BANK,2024-06-30,124.485,0.0,1.0517458617596223,False
15146,GREAT NORTH BANK,2024-09-30,130.523,0.0,0.7145460959603485,False
15152,BLACK RIVER COUNTRY BANK,2024-03-31,80.217,0.0,0.29552934917993606,False
15152,BLACK RIVER COUNTRY BANK,2024-06-30,80.376,0.0,0.4335453751810284,False
15152,BLACK RIVER COUNTRY BANK,2024-09-30,80.388,0.0,0.3273616127598816,False
15164,FARMERS STB OF WESTMORELAND,2024-03-31,197.849,0.0,0.9927594706354267,False
15164,FARMERS STB OF WESTMORELAND,2024-06-30,198.869,7.488,1.3509890494734815,False
15164,FARMERS STB OF WESTMORELAND,2024-09-30,191.381,0.0,0.9287251206684959,False
15165,PEOPLES STB OF MUNISING,2024-03-31,152.779,0.892,0.8585673749272141,False
15165,PEOPLES STB OF MUNISING,2024-06-30,151.887,0.0,1.1466108096554297,False
15165,PEOPLES STB OF MUNISING,2024-09-30,155.612,8.729,0.9019485020360857,False
15194,KCB BANK,2024-03-31,274.94,4.721,1.6060051451148332,False
15194,KCB BANK,2024-06-30,270.219,1.385,2.052043969722245,False
15194,KCB BANK,2024-09-30,268.834,0.0,1.4947000805751671,False
15200,DECORAH BANK&TRUST CO,2024-03-31,606.821,0.0,2.7512190217571324,False
15200,DECORAH BANK&TRUST CO,2024-06-30,621.235,14.693,3.8261932935210914,False
15200,DECORAH BANK&TRUST CO,2024-09-30,606.542,0.0,2.5581439579769705,False
15205,BANK3,2024-03-31,379.108,0.0,1.7496260126556815,False
15205,BANK3,2024-06-30,387.352,13.975,2.3347315680431318,False
15205,BANK3,2024-09-30,373.377,9.936,1.5394317477007788,False
15206,FIRST STATE BANK,2024-03-31,632.331,6.889,3.595053910080151,False
15206,FIRST STATE BANK,2024-06-30,625.442,16.538,4.319023702860282,False
15206,FIRST STATE BANK,2024-09-30,608.904,0.0,2.957490188517914,False
15214,FIRST CENTRAL NB OF ST PARIS,2024-03-31,75.543,1.934,0.4030336959715856,False
15214,FIRST CENTRAL NB OF ST PARIS,2024-06-30,73.609,1.421,0.5108782662229081,False
15214,FIRST CENTRAL NB OF ST PARIS,2024-09-30,72.188,0.0,0.35103149645196574,False
15216,PEOPLES BANK,2024-03-31,143.011,0.135,1.5812284689553406,False
15216,PEOPLES BANK,2024-06-30,142.876,0.04,2.0709689767188357,False
15216,PEOPLES BANK,2024-09-30,142.836,0.0,1.4406348345959783,False
15228,BANK OF KAUKAUNA,2024-03-31,128.572,0.0,0.6495943165881898,False
15228,BANK OF KAUKAUNA,2024-06-30,130.362,0.0,0.8965865816414246,False
15228,BANK OF KAUKAUNA,2024-09-30,141.355,0.0,0.7297826348163098,False
15229,FIRST BUSINESS BANK,2024-03-31,2758.688,0.0,9.433331260910041,False
15229,FIRST BUSINESS BANK,2024-06-30,2887.035,0.0,13.226600723193823,False
15229,FIRST BUSINESS BANK,2024-09-30,2976.859,0.0,9.638250870154272,True
15237,JOHNSON STATE BANK,2024-03-31,79.589,0.0,0.5295122751719629,False
15237,JOHNSON STATE BANK,2024-06-30,79.903,3.723,0.6913932022165116,False
15237,JOHNSON STATE BANK,2024-09-30,76.18,0.0,0.4997178868784586,False
15242,NORTHERN STATE BANK,2024-03-31,283.753,8.214,2.289144013689032,False
15242,NORTHERN STATE BANK,2024-06-30,275.539,0.0,2.755879544127933,False
15242,NORTHERN STATE BANK,2024-09-30,275.692,0.963,2.044668582541181,False
15243,PUTNAM COUNTY BANK,2024-03-31,544.413,4.231,3.0982291280695935,False
15243,PUTNAM COUNTY BANK,2024-06-30,540.182,0.0,3.894835494336625,False
15243,PUTNAM COUNTY BANK,2024-09-30,571.178,6.024,3.1132417829903467,False
15249,UNITED CITIZENS B&T CO,2024-03-31,182.647,0.0,0.8996209843682764,False
15249,UNITED CITIZENS B&T CO,2024-06-30,186.976,1.577,1.2475775614737548,False
15249,UNITED CITIZENS B&T CO,2024-09-30,185.399,3.148,0.8565755447281591,False
15254,CITIZENS STATE BANK&TRUST CO,2024-03-31,59.697,0.0,0.18607433810387572,False
15254,CITIZENS STATE BANK&TRUST CO,2024-06-30,62.849,0.0,0.32790640546262795,False
15254,CITIZENS STATE BANK&TRUST CO,2024-09-30,63.833,0.0,0.24799320894614518,False
15255,GREENFIELD BANKING CO,2024-03-31,114.551,0.0,0.5415300316732407,False
15255,GREENFIELD BANKING CO,2024-06-30,119.231,0.0,0.805705014633045,False
15255,GREENFIELD BANKING CO,2024-09-30,122.91,0.0,0.6277318515037542,False
15258,FARMERS STATE BANK,2024-03-31,63.215,0.0,0.24019099740403158,False
15258,FARMERS STATE BANK,2024-06-30,65.681,4.735,0.37917600539861523,False
15258,FARMERS STATE BANK,2024-09-30,60.946,0.0,0.24195747514961552,False
15259,ELK STATE BANK,2024-03-31,99.893,5.607,0.5925769854173696,False
15259,ELK STATE BANK,2024-06-30,94.286,0.0,0.6800972641406543,False
15259,ELK STATE BANK,2024-09-30,100.67,3.843,0.5844593423568915,False
15261,CITIZENS STATE BANK,2024-03-31,121.401,13.025,0.8661439380415082,False
15261,CITIZENS STATE BANK,2024-06-30,108.376,0.0,0.7949624076515663,False
15261,CITIZENS STATE BANK,2024-09-30,112.101,0.0,0.5877445392747809,False
15264,PEOPLES SB OF RHINELAND,2024-03-31,548.299,5.517,2.5969043583730653,False
15264,PEOPLES SB OF RHINELAND,2024-06-30,542.782,0.0,3.5796460629598297,False
15264,PEOPLES SB OF RHINELAND,2024-09-30,548.848,1.206,2.5426144692644677,False
15270,MERIT BANK,2024-03-31,325.478,0.0,1.934436275022261,False
15270,MERIT BANK,2024-06-30,341.4,0.0,2.5965278646318724,False
15270,MERIT BANK,2024-09-30,367.188,12.19,2.0961348102382904,False
15271,FIRST STATE BANK,2024-03-31,469.379,14.772,2.527976823497524,False
15271,FIRST STATE BANK,2024-06-30,454.607,4.26,3.228718654085219,False
15271,FIRST STATE BANK,2024-09-30,450.347,0.37,2.302969349364953,False
15272,MARION COUNTY STATE BANK,2024-03-31,563.042,12.405,2.867977657676148,False
15272,MARION COUNTY STATE BANK,2024-06-30,550.637,0.0,3.52541308811508,False
15272,MARION COUNTY STATE BANK,2024-09-30,560.217,1.7,2.588853597955577,False
15282,HERITAGE COMMUNITY BANK,2024-03-31,224.304,0.0,1.0139171244691922,False
15282,HERITAGE COMMUNITY BANK,2024-06-30,227.543,0.0,1.4248114824440536,False
15282,HERITAGE COMMUNITY BANK,2024-09-30,239.777,0.0,1.068979212061407,False
15286,NORTHERN STB THIEF RIVER FAL,2024-03-31,418.762,23.507,6.572441659721621,False
15286,NORTHERN STB THIEF RIVER FAL,2024-06-30,395.255,5.415,6.32881534012623,False
15286,NORTHERN STB THIEF RIVER FAL,2024-09-30,389.84,0.0,4.472023199591805,False
15305,DENISON STATE BANK,2024-03-31,363.034,0.0,1.8705472454043355,False
15305,DENISON STATE BANK,2024-06-30,370.407,4.471,2.6408463984010435,False
15305,DENISON STATE BANK,2024-09-30,365.936,0.0,1.8131953825834308,False
15306,TRUCOMMUNITY BANK,2024-03-31,283.437,10.065,1.6032865040880713,False
15306,TRUCOMMUNITY BANK,2024-06-30,273.372,5.537,2.012397558179258,False
15306,TRUCOMMUNITY BANK,2024-09-30,267.835,0.994,1.414339437986092,False
15310,CB&S BANK INC,2024-03-31,2250.181,24.427,14.404373212039788,True
15310,CB&S BANK INC,2024-06-30,2225.754,0.0,16.999582344515588,True
15310,CB&S BANK INC,2024-09-30,2260.3,0.0,12.265439956878442,True
15311,IOWA FALLS STATE BANK,2024-03-31,139.276,0.0,0.7702041978919562,False
15311,IOWA FALLS STATE BANK,2024-06-30,141.405,0.0,1.1004113358673022,False
15311,IOWA FALLS STATE BANK,2024-09-30,143.283,1.734,0.7791359097290513,False
15321,FIRST STATE BANK,2024-03-31,497.486,15.756,2.335548140156022,False
15321,FIRST STATE BANK,2024-06-30,481.73,0.0,2.871864184667678,False
15321,FIRST STATE BANK,2024-09-30,499.964,7.757,2.202802337686952,False
15323,SILVER LAKE BANK,2024-03-31,365.953,0.0,2.0959869348183315,False
15323,SILVER LAKE BANK,2024-06-30,398.345,27.05,3.4479444354195525,False
15323,SILVER LAKE BANK,2024-09-30,371.295,0.0,2.0186921245388554,False
15324,SECURITY BANK&TRUST CO,2024-03-31,746.049,0.0,4.1845455758232575,False
15324,SECURITY BANK&TRUST CO,2024-06-30,1035.668,0.0,6.248801636492866,False
15324,SECURITY BANK&TRUST CO,2024-09-30,1046.806,0.0,4.683936700614147,False
15326,UNION BANKING CO,2024-03-31,44.151,0.88,0.1980401498653659,False
15326,UNION BANKING CO,2024-06-30,43.271,0.48,0.27625963679085297,False
15326,UNION BANKING CO,2024-09-30,42.791,0.431,0.2427026840260575,False
15334,ROLLING HILLS BANK&TRUST,2024-03-31,360.657,0.0,1.7034934603184868,False
15334,ROLLING HILLS BANK&TRUST,2024-06-30,373.004,3.058,2.3265725754634707,False
15334,ROLLING HILLS BANK&TRUST,2024-09-30,369.946,0.0,1.5773617577069474,False
15336,DURDEN BANKING CO INC,2024-03-31,251.468,10.231,1.5600222816539546,False
15336,DURDEN BANKING CO INC,2024-06-30,241.237,9.788,1.9160966948663738,False
15336,DURDEN BANKING CO INC,2024-09-30,231.449,0.0,1.1937284762965965,False
15345,TXN BANK,2024-03-31,572.571,15.782,4.637358773141542,False
15345,TXN BANK,2024-06-30,556.789,8.398,5.56079993395986,False
15345,TXN BANK,2024-09-30,548.391,0.0,3.815995381702277,False
15346,COMMERCE BANK TEXAS,2024-03-31,48.001,0.0,0.15552857932403297,False
15346,COMMERCE BANK TEXAS,2024-06-30,48.725,0.0,0.25016350839075635,False
15346,COMMERCE BANK TEXAS,2024-09-30,50.217,0.609,0.2174650121067823,False
15347,SECURITY BK OF PULASKI CNTY,2024-03-31,128.872,1.329,0.8547955853888407,False
15347,SECURITY BK OF PULASKI CNTY,2024-06-30,127.543,0.0,1.021369011007633,False
15347,SECURITY BK OF PULASKI CNTY,2024-09-30,129.658,0.0,0.7202149267829865,False
15348,FIRST BANK&TRUST CO,2024-03-31,46.303,0.52,0.4883753253839616,False
15348,FIRST BANK&TRUST CO,2024-06-30,45.783,0.0,0.6811777962004071,False
15348,FIRST BANK&TRUST CO,2024-09-30,49.578,3.096,0.5623200111615,False
15355,MARION STATE BANK,2024-03-31,120.402,0.0,0.8164767516542606,False
15355,MARION STATE BANK,2024-06-30,125.432,4.108,1.4100384514314606,False
15355,MARION STATE BANK,2024-09-30,121.324,1.06,0.920259274469548,False
15359,SOUTHERN BANK&TRUST CO,2024-03-31,4152.523,0.0,16.153355872789767,True
15359,SOUTHERN BANK&TRUST CO,2024-06-30,4186.281,0.0,21.60837789068702,True
15359,SOUTHERN BANK&TRUST CO,2024-09-30,4384.994,0.0,16.924271704712467,True
15362,BELT VALLEY BANK,2024-03-31,62.714,0.145,0.16946281504855198,False
15362,BELT VALLEY BANK,2024-06-30,62.569,0.0,0.26168079373033126,False
15362,BELT VALLEY BANK,2024-09-30,67.113,0.0,0.25470653652466496,False
15364,FIRST STATE BANK,2024-03-31,52.612,0.576,0.1651012502871211,False
15364,FIRST STATE BANK,2024-06-30,52.036,0.0,0.2265428137063131,False
15364,FIRST STATE BANK,2024-09-30,52.717,1.607,0.18179762171612462,False
15367,FARMERS STATE BANK,2024-03-31,160.526,0.0,1.030904963006608,False
15367,FARMERS STATE BANK,2024-06-30,165.286,3.156,1.4820079981819079,False
15367,FARMERS STATE BANK,2024-09-30,162.13,0.367,1.077051049669895,False
15399,RCB BANK,2024-03-31,3289.591,25.234,16.354054559996733,True
15399,RCB BANK,2024-06-30,3264.357,0.0,20.816491313787353,True
15399,RCB BANK,2024-09-30,3368.614,0.0,16.53897757844855,True
15405,HOUGHTON STATE BANK,2024-03-31,183.326,8.497,0.7852619098632921,False
15405,HOUGHTON STATE BANK,2024-06-30,174.829,0.0,1.0192341895994448,False
15405,HOUGHTON STATE BANK,2024-09-30,188.155,4.675,0.8170462396226212,False
15415,PEOPLES BANK OF WYACONDA MO,2024-03-31,118.463,0.0,0.6367344783868968,False
15415,PEOPLES BANK OF WYACONDA MO,2024-06-30,121.901,2.435,0.9515073710910712,False
15415,PEOPLES BANK OF WYACONDA MO,2024-09-30,119.466,0.0,0.6837346003238688,False
15423,AMERICAN BANK OF FREEDOM,2024-03-31,662.304,0.0,3.003419778388134,False
15423,AMERICAN BANK OF FREEDOM,2024-06-30,689.007,0.0,4.2232389267721615,False
15423,AMERICAN BANK OF FREEDOM,2024-09-30,714.746,0.0,3.1189223473048417,False
15427,CHELSEA SAVINGS BANK,2024-03-31,167.143,0.0,1.319292779679869,False
15427,CHELSEA SAVINGS BANK,2024-06-30,171.218,2.984,1.7993974472534695,False
15427,CHELSEA SAVINGS BANK,2024-09-30,168.234,0.0,1.2824299735537064,False
15442,ROBERT LEE STATE BANK,2024-03-31,43.092,2.58,0.2820306659505892,False
15442,ROBERT LEE STATE BANK,2024-06-30,40.512,3.713,0.25728696550805474,False
15442,ROBERT LEE STATE BANK,2024-09-30,36.799,1.751,0.11400312667124281,False
15443,LAKE ELMO BANK,2024-03-31,437.533,0.0,2.2395737118311003,False
15443,LAKE ELMO BANK,2024-06-30,438.846,0.0,3.015171366804933,False
15443,LAKE ELMO BANK,2024-09-30,446.638,0.0,2.1412851566463713,False
15444,AMERICAN ST B&T CO WILLISTON,2024-03-31,559.06,18.685,3.3480203888805793,False
15444,AMERICAN ST B&T CO WILLISTON,2024-06-30,540.375,0.0,4.218688920003136,False
15444,AMERICAN ST B&T CO WILLISTON,2024-09-30,546.207,0.0,3.084364366878874,False
15460,SPUR SECURITY BANK,2024-03-31,80.602,0.0,0.5431981406663204,False
15460,SPUR SECURITY BANK,2024-06-30,82.73,0.0,0.7020026341857359,False
15460,SPUR SECURITY BANK,2024-09-30,91.485,0.0,0.5733738713547096,False
15463,STATE BANK OF DE KALB,2024-03-31,393.798,6.402,2.7745778555260565,False
15463,STATE BANK OF DE KALB,2024-06-30,387.396,0.0,3.396373470480003,False
15463,STATE BANK OF DE KALB,2024-09-30,387.917,5.654,2.192571891000399,False
15465,UNITED SOUTHERN BANK,2024-03-31,787.32,18.154,5.890448470143109,False
15465,UNITED SOUTHERN BANK,2024-06-30,769.166,23.111,7.2335424280693275,False
15465,UNITED SOUTHERN BANK,2024-09-30,746.055,0.0,5.094211347852436,False
15469,FIRST STATE BANK OF RANSOM,2024-03-31,40.764,2.608,0.11811178373972334,False
15469,FIRST STATE BANK OF RANSOM,2024-06-30,38.156,0.0,0.1299951624850047,False
15469,FIRST STATE BANK OF RANSOM,2024-09-30,38.634,0.145,0.12663387796357312,False
15471,FIRST STATE BANK OF CANDO,2024-03-31,62.02,0.0,0.3630796000084054,False
15471,FIRST STATE BANK OF CANDO,2024-06-30,63.13,0.0,0.5073396157667174,False
15471,FIRST STATE BANK OF CANDO,2024-09-30,67.972,0.059,0.5402025889765563,False
15472,FIRST UNITED BANK,2024-03-31,580.255,17.616,3.0272592858712137,False
15472,FIRST UNITED BANK,2024-06-30,562.639,0.0,3.643937965596086,False
15472,FIRST UNITED BANK,2024-09-30,606.313,0.0,2.7405501772230156,False
15477,CITIZENS BANK OF AMERICUS,2024-03-31,395.824,9.623,3.2599330657405985,False
15477,CITIZENS BANK OF AMERICUS,2024-06-30,386.201,0.0,3.944273554631166,False
15477,CITIZENS BANK OF AMERICUS,2024-09-30,387.563,0.0,2.7835035421155983,False
15478,UNITED VALLEY BANK,2024-03-31,571.353,16.942,3.4230956217440887,False
15478,UNITED VALLEY BANK,2024-06-30,554.411,0.0,4.043643665673622,False
15478,UNITED VALLEY BANK,2024-09-30,573.315,0.0,2.973441690067091,False
15480,COLEMAN COUNTY STATE BANK,2024-03-31,186.249,0.0,1.1276702052018337,False
15480,COLEMAN COUNTY STATE BANK,2024-06-30,189.453,0.0,1.3993613998804364,False
15480,COLEMAN COUNTY STATE BANK,2024-09-30,192.252,0.017,1.068244711945164,False
15489,WEST PLAINS BANK&TRUST CO,2024-03-31,606.971,0.0,3.527784095007141,False
15489,WEST PLAINS BANK&TRUST CO,2024-06-30,615.255,10.371,4.594931313800431,False
15489,WEST PLAINS BANK&TRUST CO,2024-09-30,604.884,0.0,2.954712273035324,False
15496,FIRST STATE BANK OF BLAKELY,2024-03-31,497.164,0.0,2.768724248811603,False
15496,FIRST STATE BANK OF BLAKELY,2024-06-30,500.379,0.0,3.4594761829353016,False
15496,FIRST STATE BANK OF BLAKELY,2024-09-30,519.635,0.0,2.571256166655521,False
15501,LYTLE STB OF LYTLE TEXAS,2024-03-31,102.012,2.777,0.6967796977685975,False
15501,LYTLE STB OF LYTLE TEXAS,2024-06-30,99.235,4.791,0.8624065190096597,False
15501,LYTLE STB OF LYTLE TEXAS,2024-09-30,94.444,0.0,0.5873979117729711,False
15510,AMERISTATE BANK,2024-03-31,370.554,0.0,2.323982357322514,False
15510,AMERISTATE BANK,2024-06-30,398.749,21.826,3.7100124351537125,False
15510,AMERISTATE BANK,2024-09-30,376.923,0.0,2.2467491388166585,False
15511,FIRST STATE BANK,2024-03-31,1582.168,52.241,9.259061024613452,False
15511,FIRST STATE BANK,2024-06-30,1529.927,0.0,11.074122288648674,False
15511,FIRST STATE BANK,2024-09-30,1551.108,0.0,7.894735717451501,False
15519,CITIZENS STATE BANK,2024-03-31,211.231,4.882,1.2503491373661952,False
15519,CITIZENS STATE BANK,2024-06-30,206.349,0.0,1.5871306377358148,False
15519,CITIZENS STATE BANK,2024-09-30,215.918,0.0,1.330270042637868,False
15523,MUENSTER STATE BANK,2024-03-31,175.894,0.094,1.28389935110987,False
15523,MUENSTER STATE BANK,2024-06-30,175.8,0.025,1.7159106263351147,False
15523,MUENSTER STATE BANK,2024-09-30,175.775,0.0,1.2745493676417732,False
15532,CENTREBANK,2024-03-31,84.957,3.6,0.7744365932510947,False
15532,CENTREBANK,2024-06-30,81.357,0.0,0.8692662475942895,False
15532,CENTREBANK,2024-09-30,84.557,0.0,0.645531481399811,False
15539,FIRST STATE BANK,2024-03-31,306.389,0.0,1.3456806482540506,False
15539,FIRST STATE BANK,2024-06-30,311.848,0.0,1.7255048409919633,False
15539,FIRST STATE BANK,2024-09-30,324.015,0.0,1.287240335805305,False
15545,FRONTIER BANK,2024-03-31,1030.545,0.0,3.7668298001872205,False
15545,FRONTIER BANK,2024-06-30,1034.001,4.606,5.234008133397698,False
15545,FRONTIER BANK,2024-09-30,1029.395,0.0,3.512337965028534,False
15546,CHILLICOTHE STATE BANK,2024-03-31,132.998,8.24,1.0174254017326945,False
15546,CHILLICOTHE STATE BANK,2024-06-30,124.758,0.0,1.1285880252031952,False
15546,CHILLICOTHE STATE BANK,2024-09-30,125.807,1.346,0.8695388157773403,False
15547,BANK OF LAKE VILLAGE,2024-03-31,75.645,5.681,0.563114737075964,False
15547,BANK OF LAKE VILLAGE,2024-06-30,69.964,1.069,0.37286138476445085,False
15547,BANK OF LAKE VILLAGE,2024-09-30,68.895,0.0,0.289044042881164,False
15555,CENTRAL BANK,2024-03-31,1812.59,8.144,6.5111151531556555,False
15555,CENTRAL BANK,2024-06-30,1804.446,0.0,8.869056056739486,False
15555,CENTRAL BANK,2024-09-30,1823.966,0.0,5.948453298311469,False
15562,PIONEER BANK&TRUST,2024-03-31,849.223,27.823,5.465437276675832,False
15562,PIONEER BANK&TRUST,2024-06-30,821.4,4.838,6.563899154040236,False
15562,PIONEER BANK&TRUST,2024-09-30,816.562,0.0,4.746137644635157,False
15565,FIRST SOUTHERN BANK,2024-03-31,883.538,0.0,4.1334184586334946,False
15565,FIRST SOUTHERN BANK,2024-06-30,889.302,0.0,5.798937332967821,False
15565,FIRST SOUTHERN BANK,2024-09-30,936.331,25.903,4.649210369656727,False
15566,HOOSIER HEARTLAND STATE BANK,2024-03-31,296.191,0.0,1.5614983387064658,False
15566,HOOSIER HEARTLAND STATE BANK,2024-06-30,306.121,1.813,2.195430399922603,False
15566,HOOSIER HEARTLAND STATE BANK,2024-09-30,304.308,0.0,1.5490427349081415,False
15572,FIRST NB OF PULASKI,2024-03-31,1265.864,5.621,6.886180976742323,False
15572,FIRST NB OF PULASKI,2024-06-30,1260.243,7.04,8.806763706270567,False
15572,FIRST NB OF PULASKI,2024-09-30,1253.203,0.0,6.028585289876979,False
15578,INTEGRITY BANK PLUS,2024-03-31,76.794,1.974,0.2809389426920495,False
15578,INTEGRITY BANK PLUS,2024-06-30,74.82,0.0,0.40858491928934393,False
15578,INTEGRITY BANK PLUS,2024-09-30,76.29,0.0,0.30192140009771007,False
15580,FIRST BANK OF COASTAL GA,2024-03-31,186.117,0.0,1.5139177884987394,False
15580,FIRST BANK OF COASTAL GA,2024-06-30,193.351,0.0,2.241151733989778,False
15580,FIRST BANK OF COASTAL GA,2024-09-30,194.008,0.0,1.8921905469540496,False
15584,MID-MISSOURI BANK,2024-03-31,831.394,0.0,4.3397410143197295,False
15584,MID-MISSOURI BANK,2024-06-30,843.009,0.0,6.072352864997347,False
15584,MID-MISSOURI BANK,2024-09-30,856.996,14.796,4.901824598227402,False
15585,BAY PORT STATE BANK,2024-03-31,133.259,1.238,0.6038551892055984,False
15585,BAY PORT STATE BANK,2024-06-30,132.021,0.858,0.8047081140056274,False
15585,BAY PORT STATE BANK,2024-09-30,131.163,0.0,0.5774634906170829,False
15590,TAYLOR COUNTY BANK,2024-03-31,197.187,0.0,1.0740776365251292,False
15590,TAYLOR COUNTY BANK,2024-06-30,205.926,0.247,1.5962250356642154,False
15590,TAYLOR COUNTY BANK,2024-09-30,205.679,0.0,1.0530355209461069,False
15593,IPSWICH STATE BANK,2024-03-31,56.906,0.0,0.4526945138744925,False
15593,IPSWICH STATE BANK,2024-06-30,56.991,3.331,0.6495877805036098,False
15593,IPSWICH STATE BANK,2024-09-30,53.66,0.0,0.4392280605851424,False
15597,SECURITY STB OF KENYON,2024-03-31,61.722,2.019,0.21063237744467841,False
15597,SECURITY STB OF KENYON,2024-06-30,59.703,1.153,0.2878006699289352,False
15597,SECURITY STB OF KENYON,2024-09-30,58.55,0.0,0.2104200060080895,False
15598,HORIZON FINANCIAL BANK,2024-03-31,163.835,5.97,0.8778967885351388,False
15598,HORIZON FINANCIAL BANK,2024-06-30,157.865,0.0,1.0954414254236493,False
15598,HORIZON FINANCIAL BANK,2024-09-30,164.935,0.0,0.7736551108583765,False
15606,HAMILTON BANK,2024-03-31,99.175,1.94,0.6068931576841484,False
15606,HAMILTON BANK,2024-06-30,97.235,1.571,0.7889291182091924,False
15606,HAMILTON BANK,2024-09-30,95.664,0.0,0.5694507632843604,False
15610,FARMERS&MERCHANTS STATE BANK,2024-03-31,204.019,0.0,1.2166635052539738,False
15610,FARMERS&MERCHANTS STATE BANK,2024-06-30,209.556,0.0,1.7088392318622871,False
15610,FARMERS&MERCHANTS STATE BANK,2024-09-30,211.669,0.0,1.247658594780763,False
15614,WEST BANK,2024-03-31,3070.735,0.0,11.605340263871199,True
15614,WEST BANK,2024-06-30,3186.276,0.0,16.01582749335154,True
15614,WEST BANK,2024-09-30,3283.888,0.0,11.433540436709471,True
15621,FIRST FARMERS&MERCHANTS STB,2024-03-31,74.32,1.647,0.28448391783190075,False
15621,FIRST FARMERS&MERCHANTS STB,2024-06-30,72.673,0.0,0.40042652168704956,False
15621,FIRST FARMERS&MERCHANTS STB,2024-09-30,77.863,0.0,0.34664199200936974,False
15629,QUOIN FINANCIAL BANK,2024-03-31,181.392,0.0,1.0896154069219075,False
15629,QUOIN FINANCIAL BANK,2024-06-30,187.072,0.0,1.4789778518675125,False
15629,QUOIN FINANCIAL BANK,2024-09-30,188.252,0.0,1.1109418604685806,False
15632,GREENFIELD BANKING CO,2024-03-31,713.546,0.0,4.287742703886502,False
15632,GREENFIELD BANKING CO,2024-06-30,728.883,25.103,5.934256327905236,False
15632,GREENFIELD BANKING CO,2024-09-30,703.78,0.0,3.9713651619688504,False
15651,STATE BANK&TRUST CO,2024-03-31,179.614,6.744,1.171497790522909,False
15651,STATE BANK&TRUST CO,2024-06-30,172.87,0.0,1.3995240101625388,False
15651,STATE BANK&TRUST CO,2024-09-30,175.472,12.619,1.1290417889016704,False
15657,ALLIANCE BANK CENTRAL TEXAS,2024-03-31,842.432,44.633,3.49509798640787,False
15657,ALLIANCE BANK CENTRAL TEXAS,2024-06-30,797.799,0.0,4.059310082180806,False
15657,ALLIANCE BANK CENTRAL TEXAS,2024-09-30,831.813,0.0,3.0841761355055777,False
15663,FIRST STATE BANK,2024-03-31,793.964,20.467,5.095365587262945,False
15663,FIRST STATE BANK,2024-06-30,773.497,0.0,6.04391638335475,False
15663,FIRST STATE BANK,2024-09-30,782.995,0.0,4.485625439939165,False
15664,FREEDOM BANK INC,2024-03-31,177.899,0.0,1.008283305583898,False
15664,FREEDOM BANK INC,2024-06-30,188.149,4.626,1.7303376923564022,False
15664,FREEDOM BANK INC,2024-09-30,183.523,1.48,1.2043105134488414,False
15669,MCBANK,2024-03-31,368.13,6.11,2.5640109474509614,False
15669,MCBANK,2024-06-30,362.02,0.0,3.48057738908874,False
15669,MCBANK,2024-09-30,366.459,0.0,2.4223558975780235,False
15671,BANK OF CLARENDON,2024-03-31,343.688,0.0,2.5417860187670547,False
15671,BANK OF CLARENDON,2024-06-30,345.245,0.0,3.307964304488663,False
15671,BANK OF CLARENDON,2024-09-30,350.85,0.0,2.3970819122902163,False
15673,BANK OF RIPLEY,2024-03-31,240.854,6.939,1.700393735142512,False
15673,BANK OF RIPLEY,2024-06-30,233.915,4.903,2.1515476856794895,False
15675,CITIZENS BANK&TRUST CO,2024-03-31,292.863,4.287,1.9428926154158772,False
15675,CITIZENS BANK&TRUST CO,2024-06-30,288.576,3.411,2.236025376400735,False
15675,CITIZENS BANK&TRUST CO,2024-09-30,285.165,0.0,1.659875920419989,False
15687,GRANT COUNTY STATE BANK,2024-03-31,251.239,0.0,1.727199971526483,False
15687,GRANT COUNTY STATE BANK,2024-06-30,254.019,0.0,2.137009710309795,False
15687,GRANT COUNTY STATE BANK,2024-09-30,272.184,0.0,1.6143419517025348,False
15690,CLEAR LAKE BANK&TRUST CO,2024-03-31,518.342,0.0,2.6466850538906947,False
15690,CLEAR LAKE BANK&TRUST CO,2024-06-30,524.852,8.946,3.572367928005888,False
15690,CLEAR LAKE BANK&TRUST CO,2024-09-30,515.906,0.0,2.35032602702035,False
15699,PINELAND BANK,2024-03-31,421.236,0.0,2.330834916789865,False
15699,PINELAND BANK,2024-06-30,433.002,0.0,3.386439513667,False
15699,PINELAND BANK,2024-09-30,435.009,0.0,2.265611584482447,False
15701,SEYMOUR BANK,2024-03-31,178.107,0.0,1.0295964007873468,False
15701,SEYMOUR BANK,2024-06-30,179.386,0.0,1.4301202614706674,False
15701,SEYMOUR BANK,2024-09-30,186.413,0.0,1.1528712531345056,False
15703,TOWN&COUNTRY BANK&TRUST CO,2024-03-31,352.069,1.038,2.0679172389184632,False
15703,TOWN&COUNTRY BANK&TRUST CO,2024-06-30,351.031,8.944,2.5816499842824405,False
15703,TOWN&COUNTRY BANK&TRUST CO,2024-09-30,342.087,0.0,1.6902365665374064,False
15708,CASEY COUNTY BANK INC,2024-03-31,276.319,0.0,2.065430275929788,False
15708,CASEY COUNTY BANK INC,2024-06-30,290.729,0.0,2.854063903677228,False
15708,CASEY COUNTY BANK INC,2024-09-30,294.797,0.0,2.220244652115637,False
15728,DAKOTA COMMUNITY B&T NA,2024-03-31,1155.285,32.332,7.059998924661834,False
15728,DAKOTA COMMUNITY B&T NA,2024-06-30,1122.953,12.974,8.451242885209783,False
15728,DAKOTA COMMUNITY B&T NA,2024-09-30,1109.979,0.0,5.898028972369375,False
15729,PARTNERS BANK,2024-03-31,357.01,0.0,1.532060906652494,False
15729,PARTNERS BANK,2024-06-30,358.126,3.307,2.0995734007125653,False
15729,PARTNERS BANK,2024-09-30,354.819,0.0,1.4314761119398778,False
15731,SECURITY BANK OF TEXAS,2024-03-31,114.298,0.0,0.8397583690136624,False
15731,SECURITY BANK OF TEXAS,2024-06-30,114.819,0.0,1.1230126695231537,False
15731,SECURITY BANK OF TEXAS,2024-09-30,117.3,2.823,0.9681595061672821,False
15734,SECURITY SAVINGS BANK,2024-03-31,441.127,0.0,2.224801335986891,False
15734,SECURITY SAVINGS BANK,2024-06-30,460.293,2.301,3.1236083173635043,False
15734,SECURITY SAVINGS BANK,2024-09-30,457.992,0.0,2.1434165011993924,False
15741,COMMERCIAL BANK OF MOTT,2024-03-31,111.24,8.768,0.48330206807892295,False
15741,COMMERCIAL BANK OF MOTT,2024-06-30,102.472,1.97,0.5939449800211948,False
15741,COMMERCIAL BANK OF MOTT,2024-09-30,100.502,0.0,0.41821092934851795,False
15749,SECURITY STATE BANK,2024-03-31,48.705,0.0,0.6325540441248549,False
15749,SECURITY STATE BANK,2024-06-30,49.985,2.185,1.2140746960469377,False
15749,SECURITY STATE BANK,2024-09-30,47.8,0.55,0.9813009062955781,False
15751,FLAT BRANCH BANK,2024-03-31,35.837,0.0,0.2582790529415345,False
15751,FLAT BRANCH BANK,2024-06-30,55.939,0.0,1.493930884836472,False
15751,FLAT BRANCH BANK,2024-09-30,68.944,0.0,1.4776540851861357,False
15752,FIRST STATE BANK,2024-03-31,1285.87,16.934,4.873291531487615,False
15752,FIRST STATE BANK,2024-06-30,1268.936,10.798,6.584462994114491,False
15752,FIRST STATE BANK,2024-09-30,1258.138,0.0,4.617212337501716,False
15760,CITIZENS NB OF ALBION,2024-03-31,279.203,3.201,1.3859138129089925,False
15760,CITIZENS NB OF ALBION,2024-06-30,276.002,0.0,1.7835750450436803,False
15760,CITIZENS NB OF ALBION,2024-09-30,282.485,0.0,1.3305256799086145,False
15762,FIRST AMERICAN BANK,2024-03-31,32.206,2.144,0.015458963116816504,False
15762,FIRST AMERICAN BANK,2024-06-30,30.062,0.0,0.021000170496538472,False
15762,FIRST AMERICAN BANK,2024-09-30,30.191,1.251,0.03722860755662443,False
15763,FIRST NB OF NOKOMIS,2024-03-31,158.364,0.0,0.9906912319869637,False
15763,FIRST NB OF NOKOMIS,2024-06-30,160.417,0.0,1.328459466195805,False
15763,FIRST NB OF NOKOMIS,2024-09-30,162.271,1.293,0.9691019336594205,False
15767,FIRST SECURITY BANK-HENDRICK,2024-03-31,39.673,2.884,0.3566357514063376,False
15767,FIRST SECURITY BANK-HENDRICK,2024-06-30,36.789,0.475,0.3175752242182983,False
15767,FIRST SECURITY BANK-HENDRICK,2024-09-30,36.314,0.0,0.26305802201002576,False
15771,NORTHEAST GEORGIA BANK,2024-03-31,541.774,3.468,4.445949078356285,False
15771,NORTHEAST GEORGIA BANK,2024-06-30,538.306,2.919,5.6302980380664795,False
15771,NORTHEAST GEORGIA BANK,2024-09-30,535.387,0.0,4.040775681734455,False
15772,MEDIAPOLIS SAVINGS BANK,2024-03-31,203.754,0.0,1.119717854355525,False
15772,MEDIAPOLIS SAVINGS BANK,2024-06-30,207.237,1.122,1.5685846107806307,False
15772,MEDIAPOLIS SAVINGS BANK,2024-09-30,206.115,0.0,1.0859955964300096,False
15778,GRANT COUNTY BANK,2024-03-31,48.674,0.67,0.3052643734142982,False
15778,GRANT COUNTY BANK,2024-06-30,48.004,1.215,0.4610944025192195,False
15778,GRANT COUNTY BANK,2024-09-30,46.789,0.0,0.32369741175734545,False
15779,FARMERS&MERCHANTS BANK,2024-03-31,743.05,0.0,3.275997888426436,False
15779,FARMERS&MERCHANTS BANK,2024-06-30,766.783,2.686,4.536622819962793,False
15779,FARMERS&MERCHANTS BANK,2024-09-30,764.097,0.0,3.1806524997768904,False
15784,STOCK EXC BK CALDWELL KS,2024-03-31,74.007,0.0,0.23885358415278876,False
15784,STOCK EXC BK CALDWELL KS,2024-06-30,75.644,0.907,0.36132608022957774,False
15784,STOCK EXC BK CALDWELL KS,2024-09-30,74.737,0.0,0.25064251598262094,False
15792,PEOPLES BK OF MONITEAU CNTY,2024-03-31,62.018,0.0,0.2786213702489953,False
15792,PEOPLES BK OF MONITEAU CNTY,2024-06-30,62.72,1.435,0.3890023647295878,False
15792,PEOPLES BK OF MONITEAU CNTY,2024-09-30,61.285,0.0,0.2847293297660839,False
15797,BROADWAY NATIONAL BANK,2024-03-31,5062.311,0.0,21.296181196531375,True
15797,BROADWAY NATIONAL BANK,2024-06-30,5191.787,0.0,30.610470141295018,True
15797,BROADWAY NATIONAL BANK,2024-09-30,5244.756,14.221,22.22247498672132,True
15799,PREMIER COMMUNITY BANK,2024-03-31,437.495,0.0,2.3665586698891468,False
15799,PREMIER COMMUNITY BANK,2024-06-30,451.172,0.0,3.3060050369577114,False
15799,PREMIER COMMUNITY BANK,2024-09-30,468.548,0.0,2.51819895439935,False
15801,FARMERS&MERCHANTS BANK,2024-03-31,447.428,11.483,3.092052942233428,False
15801,FARMERS&MERCHANTS BANK,2024-06-30,435.945,11.782,3.6380002261988835,False
15801,FARMERS&MERCHANTS BANK,2024-09-30,424.163,0.0,2.416516234161157,False
15808,IOWA STATE BANK,2024-03-31,358.984,0.0,2.2904741251954293,False
15808,IOWA STATE BANK,2024-06-30,364.955,6.28,3.1413094534192116,False
15808,IOWA STATE BANK,2024-09-30,358.675,0.0,2.1730934778619306,False
15809,SECURITY STATE BANK&TRUST,2024-03-31,1647.434,0.0,6.845217108599298,False
15809,SECURITY STATE BANK&TRUST,2024-06-30,1682.36,21.174,9.339876222334922,False
15809,SECURITY STATE BANK&TRUST,2024-09-30,1661.186,0.0,6.5266343824393775,False
15815,CENTRAL BANK&TRUST CO,2024-03-31,2751.861,0.0,9.502728114626533,False
15815,CENTRAL BANK&TRUST CO,2024-06-30,2753.545,0.0,12.677801243206742,False
15815,CENTRAL BANK&TRUST CO,2024-09-30,2787.778,0.0,9.058761256401517,False
15817,GENESIS BANK,2024-03-31,45.577,0.0,0.17371895570634235,False
15817,GENESIS BANK,2024-06-30,49.774,0.0,0.26661401586718503,False
15817,GENESIS BANK,2024-09-30,55.068,2.364,0.24165598486980958,False
15820,RED RIVER STATE BANK,2024-03-31,105.955,0.147,0.35260135063304393,False
15820,RED RIVER STATE BANK,2024-06-30,105.808,1.271,0.5006011237060639,False
15820,RED RIVER STATE BANK,2024-09-30,104.537,0.0,0.3521806151892364,False
15826,CLAXTON BANK,2024-03-31,154.118,0.0,0.8919508175455455,False
15826,CLAXTON BANK,2024-06-30,156.667,0.0,1.2384620679661675,False
15826,CLAXTON BANK,2024-09-30,162.067,0.0,0.8779025844316068,False
15830,NORTHWEST BANK&TRUST CO,2024-03-31,211.948,5.833,3.198288109841596,False
15830,NORTHWEST BANK&TRUST CO,2024-06-30,206.115,0.0,3.8355189580703346,False
15839,SECURITY STATE BANK,2024-03-31,83.993,0.0,0.3403484624827202,False
15839,SECURITY STATE BANK,2024-06-30,88.849,0.0,0.5248937374826148,False
15839,SECURITY STATE BANK,2024-09-30,95.462,0.434,0.5144882043104694,False
15847,SUNRISE BANK DAKOTA,2024-03-31,56.096,0.0,0.6333006479104667,False
15847,SUNRISE BANK DAKOTA,2024-06-30,58.043,0.946,0.7532489695911612,False
15847,SUNRISE BANK DAKOTA,2024-09-30,57.097,4.321,0.5538765646305056,False
15853,FARMERS STATE BANK,2024-03-31,22.465,1.314,0.016754613044816468,False
15853,FARMERS STATE BANK,2024-06-30,21.151,0.722,0.0012648687459029717,False
15853,FARMERS STATE BANK,2024-09-30,20.429,0.606,0.019744556074770547,False
15871,PEOPLES BANK,2024-03-31,455.683,0.0,3.126666164989356,False
15871,PEOPLES BANK,2024-06-30,459.505,0.0,4.099193349361628,False
15871,PEOPLES BANK,2024-09-30,469.458,0.0,3.063574506122427,False
15873,MILLEDGEVILLE STATE BANK,2024-03-31,134.522,0.0,0.8252517044634655,False
15873,MILLEDGEVILLE STATE BANK,2024-06-30,136.456,0.0,1.160782592195198,False
15873,MILLEDGEVILLE STATE BANK,2024-09-30,142.257,0.0,0.8806861912679169,False
15883,DEMOTTE STATE BANK,2024-03-31,447.776,0.0,2.7980816604682115,False
15883,DEMOTTE STATE BANK,2024-06-30,458.695,12.27,3.7774741622496015,False
15883,DEMOTTE STATE BANK,2024-09-30,446.425,0.0,2.651406567616069,False
15898,FIRST STB OF LIVINGSTON,2024-03-31,648.895,38.667,5.249836588266448,False
15898,FIRST STB OF LIVINGSTON,2024-06-30,610.228,12.794,5.578484114865563,False
15898,FIRST STB OF LIVINGSTON,2024-09-30,597.434,0.0,3.874199986107609,False
15899,FUSION BANK,2024-03-31,188.618,25.059,1.852419123942982,False
15899,FUSION BANK,2024-06-30,163.559,4.641,1.5892822204106452,False
15899,FUSION BANK,2024-09-30,158.918,0.0,1.1297300920675024,False
15904,FOUR COUNTY BANK,2024-03-31,76.11,0.0,0.38386687895488286,False
15904,FOUR COUNTY BANK,2024-06-30,76.437,0.0,0.5429959823282227,False
15904,FOUR COUNTY BANK,2024-09-30,76.627,0.0,0.4288215804951404,False
15907,COMMUNITY FIRST BANK,2024-03-31,106.597,0.0,0.6812459564763419,False
15907,COMMUNITY FIRST BANK,2024-06-30,106.735,0.0,0.9750340317340468,False
15908,UNION STATE BANK,2024-03-31,153.334,0.0,0.8406776545900306,False
15908,UNION STATE BANK,2024-06-30,154.564,1.473,1.1222054661688592,False
15908,UNION STATE BANK,2024-09-30,153.091,0.0,0.8086506000744472,False
15912,SAVINGS BANK OF DANBURY,2024-03-31,1140.431,0.0,4.415762282014177,False
15912,SAVINGS BANK OF DANBURY,2024-06-30,1148.954,0.0,6.194727366632734,False
15912,SAVINGS BANK OF DANBURY,2024-09-30,1196.036,0.0,4.336121423214318,False
15913,FIRST COMMUNITY BANK&TRUST,2024-03-31,165.757,0.0,1.0081302515826374,False
15913,FIRST COMMUNITY BANK&TRUST,2024-06-30,180.855,5.532,1.9323396030350324,False
15913,FIRST COMMUNITY BANK&TRUST,2024-09-30,175.323,0.0,1.4556689373829084,False
15928,FARMERS NB OF GRIGGSVILLE,2024-03-31,121.446,2.82,0.5297085966565521,False
15928,FARMERS NB OF GRIGGSVILLE,2024-06-30,118.626,0.0,0.7020731780502553,False
15928,FARMERS NB OF GRIGGSVILLE,2024-09-30,129.398,0.0,0.6239872477572891,False
15930,MAXWELL STATE BANK,2024-03-31,21.991,0.0,0.0,False
15930,MAXWELL STATE BANK,2024-06-30,23.088,0.242,0.0,False
15930,MAXWELL STATE BANK,2024-09-30,22.846,0.982,0.05081120128972569,False
15932,CITIZENS BANK,2024-03-31,872.528,0.0,6.072835768109813,False
15932,CITIZENS BANK,2024-06-30,900.708,0.0,8.387336261096072,False
15932,CITIZENS BANK,2024-09-30,904.525,0.0,5.83396190915318,False
15939,PEOPLES STATE BANK,2024-03-31,127.139,4.409,1.1460686331423469,False
15939,PEOPLES STATE BANK,2024-06-30,122.73,0.0,1.3044252553585283,False
15939,PEOPLES STATE BANK,2024-09-30,124.213,0.0,1.0568036808699577,False
15945,FOREST PARK NB&T CO,2024-03-31,284.881,6.634,1.6004437759803665,False
15945,FOREST PARK NB&T CO,2024-06-30,278.247,0.0,1.9715134510109473,False
15945,FOREST PARK NB&T CO,2024-09-30,285.002,0.0,1.4478781408662742,False
15947,IOWA STATE BANK,2024-03-31,321.403,2.947,1.7978450523479987,False
15947,IOWA STATE BANK,2024-06-30,318.456,0.0,2.348056262645513,False
15947,IOWA STATE BANK,2024-09-30,322.881,2.196,1.7262987827514702,False
15953,GUARANTY BANK&TRUST CO,2024-03-31,2113.603,53.963,8.754450271486863,False
15953,GUARANTY BANK&TRUST CO,2024-06-30,2059.64,0.0,11.597148819090814,False
15953,GUARANTY BANK&TRUST CO,2024-09-30,2264.016,0.0,8.594117889336031,False
15966,FULTON SAVINGS BANK,2024-03-31,293.742,0.0,1.5444456677275271,False
15966,FULTON SAVINGS BANK,2024-06-30,294.297,7.756,2.042839267325025,False
15966,FULTON SAVINGS BANK,2024-09-30,286.541,0.0,1.3676096331978638,False
15969,RONDOUT SAVINGS BANK,2024-03-31,461.857,23.406,2.247949539847429,False
15969,RONDOUT SAVINGS BANK,2024-06-30,438.451,0.0,2.8345475974950856,False
15969,RONDOUT SAVINGS BANK,2024-09-30,439.989,5.464,2.04163890241268,False
15970,ULSTER SAVINGS BANK,2024-03-31,1101.208,0.0,4.70408145760591,False
15970,ULSTER SAVINGS BANK,2024-06-30,1131.985,0.0,6.868715060488179,False
15970,ULSTER SAVINGS BANK,2024-09-30,1155.237,0.0,4.930412294177237,False
15987,WALDEN SAVINGS BANK,2024-03-31,769.225,0.0,3.585605835389539,False
15987,WALDEN SAVINGS BANK,2024-06-30,796.939,3.462,5.138899615339649,False
15987,WALDEN SAVINGS BANK,2024-09-30,793.477,0.0,3.6771011179674202,False
15990,WATERTOWN SAVINGS BANK,2024-03-31,774.156,14.197,4.155012240385442,False
15990,WATERTOWN SAVINGS BANK,2024-06-30,759.959,0.0,5.202376223418855,False
15990,WATERTOWN SAVINGS BANK,2024-09-30,776.465,33.482,3.8580670957794094,False
15995,PCSB BANK,2024-03-31,1681.955,0.0,6.763444574286059,False
15995,PCSB BANK,2024-06-30,1714.703,0.0,9.679289252981269,False
15995,PCSB BANK,2024-09-30,1718.428,1.375,6.96135004062826,False
16026,RIDGEWOOD SAVINGS BANK,2024-03-31,5559.007,0.0,19.452032800959724,True
16026,RIDGEWOOD SAVINGS BANK,2024-06-30,5560.107,0.0,26.00297377154646,True
16026,RIDGEWOOD SAVINGS BANK,2024-09-30,5631.071,0.0,18.78793260712204,True
16030,NORTH COUNTRY SAVINGS BANK,2024-03-31,260.96,1.168,1.175105797908883,False
16030,NORTH COUNTRY SAVINGS BANK,2024-06-30,259.792,2.963,1.5502533764410118,False
16030,NORTH COUNTRY SAVINGS BANK,2024-09-30,256.829,0.0,1.045638655149737,False
16032,RHINEBECK BANK,2024-03-31,1053.474,0.287,4.497320508367107,False
16032,RHINEBECK BANK,2024-06-30,1053.187,0.0,6.040571347340308,False
16032,RHINEBECK BANK,2024-09-30,1058.823,19.38,4.316305820922867,False
16039,SAWYER SAVINGS BANK,2024-03-31,242.631,0.0,1.0979692530736387,False
16039,SAWYER SAVINGS BANK,2024-06-30,242.651,5.309,1.5064496243678493,False
16039,SAWYER SAVINGS BANK,2024-09-30,237.342,0.0,1.023649906550002,False
16040,GENERATIONS BANK,2024-03-31,347.472,3.17,1.6121038089315067,False
16040,GENERATIONS BANK,2024-06-30,344.302,7.87,2.188351644141584,False
16040,GENERATIONS BANK,2024-09-30,336.432,4.499,1.5074026459311365,False
16068,APPLE BANK,2024-03-31,14810.939,264.055,46.820935079525796,True
16068,APPLE BANK,2024-06-30,14546.884,312.879,58.73317640196136,True
16068,APPLE BANK,2024-09-30,14234.005,0.0,39.866989466770605,True
16075,RAYNE STATE BANK&TRUST CO,2024-03-31,444.847,8.256,2.384329104921423,False
16075,RAYNE STATE BANK&TRUST CO,2024-06-30,436.591,0.0,2.940849741446409,False
16075,RAYNE STATE BANK&TRUST CO,2024-09-30,441.991,0.0,2.2352241197223526,False
16079,YORK STATE BANK,2024-03-31,160.939,4.813,0.8175523611840937,False
16079,YORK STATE BANK,2024-06-30,156.126,2.471,1.030981540496193,False
16079,YORK STATE BANK,2024-09-30,153.655,0.0,0.715978166737186,False
16094,EXCHANGE STATE BANK,2024-03-31,44.435,0.0,0.1018193844310742,False
16094,EXCHANGE STATE BANK,2024-06-30,49.038,2.783,0.23874370926896393,False
16094,EXCHANGE STATE BANK,2024-09-30,46.255,0.0,0.15971750757783174,False
16101,MILFORD BANK,2024-03-31,507.075,0.0,2.5146211493252038,False
16101,MILFORD BANK,2024-06-30,513.127,8.176,3.3315230707428234,False
16101,MILFORD BANK,2024-09-30,504.951,0.0,2.340796977123144,False
16103,FARMBANK,2024-03-31,71.428,0.0,0.341814126530282,False
16103,FARMBANK,2024-06-30,71.987,1.824,0.5512497878774266,False
16103,FARMBANK,2024-09-30,70.163,0.966,0.35950086837528267,False
16110,BUTTE STATE BANK,2024-03-31,49.41,0.916,0.1360766551571333,False
16110,BUTTE STATE BANK,2024-06-30,48.494,0.153,0.19938910138671848,False
16110,BUTTE STATE BANK,2024-09-30,48.341,0.0,0.16579050403690393,False
16111,HIGHLAND BANK,2024-03-31,659.985,5.787,3.2993889646819157,False
16111,HIGHLAND BANK,2024-06-30,654.198,0.0,4.171660004860629,False
16111,HIGHLAND BANK,2024-09-30,662.605,6.671,3.274505142915651,False
16114,FARMERS STATE BANK&TRUST CO,2024-03-31,151.622,0.0,0.9504095677740255,False
16114,FARMERS STATE BANK&TRUST CO,2024-06-30,152.872,3.752,1.3059103091665762,False
16114,FARMERS STATE BANK&TRUST CO,2024-09-30,149.12,0.0,0.9447454062100873,False
16116,NEBRASKA BANK,2024-03-31,380.889,0.0,2.0328230054334906,False
16116,NEBRASKA BANK,2024-06-30,383.406,7.633,2.7564230868961963,False
16116,NEBRASKA BANK,2024-09-30,375.773,0.0,1.802761843449362,False
16120,RILEY STB OF RILEY KANSAS,2024-03-31,99.508,0.0,0.5539919591664783,False
16120,RILEY STB OF RILEY KANSAS,2024-06-30,101.427,4.252,0.7079758963006834,False
16120,RILEY STB OF RILEY KANSAS,2024-09-30,97.175,0.0,0.47783709684831943,False
16125,EASTERN COLORADO BANK,2024-03-31,562.655,0.0,2.8056905680395476,False
16125,EASTERN COLORADO BANK,2024-06-30,562.836,3.047,3.5793210727253553,False
16125,EASTERN COLORADO BANK,2024-09-30,559.789,0.0,2.4663285428254254,False
16126,CITIZENS BANK OF THE MIDWEST,2024-03-31,171.151,3.806,0.8692035426578033,False
16126,CITIZENS BANK OF THE MIDWEST,2024-06-30,167.345,0.0,1.1622478385563177,False
16126,CITIZENS BANK OF THE MIDWEST,2024-09-30,168.507,0.0,0.8387082123783237,False
16127,FNB COMMUNITY BANK,2024-03-31,430.474,12.213,2.899459863997928,False
16127,FNB COMMUNITY BANK,2024-06-30,418.261,18.296,3.6939619879204786,False
16127,FNB COMMUNITY BANK,2024-09-30,399.965,0.0,2.1675590834580154,False
16130,FIRST NATIONAL BANK ALASKA,2024-03-31,3665.066,0.0,17.397382148929722,True
16130,FIRST NATIONAL BANK ALASKA,2024-06-30,3698.631,0.0,23.906116634092484,True
16130,FIRST NATIONAL BANK ALASKA,2024-09-30,3728.181,49.026,17.848452141818626,True
16151,STATE BANK,2024-03-31,66.201,0.0,0.3352758785344534,False
16151,STATE BANK,2024-06-30,67.736,0.0,0.5721564230387413,False
16151,STATE BANK,2024-09-30,69.07,0.0,0.4654904427833283,False
16152,PEOPLES BANK,2024-03-31,206.188,0.0,1.350714874136879,False
16152,PEOPLES BANK,2024-06-30,214.846,0.0,1.9071057094118227,False
16152,PEOPLES BANK,2024-09-30,220.03,0.0,1.400386546312702,False
16154,BANK OF ELGIN,2024-03-31,65.399,1.04,0.36319398269541076,False
16154,BANK OF ELGIN,2024-06-30,64.359,0.0,0.45884847883321644,False
16154,BANK OF ELGIN,2024-09-30,64.517,0.0,0.3306743914390086,False
16160,WAUKESHA STATE BANK,2024-03-31,1219.491,36.363,5.571547466078286,False
16160,WAUKESHA STATE BANK,2024-06-30,1183.128,0.0,6.633598604197728,False
16160,WAUKESHA STATE BANK,2024-09-30,1218.495,21.056,4.638683139180609,False
16161,CAMPBELL COUNTY BANK INC,2024-03-31,135.381,0.0,0.5596459472183565,False
16161,CAMPBELL COUNTY BANK INC,2024-06-30,140.25,0.0,0.788050945547187,False
16161,CAMPBELL COUNTY BANK INC,2024-09-30,145.822,8.136,0.6252163005892224,False
16162,FIRST STATE BANK OF PURDY,2024-03-31,194.897,0.0,1.3299554572131156,False
16162,FIRST STATE BANK OF PURDY,2024-06-30,205.964,0.0,2.0465990547747137,False
16162,FIRST STATE BANK OF PURDY,2024-09-30,213.594,5.634,1.7023846809807648,False
16167,METAMORA STATE BANK,2024-03-31,88.135,1.284,0.39244493657205004,False
16167,METAMORA STATE BANK,2024-06-30,86.851,0.0,0.5064722082837324,False
16167,METAMORA STATE BANK,2024-09-30,90.082,7.145,0.4241181026859826,False
16175,WEST ALABAMA BANK&TRUST,2024-03-31,773.136,0.0,4.197680136879037,False
16175,WEST ALABAMA BANK&TRUST,2024-06-30,774.607,0.0,5.557241417641155,False
16175,WEST ALABAMA BANK&TRUST,2024-09-30,786.573,0.0,4.048786163744478,False
16176,JOHNSON CITY BANK,2024-03-31,120.728,0.0,0.772968614620055,False
16176,JOHNSON CITY BANK,2024-06-30,121.943,0.0,1.2600017249642874,False
16176,JOHNSON CITY BANK,2024-09-30,122.368,5.057,0.9914433243488154,False
16177,FIRST STATE BANK,2024-03-31,116.982,7.408,1.0198406325756355,False
16177,FIRST STATE BANK,2024-06-30,109.574,4.296,1.139167044242551,False
16177,FIRST STATE BANK,2024-09-30,105.278,0.0,0.9800210177494636,False
16185,SAMSON BANKING CO INC,2024-03-31,94.524,0.0,0.6109446185234968,False
16185,SAMSON BANKING CO INC,2024-06-30,95.492,0.0,0.8806495247711806,False
16185,SAMSON BANKING CO INC,2024-09-30,95.842,0.0,0.6421424120772814,False
16191,STOCKMAN BANK OF MONTANA,2024-03-31,5108.684,4.904,18.3236025237179,True
16191,STOCKMAN BANK OF MONTANA,2024-06-30,5103.78,0.0,24.649465975959934,True
16191,STOCKMAN BANK OF MONTANA,2024-09-30,5362.812,0.0,17.585047461713316,True
16198,MASON CITY NATIONAL BANK,2024-03-31,75.048,5.623,0.4195330723702255,False
16198,MASON CITY NATIONAL BANK,2024-06-30,69.425,0.0,0.5054057519074877,False
16198,MASON CITY NATIONAL BANK,2024-09-30,69.964,1.122,0.38227283547379115,False
16201,BANK OF WOLCOTT,2024-03-31,208.44,0.0,1.322352014012014,False
16201,BANK OF WOLCOTT,2024-06-30,209.443,2.081,1.7740049464082774,False
16201,BANK OF WOLCOTT,2024-09-30,207.362,0.803,1.2588900579365732,False
16216,FARMERS&MERCHANTS BANK,2024-03-31,1460.397,0.0,6.416828462215975,False
16216,FARMERS&MERCHANTS BANK,2024-06-30,1469.903,0.0,8.395608422625164,False
16216,FARMERS&MERCHANTS BANK,2024-09-30,1487.662,0.0,5.811843716723144,False
16221,RELIABANK DAKOTA,2024-03-31,642.523,0.0,3.48649492271304,False
16221,RELIABANK DAKOTA,2024-06-30,643.375,0.0,4.591665833191905,False
16221,RELIABANK DAKOTA,2024-09-30,649.574,0.0,3.3221853751627695,False
16222,SHERWOOD STATE BANK,2024-03-31,77.94,0.0,0.27901219690989804,False
16222,SHERWOOD STATE BANK,2024-06-30,79.869,0.152,0.4258976195214248,False
16222,SHERWOOD STATE BANK,2024-09-30,79.717,0.0,0.31058620498416956,False
16228,WHEELER COUNTY STATE BANK,2024-03-31,126.812,0.0,1.1537884103891953,False
16228,WHEELER COUNTY STATE BANK,2024-06-30,158.597,9.265,3.087388512385424,False
16228,WHEELER COUNTY STATE BANK,2024-09-30,149.332,0.0,1.9331280438559686,False
16231,DAKOTA HERITAGE BANK,2024-03-31,319.628,4.52,1.5058405806045836,False
16231,DAKOTA HERITAGE BANK,2024-06-30,315.108,0.0,1.9735540049116929,False
16231,DAKOTA HERITAGE BANK,2024-09-30,321.508,0.0,1.4508555915325592,False
16243,BANK OF EASTERN OREGON,2024-03-31,762.857,9.023,4.127731930675652,False
16243,BANK OF EASTERN OREGON,2024-06-30,753.834,11.45,4.951337925418877,False
16243,BANK OF EASTERN OREGON,2024-09-30,742.384,0.0,3.3878530945751995,False
16246,COMMERCIAL BANKING CO,2024-03-31,317.293,0.477,2.3915462772777345,False
16246,COMMERCIAL BANKING CO,2024-06-30,316.816,0.0,3.097392310237316,False
16246,COMMERCIAL BANKING CO,2024-09-30,329.344,20.891,2.405608394049336,False
16247,NEIGHBORS BANK,2024-03-31,53.845,0.063,0.17553085079300862,False
16247,NEIGHBORS BANK,2024-06-30,53.782,0.0,0.2068375889223323,False
16247,NEIGHBORS BANK,2024-09-30,53.873,0.0,0.2223484366860237,False
16249,DEVON BANK,2024-03-31,343.643,9.62,2.323440333158901,False
16249,DEVON BANK,2024-06-30,334.023,4.155,2.9873950492743564,False
16249,DEVON BANK,2024-09-30,329.868,0.0,2.211016227195609,False
16250,MARQUETTE BANK,2024-03-31,1724.045,0.0,8.26163197401517,False
16250,MARQUETTE BANK,2024-06-30,1750.093,21.048,11.588850468394357,False
16250,MARQUETTE BANK,2024-09-30,1729.045,0.0,8.148412899738975,False
16265,PEOPLES BANK,2024-03-31,813.516,0.0,3.132971489834514,False
16265,PEOPLES BANK,2024-06-30,844.844,0.0,4.390797693449194,False
16265,PEOPLES BANK,2024-09-30,882.197,0.0,3.3878811946979517,False
16275,CITIZENS BANK OF COCHRAN,2024-03-31,151.83,0.0,0.7692403278976867,False
16275,CITIZENS BANK OF COCHRAN,2024-06-30,154.133,0.0,1.1072703237443153,False
16275,CITIZENS BANK OF COCHRAN,2024-09-30,162.248,0.0,0.8376877698924282,False
16276,BANK OF HILLSBORO NA,2024-03-31,546.494,0.0,2.9721727868876027,False
16276,BANK OF HILLSBORO NA,2024-06-30,552.786,0.0,3.9620495258331245,False
16276,BANK OF HILLSBORO NA,2024-09-30,583.463,11.311,3.1302509606180893,False
16281,BANK OF LUMBER CITY,2024-03-31,22.771,0.0,0.0,False
16281,BANK OF LUMBER CITY,2024-06-30,24.971,0.0,0.1546250739122904,False
16281,BANK OF LUMBER CITY,2024-09-30,26.665,1.147,0.25650750948596907,False
16282,BANK OF BEARDEN,2024-03-31,61.244,0.0,0.3425761872782536,False
16282,BANK OF BEARDEN,2024-06-30,63.04,9.268,0.49631655973486505,False
16282,BANK OF BEARDEN,2024-09-30,53.772,4.143,0.2831662723403022,False
16283,SOUTH COAST BANK&TRUST,2024-03-31,209.911,0.0,1.266674782548746,False
16283,SOUTH COAST BANK&TRUST,2024-06-30,227.509,10.414,2.1482735592058253,False
16283,SOUTH COAST BANK&TRUST,2024-09-30,217.095,3.566,1.4076484508827094,False
16288,SOUTHERN BANK,2024-03-31,271.728,0.0,1.5394690375913702,False
16288,SOUTHERN BANK,2024-06-30,274.924,0.0,2.0233775714246334,False
16288,SOUTHERN BANK,2024-09-30,285.436,0.0,1.5239153408289188,False
16307,MANUFACTURERS BANK&TRUST CO,2024-03-31,632.42,0.0,3.014343672321201,False
16307,MANUFACTURERS BANK&TRUST CO,2024-06-30,664.396,43.311,4.320699383323077,False
16307,MANUFACTURERS BANK&TRUST CO,2024-09-30,621.085,0.0,2.771575962329367,False
16318,MARSEILLES BANK,2024-03-31,61.345,0.0,0.3245501195530506,False
16318,MARSEILLES BANK,2024-06-30,61.753,0.0,0.43521632976020713,False
16318,MARSEILLES BANK,2024-09-30,63.983,0.0,0.37364613452982665,False
16330,BATTLE CREEK STATE BANK,2024-03-31,34.073,0.0,0.0106202392272862,False
16330,BATTLE CREEK STATE BANK,2024-06-30,36.391,0.687,0.07782608187604516,False
16330,BATTLE CREEK STATE BANK,2024-09-30,35.704,3.154,0.0528271836033758,False
16332,FIRST STATE BANK&TRUST,2024-03-31,447.658,1.772,4.662903303644524,False
16332,FIRST STATE BANK&TRUST,2024-06-30,445.886,5.547,5.828923528981272,False
16332,FIRST STATE BANK&TRUST,2024-09-30,440.339,2.982,4.249199388169403,False
16333,FIRST STATE BANK,2024-03-31,177.836,0.0,0.8523652737836939,False
16333,FIRST STATE BANK,2024-06-30,182.103,0.0,1.21049708953978,False
16333,FIRST STATE BANK,2024-09-30,185.926,0.0,0.8575719012927964,False
16334,FIRST STATE BANK OF ODEM,2024-03-31,156.462,0.0,1.211815122454118,False
16334,FIRST STATE BANK OF ODEM,2024-06-30,164.787,0.0,2.2093526233625496,False
16334,FIRST STATE BANK OF ODEM,2024-09-30,176.119,8.606,2.1089082716085863,False
16339,TRI-COUNTY BANK,2024-03-31,188.062,0.0,1.0307453171188732,False
16339,TRI-COUNTY BANK,2024-06-30,189.938,0.0,1.418952701193824,False
16339,TRI-COUNTY BANK,2024-09-30,190.558,0.0,1.0432695432972705,False
16344,STATE BANK OF PEARL CITY,2024-03-31,74.817,0.0,0.7492539208020824,False
16344,STATE BANK OF PEARL CITY,2024-06-30,81.471,8.706,1.351677955250412,False
16344,STATE BANK OF PEARL CITY,2024-09-30,72.765,4.534,0.6940849832102364,False
16363,CAPRA BANK,2024-03-31,240.609,0.0,2.058317613776188,False
16363,CAPRA BANK,2024-06-30,289.255,0.0,3.087150274455104,False
16363,CAPRA BANK,2024-09-30,388.805,0.0,2.810624007494464,False
16369,CITIZENS BANK,2024-03-31,222.299,2.661,1.3483807347802363,False
16369,CITIZENS BANK,2024-06-30,219.638,7.657,1.834339967617817,False
16369,CITIZENS BANK,2024-09-30,211.981,6.934,1.2081058486579401,False
16370,HICKSVILLE BANK,2024-03-31,171.739,0.0,1.0099992861411329,False
16370,HICKSVILLE BANK,2024-06-30,173.155,0.0,1.396103857717945,False
16370,HICKSVILLE BANK,2024-09-30,187.348,0.0,1.1711399689550341,False
16386,BRANTLEY BANK&TRUST CO,2024-03-31,98.063,0.0,0.5466667370292968,False
16386,BRANTLEY BANK&TRUST CO,2024-06-30,98.348,0.0,0.6880598445971334,False
16386,BRANTLEY BANK&TRUST CO,2024-09-30,100.69,0.974,0.5497369809939898,False
16389,BANK OF TRAVELERS REST,2024-03-31,1279.589,0.0,7.769353214692266,False
16389,BANK OF TRAVELERS REST,2024-06-30,1286.253,8.62,10.111935573143601,False
16389,BANK OF TRAVELERS REST,2024-09-30,1277.633,0.0,6.934254477052149,False
16394,TABLE GROVE STATE BANK,2024-03-31,41.637,1.593,0.08362153618576246,False
16394,TABLE GROVE STATE BANK,2024-06-30,40.044,0.769,0.15014903772269161,False
16394,TABLE GROVE STATE BANK,2024-09-30,39.275,0.0,0.09552545434156065,False
16395,SECURITY BANK,2024-03-31,54.037,1.029,0.1435929767746117,False
16396,LAFAYETTE STATE BANK,2024-03-31,206.233,0.0,1.4825971223548378,False
16396,LAFAYETTE STATE BANK,2024-06-30,207.692,4.037,2.080711815408205,False
16396,LAFAYETTE STATE BANK,2024-09-30,203.655,0.0,1.4589905175748004,False
16402,BENNINGTON STATE BANK,2024-03-31,835.537,12.514,4.232127530387069,False
16402,BENNINGTON STATE BANK,2024-06-30,823.023,6.782,5.507240357520214,False
16402,BENNINGTON STATE BANK,2024-09-30,816.241,0.0,3.895951656434903,False
16410,ANDOVER STATE BANK,2024-03-31,174.044,0.0,0.7379138904756777,False
16410,ANDOVER STATE BANK,2024-06-30,180.998,0.0,1.0889437133074913,False
16410,ANDOVER STATE BANK,2024-09-30,193.909,0.0,0.8111042705595565,False
16413,BANK OF STRONGHURST,2024-03-31,73.292,0.0,0.360552066317098,False
16413,BANK OF STRONGHURST,2024-06-30,73.618,1.346,0.5139299101820163,False
16413,BANK OF STRONGHURST,2024-09-30,72.272,0.0,0.3837365755177069,False
16416,FSNB NATIONAL ASSN,2024-03-31,379.612,8.291,2.828951226040187,False
16416,FSNB NATIONAL ASSN,2024-06-30,371.321,11.844,3.6379483528945005,False
16416,FSNB NATIONAL ASSN,2024-09-30,359.477,0.0,2.4660917802544917,False
16417,CITIZENS BANK&TRUST CO,2024-03-31,153.02,0.0,0.7469608778064107,False
16417,CITIZENS BANK&TRUST CO,2024-06-30,156.14,0.0,1.124236603486729,False
16417,CITIZENS BANK&TRUST CO,2024-09-30,156.35,0.0,0.8297364633384672,False
16418,BANKSOUTH,2024-03-31,1104.484,0.0,5.020030567536231,False
16418,BANKSOUTH,2024-06-30,1137.852,0.0,6.94931075989847,False
16418,BANKSOUTH,2024-09-30,1151.337,18.112,5.246279142019254,False
16436,CENTERA BANK,2024-03-31,296.291,11.019,2.2682308660624746,False
16436,CENTERA BANK,2024-06-30,285.272,0.0,2.4527558338540807,False
16436,CENTERA BANK,2024-09-30,291.537,0.0,1.9087550345535123,False
16440,FARMERS&MERCHANTS BANK,2024-03-31,147.177,4.154,1.7418513533212172,False
16440,FARMERS&MERCHANTS BANK,2024-06-30,143.023,3.278,2.1249014589730706,False
16440,FARMERS&MERCHANTS BANK,2024-09-30,139.745,0.0,1.463610165656663,False
16448,SECURITY STATE BANK,2024-03-31,89.095,0.0,0.4058852850207725,False
16448,SECURITY STATE BANK,2024-06-30,90.51,0.276,0.588426844399942,False
16448,SECURITY STATE BANK,2024-09-30,90.234,0.0,0.4332472473094394,False
16450,BUSEY BANK,2024-03-31,10035.74,0.0,33.07005609467136,True
16450,BUSEY BANK,2024-06-30,10035.836,20.281,40.69877215958576,True
16450,BUSEY BANK,2024-09-30,10015.555,0.0,29.615654840252017,True
16453,WHITESVILLE STATE BANK,2024-03-31,125.246,2.815,0.9098996631465316,False
16453,WHITESVILLE STATE BANK,2024-06-30,122.431,0.475,1.1132587847228408,False
16453,WHITESVILLE STATE BANK,2024-09-30,121.956,0.089,0.8500311433383114,False
16464,MERCHANTS&PLANTERS BANK,2024-03-31,288.743,0.687,2.261308816322876,False
16464,MERCHANTS&PLANTERS BANK,2024-06-30,288.056,6.062,2.5147119826570017,False
16464,MERCHANTS&PLANTERS BANK,2024-09-30,281.994,0.0,1.5528641719173315,False
16470,JEFFERSON BANK,2024-03-31,2592.473,0.0,12.350802186975015,True
16470,JEFFERSON BANK,2024-06-30,2610.762,18.197,16.360179985324034,True
16470,JEFFERSON BANK,2024-09-30,2592.565,0.0,11.780173576074398,True
16471,KENDALL BANK,2024-03-31,124.332,0.0,0.4590602766627011,False
16471,KENDALL BANK,2024-06-30,132.847,2.59,0.698858592230096,False
16471,KENDALL BANK,2024-09-30,130.257,0.0,0.4719663076324127,False
16473,FIRST BANK,2024-03-31,116.086,0.0,0.6098447780256943,False
16473,FIRST BANK,2024-06-30,116.491,0.0,0.789689149818024,False
16473,FIRST BANK,2024-09-30,116.851,6.974,0.6182852726853584,False
16477,STATE BANK OF LAKOTA,2024-03-31,55.119,0.0,0.16643470348646802,False
16477,STATE BANK OF LAKOTA,2024-06-30,56.647,2.207,0.28017152508834436,False
16477,STATE BANK OF LAKOTA,2024-09-30,54.44,0.0,0.1862436770308494,False
16501,FIRST BANKERS TRUST CO NA,2024-03-31,965.149,0.313,5.26660733038434,False
16501,FIRST BANKERS TRUST CO NA,2024-06-30,964.836,0.0,7.034224842023771,False
16501,FIRST BANKERS TRUST CO NA,2024-09-30,973.673,0.0,5.675533191051176,False
16516,NEBRASKA STATE BANK,2024-03-31,15.155,0.0,0.04335847801256242,False
16516,NEBRASKA STATE BANK,2024-06-30,16.313,0.821,0.17295511733454502,False
16516,NEBRASKA STATE BANK,2024-09-30,15.492,0.38,0.11674242238115712,False
16539,METAIRIE BANK&TRUST CO,2024-03-31,494.581,0.0,2.43505735065554,False
16539,METAIRIE BANK&TRUST CO,2024-06-30,498.402,0.0,3.24028798843978,False
16539,METAIRIE BANK&TRUST CO,2024-09-30,517.333,0.0,2.3501994755380893,False
16546,JD BANK,2024-03-31,1004.174,0.0,5.2011138333316564,False
16546,JD BANK,2024-06-30,1014.701,0.0,6.798530341042999,False
16546,JD BANK,2024-09-30,1019.409,0.0,4.827309489437318,False
16547,BANK PLUS,2024-03-31,121.932,5.327,0.4886115615719164,False
16547,BANK PLUS,2024-06-30,116.605,1.554,0.6655832507351938,False
16547,BANK PLUS,2024-09-30,115.051,2.396,0.47252334244776206,False
16553,ELKHORN VALLEY BANK&TRUST,2024-03-31,1041.359,6.797,4.556772441126234,False
16553,ELKHORN VALLEY BANK&TRUST,2024-06-30,1034.562,0.0,6.072612462653936,False
16553,ELKHORN VALLEY BANK&TRUST,2024-09-30,1051.287,0.0,4.3296260898903975,False
16561,STATE BANK OF EASTON,2024-03-31,23.451,0.601,0.006159377911772276,False
16561,STATE BANK OF EASTON,2024-06-30,22.85,0.79,0.024237039313274384,False
16561,STATE BANK OF EASTON,2024-09-30,22.06,0.0,0.017898477974625862,False
16571,BMO BANK NATIONAL ASSN,2024-03-31,207987.82,1184.594,466.382010534567,True
16571,BMO BANK NATIONAL ASSN,2024-06-30,206803.226,0.0,596.0871148158182,True
16571,BMO BANK NATIONAL ASSN,2024-09-30,209730.248,0.0,417.09679770951607,True
16581,CITIZENS STATE BANK,2024-03-31,67.322,4.469,0.20103664646187286,False
16581,CITIZENS STATE BANK,2024-06-30,62.853,0.0,0.24188120681183356,False
16581,CITIZENS STATE BANK,2024-09-30,64.296,0.0,0.23522162653621928,False
16583,STATE BANK OF BURRTON,2024-03-31,10.706,0.0,0.0,False
16583,STATE BANK OF BURRTON,2024-06-30,10.912,0.782,0.0,False
16583,STATE BANK OF BURRTON,2024-09-30,10.13,0.0,0.0,False
16584,CARVER STATE BANK,2024-03-31,65.674,0.0,0.4159791577513381,False
16584,CARVER STATE BANK,2024-06-30,70.867,0.0,0.7238399050931495,False
16584,CARVER STATE BANK,2024-09-30,73.585,0.0,0.4956055849018825,False
16585,VERMONT STATE BANK,2024-03-31,18.063,0.0,0.0,False
16585,VERMONT STATE BANK,2024-06-30,18.796,0.0,0.016272920722539882,False
16585,VERMONT STATE BANK,2024-09-30,20.456,0.974,0.08598451663428551,False
16595,CCB COMMUNITY BANK,2024-03-31,567.464,0.0,3.27054049727124,False
16595,CCB COMMUNITY BANK,2024-06-30,594.147,0.0,4.8808030990450915,False
16595,CCB COMMUNITY BANK,2024-09-30,624.761,27.679,3.9016507032935155,False
16600,FIRST STATE BANK,2024-03-31,165.135,7.155,2.1801631203873297,False
16600,FIRST STATE BANK,2024-06-30,157.98,0.0,2.461829049017702,False
16600,FIRST STATE BANK,2024-09-30,162.932,0.163,2.15391832541652,False
16601,BANK NORTHWEST,2024-03-31,178.624,3.325,0.8375668299512452,False
16601,BANK NORTHWEST,2024-06-30,175.299,0.0,1.1180798153931941,False
16601,BANK NORTHWEST,2024-09-30,179.219,0.0,0.8053797160761196,False
16603,PEOPLES BANK,2024-03-31,111.497,0.0,0.4199319585690018,False
16603,PEOPLES BANK,2024-06-30,113.061,0.0,0.6451012336304706,False
16603,PEOPLES BANK,2024-09-30,117.986,3.135,0.5148128002362024,False
16604,BANK INDEPENDENT,2024-03-31,2332.394,19.494,12.523548314484115,True
16604,BANK INDEPENDENT,2024-06-30,2312.9,0.0,16.29331663326372,True
16604,BANK INDEPENDENT,2024-09-30,2327.771,0.0,10.934741327760918,True
16609,ROCHELLE STATE BANK,2024-03-31,55.972,0.0,0.2308739742259607,False
16609,ROCHELLE STATE BANK,2024-06-30,60.49,0.0,0.3808418630234914,False
16609,ROCHELLE STATE BANK,2024-09-30,60.998,0.0,0.233498107055444,False
16612,FNB PICAYUNE BANK,2024-03-31,227.121,0.0,1.2629343867744476,False
16612,FNB PICAYUNE BANK,2024-06-30,240.107,0.0,1.923556644207566,False
16612,FNB PICAYUNE BANK,2024-09-30,245.0,1.401,1.433652759188386,False
16620,UNION BANK INC,2024-03-31,361.43,27.025,3.0112147122736745,False
16620,UNION BANK INC,2024-06-30,334.405,0.0,3.08769301740986,False
16620,UNION BANK INC,2024-09-30,401.689,25.331,3.295681592482525,False
16629,ESB FINANCIAL,2024-03-31,292.968,0.0,1.6277487216193416,False
16629,ESB FINANCIAL,2024-06-30,296.584,3.551,2.3929360456009983,False
16629,ESB FINANCIAL,2024-09-30,293.033,0.0,1.7158919406288462,False
16635,LUMINATE BANK,2024-03-31,167.635,0.0,0.8675552190643233,False
16635,LUMINATE BANK,2024-06-30,193.8,8.169,1.3757954116264224,False
16635,LUMINATE BANK,2024-09-30,185.631,0.0,0.9054819616084938,False
16636,TORRINGTON SAVINGS BANK,2024-03-31,750.634,6.232,3.153119800538017,False
16636,TORRINGTON SAVINGS BANK,2024-06-30,744.402,19.663,4.010159727634663,False
16636,TORRINGTON SAVINGS BANK,2024-09-30,724.739,0.0,2.717490133525006,False
16643,FIRST STATE BANK,2024-03-31,59.867,6.5,0.38139020098233944,False
16643,FIRST STATE BANK,2024-06-30,53.367,2.287,0.39290413932704293,False
16643,FIRST STATE BANK,2024-09-30,51.08,0.0,0.29793281723180687,False
16652,SOUTHWEST BANK,2024-03-31,595.324,7.669,3.1075304739153466,False
16652,SOUTHWEST BANK,2024-06-30,587.655,0.0,4.06408336759023,False
16652,SOUTHWEST BANK,2024-09-30,635.857,23.175,3.810014597198962,False
16656,SECURITY STB OF AITKIN,2024-03-31,98.041,0.0,0.6207001450593153,False
16656,SECURITY STB OF AITKIN,2024-06-30,99.249,0.0,0.8652910802841489,False
16656,SECURITY STB OF AITKIN,2024-09-30,102.217,0.0,0.8000101067332211,False
16659,NORTHEAST BANK,2024-03-31,683.813,4.073,3.377084779230539,False
16659,NORTHEAST BANK,2024-06-30,679.74,0.0,4.388604435228818,False
16659,NORTHEAST BANK,2024-09-30,702.959,68.442,3.2963352800921157,False
16664,PADUCAH BANK&TRUST CO,2024-03-31,765.188,0.0,3.7073408150764267,False
16664,PADUCAH BANK&TRUST CO,2024-06-30,775.68,0.0,5.027819803527476,False
16664,PADUCAH BANK&TRUST CO,2024-09-30,777.998,38.291,3.8008411250358867,False
16666,ITASCA BANK&TRUST CO,2024-03-31,684.007,1.528,3.5348949919946633,False
16666,ITASCA BANK&TRUST CO,2024-06-30,682.479,0.0,4.517493965334091,False
16666,ITASCA BANK&TRUST CO,2024-09-30,700.801,0.0,3.6344561303126044,False
16667,WASHINGTON STATE BANK,2024-03-31,73.338,3.727,0.41943824291376913,False
16667,WASHINGTON STATE BANK,2024-06-30,69.611,0.0,0.5336053937242827,False
16667,WASHINGTON STATE BANK,2024-09-30,74.107,0.0,0.451085197333428,False
16689,GIBSLAND BANK&TRUST CO,2024-03-31,423.919,0.0,2.3239712334059743,False
16689,GIBSLAND BANK&TRUST CO,2024-06-30,426.291,0.0,2.892096359386192,False
16689,GIBSLAND BANK&TRUST CO,2024-09-30,430.574,0.0,2.0501908772228403,False
16695,FIRST STATE BANK,2024-03-31,314.531,12.209,2.266669613161186,False
16695,FIRST STATE BANK,2024-06-30,302.322,15.595,2.7706180160424903,False
16695,FIRST STATE BANK,2024-09-30,286.727,0.0,1.7445808465524733,False
16704,BANKWEST,2024-03-31,228.385,11.233,1.5424172884428649,False
16704,BANKWEST,2024-06-30,217.152,0.0,1.8892889721029154,False
16704,BANKWEST,2024-09-30,224.227,0.0,1.4124367607547195,False
16707,SOUTH CENTRAL STATE BANK,2024-03-31,163.073,13.06,0.7865830857444152,False
16707,SOUTH CENTRAL STATE BANK,2024-06-30,150.013,6.302,0.9732086815124299,False
16707,SOUTH CENTRAL STATE BANK,2024-09-30,143.711,0.0,0.6746976909461974,False
16720,WESTERN BANK,2024-03-31,331.278,17.429,2.449431275550086,False
16720,WESTERN BANK,2024-06-30,313.849,0.0,2.987173298838744,False
16720,WESTERN BANK,2024-09-30,340.357,0.0,2.496874208882767,False
16723,CAROLINA BANK&TRUST CO,2024-03-31,617.047,0.0,2.6911473654112243,False
16723,CAROLINA BANK&TRUST CO,2024-06-30,626.859,0.0,3.720160930939601,False
16723,CAROLINA BANK&TRUST CO,2024-09-30,635.585,0.0,2.5366111099613273,False
16733,NORTH STAR BANK,2024-03-31,327.116,0.0,1.6598157598283438,False
16733,NORTH STAR BANK,2024-06-30,342.687,0.0,2.5948865235805245,False
16733,NORTH STAR BANK,2024-09-30,358.765,13.803,2.2771669027137507,False
16744,PEOPLES STATE BANK,2024-03-31,13.449,0.213,0.0,False
16744,PEOPLES STATE BANK,2024-06-30,13.236,0.0,0.0,False
16744,PEOPLES STATE BANK,2024-09-30,14.173,0.0,0.0,False
16752,NATIONAL BANK OF ST ANNE,2024-03-31,110.133,0.726,0.5413896090062853,False
16752,NATIONAL BANK OF ST ANNE,2024-06-30,109.407,0.0,0.7230069574021595,False
16752,NATIONAL BANK OF ST ANNE,2024-09-30,112.588,0.0,0.5337799455555039,False
16753,CITIZENS STATE BANK,2024-03-31,938.026,0.0,5.24662861844136,False
16753,CITIZENS STATE BANK,2024-06-30,945.295,0.0,6.83973842588755,False
16753,CITIZENS STATE BANK,2024-09-30,949.591,0.0,4.755239765315399,False
16757,CAMPBELL&FETTER BANK,2024-03-31,259.102,8.622,1.6592519735128841,False
16757,CAMPBELL&FETTER BANK,2024-06-30,250.48,3.885,2.095096463865842,False
16757,CAMPBELL&FETTER BANK,2024-09-30,246.595,1.37,1.4456592743735888,False
16778,FRANKLIN STATE BANK,2024-03-31,36.332,0.0,0.13971003776217833,False
16778,FRANKLIN STATE BANK,2024-06-30,37.227,0.384,0.23296006071489056,False
16778,FRANKLIN STATE BANK,2024-09-30,36.843,0.0,0.17709170700135923,False
16780,GREAT OAKS BANK,2024-03-31,345.534,0.0,2.4932656618837092,False
16780,GREAT OAKS BANK,2024-06-30,347.597,0.54,2.9315562032673177,False
16780,GREAT OAKS BANK,2024-09-30,347.057,5.527,2.0715079122147495,False
16788,UNION STATE BANK,2024-03-31,60.261,0.255,0.22720302214353963,False
16788,UNION STATE BANK,2024-06-30,60.006,0.332,0.30373141623284455,False
16788,UNION STATE BANK,2024-09-30,59.674,0.0,0.24321245018783097,False
16795,ALL CAPITAL BANK,2024-03-31,84.195,4.663,0.3472432791447544,False
16795,ALL CAPITAL BANK,2024-06-30,79.532,0.0,0.4134532695986168,False
16795,ALL CAPITAL BANK,2024-09-30,85.124,0.0,0.3941562692209075,False
16810,FARMERS&MERCHANTS BANK,2024-03-31,747.075,0.0,5.556574127491501,False
16810,FARMERS&MERCHANTS BANK,2024-06-30,764.401,0.0,7.174339864344044,False
16810,FARMERS&MERCHANTS BANK,2024-09-30,770.487,0.0,5.4372327270074505,False
16817,CITIZENS BANK,2024-03-31,417.108,12.442,3.2515964012754504,False
16817,CITIZENS BANK,2024-06-30,404.666,0.0,4.096125158751046,False
16817,CITIZENS BANK,2024-09-30,413.117,3.872,3.0901168189078776,False
16820,BANK OF GLEN BURNIE,2024-03-31,309.263,3.359,2.465296947385491,False
16820,BANK OF GLEN BURNIE,2024-06-30,305.904,0.0,2.5909045831760125,False
16820,BANK OF GLEN BURNIE,2024-09-30,314.321,5.1,2.01133644829017,False
16825,SUNMARK COMMUNITY BANK,2024-03-31,325.15,0.0,1.986207444645026,False
16825,SUNMARK COMMUNITY BANK,2024-06-30,327.248,4.726,2.6985752451097387,False
16825,SUNMARK COMMUNITY BANK,2024-09-30,322.522,0.0,1.947931454073545,False
16835,PROSPERITY BANK,2024-03-31,27253.865,0.0,71.28387068180992,True
16835,PROSPERITY BANK,2024-06-30,28030.434,0.0,99.01843682962124,True
16835,PROSPERITY BANK,2024-09-30,28204.778,0.0,71.02283263249974,True
16840,RIVER FALLS STATE BANK,2024-03-31,116.575,0.0,0.5811423221307046,False
16840,RIVER FALLS STATE BANK,2024-06-30,118.86,0.0,0.8451091682587173,False
16840,RIVER FALLS STATE BANK,2024-09-30,119.223,0.0,0.5973670308415997,False
16849,FIRST ARKANSAS BANK&TRUST,2024-03-31,898.258,0.0,4.231935766953548,False
16849,FIRST ARKANSAS BANK&TRUST,2024-06-30,934.674,0.0,5.802162663875355,False
16849,FIRST ARKANSAS BANK&TRUST,2024-09-30,950.987,0.0,4.138175725016614,False
16852,CITIZENS DEP BK ARLINGTON,2024-03-31,245.709,0.0,1.3220345594125846,False
16852,CITIZENS DEP BK ARLINGTON,2024-06-30,248.353,0.0,1.7415424742715393,False
16852,CITIZENS DEP BK ARLINGTON,2024-09-30,252.461,0.0,1.2374474895496692,False
16854,COMMUNITY 1ST BANK LAS VEGAS,2024-03-31,190.544,0.0,1.449727651681363,False
16854,COMMUNITY 1ST BANK LAS VEGAS,2024-06-30,223.333,0.0,2.363100510239735,False
16854,COMMUNITY 1ST BANK LAS VEGAS,2024-09-30,238.621,0.0,1.9558697885173058,False
16858,FIRST AMERICAN BANK&TRUST CO,2024-03-31,726.491,29.455,4.2755640733214495,False
16858,FIRST AMERICAN BANK&TRUST CO,2024-06-30,697.036,6.926,4.775552618569438,False
16858,FIRST AMERICAN BANK&TRUST CO,2024-09-30,690.11,4.774,2.9436875016583426,False
16863,CITIZENS INDEPENDENT BANK,2024-03-31,281.029,17.959,1.487215207266902,False
16863,CITIZENS INDEPENDENT BANK,2024-06-30,263.07,0.0,1.8895959217732887,False
16863,CITIZENS INDEPENDENT BANK,2024-09-30,267.412,0.0,1.3797534846988277,False
16866,WEST TEXAS STATE BANK,2024-03-31,249.554,0.0,1.4528533526812508,False
16866,WEST TEXAS STATE BANK,2024-06-30,257.571,0.0,1.9595927073171786,False
16866,WEST TEXAS STATE BANK,2024-09-30,268.793,0.0,1.4039435892395604,False
16868,CORN GROWERS STATE BANK,2024-03-31,30.612,0.0,0.008368440934493878,False
16868,CORN GROWERS STATE BANK,2024-06-30,30.857,0.0,0.039974500904142486,False
16868,CORN GROWERS STATE BANK,2024-09-30,31.756,0.734,0.0484141996253927,False
16889,UNITED COMMUNITY BANK,2024-03-31,23734.126,319.543,63.2489289233276,True
16889,UNITED COMMUNITY BANK,2024-06-30,23414.583,0.0,81.4833044167551,True
16889,UNITED COMMUNITY BANK,2024-09-30,23705.912,0.0,58.351032711846564,True
16891,PILGRIM BANK,2024-03-31,569.02,4.3,2.907930552489779,False
16891,PILGRIM BANK,2024-06-30,564.72,0.0,3.6902950774576846,False
16891,PILGRIM BANK,2024-09-30,565.978,9.79,2.6623927078152376,False
16895,FIRST STATE BANK OF BEDIAS,2024-03-31,161.19,0.0,0.8928398473821161,False
16895,FIRST STATE BANK OF BEDIAS,2024-06-30,162.59,0.0,1.2109411533917398,False
16895,FIRST STATE BANK OF BEDIAS,2024-09-30,166.135,1.206,0.9620613991681849,False
16897,F&M BANK,2024-03-31,320.271,0.707,1.799407680193454,False
16897,F&M BANK,2024-06-30,319.564,4.404,2.2475307599011236,False
16897,F&M BANK,2024-09-30,315.16,0.0,1.5202128754639073,False
16900,PRINCEVILLE STATE BANK,2024-03-31,92.463,0.0,0.5241745127035654,False
16900,PRINCEVILLE STATE BANK,2024-06-30,97.319,0.0,0.8551908540591225,False
16900,PRINCEVILLE STATE BANK,2024-09-30,105.519,2.231,0.7512896059614419,False
16905,BANK OF ORCHARD,2024-03-31,29.539,0.0,0.15173039932388793,False
16905,BANK OF ORCHARD,2024-06-30,30.642,2.398,0.3002659220660178,False
16906,STATE BANK OF TAUNTON,2024-03-31,42.737,3.356,0.07429614440137554,False
16906,STATE BANK OF TAUNTON,2024-06-30,39.381,0.0,0.0780895173774223,False
16906,STATE BANK OF TAUNTON,2024-09-30,39.775,0.0,0.09365993866567433,False
16908,SPIRO STATE BANK,2024-03-31,57.184,0.0,0.6591383829251495,False
16908,SPIRO STATE BANK,2024-06-30,58.343,0.487,0.9872337644567878,False
16908,SSB BANK,2024-09-30,57.856,0.0,0.6162806279157919,False
16910,22ND STATE BANK,2024-03-31,220.365,4.901,1.1078767748275544,False
16910,22ND STATE BANK,2024-06-30,215.464,0.0,1.3893804970005814,False
16910,22ND STATE BANK,2024-09-30,272.63,0.0,1.175158372906588,False
16916,F&M BANK&TRUST CO,2024-03-31,72.809,0.0,0.375529864258818,False
16916,F&M BANK&TRUST CO,2024-06-30,76.443,1.252,0.5998298547222551,False
16916,F&M BANK&TRUST CO,2024-09-30,75.191,3.163,0.3999600420342503,False
16934,CITIZENS STATE BANK,2024-03-31,50.854,1.114,0.3526900747358302,False
16934,CITIZENS STATE BANK,2024-06-30,49.74,0.0,0.4281220035587064,False
16934,CITIZENS STATE BANK,2024-09-30,51.752,0.0,0.47368925694831715,False
16941,FARMERS STATE BANK,2024-03-31,72.15,0.0,0.34771304116913077,False
16941,FARMERS STATE BANK,2024-06-30,72.423,3.473,0.48115803544175795,False
16941,FARMERS STATE BANK,2024-09-30,68.95,0.0,0.32622891916451585,False
16953,BANK OF CLARKS,2024-03-31,42.057,0.669,0.16066366344940666,False
16953,BANK OF CLARKS,2024-06-30,41.388,0.0,0.09903684035569606,False
16953,BANK OF CLARKS,2024-09-30,50.618,0.0,0.1958877270935191,False
16958,MINNWEST BANK,2024-03-31,2531.281,0.0,9.774149525417094,True
16958,MINNWEST BANK,2024-06-30,2603.826,0.0,13.516188265570865,True
16958,MINNWEST BANK,2024-09-30,2741.277,0.0,10.629105447248868,True
16959,BANK OF BILLINGS,2024-03-31,79.831,3.328,0.4255257762171658,False
16959,BANK OF BILLINGS,2024-06-30,76.503,1.29,0.4993704414847366,False
16959,BANK OF BILLINGS,2024-09-30,75.213,0.0,0.37577304228727393,False
16968,PEOPLES BANK,2024-03-31,367.433,0.0,2.435728960310427,False
16968,PEOPLES BANK,2024-06-30,373.316,4.049,3.59761982630829,False
16968,PEOPLES BANK,2024-09-30,369.267,0.0,2.273316213657646,False
16970,PEOPLES BANK OF KENTUCKY INC,2024-03-31,415.19,0.0,2.125061172954737,False
16970,PEOPLES BANK OF KENTUCKY INC,2024-06-30,433.781,15.332,3.1224449329805433,False
16970,PEOPLES BANK OF KENTUCKY INC,2024-09-30,418.449,0.0,1.961941334062125,False
16971,SOLUTIONS NORTH BANK,2024-03-31,255.793,6.565,1.4897121145001062,False
16971,SOLUTIONS NORTH BANK,2024-06-30,249.228,0.0,1.7806072784197096,False
16971,SOLUTIONS NORTH BANK,2024-09-30,423.215,13.986,2.539575771284408,False
16976,COMMUNITY STB OF ORBISONIA,2024-03-31,402.957,0.834,1.9532725905429975,False
16976,COMMUNITY STB OF ORBISONIA,2024-06-30,402.123,3.955,2.6334450587932245,False
16976,COMMUNITY STB OF ORBISONIA,2024-09-30,398.168,0.0,1.783604790524584,False
16980,BANK OF COLORADO,2024-03-31,6112.23,0.0,23.11382096509368,True
16980,BANK OF COLORADO,2024-06-30,6135.261,0.0,30.105931356948634,True
16980,BANK OF COLORADO,2024-09-30,6310.19,4.138,23.25458751840506,True
16982,BANK OF PONTIAC,2024-03-31,962.43,19.317,4.932057278486365,False
16982,BANK OF PONTIAC,2024-06-30,943.113,0.0,5.959591491249515,False
16982,BANK OF PONTIAC,2024-09-30,990.648,0.0,4.953510736765801,False
17001,FIRST SECURITY BANK&TRUST CO,2024-03-31,70.383,0.0,0.15806137073629056,False
17001,FIRST SECURITY BANK&TRUST CO,2024-06-30,78.362,0.0,0.3106187993197214,False
17001,FIRST SECURITY BANK&TRUST CO,2024-09-30,92.958,0.0,0.2949351279711179,False
17009,CENTRAL BANK OF KANSAS CITY,2024-03-31,335.769,57.583,2.2849718778270027,False
17009,CENTRAL BANK OF KANSAS CITY,2024-06-30,278.186,0.0,1.9039641700530272,False
17009,CENTRAL BANK OF KANSAS CITY,2024-09-30,282.525,0.0,1.4095575699342417,False
17011,FNB SOUTH,2024-03-31,503.937,0.0,3.1852409790997744,False
17011,FNB SOUTH,2024-06-30,504.697,0.0,4.0823054398397165,False
17011,FNB SOUTH,2024-09-30,527.426,0.0,2.9689563272131276,False
17040,WILSON&MUIR BANK&TRUST CO,2024-03-31,657.789,0.0,3.8613070855419944,False
17040,WILSON&MUIR BANK&TRUST CO,2024-06-30,669.382,0.0,5.106798291014412,False
17040,WILSON&MUIR BANK&TRUST CO,2024-09-30,691.178,0.0,3.6384239436692836,False
17062,STATE BANK OF BELLINGHAM,2024-03-31,42.132,0.0,0.0876588076493116,False
17062,STATE BANK OF BELLINGHAM,2024-06-30,42.401,0.175,0.15337784411603447,False
17062,STATE BANK OF BELLINGHAM,2024-09-30,42.226,0.341,0.1305153642298102,False
17068,LABETTE BANK,2024-03-31,436.684,9.954,2.6376411905625092,False
17068,LABETTE BANK,2024-06-30,426.73,17.962,3.251331252354707,False
17068,LABETTE BANK,2024-09-30,408.768,0.0,2.124048850836204,False
17073,PEOPLES BANK,2024-03-31,91.744,3.855,0.8847631578065027,False
17073,PEOPLES BANK,2024-06-30,87.889,2.568,1.1344895448089851,False
17073,PEOPLES BANK,2024-09-30,85.321,0.0,0.8839089795107428,False
17077,FIRST US BANK,2024-03-31,946.043,0.0,4.346773077763346,False
17077,FIRST US BANK,2024-06-30,956.963,0.0,5.932124567503721,False
17077,FIRST US BANK,2024-09-30,983.123,7.85,4.537515351528592,False
17094,HOMEBANK TEXAS,2024-03-31,275.484,0.0,1.281107766677284,False
17094,HOMEBANK TEXAS,2024-06-30,283.548,0.0,1.7880684028464653,False
17094,HOMEBANK TEXAS,2024-09-30,295.387,0.0,1.3993986268388117,False
17096,LIBERTY STATE BANK,2024-03-31,118.644,0.0,0.8569978805531064,False
17096,LIBERTY STATE BANK,2024-06-30,119.182,0.0,1.0916946225313557,False
17096,LIBERTY STATE BANK,2024-09-30,120.974,0.0,0.854678546150047,False
17108,COMMUNITY B&T WACO TEXAS,2024-03-31,548.145,0.0,2.910653451173232,False
17108,COMMUNITY B&T WACO TEXAS,2024-06-30,558.767,0.0,4.091420421100705,False
17108,COMMUNITY B&T WACO TEXAS,2024-09-30,561.548,0.0,3.012084818872685,False
17115,PARTNERS BANK OF NEW ENGLAND,2024-03-31,803.428,15.767,3.3243688641869005,False
17115,PARTNERS BANK OF NEW ENGLAND,2024-06-30,787.661,0.0,4.3748154395109085,False
17115,PARTNERS BANK OF NEW ENGLAND,2024-09-30,811.295,0.0,3.1737342926355794,False
17120,FIRST SECURITY BANK,2024-03-31,789.109,10.422,4.241509323836062,False
17120,FIRST SECURITY BANK,2024-06-30,778.687,0.0,5.498687025822255,False
17120,FIRST SECURITY BANK,2024-09-30,802.782,3.494,4.13239590127007,False
17122,LAKE COUNTRY COMMUNITY BANK,2024-03-31,26.376,0.779,0.0,False
17122,LAKE COUNTRY COMMUNITY BANK,2024-06-30,25.597,0.0,0.02884641367115576,False
17122,LAKE COUNTRY COMMUNITY BANK,2024-09-30,28.669,0.0,0.08908670068392006,False
17123,ARTISANS BANK,2024-03-31,614.397,0.804,3.088707243310277,False
17123,ARTISANS BANK,2024-06-30,613.593,13.018,4.046871149092054,False
17123,ARTISANS BANK,2024-09-30,600.575,0.0,2.8501362009166735,False
17128,INTERCITY STATE BANK,2024-03-31,190.465,0.0,0.7218728827629559,False
17128,INTERCITY STATE BANK,2024-06-30,194.66,0.0,1.013784233269446,False
17128,INTERCITY STATE BANK,2024-09-30,203.628,0.0,0.7288171678149533,False
17138,PEOPLES STATE BANK,2024-03-31,13.639,1.081,0.0,False
17138,PEOPLES STATE BANK,2024-06-30,12.558,0.061,0.0,False
17138,PEOPLES STATE BANK,2024-09-30,12.497,0.0,0.0,False
17145,HERITAGE BANK,2024-03-31,430.735,10.72,2.6494112874250466,False
17145,HERITAGE BANK,2024-06-30,420.015,15.594,3.5201622908935457,False
17145,HERITAGE BANK,2024-09-30,404.421,0.0,2.386428701252076,False
17159,BANK OF UTAH,2024-03-31,2248.912,0.0,8.287926883858434,False
17159,BANK OF UTAH,2024-06-30,2588.293,0.0,14.460655266624567,True
17159,BANK OF UTAH,2024-09-30,3028.676,453.971,14.771754925250193,True
17160,COTTONWOOD VALLEY BANK,2024-03-31,35.357,1.72,0.24882367662305574,False
17160,COTTONWOOD VALLEY BANK,2024-06-30,33.637,0.0,0.33386624486538113,False
17160,COTTONWOOD VALLEY BANK,2024-09-30,35.061,1.624,0.31513779157893074,False
17162,DAIRY STATE BANK,2024-03-31,631.875,7.024,4.556848316459475,False
17162,DAIRY STATE BANK,2024-06-30,624.851,0.0,5.725081609479775,False
17162,DAIRY STATE BANK,2024-09-30,641.896,2.224,4.375554374526681,False
17169,STATE BANK&TRUST CO,2024-03-31,123.477,0.0,0.6573160215913272,False
17169,STATE BANK&TRUST CO,2024-06-30,129.743,2.838,1.0899492997587874,False
17169,STATE BANK&TRUST CO,2024-09-30,126.905,1.052,0.7223136498657207,False
17174,PEOPLES STB FAIRMOUNT N D,2024-03-31,37.166,4.642,0.0524768390038536,False
17174,PEOPLES STB FAIRMOUNT N D,2024-06-30,32.524,0.0,0.0009137197365673214,False
17174,PEOPLES STB FAIRMOUNT N D,2024-09-30,33.71,0.546,0.05397225034462209,False
17180,MEREDITH VILLAGE SB,2024-03-31,1184.689,0.0,4.366513767252901,False
17180,MEREDITH VILLAGE SB,2024-06-30,1189.68,0.0,6.018702118941119,False
17180,MEREDITH VILLAGE SB,2024-09-30,1203.07,0.0,4.154508060115833,False
17190,BANK OF CAMILLA,2024-03-31,142.865,3.714,0.9028307880586814,False
17190,BANK OF CAMILLA,2024-06-30,139.151,6.492,1.0037792907330136,False
17190,BANK OF CAMILLA,2024-09-30,132.659,0.0,0.5834926334465681,False
17193,WARRINGTON BANK,2024-03-31,142.417,5.973,0.9690751055270798,False
17193,WARRINGTON BANK,2024-06-30,136.444,0.0,1.2311557992287299,False
17193,WARRINGTON BANK,2024-09-30,138.676,0.081,0.9241490718516736,False
17205,POTTER STATE BANK OF POTTER,2024-03-31,40.302,0.0,0.17502983154245583,False
17205,POTTER STATE BANK OF POTTER,2024-06-30,41.696,2.47,0.28944941203423097,False
17205,POTTER STATE BANK OF POTTER,2024-09-30,39.226,0.0,0.19155141813458282,False
17208,TSB BANK,2024-03-31,158.419,2.622,0.7238664769433375,False
17208,TSB BANK,2024-06-30,155.797,0.0,0.9545229521479377,False
17211,CITIZENS BANK,2024-03-31,1300.652,0.0,4.865952617483544,False
17211,CITIZENS BANK,2024-06-30,1314.859,0.0,6.656448134320774,False
17211,CITIZENS BANK,2024-09-30,1394.574,76.845,5.529136701135406,False
17214,CITIZENS STATE BANK,2024-03-31,369.215,0.0,2.0573473961993396,False
17214,CITIZENS STATE BANK,2024-06-30,378.041,0.0,2.8433020224323644,False
17214,CITIZENS STATE BANK,2024-09-30,383.397,8.751,2.0377758951368974,False
17224,FIRST SECURITY T&SB,2024-03-31,346.069,23.361,2.4838347857613483,False
17224,FIRST SECURITY T&SB,2024-06-30,322.708,0.0,3.1451370426517724,False
17224,FIRST SECURITY T&SB,2024-09-30,325.495,34.704,2.4562456589541424,False
17229,HENDERSON STATE BANK,2024-03-31,244.327,0.0,1.0416047359410963,False
17229,HENDERSON STATE BANK,2024-06-30,268.424,0.0,1.659833120850728,False
17229,HENDERSON STATE BANK,2024-09-30,297.372,0.0,1.3267344380419086,False
17230,ALBANY B&T CO NA,2024-03-31,587.767,0.0,2.904426053258985,False
17230,ALBANY B&T CO NA,2024-06-30,588.547,8.865,3.956058127880556,False
17230,ALBANY B&T CO NA,2024-09-30,579.682,0.0,2.612445688807714,False
17232,SIDNEY STATE BANK,2024-03-31,118.287,2.532,0.7164136991022297,False
17232,SIDNEY STATE BANK,2024-06-30,115.755,0.0,0.8178764125463096,False
17232,SIDNEY STATE BANK,2024-09-30,115.962,0.0,0.612161642155751,False
17241,NORTH CENTRAL BANK,2024-03-31,133.592,0.0,0.903537915573659,False
17241,NORTH CENTRAL BANK,2024-06-30,139.431,1.237,1.3670156718946638,False
17241,NORTH CENTRAL BANK,2024-09-30,138.194,8.815,0.9535540966917414,False
17259,ST ANSGAR STATE BANK,2024-03-31,133.797,3.755,0.6924442131362153,False
17259,ST ANSGAR STATE BANK,2024-06-30,130.042,0.19,0.9510472223095329,False
17259,ST ANSGAR STATE BANK,2024-09-30,129.852,0.0,0.6735336152241007,False
17262,ESSEX SAVINGS BANK,2024-03-31,432.147,0.0,2.772797870542575,False
17262,ESSEX SAVINGS BANK,2024-06-30,435.698,23.829,3.5916258172437057,False
17262,ESSEX SAVINGS BANK,2024-09-30,411.869,0.0,2.074531464919054,False
17266,UMPQUA BANK,2024-03-31,41756.684,174.666,99.37414336027454,True
17266,UMPQUA BANK,2024-06-30,41582.018,0.834,132.0213477683296,True
17266,UMPQUA BANK,2024-09-30,41581.184,0.0,90.64470906847181,True
17280,BANK OF TIOGA,2024-03-31,405.114,4.14,3.343320806756872,False
17280,BANK OF TIOGA,2024-06-30,400.974,0.0,4.202952100094872,False
17280,BANK OF TIOGA,2024-09-30,426.632,0.0,3.4833452299116616,False
17281,CITY NATIONAL BANK,2024-03-31,76789.55,382.855,172.32504176035982,True
17281,CITY NATIONAL BANK,2024-06-30,76406.695,0.0,229.60079137005712,True
17281,CITY NATIONAL BANK,2024-09-30,76703.638,79.134,162.92338674340849,True
17282,BANKIOWA,2024-03-31,643.211,0.0,2.8221702474581947,False
17282,BANKIOWA,2024-06-30,644.986,0.0,3.78429660131386,False
17282,BANKIOWA,2024-09-30,652.528,10.917,2.637388031590222,False
17308,CENTRAL PACIFIC BANK,2024-03-31,6643.885,36.669,22.906463780984843,True
17308,CENTRAL PACIFIC BANK,2024-06-30,6607.216,1.099,30.247276045518593,True
17308,CENTRAL PACIFIC BANK,2024-09-30,6606.117,0.0,21.364830337751116,True
17317,GOPPERT STATE SERVICE BANK,2024-03-31,251.615,0.0,1.359239388344074,False
17317,GOPPERT STATE SERVICE BANK,2024-06-30,251.99,0.0,1.7558613910367349,False
17317,GOPPERT STATE SERVICE BANK,2024-09-30,261.156,0.0,1.3591448029706503,False
17320,PEOPLES BANK&TRUST,2024-03-31,435.353,0.0,2.161598012867999,False
17320,PEOPLES BANK&TRUST,2024-06-30,495.301,0.0,3.3944018346594813,False
17320,PEOPLES BANK&TRUST,2024-09-30,498.847,17.462,2.4275425131659536,False
17323,FIRST STATE COMMUNITY BANK,2024-03-31,3374.555,0.0,12.275406245736889,True
17323,FIRST STATE COMMUNITY BANK,2024-06-30,3395.548,13.013,16.398216527372025,True
17323,FIRST STATE COMMUNITY BANK,2024-09-30,3382.535,0.0,11.137875563720618,True
17327,BANK OF DICKSON,2024-03-31,253.501,2.153,1.4884108912171905,False
17327,BANK OF DICKSON,2024-06-30,251.348,0.0,1.982230052488485,False
17327,BANK OF DICKSON,2024-09-30,255.375,7.773,1.4146182877465738,False
17348,SOUTH STORY BANK&TRUST,2024-03-31,452.396,0.0,1.7800560842750641,False
17348,SOUTH STORY BANK&TRUST,2024-06-30,455.399,2.053,2.5058339867989052,False
17348,SOUTH STORY BANK&TRUST,2024-09-30,453.346,3.033,1.6536137605611108,False
17350,FIRST STB OF SAN DIEGO,2024-03-31,72.038,4.462,0.8329018569629227,False
17350,FIRST STB OF SAN DIEGO,2024-06-30,67.576,1.793,0.8189673408847918,False
17350,FIRST STB OF SAN DIEGO,2024-09-30,65.783,0.0,0.6155998453029473,False
17369,CARSON BANK,2024-03-31,164.989,0.0,1.066339894950622,False
17369,CARSON BANK,2024-06-30,167.149,3.612,1.534375795747979,False
17369,CARSON BANK,2024-09-30,163.537,0.0,1.0806087456766496,False
17374,MID-AMERICA BANK,2024-03-31,288.677,2.274,1.3072509613859202,False
17374,MID-AMERICA BANK,2024-06-30,286.403,0.0,1.7373265744398292,False
17374,MID-AMERICA BANK,2024-09-30,306.754,0.0,1.3521241418170187,False
17375,STATE EXCHANGE BANK,2024-03-31,42.075,5.023,0.11923041145029906,False
17375,STATE EXCHANGE BANK,2024-06-30,37.052,0.0,0.09919255276757778,False
17375,STATE EXCHANGE BANK,2024-09-30,37.521,0.0,0.1249817257359998,False
17388,M C BANK&TRUST CO,2024-03-31,326.424,0.0,1.776013193073282,False
17388,M C BANK&TRUST CO,2024-06-30,332.935,0.0,2.371044932943868,False
17388,M C BANK&TRUST CO,2024-09-30,337.634,0.0,1.7776223733550665,False
17393,GERMAN AMERICAN BANK,2024-03-31,5304.862,0.0,18.85735959287433,True
17393,GERMAN AMERICAN BANK,2024-06-30,5408.556,51.531,27.188841678280177,True
17393,GERMAN AMERICAN BANK,2024-09-30,5357.025,0.0,17.884968631527133,True
17399,IMPACT BANK,2024-03-31,147.272,3.62,0.8489111844960672,False
17399,IMPACT BANK,2024-06-30,143.652,8.095,1.0757178606814641,False
17399,IMPACT BANK,2024-09-30,135.557,0.0,0.7073193906781002,False
17403,HAVILAND STATE BANK,2024-03-31,36.352,0.0,0.0653845804895885,False
17403,HAVILAND STATE BANK,2024-06-30,37.677,2.348,0.1334613527655088,False
17403,HAVILAND STATE BANK,2024-09-30,35.329,1.536,0.07481675252426194,False
17410,BENDENA STATE BANK,2024-03-31,90.143,0.422,0.4044506333335399,False
17410,BENDENA STATE BANK,2024-06-30,89.721,2.015,0.5720803658747614,False
17410,BENDENA STATE BANK,2024-09-30,87.706,0.0,0.406345738988209,False
17411,MOUNTAIN VALLEY BANK,2024-03-31,411.823,5.79,2.225383006379899,False
17411,MOUNTAIN VALLEY BANK,2024-06-30,406.033,0.0,2.7965232102539397,False
17411,MOUNTAIN VALLEY BANK,2024-09-30,422.218,0.0,2.046655844943742,False
17431,STONE BANK,2024-03-31,602.011,0.0,2.797658732356156,False
17431,STONE BANK,2024-06-30,635.032,0.0,3.9108024343616123,False
17431,STONE BANK,2024-09-30,647.812,0.0,2.761081714072439,False
17437,DACOTAH BANK,2024-03-31,3747.611,20.528,13.560398142157402,True
17437,DACOTAH BANK,2024-06-30,3727.083,0.0,16.92491297184644,True
17437,DACOTAH BANK,2024-09-30,3881.326,0.0,11.863178997528967,True
17438,FIRST NB OF AMERICA,2024-03-31,3382.18,0.0,10.851939751443123,True
17438,FIRST NB OF AMERICA,2024-06-30,3545.06,0.0,15.260713785973339,True
17438,FIRST NB OF AMERICA,2024-09-30,3627.371,0.0,10.58447797678218,True
17441,DYSART STATE BANK,2024-03-31,13.83,0.0,0.0,False
17441,DYSART STATE BANK,2024-06-30,14.036,0.64,0.0,False
17441,DYSART STATE BANK,2024-09-30,13.396,0.0,0.0,False
17443,PISCATAQUA SAVINGS BANK,2024-03-31,303.567,3.45,1.770202793353664,False
17443,PISCATAQUA SAVINGS BANK,2024-06-30,300.117,0.846,2.6476097076562586,False
17443,PISCATAQUA SAVINGS BANK,2024-09-30,299.271,2.32,1.8550424918857806,False
17445,COMMUNITY BANK,2024-03-31,508.1,0.0,3.9426413894010284,False
17445,COMMUNITY BANK,2024-06-30,508.553,0.0,5.319367852276975,False
17445,COMMUNITY BANK,2024-09-30,531.395,7.744,4.438878301964341,False
17446,MAVERICK BANK,2024-03-31,172.816,0.0,1.7406973961084136,False
17446,MAVERICK BANK,2024-06-30,238.324,0.0,4.1425618631187024,False
17446,MAVERICK BANK,2024-09-30,245.745,0.0,2.476789938214162,False
17450,DEFIANCE STATE BANK,2024-03-31,34.879,1.177,0.037596051970854825,False
17450,DEFIANCE STATE BANK,2024-06-30,33.702,1.322,0.061565348634971054,False
17450,DEFIANCE STATE BANK,2024-09-30,32.38,0.0,0.04866368348007196,False
17451,HALSTEAD BANK,2024-03-31,154.711,0.0,0.8292278395044695,False
17451,HALSTEAD BANK,2024-06-30,165.644,5.081,1.3738715912496346,False
17451,HALSTEAD BANK,2024-09-30,160.563,0.0,0.8084249720949597,False
17453,APPLE RIVER STATE BANK,2024-03-31,454.068,0.0,2.882951400078766,False
17453,APPLE RIVER STATE BANK,2024-06-30,468.775,0.0,4.032121469093162,False
17453,APPLE RIVER STATE BANK,2024-09-30,475.205,0.0,2.9995678082242296,False
17470,FIRST BANK CHICAGO,2024-03-31,1571.792,10.223,7.249286444959158,False
17470,FIRST BANK CHICAGO,2024-06-30,1561.569,5.281,9.836551629754865,False
17470,FIRST BANK CHICAGO,2024-09-30,1556.288,8.517,6.70668690920188,False
17477,UNITED BANK&TRUST,2024-03-31,665.387,21.062,3.0377676658559056,False
17477,UNITED BANK&TRUST,2024-06-30,644.325,1.587,3.9364179497257816,False
17477,UNITED BANK&TRUST,2024-09-30,642.738,0.0,2.700008910852583,False
17478,FIRSTIER BANK,2024-03-31,808.663,0.0,3.1420303289597613,False
17478,FIRSTIER BANK,2024-06-30,827.236,41.517,4.38210121729684,False
17478,FIRSTIER BANK,2024-09-30,785.719,34.991,2.829888336292349,False
17491,PLAINSCAPITAL BANK,2024-03-31,10873.308,452.141,40.6728197583767,True
17491,PLAINSCAPITAL BANK,2024-06-30,10421.167,0.0,43.755926479924355,True
17491,PLAINSCAPITAL BANK,2024-09-30,10945.109,0.0,40.15321215108323,True
17509,FIRST STB OF THE FL KEYS,2024-03-31,1063.405,40.816,5.815287402611069,False
17509,FIRST STB OF THE FL KEYS,2024-06-30,1022.589,34.68,6.979739241546347,False
17509,FIRST STB OF THE FL KEYS,2024-09-30,987.909,0.0,4.076588789040734,False
17513,FISHER NATIONAL BANK,2024-03-31,279.059,0.0,1.447100941705967,False
17513,FISHER NATIONAL BANK,2024-06-30,287.904,0.0,2.023078971861024,False
17513,FISHER NATIONAL BANK,2024-09-30,292.569,9.202,1.5289185910382983,False
17514,BANTERRA BANK,2024-03-31,2774.124,82.144,11.431600647751784,True
17514,BANTERRA BANK,2024-06-30,2691.98,0.0,13.495055003657708,True
17514,BANTERRA BANK,2024-09-30,2814.038,0.0,9.77867772087008,True
17534,KEYBANK NATIONAL ASSN,2024-03-31,147730.659,0.0,344.0454691533021,True
17534,KEYBANK NATIONAL ASSN,2024-06-30,149273.809,0.0,475.84512418806145,True
17534,KEYBANK NATIONAL ASSN,2024-09-30,154887.176,0.0,374.1391622367482,True
17543,BANK OF DADE,2024-03-31,145.538,1.222,0.8992439669020694,False
17543,BANK OF DADE,2024-06-30,144.316,1.803,1.178888270750893,False
17543,BANK OF DADE,2024-09-30,142.513,0.0,0.8461107016897428,False
17551,COMMUNITY STATE BANK,2024-03-31,38.549,2.151,0.08277419909411064,False
17551,COMMUNITY STATE BANK,2024-06-30,36.398,1.126,0.1301042455140513,False
17551,COMMUNITY STATE BANK,2024-09-30,35.272,0.672,0.11410272168513243,False
17563,PALMETTO STATE BANK,2024-03-31,516.958,24.057,3.8398610336480634,False
17563,PALMETTO STATE BANK,2024-06-30,492.901,3.98,4.257469479795613,False
17563,PALMETTO STATE BANK,2024-09-30,488.921,0.0,3.0270751790989645,False
17569,BANK OF DENTON,2024-03-31,20.244,0.0,0.0,False
17569,BANK OF DENTON,2024-06-30,21.428,0.768,0.0,False
17569,BANK OF DENTON,2024-09-30,20.66,1.591,0.0,False
17572,FIRST NB IN TAYLORVILLE,2024-03-31,168.134,3.234,1.2639620758796333,False
17572,FIRST NB IN TAYLORVILLE,2024-06-30,164.9,0.0,1.612534032810518,False
17572,FIRST NB IN TAYLORVILLE,2024-09-30,166.975,0.0,1.2310280909381528,False
17580,FNBT BANK,2024-03-31,513.973,0.0,5.463895004252979,False
17580,FNBT BANK,2024-06-30,526.839,7.735,7.783346052798546,False
17580,FNBT BANK,2024-09-30,519.104,0.0,5.4963342896971135,False
17587,SIMMESPORT STATE BANK,2024-03-31,173.0,0.0,0.939982999481432,False
17587,SIMMESPORT STATE BANK,2024-06-30,176.928,0.0,1.321047818949073,False
17587,SIMMESPORT STATE BANK,2024-09-30,191.461,3.636,1.1075442706420802,False
17588,FIRST STATE BANK,2024-03-31,736.797,7.235,3.8444569432161173,False
17588,FIRST STATE BANK,2024-06-30,729.562,0.0,4.784306620558149,False
17588,FIRST STATE BANK,2024-09-30,749.737,0.748,3.9213464134846694,False
17589,CULBERTSON BANK,2024-03-31,10.703,0.365,0.0,False
17589,CULBERTSON BANK,2024-06-30,10.338,0.184,0.0,False
17589,CULBERTSON BANK,2024-09-30,10.154,0.101,0.0,False
17603,NATIONAL BANK OF ANDREWS,2024-03-31,264.081,4.476,1.389836309286075,False
17603,NATIONAL BANK OF ANDREWS,2024-06-30,259.605,1.691,1.769236472993803,False
17603,NATIONAL BANK OF ANDREWS,2024-09-30,257.914,0.0,1.2580376800368824,False
17607,CITY STATE BANK,2024-03-31,48.866,1.66,0.19657661982559188,False
17607,CITY STATE BANK,2024-06-30,47.206,0.831,0.25724214175866467,False
17607,CITY STATE BANK,2024-09-30,46.375,0.0,0.20766386695945518,False
17612,CENTRAL BANK,2024-03-31,974.994,6.467,4.145311394801488,False
17612,CENTRAL BANK,2024-06-30,968.527,0.0,5.719874892486904,False
17612,CENTRAL BANK,2024-09-30,1019.05,0.0,4.062856688832859,False
17614,FARMERS BANK&TRUST,2024-03-31,744.47,0.0,3.8067824724758426,False
17614,FARMERS BANK&TRUST,2024-06-30,763.213,0.0,5.173158154069839,False
17614,FARMERS BANK&TRUST,2024-09-30,772.302,28.923,3.5853683579644398,False
17621,BASILE STATE BANK,2024-03-31,66.199,1.708,0.2675297526679753,False
17621,BASILE STATE BANK,2024-06-30,64.491,0.965,0.30204093538914883,False
17621,BASILE STATE BANK,2024-09-30,63.526,0.0,0.24619705882133533,False
17622,ALDEN STATE BANK,2024-03-31,244.084,0.0,1.8301816769621444,False
17622,ALDEN STATE BANK,2024-06-30,271.454,0.0,3.283594153586284,False
17622,ALDEN STATE BANK,2024-09-30,284.531,13.828,2.6403978280424063,False
17629,FARMERS STB OF BLUE MOUND,2024-03-31,43.288,0.0,0.10747542657813945,False
17629,FARMERS STB OF BLUE MOUND,2024-06-30,46.59,1.232,0.20473940731980148,False
17629,FARMERS STB OF BLUE MOUND,2024-09-30,45.358,0.0,0.1511807618303159,False
17632,FARMERS STATE BANK,2024-03-31,15.347,0.922,0.03991713025111088,False
17632,FARMERS STATE BANK,2024-06-30,14.425,0.032,0.04149336962834274,False
17632,FARMERS STATE BANK,2024-09-30,14.393,0.002,0.09453345641189306,False
17636,ASTRA BANK,2024-03-31,375.346,6.867,2.539294701526863,False
17636,ASTRA BANK,2024-06-30,368.479,9.001,3.192156988713957,False
17636,ASTRA BANK,2024-09-30,359.478,0.0,2.3039228614875,False
17639,RVR BANK,2024-03-31,446.051,0.0,2.201432952744348,False
17639,RVR BANK,2024-06-30,451.189,0.0,2.9735251001352805,False
17639,RVR BANK,2024-09-30,459.932,0.0,2.1654117894155362,False
17643,FIRST NATIONAL BANK,2024-03-31,418.747,0.0,2.986223960032799,False
17643,FIRST NATIONAL BANK,2024-06-30,445.222,0.0,4.321983666479512,False
17643,FIRST NATIONAL BANK,2024-09-30,463.142,6.207,3.6429485093325558,False
17650,STOCKGROWERS STB ASHLAND KS,2024-03-31,127.273,0.0,0.6946733895346652,False
17650,STOCKGROWERS STB ASHLAND KS,2024-06-30,128.725,0.998,0.9691227722867747,False
17650,STOCKGROWERS STB ASHLAND KS,2024-09-30,127.727,0.0,0.7052379803758951,False
17658,NORWAY SAVINGS BANK,2024-03-31,1503.369,0.0,6.1094976567549555,False
17658,NORWAY SAVINGS BANK,2024-06-30,1503.955,0.0,8.21045849272517,False
17658,NORWAY SAVINGS BANK,2024-09-30,1559.068,26.84,5.959486106375787,False
17661,FIRST STATE BANK OF HEALY,2024-03-31,81.797,0.0,0.33226569257932814,False
17661,FIRST STATE BANK OF HEALY,2024-06-30,85.72,0.0,0.5099025006758225,False
17661,FIRST STATE BANK OF HEALY,2024-09-30,89.227,0.0,0.39337756352188247,False
17671,BANK OF PRAIRIE VILLAGE,2024-03-31,132.886,0.0,0.8186832333841895,False
17671,BANK OF PRAIRIE VILLAGE,2024-06-30,143.78,6.366,1.349912265862181,False
17671,BANK OF PRAIRIE VILLAGE,2024-09-30,137.414,3.136,0.8296188322049463,False
17672,CITIZENS STATE BANK,2024-03-31,376.72,0.493,2.2845607804021304,False
17672,CITIZENS STATE BANK,2024-06-30,376.227,6.16,2.905346106825147,False
17672,CITIZENS STATE BANK,2024-09-30,370.067,1.859,2.0637529199421913,False
17676,LEGACY BANK,2024-03-31,610.051,0.0,2.7562986090236707,False
17676,LEGACY BANK,2024-06-30,610.804,0.0,3.703544510629884,False
17676,LEGACY BANK,2024-09-30,622.969,5.556,2.70008280271187,False
17685,OUTDOOR BANK,2024-03-31,485.451,0.0,3.7061917228855763,False
17685,OUTDOOR BANK,2024-06-30,489.181,0.0,4.250083218894823,False
17685,OUTDOOR BANK,2024-09-30,495.547,0.0,2.6719427971391845,False
17734,DLP BANK,2024-03-31,195.063,0.0,1.965622615131357,False
17734,DLP BANK,2024-06-30,226.549,13.2,3.323252796844157,False
17734,DLP BANK,2024-09-30,213.349,12.227,2.0897340887998483,False
17735,CITY NB OF WEST VIRGINIA,2024-03-31,5105.477,9.382,19.427914923978555,True
17735,CITY NB OF WEST VIRGINIA,2024-06-30,5096.095,0.0,25.04267105003716,True
17735,CITY NB OF WEST VIRGINIA,2024-09-30,5121.558,0.0,17.79972125030222,True
17736,HOMETOWN SAVINGS BANK,2024-03-31,389.045,0.0,2.4843851309249025,False
17736,HOMETOWN SAVINGS BANK,2024-06-30,402.39,0.0,3.5487306908489495,False
17736,HOMETOWN SAVINGS BANK,2024-09-30,403.868,0.0,2.4084496674557574,False
17739,PLAINS STATE BANK,2024-03-31,694.8,0.0,3.6311642448743795,False
17739,PLAINS STATE BANK,2024-06-30,716.831,0.0,5.4348626594982505,False
17739,PLAINS STATE BANK,2024-09-30,745.299,10.806,3.9202445926300804,False
17741,MAINE COMMUNITY BANK,2024-03-31,821.22,0.0,3.1778625290786318,False
17741,MAINE COMMUNITY BANK,2024-06-30,863.648,0.0,4.63932238353372,False
17741,MAINE COMMUNITY BANK,2024-09-30,905.592,9.918,3.148656338029889,False
17743,SACO&BIDDEFORD SVG INST,2024-03-31,978.717,0.0,4.168034395781048,False
17743,SACO&BIDDEFORD SVG INST,2024-06-30,980.636,0.0,5.549364153495775,False
17743,SACO&BIDDEFORD SVG INST,2024-09-30,1006.052,0.0,3.914685841467197,False
17748,GORHAM SAVINGS BANK,2024-03-31,1346.317,0.0,5.896006931960377,False
17748,GORHAM SAVINGS BANK,2024-06-30,1349.536,0.0,7.978756624406356,False
17748,GORHAM SAVINGS BANK,2024-09-30,1375.485,0.0,5.506453495249701,False
17749,BATH SAVINGS INSTITUTION,2024-03-31,1048.039,0.0,4.976842907724957,False
17749,BATH SAVINGS INSTITUTION,2024-06-30,1095.901,36.466,7.320599602974293,False
17749,BATH SAVINGS INSTITUTION,2024-09-30,1059.435,0.0,4.702214889548993,False
17751,ANDROSCOGGIN SAVINGS BANK,2024-03-31,1308.912,0.0,5.57313105960792,False
17751,ANDROSCOGGIN SAVINGS BANK,2024-06-30,1314.857,2.511,7.343651702723164,False
17751,ANDROSCOGGIN SAVINGS BANK,2024-09-30,1312.346,0.0,5.174885058962465,False
17759,BALTIC STATE BANK,2024-03-31,93.301,1.908,0.3590027293412089,False
17759,BALTIC STATE BANK,2024-06-30,91.393,0.0,0.49421176737865796,False
17759,BALTIC STATE BANK,2024-09-30,95.63,0.0,0.3844146381394943,False
17764,CENTREVILLE BANK,2024-03-31,1905.768,0.0,7.0454095155554155,False
17764,CENTREVILLE BANK,2024-06-30,1994.659,0.0,9.68020143923179,False
17764,CENTREVILLE BANK,2024-09-30,2051.894,0.0,7.004502274812859,False
17767,GUARANTY BANK&TRUST CO,2024-03-31,262.574,5.046,1.2651743651593648,False
17767,GUARANTY BANK&TRUST CO,2024-06-30,257.528,4.761,1.680238954900485,False
17767,GUARANTY BANK&TRUST CO,2024-09-30,252.767,0.0,1.1174899274632313,False
17769,BANK OF HAYS,2024-03-31,302.773,0.0,1.776234729558956,False
17769,BANK OF HAYS,2024-06-30,305.204,10.742,2.4245107907413073,False
17769,BANK OF HAYS,2024-09-30,294.462,0.0,1.654529636122414,False
17773,BLUE RIDGE BANK,2024-03-31,157.239,0.0,0.9277272274760899,False
17773,BLUE RIDGE BANK,2024-06-30,159.981,0.301,1.2672538386089511,False
17773,BLUE RIDGE BANK,2024-09-30,159.68,0.0,0.8760440341987253,False
17775,FIRST STATE BANK,2024-03-31,130.647,7.925,1.634031621510995,False
17775,FIRST STATE BANK,2024-06-30,122.722,0.0,1.710532595964001,False
17775,FIRST STATE BANK,2024-09-30,128.313,0.0,1.4168737718119329,False
17782,PIKES PEAK NATIONAL BANK,2024-03-31,87.089,2.032,0.5743987001220968,False
17782,PIKES PEAK NATIONAL BANK,2024-06-30,85.057,0.347,0.7339823091950591,False
17782,PIKES PEAK NATIONAL BANK,2024-09-30,84.71,0.0,0.5053314031866745,False
17797,ROLLSTONE BANK&TRUST,2024-03-31,670.936,0.0,3.292889772441887,False
17797,ROLLSTONE BANK&TRUST,2024-06-30,689.558,0.0,4.265392552414801,False
17797,ROLLSTONE BANK&TRUST,2024-09-30,694.557,2.079,3.0215789635252466,False
17798,BROOKLINE BANK,2024-03-31,4568.096,3.429,13.913791826271632,True
17798,BROOKLINE BANK,2024-06-30,4564.667,0.0,18.85920746677422,True
17798,BROOKLINE BANK,2024-09-30,4575.064,0.0,12.894962115525981,True
17809,CITIZENS BANK,2024-03-31,726.564,12.946,7.371918299497234,False
17809,CITIZENS BANK,2024-06-30,713.618,0.0,7.155723956995273,False
17809,CITIZENS BANK,2024-09-30,718.706,11.594,4.340301607070137,False
17811,FIRST NB IN PORT LAVACA,2024-03-31,324.26,12.269,2.294335096874703,False
17811,FIRST NB IN PORT LAVACA,2024-06-30,311.991,0.0,2.7042405686793236,False
17811,FIRST NB IN PORT LAVACA,2024-09-30,313.793,7.405,1.9862089793427407,False
17813,BANK OF HAZELTON,2024-03-31,56.807,6.343,0.386038641960151,False
17813,BANK OF HAZELTON,2024-06-30,50.464,0.0,0.2845624214422477,False
17813,BANK OF HAZELTON,2024-09-30,55.023,0.0,0.38732427210573317,False
17825,BOELUS STATE BANK,2024-03-31,19.068,0.0,0.4667396143661815,False
17825,BOELUS STATE BANK,2024-06-30,20.227,1.926,0.736809112821238,False
17825,BOELUS STATE BANK,2024-09-30,18.301,0.0,0.5658875825312227,False
17830,CITIZENS BANK OF CHARLESTON,2024-03-31,145.21,4.637,0.9638144036698736,False
17830,CITIZENS BANK OF CHARLESTON,2024-06-30,140.573,0.0,0.9377688784921498,False
17830,CITIZENS BANK OF CHARLESTON,2024-09-30,142.461,0.0,0.6461341325893335,False
17832,KAW VALLEY STATE B&T CO,2024-03-31,208.957,1.252,1.325957300394402,False
17832,KAW VALLEY STATE B&T CO,2024-06-30,207.705,0.0,1.766237712683413,False
17832,KAW VALLEY STATE B&T CO,2024-09-30,213.437,0.0,1.3998404209915691,False
17838,WILMINGTON SVG FUND SOCIETY,2024-03-31,16392.626,0.0,49.57128731832313,True
17838,WILMINGTON SVG FUND SOCIETY,2024-06-30,16651.602,0.0,67.76720972526518,True
17838,WILMINGTON SVG FUND SOCIETY,2024-09-30,16765.301,0.0,46.52300060481798,True
17841,VERMILION BANK&TRUST CO,2024-03-31,132.467,0.191,1.5618692939940362,False
17841,VERMILION BANK&TRUST CO,2024-06-30,132.276,3.147,2.059453122822509,False
17841,VERMILION BANK&TRUST CO,2024-09-30,129.129,0.0,1.382140916874732,False
17842,TEXAS BANK&TRUST CO,2024-03-31,3832.549,138.49,13.775851145035118,True
17842,TEXAS BANK&TRUST CO,2024-06-30,3694.059,0.0,17.174503044239312,True
17842,TEXAS BANK&TRUST CO,2024-09-30,3783.129,0.0,12.805983903279124,True
17863,STERLING STATE BANK,2024-03-31,369.467,33.064,2.714183290174862,False
17863,STERLING STATE BANK,2024-06-30,336.403,0.0,2.902444467387599,False
17863,STERLING STATE BANK,2024-09-30,353.676,0.0,2.32639507386749,False
17870,CAMBRIDGE SAVINGS BANK,2024-03-31,5498.458,0.0,16.78785947585345,True
17870,CAMBRIDGE SAVINGS BANK,2024-06-30,5581.059,21.898,23.117908903328562,True
17870,CAMBRIDGE SAVINGS BANK,2024-09-30,5559.161,118.509,15.689481403891781,True
17872,FIRST NATIONAL BANK CORTEZ,2024-03-31,112.983,0.0,0.5680354389212844,False
17872,FIRST NATIONAL BANK CORTEZ,2024-06-30,113.566,0.0,0.7862380770465669,False
17872,FIRST NATIONAL BANK CORTEZ,2024-09-30,118.631,0.0,0.6178345089031066,False
17878,BANK OF LOUISIANA,2024-03-31,77.263,0.0,0.43369333599300475,False
17878,BANK OF LOUISIANA,2024-06-30,77.891,0.0,0.574495339716865,False
17878,BANK OF LOUISIANA,2024-09-30,78.628,0.0,0.44793174478942516,False
17881,FREEDOM BANK,2024-03-31,177.256,0.0,1.2641753818172232,False
17881,FREEDOM BANK,2024-06-30,183.085,0.0,1.7438232928437185,False
17881,FREEDOM BANK,2024-09-30,192.363,0.0,1.2184056832472907,False
17897,KENNEBEC SAVINGS BANK,2024-03-31,1296.371,0.0,4.759773139256782,False
17897,KENNEBEC SAVINGS BANK,2024-06-30,1311.255,0.0,6.688252896733251,False
17897,KENNEBEC SAVINGS BANK,2024-09-30,1323.557,0.0,4.610414320083871,False
17903,MAQUOKETA STATE BANK,2024-03-31,320.457,7.193,1.935395193491052,False
17903,MAQUOKETA STATE BANK,2024-06-30,313.264,0.0,2.388492901174277,False
17903,MAQUOKETA STATE BANK,2024-09-30,325.843,0.0,2.0137169099817753,False
17906,AMERICAN BANK&TRUST CO,2024-03-31,209.972,6.609,1.084122631318018,False
17906,AMERICAN BANK&TRUST CO,2024-06-30,203.363,0.0,1.4075736257565445,False
17906,AMERICAN BANK&TRUST CO,2024-09-30,207.844,0.0,1.0295097038795522,False
17910,MORRIS BANK,2024-03-31,1228.868,0.0,5.190935131124931,False
17910,MORRIS BANK,2024-06-30,1229.603,13.315,6.69447318644957,False
17910,MORRIS BANK,2024-09-30,1216.288,0.0,4.603798220350053,False
17913,FIRST NB OF FORT STOCKTON,2024-03-31,120.648,5.687,0.6854051972161794,False
17913,FIRST NB OF FORT STOCKTON,2024-06-30,114.961,0.0,0.817408108976183,False
17913,FIRST NB OF FORT STOCKTON,2024-09-30,118.103,0.0,0.6393296034936018,False
17922,STRASBURG STATE BANK,2024-03-31,80.564,0.0,0.5937040410203572,False
17922,STRASBURG STATE BANK,2024-06-30,81.443,0.0,0.7477492528532204,False
17922,STRASBURG STATE BANK,2024-09-30,82.589,0.0,0.5774711400759375,False
17927,VINTAGE BANK KANSAS,2024-03-31,186.227,0.0,1.0587224088415856,False
17927,VINTAGE BANK KANSAS,2024-06-30,203.505,2.468,1.6235579003159017,False
17927,VINTAGE BANK KANSAS,2024-09-30,201.037,0.0,1.1113142574189918,False
17933,BLUE RIDGE BANK&TRUST CO,2024-03-31,701.788,32.687,3.5704751848620493,False
17933,BLUE RIDGE BANK&TRUST CO,2024-06-30,669.101,0.0,4.333391885775961,False
17933,BLUE RIDGE BANK&TRUST CO,2024-09-30,687.31,0.0,3.174812735068415,False
17937,FRANKLIN BANK&TRUST CO,2024-03-31,674.743,55.561,3.4674460233777116,False
17937,FRANKLIN BANK&TRUST CO,2024-06-30,619.182,9.683,3.7573894634106937,False
17937,FRANKLIN BANK&TRUST CO,2024-09-30,609.499,3.182,2.5154237702219615,False
17943,LIBERTY BANK,2024-03-31,6124.356,0.0,18.64125311529942,True
17943,LIBERTY BANK,2024-06-30,6285.993,0.0,25.551623561109196,True
17943,LIBERTY BANK,2024-09-30,6420.691,0.0,17.712171051270875,True
17950,FIRST STATE BANK,2024-03-31,329.812,9.869,2.103654305167553,False
17950,FIRST STATE BANK,2024-06-30,319.943,0.0,2.533491796004886,False
17950,FIRST STATE BANK,2024-09-30,336.593,0.0,1.9300569698817616,False
17951,FRANKLIN SAVINGS BANK,2024-03-31,661.495,0.0,3.146524694832886,False
17951,FRANKLIN SAVINGS BANK,2024-06-30,665.54,0.0,4.297247214497739,False
17951,FRANKLIN SAVINGS BANK,2024-09-30,688.357,0.0,3.1541574837409994,False
17959,DOLORES STATE BANK,2024-03-31,329.437,0.0,1.580959627782076,False
17959,DOLORES STATE BANK,2024-06-30,340.107,0.0,2.240375847569424,False
17959,DOLORES STATE BANK,2024-09-30,344.379,0.0,1.5595977217700536,False
17960,MERRIMACK COUNTY SB,2024-03-31,1003.157,0.0,3.935624415546203,False
17960,MERRIMACK COUNTY SB,2024-06-30,1047.199,0.0,5.650919746592831,False
17960,MERRIMACK COUNTY SB,2024-09-30,1050.589,0.0,3.9668329813327268,False
17964,STATE BANK OF SOUTHERN UTAH,2024-03-31,2001.768,0.0,9.233094597179083,False
17964,STATE BANK OF SOUTHERN UTAH,2024-06-30,2030.505,0.0,12.084662414069905,False
17964,STATE BANK OF SOUTHERN UTAH,2024-09-30,2098.36,0.0,8.632416646379498,False
17975,COMMERCIAL BANK OF OZARK,2024-03-31,106.782,1.08,0.783306097587992,False
17975,COMMERCIAL BANK OF OZARK,2024-06-30,105.702,3.017,1.0577656417221883,False
17975,COMMERCIAL BANK OF OZARK,2024-09-30,102.685,0.0,0.7807674822143417,False
17979,CASTROVILLE STATE BANK,2024-03-31,251.738,7.771,1.6199373361953309,False
17979,CASTROVILLE STATE BANK,2024-06-30,243.967,5.404,2.092348017217857,False
17979,CASTROVILLE STATE BANK,2024-09-30,238.563,0.0,1.4047921791888442,False
17982,WALTON STATE BANK,2024-03-31,11.08,0.0,0.0,False
17982,WALTON STATE BANK,2024-06-30,14.158,0.0,0.0,False
17982,WALTON STATE BANK,2024-09-30,14.351,0.667,0.0,False
17985,FIRST HAWAIIAN BANK,2024-03-31,18675.746,348.0,59.523983344894205,True
17985,FIRST HAWAIIAN BANK,2024-06-30,18327.746,160.692,76.22662131225147,True
17985,FIRST HAWAIIAN BANK,2024-09-30,18167.054,0.0,52.60550945827142,True
17993,KEYSTONE SAVINGS BANK,2024-03-31,159.863,11.945,1.097497895903369,False
17993,KEYSTONE SAVINGS BANK,2024-06-30,147.918,0.0,1.1355385987107596,False
17993,KEYSTONE SAVINGS BANK,2024-09-30,159.66,12.801,1.123763293210124,False
17995,BANK OF GREELEY,2024-03-31,39.434,0.0,0.21264268293335148,False
17995,BANK OF GREELEY,2024-06-30,39.689,0.403,0.3419218732420579,False
17995,BANK OF GREELEY,2024-09-30,39.286,0.0,0.26366687741518313,False
18012,BANK OF NEW HAMPSHIRE,2024-03-31,2087.993,0.0,7.663851373402214,False
18012,BANK OF NEW HAMPSHIRE,2024-06-30,2102.355,0.0,10.231849232585263,False
18012,BANK OF NEW HAMPSHIRE,2024-09-30,2179.694,0.0,7.48320260746183,False
18013,MASCOMA BANK,2024-03-31,2511.525,53.089,9.221451081255742,False
18013,MASCOMA BANK,2024-06-30,2458.436,0.0,11.651344284520794,False
18013,MASCOMA BANK,2024-09-30,2534.229,0.0,8.193447501559202,False
18019,PATRIOTS BANK,2024-03-31,202.849,0.0,1.1997853386425448,False
18019,PATRIOTS BANK,2024-06-30,210.316,1.804,1.6605881550284562,False
18019,PATRIOTS BANK,2024-09-30,208.512,2.719,1.1336903639667026,False
18028,SUGAR RIVER BANK,2024-03-31,325.871,1.012,1.7913624498772407,False
18028,SUGAR RIVER BANK,2024-06-30,324.859,0.0,2.315076066605894,False
18028,SUGAR RIVER BANK,2024-09-30,337.57,0.0,1.7914361480683614,False
18030,SAVINGS BANK OF WALPOLE,2024-03-31,679.167,0.0,3.1195981013965195,False
18030,SAVINGS BANK OF WALPOLE,2024-06-30,682.796,0.0,4.182109097939734,False
18030,SAVINGS BANK OF WALPOLE,2024-09-30,707.506,0.0,3.2481014041964618,False
18031,WOODSVILLE GUARANTY SB,2024-03-31,532.494,11.512,2.7763950295910957,False
18031,WOODSVILLE GUARANTY SB,2024-06-30,520.982,0.0,3.701737986173428,False
18031,WOODSVILLE GUARANTY SB,2024-09-30,528.633,0.0,2.768066608312101,False
18033,SECURITY BANK OF THE OZARKS,2024-03-31,132.711,0.0,0.8257940158805168,False
18033,SECURITY BANK OF THE OZARKS,2024-06-30,139.273,0.0,1.3238913252329296,False
18033,SECURITY BANK OF THE OZARKS,2024-09-30,141.134,0.0,0.9988199309769052,False
18038,CLAREMONT SAVINGS BANK,2024-03-31,409.953,3.034,1.7419080800620586,False
18038,CLAREMONT SAVINGS BANK,2024-06-30,406.919,0.0,2.5512855855424883,False
18038,CLAREMONT SAVINGS BANK,2024-09-30,436.224,18.609,2.3968092205942875,False
18053,BANK OF HAWAII,2024-03-31,19418.064,193.101,63.270801547034594,True
18053,BANK OF HAWAII,2024-06-30,19224.963,0.0,82.6217762390509,True
18053,BANK OF HAWAII,2024-09-30,19736.645,357.45,61.984339327548085,True
18059,BANK OF COMMERCE,2024-03-31,1699.969,0.0,8.13413630228434,False
18059,BANK OF COMMERCE,2024-06-30,1706.88,0.0,10.403102200536779,False
18059,BANK OF COMMERCE,2024-09-30,1756.677,0.0,7.90316079832225,False
18063,COREBANK,2024-03-31,92.65,0.0,0.33149108009880246,False
18063,COREBANK,2024-06-30,98.358,0.0,0.5259200945041669,False
18063,COREBANK,2024-09-30,106.182,2.452,0.43722301635668115,False
18071,WATKINS SAVINGS BANK,2024-03-31,70.295,1.345,0.3402140859537416,False
18071,WATKINS SAVINGS BANK,2024-06-30,68.95,2.131,0.48665772066964325,False
18071,WATKINS SAVINGS BANK,2024-09-30,66.819,0.0,0.3385880080268144,False
18094,MARQUETTE FARMERS STB MARQUE,2024-03-31,27.176,0.275,0.052489865132677824,False
18094,MARQUETTE FARMERS STB MARQUE,2024-06-30,26.901,0.316,0.09119672194609998,False
18094,MARQUETTE FARMERS STB MARQUE,2024-09-30,26.585,0.047,0.08004081658213152,False
18100,COREFIRST BANK&TRUST,2024-03-31,1041.889,23.54,5.258419791390856,False
18100,COREFIRST BANK&TRUST,2024-06-30,1018.349,0.0,6.718587861131311,False
18100,COREFIRST BANK&TRUST,2024-09-30,1022.298,0.0,5.4250651670083725,False
18101,FARMERS STB OF BUCKLIN KS,2024-03-31,51.157,0.514,0.2657245079552964,False
18101,FARMERS STB OF BUCKLIN KS,2024-06-30,50.643,1.996,0.36576104606356347,False
18101,FARMERS STB OF BUCKLIN KS,2024-09-30,48.647,0.0,0.24916859695099364,False
18109,TRICENTURY BANK,2024-03-31,92.77,0.0,0.626208657915018,False
18109,TRICENTURY BANK,2024-06-30,94.017,3.335,0.8717927228729433,False
18109,TRICENTURY BANK,2024-09-30,90.682,0.0,0.46736163053650637,False
18118,BANK OF THE PLAINS,2024-03-31,365.249,4.798,2.0873020266023445,False
18118,BANK OF THE PLAINS,2024-06-30,360.451,3.546,2.550578599325876,False
18118,BANK OF THE PLAINS,2024-09-30,356.905,5.35,1.7684168173990134,False
18120,FARMERS STB OF ALICEVILLE KS,2024-03-31,137.026,6.74,0.6117882377490014,False
18120,FARMERS STB OF ALICEVILLE KS,2024-06-30,130.286,0.0,0.7367764465769076,False
18120,FARMERS STB OF ALICEVILLE KS,2024-09-30,131.752,0.0,0.6729063366878717,False
18129,BANKNEWPORT,2024-03-31,2178.678,0.0,7.7683080248068785,False
18129,BANKNEWPORT,2024-06-30,2221.27,0.0,11.062109601081096,False
18129,BANKNEWPORT,2024-09-30,2221.72,0.0,7.219365926940098,False
18132,PEARLAND STATE BANK,2024-03-31,192.505,12.138,2.148862020091793,False
18132,PEARLAND STATE BANK,2024-06-30,180.367,6.079,2.235225589062137,False
18132,PEARLAND STATE BANK,2024-09-30,174.288,0.0,1.6450704576471706,False
18136,FIRST NB OF WAUCHULA,2024-03-31,79.021,0.912,0.4392191595471145,False
18136,FIRST NB OF WAUCHULA,2024-06-30,78.109,0.445,0.6013966629882364,False
18136,FIRST NB OF WAUCHULA,2024-09-30,77.664,6.544,0.4675775226257462,False
18143,OCONEE STATE BANK,2024-03-31,532.671,0.0,3.281739375424708,False
18143,OCONEE STATE BANK,2024-06-30,537.628,0.0,4.225506408058182,False
18143,OCONEE STATE BANK,2024-09-30,548.676,0.0,3.196202412501569,False
18145,STATE BANK OF EAGLE BUTTE,2024-03-31,59.763,0.0,0.3405831561762202,False
18145,STATE BANK OF EAGLE BUTTE,2024-06-30,61.763,0.0,0.5276455508564201,False
18145,STATE BANK OF EAGLE BUTTE,2024-09-30,67.863,0.0,0.48657389669848444,False
18155,BRIDGE CITY STATE BANK,2024-03-31,198.094,1.748,1.628697183319294,False
18155,BRIDGE CITY STATE BANK,2024-06-30,196.346,4.44,2.0780432055646574,False
18155,BRIDGE CITY STATE BANK,2024-09-30,191.906,5.124,1.217325778638701,False
18164,GARFIELD COUNTY BANK,2024-03-31,71.965,1.458,0.3718644908080044,False
18164,GARFIELD COUNTY BANK,2024-06-30,70.507,0.0,0.4881943762233819,False
18164,GARFIELD COUNTY BANK,2024-09-30,70.975,0.0,0.3448316054296417,False
18165,STOCKGROWERS STATE BANK,2024-03-31,81.071,0.0,0.3240563661530958,False
18165,STOCKGROWERS STATE BANK,2024-06-30,81.514,0.0,0.4683283191597913,False
18165,STOCKGROWERS STATE BANK,2024-09-30,83.475,0.0,0.3456614323276904,False
18171,BANK OF O FALLON,2024-03-31,304.229,11.452,1.8730740345332437,False
18171,BANK OF O FALLON,2024-06-30,292.777,0.0,2.254700345765788,False
18171,BANK OF O FALLON,2024-09-30,297.087,0.0,1.6161537083291326,False
18185,COMMUNITY NB&T OF TEXAS,2024-03-31,1041.634,0.0,5.533185125884586,False
18185,COMMUNITY NB&T OF TEXAS,2024-06-30,1077.501,0.0,7.932027239227977,False
18185,COMMUNITY NB&T OF TEXAS,2024-09-30,1091.517,12.35,5.640128252363247,False
18190,UNION SAVINGS BANK,2024-03-31,2224.536,0.0,9.608170232995608,False
18190,UNION SAVINGS BANK,2024-06-30,2266.509,12.116,12.909826787008598,False
18190,UNION SAVINGS BANK,2024-09-30,2254.393,0.0,8.780672183738563,False
18194,GUILFORD SAVINGS BANK,2024-03-31,951.871,0.0,4.152838252581285,False
18194,GUILFORD SAVINGS BANK,2024-06-30,984.262,0.0,5.799880669344498,False
18194,GUILFORD SAVINGS BANK,2024-09-30,1009.229,0.0,4.157754352948037,False
18198,ION BANK,2024-03-31,1756.013,0.0,7.027469737352335,False
18198,ION BANK,2024-06-30,1804.284,12.567,10.322031979490793,False
18198,ION BANK,2024-09-30,1791.717,0.0,7.125343889209975,False
18199,NEWTOWN SAVINGS BANK,2024-03-31,1490.166,46.036,6.5739077600757865,False
18199,NEWTOWN SAVINGS BANK,2024-06-30,1444.13,0.0,8.17722275058989,False
18199,NEWTOWN SAVINGS BANK,2024-09-30,1566.492,66.447,6.91181207892741,False
18200,DIME BANK,2024-03-31,894.372,20.253,4.2453545009504055,False
18200,DIME BANK,2024-06-30,874.119,0.0,5.4170841473018125,False
18200,DIME BANK,2024-09-30,896.391,1.675,4.209968958757296,False
18204,FIRST COUNTY BANK,2024-03-31,1677.964,0.0,7.4564426748609165,False
18204,FIRST COUNTY BANK,2024-06-30,1773.295,0.0,11.569819232047392,False
18204,FIRST COUNTY BANK,2024-09-30,1791.127,44.113,8.584633185936882,False
18213,FAIRFIELD COUNTY BANK,2024-03-31,1519.593,0.0,6.14496439541506,False
18213,FAIRFIELD COUNTY BANK,2024-06-30,1534.401,48.68,9.332147081810875,False
18213,FAIRFIELD COUNTY BANK,2024-09-30,1485.721,105.789,5.719932992662707,False
18216,TEJAS BANK,2024-03-31,203.797,0.0,1.3196959766218712,False
18216,TEJAS BANK,2024-06-30,208.058,0.0,1.896047299347156,False
18216,TEJAS BANK,2024-09-30,209.169,0.0,1.391035316519379,False
18221,WEBSTER BANK NATIONAL ASSN,2024-03-31,61071.532,0.0,131.8855156028058,True
18221,WEBSTER BANK NATIONAL ASSN,2024-06-30,62593.777,0.0,180.84226808274,True
18221,WEBSTER BANK NATIONAL ASSN,2024-09-30,64840.074,0.0,135.50286794927453,True
18227,STAFFORD SAVINGS BANK,2024-03-31,184.803,1.74,1.2577529532605474,False
18227,STAFFORD SAVINGS BANK,2024-06-30,183.063,3.224,1.6785712851574333,False
18227,STAFFORD SAVINGS BANK,2024-09-30,179.839,0.0,1.0976948436434764,False
18229,NORTHWEST COMMUNITY BANK,2024-03-31,1001.413,15.624,4.642338972015044,False
18229,NORTHWEST COMMUNITY BANK,2024-06-30,985.789,0.0,5.71585698480932,False
18229,NORTHWEST COMMUNITY BANK,2024-09-30,1008.941,0.0,4.287053894685672,False
18237,JEWETT CITY SAVINGS BANK,2024-03-31,348.14,0.0,1.5448781501634417,False
18237,JEWETT CITY SAVINGS BANK,2024-06-30,349.033,0.0,2.1313019134128863,False
18237,JEWETT CITY SAVINGS BANK,2024-09-30,356.572,0.0,1.5357979364077603,False
18238,CHELSEA GROTON BANK,2024-03-31,1232.999,28.91,5.088769800556004,False
18238,CHELSEA GROTON BANK,2024-06-30,1204.089,0.0,6.980545468703354,False
18238,CHELSEA GROTON BANK,2024-09-30,1249.879,51.735,4.707604845500611,False
18258,THOMASTON SAVINGS BANK,2024-03-31,1578.364,0.0,6.945913972468499,False
18258,THOMASTON SAVINGS BANK,2024-06-30,1599.922,1.447,9.537504313484092,False
18258,THOMASTON SAVINGS BANK,2024-09-30,1598.475,0.0,6.681844117230385,False
18266,NORTHERN BANK&TRUST CO,2024-03-31,2690.228,0.0,9.061521490520972,False
18266,NORTHERN BANK&TRUST CO,2024-06-30,2788.068,163.077,13.06138052935565,False
18266,NORTHERN BANK&TRUST CO,2024-09-30,2624.991,0.0,7.677998539695917,False
18272,COMMUNITY STATE BANK,2024-03-31,1187.927,0.0,4.632865980173921,False
18272,COMMUNITY STATE BANK,2024-06-30,1188.553,0.0,6.400735617892151,False
18272,COMMUNITY STATE BANK,2024-09-30,1269.147,12.206,4.588952619203675,False
18282,FIRST NATIONAL BANK OF ALVIN,2024-03-31,154.263,6.187,1.934678637648853,False
18282,FIRST NATIONAL BANK OF ALVIN,2024-06-30,148.076,6.971,2.3610199126086258,False
18282,FIRST NATIONAL BANK OF ALVIN,2024-09-30,141.105,0.0,1.6415814434084468,False
18284,FARMERS SAVINGS BANK,2024-03-31,154.579,0.0,0.7328409842878654,False
18284,FARMERS SAVINGS BANK,2024-06-30,162.649,0.0,1.0658174860748983,False
18284,FARMERS SAVINGS BANK,2024-09-30,168.27,0.0,0.7749386991957425,False
18296,HAWAII NATIONAL BANK,2024-03-31,699.439,0.0,4.664660844487302,False
18296,HAWAII NATIONAL BANK,2024-06-30,741.275,13.007,6.879457875458894,False
18296,HAWAII NATIONAL BANK,2024-09-30,728.268,0.0,4.522579899250112,False
18297,SOUTHSIDE BANK,2024-03-31,6554.051,51.59,25.691799250050483,True
18297,SOUTHSIDE BANK,2024-06-30,6502.461,56.444,33.71067105085911,True
18297,SOUTHSIDE BANK,2024-09-30,6446.017,0.0,24.16016771159007,True
18301,FIRST STATE BANK,2024-03-31,105.556,2.805,0.6563665757511202,False
18301,FIRST STATE BANK,2024-06-30,102.751,4.384,0.8466801770690292,False
18301,FIRST STATE BANK,2024-09-30,98.367,0.0,0.5017280542448742,False
18302,POWELL STATE BANK,2024-03-31,31.099,3.035,0.11555224721582297,False
18302,POWELL STATE BANK,2024-06-30,28.064,0.212,0.03824385614329853,False
18302,POWELL STATE BANK,2024-09-30,27.852,0.0,0.1296552865582489,False
18344,UBANK,2024-03-31,562.985,0.0,3.066329411000865,False
18344,UBANK,2024-06-30,596.086,0.0,4.369722028142934,False
18344,UBANK,2024-09-30,655.146,17.08,3.774877431840143,False
18355,NORTH DALLAS BANK&TRUST CO,2024-03-31,1517.727,32.034,7.852868588741006,False
18355,NORTH DALLAS BANK&TRUST CO,2024-06-30,1485.693,0.0,9.6523824417838,False
18355,NORTH DALLAS BANK&TRUST CO,2024-09-30,1543.618,0.0,7.905267051767415,False
18356,CITIZENS STATE BANK,2024-03-31,153.905,3.787,0.9706696969326404,False
18356,CITIZENS STATE BANK,2024-06-30,150.118,0.0,1.2500310095336533,False
18356,CITIZENS STATE BANK,2024-09-30,152.948,0.0,0.7974114212401268,False
18361,COULEE BANK,2024-03-31,457.815,0.0,2.0350257028658643,False
18361,COULEE BANK,2024-06-30,457.946,0.0,2.793016803658785,False
18361,COULEE BANK,2024-09-30,469.487,19.543,2.2010982763609426,False
18374,SECURITY STATE BANK,2024-03-31,338.035,0.0,1.4590351271942272,False
18374,SECURITY STATE BANK,2024-06-30,641.267,0.0,3.6752537112700208,False
18374,SECURITY STATE BANK,2024-09-30,650.281,0.0,2.701153781663018,False
18378,SECURITY STB OF WANAMINGO,2024-03-31,75.976,0.0,0.24973039752991988,False
18378,SECURITY STB OF WANAMINGO,2024-06-30,77.45,0.0,0.37055428127470363,False
18378,SECURITY STB OF WANAMINGO,2024-09-30,80.493,0.0,0.2928896263064025,False
18380,FIRST INDEPENDENT BANK,2024-03-31,115.794,0.0,0.6705348781018509,False
18380,FIRST INDEPENDENT BANK,2024-06-30,119.002,0.172,1.0608523334280064,False
18380,FIRST INDEPENDENT BANK,2024-09-30,118.83,0.0,0.7770359322429112,False
18384,NORTHEAST SECURITY BANK,2024-03-31,352.86,0.0,2.0707810631413253,False
18384,NORTHEAST SECURITY BANK,2024-06-30,362.154,22.685,2.822672958407736,False
18384,NORTHEAST SECURITY BANK,2024-09-30,339.469,0.0,1.8705950224743417,False
18385,REGIONAL MISSOURI BANK,2024-03-31,452.922,11.034,2.3887069254140165,False
18385,REGIONAL MISSOURI BANK,2024-06-30,441.888,10.844,2.9227401188666673,False
18385,REGIONAL MISSOURI BANK,2024-09-30,431.044,0.0,1.841234379866248,False
18389,WESTERN COMMERCE BANK,2024-03-31,717.643,46.082,4.478661227941578,False
18389,WESTERN COMMERCE BANK,2024-06-30,671.561,0.0,4.7192493129351,False
18389,WESTERN COMMERCE BANK,2024-09-30,693.29,0.0,3.8568272106387753,False
18394,FARMERS SAVINGS BANK,2024-03-31,118.216,7.119,0.6514275489305117,False
18394,FARMERS SAVINGS BANK,2024-06-30,111.097,0.0,0.7260403775187312,False
18394,FARMERS SAVINGS BANK,2024-09-30,116.388,0.0,0.6234040497184343,False
18400,IOWA TRUST&SAVINGS BANK,2024-03-31,422.614,16.934,2.3340417099271074,False
18400,IOWA TRUST&SAVINGS BANK,2024-06-30,405.68,0.0,3.000999505485312,False
18400,IOWA TRUST&SAVINGS BANK,2024-09-30,418.969,3.263,2.2039719721135356,False
18402,BLACKHAWK BANK&TRUST,2024-03-31,1266.827,0.0,6.471400639107112,False
18402,BLACKHAWK BANK&TRUST,2024-06-30,1336.683,0.0,8.836499550237322,False
18402,BLACKHAWK BANK&TRUST,2024-09-30,1339.384,0.0,6.0810066199540485,False
18408,BANGOR SAVINGS BANK,2024-03-31,5243.296,0.0,19.25925359952288,True
18408,BANGOR SAVINGS BANK,2024-06-30,5353.465,0.0,25.81705008016636,True
18408,BANGOR SAVINGS BANK,2024-09-30,5440.947,0.0,18.42701323438929,True
18409,TD BANK NATIONAL ASSN,2024-03-31,298344.717,8260.79,587.7958914060563,True
18409,TD BANK NATIONAL ASSN,2024-06-30,290083.927,0.0,804.0159573293382,True
18409,TD BANK NATIONAL ASSN,2024-09-30,294569.065,0.0,708.5512384276731,True
18429,MORTON COMMUNITY BANK,2024-03-31,4605.079,0.0,17.891161479358406,True
18429,MORTON COMMUNITY BANK,2024-06-30,4618.184,0.0,24.25666837881876,True
18429,MORTON COMMUNITY BANK,2024-09-30,4654.671,151.48,17.861102335036595,True
18431,FIRST BANK KANSAS,2024-03-31,507.38,6.24,3.1058267667963952,False
18431,FIRST BANK KANSAS,2024-06-30,501.14,5.448,3.7938800420059153,False
18431,FIRST BANK KANSAS,2024-09-30,495.692,0.0,2.8928507958116043,False
18443,CUSB BANK,2024-03-31,614.272,1.853,2.703377819979363,False
18443,CUSB BANK,2024-06-30,612.419,0.0,3.7638928392872457,False
18443,CUSB BANK,2024-09-30,632.439,0.0,2.694054569304702,False
18448,SECURITY STATE BANK,2024-03-31,105.59,0.912,0.8976996799399104,False
18448,SECURITY STATE BANK,2024-06-30,104.678,0.42,1.1806428459427818,False
18448,SECURITY STATE BANK,2024-09-30,104.258,1.34,0.9236724891763807,False
18454,ZAPATA NATIONAL BANK,2024-03-31,76.132,3.193,0.715517199882233,False
18454,ZAPATA NATIONAL BANK,2024-06-30,72.939,0.0,0.7973332615363695,False
18454,ZAPATA NATIONAL BANK,2024-09-30,73.574,0.0,0.6481522920014031,False
18463,HERITAGE BANK,2024-03-31,38.688,1.653,0.1928623366783295,False
18463,HERITAGE BANK,2024-06-30,37.035,1.121,0.24313286252472155,False
18463,HERITAGE BANK,2024-09-30,35.914,0.497,0.19159708355540156,False
18474,FIRST KANSAS BANK,2024-03-31,252.939,10.27,2.001448008198749,False
18474,FIRST KANSAS BANK,2024-06-30,242.669,0.141,2.1554773547346424,False
18474,FIRST KANSAS BANK,2024-09-30,242.528,0.0,1.6209912295665996,False
18483,ANDES STATE BANK,2024-03-31,23.599,0.662,0.12487551589194613,False
18483,ANDES STATE BANK,2024-06-30,22.937,1.439,0.2213681022669193,False
18483,ANDES STATE BANK,2024-09-30,21.498,0.0,0.17022186823054253,False
18489,ADAMS BANK&TRUST,2024-03-31,1147.625,13.318,6.051032350560946,False
18489,ADAMS BANK&TRUST,2024-06-30,1134.307,0.0,7.906080123267619,False
18489,ADAMS BANK&TRUST,2024-09-30,1155.761,4.33,6.046176321926292,False
18503,CATHAY BANK,2024-03-31,19707.315,84.774,47.754106974081715,True
18503,CATHAY BANK,2024-06-30,19622.541,0.0,64.19815037778875,True
18503,CATHAY BANK,2024-09-30,19752.002,215.942,44.739620034655154,True
18508,FIRST SECURITY STATE BANK,2024-03-31,81.885,1.359,0.43673816711808705,False
18508,FIRST SECURITY STATE BANK,2024-06-30,80.526,0.0,0.6223518616434102,False
18508,FIRST SECURITY STATE BANK,2024-09-30,82.035,0.0,0.541782486011268,False
18514,FIRST NEW MEXICO BANK,2024-03-31,222.196,0.0,1.6419181255356439,False
18514,FIRST NEW MEXICO BANK,2024-06-30,224.242,1.62,2.1927370096145378,False
18514,FIRST NEW MEXICO BANK,2024-09-30,222.622,0.0,1.4669202840720514,False
18518,WESTSIDE STATE BANK,2024-03-31,155.555,0.0,0.7157347755227969,False
18518,WESTSIDE STATE BANK,2024-06-30,155.775,0.0,0.9574325716314243,False
18518,WESTSIDE STATE BANK,2024-09-30,162.967,0.0,0.7889315136806669,False
18519,FIRST SERVICE BANK,2024-03-31,606.194,0.0,2.550170051853237,False
18519,FIRST SERVICE BANK,2024-06-30,617.288,0.0,3.5022086583385867,False
18519,FIRST SERVICE BANK,2024-09-30,677.751,7.239,2.8558405912634623,False
18561,SUNRISE BANKS NATIONAL ASSN,2024-03-31,2113.829,0.0,9.000016778035338,False
18561,SUNRISE BANKS NATIONAL ASSN,2024-06-30,2199.95,132.45,12.884964486883375,False
18561,SUNRISE BANKS NATIONAL ASSN,2024-09-30,2067.5,0.0,8.030314350660685,False
18564,FIRST NB OF BROOKFIELD,2024-03-31,267.268,2.678,1.4449433725623226,False
18564,FIRST NB OF BROOKFIELD,2024-06-30,264.59,0.0,1.8242453676289379,False
18564,FIRST NB OF BROOKFIELD,2024-09-30,275.766,0.0,1.3232744737826048,False
18566,PEOPLES BK OF KANKAKEE CNTY,2024-03-31,296.666,6.843,2.723249397479193,False
18566,PEOPLES BK OF KANKAKEE CNTY,2024-06-30,289.823,0.485,3.355693292505724,False
18566,PEOPLES BK OF KANKAKEE CNTY,2024-09-30,289.338,0.0,2.674169273073663,False
18568,COMMUNITY BANK OF EASTON,2024-03-31,28.593,0.0,0.29794615014852693,False
18568,COMMUNITY BANK OF EASTON,2024-06-30,28.872,0.328,0.42892983298894566,False
18568,COMMUNITY BANK OF EASTON,2024-09-30,28.544,0.0,0.33723512953154755,False
18569,PEOPLES STATE BANK,2024-03-31,1125.741,0.0,4.680701198056918,False
18569,PEOPLES STATE BANK,2024-06-30,1165.48,16.047,7.176150281745563,False
18569,PEOPLES STATE BANK,2024-09-30,1149.433,0.0,5.147839492362386,False
18576,BANK OF TEXAS,2024-03-31,394.988,0.0,1.9912283878979522,False
18576,BANK OF TEXAS,2024-06-30,430.834,0.0,3.670015629657201,False
18576,BANK OF TEXAS,2024-09-30,437.723,10.661,2.5073798665091402,False
18584,COMMERCIAL BANK,2024-03-31,521.63,14.414,3.0279226045284826,False
18584,COMMERCIAL BANK,2024-06-30,507.216,0.0,3.7319723226438746,False
18584,COMMERCIAL BANK,2024-09-30,511.323,6.603,2.7664658084017044,False
18592,FIRST BANK OF OWASSO,2024-03-31,479.221,34.533,2.0642767660413397,False
18592,FIRST BANK OF OWASSO,2024-06-30,444.688,8.873,2.498021109207379,False
18592,FIRST BANK OF OWASSO,2024-09-30,435.815,0.0,1.6183279233091412,False
18609,AMERICAN BANK OF COMMERCE,2024-03-31,1301.728,31.529,6.5197401754250945,False
18609,AMERICAN BANK OF COMMERCE,2024-06-30,1270.199,0.0,8.243318496869552,False
18609,AMERICAN BANK OF COMMERCE,2024-09-30,1320.406,0.0,6.511526818608592,False
18610,UNION STATE BANK OF EVEREST,2024-03-31,353.664,2.855,1.7279565972560715,False
18610,UNION STATE BANK OF EVEREST,2024-06-30,350.809,2.722,2.298903123258798,False
18610,UNION STATE BANK OF EVEREST,2024-09-30,348.087,0.0,1.6182960373249702,False
18618,SMBC MANUBANK,2024-03-31,4039.913,0.0,17.443643507077322,True
18618,SMBC MANUBANK,2024-06-30,4530.242,0.0,24.66637409402641,True
18618,SMBC MANUBANK,2024-09-30,4734.556,0.0,18.898648452360113,True
18620,CITIZENS B&T CO OF JACKSON,2024-03-31,183.305,0.717,1.0748618694707595,False
18620,CITIZENS B&T CO OF JACKSON,2024-06-30,182.588,0.0,1.3581673288343428,False
18620,CITIZENS B&T CO OF JACKSON,2024-09-30,183.411,0.0,0.9831825573499342,False
18641,FIRST B&T CO OF ILLINOIS,2024-03-31,185.098,7.312,1.1179242125765783,False
18641,FIRST B&T CO OF ILLINOIS,2024-06-30,177.786,0.0,1.6342109690882967,False
18641,FIRST B&T CO OF ILLINOIS,2024-09-30,178.307,7.693,1.254500523187856,False
18660,CHARTER BANK,2024-03-31,257.081,3.179,1.618939466917672,False
18660,CHARTER BANK,2024-06-30,253.902,0.0,1.9605922582996118,False
18660,CHARTER BANK,2024-09-30,260.984,15.195,1.464209506497814,False
18677,VICTORY BANK,2024-03-31,107.472,0.0,0.6874182878889019,False
18677,VICTORY BANK,2024-06-30,118.259,0.0,1.1766945802410747,False
18677,VICTORY BANK,2024-09-30,135.319,0.0,1.2920376775241498,False
18698,TEXAS STATE BANK,2024-03-31,331.42,0.0,1.9784756585016103,False
18698,TEXAS STATE BANK,2024-06-30,332.887,9.971,2.501528937653861,False
18698,TEXAS STATE BANK,2024-09-30,322.916,0.0,1.805082119529562,False
18710,NORTH VALLEY BANK,2024-03-31,205.948,2.873,1.0337849551327325,False
18710,NORTH VALLEY BANK,2024-06-30,203.075,0.0,1.3143793119704754,False
18710,NORTH VALLEY BANK,2024-09-30,209.808,3.371,0.9849714034788367,False
18714,FIRSTBANK,2024-03-31,24633.975,475.911,76.82404514048811,True
18714,FIRSTBANK,2024-06-30,24158.064,162.432,97.63175172166672,True
18714,FIRSTBANK,2024-09-30,23995.632,0.0,69.32880860806875,True
18719,GRAND TIMBER BANK,2024-03-31,48.565,1.533,0.07773638650370271,False
18719,GRAND TIMBER BANK,2024-06-30,47.032,0.0,0.11871375151871241,False
18719,GRAND TIMBER BANK,2024-09-30,47.985,0.0,0.10714501820530005,False
18724,CITIZENS STATE BANK,2024-03-31,25.045,0.203,0.0,False
18724,CITIZENS STATE BANK,2024-06-30,24.842,0.478,0.0,False
18724,CITIZENS STATE BANK,2024-09-30,24.364,0.595,0.0,False
18734,NEWTEK BANK NATIONAL ASSN,2024-03-31,565.272,0.0,3.444594123683965,False
18734,NEWTEK BANK NATIONAL ASSN,2024-06-30,663.678,0.0,5.463646653259537,False
18734,NEWTEK BANK NATIONAL ASSN,2024-09-30,745.724,0.0,4.224414891691097,False
18740,HEARTLAND BANK,2024-03-31,698.718,18.458,3.499379397278221,False
18740,HEARTLAND BANK,2024-06-30,680.26,21.22,4.474424900641441,False
18740,HEARTLAND BANK,2024-09-30,659.04,0.0,3.0486240388624952,False
18748,BRUNING BANK,2024-03-31,504.382,19.451,2.671850832065009,False
18748,BRUNING BANK,2024-06-30,484.931,0.0,3.387573932676231,False
18748,BRUNING BANK,2024-09-30,498.158,0.0,2.4233151962410417,False
18761,FOUNDATION ONE BANK,2024-03-31,145.454,0.0,0.605095579701325,False
18761,FOUNDATION ONE BANK,2024-06-30,149.231,0.0,0.9281862466461656,False
18761,FOUNDATION ONE BANK,2024-09-30,149.762,3.957,0.677086301917376,False
18780,SUNDOWN STATE BANK,2024-03-31,240.191,13.49,1.1261963839388027,False
18780,SUNDOWN STATE BANK,2024-06-30,226.701,0.0,1.320694568830972,False
18780,SUNDOWN STATE BANK,2024-09-30,234.195,0.0,0.9961284988969589,False
18820,CEDAR RAPIDS STATE BANK,2024-03-31,129.509,0.0,0.5197113484322056,False
18820,CEDAR RAPIDS STATE BANK,2024-06-30,147.013,0.0,0.8414364446545646,False
18820,CEDAR RAPIDS STATE BANK,2024-09-30,150.969,3.151,0.6134596015144819,False
18838,EXCHANGE STATE BANK,2024-03-31,27.779,0.0,0.09686592966856729,False
18838,EXCHANGE STATE BANK,2024-06-30,28.41,1.27,0.13103884962116047,False
18841,PHELPS COUNTY BANK,2024-03-31,412.978,0.0,1.9812427854084993,False
18841,PHELPS COUNTY BANK,2024-06-30,427.544,0.0,2.716055763209477,False
18841,PHELPS COUNTY BANK,2024-09-30,435.51,0.0,1.9088774332525775,False
18856,OKLAHOMA CAPITAL BANK,2024-03-31,124.258,8.202,0.7311644355038398,False
18856,OKLAHOMA CAPITAL BANK,2024-06-30,116.056,0.0,0.9466459074674711,False
18856,OKLAHOMA CAPITAL BANK,2024-09-30,117.128,2.767,0.6813710519657241,False
18858,HOCKING VALLEY BANK,2024-03-31,298.44,0.0,1.7037082791661091,False
18858,HOCKING VALLEY BANK,2024-06-30,298.786,3.603,2.3521542402854676,False
18858,HOCKING VALLEY BANK,2024-09-30,295.183,2.824,1.603475905688358,False
18879,KENNETT TRUST BANK,2024-03-31,109.068,0.861,0.549992350284761,False
18879,KENNETT TRUST BANK,2024-06-30,108.207,0.0,0.7700906541819647,False
18879,KENNETT TRUST BANK,2024-09-30,112.376,0.0,0.5806185680932118,False
18880,FIRST NB OF GILLETTE,2024-03-31,560.808,44.345,5.118946049014846,False
18880,FIRST NB OF GILLETTE,2024-06-30,516.463,0.552,4.8512775497625915,False
18880,FIRST NB OF GILLETTE,2024-09-30,515.911,0.0,3.704623471410378,False
18885,NEIGHBORHOOD NATIONAL BANK,2024-03-31,251.863,0.769,1.435639075117827,False
18885,NEIGHBORHOOD NATIONAL BANK,2024-06-30,251.094,0.0,1.9230423113046289,False
18885,NEIGHBORHOOD NATIONAL BANK,2024-09-30,251.57,0.796,1.3873042588498667,False
18889,COMMUNITY BANK OF TRENTON,2024-03-31,107.267,0.0,0.48963271758922383,False
18889,COMMUNITY BANK OF TRENTON,2024-06-30,107.594,0.961,0.7235161861925484,False
18889,COMMUNITY BANK OF TRENTON,2024-09-30,106.633,0.0,0.5147632167804127,False
18892,KRESS NATIONAL BANK,2024-03-31,48.381,4.392,0.5960896672217207,False
18892,KRESS NATIONAL BANK,2024-06-30,43.989,1.218,0.5512763605116742,False
18892,KRESS NATIONAL BANK,2024-09-30,42.771,0.0,0.43264499841376924,False
18895,FIRST NB OF LAKE JACKSON,2024-03-31,192.225,0.0,2.3978937659962676,False
18895,FIRST NB OF LAKE JACKSON,2024-06-30,207.38,19.08,3.520107223400845,False
18895,FIRST NB OF LAKE JACKSON,2024-09-30,188.3,0.0,2.149960219082878,False
18922,TRI CITY NATIONAL BANK,2024-03-31,1714.133,49.204,9.406957535645118,False
18922,TRI CITY NATIONAL BANK,2024-06-30,1664.929,14.291,11.585630387860485,False
18922,TRI CITY NATIONAL BANK,2024-09-30,1650.638,0.0,8.265870155200838,False
18924,OLD GLORY BANK,2024-03-31,106.292,0.0,4.485873724141082,False
18924,OLD GLORY BANK,2024-06-30,128.767,0.0,6.576409082169825,False
18924,OLD GLORY BANK,2024-09-30,149.415,0.0,6.976938835859005,False
18930,BANK OF BELLE GLADE,2024-03-31,115.078,0.0,1.280181559380251,False
18930,BANK OF BELLE GLADE,2024-06-30,116.905,0.0,1.7542884690384175,False
18930,BANK OF BELLE GLADE,2024-09-30,126.814,0.0,1.4114397592482806,False
18937,ST MARTIN NATIONAL BANK,2024-03-31,24.604,0.0,0.0,False
18937,ST MARTIN NATIONAL BANK,2024-06-30,25.844,0.992,0.02661082909393896,False
18937,ST MARTIN NATIONAL BANK,2024-09-30,24.852,0.76,0.005027292782212602,False
18942,BK SAN JACINTO CNTY COLDSPRI,2024-03-31,38.212,0.0,0.3333162352957707,False
18942,BK SAN JACINTO CNTY COLDSPRI,2024-06-30,40.464,1.317,0.6061030557704152,False
18942,BK SAN JACINTO CNTY COLDSPRI,2024-09-30,39.147,0.294,0.4641631724869368,False
18983,RIVER CITY BANK,2024-03-31,4310.628,0.0,17.924847008731412,True
18983,RIVER CITY BANK,2024-06-30,4480.928,31.449,22.87733787505991,True
18983,RIVER CITY BANK,2024-09-30,4449.479,0.0,14.799178797367988,True
19001,FIRST MIDWEST BANK OF DEXTER,2024-03-31,495.592,10.042,2.215492591975318,False
19001,FIRST MIDWEST BANK OF DEXTER,2024-06-30,485.55,4.605,2.7457824449966806,False
19001,FIRST MIDWEST BANK OF DEXTER,2024-09-30,480.945,0.0,2.209000696456034,False
19008,PARKWAY BANK&TRUST CO,2024-03-31,2770.202,42.86,11.808689484883432,True
19008,PARKWAY BANK&TRUST CO,2024-06-30,2727.342,0.0,16.03722804824025,True
19008,PARKWAY BANK&TRUST CO,2024-09-30,2728.282,0.0,11.364758930017897,True
19011,LEGACY BANK,2024-03-31,265.107,7.226,1.4565564557784771,False
19011,LEGACY BANK,2024-06-30,257.881,0.0,1.8049279709241435,False
19011,LEGACY BANK,2024-09-30,270.883,0.0,1.3236021186272877,False
19024,COMMERCIAL NB OF TEXARKANA,2024-03-31,284.041,3.695,1.518258222527521,False
19024,COMMERCIAL NB OF TEXARKANA,2024-06-30,280.346,0.0,2.017161349059623,False
19024,COMMERCIAL NB OF TEXARKANA,2024-09-30,290.261,0.0,1.5020189313250598,False
19070,FIRST NB OF CLARKSDALE,2024-03-31,345.848,11.554,2.038383961269206,False
19070,FIRST NB OF CLARKSDALE,2024-06-30,334.294,3.261,2.534413658589742,False
19070,FIRST NB OF CLARKSDALE,2024-09-30,331.033,0.0,1.7049867773830447,False
19080,INWOOD NATIONAL BANK,2024-03-31,3550.037,0.0,15.749617866718307,True
19080,INWOOD NATIONAL BANK,2024-06-30,3756.134,0.0,23.869793920374896,True
19080,INWOOD NATIONAL BANK,2024-09-30,3858.978,78.482,18.564034772286305,True
19087,BANK OF LINDSAY,2024-03-31,63.369,1.75,0.17025144332124834,False
19087,BANK OF LINDSAY,2024-06-30,61.619,0.0,0.27518435686517395,False
19087,BANK OF LINDSAY,2024-09-30,65.351,0.0,0.25158744018026596,False
19101,HARFORD BANK,2024-03-31,571.105,0.0,2.9717088482005063,False
19101,HARFORD BANK,2024-06-30,599.119,0.0,4.437487821839647,False
19101,HARFORD BANK,2024-09-30,626.814,0.0,3.6289268159888377,False
19105,PEOPLES BANK OF MACON,2024-03-31,21.953,0.0,0.06636632310452781,False
19105,PEOPLES BANK OF MACON,2024-06-30,22.022,0.0,0.20186599660259447,False
19105,PEOPLES BANK OF MACON,2024-09-30,23.885,3.254,0.27866460645514984,False
19123,FIRST WESTERN BANK&TRUST,2024-03-31,1960.726,44.503,7.167099719360202,False
19123,FIRST WESTERN BANK&TRUST,2024-06-30,1916.223,0.0,9.539304357118453,False
19123,FIRST WESTERN BANK&TRUST,2024-09-30,1924.088,0.0,6.621338116694261,False
19143,UNITED COMMUNITY BANK,2024-03-31,546.503,27.831,2.811916587425575,False
19143,UNITED COMMUNITY BANK,2024-06-30,518.672,3.013,3.4457846513117945,False
19143,UNITED COMMUNITY BANK,2024-09-30,515.659,0.0,2.236706071024567,False
19163,FIRST STATE BANK,2024-03-31,381.852,0.0,1.9017006822663678,False
19163,FIRST STATE BANK,2024-06-30,396.09,0.0,2.5833547393368965,False
19163,FIRST STATE BANK,2024-09-30,416.067,2.879,2.178829778642797,False
19184,HILLTOP NATIONAL BANK,2024-03-31,894.139,1.463,5.448392546504003,False
19184,HILLTOP NATIONAL BANK,2024-06-30,892.676,0.0,7.007587294689589,False
19184,HILLTOP NATIONAL BANK,2024-09-30,975.811,102.675,6.5874576975427885,False
19188,FIRST MINNETONKA CITY BANK,2024-03-31,219.043,7.491,1.3863512760542709,False
19188,FIRST MINNETONKA CITY BANK,2024-06-30,211.552,0.0,1.7913685933757326,False
19212,FIRST MW BANK OF THE OZARKS,2024-03-31,627.563,9.457,2.8987774122349257,False
19212,FIRST MW BANK OF THE OZARKS,2024-06-30,618.106,1.655,3.768229474492036,False
19212,FIRST MW BANK OF THE OZARKS,2024-09-30,616.451,0.0,2.507780954467801,False
19213,SECURITY NB OF OMAHA,2024-03-31,1437.129,93.422,8.471330706355944,False
19213,SECURITY NB OF OMAHA,2024-06-30,1343.707,0.0,8.730868251017371,False
19213,SECURITY NB OF OMAHA,2024-09-30,1450.591,0.0,7.252852151427179,False
19215,BENCHMARK BANK,2024-03-31,995.961,2.517,6.6411113858564494,False
19215,BENCHMARK BANK,2024-06-30,993.444,0.0,8.430717673713605,False
19215,BENCHMARK BANK,2024-09-30,1077.915,0.0,7.281497720782432,False
19220,ANB BANK,2024-03-31,2533.143,105.138,13.500260541635845,True
19220,ANB BANK,2024-06-30,2428.005,0.0,13.993624972574732,True
19220,ANB BANK,2024-09-30,2538.609,0.0,10.671648655791154,True
19222,FREMONT BANK,2024-03-31,5094.966,0.0,20.41596316984965,True
19222,FREMONT BANK,2024-06-30,5104.409,0.0,26.860822017922477,True
19222,FREMONT BANK,2024-09-30,5289.19,109.866,19.196443589004108,True
19230,COMMUNITY NB IN MONMOUTH,2024-03-31,44.667,0.0,0.15818051097032687,False
19230,COMMUNITY NB IN MONMOUTH,2024-06-30,45.752,0.951,0.31391192225833997,False
19230,COMMUNITY NB IN MONMOUTH,2024-09-30,44.801,0.0,0.18685782179685897,False
19234,AMERICAN BANK,2024-03-31,266.641,0.0,1.6412309349924552,False
19234,AMERICAN BANK,2024-06-30,300.997,0.0,2.9838541371577754,False
19234,AMERICAN BANK,2024-09-30,306.97,16.428,2.2361459588752273,False
19254,HERITAGE BANK NATIONAL ASSN,2024-03-31,469.655,41.754,2.9157866095397007,False
19254,HERITAGE BANK NATIONAL ASSN,2024-06-30,427.901,17.355,2.9976297064412663,False
19254,HERITAGE BANK NATIONAL ASSN,2024-09-30,410.546,0.51,1.9933381864477788,False
19274,BANNER CAPITAL BANK,2024-03-31,286.981,0.216,1.308342247543686,False
19274,BANNER CAPITAL BANK,2024-06-30,286.765,0.0,1.7353244418848313,False
19274,BANNER CAPITAL BANK,2024-09-30,313.186,0.0,1.3323555122948367,False
19278,CARMINE STATE BANK,2024-03-31,116.925,0.0,2.041565701612498,False
19278,CARMINE STATE BANK,2024-06-30,116.966,0.0,2.5739772023167093,False
19278,CARMINE STATE BANK,2024-09-30,118.973,0.0,2.0820686737973664,False
19285,LOGAN BANK&TRUST CO,2024-03-31,324.379,1.121,2.3565735286172216,False
19285,LOGAN BANK&TRUST CO,2024-06-30,323.258,0.0,2.906477739566301,False
19285,LOGAN BANK&TRUST CO,2024-09-30,327.371,0.0,2.054804700345254,False
19288,FIRSTAR BANK,2024-03-31,892.234,0.0,4.194984835848747,False
19288,FIRSTAR BANK,2024-06-30,1039.987,107.468,7.926889763065039,False
19288,FIRSTAR BANK,2024-09-30,932.519,63.719,3.9693849645483166,False
19300,AMERICAN NATIONAL BANK,2024-03-31,4299.671,9.595,16.77949826692157,True
19300,AMERICAN NATIONAL BANK,2024-06-30,4290.076,0.0,21.2417537023632,True
19300,AMERICAN NATIONAL BANK,2024-09-30,4463.513,42.593,16.85721678137747,True
19333,REPUBLIC BANK OF CHICAGO,2024-03-31,2261.886,35.203,11.169808136887095,True
19333,REPUBLIC BANK OF CHICAGO,2024-06-30,2226.683,0.0,14.397340191573475,True
19333,REPUBLIC BANK OF CHICAGO,2024-09-30,2311.376,82.549,11.752607070806562,True
19349,FIRST MISSOURI BANK OF SEMO,2024-03-31,176.015,0.0,0.9038637669351649,False
19349,FIRST MISSOURI BANK OF SEMO,2024-06-30,177.306,0.396,1.1141627375620178,False
19349,FIRST MISSOURI BANK OF SEMO,2024-09-30,176.91,3.068,0.8460561276014675,False
19351,BANK OF ESTES PARK,2024-03-31,131.76,5.859,0.8394872426834135,False
19351,BANK OF ESTES PARK,2024-06-30,125.901,0.0,1.03692900772567,False
19351,BANK OF ESTES PARK,2024-09-30,134.931,0.0,0.8447944085938619,False
19354,HODGE BANK&TRUST CO,2024-03-31,83.408,1.385,0.3885189238858654,False
19354,HODGE BANK&TRUST CO,2024-06-30,82.023,1.378,0.5176110581682941,False
19354,HODGE BANK&TRUST CO,2024-09-30,80.645,0.0,0.35611335483150647,False
19358,ROUND TOP STATE BANK,2024-03-31,800.559,7.048,4.216639169792124,False
19358,ROUND TOP STATE BANK,2024-06-30,793.511,0.0,5.5138791087094265,False
19358,ROUND TOP STATE BANK,2024-09-30,797.284,0.0,3.770513153787407,False
19371,RELYANCE BANK,2024-03-31,1175.402,0.0,5.272016755845218,False
19371,RELYANCE BANK,2024-06-30,1196.539,0.0,6.256246900721091,False
19371,RELYANCE BANK,2024-09-30,1217.838,0.0,4.523980924387236,False
19381,PARK STATE BANK&TRUST,2024-03-31,120.956,0.0,0.5344035223419419,False
19381,PARK STATE BANK&TRUST,2024-06-30,124.428,0.0,0.7718239521109149,False
19381,PARK STATE BANK&TRUST,2024-09-30,127.804,1.005,0.5853856233172703,False
19396,UNISON BANK,2024-03-31,495.813,26.117,2.9266637176510315,False
19396,UNISON BANK,2024-06-30,469.696,2.724,3.108633862115454,False
19396,UNISON BANK,2024-09-30,466.972,0.0,2.337720545119955,False
19401,CAPITAL BANK,2024-03-31,529.066,0.0,2.1913250673538527,False
19401,CAPITAL BANK,2024-06-30,533.88,0.0,3.22342860817632,False
19401,CAPITAL BANK,2024-09-30,545.66,0.0,2.196833231154814,False
19416,CTBC BANK CORP USA,2024-03-31,4528.104,0.0,14.40938949218949,True
19416,CTBC BANK CORP USA,2024-06-30,4658.4,135.386,21.60923905034376,True
19416,CTBC BANK CORP USA,2024-09-30,4523.014,70.952,14.478262512957274,True
19420,CITIZENS BANK OF THE SOUTH,2024-03-31,282.757,11.207,1.5472918093530035,False
19420,CITIZENS BANK OF THE SOUTH,2024-06-30,271.55,0.0,1.8005843577405178,False
19420,CITIZENS BANK OF THE SOUTH,2024-09-30,279.808,0.0,1.3984914535777553,False
19434,BAC COMMUNITY BANK,2024-03-31,691.545,20.64,4.113210261561726,False
19434,BAC COMMUNITY BANK,2024-06-30,670.905,0.0,5.176124807399044,False
19434,BAC COMMUNITY BANK,2024-09-30,707.689,9.882,4.233464381652822,False
19440,FIRST FINANCIAL BANK,2024-03-31,219.012,3.162,1.6727185581348083,False
19440,FIRST FINANCIAL BANK,2024-06-30,215.85,0.0,2.124128587560289,False
19440,FIRST FINANCIAL BANK,2024-09-30,217.097,0.0,1.673658067951046,False
19448,BNA BANK,2024-03-31,691.143,18.589,4.054299396726648,False
19448,BNA BANK,2024-06-30,672.554,0.0,4.842422171758296,False
19448,BNA BANK,2024-09-30,676.239,0.0,3.3857824943733674,False
19459,UNITED COMMUNITY BANK,2024-03-31,2995.274,0.0,13.614851600298051,True
19459,UNITED COMMUNITY BANK,2024-06-30,3044.231,0.0,18.01586642452769,True
19459,UNITED COMMUNITY BANK,2024-09-30,3101.417,0.0,12.576231567455341,True
19482,CONSUMERS NATIONAL BANK,2024-03-31,975.292,2.263,4.7711517737473015,False
19482,CONSUMERS NATIONAL BANK,2024-06-30,973.029,0.0,6.169369319237789,False
19482,CONSUMERS NATIONAL BANK,2024-09-30,999.026,1.092,4.544086840951865,False
19502,FIRST NB OF TENNESSEE,2024-03-31,1146.725,1.433,6.617252071795012,False
19502,FIRST NB OF TENNESSEE,2024-06-30,1145.292,0.0,8.400003471094102,False
19502,FIRST NB OF TENNESSEE,2024-09-30,1152.241,0.0,6.6908017667164446,False
19506,BANK OF SPRINGFIELD,2024-03-31,1333.14,0.0,5.391094612633032,False
19506,BANK OF SPRINGFIELD,2024-06-30,1408.678,0.0,8.014040951522386,False
19506,BANK OF SPRINGFIELD,2024-09-30,1477.882,1.234,5.9760999720169075,False
19512,ROYAL BANKS OF MISSOURI,2024-03-31,874.378,0.0,4.547478415269665,False
19512,ROYAL BANKS OF MISSOURI,2024-06-30,878.487,0.0,6.036214952703862,False
19512,ROYAL BANKS OF MISSOURI,2024-09-30,893.064,0.0,4.081642789341824,False
19525,MT MCKINLEY BANK,2024-03-31,539.214,4.034,3.6198174907798255,False
19525,MT MCKINLEY BANK,2024-06-30,535.18,2.231,4.4078844849670515,False
19525,MT MCKINLEY BANK,2024-09-30,532.949,2.738,3.352152994220566,False
19531,MACHIAS SAVINGS BANK,2024-03-31,1943.034,0.0,7.815434482416012,False
19531,MACHIAS SAVINGS BANK,2024-06-30,2007.423,0.0,10.311758303206389,False
19531,MACHIAS SAVINGS BANK,2024-09-30,2115.575,0.0,7.42938631667368,False
19532,SKOWHEGAN SAVINGS BANK,2024-03-31,728.574,19.105,4.217970065956625,False
19532,SKOWHEGAN SAVINGS BANK,2024-06-30,709.469,0.0,5.083779224767991,False
19532,SKOWHEGAN SAVINGS BANK,2024-09-30,721.893,0.0,3.368934500413877,False
19540,PIONEER BANK,2024-03-31,225.705,0.02,1.1878095755178837,False
19540,PIONEER BANK,2024-06-30,225.685,0.0,1.654342365552896,False
19540,PIONEER BANK,2024-09-30,228.449,0.0,1.198992965359025,False
19544,MADISON VALLEY BANK,2024-03-31,229.466,2.562,1.505830307710105,False
19544,MADISON VALLEY BANK,2024-06-30,226.904,0.0,1.9185181189393392,False
19544,MADISON VALLEY BANK,2024-09-30,246.3,11.828,1.659781154990117,False
19559,TEXASBANK,2024-03-31,1867.505,40.871,11.417781045017065,True
19559,TEXASBANK,2024-06-30,1826.634,0.0,13.778222463094501,True
19559,TEXASBANK,2024-09-30,1912.18,0.0,10.687240620546145,True
19573,LAKESIDE BANK,2024-03-31,2225.09,19.694,9.20646165195623,False
19573,LAKESIDE BANK,2024-06-30,2205.396,31.352,11.451251572698954,False
19573,LAKESIDE BANK,2024-09-30,2174.044,0.0,7.77291298843016,False
19581,BELL BANK,2024-03-31,12194.508,214.03,31.72693897113791,True
19581,BELL BANK,2024-06-30,11980.478,0.0,43.77611732556757,True
19581,BELL BANK,2024-09-30,12154.064,0.0,30.413266433635858,True
19589,NORTHERN STB OF VIRGINIA,2024-03-31,85.108,0.237,0.41171339226699166,False
19589,NORTHERN STB OF VIRGINIA,2024-06-30,84.871,0.0,0.5760174959547247,False
19589,NORTHERN STB OF VIRGINIA,2024-09-30,91.182,1.649,0.4850900614560313,False
19590,ALTAMAHA BANK&TRUST CO,2024-03-31,277.734,3.552,1.7150694126118127,False
19590,ALTAMAHA BANK&TRUST CO,2024-06-30,274.182,0.0,2.2117307711818746,False
19590,ALTAMAHA BANK&TRUST CO,2024-09-30,277.686,0.0,1.6401815817079544,False
19595,COMMERCIAL BANK,2024-03-31,98.005,3.713,0.8386498819829503,False
19595,COMMERCIAL BANK,2024-06-30,94.292,1.215,0.9203985234427557,False
19595,COMMERCIAL BANK,2024-09-30,93.077,0.115,0.670370663600482,False
19600,ACADEMY BANK NATIONAL ASSN,2024-03-31,2125.422,0.0,8.212029742229939,False
19600,ACADEMY BANK NATIONAL ASSN,2024-06-30,2151.213,0.0,11.91706750556645,False
19600,ACADEMY BANK NATIONAL ASSN,2024-09-30,2294.603,0.0,9.812374841253279,True
19603,HOMETOWN BANK NATIONAL ASSN,2024-03-31,832.112,0.0,4.763374383670783,False
19603,HOMETOWN BANK NATIONAL ASSN,2024-06-30,835.686,0.0,6.3104663491279975,False
19603,HOMETOWN BANK NATIONAL ASSN,2024-09-30,865.442,0.0,4.502087699751864,False
19608,PARK BANK,2024-03-31,1152.547,0.0,4.3364686977063,False
19608,PARK BANK,2024-06-30,1162.676,18.629,5.895058103596923,False
19608,PARK BANK,2024-09-30,1144.047,0.0,4.10150812999219,False
19629,INTERNATIONAL BK OF COM,2024-03-31,6435.755,34.151,23.517628054885822,True
19629,INTERNATIONAL BK OF COM,2024-06-30,6401.604,5.138,25.692470678352556,True
19629,INTERNATIONAL BK OF COM,2024-09-30,6396.466,10.369,20.143419505451966,True
19638,GUARANTY B&T CO OF DELHI LA,2024-03-31,340.772,4.139,2.351557785014096,False
19638,GUARANTY B&T CO OF DELHI LA,2024-06-30,336.633,0.0,2.935203466204161,False
19638,GUARANTY B&T CO OF DELHI LA,2024-09-30,340.566,0.0,2.054999538956521,False
19644,FIDELITY BANK,2024-03-31,510.532,0.044,3.162301212472398,False
19644,FIDELITY BANK,2024-06-30,510.488,7.236,4.15796190899697,False
19644,FIDELITY BANK,2024-09-30,503.252,0.0,2.891514991016098,False
19674,CITIZENS BANK OF WESTON,2024-03-31,217.136,0.0,1.2289758936627868,False
19674,CITIZENS BANK OF WESTON,2024-06-30,219.835,0.0,1.499003423356387,False
19674,CITIZENS BANK OF WESTON,2024-09-30,240.095,3.518,1.253632202193118,False
19679,CITIZENS BANK OF ADA,2024-03-31,264.405,0.0,1.8056671719562667,False
19679,CITIZENS BANK OF ADA,2024-06-30,264.992,4.322,2.408588957098584,False
19679,CITIZENS BANK OF ADA,2024-09-30,260.67,0.0,1.6229919600482567,False
19680,SECURITY STATE BANK,2024-03-31,50.411,0.0,0.21694664056731142,False
19680,SECURITY STATE BANK,2024-06-30,50.577,0.952,0.342123048494751,False
19680,SECURITY STATE BANK,2024-09-30,49.625,0.0,0.20050564717909508,False
19681,COMMUNITY BK OF PARKERSBURG,2024-03-31,253.408,4.736,1.1389152625822858,False
19681,COMMUNITY BK OF PARKERSBURG,2024-06-30,248.672,0.0,1.5115100467160778,False
19681,COMMUNITY BK OF PARKERSBURG,2024-09-30,249.429,13.913,1.0553270032760385,False
19687,GARDEN PLAIN STATE BANK,2024-03-31,123.875,0.0,1.0749094829650723,False
19687,GARDEN PLAIN STATE BANK,2024-06-30,127.801,0.0,1.5217450675909887,False
19687,GARDEN PLAIN STATE BANK,2024-09-30,127.842,0.0,1.100475341108962,False
19689,STATE BANK OF WHITTINGTON,2024-03-31,158.954,2.648,0.9893350760786891,False
19689,STATE BANK OF WHITTINGTON,2024-06-30,156.306,2.037,1.234494864942121,False
19689,STATE BANK OF WHITTINGTON,2024-09-30,154.269,0.0,0.8735453234730514,False
19690,NORTHEAST BANK,2024-03-31,2249.394,0.0,7.9991191057337545,False
19690,NORTHEAST BANK,2024-06-30,2362.286,0.0,11.501842608306053,False
19690,NORTHEAST BANK,2024-09-30,3161.567,0.0,9.956178671365695,True
19700,VALUEBANK TEXAS,2024-03-31,264.386,0.0,2.5741918177581185,False
19700,VALUEBANK TEXAS,2024-06-30,270.802,6.312,3.5417750251749216,False
19700,VALUEBANK TEXAS,2024-09-30,264.49,5.126,2.379254950494608,False
19716,FIRST CENTRAL STATE BANK,2024-03-31,542.767,0.0,2.7958893677745356,False
19716,FIRST CENTRAL STATE BANK,2024-06-30,554.663,4.147,3.8624157595177824,False
19716,FIRST CENTRAL STATE BANK,2024-09-30,550.516,0.0,2.662377453831386,False
19720,FARMERS STATE BANK,2024-03-31,131.249,2.449,0.6030508002259092,False
19720,FARMERS STATE BANK,2024-06-30,128.8,0.134,0.8001911509759165,False
19720,FARMERS STATE BANK,2024-09-30,128.666,0.0,0.5692411934510879,False
19742,FIRST WESTROADS BANK INC,2024-03-31,282.546,0.0,1.5362457783469678,False
19742,FIRST WESTROADS BANK INC,2024-06-30,283.84,0.0,2.091275472838579,False
19742,FIRST WESTROADS BANK INC,2024-09-30,302.63,0.0,1.6674632044590345,False
19744,CITIZENS B&T CO OF VIVIAN LA,2024-03-31,136.757,0.0,0.9886185744373804,False
19744,CITIZENS B&T CO OF VIVIAN LA,2024-06-30,139.857,0.0,1.298647904834747,False
19744,CITIZENS B&T CO OF VIVIAN LA,2024-09-30,142.357,0.962,0.9611558089896932,False
19749,COMMUNITY STATE BANK,2024-03-31,167.309,0.431,1.0715307145572446,False
19755,SOUTH LAFOURCHE B&T CO,2024-03-31,140.024,5.079,0.6952493105683991,False
19755,SOUTH LAFOURCHE B&T CO,2024-06-30,134.945,0.0,0.8472177056288905,False
19755,SOUTH LAFOURCHE B&T CO,2024-09-30,138.466,0.0,0.6406319181306146,False
19772,INCREDIBLEBANK,2024-03-31,1696.006,0.0,7.255980016798649,False
19772,INCREDIBLEBANK,2024-06-30,1730.843,0.0,9.607854958265854,False
19772,INCREDIBLEBANK,2024-09-30,1741.318,0.0,6.797941514501222,False
19774,KAHOKA STATE BANK,2024-03-31,52.929,3.005,0.3777822038887427,False
19774,KAHOKA STATE BANK,2024-06-30,49.924,3.595,0.42378185588251915,False
19788,PEOPLES BANK,2024-03-31,962.036,0.0,4.785727755748509,False
19788,PEOPLES BANK,2024-06-30,977.918,10.057,6.576410520540619,False
19788,PEOPLES BANK,2024-09-30,967.861,0.0,4.492456179560845,False
19795,ABBYBANK,2024-03-31,534.827,0.0,2.9372489382511753,False
19795,ABBYBANK,2024-06-30,541.169,0.494,3.896636513874751,False
19795,ABBYBANK,2024-09-30,540.675,0.0,2.900338803040634,False
19796,MIDLAND COMMUNITY BANK,2024-03-31,60.525,0.064,0.1818446007608835,False
19796,MIDLAND COMMUNITY BANK,2024-06-30,60.461,2.181,0.28977766972612107,False
19796,MIDLAND COMMUNITY BANK,2024-09-30,58.28,1.554,0.18289739477810105,False
19800,PLAQUEMINE BANK&TRUST CO,2024-03-31,178.639,5.01,1.4157857423321527,False
19800,PLAQUEMINE BANK&TRUST CO,2024-06-30,173.629,2.433,1.762366233595267,False
19800,PLAQUEMINE BANK&TRUST CO,2024-09-30,171.196,0.0,1.2718080971777221,False
19809,HERSHEY STATE BANK,2024-03-31,77.476,0.0,0.29979462400295254,False
19809,HERSHEY STATE BANK,2024-06-30,78.637,0.0,0.37321444879416377,False
19809,HERSHEY STATE BANK,2024-09-30,85.512,0.0,0.34144063722748197,False
19819,SOUTHEAST FIRST NB,2024-03-31,54.092,0.965,0.3749804928654223,False
19819,SOUTHEAST FIRST NB,2024-06-30,53.127,0.0,0.555215358293737,False
19819,SOUTHEAST FIRST NB,2024-09-30,55.318,2.492,0.5617456921866163,False
19827,PIONEER TRUST BANK NA,2024-03-31,568.4,0.0,2.347071342566791,False
19827,PIONEER TRUST BANK NA,2024-06-30,569.756,0.0,3.1592163825756527,False
19827,PIONEER TRUST BANK NA,2024-09-30,590.149,0.0,2.694331595804227,False
19836,FRANKLIN SAVINGS BANK,2024-03-31,501.943,7.34,1.9674522837538364,False
19836,FRANKLIN SAVINGS BANK,2024-06-30,494.603,0.0,2.6576560042557067,False
19836,FRANKLIN SAVINGS BANK,2024-09-30,529.26,0.0,1.8309702535518801,False
19850,WEST GATE BANK,2024-03-31,1099.933,0.0,4.7302006790375595,False
19850,WEST GATE BANK,2024-06-30,1113.273,39.727,6.398227480045131,False
19850,WEST GATE BANK,2024-09-30,1073.546,119.935,4.383754253673638,False
19899,KS STATEBANK,2024-03-31,2010.15,3.53,7.245437875584193,False
19899,KS STATEBANK,2024-06-30,2006.62,0.0,9.520737599994375,False
19899,KS STATEBANK,2024-09-30,2028.208,0.0,6.671557582024751,False
19904,CENTINEL BANK OF TAOS,2024-03-31,391.437,12.059,3.8749623359956664,False
19904,CENTINEL BANK OF TAOS,2024-06-30,379.378,0.0,4.652471186166632,False
19904,CENTINEL BANK OF TAOS,2024-09-30,383.365,0.0,3.7595044706647767,False
19977,ISRAEL DISCOUNT BANK OF NY,2024-03-31,10165.017,40.212,32.00673003204431,True
19977,ISRAEL DISCOUNT BANK OF NY,2024-06-30,10124.805,0.0,42.91794836872948,True
19977,ISRAEL DISCOUNT BANK OF NY,2024-09-30,10895.37,0.0,33.9228358273794,True
19978,PENNSVILLE NATIONAL BANK,2024-03-31,263.731,11.263,2.400394785196366,False
19978,PENNSVILLE NATIONAL BANK,2024-06-30,252.468,1.493,2.6940115061935344,False
19978,PENNSVILLE NATIONAL BANK,2024-09-30,250.975,0.0,2.1414458838652144,False
20015,BESSEMER TRUST CO,2024-03-31,427.484,47.745,2.6116052072307707,False
20015,BESSEMER TRUST CO,2024-06-30,379.739,0.0,3.2931019598205724,False
20015,BESSEMER TRUST CO,2024-09-30,501.839,0.0,5.1422035206376835,False
20026,EASTERN NATIONAL BANK,2024-03-31,158.29,19.188,1.7935285362131361,False
20026,EASTERN NATIONAL BANK,2024-06-30,139.102,8.739,1.7363001331517083,False
20026,EASTERN NATIONAL BANK,2024-09-30,130.363,14.691,1.2256063556649985,False
20093,ALL AMERICA BANK,2024-03-31,568.301,19.88,2.431794839693275,False
20093,ALL AMERICA BANK,2024-06-30,548.421,18.32,3.7349521561404533,False
20093,ALL AMERICA BANK,2024-09-30,530.101,0.0,2.347161862265178,False
20099,TEXAS EXCHANGE BANK,2024-03-31,2251.814,0.0,13.452542679587943,True
20099,TEXAS EXCHANGE BANK,2024-06-30,2410.883,0.0,22.65454428035794,True
20099,TEXAS EXCHANGE BANK,2024-09-30,2550.429,0.0,20.626741434166437,True
20100,TOWER COMMUNITY BANK,2024-03-31,346.225,0.0,1.7905300021822472,False
20100,TOWER COMMUNITY BANK,2024-06-30,347.111,1.556,2.3907330280244774,False
20100,TOWER COMMUNITY BANK,2024-09-30,345.555,6.416,1.8993481065106694,False
20130,BANKFIRST,2024-03-31,645.166,0.0,3.0335409300797505,False
20130,BANKFIRST,2024-06-30,673.225,0.0,4.198500931233503,False
20130,BANKFIRST,2024-09-30,719.091,4.362,3.110786512304057,False
20156,KIRKPATRICK BANK,2024-03-31,905.042,31.566,4.687887161480138,False
20156,KIRKPATRICK BANK,2024-06-30,873.476,41.056,5.812054278214585,False
20156,KIRKPATRICK BANK,2024-09-30,832.42,0.0,3.8540634205139224,False
20161,CITIZENS BANK OF LAS CRUCES,2024-03-31,878.989,0.0,4.109165553334655,False
20161,CITIZENS BANK OF LAS CRUCES,2024-06-30,904.332,0.0,5.769145828925993,False
20161,CITIZENS BANK OF LAS CRUCES,2024-09-30,952.913,14.23,4.986567254257827,False
20162,ASCENT BANK,2024-03-31,85.46,0.0,0.34095613729352947,False
20162,ASCENT BANK,2024-06-30,85.663,0.0,0.4764607907484156,False
20162,ASCENT BANK,2024-09-30,95.786,1.999,0.5149428097983839,False
20164,SUNWEST BANK,2024-03-31,2562.755,0.0,10.143098826955468,True
20164,SUNWEST BANK,2024-06-30,2581.146,0.0,13.450117892224366,True
20164,SUNWEST BANK,2024-09-30,2661.636,0.0,9.537909831842848,True
20179,FIRST INDEPENDENCE BANK,2024-03-31,504.103,32.744,2.8410938280172804,False
20179,FIRST INDEPENDENCE BANK,2024-06-30,471.359,0.0,3.3744142451241212,False
20179,FIRST INDEPENDENCE BANK,2024-09-30,515.502,23.681,2.769500425424183,False
20198,SOUTH GEORGIA BANKING CO,2024-03-31,508.338,23.141,3.341651474245205,False
20198,SOUTH GEORGIA BANKING CO,2024-06-30,485.197,16.541,3.7970274698939983,False
20198,SOUTH GEORGIA BANKING CO,2024-09-30,468.656,0.0,2.4526798306177287,False
20215,BCBANK INC,2024-03-31,189.961,0.0,0.9042840564640892,False
20215,BCBANK INC,2024-06-30,194.169,0.0,1.247144196415418,False
20215,BCBANK INC,2024-09-30,196.395,0.0,0.9053765174141751,False
20231,PINNACLE BANK,2024-03-31,2320.887,14.071,11.426945041783517,True
20231,PINNACLE BANK,2024-06-30,2306.816,0.0,15.565135131058451,True
20231,PINNACLE BANK,2024-09-30,2340.107,0.0,9.735262002864596,True
20234,CITY NB OF FLORIDA,2024-03-31,21061.087,92.242,58.96260444048266,True
20234,CITY NB OF FLORIDA,2024-06-30,20968.845,259.015,77.64401457287974,True
20234,CITY NB OF FLORIDA,2024-09-30,20709.83,0.0,51.452950493120156,True
20239,BANK OF CADIZ&TRUST CO,2024-03-31,136.431,4.884,0.9158678616641293,False
20239,BANK OF CADIZ&TRUST CO,2024-06-30,131.547,0.682,1.1488190183707467,False
20239,BANK OF CADIZ&TRUST CO,2024-09-30,130.865,0.712,0.861427842185922,False
20241,AMERICAN BANK NATIONAL ASSN,2024-03-31,2141.733,0.0,9.72332960180007,False
20241,AMERICAN BANK NATIONAL ASSN,2024-06-30,2267.268,25.299,14.679024287622626,True
20241,AMERICAN BANK NATIONAL ASSN,2024-09-30,2241.969,0.0,10.311969363765023,True
20268,SCALE BANK,2024-03-31,425.946,40.043,2.6140612982810127,False
20268,SCALE BANK,2024-06-30,385.903,0.0,2.136795069141796,False
20268,SCALE BANK,2024-09-30,425.233,11.354,1.993055682466211,False
20279,COMMUNITY STATE BANK,2024-03-31,316.535,0.0,1.7342161020742057,False
20279,COMMUNITY STATE BANK,2024-06-30,317.248,1.732,2.201881407355223,False
20279,COMMUNITY STATE BANK,2024-09-30,315.516,0.0,1.6013786213119614,False
20296,JOHNSON BANK,2024-03-31,5102.708,0.0,16.3814545724588,True
20296,JOHNSON BANK,2024-06-30,5120.337,0.0,22.085591742697407,True
20296,JOHNSON BANK,2024-09-30,5153.691,0.0,15.501556633206636,True
20311,AMERICAN BANK,2024-03-31,545.074,0.917,2.901602623556381,False
20311,AMERICAN BANK,2024-06-30,544.157,0.0,4.022601729113088,False
20311,AMERICAN BANK,2024-09-30,552.536,0.0,2.9368689444693636,False
20353,GULF COAST BANK,2024-03-31,444.604,6.341,2.609385254396069,False
20353,GULF COAST BANK,2024-06-30,438.263,10.665,3.448521785122785,False
20353,GULF COAST BANK,2024-09-30,427.598,0.0,2.1898799743764688,False
20369,HEARTLAND BANK&TRUST CO,2024-03-31,4373.373,38.24,16.670259050895915,True
20369,HEARTLAND BANK&TRUST CO,2024-06-30,4335.133,36.514,21.31774275821148,True
20369,HEARTLAND BANK&TRUST CO,2024-09-30,4298.619,0.0,14.534724365343981,True
20387,BANK OF THE ORIENT,2024-03-31,737.015,0.0,3.699433500923212,False
20387,BANK OF THE ORIENT,2024-06-30,784.78,0.0,5.241402778577808,False
20387,BANK OF THE ORIENT,2024-09-30,814.885,7.4,3.70470571985377,False
20429,LIBERTY BANK,2024-03-31,179.271,0.0,0.9632897306766245,False
20429,LIBERTY BANK,2024-06-30,179.832,0.0,1.261234612698672,False
20429,LIBERTY BANK,2024-09-30,181.503,0.0,0.9116276507383246,False
20454,CITIZENS BANK OF EDINBURG,2024-03-31,27.494,0.494,0.20782902398213138,False
20454,CITIZENS BANK OF EDINBURG,2024-06-30,27.0,0.0,0.3194345524236849,False
20454,CITIZENS BANK OF EDINBURG,2024-09-30,29.449,0.624,0.41114524965104327,False
20468,FIRSTSTATE BANK,2024-03-31,294.3,0.0,2.360173132829723,False
20468,FIRSTSTATE BANK,2024-06-30,297.088,0.0,3.0637897511579695,False
20468,FIRSTSTATE BANK,2024-09-30,299.601,0.0,2.284932872248815,False
20479,FIRST SECURITY BK OF ROUNDUP,2024-03-31,73.238,1.358,0.6183282469759728,False
20479,FIRST SECURITY BK OF ROUNDUP,2024-06-30,71.88,4.461,0.7821946903085208,False
20479,FIRST SECURITY BK OF ROUNDUP,2024-09-30,67.419,0.0,0.5305066021874602,False
20484,BENCHMARK COMMUNITY BANK,2024-03-31,1067.545,0.0,4.8695255370977115,False
20484,BENCHMARK COMMUNITY BANK,2024-06-30,1090.837,3.9,6.632491690721224,False
20484,BENCHMARK COMMUNITY BANK,2024-09-30,1086.937,0.0,4.3632504515536255,False
20488,FIVE POINTS BANK,2024-03-31,1765.845,0.0,9.588200759593118,False
20488,FIVE POINTS BANK,2024-06-30,1787.042,0.0,13.41477227365421,True
20488,FIVE POINTS BANK,2024-09-30,1839.783,0.0,9.129748087462824,False
20504,AMERIS BANK,2024-03-31,21139.865,0.0,49.66017941105274,True
20504,AMERIS BANK,2024-06-30,21574.192,0.0,69.54046137883792,True
20504,AMERIS BANK,2024-09-30,22045.264,180.022,47.62534551988169,True
20537,AMERICAN BANK&TRUST CO,2024-03-31,256.294,5.624,1.8044491598405386,False
20537,AMERICAN BANK&TRUST CO,2024-06-30,250.67,0.0,1.9318044779374877,False
20537,AMERICAN BANK&TRUST CO,2024-09-30,272.673,16.682,1.7872473397710626,False
20568,LUMBEE GUARANTY BANK,2024-03-31,459.487,0.0,3.4393252730795867,False
20568,LUMBEE GUARANTY BANK,2024-06-30,463.145,0.0,4.368848068503845,False
20568,LUMBEE GUARANTY BANK,2024-09-30,466.517,0.418,3.1331658022685716,False
20624,BYLINE BANK,2024-03-31,7378.707,2.013,24.799626084307825,True
20624,BYLINE BANK,2024-06-30,7376.694,0.0,34.09870249691982,True
20624,BYLINE BANK,2024-09-30,7533.256,37.472,22.0611286113792,True
20657,FIRST SECURITY BK DEER LODGE,2024-03-31,66.807,0.0,0.17459024856681923,False
20657,FIRST SECURITY BK DEER LODGE,2024-06-30,74.198,0.0,0.46072382171676723,False
20657,FIRST SECURITY BK DEER LODGE,2024-09-30,77.44,4.536,0.3655757123133595,False
20666,NORTHWEST BANK OF ROCKFORD,2024-03-31,366.725,0.0,1.931779678598775,False
20666,NORTHWEST BANK OF ROCKFORD,2024-06-30,370.562,0.0,2.46204193596261,False
20666,NORTHWEST BANK OF ROCKFORD,2024-09-30,384.354,0.0,1.837405496260687,False
20698,SOUTHERN HERITAGE BANK,2024-03-31,338.034,0.0,1.9131560794182,False
20698,SOUTHERN HERITAGE BANK,2024-06-30,342.357,9.931,2.577736020916809,False
20698,SOUTHERN HERITAGE BANK,2024-09-30,332.426,0.0,1.6075340120479809,False
20720,TENNESSEE STATE BANK,2024-03-31,864.824,21.558,4.556198075304617,False
20720,TENNESSEE STATE BANK,2024-06-30,843.266,0.0,5.675223727599022,False
20720,TENNESSEE STATE BANK,2024-09-30,854.931,14.962,4.0791565581322375,False
20727,DALLAS CAPITAL BANK NA,2024-03-31,837.331,0.0,3.749378642680573,False
20727,DALLAS CAPITAL BANK NA,2024-06-30,903.864,0.0,5.442712361184361,False
20727,DALLAS CAPITAL BANK NA,2024-09-30,984.419,55.694,4.13035259519028,False
20741,PIONEER BANK,2024-03-31,1699.815,95.157,8.634326408415625,False
20741,PIONEER BANK NATIONAL ASSN,2024-06-30,1604.658,0.0,9.632134077531532,False
20741,PIONEER BANK NATIONAL ASSN,2024-09-30,1723.32,84.955,7.668070070161584,False
20776,BORDER BANK,2024-03-31,855.854,7.674,3.569217048722533,False
20776,BORDER BANK,2024-06-30,848.18,0.0,4.682244878942583,False
20776,BORDER BANK,2024-09-30,858.225,0.0,3.437502838851421,False
20818,CITIZENS TRI-COUNTY BANK,2024-03-31,1271.401,0.0,7.848898123167719,False
20818,CITIZENS TRI-COUNTY BANK,2024-06-30,1292.409,0.0,11.18162342139469,False
20818,CITIZENS TRI-COUNTY BANK,2024-09-30,1319.574,0.0,8.20507483671562,False
20845,WALLIS BANK,2024-03-31,1042.46,0.0,5.691184492075784,False
20845,WALLIS BANK,2024-06-30,1107.121,0.0,8.675973764628502,False
20845,WALLIS BANK,2024-09-30,1115.974,28.121,5.947134533578193,False
20856,LIBERTY BANK&TRUST CO,2024-03-31,913.875,0.0,4.870665073859314,False
20856,LIBERTY BANK&TRUST CO,2024-06-30,934.109,0.0,6.886979015028276,False
20856,LIBERTY BANK&TRUST CO,2024-09-30,948.765,9.26,4.691650842735567,False
20872,CITIZENS GUARANTY BANK,2024-03-31,254.761,0.0,1.1945940324126205,False
20872,CITIZENS GUARANTY BANK,2024-06-30,255.055,0.0,1.5919931446176327,False
20872,CITIZENS GUARANTY BANK,2024-09-30,255.9,4.422,1.1241311533806129,False
20884,BANK OF GUAM,2024-03-31,1896.778,54.908,9.132144143074816,False
20884,BANK OF GUAM,2024-06-30,1841.87,0.0,11.269737721810875,False
20884,BANK OF GUAM,2024-09-30,1857.602,23.261,8.475569567982493,False
20954,CITIZENS NATIONAL BANK,2024-03-31,1426.758,0.0,6.59842694695673,False
20954,CITIZENS NATIONAL BANK,2024-06-30,1453.615,0.0,8.960687134566127,False
20954,CITIZENS NATIONAL BANK,2024-09-30,1689.466,0.0,8.274325888371633,False
20989,INDEPENDENCE BANK,2024-03-31,1047.458,0.0,4.880040127895783,False
20989,INDEPENDENCE BANK,2024-06-30,1080.115,0.0,6.236956906948651,False
20989,INDEPENDENCE BANK,2024-09-30,1092.814,6.3,4.331355210263668,False
20993,HARDIN COUNTY BANK,2024-03-31,552.11,22.192,2.8106097055555836,False
20993,HARDIN COUNTY BANK,2024-06-30,529.918,0.0,3.210818236557948,False
20993,HARDIN COUNTY BANK,2024-09-30,540.699,0.0,2.2150666941257153,False
21031,BANK OF TAMPA,2024-03-31,2817.973,160.156,14.484075821174942,True
21031,BANK OF TAMPA,2024-06-30,2657.817,0.0,16.054745485311233,True
21031,BANK OF TAMPA,2024-09-30,2726.949,15.785,12.173603750411473,True
21050,FIRST STB OF THE SOUTH INC,2024-03-31,103.871,0.0,0.5722203080437556,False
21050,FIRST STB OF THE SOUTH INC,2024-06-30,105.632,2.562,0.8413540723387442,False
21050,FIRST STB OF THE SOUTH INC,2024-09-30,103.07,0.0,0.578131334984568,False
21074,TEXAS BANK,2024-03-31,722.144,9.352,3.522159871353797,False
21074,TEXAS BANK,2024-06-30,712.792,0.0,4.28072243430845,False
21074,TEXAS BANK,2024-09-30,748.277,19.526,3.400430065810169,False
21083,UNITED MISSISSIPPI BANK,2024-03-31,364.311,0.003,2.0707765149662065,False
21083,UNITED MISSISSIPPI BANK,2024-06-30,364.308,0.0,2.561363800953518,False
21083,UNITED MISSISSIPPI BANK,2024-09-30,387.314,0.0,1.9335085327781139,False
21085,BANK OF ONTARIO,2024-03-31,65.416,0.0,0.16120299104146277,False
21085,BANK OF ONTARIO,2024-06-30,65.732,0.0,0.26843487068848754,False
21085,BANK OF ONTARIO,2024-09-30,68.449,0.553,0.2220393352901025,False
21121,WESTERN STATE BANK,2024-03-31,639.395,11.814,3.461657861756022,False
21121,WESTERN STATE BANK,2024-06-30,627.581,0.0,4.103542221518091,False
21121,WESTERN STATE BANK,2024-09-30,678.119,0.0,3.28609920960668,False
21161,BANK OF THE BLUEGRASS&TR CO,2024-03-31,305.588,0.0,1.4951852149087668,False
21161,BANK OF THE BLUEGRASS&TR CO,2024-06-30,310.402,0.0,2.240422460653544,False
21161,BANK OF THE BLUEGRASS&TR CO,2024-09-30,323.175,0.0,1.713556679259785,False
21219,BANK OF THE MOUNTAINS INC,2024-03-31,78.028,0.0,0.37272599521606925,False
21219,BANK OF THE MOUNTAINS INC,2024-06-30,79.221,0.415,0.5403832639394163,False
21219,BANK OF THE MOUNTAINS INC,2024-09-30,78.806,0.0,0.4144229519368103,False
21227,CBBC BANK,2024-03-31,421.995,0.0,2.9491297798854355,False
21227,CBBC BANK,2024-06-30,431.727,0.0,4.017020368588097,False
21227,CBBC BANK,2024-09-30,439.692,15.812,2.9932004705489588,False
21247,FIRST KENTUCKY BANK INC,2024-03-31,521.499,10.376,3.0562737212814257,False
21247,FIRST KENTUCKY BANK INC,2024-06-30,511.123,10.324,3.9614063078527573,False
21247,FIRST KENTUCKY BANK INC,2024-09-30,500.799,0.0,2.7303539203779863,False
21255,LAKESIDE BANK OF SALINA,2024-03-31,45.617,0.0,0.10373810101122186,False
21255,LAKESIDE BANK OF SALINA,2024-06-30,46.095,2.866,0.1997956268252632,False
21255,LAKESIDE BANK OF SALINA,2024-09-30,43.229,0.149,0.12817289090964087,False
21265,BRADESCO BANK,2024-03-31,3679.381,0.0,16.137484364002457,True
21265,BRADESCO BANK,2024-06-30,3707.447,0.0,19.551201361317354,True
21265,BRADESCO BANK,2024-09-30,3993.804,0.0,16.000727077524886,True
21284,BANK OF PENSACOLA,2024-03-31,126.858,0.0,0.7867615166568013,False
21284,BANK OF PENSACOLA,2024-06-30,129.334,0.0,1.2142887587904134,False
21284,BANK OF PENSACOLA,2024-09-30,129.592,0.0,0.8884107300767541,False
21292,PEOPLESSOUTH BANK,2024-03-31,1049.989,0.0,5.805356832619774,False
21292,PEOPLESSOUTH BANK,2024-06-30,1058.564,0.0,7.239700007336443,False
21292,PEOPLESSOUTH BANK,2024-09-30,1066.539,14.757,5.009209363775121,False
21329,NBT FINANCIAL BANK,2024-03-31,401.999,0.0,2.0888053144482006,False
21329,NBT FINANCIAL BANK,2024-06-30,421.78,1.958,2.923910181482931,False
21329,NBT FINANCIAL BANK,2024-09-30,419.822,0.0,2.0802971127428718,False
21342,SONATA BANK,2024-03-31,126.002,0.0,0.5277326215848701,False
21342,SONATA BANK,2024-06-30,147.098,0.0,0.85213696410483,False
21342,SONATA BANK,2024-09-30,180.246,0.0,0.7896512636897814,False
21379,FIRST NATURALSTATE BANK,2024-03-31,81.869,0.13,0.3198638037479595,False
21379,FIRST NATURALSTATE BANK,2024-06-30,81.739,0.0,0.44146441310456624,False
21379,FIRST NATURALSTATE BANK,2024-09-30,82.804,1.031,0.3124070929288351,False
21448,HOLLADAY BANK&TRUST,2024-03-31,50.962,1.121,0.2901568874437139,False
21448,HOLLADAY BANK&TRUST,2024-06-30,49.841,0.0,0.44011142241650336,False
21448,HOLLADAY BANK&TRUST,2024-09-30,52.727,0.0,0.4081554802294881,False
21455,FIDELITY BANK OF TEXAS,2024-03-31,90.929,0.0,0.8955990854399944,False
21455,FIDELITY BANK OF TEXAS,2024-06-30,91.753,0.0,1.2170794366312183,False
21455,FIDELITY BANK OF TEXAS,2024-09-30,96.369,0.0,0.7545398316459958,False
21486,CROSSROADS BANK,2024-03-31,190.83,2.858,1.1569268759015159,False
21486,CROSSROADS BANK,2024-06-30,187.972,0.365,1.4660302479577574,False
21486,CROSSROADS BANK,2024-09-30,187.607,0.0,1.077460734347614,False
21525,CORNERSTONE STATE BANK,2024-03-31,207.736,2.532,1.1734983923029256,False
21525,CORNERSTONE STATE BANK,2024-06-30,205.204,0.0,1.5520552052491499,False
21525,CORNERSTONE STATE BANK,2024-09-30,209.722,0.0,1.1554561711365285,False
21526,WEST CENTRAL GEORGIA BANK,2024-03-31,110.797,0.0,0.7349973362117258,False
21526,WEST CENTRAL GEORGIA BANK,2024-06-30,112.799,0.0,1.0219178968860614,False
21526,WEST CENTRAL GEORGIA BANK,2024-09-30,113.26,0.0,0.6643858436290966,False
21529,BANK OF OAK RIDGE,2024-03-31,84.981,0.0,0.47481245863745525,False
21529,BANK OF OAK RIDGE,2024-06-30,87.995,0.0,0.6105256533324773,False
21529,BANK OF OAK RIDGE,2024-09-30,89.056,0.0,0.38992343259512496,False
21557,THREE RIVERS BANK OF MONTANA,2024-03-31,277.049,11.829,1.3371523363741298,False
21557,THREE RIVERS BANK OF MONTANA,2024-06-30,265.22,0.0,1.7250632942424946,False
21557,THREE RIVERS BANK OF MONTANA,2024-09-30,278.576,0.0,1.2374410398199813,False
21567,AMERICAN BANK NATIONAL ASSN,2024-03-31,409.579,0.0,3.029476142724229,False
21567,AMERICAN BANK NATIONAL ASSN,2024-06-30,412.231,0.0,3.7317885935199016,False
21567,AMERICAN BANK NATIONAL ASSN,2024-09-30,449.964,0.0,2.8027753410603427,False
21573,BANK OF TENNESSEE,2024-03-31,1692.418,59.086,6.41049665962835,False
21573,BANK OF TENNESSEE,2024-06-30,1633.332,0.0,8.294123299841969,False
21573,BANK OF TENNESSEE,2024-09-30,1652.319,0.0,5.798267073971206,False
21591,BANK OF GREENE COUNTY,2024-03-31,2573.077,160.771,13.785196941466443,True
21591,BANK OF GREENE COUNTY,2024-06-30,2412.306,0.0,16.333435481611488,True
21591,BANK OF GREENE COUNTY,2024-09-30,2506.649,20.576,12.319022802107098,True
21606,HCN BANK,2024-03-31,856.089,0.0,4.532084328272415,False
21606,HCN BANK,2024-06-30,935.894,30.17,7.85388354562392,False
21606,HCN BANK,2024-09-30,905.724,78.151,5.460945880049798,False
21635,BANK OF BOURBONNAIS,2024-03-31,62.978,0.0,0.28807538519561154,False
21635,BANK OF BOURBONNAIS,2024-06-30,64.922,0.0,0.4889886557530062,False
21635,BANK OF BOURBONNAIS,2024-09-30,64.962,0.955,0.3035252410525537,False
21692,PEOPLES BANK OF GRACEVILLE,2024-03-31,113.776,2.626,0.9266238467946712,False
21692,PEOPLES BANK OF GRACEVILLE,2024-06-30,111.15,1.577,1.1589598787896298,False
21692,PEOPLES BANK OF GRACEVILLE,2024-09-30,109.573,3.353,0.8928459552054424,False
21693,LAKESIDE BANK,2024-03-31,278.519,5.733,3.743169858594763,False
21693,LAKESIDE BANK,2024-06-30,272.786,0.0,4.71467698029995,False
21693,LAKESIDE BANK,2024-09-30,280.966,40.227,2.790434478005664,False
21714,PREMIER BANK,2024-03-31,923.949,0.406,4.400300163220471,False
21714,PREMIER BANK,2024-06-30,923.543,0.0,5.581953633221584,False
21714,PREMIER BANK,2024-09-30,933.612,0.0,3.973510186255299,False
21716,CITIZENS BUSINESS BANK,2024-03-31,11943.928,103.906,42.4060670278471,True
21716,CITIZENS BUSINESS BANK,2024-06-30,11840.022,0.0,55.12131339007212,True
21716,CITIZENS BUSINESS BANK,2024-09-30,12122.295,117.537,36.35232968276794,True
21721,HERITAGE BANK OF SCHAUMBURG,2024-03-31,120.367,0.0,0.8398383482827827,False
21721,HERITAGE BANK OF SCHAUMBURG,2024-06-30,121.845,0.697,1.2399296014853725,False
21721,HERITAGE BANK OF SCHAUMBURG,2024-09-30,121.148,0.0,0.8946429926767577,False
21728,FARMERS&MERCHANTS STATE BANK,2024-03-31,109.109,0.692,0.5820534897118858,False
21728,FARMERS&MERCHANTS STATE BANK,2024-06-30,108.417,3.877,0.805410283455936,False
21728,FARMERS&MERCHANTS STATE BANK,2024-09-30,104.54,0.0,0.5929797257350075,False
21752,FIRST STATE BANK,2024-03-31,69.99,1.88,0.48469213991264226,False
21752,FIRST STATE BANK,2024-06-30,68.11,0.0,0.6497676669052913,False
21752,FIRST STATE BANK,2024-09-30,68.809,0.0,0.45685495921461133,False
21784,FIRST PORT CITY BANK,2024-03-31,472.442,0.0,2.7496904822448602,False
21784,FIRST PORT CITY BANK,2024-06-30,498.174,0.0,4.075716802442049,False
21784,FIRST PORT CITY BANK,2024-09-30,500.544,0.0,2.354026009178289,False
21805,FIRST STATE BANK OF DEQUEEN,2024-03-31,308.952,0.0,1.8008297373078377,False
21805,FIRST STATE BANK OF DEQUEEN,2024-06-30,330.481,0.0,2.7558296096198776,False
21805,FIRST STATE BANK OF DEQUEEN,2024-09-30,353.829,0.0,2.1520280642943925,False
21807,LOVELADY STATE BANK,2024-03-31,42.406,0.0,0.2932193314206939,False
21807,LOVELADY STATE BANK,2024-06-30,43.48,0.0,0.5238030572223314,False
21807,LOVELADY STATE BANK,2024-09-30,46.062,0.618,0.5212977803666701,False
21843,MIZUHO BANK USA,2024-03-31,4656.103,0.0,41.69996437298861,True
21843,MIZUHO BANK USA,2024-06-30,4717.395,0.0,56.50875023457994,True
21843,MIZUHO BANK USA,2024-09-30,5232.345,0.0,56.632247061900514,True
21848,QUAIL CREEK BANK,2024-03-31,703.792,0.0,3.4175913164778113,False
21848,QUAIL CREEK BANK,2024-06-30,724.165,16.986,4.936604959986548,False
21848,QUAIL CREEK BANK,2024-09-30,707.179,3.205,3.218049735157975,False
21868,BESSEMER TRUST CO NA,2024-03-31,1820.252,15.515,13.680827263804488,True
21868,BESSEMER TRUST CO NA,2024-06-30,1804.737,0.0,16.763542643258543,True
21868,BESSEMER TRUST CO NA,2024-09-30,2362.66,0.0,20.161304535331336,True
21874,FIRST PEOPLES BANK OF TN,2024-03-31,189.607,2.231,1.0725446660648807,False
21874,FIRST PEOPLES BANK OF TN,2024-06-30,187.376,5.241,1.4003321454133963,False
21874,FIRST PEOPLES BANK OF TN,2024-09-30,182.135,0.0,0.9774763092863293,False
21883,TRUPOINT BANK,2024-03-31,460.532,3.851,2.5778030473810625,False
21883,TRUPOINT BANK,2024-06-30,456.681,19.977,3.418346011825305,False
21883,TRUPOINT BANK,2024-09-30,436.704,0.0,2.3963582811484314,False
21897,BANK STAR,2024-03-31,170.585,0.0,0.8229862897529366,False
21897,BANK STAR,2024-06-30,172.34,0.474,1.129007168169706,False
21897,BANK STAR,2024-09-30,171.866,0.666,0.8121636738788841,False
21906,PRIORITYONE BANK,2024-03-31,967.963,5.128,4.115132862345542,False
21906,PRIORITYONE BANK,2024-06-30,962.835,8.001,5.428902565737619,False
21906,PRIORITYONE BANK,2024-09-30,954.834,10.203,3.6659722756478437,False
21928,KIRKWOOD BANK&TRUST CO,2024-03-31,300.98,0.0,2.0559069142439106,False
21928,KIRKWOOD BANK&TRUST CO,2024-06-30,301.249,4.109,2.6954113976247633,False
21928,KIRKWOOD BANK&TRUST CO,2024-09-30,297.14,0.0,1.8947381579193086,False
21943,TRI COUNTIES BANK,2024-03-31,7998.031,0.0,24.01776815107902,True
21943,TRI COUNTIES BANK,2024-06-30,8062.061,14.903,33.37066427366316,True
21943,TRI COUNTIES BANK,2024-09-30,8047.158,0.0,23.590740364228,True
21955,STRYV BANK,2024-03-31,195.014,0.0,0.8891189938703025,False
21955,STRYV BANK,2024-06-30,211.978,0.0,1.350976861058254,False
21955,STRYV BANK,2024-09-30,214.596,1.449,0.9524211624764524,False
21956,MONTECITO BANK&TRUST,2024-03-31,1780.019,0.0,8.263999563737965,False
21956,MONTECITO BANK&TRUST,2024-06-30,1802.015,7.225,11.09052140130515,False
21956,MONTECITO BANK&TRUST,2024-09-30,1794.79,0.0,7.781380697188647,False
21978,FRONTIER STATE BANK,2024-03-31,485.143,36.093,2.579371856139729,False
21978,FRONTIER STATE BANK,2024-06-30,449.05,0.0,2.883251520977927,False
21978,FRONTIER STATE BANK,2024-09-30,470.03,14.814,2.1545720428884434,False
21988,COMMUNITY STB OF ROCK FALLS,2024-03-31,297.945,4.412,1.9080466844582358,False
21988,COMMUNITY STB OF ROCK FALLS,2024-06-30,293.533,6.581,2.357891302234709,False
21988,COMMUNITY STB OF ROCK FALLS,2024-09-30,286.952,0.0,1.5375604771943012,False
21998,COVINGTON COUNTY BANK,2024-03-31,82.357,0.0,0.4094652672450591,False
21998,COVINGTON COUNTY BANK,2024-06-30,85.565,0.0,0.6574386424378139,False
21998,COVINGTON COUNTY BANK,2024-09-30,87.594,1.396,0.5041935750444093,False
22015,ANDREW JOHNSON BANK,2024-03-31,525.072,1.55,2.7152774932521138,False
22015,ANDREW JOHNSON BANK,2024-06-30,523.522,0.0,3.516666749976188,False
22015,ANDREW JOHNSON BANK,2024-09-30,530.399,9.544,2.583852947289694,False
22020,INSOUTH BANK,2024-03-31,464.752,2.029,2.2032384776065634,False
22020,INSOUTH BANK,2024-06-30,462.723,0.0,2.9575826185317147,False
22020,INSOUTH BANK,2024-09-30,465.252,0.0,2.0937795006836604,False
22046,FIRST NATIONAL BANK USA,2024-03-31,169.001,0.0,1.4365122561600605,False
22046,FIRST NATIONAL BANK USA,2024-06-30,173.648,0.0,1.9909325468290142,False
22046,FIRST NATIONAL BANK USA,2024-09-30,173.991,0.0,1.482096113658384,False
22065,GRAND BANK,2024-03-31,522.87,0.0,2.531038249397528,False
22065,GRAND BANK,2024-06-30,541.188,0.0,3.4696822367221767,False
22065,GRAND BANK,2024-09-30,554.605,3.907,2.426176963304103,False
22070,JOHNSON COUNTY BANK,2024-03-31,122.122,0.0,0.6071288854820363,False
22081,MAGNOLIA STATE BANK,2024-03-31,410.422,0.0,1.9714587192259616,False
22081,MAGNOLIA STATE BANK,2024-06-30,418.147,7.003,2.7013270333701294,False
22081,MAGNOLIA STATE BANK,2024-09-30,411.144,6.156,1.8020536888206045,False
22086,MAIN BANK,2024-03-31,209.126,0.0,0.9960930291275036,False
22086,MAIN BANK,2024-06-30,209.861,2.649,1.3473337408883885,False
22086,MAIN BANK,2024-09-30,207.212,2.135,0.9899787887675968,False
22090,COFFEE COUNTY BANK,2024-03-31,298.707,6.912,1.49373597348305,False
22090,COFFEE COUNTY BANK,2024-06-30,291.795,0.0,1.9127599277791085,False
22090,COFFEE COUNTY BANK,2024-09-30,325.38,3.164,1.5351078267930904,False
22092,FIRST NATIONAL CMTY BANK,2024-03-31,530.053,0.0,3.1407304038977006,False
22092,FIRST NATIONAL CMTY BANK,2024-06-30,565.445,27.08,4.856183979984252,False
22092,FIRST NATIONAL CMTY BANK,2024-09-30,538.365,0.0,2.8863221640157914,False
22134,CACHE VALLEY BANK,2024-03-31,2548.89,0.0,9.98063564309615,True
22134,CACHE VALLEY BANK,2024-06-30,2565.445,0.0,13.5205294705564,True
22134,CACHE VALLEY BANK,2024-09-30,2769.455,0.0,11.766095998579225,True
22138,RABUN COUNTY BANK,2024-03-31,266.199,0.0,2.7642882765959538,False
22138,RABUN COUNTY BANK,2024-06-30,268.918,0.0,3.661470329902941,False
22138,RABUN COUNTY BANK,2024-09-30,317.782,22.038,3.821156827535957,False
22139,PROGRESSIVE BANK,2024-03-31,673.102,0.0,4.684832124177496,False
22139,PROGRESSIVE BANK,2024-06-30,680.685,0.0,6.680635780048874,False
22139,PROGRESSIVE BANK,2024-09-30,690.234,4.099,4.923475075956149,False
22180,UNITED BANKERS BANK,2024-03-31,687.608,60.488,4.333642157859406,False
22180,UNITED BANKERS BANK,2024-06-30,627.12,0.0,4.438447558199185,False
22180,UNITED BANKERS BANK,2024-09-30,653.02,0.0,4.178411304068627,False
22205,BARWICK BANKING CO,2024-03-31,403.881,0.0,2.0345064307974443,False
22205,BARWICK BANKING CO,2024-06-30,454.971,0.0,3.242232279550745,False
22205,BARWICK BANKING CO,2024-09-30,479.111,0.0,2.56644125158183,False
22229,COMMONWEALTH NATIONAL BANK,2024-03-31,58.717,0.0,0.43845410922940403,False
22229,COMMONWEALTH NATIONAL BANK,2024-06-30,59.913,0.574,0.6548655452800881,False
22229,COMMONWEALTH NATIONAL BANK,2024-09-30,59.339,1.24,0.5325426005680238,False
22242,UNION BANK&TRUST CO,2024-03-31,174.241,9.2,1.7701169959117748,False
22242,UNION BANK&TRUST CO,2024-06-30,165.041,0.0,2.034565791370138,False
22242,UNION BANK&TRUST CO,2024-09-30,178.217,10.131,1.9284618940080398,False
22257,COLONY BANK,2024-03-31,2550.264,65.97,10.82887302330888,True
22257,COLONY BANK,2024-06-30,2484.294,0.0,13.894717387074762,True
22257,COLONY BANK,2024-09-30,2558.6,0.0,10.52313007016394,True
22263,AMERICAN STB OF GRYGLA,2024-03-31,68.228,0.493,0.4574388394394864,False
22263,AMERICAN STB OF GRYGLA,2024-06-30,67.735,0.0,0.5914171621064558,False
22263,AMERICAN STB OF GRYGLA,2024-09-30,69.163,0.0,0.5185618349260923,False
22271,FIRST NATIONAL BANK,2024-03-31,311.997,14.438,1.990595046761961,False
22271,FIRST NATIONAL BANK,2024-06-30,297.559,2.387,2.5411020892534664,False
22271,FIRST NATIONAL BANK,2024-09-30,295.172,0.0,1.8142933084818142,False
22273,BANK OF MINGO,2024-03-31,116.965,0.0,0.4437278537369089,False
22273,BANK OF MINGO,2024-06-30,117.339,0.0,0.6386411078925582,False
22273,BANK OF MINGO,2024-09-30,118.363,0.0,0.44908960440523266,False
22282,FIRST NATIONS BANK,2024-03-31,425.612,0.0,2.3648065939469345,False
22282,FIRST NATIONS BANK,2024-06-30,436.484,1.432,3.2455383821578243,False
22282,FIRST NATIONS BANK,2024-09-30,435.052,0.0,2.3178373105947925,False
22308,WEST MICHIGAN COMMUNITY BANK,2024-03-31,817.801,0.0,3.2603828157638386,False
22308,WEST MICHIGAN COMMUNITY BANK,2024-06-30,865.507,0.0,4.649862711579409,False
22308,WEST MICHIGAN COMMUNITY BANK,2024-09-30,884.53,0.0,3.2952969613848397,False
22319,LEGACY BANK&TRUST CO,2024-03-31,1458.351,1.014,6.575798751171102,False
22319,LEGACY BANK&TRUST CO,2024-06-30,1457.337,0.0,7.9129012945849135,False
22319,LEGACY BANK&TRUST CO,2024-09-30,1502.192,0.0,5.400200476986235,False
22334,ONE COMMUNITY BANK,2024-03-31,1636.192,0.0,5.753684089504841,False
22334,ONE COMMUNITY BANK,2024-06-30,1637.526,0.0,7.819520488732393,False
22334,ONE COMMUNITY BANK,2024-09-30,1682.681,0.0,5.633645789477137,False
22340,BANK OF THE PANHANDLE,2024-03-31,194.82,0.0,1.251324493281005,False
22340,PANHANDLE FIRST BANK,2024-06-30,418.528,0.0,2.6580797777089256,False
22340,PANHANDLE FIRST BANK,2024-09-30,430.862,0.0,2.037931271738869,False
22354,COMMERCIAL BANK,2024-03-31,1604.95,0.0,6.752642469291542,False
22354,COMMERCIAL BANK,2024-06-30,1608.022,0.0,9.086571932717886,False
22354,COMMERCIAL BANK,2024-09-30,1894.301,0.0,7.19177019472142,False
22355,PINNACLE BANK INC,2024-03-31,40.076,0.0,0.07717322216038322,False
22355,PINNACLE BANK INC,2024-06-30,40.763,0.242,0.11903224972151705,False
22355,PINNACLE BANK INC,2024-09-30,40.521,0.0,0.12258722473711345,False
22358,CITIZENS BANK,2024-03-31,104.636,0.0,0.8214992824472923,False
22358,CITIZENS BANK,2024-06-30,105.981,0.0,1.0950317369949627,False
22358,CITIZENS BANK,2024-09-30,108.024,0.0,0.8282934584668165,False
22366,GBC INTERNATIONAL BANK,2024-03-31,464.75,0.0,2.821910404250826,False
22366,GBC INTERNATIONAL BANK,2024-06-30,482.838,0.0,3.3626446999908524,False
22366,GBC INTERNATIONAL BANK,2024-09-30,514.075,0.0,3.2305291846817594,False
22373,AMERICAN NATIONAL BANK&TRUST,2024-03-31,1930.586,0.0,9.980926835978508,True
22373,AMERICAN NATIONAL BANK&TRUST,2024-06-30,1934.984,0.0,11.873917975902774,False
22373,AMERICAN NATIONAL BANK&TRUST,2024-09-30,2009.146,0.0,8.922305247140361,False
22381,ANAHUAC NATIONAL BANK,2024-03-31,267.624,46.915,2.521707433033339,False
22381,ANAHUAC NATIONAL BANK,2024-06-30,220.709,1.286,2.233670668884541,False
22381,ANAHUAC NATIONAL BANK,2024-09-30,219.423,0.0,1.625208727058297,False
22394,PEOPLES COMMUNITY BANK,2024-03-31,559.381,0.0,2.8167370719965565,False
22394,PEOPLES COMMUNITY BANK,2024-06-30,578.811,11.157,4.146390940011779,False
22394,PEOPLES COMMUNITY BANK,2024-09-30,567.654,0.0,2.494960523200064,False
22396,CENTRAL NATIONAL BANK,2024-03-31,1066.869,14.707,4.790645127795959,False
22396,CENTRAL NATIONAL BANK,2024-06-30,1052.162,0.0,6.111989205346305,False
22396,CENTRAL NATIONAL BANK,2024-09-30,1170.151,16.526,5.854060764356378,False
22398,MODERN BANK NATIONAL ASSN,2024-03-31,801.016,108.167,5.666957681291538,False
22398,MODERN BANK NATIONAL ASSN,2024-06-30,692.849,50.788,5.703937161667872,False
22398,MODERN BANK NATIONAL ASSN,2024-09-30,642.061,27.941,3.8863125239005822,False
22430,WASHITA STATE BANK,2024-03-31,44.708,0.0,0.3443381425734772,False
22430,WASHITA STATE BANK,2024-06-30,46.377,9.246,0.6207327698233092,False
22430,WASHITA STATE BANK,2024-09-30,37.131,2.029,0.16291183350072244,False
22434,BANKCHAMPAIGN NATIONAL ASSN,2024-03-31,172.292,1.32,0.8252677321560395,False
22434,BANKCHAMPAIGN NATIONAL ASSN,2024-06-30,170.972,0.0,1.1202456235418043,False
22434,BANKCHAMPAIGN NATIONAL ASSN,2024-09-30,180.789,0.0,0.8901243213628093,False
22447,WRAY STATE BANK,2024-03-31,224.01,0.0,1.2018122032636793,False
22447,WRAY STATE BANK,2024-06-30,234.575,4.316,1.6944997330584894,False
22447,WRAY STATE BANK,2024-09-30,230.259,0.0,1.1054268622941343,False
22448,FIRST STATE BANK,2024-03-31,71.527,0.0,0.3023300474682569,False
22448,FIRST STATE BANK,2024-06-30,72.27,0.0,0.42592332249066395,False
22448,FIRST STATE BANK,2024-09-30,76.105,0.0,0.36599873160456375,False
22451,VOLUNTEER STATE BANK,2024-03-31,911.604,2.899,4.231862029299668,False
22451,VOLUNTEER STATE BANK,2024-06-30,908.705,0.0,5.520553090999922,False
22451,VOLUNTEER STATE BANK,2024-09-30,1364.811,33.492,5.350936445515728,False
22460,MONTEREY COUNTY BANK,2024-03-31,166.507,1.828,1.4499398216801922,False
22460,MONTEREY COUNTY BANK,2024-06-30,164.679,0.0,1.800179873360153,False
22460,MONTEREY COUNTY BANK,2024-09-30,172.028,0.0,1.6363414378646428,False
22502,FIRST CITIZENS BANK OF BUTTE,2024-03-31,59.56,4.91,0.650883347771601,False
22502,FIRST CITIZENS BANK OF BUTTE,2024-06-30,54.65,0.747,0.6708413106484988,False
22502,FIRST CITIZENS BANK OF BUTTE,2024-09-30,53.903,1.331,0.5485975323703115,False
22514,UTAH INDEPENDENT BANK,2024-03-31,122.457,0.425,0.6228928283835176,False
22514,UTAH INDEPENDENT BANK,2024-06-30,122.032,0.0,0.8285728789504122,False
22514,UTAH INDEPENDENT BANK,2024-09-30,127.298,0.0,0.6514810672943084,False
22526,SPRING HILL STATE BANK,2024-03-31,193.594,0.0,1.1466961428786882,False
22526,SPRING HILL STATE BANK,2024-06-30,198.238,0.0,1.7227166720102558,False
22526,SPRING HILL STATE BANK,2024-09-30,199.856,3.177,1.2768948305237453,False
22536,FIRST SECURE BANK&TRUST CO,2024-03-31,331.191,3.604,1.8628264143075524,False
22536,FIRST SECURE BANK&TRUST CO,2024-06-30,327.587,0.0,2.5110630972277406,False
22536,FIRST SECURE BANK&TRUST CO,2024-09-30,332.75,0.0,1.8001522663550709,False
22537,PEOPLES BANK OF ALABAMA,2024-03-31,1196.365,0.0,6.820828028369108,False
22537,PEOPLES BANK OF ALABAMA,2024-06-30,1209.594,0.0,9.831678896394727,False
22537,PEOPLES BANK OF ALABAMA,2024-09-30,1213.609,0.0,7.018697170108583,False
22549,FIRST PROGRESSIVE BANK,2024-03-31,24.887,0.59,0.017404527396150376,False
22549,FIRST PROGRESSIVE BANK,2024-06-30,24.297,0.271,0.04574012797385023,False
22549,FIRST PROGRESSIVE BANK,2024-09-30,24.026,0.148,0.05473784889943617,False
22551,FIRST TEXAS BANK,2024-03-31,372.283,20.474,3.0006118338997867,False
22551,FIRST TEXAS BANK,2024-06-30,351.809,0.0,3.3595135309594437,False
22559,BRAVERA BANK,2024-03-31,2872.775,17.202,11.23744564072673,True
22559,BRAVERA BANK,2024-06-30,2855.573,12.836,14.686978859727141,True
22559,BRAVERA BANK,2024-09-30,2842.737,0.0,9.95953017697521,True
22567,COMMUNITY STATE BANK,2024-03-31,86.607,3.149,0.5429792088504011,False
22567,COMMUNITY STATE BANK,2024-06-30,83.458,0.0,0.6117664087006741,False
22567,COMMUNITY STATE BANK,2024-09-30,85.351,0.0,0.4569421239841019,False
22578,BRIGHTON BANK,2024-03-31,255.078,4.393,1.579103541310082,False
22578,BRIGHTON BANK,2024-06-30,250.685,0.0,2.13711515235086,False
22578,BRIGHTON BANK,2024-09-30,266.613,0.0,1.8425452746506659,False
22597,BANK OF THE SIERRA,2024-03-31,2871.575,0.0,11.93231825910649,True
22597,BANK OF THE SIERRA,2024-06-30,2958.225,0.0,16.876514465682824,True
22597,BANK OF THE SIERRA,2024-09-30,2967.229,62.494,11.313116469539755,True
22598,FLORA BANK&TRUST,2024-03-31,104.912,0.0,0.7252663245717569,False
22598,FLORA BANK&TRUST,2024-06-30,108.966,0.0,1.090217264312534,False
22598,FLORA BANK&TRUST,2024-09-30,111.816,0.746,0.8150249533399893,False
22600,VALLEY BANK OF COMMERCE,2024-03-31,237.598,11.274,2.6657805531910235,False
22600,VALLEY BANK OF COMMERCE,2024-06-30,226.324,0.0,3.289426890563444,False
22600,VALLEY BANK OF COMMERCE,2024-09-30,228.736,0.0,2.5211814975666487,False
22601,CITIZENS BANK,2024-03-31,172.2,6.893,0.8948219425429311,False
22601,CITIZENS BANK,2024-06-30,165.307,0.0,1.0360233869426965,False
22601,CITIZENS BANK,2024-09-30,169.105,2.155,0.8094783926783501,False
22621,TOWN COUNTRY UNITED BANK,2024-03-31,95.1,3.26,0.47920652525959156,False
22636,COMMUNITY BANK OF MARSHALL,2024-03-31,215.275,0.0,1.8386550823659127,False
22636,COMMUNITY BANK OF MARSHALL,2024-06-30,215.749,6.43,2.305865982329172,False
22636,COMMUNITY BANK OF MARSHALL,2024-09-30,209.319,0.0,1.4609366392343237,False
22639,BANK OF COMMERCE,2024-03-31,176.609,1.692,1.1485504755683074,False
22639,BANK OF COMMERCE,2024-06-30,174.917,0.0,1.4845480190181195,False
22639,BANK OF COMMERCE,2024-09-30,176.864,0.0,1.0580374734857507,False
22653,GREEN DOT BK DBA BONNEVILLE,2024-03-31,3973.12,0.0,45.30584630063949,True
22653,GREEN DOT BK DBA BONNEVILLE,2024-06-30,4434.788,192.586,64.12775764678307,True
22653,GREEN DOT BK DBA BONNEVILLE,2024-09-30,4242.202,0.0,53.21454290393538,True
22657,CITIZENS STATE BANK,2024-03-31,75.209,2.905,0.3835132173436478,False
22657,CITIZENS STATE BANK,2024-06-30,72.304,3.232,0.5879355181877308,False
22657,CITIZENS STATE BANK,2024-09-30,69.072,0.65,0.3999357159877531,False
22669,NEVADA BANK&TRUST CO,2024-03-31,173.61,0.108,1.2326109263398661,False
22669,NEVADA BANK&TRUST CO,2024-06-30,173.502,0.0,1.6399202853706722,False
22669,NEVADA BANK&TRUST CO,2024-09-30,173.94,0.0,1.2178781436000523,False
22717,CITIZENS B&T CO OF ARDMORE,2024-03-31,268.726,3.277,1.6609033205417263,False
22717,CITIZENS B&T CO OF ARDMORE,2024-06-30,265.449,3.904,2.165586976094546,False
22717,CITIZENS B&T CO OF ARDMORE,2024-09-30,261.545,0.0,1.5200577756121951,False
22738,FIRST UTAH BANK,2024-03-31,566.591,0.0,2.701723264312128,False
22738,FIRST UTAH BANK,2024-06-30,625.431,0.0,4.108598218457491,False
22738,FIRST UTAH BANK,2024-09-30,688.802,0.0,3.1056962437456392,False
22739,BANK OF ST FRANCISVILLE,2024-03-31,295.306,0.0,2.145296226113868,False
22739,BANK OF ST FRANCISVILLE,2024-06-30,296.514,0.0,2.6398821232428347,False
22739,BANK OF ST FRANCISVILLE,2024-09-30,312.13,0.0,2.083413708091967,False
22756,PEOPLES B&T CO PICKETT CNTY,2024-03-31,247.072,0.0,1.1979911644078691,False
22756,PEOPLES B&T CO PICKETT CNTY,2024-06-30,249.665,0.981,1.648827099522354,False
22756,PEOPLES B&T CO PICKETT CNTY,2024-09-30,248.684,0.0,1.1533612564583435,False
22811,BRICKYARD BANK,2024-03-31,115.108,0.0,0.5164677019584596,False
22811,BRICKYARD BANK,2024-06-30,117.88,0.0,0.8925269734379321,False
22811,BRICKYARD BANK,2024-09-30,121.358,0.0,0.7568075415221562,False
22835,LAUDERDALE COUNTY BANK,2024-03-31,56.568,0.926,0.2988216547069348,False
22835,LAUDERDALE COUNTY BANK,2024-06-30,55.642,0.12,0.4018177626381533,False
22835,LAUDERDALE COUNTY BANK,2024-09-30,55.522,0.0,0.3410790045704993,False
22838,BANK OF GIBSON CITY,2024-03-31,114.58,0.0,0.6328678157323925,False
22838,BANK OF GIBSON CITY,2024-06-30,117.415,1.894,0.8294462052610295,False
22838,BANK OF GIBSON CITY,2024-09-30,115.521,0.0,0.5826299677702933,False
22839,LATIMER STATE BANK,2024-03-31,53.122,1.165,0.5000153068718594,False
22839,LATIMER STATE BANK,2024-06-30,51.957,2.189,0.6438480758546484,False
22839,LATIMER STATE BANK,2024-09-30,49.768,0.0,0.512283073832931,False
22855,OKLAHOMA HERITAGE BANK,2024-03-31,85.808,0.652,0.3400559432985359,False
22855,OKLAHOMA HERITAGE BANK,2024-06-30,85.156,0.976,0.48962127657627713,False
22855,OKLAHOMA HERITAGE BANK,2024-09-30,84.18,1.048,0.3724830976383792,False
22858,UNITED BANK,2024-03-31,23156.081,0.0,58.10937305598378,True
22858,UNITED BANK,2024-06-30,23305.317,0.0,79.23913969837315,True
22858,UNITED BANK,2024-09-30,24070.496,0.0,54.88279547189265,True
22867,COMMUNITY BANK OF RAYMORE,2024-03-31,340.717,0.0,3.19535691046741,False
22867,COMMUNITY BANK OF RAYMORE,2024-06-30,348.222,4.18,4.478967234798889,False
22867,COMMUNITY BANK OF RAYMORE,2024-09-30,344.042,36.365,3.3544271220204007,False
22874,HICKORY POINT BANK&TRUST,2024-03-31,683.415,0.0,4.439505717875795,False
22874,HICKORY POINT BANK&TRUST,2024-06-30,730.742,16.625,7.14496472004503,False
22874,HICKORY POINT BANK&TRUST,2024-09-30,714.117,56.001,5.173505749445071,False
22876,SOUTHWEST MISSOURI BANK,2024-03-31,979.509,0.258,6.7198039192533825,False
22876,SOUTHWEST MISSOURI BANK,2024-06-30,979.251,9.945,8.397868612024043,False
22876,SOUTHWEST MISSOURI BANK,2024-09-30,969.306,0.0,5.492146313335327,False
22888,FARMERS&MINERS BANK,2024-03-31,154.102,1.864,1.618537179002533,False
22888,FARMERS&MINERS BANK,2024-06-30,152.238,0.0,2.254166699079316,False
22888,FARMERS&MINERS BANK,2024-09-30,152.72,0.201,1.698905200364839,False
22895,PUTNAM COUNTY STATE BANK,2024-03-31,228.186,1.48,1.2953076190648702,False
22895,PUTNAM COUNTY STATE BANK,2024-06-30,226.706,0.024,1.6200349193789219,False
22895,PUTNAM COUNTY STATE BANK,2024-09-30,226.682,0.0,1.116509812132807,False
22918,FIRST BANK&TRUST CO,2024-03-31,2993.263,0.0,10.59400904555308,True
22918,FIRST BANK&TRUST CO,2024-06-30,3192.843,0.0,15.681644950843323,True
22918,FIRST BANK&TRUST CO,2024-09-30,3255.872,0.0,11.018911692740353,True
22925,INDEPENDENCE BANK,2024-03-31,155.507,0.853,1.3350893700302486,False
22925,INDEPENDENCE BANK,2024-06-30,154.654,0.0,1.582364866493882,False
22925,INDEPENDENCE BANK,2024-09-30,160.007,7.387,1.2521200217933541,False
22942,AMERICAN NB OF MT PLEASANT,2024-03-31,120.487,0.0,0.6487952714879321,False
22942,AMERICAN NB OF MT PLEASANT,2024-06-30,122.086,2.51,1.0085175119741836,False
22942,AMERICAN NB OF MT PLEASANT,2024-09-30,119.576,2.314,0.6919526009569683,False
22953,AMERANT BANK NATIONAL ASSN,2024-03-31,7936.361,69.89,27.947914747502438,True
22953,AMERANT BANK NATIONAL ASSN,2024-06-30,7866.471,0.0,33.48865317571184,True
22953,AMERANT BANK NATIONAL ASSN,2024-09-30,8217.33,262.462,25.90449454334204,True
22954,CITIZENS BK MORGANTOWN INC,2024-03-31,40.232,0.0,0.03707937926333843,False
22954,CITIZENS BK MORGANTOWN INC,2024-06-30,41.666,1.05,0.09270851466134901,False
22954,CITIZENS BK MORGANTOWN INC,2024-09-30,40.616,0.127,0.07837746724015804,False
22957,WEST TEXAS NATIONAL BANK,2024-03-31,2178.574,61.149,13.656797313289195,True
22957,WEST TEXAS NATIONAL BANK,2024-06-30,2117.425,0.0,16.569286940601554,True
22957,WEST TEXAS NATIONAL BANK,2024-09-30,2224.267,0.0,13.211126015591638,True
22964,FIRST COMMUNITY BANK,2024-03-31,641.241,0.0,3.8628895980231768,False
22964,FIRST COMMUNITY BANK,2024-06-30,652.406,0.0,5.354747622894499,False
22964,FIRST COMMUNITY BANK,2024-09-30,664.247,17.944,3.7350880262631194,False
22971,STATE BANK,2024-03-31,244.881,0.015,1.709911183431681,False
22971,FIRST SECURE STATE BANK,2024-06-30,244.866,0.0,2.1005246170681793,False
22971,FIRST SECURE STATE BANK,2024-09-30,247.421,0.0,1.5653765085598677,False
22993,TWIN RIVER BANK,2024-03-31,121.372,0.0,0.8396497050041777,False
22993,TWIN RIVER BANK,2024-06-30,124.015,0.0,0.9737460453896436,False
22993,TWIN RIVER BANK,2024-09-30,131.534,0.0,0.8226611104035485,False
23007,OREGON PACIFIC BK DBA OR PAC,2024-03-31,697.824,17.418,3.4655589376094746,False
23007,OREGON PACIFIC BK DBA OR PAC,2024-06-30,680.406,0.0,4.217847991143577,False
23007,OREGON PACIFIC BK DBA OR PAC,2024-09-30,698.813,18.847,3.2379954899868792,False
23030,CENTRAL VALLEY CMTY BANK,2024-03-31,2031.531,0.0,9.403951299159473,False
23030,COMMUNITY WEST BANK,2024-06-30,2868.115,0.0,14.934807946657804,True
23030,COMMUNITY WEST BANK,2024-09-30,2922.48,11.401,10.958145861131666,True
23041,BANK OF THE PACIFIC,2024-03-31,996.228,10.151,5.379126390253243,False
23041,BANK OF THE PACIFIC,2024-06-30,986.077,0.0,6.814104197556943,False
23041,BANK OF THE PACIFIC,2024-09-30,1011.867,0.0,5.240890093984265,False
23086,NEW OMNI BANK NATIONAL ASSN,2024-03-31,364.376,0.0,2.1090738286913333,False
23086,NEW OMNI BANK NATIONAL ASSN,2024-06-30,367.62,0.0,2.885769301687507,False
23086,NEW OMNI BANK NATIONAL ASSN,2024-09-30,408.197,16.433,2.6848001194106077,False
23091,ALPINE BANK,2024-03-31,5935.412,119.216,23.76928780175837,True
23091,ALPINE BANK,2024-06-30,5816.196,0.0,29.283423538793762,True
23091,ALPINE BANK,2024-09-30,5894.456,45.988,21.77272538729234,True
23099,BANK OF PROTECTION,2024-03-31,72.897,0.0,0.301274883867583,False
23099,BANK OF PROTECTION,2024-06-30,72.942,2.843,0.4094025455302913,False
23099,BANK OF PROTECTION,2024-09-30,70.099,0.0,0.3094129731918113,False
23123,BANK OF BARTLETT,2024-03-31,446.96,0.0,2.5114194194843504,False
23123,BANK OF BARTLETT,2024-06-30,449.752,7.034,3.3006037867469726,False
23123,BANK OF BARTLETT,2024-09-30,442.718,0.0,2.2887285385405183,False
23126,HURON STATE BANK,2024-03-31,74.706,2.13,0.48149306949241855,False
23126,HURON STATE BANK,2024-06-30,72.576,0.0,0.5748314755592593,False
23126,HURON STATE BANK,2024-09-30,80.811,4.581,0.6033690079952219,False
23144,SOUTH LOUISIANA BANK,2024-03-31,584.842,0.0,3.5482952700278854,False
23144,SOUTH LOUISIANA BANK,2024-06-30,605.072,33.815,5.301845234724572,False
23144,SOUTH LOUISIANA BANK,2024-09-30,571.257,15.059,3.5314464039005333,False
23152,FIRST CITIZENS BANK,2024-03-31,305.402,0.0,1.7044163657704154,False
23152,FIRST CITIZENS BANK,2024-06-30,310.219,0.0,2.3381659018024923,False
23152,FIRST CITIZENS BANK,2024-09-30,313.092,0.0,1.7033429465617325,False
23189,COMMUNITY BANK&TRUST CO,2024-03-31,256.67,8.694,1.735019120682063,False
23189,COMMUNITY BANK&TRUST CO,2024-06-30,247.976,0.0,2.0662801125789976,False
23189,COMMUNITY BANK&TRUST CO,2024-09-30,255.599,0.0,1.5694506850050722,False
23210,BANKERS BANK OF THE WEST,2024-03-31,329.485,97.997,2.0916482524994486,False
23210,BANKERS BANK OF THE WEST,2024-06-30,231.488,3.725,1.5523343905991054,False
23210,BANKERS BANK OF THE WEST,2024-09-30,227.763,0.0,1.0606979504974852,False
23220,WOODFOREST NATIONAL BANK,2024-03-31,7920.234,0.0,27.033545138862642,True
23220,WOODFOREST NATIONAL BANK,2024-06-30,8052.418,133.667,36.97339326172232,True
23220,WOODFOREST NATIONAL BANK,2024-09-30,7918.751,0.0,25.253585969443495,True
23242,CALIFORNIA PACIFIC BANK,2024-03-31,43.687,0.0,0.1526351689979312,False
23242,CALIFORNIA PACIFIC BANK,2024-06-30,47.495,1.823,0.31756370170958537,False
23242,CALIFORNIA PACIFIC BANK,2024-09-30,45.672,3.391,0.11920746893975545,False
23244,NORTH ADAMS STATE BANK,2024-03-31,37.457,0.0,0.11783933035203227,False
23244,NORTH ADAMS STATE BANK,2024-06-30,37.958,0.005,0.22481260105557244,False
23244,NORTH ADAMS STATE BANK,2024-09-30,37.953,0.0,0.20507739964393198,False
23257,COMMUNITY STATE BANK,2024-03-31,316.747,0.0,1.6069178472235768,False
23257,COMMUNITY STATE BANK,2024-06-30,321.851,0.0,2.162730386150314,False
23257,COMMUNITY STATE BANK,2024-09-30,328.777,0.868,1.583053638098673,False
23270,SIOUXLAND BANK,2024-03-31,77.616,4.235,0.7467226487546619,False
23270,SIOUXLAND BANK,2024-06-30,73.381,0.0,0.6352784466850611,False
23270,SIOUXLAND BANK,2024-09-30,78.933,5.622,0.7119949992281823,False
23275,PLUMAS BANK,2024-03-31,1309.215,0.0,6.9499609342043085,False
23275,PLUMAS BANK,2024-06-30,1315.149,0.0,8.957808979245867,False
23275,PLUMAS BANK,2024-09-30,1362.188,0.0,6.536373573559027,False
23286,FALL RIVER FIVE CENTS SB,2024-03-31,1327.464,12.626,5.621781585597615,False
23286,FALL RIVER FIVE CENTS SB,2024-06-30,1314.838,0.0,7.501141903926708,False
23286,FALL RIVER FIVE CENTS SB,2024-09-30,1328.759,0.0,5.37681852146978,False
23287,CAPE COD FIVE CENTS SB,2024-03-31,4361.284,0.0,13.589831835644695,True
23287,CAPE COD FIVE CENTS SB,2024-06-30,4424.291,0.0,18.88229899564258,True
23287,CAPE COD FIVE CENTS SB,2024-09-30,4645.056,211.001,13.236584643823793,True
23293,FLORENCE BANK,2024-03-31,1658.226,5.688,9.723815221555283,False
23293,FLORENCE BANK,2024-06-30,1652.538,1.14,12.58462402496625,False
23293,FLORENCE BANK,2024-09-30,1651.398,0.0,9.104509347509806,False
23296,SALEM FIVE CENTS SB,2024-03-31,5309.34,0.0,16.535997115986852,True
23296,SALEM FIVE CENTS SB,2024-06-30,5380.347,0.0,22.520955144373847,True
23296,SALEM FIVE CENTS SB,2024-09-30,5505.584,0.0,15.645429927791264,True
23298,WATERTOWN SAVINGS BANK,2024-03-31,1261.91,0.0,8.020550868914084,False
23298,WATERTOWN SAVINGS BANK,2024-06-30,1304.439,15.203,10.973428106358515,False
23298,WATERTOWN SAVINGS BANK,2024-09-30,1289.236,0.0,7.499011085252081,False
23373,UNITED ORIENT BANK,2024-03-31,59.435,2.379,0.16635168497512154,False
23373,UNITED ORIENT BANK,2024-06-30,57.056,0.0,0.2248529851840146,False
23373,UNITED ORIENT BANK,2024-09-30,58.114,0.0,0.19772310345727118,False
23376,FIRST JACKSON BANK INC,2024-03-31,336.748,0.0,1.598352020568419,False
23376,FIRST JACKSON BANK INC,2024-06-30,340.224,2.02,2.1661183976100946,False
23376,FIRST JACKSON BANK INC,2024-09-30,338.204,0.0,1.5873281488489202,False
23404,EVERGREEN NATIONAL BANK,2024-03-31,112.966,0.0,0.5514107973124474,False
23404,EVERGREEN NATIONAL BANK,2024-06-30,117.512,0.0,0.8938358212716241,False
23404,EVERGREEN NATIONAL BANK,2024-09-30,119.187,0.0,0.6852049552236803,False
23430,FIRST NB OF BURLESON,2024-03-31,238.391,5.221,2.992390040440158,False
23430,FIRST NB OF BURLESON,2024-06-30,233.17,2.75,3.6321182906311047,False
23430,FIRST NB OF BURLESON,2024-09-30,230.42,0.0,2.644503235666132,False
23473,FIRST FIDELITY BANK,2024-03-31,2321.829,0.0,9.773161098274825,True
23473,FIRST FIDELITY BANK,2024-06-30,2340.205,0.0,13.09158537794284,False
23473,FIRST FIDELITY BANK,2024-09-30,2417.183,58.558,9.480079761072728,False
23474,AMERICAN NB OF TEXAS,2024-03-31,4431.81,0.0,22.75046600376502,True
23474,AMERICAN NB OF TEXAS,2024-06-30,4481.154,0.0,26.533435461197026,True
23474,AMERICAN NB OF TEXAS,2024-09-30,4707.72,0.0,20.296303135317018,True
23498,TBK BANK SSB,2024-03-31,4492.627,65.128,14.769423487348137,True
23498,TBK BANK SSB,2024-06-30,4427.499,0.0,20.864610791707804,True
23498,TBK BANK SSB,2024-09-30,4739.925,0.0,14.892803657224423,True
23523,CITIZENS BANK INC,2024-03-31,144.507,2.967,1.1031432375547197,False
23523,CITIZENS BANK INC,2024-06-30,141.54,5.027,1.3592427810500987,False
23523,CITIZENS BANK INC,2024-09-30,136.513,0.0,0.9447095425347188,False
23537,BANKERS BANK,2024-03-31,875.108,120.013,4.07283179999287,False
23537,BANKERS BANK,2024-06-30,755.095,0.0,4.5892719572260265,False
23537,BANKERS BANK,2024-09-30,961.912,35.464,3.8111774287600033,False
23546,MUNICIPAL TRUST&SAVINGS BANK,2024-03-31,280.008,0.0,1.506463984818644,False
23546,MUNICIPAL TRUST&SAVINGS BANK,2024-06-30,281.329,7.673,2.2174344678948104,False
23546,MUNICIPAL TRUST&SAVINGS BANK,2024-09-30,273.656,0.0,1.3734118695569628,False
23551,COMMUNITY BK EL DORADO SPRIN,2024-03-31,107.62,0.0,0.6767245015214126,False
23551,COMMUNITY BK EL DORADO SPRIN,2024-06-30,108.342,3.248,0.8459953693955704,False
23551,COMMUNITY BK EL DORADO SPRIN,2024-09-30,105.094,0.0,0.573820041806728,False
23597,LAMAR NATIONAL BANK,2024-03-31,325.003,0.0,1.8130952622798537,False
23597,LAMAR NATIONAL BANK,2024-06-30,337.887,20.612,2.8111688262348644,False
23597,LAMAR NATIONAL BANK,2024-09-30,317.275,0.0,1.7215834385485849,False
23620,DEDHAM INST FOR SVG,2024-03-31,1806.026,0.0,6.528065470355687,False
23620,DEDHAM INST FOR SVG,2024-06-30,1827.091,0.0,8.923329005923668,False
23620,DEDHAM INST FOR SVG,2024-09-30,1898.148,66.162,6.420670365285239,False
23621,BERKSHIRE BANK,2024-03-31,10466.336,291.658,35.90061949760195,True
23621,BERKSHIRE BANK,2024-06-30,10174.678,520.834,45.671725780072364,True
23621,BERKSHIRE BANK,2024-09-30,9653.844,0.0,26.903366667724313,True
23622,BRISTOL COUNTY SAVINGS BANK,2024-03-31,2548.185,0.0,9.82729046109456,True
23622,BRISTOL COUNTY SAVINGS BANK,2024-06-30,2593.137,57.96,12.876575710868257,False
23622,BRISTOL COUNTY SAVINGS BANK,2024-09-30,2535.177,10.971,8.36501066618188,False
23623,WASHINGTON TR CO OF WESTERLY,2024-03-31,5353.352,372.603,17.435123312583187,True
23623,WASHINGTON TR CO OF WESTERLY,2024-06-30,4980.749,0.0,22.136922761722946,True
23623,WASHINGTON TR CO OF WESTERLY,2024-09-30,5176.998,55.146,16.329931406646566,True
23627,REPUBLIC BANK&TRUST CO,2024-03-31,5460.882,346.863,18.61385948710424,True
23627,REPUBLIC BANK&TRUST CO,2024-06-30,5114.019,0.0,22.296327619062147,True
23627,REPUBLIC BANK&TRUST CO,2024-09-30,5151.444,0.0,15.924934630725195,True
23647,TIB NATIONAL ASSN,2024-03-31,2525.574,51.893,18.79702039105495,True
23647,TIB NATIONAL ASSN,2024-06-30,2473.681,33.225,23.47739999054917,True
23647,TIB NATIONAL ASSN,2024-09-30,2440.456,7.038,15.575468556840667,True
23737,VAST BANK NATIONAL ASSN,2024-03-31,617.143,98.424,4.899490203527106,False
23737,VAST BANK NATIONAL ASSN,2024-06-30,518.719,0.0,4.348959175588751,False
23737,VAST BANK NATIONAL ASSN,2024-09-30,524.343,48.7,3.293119976188572,False
23749,MISSION NATIONAL BANK,2024-03-31,166.444,0.0,1.0971568286105102,False
23749,MISSION NATIONAL BANK,2024-06-30,171.528,5.542,1.4690657495323178,False
23749,MISSION NATIONAL BANK,2024-09-30,165.986,0.0,0.9640307774752704,False
23764,FMS BANK,2024-03-31,259.636,4.131,1.2669725161808374,False
23764,FMS BANK,2024-06-30,255.505,0.0,1.6448353666211246,False
23764,FMS BANK,2024-09-30,275.779,0.0,1.2759374670439372,False
23772,COMMERCE BANK,2024-03-31,599.91,0.0,4.2054152569817775,False
23772,COMMERCE BANK,2024-06-30,619.245,0.0,5.643189897981566,False
23772,COMMERCE BANK,2024-09-30,631.4,0.0,4.354825678302953,False
23798,MCCURTAIN COUNTY NB,2024-03-31,309.314,3.452,2.559664022414717,False
23798,MCCURTAIN COUNTY NB,2024-06-30,305.862,9.246,3.336670497387807,False
23798,MCCURTAIN COUNTY NB,2024-09-30,296.616,0.0,2.336380543806339,False
23799,TEXAS FIRST BANK,2024-03-31,1885.847,0.0,9.276324023741306,False
23799,TEXAS FIRST BANK,2024-06-30,1931.048,0.0,12.320692273031568,False
23799,TEXAS FIRST BANK,2024-09-30,1989.903,0.0,9.512863870930667,True
23805,UNITED PACIFIC BANK,2024-03-31,121.167,0.167,0.8298793609641022,False
23805,UNITED PACIFIC BANK,2024-06-30,121.0,0.707,1.0225420848468394,False
23805,UNITED PACIFIC BANK,2024-09-30,120.293,0.0,0.6595642775136449,False
23806,TRAILWEST BANK,2024-03-31,687.164,0.0,3.5353550609122273,False
23806,TRAILWEST BANK,2024-06-30,688.291,0.0,4.654066514054724,False
23806,TRAILWEST BANK,2024-09-30,699.821,0.0,3.2383065815294914,False
23815,FIRST STB OF DEKALB COUNTY,2024-03-31,282.825,2.924,2.003106208873116,False
23815,FIRST STB OF DEKALB COUNTY,2024-06-30,279.901,2.482,2.5317002999873934,False
23815,FIRST STB OF DEKALB COUNTY,2024-09-30,277.419,0.0,1.7840300301831713,False
23864,SUMMIT BANK,2024-03-31,260.67,19.621,2.711377007838357,False
23864,SUMMIT BANK,2024-06-30,241.049,0.0,2.968238194303105,False
23864,SUMMIT BANK,2024-09-30,241.253,3.814,2.0263550728188457,False
23886,AMERICAN BANK NATIONAL ASSN,2024-03-31,540.16,1.678,2.7031880041386684,False
23886,AMERICAN BANK NATIONAL ASSN,2024-06-30,538.482,3.2,3.6938687675632282,False
23886,AMERICAN BANK NATIONAL ASSN,2024-09-30,535.282,0.0,2.750007589976655,False
23966,ONEUNITED BANK,2024-03-31,505.064,0.0,2.7120402137903987,False
23966,ONEUNITED BANK,2024-06-30,511.504,4.269,3.930465555293014,False
23966,ONEUNITED BANK,2024-09-30,507.235,0.0,2.538880253864083,False
23986,MINNESOTA LAKES BANK,2024-03-31,114.189,0.0,0.6496615623273908,False
23986,MINNESOTA LAKES BANK,2024-06-30,121.052,0.0,1.1324038033889745,False
23986,MINNESOTA LAKES BANK,2024-09-30,122.5,4.923,0.9261520886596973,False
23989,MINERS EXCHANGE BANK,2024-03-31,80.285,0.0,0.41964622764194714,False
23989,MINERS EXCHANGE BANK,2024-06-30,81.094,1.897,0.6021158546976639,False
23989,MINERS EXCHANGE BANK,2024-09-30,79.197,0.0,0.4169485951218413,False
23992,COUNTRY BANK FOR SAVINGS,2024-03-31,1386.927,0.0,5.296465343351394,False
23992,COUNTRY BANK FOR SAVINGS,2024-06-30,1449.657,0.0,7.770104765844697,False
23992,COUNTRY BANK FOR SAVINGS,2024-09-30,1457.075,9.252,5.387133420244762,False
23998,STATE BANK OF INDIA CA,2024-03-31,993.281,10.684,3.6080423598687292,False
23998,STATE BANK OF INDIA CA,2024-06-30,982.597,0.0,5.204166129818961,False
23998,STATE BANK OF INDIA CA,2024-09-30,1048.45,0.0,3.6639070558038638,False
24015,HARBOR BANK OF MARYLAND,2024-03-31,311.643,9.038,1.8872046994278653,False
24015,HARBOR BANK OF MARYLAND,2024-06-30,302.605,1.256,2.409363378850722,False
24015,HARBOR BANK OF MARYLAND,2024-09-30,301.349,0.0,1.7290703373000171,False
24038,BRAZOS NATIONAL BANK,2024-03-31,12.572,0.784,0.0,False
24038,BRAZOS NATIONAL BANK,2024-06-30,11.788,0.352,0.0,False
24038,BRAZOS NATIONAL BANK,2024-09-30,11.436,0.516,0.0,False
24045,BANC OF CALIFORNIA,2024-03-31,29123.53,132.834,81.61872140618954,True
24045,BANC OF CALIFORNIA,2024-06-30,28990.696,1972.813,105.54116114091684,True
24045,BANC OF CALIFORNIA,2024-09-30,27017.883,0.0,69.3714481449581,True
24064,ATASCOSA BANK,2024-03-31,80.075,4.09,0.8721695557218655,False
24064,ATASCOSA BANK,2024-06-30,75.985,0.0,0.9350978018404171,False
24064,ATASCOSA BANK,2024-09-30,77.851,0.0,0.8147873566340297,False
24085,CITIZENS NATIONAL BANK,2024-03-31,87.437,0.0,0.7288318520320088,False
24085,CITIZENS NATIONAL BANK,2024-06-30,87.675,2.284,0.9969266006898053,False
24085,CITIZENS NATIONAL BANK,2024-09-30,85.391,0.0,0.6893551821766247,False
24156,OCEAN BANK,2024-03-31,5547.231,0.0,17.636464792192353,True
24156,OCEAN BANK,2024-06-30,5561.808,0.0,22.64992870385994,True
24156,OCEAN BANK,2024-09-30,5563.929,0.0,16.49189847378813,True
24170,HANMI BANK,2024-03-31,6382.715,45.883,19.096031851094633,True
24170,HANMI BANK,2024-06-30,6336.832,0.0,26.244159993790156,True
24170,HANMI BANK,2024-09-30,6416.965,0.0,17.952844151482942,True
24199,CAPITOL NATIONAL BANK,2024-03-31,151.018,0.0,0.9370091396761878,False
24199,CAPITOL NATIONAL BANK,2024-06-30,161.354,0.0,1.4417238612344663,False
24199,CAPITOL NATIONAL BANK,2024-09-30,191.989,30.041,1.7200600451338777,False
24211,BANK OF WHITTIER NA,2024-03-31,150.83,3.787,3.047588891714192,False
24211,BANK OF WHITTIER NA,2024-06-30,147.043,0.0,3.4538979281336024,False
24211,BANK OF WHITTIER NA,2024-09-30,157.837,1.833,2.8223136211991973,False
24272,CHASEWOOD BANK,2024-03-31,69.024,0.0,0.3845897522283906,False
24272,CHASEWOOD BANK,2024-06-30,73.799,4.836,0.5860605135857756,False
24272,CHASEWOOD BANK,2024-09-30,68.963,0.0,0.3273915434601549,False
24303,PAVILLION BANK,2024-03-31,57.226,1.013,0.22362833681598596,False
24303,PAVILLION BANK,2024-06-30,56.213,0.0,0.4164944998013244,False
24303,PAVILLION BANK,2024-09-30,58.031,1.491,0.37825359975240297,False
24305,LLANO NATIONAL BANK,2024-03-31,257.096,0.0,1.5241582179101887,False
24305,LLANO NATIONAL BANK,2024-06-30,258.055,2.211,2.24353923013171,False
24305,LLANO NATIONAL BANK,2024-09-30,255.844,0.869,1.529611982140927,False
24332,FIRST CREDIT BANK,2024-03-31,340.388,18.527,1.0918607919304533,False
24332,FIRST CREDIT BANK,2024-06-30,321.861,9.146,1.6284863195810644,False
24332,FIRST CREDIT BANK,2024-09-30,312.715,12.802,1.2506558505521888,False
24347,LONE STAR NATIONAL BANK,2024-03-31,2537.501,0.0,13.052933492696967,True
24347,LONE STAR NATIONAL BANK,2024-06-30,2654.88,39.679,19.394692623486666,True
24347,LONE STAR NATIONAL BANK,2024-09-30,2615.201,0.0,12.966510958918924,True
24353,FIRST COMMUNITY BANK,2024-03-31,556.848,0.0,2.7150957500391306,False
24353,FIRST COMMUNITY BANK,2024-06-30,575.768,0.0,3.8737585674252806,False
24353,FIRST COMMUNITY BANK,2024-09-30,609.759,16.206,3.266579924090999,False
24367,CITY NATIONAL BANK,2024-03-31,52.104,0.0,0.2030398246274777,False
24367,CITY NATIONAL BANK,2024-06-30,54.239,0.0,0.39516209345679154,False
24367,CITY NATIONAL BANK,2024-09-30,55.717,1.275,0.3816856084713253,False
24387,INDUSTRIAL&COMMERCIAL BK CHI,2024-03-31,2107.675,58.758,6.132637278101386,False
24387,INDUSTRIAL&COMMERCIAL BK CHI,2024-06-30,2048.917,0.0,8.290705941232696,False
24387,INDUSTRIAL&COMMERCIAL BK CHI,2024-09-30,2199.088,0.0,5.874207758574474,False
24443,PROGRESSIVE NATIONAL BANK,2024-03-31,102.384,5.658,0.5636778882946432,False
24443,PROGRESSIVE NATIONAL BANK,2024-06-30,96.726,0.0,0.5822686481009282,False
24443,PROGRESSIVE NATIONAL BANK,2024-09-30,96.825,0.0,0.44847366501996483,False
24472,AMERICAN NATION BANK,2024-03-31,545.101,0.0,2.733307210208006,False
24472,AMERICAN NATION BANK,2024-06-30,552.4,3.419,3.6836255315628526,False
24472,AMERICAN NATION BANK,2024-09-30,548.981,0.0,2.6406980005152922,False
24498,FIRST STATE BANK,2024-03-31,223.296,0.0,1.9457807936441962,False
24498,FIRST STATE BANK,2024-06-30,226.679,0.0,2.677164028475314,False
24498,FIRST STATE BANK,2024-09-30,241.054,0.0,2.340846239253668,False
24516,INTERAUDI BANK,2024-03-31,1952.585,0.0,12.098967024793339,True
24516,INTERAUDI BANK,2024-06-30,2008.706,0.0,16.345403418564864,True
24516,INTERAUDI BANK,2024-09-30,2069.453,0.0,11.875387783717068,True
24540,BANK OF NEW ENGLAND,2024-03-31,1156.113,0.0,4.83530607260345,False
24540,BANK OF NEW ENGLAND,2024-06-30,1167.579,0.0,6.022808580108988,False
24540,BANK OF NEW ENGLAND,2024-09-30,1197.002,0.0,4.292798180491837,False
24563,TEXAS COMMUNITY BANK,2024-03-31,1686.163,0.0,9.965350298926268,True
24563,TEXAS COMMUNITY BANK,2024-06-30,1705.119,4.099,13.574240707072528,True
24563,TEXAS COMMUNITY BANK,2024-09-30,1701.02,0.0,9.942942341945928,True
24603,FIRST COMMERCIAL BANK NA,2024-03-31,434.474,6.318,2.615246682337687,False
24603,FIRST COMMERCIAL BANK NA,2024-06-30,428.156,0.0,3.545952315134503,False
24603,FIRST COMMERCIAL BANK NA,2024-09-30,447.633,0.0,3.0915822615236843,False
24677,TRIAD BANK NATIONAL ASSN,2024-03-31,180.648,0.0,0.9414267269632155,False
24677,TRIAD BANK NATIONAL ASSN,2024-06-30,189.378,0.0,1.3942114049447079,False
24677,TRIAD BANK NATIONAL ASSN,2024-09-30,207.935,38.509,1.216981875716481,False
24823,INTERNATIONAL FINANCE BANK,2024-03-31,991.553,0.0,4.760519424980553,False
24823,INTERNATIONAL FINANCE BANK,2024-06-30,998.012,0.0,5.9995604331002745,False
24823,INTERNATIONAL FINANCE BANK,2024-09-30,1064.471,0.0,4.326538118235645,False
24829,ATLANTIC CMTY BANKERS BANK,2024-03-31,550.503,0.0,3.6335378828642533,False
24829,ATLANTIC CMTY BANKERS BANK,2024-06-30,562.159,8.88,4.903564892806243,False
24829,ATLANTIC CMTY BANKERS BANK,2024-09-30,553.279,0.0,3.5809329237266825,False
24865,FIRST NM BANK OF SILVER CITY,2024-03-31,116.317,1.469,0.66054344140567,False
24865,FIRST NM BANK OF SILVER CITY,2024-06-30,114.848,0.0,0.8814802221038691,False
24865,FIRST NM BANK OF SILVER CITY,2024-09-30,116.007,0.0,0.6748040668394529,False
24867,BNY MELLON TRUST OF DELAWARE,2024-03-31,119.295,8.107,2.84615078763514,False
24867,BNY MELLON TRUST OF DELAWARE,2024-06-30,111.188,2.016,3.3159047239657133,False
24867,BNY MELLON TRUST OF DELAWARE,2024-09-30,109.172,0.0,2.3757855638884293,False
24897,COMMUNITY NATIONAL BANK,2024-03-31,1912.506,15.465,10.27859484437388,True
24897,COMMUNITY NATIONAL BANK,2024-06-30,1897.041,0.0,13.394052719837575,True
24897,COMMUNITY NATIONAL BANK,2024-09-30,1945.337,0.0,10.11699464324485,True
24902,FIRST NB OF S PADRE ISL,2024-03-31,78.008,8.91,1.2580345977490568,False
24902,FIRST NB OF S PADRE ISL,2024-06-30,69.098,0.0,1.174978983032202,False
24902,FIRST NB OF S PADRE ISL,2024-09-30,69.233,1.378,0.9337349625084352,False
24919,UWHARRIE BANK,2024-03-31,1005.185,0.0,5.7011293236608,False
24919,UWHARRIE BANK,2024-06-30,1029.056,0.0,7.5684941117376825,False
24919,UWHARRIE BANK,2024-09-30,1083.95,48.286,6.4218850835535495,False
24920,WOORI AMERICA BANK,2024-03-31,2798.358,0.0,11.01174153773955,True
24920,WOORI AMERICA BANK,2024-06-30,3044.277,0.0,17.102797690969982,True
24920,WOORI AMERICA BANK,2024-09-30,3428.66,165.559,15.890905821297931,True
24922,GRAND VALLEY BANK,2024-03-31,534.067,8.061,3.5444299176553904,False
24922,GRAND VALLEY BANK,2024-06-30,526.006,0.0,4.322458423217523,False
24922,GRAND VALLEY BANK,2024-09-30,535.252,2.486,3.2419222758885056,False
24961,INTERNATIONAL BK OF COM,2024-03-31,420.357,6.237,3.0685395620631137,False
24961,INTERNATIONAL BK OF COM,2024-06-30,414.12,0.0,3.9395279275236983,False
24961,INTERNATIONAL BK OF COM,2024-09-30,414.374,9.436,2.979045430009224,False
24966,VALLEY BANK OF RONAN,2024-03-31,152.952,0.482,0.9392174401432389,False
24966,VALLEY BANK OF RONAN,2024-06-30,152.47,0.0,1.1812254352960725,False
24966,VALLEY BANK OF RONAN,2024-09-30,156.172,0.0,0.8709788258759933,False
24998,COMMERCE BANK,2024-03-31,24744.749,57.745,80.0491717391309,True
24998,COMMERCE BANK,2024-06-30,24687.004,0.0,110.10885359996333,True
24998,COMMERCE BANK,2024-09-30,25695.108,10.183,84.2735574522629,True
25054,SUMMIT NATIONAL BANK,2024-03-31,92.931,7.4,1.2678092985841654,False
25054,SUMMIT NATIONAL BANK,2024-06-30,85.531,0.0,1.1640958896808087,False
25054,SUMMIT NATIONAL BANK,2024-09-30,88.781,1.824,1.0446354642359224,False
25093,HABIB AMERICAN BANK,2024-03-31,1487.357,0.0,10.752929941858643,True
25093,HABIB AMERICAN BANK,2024-06-30,1519.645,0.0,17.645887701778456,True
25093,HABIB AMERICAN BANK,2024-09-30,1591.465,0.0,11.337998027787124,True
25103,CITY BANK,2024-03-31,3730.096,10.41,15.276097578864398,True
25103,CITY BANK,2024-06-30,3719.686,0.0,19.35031309199256,True
25103,CITY BANK,2024-09-30,3818.774,93.151,15.319988269299227,True
25122,FIRST NB NORTHWEST FLORIDA,2024-03-31,151.962,4.412,3.5006487359419287,False
25158,FINANCE FACTORS LTD,2024-03-31,537.716,5.85,2.5014276850665036,False
25158,FINANCE FACTORS LTD,2024-06-30,531.866,6.17,3.3367333603049216,False
25158,FINANCE FACTORS LTD,2024-09-30,525.696,0.0,2.2977849262179166,False
25161,COMMUNITY NB OF OKARCHE,2024-03-31,122.443,7.683,0.8589846204213576,False
25161,COMMUNITY NB OF OKARCHE,2024-06-30,114.76,3.115,1.0735984873296827,False
25161,COMMUNITY NB OF OKARCHE,2024-09-30,111.645,7.593,0.792602682918464,False
25173,MEADE COUNTY BANK,2024-03-31,329.719,0.0,1.5823991435903024,False
25173,MEADE COUNTY BANK,2024-06-30,337.037,0.0,2.167453511483561,False
25173,MEADE COUNTY BANK,2024-09-30,341.234,0.0,1.5196617383921527,False
25178,BANK OF AMERICA CA NA,2024-03-31,10909.0,0.0,40.196309951222666,True
25178,BANK OF AMERICA CA NA,2024-06-30,11725.0,0.0,65.97629950803372,True
25178,BANK OF AMERICA CA NA,2024-09-30,13219.0,534.0,63.71443944878269,True
25247,FIRST NATIONAL BANKERS BANK,2024-03-31,347.029,8.605,1.7737761209806329,False
25247,FIRST NATIONAL BANKERS BANK,2024-06-30,338.424,0.0,2.4184959685559395,False
25247,FIRST NATIONAL BANKERS BANK,2024-09-30,361.825,24.549,1.7107223846215833,False
25249,C3BANK NATIONAL ASSN,2024-03-31,742.722,73.406,6.13765179894144,False
25249,C3BANK NATIONAL ASSN,2024-06-30,669.316,0.0,5.065027194477008,False
25249,C3BANK NATIONAL ASSN,2024-09-30,707.13,0.0,4.562752172536374,False
25258,INTERCREDIT BANK NA,2024-03-31,488.827,0.0,2.4695365835789427,False
25258,INTERCREDIT BANK NA,2024-06-30,504.015,0.0,3.872467090127215,False
25258,INTERCREDIT BANK NA,2024-09-30,540.002,0.0,2.6121528536745884,False
25267,TRUBANK,2024-03-31,330.668,15.703,1.8279018437124492,False
25267,TRUBANK,2024-06-30,314.965,0.0,2.263326261332755,False
25267,TRUBANK,2024-09-30,325.153,0.0,1.7561175361949564,False
25291,BANK OF THE VALLEY,2024-03-31,467.193,0.0,2.2187352987015907,False
25291,BANK OF THE VALLEY,2024-06-30,480.934,17.726,3.2172526762804794,False
25291,BANK OF THE VALLEY,2024-09-30,463.208,2.032,1.8845541626638702,False
25328,BOC BANK,2024-03-31,198.736,29.52,1.7433339530909495,False
25328,BOC BANK,2024-06-30,169.216,0.0,1.4318366567577567,False
25328,BOC BANK,2024-09-30,200.078,12.931,1.6053941228055517,False
25591,CEDAR SECURITY BANK,2024-03-31,41.318,0.0,0.18271315515785613,False
25591,CEDAR SECURITY BANK,2024-06-30,43.153,0.0,0.3289630824858459,False
25591,CEDAR SECURITY BANK,2024-09-30,43.612,0.564,0.27346309686412884,False
25620,CREDIT ONE BANK NA,2024-03-31,711.355,0.0,3.771230495213058,False
25620,CREDIT ONE BANK NA,2024-06-30,760.029,0.0,5.27458170777323,False
25620,CREDIT ONE BANK NA,2024-09-30,799.892,0.0,3.562852825825758,False
25621,SAGE CAPITAL BANK,2024-03-31,576.124,0.0,4.162012691132573,False
25621,SAGE CAPITAL BANK,2024-06-30,589.767,2.788,6.020579551546731,False
25621,SAGE CAPITAL BANK,2024-09-30,586.979,0.0,3.905000624728875,False
25644,BEACON BUSINESS BANK NA,2024-03-31,120.48,0.0,0.8372432923587272,False
25644,BEACON BUSINESS BANK NA,2024-06-30,128.536,0.0,1.3667578474053197,False
25644,BEACON BUSINESS BANK NA,2024-09-30,132.716,0.0,1.0477247173532684,False
25665,COMMUNITY NATIONAL BANK,2024-03-31,748.953,0.0,4.860691623333968,False
25665,COMMUNITY NATIONAL BANK,2024-06-30,778.42,8.77,6.807880208703957,False
25665,COMMUNITY NATIONAL BANK,2024-09-30,769.65,0.0,4.607967362340841,False
25679,INTERNATIONAL BK OF COM,2024-03-31,3553.455,0.0,18.139433655173764,True
25679,INTERNATIONAL BK OF COM,2024-06-30,3586.021,0.0,23.988183151967373,True
25679,INTERNATIONAL BK OF COM,2024-09-30,3640.09,18.648,17.635722725535576,True
25703,BANK OF WEST,2024-03-31,147.575,0.0,0.711936195726888,False
25703,BANK OF WEST,2024-06-30,149.152,2.797,1.1200335827611696,False
25703,BANK OF WEST,2024-09-30,146.355,0.68,0.6558578445234742,False
25726,MURPHY BANK,2024-03-31,304.121,3.562,1.574704800164919,False
25726,MURPHY BANK,2024-06-30,300.559,0.658,2.0514302127763653,False
25726,MURPHY BANK,2024-09-30,299.901,7.812,1.466892889779093,False
25738,SOVEREIGN BANK,2024-03-31,830.323,0.0,3.4141830472087307,False
25738,SOVEREIGN BANK,2024-06-30,884.536,0.0,5.017822254760457,False
25738,SOVEREIGN BANK,2024-09-30,886.166,0.0,3.6953947893454946,False
25744,SMALL BUSINESS BANK,2024-03-31,83.794,0.0,0.34486123159865895,False
25744,SMALL BUSINESS BANK,2024-06-30,84.147,2.712,0.581183133641541,False
25744,SMALL BUSINESS BANK,2024-09-30,81.435,3.627,0.4795360232854105,False
25749,EASTBANK NATIONAL ASSN,2024-03-31,115.553,4.239,0.7077375351281716,False
25749,EASTBANK NATIONAL ASSN,2024-06-30,111.314,0.0,0.7920872164791508,False
25749,EASTBANK NATIONAL ASSN,2024-09-30,116.61,0.0,0.680900274473909,False
25750,COMMUNITY BANK,2024-03-31,112.686,0.071,0.7559197672565915,False
25750,COMMUNITY BANK,2024-06-30,112.615,0.0,0.9882600190589562,False
25750,COMMUNITY BANK,2024-09-30,112.795,0.0,0.7308321309782492,False
25752,COMMUNITY BANK,2024-03-31,269.682,16.694,1.8773586837628395,False
25752,COMMUNITY BANK,2024-06-30,252.988,5.367,2.049660108056723,False
25752,COMMUNITY BANK,2024-09-30,247.621,0.0,1.5054192491439102,False
25795,PEOPLES BANK&TRUST,2024-03-31,482.658,0.0,3.879110581933312,False
25795,PEOPLES BANK&TRUST,2024-06-30,488.743,12.868,5.018498990788517,False
25795,PEOPLES BANK&TRUST,2024-09-30,475.875,0.0,3.072367315047954,False
25796,COMMUNITY B&T WEST GEORGIA,2024-03-31,138.12,0.0,0.9360583651153257,False
25796,COMMUNITY B&T WEST GEORGIA,2024-06-30,152.258,0.0,1.2759144731546848,False
25796,COMMUNITY B&T WEST GEORGIA,2024-09-30,164.102,0.0,0.890319069920465,False
25803,HATCH BANK,2024-03-31,81.03,33.97,0.3440808276695952,False
25803,HATCH BANK,2024-06-30,47.06,9.127,0.21473473811809468,False
25803,HATCH BANK,2024-09-30,37.933,3.889,0.11209025383661607,False
25849,MIDWEST IND BANKERSBANK,2024-03-31,245.401,13.113,1.7163971837610554,False
25849,MIDWEST IND BANKERSBANK,2024-06-30,232.288,18.087,2.15875688052059,False
25849,MIDWEST IND BANKERSBANK,2024-09-30,214.201,0.0,1.2401303083440758,False
25858,EQUITY BANK,2024-03-31,4388.266,24.287,16.599216464135775,True
25858,EQUITY BANK,2024-06-30,4363.979,0.0,22.52293283277105,True
25858,EQUITY BANK,2024-09-30,4389.622,0.0,15.34572837494866,True
25869,METROPOLITAN BANK,2024-03-31,186.889,0.0,0.9611618630856557,False
25869,METROPOLITAN BANK,2024-06-30,192.11,0.0,1.2729494912101986,False
25869,METROPOLITAN BANK,2024-09-30,198.068,3.443,1.076930990804013,False
25883,FIRST EAGLE BANK,2024-03-31,416.658,0.0,2.0121868126713522,False
25883,FIRST EAGLE BANK,2024-06-30,425.804,9.212,2.807078104842453,False
25883,FIRST EAGLE BANK,2024-09-30,416.592,0.0,1.808482641469442,False
25886,RIO BANK,2024-03-31,725.195,0.0,5.069213094451714,False
25886,RIO BANK,2024-06-30,758.111,10.064,6.944284822014997,False
25886,RIO BANK,2024-09-30,748.047,0.0,4.601122593203378,False
25894,FIRST NATIONAL BANK,2024-03-31,376.217,2.662,2.11966893520613,False
25894,FIRST NATIONAL BANK,2024-06-30,373.555,4.785,2.7221210875574373,False
25894,FIRST NATIONAL BANK,2024-09-30,368.77,0.0,1.7409918065388854,False
25927,BANCO DE LA NACION ARGENTINA,2024-03-31,67.414,0.0,11.154051264907483,True
25927,BANCO DE LA NACION ARGENTINA,2024-06-30,90.151,8.975,18.086263118407,True
25927,BANCO DE LA NACION ARGENTINA,2024-09-30,81.176,0.0,12.436946626653494,True
26021,VALLEY STATE BANK,2024-03-31,121.766,0.0,0.7515390516802075,False
26021,VALLEY STATE BANK,2024-06-30,122.64,2.486,1.0796054249978742,False
26021,VALLEY STATE BANK,2024-09-30,120.154,0.0,0.7274446810769749,False
26028,BANK OF EAST ASIA LTD,2024-03-31,19.776,0.229,0.12696291208020916,False
26028,BANK OF EAST ASIA LTD,2024-06-30,19.547,0.0,0.19904656729968845,False
26028,BANK OF EAST ASIA LTD,2024-09-30,19.876,0.481,0.17248834828096618,False
26181,TEXAS NB OF JACKSONVILLE,2024-03-31,736.985,0.0,3.7601998798106018,False
26181,TEXAS NB OF JACKSONVILLE,2024-06-30,750.382,0.0,5.045600905221734,False
26181,TEXAS NB OF JACKSONVILLE,2024-09-30,763.105,1.505,3.8442115178260785,False
26185,CHARTER WEST BANK,2024-03-31,397.614,0.0,2.2616023244774155,False
26185,CHARTER WEST BANK,2024-06-30,401.862,0.0,2.8706370832042616,False
26185,CHARTER WEST BANK,2024-09-30,405.616,0.0,2.2379343859946847,False
26189,HAVERFORD TRUST CO,2024-03-31,114.089,0.0,0.9598409632739292,False
26189,HAVERFORD TRUST CO,2024-06-30,117.477,0.0,1.4302144427348211,False
26189,HAVERFORD TRUST CO,2024-09-30,142.577,12.483,1.4441395389246472,False
26217,BANK OF COMMERCE,2024-03-31,402.981,3.481,2.3780835012439705,False
26217,BANK OF COMMERCE,2024-06-30,399.5,8.87,3.0537104014806165,False
26217,BANK OF COMMERCE,2024-09-30,390.63,0.0,2.07512293877616,False
26223,GOLDEN BANK NATIONAL ASSN,2024-03-31,1563.601,0.0,7.131396779522418,False
26223,GOLDEN BANK NATIONAL ASSN,2024-06-30,1588.025,0.0,9.169833933396635,False
26223,GOLDEN BANK NATIONAL ASSN,2024-09-30,1669.263,0.588,7.0769500795629465,False
26228,FIRST NB OF DUBLIN,2024-03-31,113.353,0.457,1.040325662682779,False
26228,FIRST NB OF DUBLIN,2024-06-30,112.896,0.0,1.41697878190328,False
26228,FIRST NB OF DUBLIN,2024-09-30,112.907,0.0,1.001838508811293,False
26260,FIRST NB IN MARLOW,2024-03-31,57.083,0.11,0.20341346014362574,False
26260,FIRST NB IN MARLOW,2024-06-30,56.973,0.0,0.30254476087803345,False
26260,FIRST NB IN MARLOW,2024-09-30,57.457,0.0,0.23825138187197223,False
26271,HOME BANK OF CALIFORNIA,2024-03-31,182.549,0.0,0.7930595536510735,False
26271,HOME BANK OF CALIFORNIA,2024-06-30,189.234,0.0,1.1713458313269223,False
26271,HOME BANK OF CALIFORNIA,2024-09-30,195.063,5.969,0.8780975995084752,False
26299,PACIFIC NATIONAL BANK,2024-03-31,1006.664,8.397,5.602245173198587,False
26299,PACIFIC NATIONAL BANK,2024-06-30,998.267,0.0,6.884252291266538,False
26299,PACIFIC NATIONAL BANK,2024-09-30,1030.495,0.0,5.195539874685624,False
26312,FIRST AMERICAN TRUST FSB,2024-03-31,5747.861,0.0,49.348859447765975,True
26312,FIRST AMERICAN TRUST FSB,2024-06-30,6131.08,0.0,73.19956520769121,True
26312,FIRST AMERICAN TRUST FSB,2024-09-30,6952.985,1099.126,75.59695448411763,True
26323,FLORIDA CAPITAL BANK NA,2024-03-31,451.068,9.131,2.1606950740193214,False
26323,FLORIDA CAPITAL BANK NA,2024-06-30,441.937,0.0,2.8433923749362537,False
26323,FLORIDA CAPITAL BANK NA,2024-09-30,464.658,0.0,2.0354430762453957,False
26333,GENESEE REGIONAL BANK,2024-03-31,822.142,0.0,4.270990888931211,False
26333,GENESEE REGIONAL BANK,2024-06-30,905.444,0.0,5.818082500559002,False
26333,GENESEE REGIONAL BANK,2024-09-30,935.495,0.0,4.274731809703624,False
26336,VILLAGE BANK,2024-03-31,1705.636,31.11,6.435170304047917,False
26336,VILLAGE BANK,2024-06-30,1674.526,0.0,8.533003374236298,False
26336,VILLAGE BANK,2024-09-30,1675.586,0.0,5.870996050110993,False
26340,FLINT HILLS BANK,2024-03-31,142.532,0.0,0.8916070289596914,False
26340,FLINT HILLS BANK,2024-06-30,143.309,5.917,1.1986469932199946,False
26340,FLINT HILLS BANK,2024-09-30,137.392,0.731,0.830353954783028,False
26342,RBC BANK GEORGIA NA,2024-03-31,5762.018,83.91,25.34613517069124,True
26342,RBC BANK GEORGIA NA,2024-06-30,5678.108,0.0,32.70296701754229,True
26342,RBC BANK GEORGIA NA,2024-09-30,5870.365,0.0,24.509127843983606,True
26351,UNITY NB OF HOUSTON,2024-03-31,182.447,5.528,1.3765811979298161,False
26351,UNITY NB OF HOUSTON,2024-06-30,176.919,6.295,1.9200215108133236,False
26351,UNITY NB OF HOUSTON,2024-09-30,170.624,0.0,1.0143774352981711,False
26358,STATE BANK OF SOUTHWEST MO,2024-03-31,147.107,7.111,0.9566352712809815,False
26358,STATE BANK OF SOUTHWEST MO,2024-06-30,139.996,0.0,0.8613841221674706,False
26358,STATE BANK OF SOUTHWEST MO,2024-09-30,150.222,10.213,0.8889418775435188,False
26363,COMMUNITY COMMERCE BANK,2024-03-31,289.953,0.0,1.6472982090026915,False
26363,COMMUNITY COMMERCE BANK,2024-06-30,299.586,0.0,2.4169316993486936,False
26363,COMMUNITY COMMERCE BANK,2024-09-30,301.667,0.0,1.6898998768904834,False
26379,PIKE NATIONAL BANK,2024-03-31,345.303,8.724,2.803938246687838,False
26379,PIKE NATIONAL BANK,2024-06-30,336.579,12.126,3.223055586642856,False
26379,PIKE NATIONAL BANK,2024-09-30,324.453,0.0,2.151274308284352,False
26381,CITIZENS NATIONAL BANK N A,2024-03-31,1324.035,24.663,6.110225065208455,False
26381,BONVENU BANK NATIONAL ASSN,2024-06-30,1299.372,0.0,7.930298930801123,False
26381,BONVENU BANK NATIONAL ASSN,2024-09-30,1310.878,0.0,5.724066538429861,False
26393,PITTSFIELD COOP BANK,2024-03-31,299.591,12.865,1.4191645901211725,False
26393,PITTSFIELD COOP BANK,2024-06-30,286.726,0.0,1.8371341397101928,False
26393,PITTSFIELD COOP BANK,2024-09-30,297.287,0.0,1.4496220965916886,False
26395,MUTUALONE BANK,2024-03-31,890.139,0.0,3.0748966934276076,False
26395,MUTUALONE BANK,2024-06-30,892.283,20.492,4.2303218564148155,False
26395,MUTUALONE BANK,2024-09-30,871.791,1.934,2.7213621434815085,False
26397,GREENFIELD COOP BANK,2024-03-31,666.302,0.0,3.708269957835101,False
26397,GREENFIELD COOP BANK,2024-06-30,670.267,0.872,4.843181019148174,False
26397,GREENFIELD COOP BANK,2024-09-30,669.395,0.0,3.262871561153124,False
26398,AMERICAN NATIONAL BANK,2024-03-31,409.001,21.998,1.9624474396322455,False
26398,AMERICAN NATIONAL BANK,2024-06-30,387.003,13.013,2.4026526905224843,False
26398,AMERICAN NATIONAL BANK,2024-09-30,373.99,13.726,1.7095200592665079,False
26403,BANK OF IDAHO,2024-03-31,1002.455,0.0,4.367953858611396,False
26403,BANK OF IDAHO,2024-06-30,1078.315,0.0,6.8600594601949245,False
26403,BANK OF IDAHO,2024-09-30,1106.545,0.0,4.528675822193073,False
26411,HAVERHILL BANK,2024-03-31,496.722,0.0,2.330428214009609,False
26411,HAVERHILL BANK,2024-06-30,500.85,0.233,3.210272107949236,False
26411,HAVERHILL BANK,2024-09-30,500.617,0.0,2.2367912330292286,False
26416,COMMUNITY STB OF CANTON,2024-03-31,59.219,1.601,0.21864365586196835,False
26416,COMMUNITY STB OF CANTON,2024-06-30,57.618,0.757,0.3073628300394975,False
26416,COMMUNITY STB OF CANTON,2024-09-30,56.861,0.0,0.20469188712346575,False
26442,TERRABANK NATIONAL ASSN,2024-03-31,694.38,0.0,3.5263999150794767,False
26442,TERRABANK NATIONAL ASSN,2024-06-30,706.669,0.0,4.873077556623567,False
26442,TERRABANK NATIONAL ASSN,2024-09-30,730.562,5.67,3.779871035220819,False
26444,EVERETT COOP BANK,2024-03-31,919.075,0.0,4.148853933267885,False
26444,EVERETT COOP BANK,2024-06-30,949.631,0.0,5.730265591574376,False
26444,EVERETT COOP BANK,2024-09-30,960.453,0.0,4.0919418960882235,False
26450,CANTON COOP BANK,2024-03-31,128.777,0.0,0.8111192642555685,False
26450,CANTON COOP BANK,2024-06-30,130.163,0.0,1.0841995803851046,False
26450,CANTON COOP BANK,2024-09-30,131.2,0.0,0.8225275486053027,False
26451,FIDELITY COOP BANK,2024-03-31,1312.519,0.0,5.622650907805215,False
26451,FIDELITY COOP BANK,2024-06-30,1351.736,0.0,9.041869833285991,False
26451,FIDELITY COOP BANK,2024-09-30,1410.901,58.49,6.5625015710633745,False
26455,SAVERS COOP BANK,2024-03-31,535.464,0.0,2.485371789959838,False
26455,SAVERS COOP BANK,2024-06-30,544.453,0.0,3.411997043615253,False
26455,SAVERS COOP BANK,2024-09-30,555.148,0.641,2.431962097637265,False
26483,NEEDHAM BANK,2024-03-31,3777.62,0.0,11.373400544922985,True
26483,NEEDHAM BANK,2024-06-30,3922.822,0.0,16.114502654253396,True
26483,NEEDHAM BANK,2024-09-30,4047.396,0.0,11.194090184438455,True
26484,NORTH SHORE BANK A COOP BANK,2024-03-31,1395.203,0.0,5.170457564291378,False
26484,NORTH SHORE BANK A COOP BANK,2024-06-30,1413.718,0.0,7.228629391280224,False
26484,NORTH SHORE BANK A COOP BANK,2024-09-30,2345.697,0.689,6.787049633412133,False
26487,WALPOLE COOP BANK,2024-03-31,442.22,0.0,1.927848008131108,False
26487,WALPOLE COOP BANK,2024-06-30,446.836,0.0,2.7587696579960057,False
26487,WALPOLE COOP BANK,2024-09-30,456.448,0.0,1.8001558351407718,False
26499,AMERICAN NB OF MINNESOTA,2024-03-31,343.996,9.105,1.4858769273726684,False
26499,AMERICAN NB OF MINNESOTA,2024-06-30,334.891,0.0,1.9551298022347063,False
26499,AMERICAN NB OF MINNESOTA,2024-09-30,344.582,0.0,1.383269308079844,False
26512,METHUEN COOP BANK,2024-03-31,120.938,0.0,0.6693999526134492,False
26512,METHUEN COOP BANK,2024-06-30,124.459,0.0,0.9524955268457087,False
26512,METHUEN COOP BANK,2024-09-30,129.184,4.665,0.7406616964711236,False
26513,STOUGHTON COOP BANK,2024-03-31,113.324,0.0,0.5251921416649779,False
26513,STOUGHTON COOP BANK,2024-06-30,113.414,0.0,0.7271791204673997,False
26513,STOUGHTON COOP BANK,2024-09-30,115.87,0.0,0.574086604690285,False
26516,WAKEFIELD COOP BANK,2024-03-31,263.514,0.0,1.2075165469174598,False
26516,WAKEFIELD COOP BANK,2024-06-30,266.672,0.0,1.664886629799751,False
26516,WAKEFIELD COOP BANK,2024-09-30,267.286,8.023,1.2470555978731162,False
26517,CAPE COD COOP BANK,2024-03-31,1322.0,0.0,4.821864085084417,False
26517,CAPE COD COOP BANK,2024-06-30,1357.115,45.702,6.676497054132511,False
26517,CAPE COD COOP BANK,2024-09-30,1311.413,0.0,4.526009085919097,False
26519,FROST STATE BANK,2024-03-31,40.441,0.0,0.05797689864775941,False
26519,FROST STATE BANK,2024-06-30,41.107,0.0,0.09351207791125996,False
26519,FROST STATE BANK,2024-09-30,41.13,0.0,0.07439985211976692,False
26520,SECURITY BANK OF SW MO,2024-03-31,109.818,0.0,0.4958949020548262,False
26520,SECURITY BANK OF SW MO,2024-06-30,110.765,0.0,0.689448538952408,False
26520,SECURITY BANK OF SW MO,2024-09-30,114.691,0.0,0.5300061964031054,False
26522,THE BANK,2024-03-31,407.825,12.307,3.1538880736128405,False
26522,THE BANK,2024-06-30,395.518,8.772,3.6670580344636945,False
26522,THE BANK,2024-09-30,386.746,0.0,2.51390009844593,False
26523,HOMETOWN BANK,2024-03-31,1244.135,0.0,4.672024040970603,False
26523,BANKHOMETOWN,2024-06-30,1255.981,0.0,6.277579756602785,False
26523,BANKHOMETOWN,2024-09-30,1275.141,0.0,4.780380268060111,False
26530,DENALI STATE BANK,2024-03-31,421.717,0.0,2.1751155843344363,False
26530,DENALI STATE BANK,2024-06-30,436.311,4.11,3.0054397232708125,False
26530,DENALI STATE BANK,2024-09-30,432.201,0.0,1.9663191397141124,False
26536,BANKGLOUCESTER,2024-03-31,316.217,0.0,1.3666162555997972,False
26536,BANKGLOUCESTER,2024-06-30,320.746,8.259,2.0017797970962214,False
26536,BANKGLOUCESTER,2024-09-30,312.487,2.651,1.292708962281755,False
26539,MICRONESIA,2024-03-31,181.535,0.0,3.479405827666182,False
26539,MICRONESIA,2024-06-30,198.513,0.0,4.768416960354991,False
26539,MICRONESIA,2024-09-30,204.307,0.0,3.9052026833030413,False
26542,BANK OF DESOTO NATIONAL ASSN,2024-03-31,202.124,0.0,1.5334710050139624,False
26542,BANK OF DESOTO NATIONAL ASSN,2024-06-30,202.831,0.0,2.1273867635976575,False
26542,BANK OF DESOTO NATIONAL ASSN,2024-09-30,226.342,0.0,2.1619187008397356,False
26543,FIRST NATIONAL BANK,2024-03-31,1152.629,51.667,5.474827881629574,False
26543,FIRST NATIONAL BANK,2024-06-30,1100.962,0.0,7.049479149382175,False
26543,FIRST NATIONAL BANK,2024-09-30,1195.317,28.991,5.180401993437861,False
26554,BANK OF EASTON,2024-03-31,182.89,5.766,1.384337676471022,False
26554,BANK OF EASTON,2024-06-30,177.124,0.0,1.6124310431648357,False
26554,BANK OF EASTON,2024-09-30,179.947,0.0,1.330883112514891,False
26555,ONELOCAL BANK,2024-03-31,750.866,13.701,2.8290988281437714,False
26555,ONELOCAL BANK,2024-06-30,737.165,0.0,3.749051034758881,False
26555,ONELOCAL BANK,2024-09-30,768.678,0.0,2.6209247287256567,False
26559,STONEHAMBANK A COOP BANK,2024-03-31,626.145,0.0,2.82185881559804,False
26559,STONEHAMBANK A COOP BANK,2024-06-30,660.729,0.0,4.1848905756974055,False
26559,STONEHAMBANK A COOP BANK,2024-09-30,705.575,0.0,3.064697177677763,False
26564,DELTA BANK,2024-03-31,480.629,0.0,2.3267282799197977,False
26564,DELTA BANK,2024-06-30,494.005,0.259,3.179367883024571,False
26564,DELTA BANK,2024-09-30,493.746,5.848,2.228961565652584,False
26567,NORTH CAMBRIDGE COOP BANK,2024-03-31,60.304,1.447,0.3544119940502129,False
26567,NORTH CAMBRIDGE COOP BANK,2024-06-30,58.857,0.704,0.5060891443509149,False
26567,NORTH CAMBRIDGE COOP BANK,2024-09-30,58.153,0.0,0.29292251400241553,False
26576,WRENTHAM COOP BANK,2024-03-31,150.367,0.0,1.4715585393799435,False
26576,WRENTHAM COOP BANK,2024-06-30,159.68,0.18,2.0982775956659268,False
26576,WRENTHAM COOP BANK,2024-09-30,159.5,0.0,1.496778821798698,False
26588,DEDICATED COMMUNITY BANK,2024-03-31,87.196,0.0,0.43533370217663925,False
26588,DEDICATED COMMUNITY BANK,2024-06-30,87.824,0.0,0.5926060188162636,False
26588,DEDICATED COMMUNITY BANK,2024-09-30,91.188,0.0,0.4874417428588282,False
26590,ABINGTON BANK,2024-03-31,1002.549,32.71,3.961497825605801,False
26591,COASTAL HERITAGE BANK,2024-03-31,775.205,5.644,3.207178632697192,False
26591,COASTAL HERITAGE BANK,2024-06-30,769.561,0.0,4.381717100192535,False
26591,COASTAL HERITAGE BANK,2024-09-30,795.411,21.874,3.2695740595604694,False
26602,CHARLES RIVER BANK,2024-03-31,275.181,0.0,1.4483819442110117,False
26602,CHARLES RIVER BANK,2024-06-30,282.597,0.0,2.1694707023148245,False
26602,CHARLES RIVER BANK,2024-09-30,282.886,0.0,1.6205216296339637,False
26610,BANK OF HOPE,2024-03-31,14776.112,44.156,42.05195921041619,True
26610,BANK OF HOPE,2024-06-30,14731.956,0.0,52.02122468244775,True
26610,BANK OF HOPE,2024-09-30,14751.313,402.694,35.43505466849638,True
26620,READING COOP BANK,2024-03-31,682.628,0.0,3.07798205162096,False
26620,READING COOP BANK,2024-06-30,688.314,10.112,4.169692804007941,False
26620,READING COOP BANK,2024-09-30,678.202,0.0,2.8905885683073334,False
26626,UNITED TEXAS BANK,2024-03-31,724.675,0.0,6.406742194680797,False
26626,UNITED TEXAS BANK,2024-06-30,747.188,26.053,8.972819066328055,False
26626,UNITED TEXAS BANK,2024-09-30,721.135,0.0,6.001110864132688,False
26627,BANK OF THE WEST,2024-03-31,759.397,49.407,7.979544066696885,False
26627,BANK OF THE WEST,2024-06-30,709.99,0.0,8.223308182387374,False
26627,BANK OF THE WEST,2024-09-30,726.568,0.0,6.256335983959593,False
26634,MECHANICS COOP BANK,2024-03-31,582.363,0.0,2.321151359836566,False
26634,MECHANICS COOP BANK,2024-06-30,598.296,0.0,3.23491314291152,False
26634,MECHANICS COOP BANK,2024-09-30,627.025,0.0,2.3160661717912885,False
26647,FIRSTRUST SAVINGS BANK,2024-03-31,4406.936,547.875,19.76824194073806,True
26647,FIRSTRUST SAVINGS BANK,2024-06-30,3859.061,0.0,18.80191539679487,True
26647,FIRSTRUST SAVINGS BANK,2024-09-30,4022.89,0.0,12.480095835514218,True
26653,BANDERA BANK,2024-03-31,84.051,0.337,0.7978585008164333,False
26653,BANDERA BANK,2024-06-30,83.714,0.0,1.1470561097856615,False
26653,BANDERA BANK,2024-09-30,85.86,3.798,0.9237403463751261,False
26658,AMISTAD BANK,2024-03-31,38.751,1.018,0.07903810963596226,False
26658,AMISTAD BANK,2024-06-30,37.733,1.974,0.1408723123559453,False
26658,AMISTAD BANK,2024-09-30,35.759,0.0,0.08610146101740941,False
26677,BANKERS BANK,2024-03-31,215.738,1.362,1.1389532178117379,False
26677,BANKERS BANK,2024-06-30,214.376,0.0,1.5153557007487393,False
26677,BANKERS BANK,2024-09-30,215.964,0.0,1.0967200611624777,False
26687,PNB COMMUNITY BANK,2024-03-31,138.022,0.0,0.6811300350975893,False
26687,PNB COMMUNITY BANK,2024-06-30,142.858,1.636,1.0632597677764641,False
26687,PNB COMMUNITY BANK,2024-09-30,141.222,0.0,0.7060283752230627,False
26689,BANK OF ALMA,2024-03-31,154.68,5.052,0.5182562319395244,False
26689,BANK OF ALMA,2024-06-30,149.628,0.0,0.8165497727193146,False
26689,BANK OF ALMA,2024-09-30,151.719,0.0,0.66426888477264,False
26703,RIVER CITY BANK INC,2024-03-31,388.087,0.0,1.8945663800763706,False
26703,RIVER CITY BANK INC,2024-06-30,402.645,0.0,2.699618282788219,False
26703,RIVER CITY BANK INC,2024-09-30,410.858,0.0,1.9002716849680557,False
26704,BALBOA THRIFT&LOAN ASSN,2024-03-31,367.556,5.372,1.6250498948402463,False
26704,BALBOA THRIFT&LOAN ASSN,2024-06-30,362.184,0.0,2.0735854425201503,False
26704,BALBOA THRIFT&LOAN ASSN,2024-09-30,375.892,3.478,1.5565169910159344,False
26708,SPECTRA BANK,2024-03-31,77.874,0.0,0.5542672636130722,False
26708,SPECTRA BANK,2024-06-30,80.659,0.0,0.7910599021610253,False
26708,SPECTRA BANK,2024-09-30,95.581,0.0,1.2104246680676958,False
26725,BANCO DO BRASIL AMERICAS,2024-03-31,2571.735,28.267,16.47937076875297,True
26725,BANCO DO BRASIL AMERICAS,2024-06-30,2543.468,7.194,18.761056212536847,True
26725,BANCO DO BRASIL AMERICAS,2024-09-30,2536.274,9.443,12.440705003824316,True
26727,BANK OF SOUTH TEXAS,2024-03-31,141.874,6.081,0.9320554858007312,False
26727,BANK OF SOUTH TEXAS,2024-06-30,135.793,1.722,1.323457120554591,False
26727,BANK OF SOUTH TEXAS,2024-09-30,134.071,2.775,0.9789446360649597,False
26738,TEXAS FINANCIAL BANK,2024-03-31,116.176,4.806,0.8796670914432141,False
26738,TEXAS FINANCIAL BANK,2024-06-30,111.37,0.0,1.0837305634251275,False
26738,TEXAS FINANCIAL BANK,2024-09-30,116.533,0.0,0.8450646395574629,False
26755,MINNESOTA 1ST CREDIT&SVG INC,2024-03-31,19.113,0.469,0.0,False
26755,MINNESOTA 1ST CREDIT&SVG INC,2024-06-30,18.644,0.0,0.0,False
26755,MINNESOTA 1ST CREDIT&SVG INC,2024-09-30,19.694,0.0,0.0,False
26760,GREEN BELT BANK&TRUST,2024-03-31,605.183,12.42,2.552987428746373,False
26760,GREEN BELT BANK&TRUST,2024-06-30,592.763,0.0,3.4076592343530745,False
26760,GREEN BELT BANK&TRUST,2024-09-30,598.973,0.0,2.348445612683142,False
26790,HANA BANK USA NATIONAL ASSN,2024-03-31,305.216,0.0,1.5804589673331648,False
26790,HANA BANK USA NATIONAL ASSN,2024-06-30,405.466,0.0,3.7301443340586675,False
26790,HANA BANK USA NATIONAL ASSN,2024-09-30,437.539,0.0,2.9891688082775754,False
26798,HOME SAVINGS BANK,2024-03-31,76.69,0.0,0.29605293393734794,False
26798,HOME SAVINGS BANK,2024-06-30,86.869,0.0,0.5157106057128211,False
26798,HOME SAVINGS BANK,2024-09-30,91.237,1.964,0.40484017242674014,False
26799,EVABANK,2024-03-31,284.042,0.0,0.9616072032630446,False
26799,EVABANK,2024-06-30,288.903,0.0,1.6649899714665206,False
26799,EVABANK,2024-09-30,300.137,0.0,1.032892847845807,False
26816,LIBERTY BANK INC,2024-03-31,11.357,0.81,0.0,False
26816,LIBERTY BANK INC,2024-06-30,10.547,2.05,0.0,False
26829,FIRST NATIONAL BANK OF PASCO,2024-03-31,287.356,0.0,1.701616795703122,False
26829,FIRST NATIONAL BANK OF PASCO,2024-06-30,294.627,22.004,2.24516589119372,False
26829,FIRST NATIONAL BANK OF PASCO,2024-09-30,272.623,7.244,1.5331242036751862,False
26847,CHESAPEAKE BANK&TRUST CO,2024-03-31,99.803,0.0,0.45838785738298293,False
26847,CHESAPEAKE BANK&TRUST CO,2024-06-30,117.606,17.03,1.1193524067130667,False
26847,CHESAPEAKE BANK&TRUST CO,2024-09-30,100.576,0.0,0.44267649588994307,False
26856,FALCON INTERNATIONAL BANK,2024-03-31,1823.886,62.853,10.485170971148168,True
26856,FALCON INTERNATIONAL BANK,2024-06-30,1761.033,36.406,13.27401309979371,True
26856,FALCON INTERNATIONAL BANK,2024-09-30,1724.627,0.0,8.478816947116092,False
26871,COMMUNITY BANKERS BANK,2024-03-31,119.677,2.524,0.5639037018708937,False
26871,COMMUNITY BANKERS BANK,2024-06-30,117.153,2.624,0.7805128158960383,False
26871,COMMUNITY BANKERS BANK,2024-09-30,114.529,4.096,0.9229658432849317,False
26876,SAFRA NB OF NEW YORK,2024-03-31,8380.142,87.456,67.61581542516308,True
26876,SAFRA NB OF NEW YORK,2024-06-30,8292.686,0.0,78.96516611207943,True
26876,SAFRA NB OF NEW YORK,2024-09-30,8556.914,0.0,66.33304501562695,True
26881,SOFI BANK NATIONAL ASSN,2024-03-31,21763.385,0.0,61.3661144656167,True
26881,SOFI BANK NATIONAL ASSN,2024-06-30,23118.95,0.0,76.48616770224334,True
26881,SOFI BANK NATIONAL ASSN,2024-09-30,24585.953,0.0,53.687862385446294,True
26891,LIBERTY BANK MINNESOTA,2024-03-31,249.764,13.061,1.6869914744973533,False
26891,LIBERTY BANK MINNESOTA,2024-06-30,236.703,0.0,2.011207753255554,False
26891,LIBERTY BANK MINNESOTA,2024-09-30,248.865,5.556,1.5325073641803126,False
26906,TEXAS REGIONAL BANK,2024-03-31,2428.007,253.771,11.678702519778016,True
26906,TEXAS REGIONAL BANK,2024-06-30,2174.236,0.0,13.841645651113943,True
26906,TEXAS REGIONAL BANK,2024-09-30,2438.379,0.0,11.145548100711313,True
26912,BANK OF SOUTH CAROLINA,2024-03-31,527.661,17.795,2.927329542096435,False
26912,BANK OF SOUTH CAROLINA,2024-06-30,509.866,5.899,3.6504423624046742,False
26912,BANK OF SOUTH CAROLINA,2024-09-30,503.967,12.825,2.5646549705779798,False
26922,COOP BANK,2024-03-31,463.899,4.761,2.0521097533446966,False
26922,COOP BANK,2024-06-30,459.138,1.298,2.7496789823120276,False
26922,COOP BANK,2024-09-30,457.84,0.0,1.9348672898704053,False
26941,PEOPLES BANK OF DEER LODGE,2024-03-31,39.5,0.0,0.016130426842714877,False
26941,PEOPLES BANK OF DEER LODGE,2024-06-30,40.056,0.294,0.06740336754332432,False
26941,PEOPLES BANK OF DEER LODGE,2024-09-30,39.762,0.0,0.07490579190137324,False
26944,AMERICAN STATE BANK,2024-03-31,246.02,4.871,1.3437908389489341,False
26944,AMERICAN STATE BANK,2024-06-30,241.149,3.518,1.7031387214483769,False
26944,AMERICAN STATE BANK,2024-09-30,237.631,0.0,1.1792231148409367,False
26955,BANK OF CLEVELAND,2024-03-31,290.373,9.022,1.5879002612906412,False
26955,BANK OF CLEVELAND,2024-06-30,281.351,5.519,1.8484411765633966,False
26955,BANK OF CLEVELAND,2024-09-30,275.832,0.0,1.0955227683437525,False
26960,FIRST BANK OF THE LAKE,2024-03-31,914.054,0.0,3.367434381667739,False
26960,FIRST BANK OF THE LAKE,2024-06-30,1150.119,0.0,5.348008573203584,False
26960,FIRST BANK OF THE LAKE,2024-09-30,1177.1,0.0,3.819697138839611,False
26962,WILSON BANK&TRUST,2024-03-31,4457.72,0.0,16.54865895602382,True
26962,WILSON BANK&TRUST,2024-06-30,4507.398,0.0,21.26105386575716,True
26962,WILSON BANK&TRUST,2024-09-30,4718.795,0.0,15.438136245759138,True
27010,YOUNG AMERICANS BANK,2024-03-31,16.426,0.622,0.9310299852656,False
27010,YOUNG AMERICANS BANK,2024-06-30,15.804,0.0,1.1009027328375127,False
27010,YOUNG AMERICANS BANK,2024-09-30,17.014,1.706,0.8546903918151949,False
27015,42 NORTH PRIVATE BANK,2024-03-31,169.28,0.989,0.9641360977064103,False
27015,42 NORTH PRIVATE BANK,2024-06-30,168.291,14.494,1.402413100253122,False
27015,42 NORTH PRIVATE BANK,2024-09-30,153.797,2.626,0.8353194293502254,False
27026,NATIVE AMERICAN BANK NA,2024-03-31,250.389,0.0,2.610807036007555,False
27026,NATIVE AMERICAN BANK NA,2024-06-30,259.756,0.0,3.6011818306739025,False
27026,NATIVE AMERICAN BANK NA,2024-09-30,359.803,0.0,5.776732524731995,False
27043,SANGER BANK,2024-03-31,168.117,1.725,1.0791633744302593,False
27043,SANGER BANK,2024-06-30,166.392,0.0,1.4510237850743841,False
27043,SANGER BANK,2024-09-30,175.439,0.93,1.216898878796573,False
27046,COMMUNITY NB&T,2024-03-31,1891.146,0.0,9.193167284160431,False
27046,COMMUNITY NB&T,2024-06-30,1911.02,0.0,11.949936422264969,False
27046,COMMUNITY NB&T,2024-09-30,1921.774,0.0,8.55768908550731,False
27052,ST CHARLES B&T CO NA,2024-03-31,2205.84,0.0,9.612627139290792,False
27052,ST CHARLES B&T CO NA,2024-06-30,2371.892,0.0,12.977301068954839,False
27052,ST CHARLES B&T CO NA,2024-09-30,2506.449,79.055,9.940153058715673,True
27054,SUMITOMO MITSUI TR BK U SA,2024-03-31,2946.342,0.0,106.87806467475936,True
27054,SUMITOMO MITSUI TR BK U SA,2024-06-30,2965.636,0.0,129.04753995076237,True
27054,SUMITOMO MITSUI TR BK U SA,2024-09-30,3329.289,806.39,121.98464351988156,True
27074,STATE BANK OF TEXAS,2024-03-31,2269.945,0.0,9.090234928129114,False
27074,STATE BANK OF TEXAS,2024-06-30,2322.578,7.953,12.470879869411057,False
27074,STATE BANK OF TEXAS,2024-09-30,2314.625,35.904,8.457992477804762,False
27118,PREMIER BANK OF THE SOUTH,2024-03-31,321.154,0.0,2.8405092449612392,False
27118,PREMIER BANK OF THE SOUTH,2024-06-30,326.4,0.0,3.787302962045763,False
27118,PREMIER BANK OF THE SOUTH,2024-09-30,331.753,0.0,2.9118410035822633,False
27132,UNITED SECURITY BANK,2024-03-31,958.905,0.0,4.134310568494657,False
27132,UNITED SECURITY BANK,2024-06-30,1009.315,0.0,5.708308411151062,False
27132,UNITED SECURITY BANK,2024-09-30,1068.839,8.364,4.206277625982623,False
27153,CITIZENS BANK&TRUST INC,2024-03-31,112.69,1.058,0.6245677466997618,False
27153,CITIZENS BANK&TRUST INC,2024-06-30,111.632,0.0,0.855765923062769,False
27153,CITIZENS BANK&TRUST INC,2024-09-30,111.766,0.0,0.602964140098787,False
27201,COMMUNITY STATE BANK,2024-03-31,76.933,0.0,0.5187185421788093,False
27201,COMMUNITY STATE BANK,2024-06-30,79.256,5.282,0.7649466261547173,False
27201,COMMUNITY STATE BANK,2024-09-30,73.974,2.228,0.49929566530344477,False
27210,INTERBANK,2024-03-31,4008.643,94.252,14.87872641228619,True
27210,INTERBANK,2024-06-30,3914.391,13.134,18.36527217314666,True
27210,INTERBANK,2024-09-30,3901.257,0.0,13.143431080806108,True
27211,FIRST COMMUNITY BANK OF TN,2024-03-31,595.865,0.0,2.8549132796981063,False
27211,FIRST COMMUNITY BANK OF TN,2024-06-30,626.983,38.051,3.9111140670047666,False
27211,FIRST COMMUNITY BANK OF TN,2024-09-30,588.932,7.104,2.5988117186310524,False
27219,INDEPENDENT CORRESPONDENT BA,2024-03-31,69.136,12.481,0.9135741046365978,False
27219,INDEPENDENT CORRESPONDENT BA,2024-06-30,56.655,0.0,0.8878380738736539,False
27219,INDEPENDENT CORRESPONDENT BA,2024-09-30,65.515,0.0,0.8276089440983316,False
27233,PEOPLES INDEPENDENT BANK,2024-03-31,401.213,4.656,3.132528271526896,False
27233,PEOPLES INDEPENDENT BANK,2024-06-30,396.557,0.0,4.025542396783369,False
27233,PEOPLES INDEPENDENT BANK,2024-09-30,399.983,0.0,2.93204822830094,False
27235,STAR FINANCIAL BANK,2024-03-31,2534.171,0.0,11.737409950692712,True
27235,STAR FINANCIAL BANK,2024-06-30,2624.555,14.079,16.15133721406956,True
27235,STAR FINANCIAL BANK,2024-09-30,2610.476,0.306,11.45636289127666,True
27237,ENTERPRISE BANK&TRUST,2024-03-31,12369.101,0.0,33.76392891282682,True
27237,ENTERPRISE BANK&TRUST,2024-06-30,12403.597,0.0,45.85897845022802,True
27237,ENTERPRISE BANK&TRUST,2024-09-30,12593.328,0.0,32.1780449291015,True
27238,WINCHESTER COOP BANK,2024-03-31,670.61,3.546,3.246788542578469,False
27238,WINCHESTER COOP BANK,2024-06-30,667.064,0.0,4.2081298954254,False
27238,WINCHESTER COOP BANK,2024-09-30,675.549,0.0,3.08085144744784,False
27254,WAYCROSS BANK&TRUST,2024-03-31,220.574,0.0,1.6794515797910594,False
27254,WAYCROSS BANK&TRUST,2024-06-30,225.005,0.342,2.1788038012357345,False
27254,WAYCROSS BANK&TRUST,2024-09-30,224.663,0.0,1.5563038859247538,False
27267,AMERASIA BANK,2024-03-31,677.591,0.0,2.6226673237017812,False
27267,AMERASIA BANK,2024-06-30,689.146,0.0,3.7119890520695167,False
27267,AMERASIA BANK,2024-09-30,753.183,0.0,3.2411657784594063,False
27269,DEAN COOP BANK,2024-03-31,395.423,0.0,2.0749125882106108,False
27269,DEAN COOP BANK,2024-06-30,400.483,2.153,2.8178970858790042,False
27269,DEAN COOP BANK,2024-09-30,398.33,0.02,2.092951147189459,False
27290,SARATOGA NATIONAL BANK&TRUST,2024-03-31,738.618,0.0,3.2467284694593213,False
27290,SARATOGA NATIONAL BANK&TRUST,2024-06-30,740.561,20.76,4.282034326792145,False
27314,SYNCHRONY BANK,2024-03-31,86623.0,1090.0,214.68761107809638,True
27314,SYNCHRONY BANK,2024-06-30,85533.0,1439.0,275.633600700794,True
27314,SYNCHRONY BANK,2024-09-30,84094.0,192.0,183.24712575936135,True
27351,BANKERS BANK OF KANSAS,2024-03-31,119.734,4.499,0.911717900443627,False
27351,BANKERS BANK OF KANSAS,2024-06-30,115.235,1.31,1.1279596703396988,False
27351,BANKERS BANK OF KANSAS,2024-09-30,113.925,0.0,0.610662705285074,False
27362,PRAIRIE STATE BANK&TRUST,2024-03-31,669.572,0.0,3.2184884366247015,False
27362,PRAIRIE STATE BANK&TRUST,2024-06-30,699.723,26.684,5.112158952202432,False
27362,PRAIRIE STATE BANK&TRUST,2024-09-30,673.039,4.7,3.095348537648233,False
27381,FIRST METRO BANK,2024-03-31,859.666,5.408,5.402626433381883,False
27381,FIRST METRO BANK,2024-06-30,854.258,0.0,6.4294050325455165,False
27381,FIRST METRO BANK,2024-09-30,884.688,0.0,4.7561081422113185,False
27385,PORT RICHMOND SAVINGS,2024-03-31,62.575,2.896,0.19605258483218152,False
27385,PORT RICHMOND SAVINGS,2024-06-30,59.679,2.797,0.21214512039634967,False
27385,PORT RICHMOND SAVINGS,2024-09-30,56.882,0.0,0.13602666455568244,False
27389,WELLS FARGO NB WEST,2024-03-31,11295.889,1037.088,82.95916893391313,True
27389,WELLS FARGO NB WEST,2024-06-30,10258.801,1547.015,85.42644829773411,True
27389,WELLS FARGO NB WEST,2024-09-30,8711.786,0.0,42.07097680031452,True
27394,FIRST BANK&TRUST CO,2024-03-31,744.499,0.0,2.909441740406082,False
27394,FIRST BANK&TRUST CO,2024-06-30,751.984,0.0,3.951067685013778,False
27394,FIRST BANK&TRUST CO,2024-09-30,752.55,0.0,2.7139333652534483,False
27398,PEOPLES BANK,2024-03-31,148.64,5.513,0.6740766406354086,False
27398,PEOPLES BANK,2024-06-30,143.127,0.0,0.8845976897998568,False
27398,PEOPLES BANK,2024-09-30,149.759,0.0,0.6806609185628584,False
27408,ENTERPRISE BANK&TRUST CO,2024-03-31,4106.918,0.0,14.154711185774232,True
27408,ENTERPRISE BANK&TRUST CO,2024-06-30,4253.35,62.713,20.031020867604543,True
27408,ENTERPRISE BANK&TRUST CO,2024-09-30,4190.637,0.582,12.72461127067717,True
27409,COMMERCIAL BANK,2024-03-31,251.832,0.0,1.6285211545752147,False
27409,COMMERCIAL BANK,2024-06-30,254.026,0.0,2.24282219429901,False
27409,COMMERCIAL BANK,2024-09-30,254.77,12.366,1.540459415891205,False
27417,SHOREHAM BANK,2024-03-31,374.644,0.0,1.7084218613123612,False
27417,SHOREHAM BANK,2024-06-30,413.262,0.0,2.667313981025617,False
27417,SHOREHAM BANK,2024-09-30,427.098,2.635,1.8188591229248439,False
27471,AMERICAN EXPRESS NB,2024-03-31,147755.18,0.0,404.2800849913788,True
27471,AMERICAN EXPRESS NB,2024-06-30,148704.404,2196.818,522.646683920076,True
27471,AMERICAN EXPRESS NB,2024-09-30,146507.586,0.0,355.2778678652742,True
27476,BANCFIRST,2024-03-31,9380.77,0.0,44.327973353138105,True
27476,BANCFIRST,2024-06-30,9435.375,0.0,57.26675538339497,True
27476,BANCFIRST,2024-09-30,9741.957,0.0,44.56239252389026,True
27496,BANK OF THE LOWCOUNTRY,2024-03-31,347.158,8.559,2.2838741585850575,False
27496,BANK OF THE LOWCOUNTRY,2024-06-30,338.599,0.0,2.5581995930492263,False
27496,BANK OF THE LOWCOUNTRY,2024-09-30,357.167,33.175,2.3941669116686706,False
27499,COMENITY BANK,2024-03-31,3864.223,333.849,15.630214133510536,True
27499,COMENITY BANK,2024-06-30,3530.374,327.654,19.776069075332916,True
27499,COMENITY BANK,2024-09-30,3202.72,0.0,12.478541097991922,True
27503,BERKSHIRE BANK,2024-03-31,472.033,19.476,4.182856348521404,False
27503,BERKSHIRE BANK,2024-06-30,452.557,0.0,5.394116648037756,False
27503,BERKSHIRE BANK,2024-09-30,453.734,0.929,4.6641041002269095,False
27510,METRO BANK,2024-03-31,899.687,0.0,5.500242915041934,False
27510,METRO BANK,2024-06-30,914.601,0.0,7.5890450679297174,False
27510,METRO BANK,2024-09-30,946.325,0.0,5.80959347644939,False
27556,BURLING BANK,2024-03-31,205.909,0.0,1.0038957985651866,False
27556,BURLING BANK,2024-06-30,208.511,32.267,1.5449452749071726,False
27556,BURLING BANK,2024-09-30,176.244,0.0,0.8250203633260929,False
27560,NORTH ALABAMA BANK,2024-03-31,157.982,1.161,0.8208341638549596,False
27560,NORTH ALABAMA BANK,2024-06-30,156.821,5.058,1.1401389978451584,False
27560,NORTH ALABAMA BANK,2024-09-30,151.763,0.0,0.707353540824851,False
27567,GLEN BURNIE MUTUAL SB,2024-03-31,98.162,1.976,0.5046446158018607,False
27567,GLEN BURNIE MUTUAL SB,2024-06-30,96.186,0.172,0.6328149634173422,False
27567,GLEN BURNIE MUTUAL SB,2024-09-30,96.014,0.775,0.47828560633858297,False
27589,LAKE FOREST B&T CO NA,2024-03-31,5712.156,0.0,19.627823258133787,True
27589,LAKE FOREST B&T CO NA,2024-06-30,6269.153,245.761,31.88497490579188,True
27589,LAKE FOREST B&T CO NA,2024-09-30,6023.392,0.0,20.465900644555074,True
27619,PIEDMONT FSB,2024-03-31,926.75,0.0,4.808251860013345,False
27619,PIEDMONT FSB,2024-06-30,941.972,4.272,6.725142214396932,False
27619,PIEDMONT FSB,2024-09-30,937.7,1.226,4.129307219636776,False
27643,FIRST FEDERAL BANK OF OHIO,2024-03-31,229.24,1.384,1.7917407503681622,False
27643,FIRST FEDERAL BANK OF OHIO,2024-06-30,227.856,1.041,2.2572635779714716,False
27643,FIRST FEDERAL BANK OF OHIO,2024-09-30,226.815,0.0,1.6674865792998115,False
27654,HOME FEDERAL BANK,2024-03-31,579.979,4.595,2.5166793180671183,False
27654,HOME FEDERAL BANK,2024-06-30,575.384,9.843,3.555810764180716,False
27654,HOME FEDERAL BANK,2024-09-30,565.541,17.834,2.4987957176014577,False
27664,STERLING FEDERAL BANK FSB,2024-03-31,400.55,8.554,2.097168053658234,False
27664,STERLING FEDERAL BANK FSB,2024-06-30,391.996,0.0,2.7463505754804203,False
27664,STERLING FEDERAL BANK FSB,2024-09-30,413.136,5.718,2.1463431274296356,False
27677,HOMETRUST BANK,2024-03-31,3800.109,91.72,13.71236243323728,True
27677,HOMETRUST BANK,2024-06-30,3708.389,0.0,17.300450689324084,True
27677,HOMETRUST BANK,2024-09-30,3762.758,0.0,11.952993709091043,True
27678,FIRST FEDERAL CMTY BANK SSB,2024-03-31,490.803,2.984,2.341503363488253,False
27678,FIRST FEDERAL CMTY BANK SSB,2024-06-30,487.819,0.0,3.174572973610883,False
27678,FIRST FEDERAL CMTY BANK SSB,2024-09-30,490.332,1.934,2.29062800983046,False
27683,NORTH SHORE TRUST&SAVINGS,2024-03-31,199.4,0.166,1.405348750840459,False
27683,NORTH SHORE TRUST&SAVINGS,2024-06-30,199.234,0.239,1.7719266608324309,False
27683,NORTH SHORE TRUST&SAVINGS,2024-09-30,198.995,0.0,1.274760564770878,False
27686,SLOVENIAN S&LA OF CANONSBURG,2024-03-31,495.611,1.956,2.9520657039926532,False
27686,SLOVENIAN S&LA OF CANONSBURG,2024-06-30,493.655,8.682,3.8115523961544735,False
27686,SLOVENIAN S&LA OF CANONSBURG,2024-09-30,484.973,0.0,2.6360726295449326,False
27697,FIFTH DISTRICT SAVINGS BANK,2024-03-31,403.764,0.0,1.936717734464617,False
27697,FIFTH DISTRICT SAVINGS BANK,2024-06-30,432.744,20.88,3.0320929424002396,False
27697,FIFTH DISTRICT SAVINGS BANK,2024-09-30,411.864,0.0,1.7980463331305439,False
27711,ALTOONA FIRST SAVINGS BANK,2024-03-31,267.147,3.311,1.6990844315945661,False
27711,ALTOONA FIRST SAVINGS BANK,2024-06-30,263.836,0.0,2.1071839093572446,False
27711,ALTOONA FIRST SAVINGS BANK,2024-09-30,266.447,0.0,1.5405709525824716,False
27716,MUTUAL SAVINGS&LOAN ASSN,2024-03-31,21.378,0.887,0.0,False
27716,MUTUAL SAVINGS&LOAN ASSN,2024-06-30,20.491,0.0,0.0,False
27716,MUTUAL SAVINGS&LOAN ASSN,2024-09-30,21.031,0.0,0.0,False
27723,SECURITY BANK S B,2024-03-31,215.599,10.862,2.427080441562674,False
27723,SECURITY BANK S B,2024-06-30,204.737,0.0,2.75258094386479,False
27723,SECURITY BANK S B,2024-09-30,228.742,28.7,2.677844971579293,False
27727,LYONS FEDERAL BANK,2024-03-31,134.08,0.0,0.8264046390288582,False
27727,LYONS FEDERAL BANK,2024-06-30,136.584,4.405,1.076016293555558,False
27727,LYONS FEDERAL BANK,2024-09-30,132.179,0.0,0.6938513648163742,False
27742,MUTUAL SAVINGS BANK,2024-03-31,249.669,7.031,1.52658865080259,False
27742,MUTUAL SAVINGS BANK,2024-06-30,242.638,0.0,1.9926208985878826,False
27742,MUTUAL SAVINGS BANK,2024-09-30,248.23,7.259,1.4769918546794767,False
27752,HIBERNIA BANK,2024-03-31,231.683,0.0,1.2949207366413686,False
27752,HIBERNIA BANK,2024-06-30,238.309,10.391,2.1647396890547643,False
27752,HIBERNIA BANK,2024-09-30,227.918,5.394,1.3703505862550096,False
27760,WEST VIEW SAVINGS BANK,2024-03-31,128.443,1.645,1.0547824517997189,False
27760,WEST VIEW SAVINGS BANK,2024-06-30,126.798,4.077,1.441478665289283,False
27760,WEST VIEW SAVINGS BANK,2024-09-30,122.721,3.5,1.0603904924208871,False
27763,INFIRST BANK,2024-03-31,500.813,0.0,2.1520794775462484,False
27763,INFIRST BANK,2024-06-30,519.629,0.0,3.0825251752230454,False
27763,INFIRST BANK,2024-09-30,526.929,0.0,2.0905237002204076,False
27767,UNION FS&LA,2024-03-31,127.398,0.209,0.5676520233831972,False
27767,UNION FS&LA,2024-06-30,127.189,1.235,0.7380156441420622,False
27767,UNION FS&LA,2024-09-30,125.954,0.0,0.48452106202708983,False
27774,GATE CITY BANK,2024-03-31,3030.996,0.0,11.38537034582305,True
27774,GATE CITY BANK,2024-06-30,3088.897,0.0,16.021935354060293,True
27774,GATE CITY BANK,2024-09-30,3178.844,0.0,11.649376168100993,True
27799,WILLIAM PENN BANK,2024-03-31,633.914,0.0,3.1652940897578974,False
27799,WILLIAM PENN BANK,2024-06-30,636.798,3.233,4.269973612956884,False
27799,WILLIAM PENN BANK,2024-09-30,633.565,2.706,3.0338360451551765,False
27806,FAIRFIELD FS&LA OF LANCASTER,2024-03-31,238.353,0.0,0.989363322005523,False
27806,FAIRFIELD FS&LA OF LANCASTER,2024-06-30,241.485,5.4,1.3779095010707025,False
27806,FAIRFIELD FS&LA OF LANCASTER,2024-09-30,236.085,0.0,0.8952142476694825,False
27811,INDEPENDENT BANK,2024-03-31,4648.307,0.0,16.46789761540445,True
27811,INDEPENDENT BANK,2024-06-30,4684.678,0.0,22.595045905118614,True
27811,INDEPENDENT BANK,2024-09-30,4692.144,0.0,14.872449294975556,True
27824,SALEM COOP BANK,2024-03-31,385.991,23.0,1.5843444035336687,False
27824,SALEM COOP BANK,2024-06-30,362.991,0.0,2.109606464061933,False
27824,SALEM COOP BANK,2024-09-30,371.884,7.29,1.501185499070155,False
27841,CITIZENS FS&LA,2024-03-31,26.158,0.0,0.0,False
27841,CITIZENS FS&LA,2024-06-30,26.692,0.0,0.006958359278159475,False
27841,CITIZENS FS&LA,2024-09-30,27.89,1.214,0.03172327770047454,False
27847,PIONEER SAVINGS BANK,2024-03-31,31.982,0.0,0.0,False
27847,PIONEER SAVINGS BANK,2024-06-30,34.93,0.0,0.05647958579002975,False
27847,PIONEER SAVINGS BANK,2024-09-30,35.357,0.0,0.057047626717765025,False
27872,PIONEER BANK,2024-03-31,800.95,2.508,4.702602486335298,False
27872,PIONEER BANK,2024-06-30,798.442,0.0,7.099127873506151,False
27872,PIONEER BANK,2024-09-30,814.226,49.331,5.677318111805275,False
27884,HUNTINGTON FSB,2024-03-31,432.012,3.148,2.4451011224696777,False
27884,HUNTINGTON FSB,2024-06-30,428.864,12.899,3.3106318669612085,False
27884,HUNTINGTON FSB,2024-09-30,415.965,2.691,2.222497304118034,False
27897,BLACK MOUNTAIN SB SSB,2024-03-31,40.028,0.873,0.256207666840545,False
27897,BLACK MOUNTAIN SB SSB,2024-06-30,39.155,0.632,0.3549700650068271,False
27897,BLACK MOUNTAIN SB SSB,2024-09-30,38.523,0.837,0.26385026079988916,False
27898,HOME S&LA OF CARROLL CNTY FA,2024-03-31,98.757,0.0,0.4481075735956152,False
27898,HOME S&LA OF CARROLL CNTY FA,2024-06-30,99.798,0.0,0.6393887959052463,False
27898,HOME S&LA OF CARROLL CNTY FA,2024-09-30,101.217,0.0,0.48221150123669654,False
27910,CENTRAL SAVINGS FSB,2024-03-31,75.476,0.0,0.24281449529433394,False
27910,CENTRAL SAVINGS FSB,2024-06-30,77.112,0.745,0.3766712152075828,False
27910,CENTRAL SAVINGS FSB,2024-09-30,76.367,0.0,0.26131274405702987,False
27932,RIVERWOOD BANK,2024-03-31,537.718,0.0,2.5596604331415302,False
27932,RIVERWOOD BANK,2024-06-30,549.448,0.0,3.387895603423312,False
27943,BRENTWOOD BANK,2024-03-31,686.835,0.0,3.2287166422401987,False
27943,BRENTWOOD BANK,2024-06-30,695.914,0.0,4.322731451389106,False
27943,BRENTWOOD BANK,2024-09-30,702.665,6.916,2.975153923144425,False
27965,GREENVILLE FEDERAL,2024-03-31,224.692,2.076,1.2134024828389813,False
27965,GREENVILLE FEDERAL,2024-06-30,222.616,0.0,1.5630262723257153,False
27965,GREENVILLE FEDERAL,2024-09-30,226.912,0.0,1.1024752234662794,False
27969,COMMUNITY SAVINGS,2024-03-31,135.596,0.0,0.5915399895530034,False
27969,COMMUNITY SAVINGS,2024-06-30,175.513,0.0,1.1203597757915433,False
27969,COMMUNITY SAVINGS,2024-09-30,186.455,0.0,0.9509474240176916,False
27981,CAPITOL FEDERAL SAVINGS BANK,2024-03-31,6255.585,26.5,19.666692239582442,True
27981,CAPITOL FEDERAL SAVINGS BANK,2024-06-30,6229.085,0.0,25.47171351278385,True
27981,CAPITOL FEDERAL SAVINGS BANK,2024-09-30,6256.992,0.0,17.075515911478277,True
27989,OSB COMMUNITY BANK,2024-03-31,284.041,4.694,1.1791958027486107,False
27989,OSB COMMUNITY BANK,2024-06-30,279.347,0.833,1.6541294412734129,False
27989,OSB COMMUNITY BANK,2024-09-30,278.514,0.0,1.1455907463977235,False
27998,GUARDIAN SAVINGS BANK,2024-03-31,1029.518,0.0,4.874298849809898,False
27998,GUARDIAN SAVINGS BANK,2024-06-30,1079.22,0.0,6.668872306129719,False
27998,GUARDIAN SAVINGS BANK,2024-09-30,1122.367,0.0,4.831220054929592,False
28035,BELMONT SAVINGS BANK SSB,2024-03-31,96.839,1.787,0.3781370458557581,False
28035,BELMONT SAVINGS BANK SSB,2024-06-30,95.052,0.358,0.5003560156254636,False
28035,BELMONT SAVINGS BANK SSB,2024-09-30,94.694,0.0,0.3775513626960682,False
28060,CITIZENS FS&LA,2024-03-31,162.054,1.159,0.7821481960655291,False
28060,CITIZENS FS&LA,2024-06-30,160.895,0.0,1.0293548539578403,False
28060,CITIZENS FS&LA,2024-09-30,165.615,0.0,0.7801871028543016,False
28063,COVINGTON SAVINGS&LOAN ASSN,2024-03-31,73.327,4.369,0.5206118048169255,False
28063,COVINGTON SAVINGS&LOAN ASSN,2024-06-30,68.958,1.55,0.566049112045406,False
28063,COVINGTON SAVINGS&LOAN ASSN,2024-09-30,67.408,0.0,0.3994311306726019,False
28080,HARRISON BUILDING&LOAN ASSN,2024-03-31,204.659,2.84,1.3690988049960118,False
28080,HARRISON BUILDING&LOAN ASSN,2024-06-30,201.819,0.0,1.774496165863285,False
28080,HARRISON BUILDING&LOAN ASSN,2024-09-30,205.586,3.198,1.24403966098968,False
28088,WASHINGTON FEDERAL BANK,2024-03-31,21536.789,173.911,53.501439999137645,True
28088,WASHINGTON FEDERAL BANK,2024-06-30,21362.878,0.0,81.6834207983372,True
28088,WASHINGTON FEDERAL BANK,2024-09-30,21524.646,0.0,56.48963954228001,True
28094,HOME BANK NATIONAL ASSN,2024-03-31,2728.038,0.425,9.465247810329616,False
28094,HOME BANK NATIONAL ASSN,2024-06-30,2727.613,0.0,13.002300604999379,False
28094,HOME BANK NATIONAL ASSN,2024-09-30,2785.155,0.0,9.17936568654529,False
28103,COLLINSVILLE BLDG&LA,2024-03-31,88.66,0.357,0.3024493619008928,False
28103,COLLINSVILLE BLDG&LA,2024-06-30,88.303,3.585,0.4527119797167402,False
28103,COLLINSVILLE BLDG&LA,2024-09-30,84.718,0.0,0.2787680233510782,False
28105,FIRST ROBINSON SB NA,2024-03-31,385.175,7.008,2.450759029040251,False
28105,FIRST ROBINSON SB NA,2024-06-30,378.167,0.0,3.167423633740297,False
28105,FIRST ROBINSON SB NA,2024-09-30,399.188,7.729,3.0073410268826657,False
28116,YAKIMA FS&LA,2024-03-31,1442.678,19.524,7.435027243971857,False
28116,YAKIMA FS&LA,2024-06-30,1423.154,0.0,9.615578198032852,False
28116,YAKIMA FS&LA,2024-09-30,1423.715,0.0,6.7350932386321025,False
28151,WEST TOWN BANK&TRUST,2024-03-31,402.392,0.0,1.8245666267802605,False
28151,WEST TOWN BANK&TRUST,2024-06-30,404.6,0.0,2.551927689974398,False
28155,PROFILE BANK,2024-03-31,249.108,0.0,1.6026562701778624,False
28155,PROFILE BANK,2024-06-30,259.692,0.0,2.2266181589833245,False
28155,PROFILE BANK,2024-09-30,259.984,2.902,1.5955259840878513,False
28157,CINCINNATUS SAVINGS&LOAN CO,2024-03-31,109.036,2.585,0.4057930627050607,False
28157,CINCINNATUS SAVINGS&LOAN CO,2024-06-30,106.451,0.0,0.5359651543165488,False
28157,CINCINNATUS SAVINGS&LOAN CO,2024-09-30,136.288,1.685,0.7320771936083997,False
28167,EASTERN CONNECTICUT SB,2024-03-31,231.95,0.0,1.0622584830767194,False
28167,EASTERN CONNECTICUT SB,2024-06-30,238.456,6.135,1.628511692808328,False
28167,EASTERN CONNECTICUT SB,2024-09-30,232.321,0.0,1.111659761023509,False
28178,NORTHWEST BANK,2024-03-31,12425.426,13.437,32.73452081335893,True
28178,NORTHWEST BANK,2024-06-30,12411.989,45.921,44.70400488063906,True
28178,NORTHWEST BANK,2024-09-30,12366.068,0.0,30.59543607067761,True
28186,MCS BANK,2024-03-31,173.885,0.0,0.8204936178896987,False
28186,MCS BANK,2024-06-30,179.912,0.0,1.1986872122701,False
28186,MCS BANK,2024-09-30,181.294,0.65,0.8667479274962072,False
28208,SAN LUIS VALLEY FEDERAL BANK,2024-03-31,315.878,0.0,1.6427820378111846,False
28208,SAN LUIS VALLEY FEDERAL BANK,2024-06-30,319.267,4.794,2.1491857389859157,False
28208,SAN LUIS VALLEY FEDERAL BANK,2024-09-30,314.473,0.0,1.4940613270988876,False
28213,WINTER HILL BANK FSB,2024-03-31,327.445,2.756,1.6745778385973482,False
28213,WINTER HILL BANK FSB,2024-06-30,324.689,22.895,2.2469486141291717,False
28213,WINTER HILL BANK FSB,2024-09-30,301.794,0.0,1.4792116828542212,False
28217,WARSAW FS&LA,2024-03-31,63.963,0.0,0.23720481797598492,False
28217,WARSAW FS&LA,2024-06-30,64.018,0.0,0.4287527322807614,False
28217,WARSAW FS&LA,2024-09-30,70.651,5.156,0.3680228303498001,False
28222,HADDON SAVINGS BANK,2024-03-31,317.231,0.898,2.0668032039009065,False
28222,HADDON SAVINGS BANK,2024-06-30,316.333,8.59,2.681316898646005,False
28222,HADDON SAVINGS BANK,2024-09-30,307.743,0.0,1.9239304487288649,False
28246,HOME SAVINGS BANK,2024-03-31,80.774,0.0,0.2625649186073752,False
28246,HOME SAVINGS BANK,2024-06-30,80.926,0.0,0.39372896383536843,False
28246,HOME SAVINGS BANK,2024-09-30,83.787,2.006,0.3083281609697238,False
28262,ESSA BANK&TRUST,2024-03-31,1459.214,0.0,5.882099285163877,False
28262,ESSA BANK&TRUST,2024-06-30,1569.559,0.0,8.851213690585269,False
28262,ESSA BANK&TRUST,2024-09-30,1636.102,0.0,5.711415881132509,False
28263,CFBANK NATIONAL ASSN,2024-03-31,1724.53,26.811,7.584111456062932,False
28263,CFBANK NATIONAL ASSN,2024-06-30,1697.719,0.0,10.137389895270982,False
28263,CFBANK NATIONAL ASSN,2024-09-30,1747.32,0.0,7.076695743191362,False
28266,RAYMOND FEDERAL BANK,2024-03-31,52.265,0.0,0.10545572794183086,False
28266,CONNECT COMMUNITY BANK,2024-06-30,58.186,0.0,0.3424715533390839,False
28266,CONNECT COMMUNITY BANK,2024-09-30,61.067,2.248,0.21722361383348704,False
28277,OZARKS FS&LA,2024-03-31,202.305,0.0,0.8814122750757444,False
28277,OZARKS FS&LA,2024-06-30,205.882,0.0,1.2917158663091108,False
28277,OZARKS FS&LA,2024-09-30,208.459,0.388,0.935018498953265,False
28288,AUBURN SAVINGS BANK FSB,2024-03-31,74.972,0.419,0.2465544140396438,False
28288,AUBURN SAVINGS BANK FSB,2024-06-30,74.553,0.0,0.37887751511052037,False
28288,AUBURN SAVINGS BANK FSB,2024-09-30,74.874,0.26,0.2988597332298307,False
28302,MUTUAL FEDERAL BANK,2024-03-31,69.466,0.408,0.26317327666858026,False
28302,MUTUAL FEDERAL BANK,2024-06-30,69.058,4.781,0.3431043166678814,False
28302,MUTUAL FEDERAL BANK,2024-09-30,64.277,0.892,0.230361011581752,False
28314,RIVERSIDE SAVINGS BANK SSB,2024-03-31,74.286,0.978,0.2957393041477381,False
28314,RIVERSIDE SAVINGS BANK SSB,2024-06-30,73.308,1.137,0.4152484123594037,False
28314,RIVERSIDE SAVINGS BANK SSB,2024-09-30,72.171,0.533,0.29167340002848813,False
28315,RG BANK A SAVINGS&LOAN ASSN,2024-03-31,120.626,0.821,0.5284711461052701,False
28315,RG BANK A SAVINGS&LOAN ASSN,2024-06-30,119.805,2.03,0.7317999246427359,False
28315,RG BANK A SAVINGS&LOAN ASSN,2024-09-30,117.775,0.0,0.5292369403401219,False
28316,FIDELITY BANK,2024-03-31,781.186,0.754,3.7718291860627553,False
28316,FIDELITY BANK,2024-06-30,780.432,0.0,5.165904936879322,False
28316,FIDELITY BANK,2024-09-30,1013.376,112.032,6.926297463500501,False
28332,SOUTHERN BANK,2024-03-31,4012.39,55.307,13.444476690444857,True
28332,SOUTHERN BANK,2024-06-30,3957.083,0.0,16.695007018009438,True
28332,SOUTHERN BANK,2024-09-30,4055.521,0.0,11.669699947016458,True
28348,BELMONT SAVINGS BANK,2024-03-31,353.128,0.0,1.8842221178628134,False
28348,BELMONT SAVINGS BANK,2024-06-30,355.752,0.0,2.525362703293622,False
28348,BELMONT SAVINGS BANK,2024-09-30,362.836,0.0,1.8013605461913589,False
28349,HOME FS&LA OF NILES,2024-03-31,84.934,0.122,0.4473371996301445,False
28349,HOME FS&LA OF NILES,2024-06-30,84.812,0.46,0.5308887001743947,False
28349,HOME FS&LA OF NILES,2024-09-30,84.352,0.231,0.35976267591990346,False
28359,OCEANFIRST BANK NA,2024-03-31,10300.518,233.097,27.739684807573774,True
28359,OCEANFIRST BANK NA,2024-06-30,10067.421,0.0,37.156000222296434,True
28359,OCEANFIRST BANK NA,2024-09-30,10182.5,0.0,25.908864444365964,True
28362,CENTURY BANK,2024-03-31,1299.611,0.0,6.6122888988446995,False
28362,CENTURY BANK,2024-06-30,1332.956,0.0,10.021010489523784,False
28362,CENTURY BANK,2024-09-30,1360.902,9.617,7.886624422603634,False
28368,MIDDLESEX FEDERAL SAVINGS FA,2024-03-31,594.585,9.873,3.059985607193311,False
28368,MIDDLESEX FEDERAL SAVINGS FA,2024-06-30,584.712,2.353,3.7588547834266257,False
28368,MIDDLESEX FEDERAL SAVINGS FA,2024-09-30,582.359,6.949,2.6341638882525915,False
28369,ROCKLAND SAVINGS BANK FSB,2024-03-31,75.369,4.331,0.249628686297982,False
28369,ROCKLAND SAVINGS BANK FSB,2024-06-30,71.038,0.0,0.328455023390845,False
28369,ROCKLAND SAVINGS BANK FSB,2024-09-30,75.881,1.173,0.27857879677432573,False
28380,ADIRONDACK BANK,2024-03-31,895.357,28.979,4.687804100578174,False
28380,ADIRONDACK BANK,2024-06-30,866.378,0.0,5.98798076833658,False
28380,ADIRONDACK BANK,2024-09-30,889.109,51.111,4.480586748831999,False
28396,FIRST PALMETTO BANK,2024-03-31,825.803,0.0,4.497763339644883,False
28396,FIRST PALMETTO BANK,2024-06-30,858.83,0.0,6.919386362139194,False
28396,FIRST PALMETTO BANK,2024-09-30,879.856,0.0,5.310328843432609,False
28400,WESTBURY BANK,2024-03-31,727.3,0.0,3.050231434544208,False
28400,WESTBURY BANK,2024-06-30,733.416,0.0,4.47026798928358,False
28400,WESTBURY BANK,2024-09-30,736.982,6.03,3.3699435406911626,False
28401,EUREKA SAVINGS BANK,2024-03-31,307.778,5.592,1.7386090444334057,False
28401,EUREKA SAVINGS BANK,2024-06-30,302.186,1.309,2.0187586926267787,False
28401,EUREKA SAVINGS BANK,2024-09-30,300.877,0.0,1.4036721986730682,False
28405,FIRST FED BANK,2024-03-31,1674.305,0.0,6.892338907511755,False
28405,FIRST FED BANK,2024-06-30,1713.392,0.0,9.48150533774568,False
28405,FIRST FED BANK,2024-09-30,1718.938,26.045,6.623568364269629,False
28425,CENTRAL FS&LA,2024-03-31,167.684,1.356,0.9979004083907245,False
28425,CENTRAL FS&LA,2024-06-30,166.328,3.242,1.4142171118044289,False
28425,CENTRAL FS&LA,2024-09-30,163.086,0.0,0.9051950325144626,False
28445,FIRST FSB CHAMPAIGN URBANA,2024-03-31,174.464,5.729,1.7339955422037485,False
28445,FIRST FSB CHAMPAIGN URBANA,2024-06-30,168.735,6.323,1.8354007667366712,False
28445,FIRST FSB CHAMPAIGN URBANA,2024-09-30,162.412,0.0,1.0591546145135435,False
28453,TIMBERLAND BANK,2024-03-31,1639.516,10.758,7.433059896107052,False
28453,TIMBERLAND BANK,2024-06-30,1628.758,0.0,9.612799874988507,False
28453,TIMBERLAND BANK,2024-09-30,1649.098,16.956,6.802651738216972,False
28463,LIBERTY BANK,2024-03-31,51.668,0.0,0.22586181724039414,False
28463,LIBERTY BANK,2024-06-30,52.441,1.393,0.3820968712538932,False
28463,LIBERTY BANK,2024-09-30,51.048,0.42,0.25554183530385505,False
28471,ROXBORO SAVINGS BANK SSB,2024-03-31,261.558,0.0,1.5699878751870184,False
28471,ROXBORO SAVINGS BANK SSB,2024-06-30,266.174,5.586,2.2030323828941727,False
28471,ROXBORO SAVINGS BANK SSB,2024-09-30,260.588,0.0,1.4610030475393012,False
28478,FARMERS&MECHANICS FSB,2024-03-31,106.928,0.0,0.789715275950006,False
28478,FARMERS&MECHANICS FSB,2024-06-30,107.569,0.0,1.0300645358618334,False
28478,FARMERS&MECHANICS FSB,2024-09-30,110.325,1.461,0.7873022503237784,False
28480,COLUMBIA SAVINGS&LOAN ASSN,2024-03-31,23.412,1.682,0.0,False
28480,COLUMBIA SAVINGS&LOAN ASSN,2024-06-30,21.73,0.602,0.0,False
28480,COLUMBIA SAVINGS&LOAN ASSN,2024-09-30,21.128,0.0,0.0,False
28481,COLONIAL FSB,2024-03-31,276.569,0.0,1.6718972206127827,False
28481,COLONIAL FSB,2024-06-30,281.668,0.0,2.3899083081658516,False
28481,COLONIAL FSB,2024-09-30,282.435,1.467,1.7648066013921588,False
28489,BANNER BANK,2024-03-31,13272.945,129.482,37.29211711064119,True
28489,BANNER BANK,2024-06-30,13143.463,0.0,49.86129356848766,True
28489,BANNER BANK,2024-09-30,13607.612,17.502,36.368573603912715,True
28507,ARGENTINE FEDERAL SAVINGS,2024-03-31,47.741,0.0,0.11426212784446685,False
28507,ARGENTINE FEDERAL SAVINGS,2024-06-30,48.764,0.0,0.1996409266426563,False
28507,ARGENTINE FEDERAL SAVINGS,2024-09-30,53.876,3.09,0.2004270657715564,False
28513,WATERSTONE BANK SSB,2024-03-31,1239.894,0.0,4.485003176023429,False
28513,WATERSTONE BANK SSB,2024-06-30,1267.495,0.0,6.18090833778183,False
28513,WATERSTONE BANK SSB,2024-09-30,1314.791,0.0,4.318493617892494,False
28515,TRUSTTEXAS BANK SSB,2024-03-31,334.383,1.676,3.289882469880298,False
28515,TRUSTTEXAS BANK SSB,2024-06-30,332.707,0.0,3.925005291072488,False
28515,TRUSTTEXAS BANK SSB,2024-09-30,338.678,0.0,3.051479572190827,False
28530,FORWARD BANK,2024-03-31,835.875,0.0,3.8729908409688627,False
28530,FORWARD BANK,2024-06-30,903.492,0.0,5.680289604672817,False
28530,FORWARD BANK,2024-09-30,941.285,0.0,4.211426846154794,False
28533,FIRST BANK RICHMOND,2024-03-31,1082.106,0.0,4.578649635133615,False
28533,FIRST BANK RICHMOND,2024-06-30,1109.513,11.022,6.239954329227344,False
28533,FIRST BANK RICHMOND,2024-09-30,1098.491,0.0,4.2900008055975585,False
28543,CUSTER FEDERAL STATE BANK,2024-03-31,94.195,1.952,0.5348944837154233,False
28543,CUSTER FEDERAL STATE BANK,2024-06-30,92.243,0.0,0.6494980118947185,False
28543,CUSTER FEDERAL STATE BANK,2024-09-30,93.833,0.0,0.5047023517771695,False
28555,VALLEY CENTRAL BANK,2024-03-31,119.91,0.0,0.38879622124047425,False
28555,VALLEY CENTRAL BANK,2024-06-30,122.895,0.0,0.5735069051671468,False
28555,VALLEY CENTRAL BANK,2024-09-30,128.485,0.0,0.4241407114857321,False
28585,MAPLE CITY SAVINGS BANK FSB,2024-03-31,106.175,0.0,0.48682103912718744,False
28585,MAPLE CITY SAVINGS BANK FSB,2024-06-30,109.294,0.933,0.7550815513406336,False
28585,MAPLE CITY SAVINGS BANK FSB,2024-09-30,108.361,0.0,0.4951213292469949,False
28593,STURGIS BANK&TRUST CO,2024-03-31,807.562,6.879,3.444516111228354,False
28593,STURGIS BANK&TRUST CO,2024-06-30,800.683,0.0,4.687735123453135,False
28593,STURGIS BANK&TRUST CO,2024-09-30,809.224,0.0,3.3335775113263986,False
28599,OLYMPIA FS&LA,2024-03-31,669.664,13.34,2.8370624771502584,False
28599,OLYMPIA FS&LA,2024-06-30,656.324,0.0,3.8763617848675502,False
28599,OLYMPIA FS&LA,2024-09-30,681.153,0.0,2.68767467549159,False
28611,PULASKI SAVINGS BANK,2024-03-31,43.117,0.0,0.08921240236845573,False
28611,PULASKI SAVINGS BANK,2024-06-30,43.57,0.829,0.1431661848291286,False
28614,EQUITABLE BANK SSB,2024-03-31,308.397,1.702,1.2856018916539125,False
28614,EQUITABLE BANK SSB,2024-06-30,306.695,8.745,1.801044979490626,False
28614,EQUITABLE BANK SSB,2024-09-30,297.95,8.193,1.1991142701360222,False
28635,FIRST FEDERAL S&L BANK,2024-03-31,88.228,0.0,0.29479057490192917,False
28635,FIRST FEDERAL S&L BANK,2024-06-30,90.876,0.0,0.4544700356714168,False
28635,FIRST FEDERAL S&L BANK,2024-09-30,92.382,0.0,0.33921110294804097,False
28637,MILTON SAVINGS BANK,2024-03-31,57.047,0.0,0.20940692110481868,False
28637,MILTON SAVINGS BANK,2024-06-30,58.697,1.327,0.33284748690899474,False
28637,MILTON SAVINGS BANK,2024-09-30,57.37,0.0,0.23694598823924623,False
28652,FAIRVIEW SAVINGS&LOAN ASSN,2024-03-31,40.575,0.682,0.09125311691503608,False
28652,FAIRVIEW SAVINGS&LOAN ASSN,2024-06-30,39.893,0.0,0.1420526978284267,False
28652,FAIRVIEW SAVINGS&LOAN ASSN,2024-09-30,40.268,0.0,0.11749574320615024,False
28663,BROOKVILLE BLDG&SVG ASSN,2024-03-31,31.538,0.0,0.033396486544188315,False
28663,BROOKVILLE BLDG&SVG ASSN,2024-06-30,34.316,0.552,0.12748057336486968,False
28663,BROOKVILLE BLDG&SVG ASSN,2024-09-30,33.764,0.0,0.09168101327231587,False
28667,HOMESTEAD SAVINGS BANK,2024-03-31,70.389,3.541,0.4487100698909577,False
28667,HOMESTEAD SAVINGS BANK,2024-06-30,66.848,1.226,0.4886167661394884,False
28667,HOMESTEAD SAVINGS BANK,2024-09-30,65.622,0.749,0.3378696898844465,False
28677,CONNEAUT SAVINGS BANK,2024-03-31,61.699,0.0,0.2099254406721827,False
28677,CONNEAUT SAVINGS BANK,2024-06-30,63.39,0.41,0.3407965893700116,False
28677,CONNEAUT SAVINGS BANK,2024-09-30,62.98,0.431,0.24089754598381086,False
28679,NORTH SHORE BANK,2024-03-31,2049.848,0.0,8.752227528504461,False
28679,NORTH SHORE BANK,2024-06-30,2059.093,0.0,11.71572003808851,False
28679,NORTH SHORE BANK,2024-09-30,2083.804,0.0,8.366857626729539,False
28701,AMBLER SAVINGS BANK,2024-03-31,423.507,5.952,2.4397725131130836,False
28701,AMBLER SAVINGS BANK,2024-06-30,417.555,0.0,3.0802476068359166,False
28701,AMBLER SAVINGS BANK,2024-09-30,452.924,28.57,2.5035166531793065,False
28703,VERSAILLES SAVINGS&LOAN CO,2024-03-31,41.249,0.0,0.07357439551021601,False
28703,VERSAILLES SAVINGS&LOAN CO,2024-06-30,41.314,0.0,0.10948647216069102,False
28703,VERSAILLES SAVINGS&LOAN CO,2024-09-30,43.374,0.0,0.15012777513376308,False
28706,FIRST FS&LA OF GREENE CO,2024-03-31,895.503,9.39,5.119540655816466,False
28706,FIRST FS&LA OF GREENE CO,2024-06-30,886.113,8.477,6.611834517228124,False
28706,FIRST FS&LA OF GREENE CO,2024-09-30,877.636,11.591,4.52019146337788,False
28708,GSL SAVINGS BANK,2024-03-31,136.485,0.0,0.7770341541743766,False
28708,GSL SAVINGS BANK,2024-06-30,137.182,0.0,0.996950071162406,False
28708,GSL SAVINGS BANK,2024-09-30,139.338,15.243,0.8884321024668989,False
28710,NORTHFIELD BANK,2024-03-31,3972.549,107.205,14.194392398322064,True
28710,NORTHFIELD BANK,2024-06-30,3865.344,0.0,18.25109579373209,True
28710,NORTHFIELD BANK,2024-09-30,3926.945,0.0,13.083367890386436,True
28712,FIRST FS OF MIDDLETOWN,2024-03-31,104.55,0.496,0.3813060910423554,False
28712,FIRST FS OF MIDDLETOWN,2024-06-30,104.054,0.0,0.5067724059539213,False
28712,FIRST FS OF MIDDLETOWN,2024-09-30,106.949,0.0,0.3396593521180371,False
28729,ASCENDIA BANK,2024-03-31,278.144,0.0,1.258300101217215,False
28729,ASCENDIA BANK,2024-06-30,282.595,3.053,1.7424087717834036,False
28729,ASCENDIA BANK,2024-09-30,279.542,0.0,1.2294100453899628,False
28735,GOLDEN BELT BANK FSA,2024-03-31,264.764,1.07,1.2761625718556822,False
28735,GOLDEN BELT BANK FSA,2024-06-30,263.694,4.017,1.7342673214223914,False
28735,GOLDEN BELT BANK FSA,2024-09-30,259.677,2.062,1.2398258817311203,False
28747,HOYNE SAVINGS BANK,2024-03-31,362.896,0.661,2.2085018439271806,False
28747,HOYNE SAVINGS BANK,2024-06-30,362.235,7.374,3.0627429576274725,False
28747,HOYNE SAVINGS BANK,2024-09-30,354.861,0.0,1.9292186686847237,False
28765,KEARNY BANK,2024-03-31,5250.179,52.737,16.937729706984147,True
28765,KEARNY BANK,2024-06-30,5197.442,0.0,22.5968507212861,True
28765,KEARNY BANK,2024-09-30,5502.309,0.0,16.725032226225,True
28769,FIRST FSB OF ANGOLA,2024-03-31,106.441,4.72,0.513179138575196,False
28769,FIRST FSB OF ANGOLA,2024-06-30,101.721,0.0,0.6523874556176268,False
28769,FIRST FSB OF ANGOLA,2024-09-30,104.814,0.0,0.4570863705570439,False
28778,SOMERSET REGAL BANK,2024-03-31,840.822,30.774,3.8449200736946225,False
28778,SOMERSET REGAL BANK,2024-06-30,810.048,0.0,4.555321970434326,False
28778,SOMERSET REGAL BANK,2024-09-30,831.434,0.0,3.2033325914083,False
28780,ARUNDEL FEDERAL SAVINGS BANK,2024-03-31,348.723,3.252,1.39177258971028,False
28780,ARUNDEL FEDERAL SAVINGS BANK,2024-06-30,345.471,4.535,1.8982590939376633,False
28780,ARUNDEL FEDERAL SAVINGS BANK,2024-09-30,340.936,0.0,1.3190445962061477,False
28788,STURDY SAVINGS BANK,2024-03-31,975.868,0.0,5.487644697834742,False
28788,STURDY SAVINGS BANK,2024-06-30,979.78,0.0,7.0555711034413955,False
28788,STURDY SAVINGS BANK,2024-09-30,1040.898,44.552,5.8444797521808995,False
28790,SUPERIOR SAVINGS BANK,2024-03-31,70.182,0.0,0.3212601949335465,False
28790,SUPERIOR SAVINGS BANK,2024-06-30,70.25,0.367,0.4656514599579122,False
28790,SUPERIOR SAVINGS BANK,2024-09-30,69.883,0.653,0.2749996332245472,False
28793,SHARON BANK,2024-03-31,147.561,0.0,0.8178177223376164,False
28793,SHARON BANK,2024-06-30,148.736,8.184,1.0697516545714738,False
28793,SHARON BANK,2024-09-30,140.552,3.864,0.6356750883456715,False
28805,SUNNYSIDE FS&LA OF IRVINGTON,2024-03-31,71.55,0.0,0.33666652554529386,False
28805,SUNNYSIDE FS&LA OF IRVINGTON,2024-06-30,74.685,0.556,0.5416753973685581,False
28805,SUNNYSIDE FS&LA OF IRVINGTON,2024-09-30,74.129,0.0,0.36091653582146654,False
28808,BANKFINANCIAL NATIONAL ASSN,2024-03-31,1271.692,6.354,6.492498195570161,False
28808,BANKFINANCIAL NATIONAL ASSN,2024-06-30,1265.338,51.771,8.98112045588232,False
28808,BANKFINANCIAL NATIONAL ASSN,2024-09-30,1213.567,0.0,6.055023432071121,False
28812,ARMOR BANK,2024-03-31,403.912,10.266,2.0074592201432684,False
28812,ARMOR BANK,2024-06-30,393.646,0.0,2.511870512331938,False
28812,ARMOR BANK,2024-09-30,419.348,2.524,2.1771922312143497,False
28818,CREST SAVINGS BANK,2024-03-31,452.913,0.0,1.957418686150756,False
28818,CREST SAVINGS BANK,2024-06-30,463.628,0.0,2.8776250043167373,False
28818,CREST SAVINGS BANK,2024-09-30,497.057,20.318,2.351520937557425,False
28834,COLUMBIA BANK,2024-03-31,7701.712,44.753,24.602638007003787,True
28834,COLUMBIA BANK,2024-06-30,7656.959,0.0,33.223759799107015,True
28834,COLUMBIA BANK,2024-09-30,7817.506,0.0,22.614702759945942,True
28836,UNITED SAVINGS BANK,2024-03-31,327.273,2.668,3.007169272079178,False
28836,UNITED SAVINGS BANK,2024-06-30,324.605,6.509,4.042967824770719,False
28836,UNITED SAVINGS BANK,2024-09-30,318.096,0.0,3.240703836832799,False
28837,BRATTLEBORO S&LA,2024-03-31,251.772,0.0,1.4423623549416555,False
28837,BRATTLEBORO S&LA,2024-06-30,254.557,3.081,1.8591068257897243,False
28837,BRATTLEBORO S&LA,2024-09-30,251.476,0.0,1.315457934025125,False
28841,COMMUNITY SAVINGS BANK,2024-03-31,365.117,3.652,2.4888813537381465,False
28841,COMMUNITY SAVINGS BANK,2024-06-30,361.465,0.767,3.0688893004734097,False
28841,COMMUNITY SAVINGS BANK,2024-09-30,360.698,0.0,2.0948369400247135,False
28845,FIRST FSB OF TWIN FALLS,2024-03-31,1261.657,0.0,6.9027524624041945,False
28845,FIRST FSB OF TWIN FALLS,2024-06-30,1275.946,0.0,9.158759487759019,False
28845,FIRST FSB OF TWIN FALLS,2024-09-30,1297.091,22.826,6.440011301901976,False
28859,FIRST PIEDMONT FS&LA GAFFNEY,2024-03-31,395.478,1.679,1.4437448651342937,False
28859,FIRST PIEDMONT FS&LA GAFFNEY,2024-06-30,393.799,0.0,2.0362221681657053,False
28859,FIRST PIEDMONT FS&LA GAFFNEY,2024-09-30,394.847,0.0,1.37677911028407,False
28860,CENTURY SAVINGS&LOAN ASSN,2024-03-31,62.464,1.989,0.24580199205897957,False
28860,CENTURY SAVINGS&LOAN ASSN,2024-06-30,60.475,0.0,0.3443235886795355,False
28860,CENTURY SAVINGS&LOAN ASSN,2024-09-30,61.898,0.0,0.26901162622226543,False
28865,MIDCOUNTRY BANK,2024-03-31,974.334,28.183,4.361766525704292,False
28865,MIDCOUNTRY BANK,2024-06-30,946.151,41.74,5.689769314308593,False
28865,MIDCOUNTRY BANK,2024-09-30,904.411,0.0,3.896074052688104,False
28868,BROADSTREET BANK SSB,2024-03-31,341.651,7.953,2.1581410806793815,False
28868,BROADSTREET BANK SSB,2024-06-30,333.698,0.0,2.531867274674917,False
28868,BROADSTREET BANK SSB,2024-09-30,334.819,0.0,1.65862033669981,False
28870,WALLKILL VALLEY FS&LA,2024-03-31,379.85,0.0,1.8782302763917809,False
28870,WALLKILL VALLEY FS&LA,2024-06-30,385.628,0.0,2.5857792582167067,False
28870,WALLKILL VALLEY FS&LA,2024-09-30,404.149,5.86,1.9287686244703268,False
28894,SECURITY FSB,2024-03-31,323.517,0.0,1.6146791572833474,False
28894,SECURITY FSB,2024-06-30,326.445,0.0,2.1166244280224977,False
28894,SECURITY FSB,2024-09-30,330.884,0.0,1.4069515904740353,False
28905,FIRST FINANCIAL BANK,2024-03-31,1378.813,0.0,5.392944042322877,False
28905,FIRST FINANCIAL BANK,2024-06-30,1405.78,0.0,7.293948055564403,False
28905,FIRST FINANCIAL BANK,2024-09-30,1446.548,0.0,5.407684602114433,False
28908,IRON WORKERS SAVINGS BANK,2024-03-31,173.833,0.0,0.8442944776047382,False
28908,IRON WORKERS SAVINGS BANK,2024-06-30,178.305,1.36,1.2936558295642027,False
28908,IRON WORKERS SAVINGS BANK,2024-09-30,176.945,0.0,0.905233743926022,False
28914,EVERGREEN FEDERAL BANK,2024-03-31,514.91,1.624,2.4124622408219056,False
28914,EVERGREEN FEDERAL BANK,2024-06-30,513.286,0.0,3.1741651521445755,False
28914,EVERGREEN FEDERAL BANK,2024-09-30,514.474,2.416,2.214211087194769,False
28924,FIRST FEDERAL SAVINGS BANK,2024-03-31,312.673,3.085,1.5137283020246868,False
28924,FIRST FEDERAL SAVINGS BANK,2024-06-30,309.588,7.979,2.0256016003969948,False
28924,FIRST FEDERAL SAVINGS BANK,2024-09-30,301.609,0.0,1.360826283272933,False
28925,SECURITY SAVINGS BANK,2024-03-31,219.199,5.666,1.2429162682170354,False
28925,SECURITY SAVINGS BANK,2024-06-30,213.533,4.132,1.654953507929055,False
28925,SECURITY SAVINGS BANK,2024-09-30,209.401,0.0,1.1340928093283462,False
28930,VERIMORE BANK,2024-03-31,371.736,0.0,1.7449201598756305,False
28930,VERIMORE BANK,2024-06-30,390.133,3.968,2.700933180649032,False
28930,VERIMORE BANK,2024-09-30,386.165,0.0,1.8284304634538877,False
28942,CARTHAGE S&L NA,2024-03-31,248.808,0.0,1.2012896033501328,False
28942,CARTHAGE S&L NA,2024-06-30,251.003,2.377,1.721524794277887,False
28942,CARTHAGE S&L NA,2024-09-30,248.626,0.862,1.1216127082164862,False
28949,AMORY FS&LA,2024-03-31,66.146,3.039,0.38164832401513593,False
28949,AMORY FS&LA,2024-06-30,63.107,1.147,0.40261970588114027,False
28949,AMORY FS&LA,2024-09-30,61.96,0.595,0.28278382505927174,False
28983,LADYSMITH FS&LA,2024-03-31,64.666,0.0,0.24587338367741107,False
28983,LADYSMITH FS&LA,2024-06-30,66.329,1.265,0.3918977640324392,False
28983,LADYSMITH FS&LA,2024-09-30,65.064,0.0,0.24214584157852664,False
28989,WCF FINANCIAL BANK,2024-03-31,154.961,1.963,0.6876003158133037,False
28989,WCF FINANCIAL BANK,2024-06-30,152.998,0.0,0.8995439689438134,False
28989,WCF FINANCIAL BANK,2024-09-30,157.063,0.0,0.6690399885168128,False
29005,FIRST FS&LA,2024-03-31,18.082,0.241,0.0,False
29005,FIRST FS&LA,2024-06-30,17.841,0.0,0.0,False
29005,FIRST FS&LA,2024-09-30,17.9,0.365,0.0,False
29009,LIBERTY BANK FOR SAVINGS,2024-03-31,646.882,0.0,2.6307683694227064,False
29009,LIBERTY BANK FOR SAVINGS,2024-06-30,647.569,3.419,3.517255579222387,False
29009,LIBERTY BANK FOR SAVINGS,2024-09-30,644.15,0.0,2.322605879128083,False
29011,MECHANICS BANK,2024-03-31,753.52,0.0,3.781321913172699,False
29011,MECHANICS BANK,2024-06-30,756.535,0.0,4.976833406362996,False
29011,MECHANICS BANK,2024-09-30,757.37,2.927,3.4109764347755944,False
29012,HERITAGE BANK,2024-03-31,5534.56,15.314,19.74724301162093,True
29012,HERITAGE BANK,2024-06-30,5519.246,0.0,25.431228154525694,True
29012,HERITAGE BANK,2024-09-30,5709.767,20.421,18.14070313526728,True
29024,BEDFORD FEDERAL SAVINGS BANK,2024-03-31,185.4,0.0,1.0171683555076005,False
29024,BEDFORD FEDERAL SAVINGS BANK,2024-06-30,202.143,0.0,1.7533272625540977,False
29024,BEDFORD FEDERAL SAVINGS BANK,2024-09-30,204.372,0.0,1.0841883214669263,False
29035,HANCOCK COUNTY SB FSB,2024-03-31,361.945,0.0,1.4032918674701382,False
29035,HANCOCK COUNTY SB FSB,2024-06-30,371.796,0.0,2.108000403254531,False
29035,HANCOCK COUNTY SB FSB,2024-09-30,372.71,0.0,1.3969208208855994,False
29042,HOME FEDERAL SAVINGS BANK,2024-03-31,1051.243,51.04,4.769968566486934,False
29042,HOME FEDERAL SAVINGS BANK,2024-06-30,1000.203,26.278,5.600368962549979,False
29047,FIRST FEDERAL BANK OF KS CTY,2024-03-31,659.846,0.0,2.83684117288399,False
29047,FIRST FEDERAL BANK OF KS CTY,2024-06-30,675.395,0.0,3.976095347712208,False
29047,FIRST FEDERAL BANK OF KS CTY,2024-09-30,704.071,26.679,2.9475548614683986,False
29056,FIRST FEDERAL SAVINGS BANK,2024-03-31,473.105,4.436,2.2467069556812342,False
29056,FIRST FEDERAL SAVINGS BANK,2024-06-30,468.669,0.0,3.0457535021272664,False
29056,FIRST FEDERAL SAVINGS BANK,2024-09-30,473.757,3.489,2.16470458631383,False
29058,FIRST FINANCIAL NW BANK,2024-03-31,1182.025,83.229,4.875075415510394,False
29058,FIRST FINANCIAL NW BANK,2024-06-30,1098.796,0.0,6.220090394152386,False
29058,FIRST FINANCIAL NW BANK,2024-09-30,1181.103,38.915,4.734122523112036,False
29059,TUCUMCARI FS&LA,2024-03-31,27.217,0.0,0.0,False
29059,TUCUMCARI FS&LA,2024-06-30,27.433,0.0,0.04928453040852291,False
29059,TUCUMCARI FS&LA,2024-09-30,28.073,0.383,0.04033003946554066,False
29061,TARBORO SAVINGS BANK SSB,2024-03-31,46.424,0.0,0.1601257786362141,False
29061,TARBORO SAVINGS BANK SSB,2024-06-30,48.485,1.376,0.3082167590544688,False
29061,TARBORO SAVINGS BANK SSB,2024-09-30,47.109,0.078,0.19153716598842202,False
29066,DEL NORTE BANK,2024-03-31,119.303,2.647,0.530195283098347,False
29066,DEL NORTE BANK,2024-06-30,116.656,0.0,0.7094664780201805,False
29066,DEL NORTE BANK,2024-09-30,124.976,4.742,0.601657205857603,False
29087,SOUTHWEST HERITAGE BANK,2024-03-31,823.666,49.158,3.7700542720480716,False
29087,SOUTHWEST HERITAGE BANK,2024-06-30,774.508,0.0,4.695064409985518,False
29087,SOUTHWEST HERITAGE BANK,2024-09-30,789.197,0.0,3.5744545808717465,False
29089,NEWPORT FEDERAL BANK,2024-03-31,247.332,0.0,1.9800517725845619,False
29089,NEWPORT FEDERAL BANK,2024-06-30,248.936,1.736,2.6482779276937847,False
29089,NEWPORT FEDERAL BANK,2024-09-30,247.2,0.0,1.8517754026913809,False
29090,FIRST FS&LA,2024-03-31,228.678,0.0,1.1323205145710624,False
29090,FIRST FS&LA,2024-06-30,238.232,0.0,1.6476234986509342,False
29090,FIRST FS&LA,2024-09-30,244.214,0.0,1.2128039204134675,False
29093,INVESTORS COMMUNITY BANK,2024-03-31,81.546,4.153,0.4639302619556915,False
29093,INVESTORS COMMUNITY BANK,2024-06-30,77.393,0.765,0.5915288971900601,False
29093,INVESTORS COMMUNITY BANK,2024-09-30,76.628,0.0,0.43246790759094633,False
29120,PYRAMAX BANK FSB,2024-03-31,410.406,0.0,2.016397710929272,False
29120,PYRAMAX BANK FSB,2024-06-30,412.486,1.261,2.7062274505648345,False
29120,PYRAMAX BANK FSB,2024-09-30,411.225,5.722,1.9668650955411842,False
29121,UNION SAVINGS BANK,2024-03-31,173.031,5.725,1.018455127787997,False
29121,UNION SAVINGS BANK,2024-06-30,167.306,6.581,1.2705328264205702,False
29121,UNION SAVINGS BANK,2024-09-30,160.725,0.0,0.891383914390441,False
29135,FIRST FS&LA OF VAN WERT,2024-03-31,125.172,0.0,0.5681684208048949,False
29135,FIRST FS&LA OF VAN WERT,2024-06-30,137.919,0.0,1.0175626308295518,False
29135,FIRST FS&LA OF VAN WERT,2024-09-30,145.019,0.0,0.7616629955695786,False
29140,AMERICAN FEDERAL BANK,2024-03-31,587.653,3.425,2.4265770495970473,False
29140,AMERICAN FEDERAL BANK,2024-06-30,584.228,6.071,3.3065863470233423,False
29140,AMERICAN FEDERAL BANK,2024-09-30,578.157,0.0,2.269817977552281,False
29143,SYSTEMATIC SAVINGS BANK,2024-03-31,50.591,0.883,0.11481966516911571,False
29143,SYSTEMATIC SAVINGS BANK,2024-06-30,49.708,0.0,0.21773174901952477,False
29143,SYSTEMATIC SAVINGS BANK,2024-09-30,50.733,0.0,0.17037424978705018,False
29147,NORTHEAST COMMUNITY BANK,2024-03-31,1515.343,0.0,5.328870417501636,False
29147,NORTHEAST COMMUNITY BANK,2024-06-30,1569.349,0.0,7.557773078440734,False
29147,NORTHEAST COMMUNITY BANK,2024-09-30,1633.062,0.0,5.106481906234084,False
29164,FIRST FS&LA OF VALDOSTA,2024-03-31,166.516,0.0,0.6854267337908098,False
29164,FIRST FS&LA OF VALDOSTA,2024-06-30,175.166,0.0,1.0608276052374583,False
29164,FIRST FS&LA OF VALDOSTA,2024-09-30,178.394,0.0,0.7298140203349859,False
29170,UNITED ROOSEVELT SB,2024-03-31,251.592,0.171,1.3517456604383649,False
29170,UNITED ROOSEVELT SB,2024-06-30,251.421,0.104,1.734140073502234,False
29170,UNITED ROOSEVELT SB,2024-09-30,251.317,3.447,1.2918010736542205,False
29173,NEW CARLISLE FSB,2024-03-31,181.45,0.0,0.811394066434758,False
29173,NEW CARLISLE FSB,2024-06-30,184.687,6.862,1.1909155263982056,False
29173,NEW CARLISLE FSB,2024-09-30,177.825,0.0,0.7428936049003775,False
29177,BANKTENNESSEE,2024-03-31,500.383,0.333,2.411342595873528,False
29177,BANKTENNESSEE,2024-06-30,500.05,0.0,3.1232401910052516,False
29177,BANKTENNESSEE,2024-09-30,512.197,0.0,2.307620837444663,False
29186,LAWRENCEBURG FEDERAL BANK,2024-03-31,61.428,0.0,0.14890440175319974,False
29186,LAWRENCEBURG FEDERAL BANK,2024-06-30,63.211,0.0,0.2659218300230405,False
29186,LAWRENCEBURG FEDERAL BANK,2024-09-30,64.275,0.0,0.198878878325109,False
29188,FOX VALLEY SAVINGS BANK,2024-03-31,294.359,0.0,1.537992610487123,False
29188,FOX VALLEY SAVINGS BANK,2024-06-30,300.369,0.994,2.1331803256372246,False
29188,FOX VALLEY SAVINGS BANK,2024-09-30,299.375,0.0,1.566497955939,False
29206,GRAHAM SAVINGS&LOAN SSB,2024-03-31,128.91,0.0,0.6311213876159655,False
29206,GRAHAM SAVINGS&LOAN SSB,2024-06-30,132.993,0.471,1.0200640232367306,False
29206,GRAHAM SAVINGS&LOAN SSB,2024-09-30,132.522,2.959,0.7772776420147426,False
29208,DALHART FS&LA SSB,2024-03-31,91.846,1.007,0.5912767719165789,False
29208,DALHART FS&LA SSB,2024-06-30,90.839,0.0,0.8021913082152282,False
29208,DALHART FS&LA SSB,2024-09-30,95.186,2.191,0.7063941578843089,False
29209,NEXBANK,2024-03-31,11715.983,7.213,39.11088589037364,True
29209,NEXBANK,2024-06-30,11708.77,1316.632,50.838370082115304,True
29209,NEXBANK,2024-09-30,10392.138,134.268,31.5388478903253,True
29227,WASHINGTON SAVINGS BANK,2024-03-31,512.776,19.918,3.120651271197541,False
29227,WASHINGTON SAVINGS BANK,2024-06-30,492.858,0.0,3.7569744967596623,False
29227,WASHINGTON SAVINGS BANK,2024-09-30,515.775,25.334,3.014197989350371,False
29231,COUNTY SAVINGS BANK,2024-03-31,93.54,0.0,0.9739761238544878,False
29231,COUNTY SAVINGS BANK,2024-06-30,95.099,1.22,1.326207300106956,False
29231,COUNTY SAVINGS BANK,2024-09-30,93.879,1.692,0.944194308350709,False
29238,WOODRUFF FS&LA,2024-03-31,58.976,0.0,0.22026415523313797,False
29238,WOODRUFF FS&LA,2024-06-30,61.989,0.0,0.40782107637531934,False
29238,WOODRUFF FS&LA,2024-09-30,63.468,2.731,0.30089768262344274,False
29241,HENDERSON FSB,2024-03-31,82.096,0.487,0.3585174557330709,False
29241,HENDERSON FSB,2024-06-30,81.609,0.0,0.4903324884732936,False
29241,HENDERSON FSB,2024-09-30,83.918,0.905,0.39195135454933844,False
29268,EUREKA HOMESTEAD,2024-03-31,66.217,0.0,0.20217378670201186,False
29268,EUREKA HOMESTEAD,2024-06-30,66.336,0.0,0.29179168434057656,False
29268,EUREKA HOMESTEAD,2024-09-30,70.661,0.0,0.23924776465460448,False
29293,CUMBERLAND FEDERAL BANK FSB,2024-03-31,224.758,0.0,1.4006415667328238,False
29293,CUMBERLAND FEDERAL BANK FSB,2024-06-30,240.188,1.74,1.9923197427826587,False
29293,CUMBERLAND FEDERAL BANK FSB,2024-09-30,238.448,0.0,1.4278865076562224,False
29294,PREVAIL BANK,2024-03-31,681.877,0.0,3.193258906447654,False
29294,PREVAIL BANK,2024-06-30,694.127,0.0,4.397199759234748,False
29294,PREVAIL BANK,2024-09-30,708.084,0.0,2.951183999797538,False
29331,TC FEDERAL BANK,2024-03-31,388.641,0.0,1.7494802151684892,False
29331,TC FEDERAL BANK,2024-06-30,395.931,0.0,2.430714324853643,False
29331,TC FEDERAL BANK,2024-09-30,429.277,0.0,2.051644124607763,False
29332,FIRST SOUTHERN BANK,2024-03-31,534.189,11.368,2.5869431593140404,False
29332,FIRST SOUTHERN BANK,2024-06-30,522.821,0.0,3.4860132345627868,False
29332,FIRST SOUTHERN BANK,2024-09-30,530.177,0.0,2.4612649775600417,False
29345,FIRST FS&LA,2024-03-31,194.696,0.519,1.4088759457095583,False
29345,FIRST FS&LA,2024-06-30,194.177,3.043,1.8308792907673264,False
29345,FIRST FS&LA,2024-09-30,191.134,0.0,1.2373835654128773,False
29357,FAMILY BANK,2024-03-31,126.61,2.33,0.7420897143800101,False
29357,FAMILY BANK,2024-06-30,124.28,0.0,0.9512351063267939,False
29357,FAMILY BANK,2024-09-30,127.89,0.206,0.7481904391397316,False
29379,SIDNEY FS&LA,2024-03-31,13.115,0.0,0.0,False
29379,SIDNEY FS&LA,2024-06-30,13.138,0.0,0.0,False
29379,SIDNEY FS&LA,2024-09-30,13.844,0.0,0.0,False
29384,PERU FEDERAL SAVINGS BANK,2024-03-31,167.138,0.0,1.2708046367601535,False
29384,PERU FEDERAL SAVINGS BANK,2024-06-30,167.864,2.306,1.7081511805353897,False
29384,PERU FEDERAL SAVINGS BANK,2024-09-30,165.558,0.0,1.146705517243669,False
29399,GN BANK,2024-03-31,55.014,0.0,0.32114322284480057,False
29399,GN BANK,2024-06-30,55.135,0.0,0.3524718027765135,False
29399,GN BANK,2024-09-30,55.749,0.05,0.307310507524654,False
29426,WORTHINGTON FSB FSB,2024-03-31,86.05,0.758,0.44829648167188246,False
29426,WORTHINGTON FSB FSB,2024-06-30,85.292,0.847,0.6258940505321412,False
29426,WORTHINGTON FSB FSB,2024-09-30,84.445,1.132,0.46075917253664556,False
29430,COMPASS SAVINGS BANK,2024-03-31,51.174,0.0,0.09449674239893456,False
29430,COMPASS SAVINGS BANK,2024-06-30,52.82,0.0,0.16401252539930217,False
29430,COMPASS SAVINGS BANK,2024-09-30,52.844,0.636,0.1439556452513138,False
29449,NORTH SIDE FS&LA OF CHICAGO,2024-03-31,35.018,0.0,0.026465055280406994,False
29449,NORTH SIDE FS&LA OF CHICAGO,2024-06-30,35.508,1.681,0.10064623919807301,False
29449,NORTH SIDE FS&LA OF CHICAGO,2024-09-30,33.827,0.0,0.057207269163009174,False
29471,ARMSTRONG COUNTY BLDG&LA,2024-03-31,78.924,0.437,0.32569613473056885,False
29471,ARMSTRONG COUNTY BLDG&LA,2024-06-30,78.487,0.33,0.4747188901547948,False
29471,ARMSTRONG COUNTY BLDG&LA,2024-09-30,78.157,0.0,0.33291557650797715,False
29476,HOME FS&LA OF GRAND ISLAND,2024-03-31,393.35,0.0,1.6807264884461217,False
29476,HOME FS&LA OF GRAND ISLAND,2024-06-30,394.523,0.0,2.2114489120352503,False
29476,HOME FS&LA OF GRAND ISLAND,2024-09-30,409.1,0.0,1.6147252364570888,False
29486,KINGSTREE FS&LA,2024-03-31,29.957,0.0,0.0,False
29486,KINGSTREE FS&LA,2024-06-30,35.625,0.0,0.08366254032425913,False
29486,KINGSTREE FS&LA,2024-09-30,35.682,4.676,0.0684684247087599,False
29488,FIRST FS&LA OF LAKEWOOD,2024-03-31,2036.604,0.0,8.075188838818079,False
29488,FIRST FS&LA OF LAKEWOOD,2024-06-30,2121.769,0.0,11.281693234909788,False
29488,FIRST FS&LA OF LAKEWOOD,2024-09-30,2197.175,0.0,8.487255321721687,False
29490,FIRST FS&LA OF RAVENSWOOD,2024-03-31,21.855,0.0,0.0,False
29490,FIRST FS&LA OF RAVENSWOOD,2024-06-30,22.017,0.36,0.0,False
29490,FIRST FS&LA OF RAVENSWOOD,2024-09-30,21.657,0.0,0.0,False
29495,VAN WERT FSB,2024-03-31,214.09,0.0,1.5988068908207083,False
29495,VAN WERT FSB,2024-06-30,214.919,0.0,2.2252505481040084,False
29495,GREENWAY BANK,2024-09-30,250.933,0.0,1.5663429163969342,False
29496,SENECA SAVINGS,2024-03-31,206.668,1.912,1.0412384259554457,False
29496,SENECA SAVINGS,2024-06-30,204.756,0.0,1.3333133500717997,False
29496,SENECA SAVINGS,2024-09-30,204.859,0.0,0.9673030779014059,False
29510,AFFINITY BANK NATIONAL ASSN,2024-03-31,694.603,0.0,3.039654960967141,False
29510,AFFINITY BANK NATIONAL ASSN,2024-06-30,696.674,6.938,3.995001050838603,False
29510,AFFINITY BANK NATIONAL ASSN,2024-09-30,689.736,10.988,2.738278988218097,False
29517,PIONEER FS&LA,2024-03-31,85.554,0.0,0.322919851681665,False
29517,PIONEER FS&LA,2024-06-30,86.361,0.895,0.49142755002990557,False
29517,PIONEER FS&LA,2024-09-30,85.466,0.197,0.32769793006893466,False
29520,WASHINGTON FINANCIAL BANK,2024-03-31,1264.875,0.0,5.300837796771515,False
29520,WASHINGTON FINANCIAL BANK,2024-06-30,1288.188,0.0,7.577929227221321,False
29520,WASHINGTON FINANCIAL BANK,2024-09-30,1304.162,0.0,5.593829304524917,False
29521,FIDELITY FS&LA OF DELAWARE,2024-03-31,94.929,1.004,0.46657119508881506,False
29521,FIDELITY FS&LA OF DELAWARE,2024-06-30,93.925,0.225,0.6118054750245596,False
29521,FIDELITY FS&LA OF DELAWARE,2024-09-30,93.7,0.0,0.44572358525941724,False
29523,PEOPLES BANK,2024-03-31,1751.468,0.0,7.553134478551556,False
29523,PEOPLES BANK,2024-06-30,1760.873,8.128,10.261163900290192,False
29523,PEOPLES BANK,2024-09-30,1752.745,0.0,7.064031258366758,False
29535,DEWITT SAVINGS BANK,2024-03-31,126.438,1.669,0.7422355136565021,False
29535,DEWITT SAVINGS BANK,2024-06-30,124.769,5.018,0.975362212207273,False
29535,DEWITT SAVINGS BANK,2024-09-30,119.751,0.0,0.6765136264652444,False
29537,FIRST FEDERAL BANK&TRUST,2024-03-31,573.615,32.616,3.0506817995577618,False
29537,FIRST FEDERAL BANK&TRUST,2024-06-30,540.999,0.0,3.3596379491560686,False
29537,FIRST FEDERAL BANK&TRUST,2024-09-30,555.951,6.1,2.4504114672555284,False
29546,GREAT SOUTHERN BANK,2024-03-31,4830.73,153.935,15.372707886447156,True
29546,GREAT SOUTHERN BANK,2024-06-30,4676.795,0.0,20.692328651698062,True
29546,GREAT SOUTHERN BANK,2024-09-30,4780.698,82.256,14.469978388333217,True
29548,PINNACLE BANK,2024-03-31,312.401,0.0,2.582184416368318,False
29548,PINNACLE BANK,2024-06-30,313.591,0.0,3.4240034462757114,False
29548,PINNACLE BANK,2024-09-30,318.016,0.0,2.3616227851429294,False
29566,UNITED FIDELITY BANK FSB,2024-03-31,5057.801,0.0,19.96270937139014,True
29566,UNITED FIDELITY BANK FSB,2024-06-30,5178.599,0.0,27.0133459437948,True
29566,UNITED FIDELITY BANK FSB,2024-09-30,5212.601,52.769,19.368715068661125,True
29571,HOME S&L KENTON OH DBA HSLC,2024-03-31,169.102,0.989,0.7435094333939252,False
29571,HOME S&L KENTON OH DBA HSLC,2024-06-30,168.113,0.0,1.0314431038441139,False
29571,HOME S&L KENTON OH DBA HSLC,2024-09-30,172.233,0.0,0.7609912837292867,False
29577,HERITAGE BANK OF ST TAMMANY,2024-03-31,137.034,1.926,0.594346421402363,False
29577,HERITAGE BANK OF ST TAMMANY,2024-06-30,135.108,0.0,0.7982135220147236,False
29577,HERITAGE BANK OF ST TAMMANY,2024-09-30,137.284,0.0,0.5977090180998597,False
29578,MONROE FS&LA,2024-03-31,142.464,12.25,0.8209034041130594,False
29578,MONROE FS&LA,2024-06-30,130.214,2.392,0.831889584376308,False
29578,MONROE FS&LA,2024-09-30,127.822,0.0,0.6044518044230339,False
29582,PEE DEE FEDERAL SAVINGS BANK,2024-03-31,30.926,0.151,0.13645055448483112,False
29582,PEE DEE FEDERAL SAVINGS BANK,2024-06-30,30.775,0.0,0.18656011372278233,False
29582,PEE DEE FEDERAL SAVINGS BANK,2024-09-30,30.831,0.822,0.17459632973695766,False
29613,ROSEDALE FS&LA,2024-03-31,992.183,0.0,4.942342467163978,False
29613,ROSEDALE FS&LA,2024-06-30,1004.862,0.0,6.753293615570504,False
29613,ROSEDALE FS&LA,2024-09-30,1010.046,0.303,4.484665336157159,False
29617,FIRST MUTUAL BANK FSB,2024-03-31,94.57,0.749,1.0045025375807015,False
29617,FIRST MUTUAL BANK FSB,2024-06-30,93.821,3.364,1.2388312854159744,False
29617,FIRST MUTUAL BANK FSB,2024-09-30,90.457,0.776,0.5257603227265524,False
29624,FIRST FS&LA OF MCMINNVILLE,2024-03-31,551.461,0.0,2.878315164808279,False
29624,FIRST FS&LA OF MCMINNVILLE,2024-06-30,557.71,6.066,3.911776393363576,False
29624,FIRST FS&LA OF MCMINNVILLE,2024-09-30,551.644,0.0,2.7026181080095895,False
29627,SECOND FS&LA OF PHILADELPHIA,2024-03-31,20.517,0.0,0.0,False
29627,SECOND FS&LA OF PHILADELPHIA,2024-06-30,21.356,0.0,0.0,False
29627,SECOND FS&LA OF PHILADELPHIA,2024-09-30,21.672,0.0,0.0,False
29632,WINDSOR FEDERAL BANK,2024-03-31,662.424,0.0,3.1512062729560366,False
29632,WINDSOR FEDERAL BANK,2024-06-30,669.623,2.477,4.344730005574533,False
29632,WINDSOR FEDERAL BANK,2024-09-30,667.146,0.0,2.919263285922749,False
29636,FIRST FS&LA OF BATH,2024-03-31,137.138,0.117,0.6352754396910949,False
29636,FIRST FS&LA OF BATH,2024-06-30,137.021,0.0,0.8851441838267983,False
29636,FIRST FS&LA OF BATH,2024-09-30,140.789,0.0,0.6416524493871557,False
29637,BIG HORN FSB,2024-03-31,301.398,3.47,2.42654881322133,False
29637,BIG HORN FSB,2024-06-30,297.928,0.0,2.897808365237984,False
29637,BIG HORN FSB,2024-09-30,308.527,2.527,2.319557667145545,False
29645,FIRST FS&LA OF CNTL IL S B,2024-03-31,170.268,0.0,0.844087901105495,False
29645,FIRST FS&LA OF CNTL IL S B,2024-06-30,172.924,0.0,1.2054848667108808,False
29645,FIRST FS&LA OF CNTL IL S B,2024-09-30,173.303,0.0,0.9125874385144603,False
29657,GREAT MIDWEST BANK SSB,2024-03-31,589.083,0.0,2.113579691060929,False
29657,GREAT MIDWEST BANK SSB,2024-06-30,590.418,0.0,2.917201548412217,False
29657,GREAT MIDWEST BANK SSB,2024-09-30,615.796,23.368,2.161054186334804,False
29672,CFSBANK,2024-03-31,520.582,0.0,2.5354002649362286,False
29672,CFSBANK,2024-06-30,558.725,0.0,3.7805080028919846,False
29672,CFSBANK,2024-09-30,587.242,0.0,3.0216727603582667,False
29675,IROQUOIS FS&LA,2024-03-31,689.893,0.0,3.295925824284168,False
29675,IROQUOIS FS&LA,2024-06-30,734.336,50.442,4.543668379714462,False
29675,IROQUOIS FS&LA,2024-09-30,683.894,0.0,2.984422639900032,False
29676,PAPER CITY SAVINGS ASSN,2024-03-31,153.637,0.0,0.6125517307187225,False
29676,PAPER CITY SAVINGS BANK SA,2024-06-30,158.36,0.0,0.8910496575791462,False
29676,PAPER CITY SAVINGS BANK SA,2024-09-30,161.812,0.0,0.6254991837341584,False
29677,NASHVILLE SAVINGS BANK,2024-03-31,78.595,0.0,0.30639607040515904,False
29677,NASHVILLE SAVINGS BANK,2024-06-30,86.645,3.459,0.5402082547039614,False
29677,NASHVILLE SAVINGS BANK,2024-09-30,83.186,0.0,0.3742602409997501,False
29679,ANTHEM BANK&TRUST,2024-03-31,159.57,0.0,0.8064835366232871,False
29679,ANTHEM BANK&TRUST,2024-06-30,179.147,0.0,1.2862270195091237,False
29679,ANTHEM BANK&TRUST,2024-09-30,182.208,0.19,0.9734207301534789,False
29683,HOME FEDERAL BANK OF TN,2024-03-31,2155.821,16.282,15.80378403865644,True
29683,HOME FEDERAL BANK OF TN,2024-06-30,2139.539,0.0,20.953559663240323,True
29683,HOME FEDERAL BANK OF TN,2024-09-30,2139.99,0.0,10.518625718658416,True
29685,MARTINSVILLE FIRST SB,2024-03-31,26.078,0.205,0.020432338594976483,False
29685,MARTINSVILLE FIRST SB,2024-06-30,25.873,0.0,0.020011877334928485,False
29685,MARTINSVILLE FIRST SB,2024-09-30,26.151,0.0,0.074440254189252,False
29690,FIRST FEDERAL SAVINGS BANK,2024-03-31,404.971,0.0,1.9282552354934375,False
29690,FIRST FEDERAL SAVINGS BANK,2024-06-30,413.692,0.0,2.700938138629564,False
29690,FIRST FEDERAL SAVINGS BANK,2024-09-30,421.611,0.0,1.955456043314949,False
29691,KEYSAVINGS BANK,2024-03-31,77.244,0.0,0.41859080346135547,False
29691,KEYSAVINGS BANK,2024-06-30,81.075,0.0,0.5911502619596102,False
29691,KEYSAVINGS BANK,2024-09-30,85.515,0.0,0.46702289005894215,False
29692,LINCOLN FSB OF NEBRASKA,2024-03-31,272.944,0.0,1.2549272056621394,False
29692,LINCOLN FSB OF NEBRASKA,2024-06-30,296.149,0.0,1.8632589373434123,False
29692,LINCOLN FSB OF NEBRASKA,2024-09-30,321.404,0.899,1.5673224091024713,False
29695,HOME LOAN SAVINGS BANK,2024-03-31,245.322,0.0,0.9899731174054239,False
29695,HOME LOAN SAVINGS BANK,2024-06-30,249.669,0.0,1.4241796566357066,False
29695,HOME LOAN SAVINGS BANK,2024-09-30,264.781,0.0,1.0259930636372174,False
29696,BUFFALO FEDERAL BANK,2024-03-31,161.157,1.26,0.7736235063187251,False
29696,BUFFALO FEDERAL BANK,2024-06-30,159.897,0.0,1.0260764181990618,False
29696,BUFFALO FEDERAL BANK,2024-09-30,163.098,0.0,0.7757819993893093,False
29700,CENTURY NEXT BANK,2024-03-31,705.091,0.0,3.998665014099066,False
29700,CENTURY NEXT BANK,2024-06-30,741.635,0.0,6.042198755391728,False
29700,CENTURY NEXT BANK,2024-09-30,762.202,0.0,4.468876421151622,False
29705,FIRST FED CMTY BK OF BUCYRUS,2024-03-31,228.553,0.0,1.0209976411377288,False
29705,FIRST FED CMTY BK OF BUCYRUS,2024-06-30,237.365,0.0,1.4735135807532456,False
29705,FIRST FED CMTY BK OF BUCYRUS,2024-09-30,250.313,8.566,1.1743132224550998,False
29708,NORTH AMERICAN SB FSB,2024-03-31,1817.18,87.35,8.302722299315459,False
29708,NORTH AMERICAN SB FSB,2024-06-30,1729.83,0.0,9.330721322771478,False
29708,NORTH AMERICAN SB FSB,2024-09-30,1759.781,0.0,6.93915448525625,False
29710,FIRST FSB OF WASHINGTON,2024-03-31,70.084,0.0,0.249929242896881,False
29710,FIRST FSB OF WASHINGTON,2024-06-30,74.716,0.0,0.45605663747782743,False
29710,FIRST FSB OF WASHINGTON,2024-09-30,74.968,1.821,0.3082995455340289,False
29731,SOUTHERN BANK CO,2024-03-31,87.576,0.0,0.5490572192017635,False
29731,SOUTHERN BANK CO,2024-06-30,92.706,1.153,0.8263257164256725,False
29731,SOUTHERN BANK CO,2024-09-30,91.553,0.0,0.5912234193453026,False
29743,AROOSTOOK COUNTY FS&LA,2024-03-31,160.737,0.0,0.8199280137486046,False
29743,AROOSTOOK COUNTY FS&LA,2024-06-30,166.017,0.0,1.2431905411722024,False
29743,AROOSTOOK COUNTY FS&LA,2024-09-30,169.632,0.0,0.937240568070659,False
29744,FIRST SEACOAST BANK,2024-03-31,428.893,0.0,2.031259145402966,False
29744,FIRST SEACOAST BANK,2024-06-30,471.24,3.57,3.2572705345423785,False
29744,FIRST SEACOAST BANK,2024-09-30,467.67,0.0,2.2122351688673927,False
29745,MARATHON BANK,2024-03-31,173.346,0.0,0.7249831423722726,False
29745,MARATHON BANK,2024-06-30,176.921,2.411,1.050389001990059,False
29745,MARATHON BANK,2024-09-30,174.51,0.0,0.7898110403871076,False
29749,SOUTHERN HILLS CMTY BANK,2024-03-31,147.81,0.0,0.7953946754418573,False
29749,SOUTHERN HILLS CMTY BANK,2024-06-30,151.383,0.0,1.1449144798509547,False
29749,SOUTHERN HILLS CMTY BANK,2024-09-30,158.033,0.0,0.9147504469391974,False
29764,CLAY COUNTY SAVINGS BANK,2024-03-31,114.588,0.0,0.5921826566141253,False
29764,CLAY COUNTY SAVINGS BANK,2024-06-30,117.499,2.572,0.921430227680796,False
29764,CLAY COUNTY SAVINGS BANK,2024-09-30,114.927,1.282,0.6215515757789484,False
29771,KS BANK INC,2024-03-31,600.171,0.0,3.1211704461749172,False
29771,KS BANK INC,2024-06-30,609.965,0.0,4.118918191558334,False
29771,KS BANK INC,2024-09-30,624.307,5.502,2.9574104121429357,False
29772,VIDALIA FEDERAL SAVINGS BANK,2024-03-31,168.617,0.0,1.1264598496289293,False
29772,VIDALIA FEDERAL SAVINGS BANK,2024-06-30,170.972,4.072,1.6643441972681488,False
29772,VIDALIA FEDERAL SAVINGS BANK,2024-09-30,166.9,0.0,1.1202182490834434,False
29774,CARROLLTON FEDERAL BANK,2024-03-31,34.655,1.347,0.06495994128731541,False
29774,CARROLLTON FEDERAL BANK,2024-06-30,33.308,0.0,0.0760415468929061,False
29774,CARROLLTON FEDERAL BANK,2024-09-30,33.936,0.896,0.09401588432564086,False
29782,FIRST FEDERAL BANK,2024-03-31,876.994,4.805,4.763552866129155,False
29782,FIRST FEDERAL BANK,2024-06-30,872.189,0.0,6.622801629519338,False
29782,FIRST FEDERAL BANK,2024-09-30,873.576,10.792,5.120022074221527,False
29783,HIGH COUNTRY BANK,2024-03-31,378.482,0.0,1.703550753925303,False
29783,HIGH COUNTRY BANK,2024-06-30,390.651,0.0,2.4070316982900537,False
29783,HIGH COUNTRY BANK,2024-09-30,411.955,0.0,1.7568797166803392,False
29787,FIRST FEDERAL CMTY BANK NA,2024-03-31,705.53,0.0,3.9397703980650878,False
29787,FIRST FEDERAL CMTY BANK NA,2024-06-30,711.707,0.0,5.307218737102209,False
29787,FIRST FEDERAL CMTY BANK NA,2024-09-30,746.746,0.0,4.048830418176529,False
29800,LISLE SAVINGS BANK,2024-03-31,388.899,8.484,2.085596036758457,False
29800,LISLE SAVINGS BANK,2024-06-30,380.415,4.484,2.661087751634423,False
29800,LISLE SAVINGS BANK,2024-09-30,375.931,0.0,1.828870762148629,False
29804,CATALYST BANK,2024-03-31,175.185,0.0,1.4854212209242437,False
29804,CATALYST BANK,2024-06-30,184.618,13.293,2.0615272332694565,False
29804,CATALYST BANK,2024-09-30,171.325,0.0,1.0005762112434942,False
29809,FIRST SB OF HEGEWISCH,2024-03-31,678.561,2.148,4.274321029191318,False
29809,FIRST SB OF HEGEWISCH,2024-06-30,676.413,0.0,5.662320753924387,False
29809,FIRST SB OF HEGEWISCH,2024-09-30,685.814,0.0,4.285007983062748,False
29813,PEOPLES SAVINGS&LOAN CO,2024-03-31,123.149,5.774,0.8189876700950653,False
29813,PEOPLES SAVINGS&LOAN CO,2024-06-30,117.375,0.0,0.9324215467612826,False
29813,PEOPLES SAVINGS&LOAN CO,2024-09-30,124.857,0.0,0.8032846844343192,False
29835,MILFORD FEDERAL BANK,2024-03-31,374.974,1.086,1.6157015311951741,False
29835,MILFORD FEDERAL BANK,2024-06-30,373.888,2.926,2.13118121960277,False
29835,MILFORD FEDERAL BANK,2024-09-30,370.962,0.0,1.4503384878452192,False
29838,FIRST FS&LA OF LORAIN,2024-03-31,416.691,0.0,2.1220333232981274,False
29838,FIRST FS&LA OF LORAIN,2024-06-30,418.621,11.442,2.912384982565609,False
29838,FIRST FS&LA OF LORAIN,2024-09-30,407.179,0.0,2.019759617689683,False
29839,CROSSROADS BANK,2024-03-31,504.187,0.0,2.3925249227063943,False
29839,CROSSROADS BANK,2024-06-30,520.782,0.0,3.4738282626467223,False
29839,CROSSROADS BANK,2024-09-30,528.551,0.0,2.5025357918880333,False
29842,COMMONWEALTH COOP BANK,2024-03-31,129.827,0.365,0.660341613083087,False
29842,COMMONWEALTH COOP BANK,2024-06-30,129.462,0.0,0.8768408411223414,False
29842,COMMONWEALTH COOP BANK,2024-09-30,132.654,0.0,0.6764076575625501,False
29845,PREMIER BANK,2024-03-31,7215.093,8.403,20.403437295783476,True
29845,PREMIER BANK,2024-06-30,7206.69,13.162,28.422431176713605,True
29845,PREMIER BANK,2024-09-30,7193.528,298.677,19.409453288730802,True
29846,EATON COMMUNITY BANK,2024-03-31,391.564,0.0,2.343104720076369,False
29846,EATON COMMUNITY BANK,2024-06-30,410.073,0.0,3.1625741232944264,False
29846,EATON COMMUNITY BANK,2024-09-30,419.846,0.0,2.2303968115127693,False
29847,WAYNE SAVINGS COMMUNITY BANK,2024-03-31,714.884,0.0,3.1498859188852144,False
29847,MAIN STREET BANK CORP,2024-06-30,1084.22,0.0,5.839343277552671,False
29847,MAIN STREET BANK CORP,2024-09-30,1104.719,0.0,4.234950733377079,False
29857,LIBERTY SAVINGS ASSN FSA,2024-03-31,22.88,0.581,0.0,False
29857,LIBERTY SAVINGS ASSN FSA,2024-06-30,22.299,0.28,0.0,False
29857,LIBERTY SAVINGS ASSN FSA,2024-09-30,22.019,0.62,0.01839373926038799,False
29858,SSB COMMUNITY BANK,2024-03-31,212.131,0.0,1.0837471905753202,False
29858,SSB COMMUNITY BANK,2024-06-30,230.004,0.0,1.7047038646019257,False
29858,SSB COMMUNITY BANK,2024-09-30,244.043,2.115,1.3877326249538904,False
29874,DEARBORN FSB,2024-03-31,170.883,1.144,0.7558308404227121,False
29874,DEARBORN FSB,2024-06-30,169.739,5.219,1.056513281464978,False
29874,DEARBORN FSB,2024-09-30,164.52,0.0,0.6570207103440905,False
29875,NVE BANK,2024-03-31,457.125,0.0,2.63665264351259,False
29875,NVE BANK,2024-06-30,461.356,11.259,3.713109293874112,False
29875,NVE BANK,2024-09-30,450.097,35.427,2.7126544129664,False
29878,AMERICAN CMTY BANK OF IN,2024-03-31,312.66,0.0,1.506643041009391,False
29878,AMERICAN CMTY BANK OF IN,2024-06-30,345.751,17.456,3.02814591692304,False
29878,AMERICAN CMTY BANK OF IN,2024-09-30,328.295,0.0,1.8541729241363956,False
29881,HOME BANK SB,2024-03-31,354.148,0.0,2.5471027679758524,False
29881,HOME BANK SB,2024-06-30,360.57,4.55,3.334522947741479,False
29881,HOME BANK SB,2024-09-30,356.02,0.0,2.086794127679548,False
29904,ELIZABETHTON FSB,2024-03-31,181.054,0.0,0.86548668018771,False
29904,ELIZABETHTON FSB,2024-06-30,182.693,0.0,1.1978111927231712,False
29904,ELIZABETHTON FSB,2024-09-30,185.497,3.669,0.834509476169546,False
29907,LOGANSPORT SAVINGS BANK,2024-03-31,206.331,0.0,1.0211388384862232,False
29907,LOGANSPORT SAVINGS BANK,2024-06-30,212.397,0.0,1.5142151846035028,False
29907,LOGANSPORT SAVINGS BANK,2024-09-30,218.477,0.0,1.1716118038503764,False
29910,SCOTTSBURG BLDG&LA,2024-03-31,59.12,1.574,0.2003775656273384,False
29910,SCOTTSBURG BLDG&LA,2024-06-30,57.546,0.595,0.27657190502731943,False
29910,SCOTTSBURG BLDG&LA,2024-09-30,56.951,0.0,0.20582973014733064,False
29922,RIVERVIEW BANK,2024-03-31,1241.822,12.285,5.378650734994085,False
29922,RIVERVIEW BANK,2024-06-30,1229.537,0.0,7.175123506525844,False
29922,RIVERVIEW BANK,2024-09-30,1246.826,20.669,5.0413152508772034,False
29933,UNION SAVINGS&LOAN ASSN,2024-03-31,219.79,3.151,1.1218595156000755,False
29933,UNION SAVINGS&LOAN ASSN,2024-06-30,216.639,0.0,1.4170717592065676,False
29933,UNION SAVINGS&LOAN ASSN,2024-09-30,217.17,0.0,1.0037688422185895,False
29937,FIRST FSB OF KENTUCKY,2024-03-31,201.27,0.0,0.8747595504555306,False
29937,FIRST FSB OF KENTUCKY,2024-06-30,204.395,2.13,1.2634708970286967,False
29937,FIRST FSB OF KENTUCKY,2024-09-30,202.265,0.0,0.870604361539622,False
29941,BOGOTA SAVINGS BANK,2024-03-31,676.618,16.923,2.875284097401888,False
29941,BOGOTA SAVINGS BANK,2024-06-30,659.695,20.062,3.9040687974977946,False
29941,BOGOTA SAVINGS BANK,2024-09-30,639.633,0.0,2.67028091978149,False
29950,SANTANDER BANK N A,2024-03-31,76414.543,1049.666,225.63351347789205,True
29950,SANTANDER BANK N A,2024-06-30,75364.877,0.0,286.04963492734356,True
29950,SANTANDER BANK N A,2024-09-30,76638.547,0.0,220.7201978214212,True
29961,FIRST SAVINGS BANK,2024-03-31,1797.771,79.386,6.815379007942425,False
29961,FIRST SAVINGS BANK,2024-06-30,1718.385,0.0,8.654476948430819,False
29961,FIRST SAVINGS BANK,2024-09-30,1887.033,48.325,6.459676830609077,False
29975,PEOPLES SAVINGS BANK,2024-03-31,135.935,0.0,0.6524459789421353,False
29975,PEOPLES SAVINGS BANK,2024-06-30,136.926,0.0,0.8697841706275559,False
29975,PEOPLES SAVINGS BANK,2024-09-30,141.479,4.756,0.6844422366445605,False
29980,MIDLAND FS&LA,2024-03-31,105.057,1.09,1.2150618358262948,False
29980,MIDLAND FS&LA,2024-06-30,103.967,0.686,1.5677568996549065,False
29980,MIDLAND FS&LA,2024-09-30,103.281,0.0,1.2556944865383985,False
29986,GUARDIAN SAVINGS BANK,2024-03-31,26.161,0.0,0.0,False
29986,GUARDIAN SAVINGS BANK,2024-06-30,26.571,0.621,0.04943537420508538,False
29988,MUTUAL SAVINGS ASSN,2024-03-31,245.297,5.38,1.1192128260674834,False
29988,MUTUAL SAVINGS ASSN,2024-06-30,239.917,0.0,1.4602337979908535,False
29988,MUTUAL SAVINGS ASSN,2024-09-30,245.285,4.286,1.005552819644507,False
29995,PHOENIXVILLE FEDERAL B&T,2024-03-31,524.241,0.0,2.3788109055016586,False
29995,PHOENIXVILLE FEDERAL B&T,2024-06-30,536.204,3.978,3.4471594328380983,False
29995,PHOENIXVILLE FEDERAL B&T,2024-09-30,532.226,0.0,2.3270783667041917,False
30012,THIRD FS&LA OF CLEVELAND,2024-03-31,10045.328,0.0,26.067996996851576,True
30012,THIRD FS&LA OF CLEVELAND,2024-06-30,10175.426,0.0,35.418539171175986,True
30012,THIRD FS&LA OF CLEVELAND,2024-09-30,10321.628,0.0,24.075809575477326,True
30031,HUNTINGDON SAVINGS BANK,2024-03-31,13.307,0.471,0.0,False
30031,HUNTINGDON SAVINGS BANK,2024-06-30,12.836,0.0,0.0,False
30031,HUNTINGDON SAVINGS BANK,2024-09-30,13.567,0.008,0.0,False
30039,HAVEN SAVINGS BANK,2024-03-31,916.424,12.177,4.052004803553362,False
30039,HAVEN SAVINGS BANK,2024-06-30,904.247,6.461,5.204322118209262,False
30039,HAVEN SAVINGS BANK,2024-09-30,897.786,0.0,3.6486960849967236,False
30043,BEARDSTOWN SAVINGS S B,2024-03-31,53.818,1.457,0.18011218920272035,False
30043,BEARDSTOWN SAVINGS S B,2024-06-30,52.361,1.926,0.23634030556074181,False
30043,BEARDSTOWN SAVINGS S B,2024-09-30,50.435,0.0,0.186255211394732,False
30052,BLUE FOUNDRY BANK,2024-03-31,1351.48,0.0,5.206629506495399,False
30052,BLUE FOUNDRY BANK,2024-06-30,1369.127,0.0,7.269535378568115,False
30052,BLUE FOUNDRY BANK,2024-09-30,1370.657,0.0,5.115939176087608,False
30058,FIRST FS&LA OF GREENSBURG,2024-03-31,148.896,0.0,0.9119152139622054,False
30058,FIRST FS&LA OF GREENSBURG,2024-06-30,153.217,11.003,1.4887884823817652,False
30058,FIRST FS&LA OF GREENSBURG,2024-09-30,142.214,0.381,0.9350654077304063,False
30065,PEOPLES CMTY BK SB MONTICELL,2024-03-31,17.305,0.377,0.0,False
30065,PEOPLES CMTY BK SB MONTICELL,2024-06-30,16.928,0.0,0.0,False
30065,PEOPLES CMTY BK SB MONTICELL,2024-09-30,17.772,0.0,0.0,False
30067,CORNERSTONE BANK,2024-03-31,40.67,1.198,0.1863869475666812,False
30067,CORNERSTONE BANK,2024-06-30,39.472,0.0,0.22120014486253273,False
30067,CORNERSTONE BANK,2024-09-30,39.623,1.816,0.1911021497566129,False
30072,SCHUYLER SAVINGS BANK,2024-03-31,104.902,0.0,0.36560017004877804,False
30072,SCHUYLER SAVINGS BANK,2024-06-30,105.83,0.0,0.5176265743459137,False
30072,SCHUYLER SAVINGS BANK,2024-09-30,107.114,0.0,0.42164597888489996,False
30076,SPENCER SAVINGS BANK SLA,2024-03-31,2846.48,0.0,9.663708978981143,False
30076,SPENCER SAVINGS BANK SLA,2024-06-30,2854.962,0.0,12.583435253168135,False
30076,SPENCER SAVINGS BANK SLA,2024-09-30,2998.509,0.0,9.666233594728988,True
30084,MERCER SAVINGS BANK,2024-03-31,135.284,0.0,0.5765861406477789,False
30084,MERCER SAVINGS BANK,2024-06-30,135.287,0.0,0.7830869023100933,False
30084,MERCER SAVINGS BANK,2024-09-30,137.603,0.823,0.5427556775351108,False
30085,PRESENCE BANK,2024-03-31,348.389,1.429,2.0750456023308477,False
30085,PRESENCE BANK,2024-06-30,346.96,0.0,2.4980383935380397,False
30085,PRESENCE BANK,2024-09-30,354.795,0.599,1.8468837905982785,False
30103,MONROE SAVINGS BANK,2024-03-31,80.956,0.0,0.3034037792622053,False
30103,MONROE SAVINGS BANK,2024-06-30,84.652,0.992,0.5367518647616344,False
30103,MONROE SAVINGS BANK,2024-09-30,83.66,0.965,0.4155671018293586,False
30111,OCONEE FS&LA,2024-03-31,530.452,0.0,2.453816153645358,False
30111,OCONEE FS&LA,2024-06-30,534.379,7.531,3.4536447957595358,False
30111,OCONEE FS&LA,2024-09-30,526.848,0.0,2.3244795372382883,False
30117,RELIANCE SAVINGS BANK,2024-03-31,522.835,16.98,2.7203295483852545,False
30117,RELIANCE SAVINGS BANK,2024-06-30,505.855,0.0,3.4099929766474832,False
30117,RELIANCE SAVINGS BANK,2024-09-30,521.074,0.0,2.5625612694780657,False
30119,PENNCREST BANK,2024-03-31,188.853,0.32,1.0246197751970647,False
30119,PENNCREST BANK,2024-06-30,188.533,1.867,1.3713490440717426,False
30119,PENNCREST BANK,2024-09-30,186.666,0.0,0.9168510811998448,False
30121,INVESTMENT SAVINGS BANK,2024-03-31,76.003,0.999,0.42508173057170046,False
30121,INVESTMENT SAVINGS BANK,2024-06-30,75.004,3.211,0.5785594855593194,False
30121,INVESTMENT SAVINGS BANK,2024-09-30,71.793,0.0,0.36920690103107107,False
30128,BOONVILLE FSB,2024-03-31,46.961,0.0,0.23835380467442854,False
30128,BOONVILLE FSB,2024-06-30,49.875,0.714,0.32781309411029647,False
30128,BOONVILLE FSB,2024-09-30,49.161,0.0,0.22691647515240984,False
30133,MID-SOUTHERN SB FSB,2024-03-31,203.244,3.552,1.0990654983431383,False
30133,MID-SOUTHERN SB FSB,2024-06-30,199.692,8.083,1.5623087403035536,False
30133,MID-SOUTHERN SB FSB,2024-09-30,191.609,1.59,1.0210447079730611,False
30150,CITIZENS FSB,2024-03-31,138.97,0.0,0.6286968313372618,False
30150,CITIZENS FSB,2024-06-30,142.061,3.59,0.8518990427347551,False
30150,CITIZENS FSB,2024-09-30,138.471,2.099,0.563214694868957,False
30152,MILFORD BUILDING&LOAN ASSN,2024-03-31,25.037,0.0,0.0749024486853899,False
30152,MILFORD BUILDING&LOAN ASSN,2024-06-30,25.745,1.723,0.1730684003892798,False
30152,MILFORD BUILDING&LOAN ASSN,2024-09-30,24.022,0.576,0.08278710297542323,False
30154,SEWICKLEY SAVINGS BANK,2024-03-31,210.672,1.141,1.5467538038258024,False
30154,SEWICKLEY SAVINGS BANK,2024-06-30,209.531,0.0,1.9415873991522683,False
30154,SEWICKLEY SAVINGS BANK,2024-09-30,209.979,0.159,1.3909219300472768,False
30155,HATBORO FEDERAL SAVINGS FA,2024-03-31,418.502,0.0,1.9071760297140508,False
30155,HATBORO FEDERAL SAVINGS FA,2024-06-30,430.245,10.73,2.6656935327183713,False
30155,HATBORO FEDERAL SAVINGS FA,2024-09-30,419.515,0.0,1.6592135760432414,False
30166,FIRST CMTY BANK OF CULLMAN,2024-03-31,81.447,1.979,0.3321402501632921,False
30166,FIRST CMTY BANK OF CULLMAN,2024-06-30,79.468,0.0,0.49387160399763835,False
30166,FIRST CMTY BANK OF CULLMAN,2024-09-30,81.141,1.832,0.36600403686078353,False
30167,CULLMAN SAVINGS BANK,2024-03-31,288.444,0.142,1.185333816269588,False
30167,CULLMAN SAVINGS BANK,2024-06-30,288.302,0.0,1.5689899624438395,False
30167,CULLMAN SAVINGS BANK,2024-09-30,298.136,0.591,1.1757070304658248,False
30176,HOME SB OF WAPAKONETA,2024-03-31,30.929,0.0,0.0,False
30176,HOME SB OF WAPAKONETA,2024-06-30,31.626,0.0,0.01772075296319527,False
30176,HOME SB OF WAPAKONETA,2024-09-30,31.955,0.0,0.033947178540933404,False
30182,OPPORTUNITY BANK OF MONTANA,2024-03-31,1645.383,16.104,6.480670570507852,False
30182,OPPORTUNITY BANK OF MONTANA,2024-06-30,1629.279,0.0,8.667635432442605,False
30182,OPPORTUNITY BANK OF MONTANA,2024-09-30,1662.401,0.0,6.248245680598148,False
30183,MILLVILLE SAVINGS BANK,2024-03-31,140.53,0.0,1.3637424367766193,False
30183,MILLVILLE SAVINGS BANK,2024-06-30,140.841,2.561,1.6101902248905777,False
30183,MILLVILLE SAVINGS BANK,2024-09-30,138.28,0.0,1.132346411205896,False
30219,HOMETOWN BANK,2024-03-31,210.163,0.0,1.0609759296390218,False
30219,HOMETOWN BANK,2024-06-30,216.501,4.718,1.4482444125557492,False
30219,HOMETOWN BANK,2024-09-30,211.783,0.0,1.0017271036856896,False
30220,CHESTER NATIONAL BANK,2024-03-31,62.346,0.0,0.3418836185520411,False
30220,CHESTER NATIONAL BANK,2024-06-30,70.44,0.0,0.6540061042991507,False
30220,CHESTER NATIONAL BANK,2024-09-30,79.906,0.0,0.7471014932289273,False
30260,CROSS COUNTY SAVINGS BANK,2024-03-31,452.024,0.0,2.3355374466774577,False
30260,CROSS COUNTY SAVINGS BANK,2024-06-30,456.279,1.921,3.398247159389103,False
30260,CROSS COUNTY SAVINGS BANK,2024-09-30,454.358,0.0,2.3370927515861504,False
30270,CITIZENS SAVINGS BANK,2024-03-31,258.003,0.0,1.2516695287828585,False
30270,CITIZENS SAVINGS BANK,2024-06-30,259.171,0.0,1.6731091508997513,False
30270,CITIZENS SAVINGS BANK,2024-09-30,262.706,0.0,1.193507822198801,False
30291,FIRST FED BK LITTLEFIELD TX,2024-03-31,46.053,0.0,0.2172334724814464,False
30291,FIRST FED BK LITTLEFIELD TX,2024-06-30,46.401,0.214,0.18522334267560256,False
30291,FIRST FED BK LITTLEFIELD TX,2024-09-30,46.187,0.0,0.11859096929938495,False
30303,MASPETH FS&LA,2024-03-31,1401.818,0.0,3.440937373464879,False
30303,MASPETH FS&LA,2024-06-30,1411.729,0.0,4.869101336561128,False
30303,MASPETH FS&LA,2024-09-30,1420.902,0.0,3.243936435838172,False
30313,EAST WISCONSIN SAVINGS BANK,2024-03-31,231.957,7.168,1.332184601949886,False
30313,EAST WISCONSIN SAVINGS BANK,2024-06-30,224.789,0.0,1.674931640729916,False
30313,EAST WISCONSIN SAVINGS BANK,2024-09-30,226.171,0.0,1.1954730443556958,False
30315,FIRST FSB OF LINCOLNTON,2024-03-31,369.23,0.0,1.7656293005422432,False
30315,FIRST FSB OF LINCOLNTON,2024-06-30,376.432,9.869,2.5171632334796086,False
30315,FIRST FSB OF LINCOLNTON,2024-09-30,366.563,0.0,1.6222525976555047,False
30332,ABBEVILLE BLDG&L STATE-CHART,2024-03-31,38.439,0.0,0.0903816422822874,False
30332,ABBEVILLE BLDG&L STATE-CHART,2024-06-30,39.069,0.0,0.12610815005672285,False
30332,ABBEVILLE BLDG&L STATE-CHART,2024-09-30,41.505,0.0,0.1346817421523205,False
30339,BEAUREGARD FSB,2024-03-31,62.416,0.0,0.22671735077090552,False
30339,BEAUREGARD FSB,2024-06-30,66.852,2.488,0.4410981287932179,False
30339,BEAUREGARD FSB,2024-09-30,64.364,0.0,0.23932109037030458,False
30350,BANK OF BENNINGTON,2024-03-31,445.096,1.144,2.2348247870340576,False
30350,BANK OF BENNINGTON,2024-06-30,443.952,0.0,2.9422794670700103,False
30350,BANK OF BENNINGTON,2024-09-30,462.099,0.0,2.1302299098125252,False
30357,STREATOR HOME SAVINGS BANK,2024-03-31,116.244,0.909,0.7750892369987123,False
30357,STREATOR HOME SAVINGS BANK,2024-06-30,115.335,3.487,1.009294933223832,False
30357,STREATOR HOME SAVINGS BANK,2024-09-30,111.848,2.988,0.686183636415621,False
30358,FIRST SAVINGS&LOAN ASSN,2024-03-31,44.628,0.52,0.09584352144278384,False
30358,FIRST SAVINGS&LOAN ASSN,2024-06-30,44.108,0.0,0.1534426049759568,False
30358,FIRST SAVINGS&LOAN ASSN,2024-09-30,45.101,0.0,0.1289128694918083,False
30367,1ST BANK OF SEA ISLE CITY,2024-03-31,213.621,0.0,1.0580006216442441,False
30367,1ST BANK OF SEA ISLE CITY,2024-06-30,217.486,0.0,1.4837747876222886,False
30367,1ST BANK OF SEA ISLE CITY,2024-09-30,219.399,0.0,1.0244022465276568,False
30387,FIRSTBANK PUERTO RICO,2024-03-31,16336.935,14.377,50.33759627531192,True
30387,FIRSTBANK PUERTO RICO,2024-06-30,16322.558,175.937,66.10086435795735,True
30387,FIRSTBANK PUERTO RICO,2024-09-30,16146.621,0.0,45.692895959742735,True
30388,GUNNISON SAVINGS&LOAN ASSN,2024-03-31,82.858,1.93,0.47877365777673936,False
30388,GUNNISON SAVINGS&LOAN ASSN,2024-06-30,80.928,0.0,0.6164181959287178,False
30388,GUNNISON SAVINGS&LOAN ASSN,2024-09-30,83.867,1.274,0.4909206381230873,False
30394,CARVER FEDERAL SAVINGS BANK,2024-03-31,656.392,9.014,3.20365095467383,False
30394,CARVER FEDERAL SAVINGS BANK,2024-06-30,647.378,0.0,4.072521541138136,False
30394,CARVER FEDERAL SAVINGS BANK,2024-09-30,657.825,12.877,2.9894268169680998,False
30395,TECUMSEH FEDERAL BANK,2024-03-31,36.043,0.078,0.11117680949455697,False
30395,TECUMSEH FEDERAL BANK,2024-06-30,35.965,0.765,0.16175207509415637,False
30395,TECUMSEH FEDERAL BANK,2024-09-30,35.2,0.0,0.10985963749338046,False
30397,GEDDES FS&LA,2024-03-31,458.243,0.0,1.8479676706298849,False
30397,GEDDES FS&LA,2024-06-30,471.244,6.869,2.6403810147913047,False
30397,GEDDES FS&LA,2024-09-30,464.375,0.0,1.693708803764947,False
30401,PENN COMMUNITY BANK,2024-03-31,2207.346,0.0,9.751476867243246,True
30401,PENN COMMUNITY BANK,2024-06-30,2246.432,0.0,13.742408043740644,True
30401,PENN COMMUNITY BANK,2024-09-30,2274.263,0.0,9.475530711185788,False
30402,FRANKLIN BANK,2024-03-31,293.122,2.069,2.0955228689022403,False
30402,FRANKLIN BANK,2024-06-30,291.053,2.194,2.63388289819946,False
30402,FRANKLIN BANK,2024-09-30,288.859,0.0,1.843660029805001,False
30422,FIRST FEDERAL BANK OF WI,2024-03-31,249.024,16.849,0.9724372696705357,False
30422,FIRST FEDERAL BANK OF WI,2024-06-30,232.175,8.326,1.2574985328132857,False
30422,FIRST FEDERAL BANK OF WI,2024-09-30,223.849,9.732,0.8947840172186441,False
30428,CENTURY SAVINGS BANK,2024-03-31,519.463,8.206,3.504680588596735,False
30428,CENTURY SAVINGS BANK,2024-06-30,511.257,3.746,4.266509649751687,False
30428,CENTURY SAVINGS BANK,2024-09-30,507.511,0.0,3.030158399515338,False
30429,MASSENA SAVINGS&LOAN,2024-03-31,134.164,0.0,0.5418474853479266,False
30429,MASSENA SAVINGS&LOAN,2024-06-30,136.797,0.0,0.7988081992639773,False
30429,MASSENA SAVINGS&LOAN,2024-09-30,140.374,0.0,0.5897408342582448,False
30431,SSB BANK,2024-03-31,258.069,0.0,1.3826061521707247,False
30431,SSB BANK,2024-06-30,259.758,0.0,1.774611728129906,False
30431,SSB BANK,2024-09-30,275.134,4.724,1.5412781123104449,False
30434,MORGANTON SAVINGS BANK SSB,2024-03-31,70.022,0.0,0.3866603251368375,False
30434,MORGANTON SAVINGS BANK SSB,2024-06-30,70.83,3.001,0.6063200107801422,False
30434,MORGANTON SAVINGS BANK SSB,2024-09-30,67.829,0.0,0.3276961290352377,False
30441,FIRST FEDERAL BANK OF LA,2024-03-31,1000.891,33.444,5.6326503090579,False
30441,FIRST FEDERAL BANK OF LA,2024-06-30,967.447,0.0,6.824822172961155,False
30441,FIRST FEDERAL BANK OF LA,2024-09-30,976.345,0.0,4.8923377769350616,False
30447,RAYNE BUILDING&LOAN ASSN,2024-03-31,42.138,2.098,0.14152501175295537,False
30447,RAYNE BUILDING&LOAN ASSN,2024-06-30,40.04,1.799,0.154726537049074,False
30447,RAYNE BUILDING&LOAN ASSN,2024-09-30,38.241,0.338,0.12426871096753332,False
30470,MANASQUAN BANK,2024-03-31,2605.759,0.0,10.179573535397951,True
30470,MANASQUAN BANK,2024-06-30,2610.74,0.0,13.275009684024052,True
30470,MANASQUAN BANK,2024-09-30,2634.554,0.0,8.854510403034554,False
30492,JACKSON FS&LA,2024-03-31,22.517,0.936,0.0,False
30492,JACKSON FS&LA,2024-06-30,21.581,0.0,0.0,False
30492,JACKSON FS&LA,2024-09-30,22.452,0.0,0.0,False
30516,CROSSBRIDGE COMMUNITY BANK,2024-03-31,164.095,0.0,0.7452973100451408,False
30516,CROSSBRIDGE COMMUNITY BANK,2024-06-30,172.394,0.0,1.110991325972373,False
30516,CROSSBRIDGE COMMUNITY BANK,2024-09-30,176.884,0.0,0.8141834459116948,False
30519,FREEHOLD BANK,2024-03-31,184.844,2.543,1.0102358726426772,False
30519,FREEHOLD BANK,2024-06-30,182.301,0.0,1.3699262890595727,False
30530,LAKE SHORE SAVINGS BANK,2024-03-31,599.302,4.846,2.8977177418743096,False
30530,LAKE SHORE SAVINGS BANK,2024-06-30,594.456,3.887,3.9829399276698614,False
30530,LAKE SHORE SAVINGS BANK,2024-09-30,590.569,13.434,2.6454149260540114,False
30544,MARQUETTE SAVINGS BANK,2024-03-31,929.614,0.136,4.818819408197825,False
30544,MARQUETTE SAVINGS BANK,2024-06-30,929.478,0.0,5.603411758831572,False
30544,MARQUETTE SAVINGS BANK,2024-09-30,937.884,2.625,4.320136676283561,False
30551,WESTMORELAND FS&LA,2024-03-31,124.004,1.85,0.7771532745003131,False
30551,WESTMORELAND FS&LA,2024-06-30,122.154,0.456,1.015708937424313,False
30551,WESTMORELAND FS&LA,2024-09-30,121.698,0.0,0.724175209675184,False
30585,MAYVILLE SAVINGS BANK,2024-03-31,59.272,0.0,0.2652731182872872,False
30585,MAYVILLE SAVINGS BANK,2024-06-30,60.37,0.0,0.38902252396167764,False
30585,MAYVILLE SAVINGS BANK,2024-09-30,60.469,0.0,0.2894358394635259,False
30595,F&M BANK&TRUST CO,2024-03-31,169.642,6.328,0.9276516557623518,False
30595,F&M BANK&TRUST CO,2024-06-30,163.314,0.0,1.2022108553079496,False
30595,F&M BANK&TRUST CO,2024-09-30,164.346,2.584,0.93290369120755,False
30619,ABBEVILLE FIRST BANK SSB,2024-03-31,105.876,0.0,0.66555813043027,False
30619,ABBEVILLE FIRST BANK SSB,2024-06-30,106.007,0.0,0.8961747547429225,False
30619,ABBEVILLE FIRST BANK SSB,2024-09-30,106.323,0.0,0.6636489875801587,False
30637,GREENVILLE SAVINGS BANK,2024-03-31,245.543,3.191,1.1307616335083206,False
30637,GREENVILLE SAVINGS BANK,2024-06-30,242.352,0.0,1.5086823589775513,False
30637,GREENVILLE SAVINGS BANK,2024-09-30,248.411,0.863,1.103599601385462,False
30656,NORTH COUNTY SAVINGS BANK,2024-03-31,60.713,1.102,0.45940458642420245,False
30656,NORTH COUNTY SAVINGS BANK,2024-06-30,59.611,1.336,0.5660548330789189,False
30656,NORTH COUNTY SAVINGS BANK,2024-09-30,58.275,1.721,0.4101511346651695,False
30680,FIRST SHORE FS&LA,2024-03-31,296.626,0.0,1.534953054354,False
30680,FIRST SHORE FS&LA,2024-06-30,297.436,0.0,2.0570661432996293,False
30680,FIRST SHORE FS&LA,2024-09-30,298.278,0.0,1.4344041586288754,False
30688,PEOPLES FIRST SAVINGS BANK,2024-03-31,77.393,0.0,0.23602652869116045,False
30688,PEOPLES FIRST SAVINGS BANK,2024-06-30,78.944,0.0,0.36528147251813897,False
30688,PEOPLES FIRST SAVINGS BANK,2024-09-30,82.05,0.0,0.29739026289047793,False
30692,BANKPACIFIC LTD,2024-03-31,136.281,5.961,1.4238304423107726,False
30692,BANKPACIFIC LTD,2024-06-30,130.32,0.0,1.5507307852622996,False
30692,BANKPACIFIC LTD,2024-09-30,131.896,1.785,1.073111944492089,False
30704,MAGYAR BANK,2024-03-31,782.817,0.0,3.4833701101416445,False
30704,MAGYAR BANK,2024-06-30,796.892,0.0,4.740999629878218,False
30704,MAGYAR BANK,2024-09-30,802.525,0.0,3.0845174522693193,False
30707,EQUITABLE SAVINGS&LOAN ASSN,2024-03-31,125.773,0.806,0.3991066749698272,False
30707,EQUITABLE SAVINGS&LOAN ASSN,2024-06-30,124.967,1.024,0.5837141836910383,False
30707,EQUITABLE SAVINGS&LOAN ASSN,2024-09-30,123.943,0.0,0.4247094405615083,False
30722,UNIVERSAL BANK,2024-03-31,259.379,0.0,1.1985715708202334,False
30722,UNIVERSAL BANK,2024-06-30,268.171,22.845,1.8609306934149314,False
30722,UNIVERSAL BANK,2024-09-30,245.326,3.451,1.0095590287407077,False
30776,PATHWARD NATIONAL ASSN,2024-03-31,6374.764,0.0,24.493530249514002,True
30776,PATHWARD NATIONAL ASSN,2024-06-30,6434.874,557.869,31.592590956077686,True
30776,PATHWARD NATIONAL ASSN,2024-09-30,5877.005,0.0,19.387566490312558,True
30788,GLACIER BANK,2024-03-31,20576.962,312.61,59.702678811894344,True
30788,GLACIER BANK,2024-06-30,20264.352,0.0,78.71903512451223,True
30788,GLACIER BANK,2024-09-30,20884.862,164.565,56.45336983674437,True
30812,FIRST FS&LA,2024-03-31,223.657,0.0,1.0278209183694416,False
30812,FIRST FS&LA,2024-06-30,224.997,0.0,1.3464816896443152,False
30812,FIRST FS&LA,2024-09-30,234.279,0.0,1.0355506766015816,False
30819,COMMUNITY PARTNERS SB,2024-03-31,205.737,2.321,1.394375593503345,False
30819,COMMUNITY PARTNERS SB,2024-06-30,203.416,0.0,1.7459903211312795,False
30819,COMMUNITY PARTNERS SB,2024-09-30,207.236,0.0,1.4622992135024417,False
30836,TERRITORIAL SAVINGS BANK,2024-03-31,1626.465,23.089,7.676730690270332,False
30836,TERRITORIAL SAVINGS BANK,2024-06-30,1603.376,0.0,9.999034327316874,False
30836,TERRITORIAL SAVINGS BANK,2024-09-30,1695.928,0.0,7.9185660382825604,False
30864,MCHENRY SAVINGS BANK,2024-03-31,242.242,2.59,1.227702621846868,False
30878,BAR HARBOR SAVINGS&LOAN ASSN,2024-03-31,74.987,0.0,0.24388946698330366,False
30878,BAR HARBOR SAVINGS&LOAN ASSN,2024-06-30,76.575,0.329,0.3711398842373856,False
30878,BAR HARBOR SAVINGS&LOAN ASSN,2024-09-30,76.246,0.484,0.26120310033565036,False
30879,PROVIDENT SAVINGS BANK FSB,2024-03-31,917.657,22.919,3.8317277921888886,False
30879,PROVIDENT SAVINGS BANK FSB,2024-06-30,894.738,17.655,5.047524699031984,False
30879,PROVIDENT SAVINGS BANK FSB,2024-09-30,877.083,0.0,3.4326627781856525,False
30889,PEOPLES SAVINGS&LOAN CO,2024-03-31,65.505,0.0,0.18499534915429727,False
30889,PEOPLES SAVINGS&LOAN CO,2024-06-30,67.804,0.0,0.29652222600069733,False
30889,PEOPLES SAVINGS&LOAN CO,2024-09-30,70.763,0.0,0.2431659690678378,False
30895,FIDELITY BANK NATIONAL ASSN,2024-03-31,2515.727,104.16,9.499529891089123,False
30895,FIDELITY BANK NATIONAL ASSN,2024-06-30,2411.567,0.0,12.769606958103916,False
30895,FIDELITY BANK NATIONAL ASSN,2024-09-30,2451.774,0.0,8.686142559243056,False
30943,MID-CENTRAL NATIONAL BANK,2024-03-31,98.861,2.288,0.5205864053437281,False
30943,MID-CENTRAL NATIONAL BANK,2024-06-30,96.573,0.0,0.6286201195980256,False
30943,MID-CENTRAL NATIONAL BANK,2024-09-30,97.078,0.0,0.49853424773677885,False
30953,EL DORADO SAVINGS BANK FSB,2024-03-31,2125.932,39.24,16.703901372623825,True
30953,EL DORADO SAVINGS BANK FSB,2024-06-30,2086.692,0.195,21.587340504302045,True
30953,EL DORADO SAVINGS BANK FSB,2024-09-30,2086.497,6.433,17.75623064697415,True
30969,FIRST FSB OF MASCOUTAH,2024-03-31,155.92,0.0,0.7580234506879192,False
30969,FIRST FSB OF MASCOUTAH,2024-06-30,161.129,1.961,1.1239985595758422,False
30969,FIRST FSB OF MASCOUTAH,2024-09-30,159.168,0.0,0.7495477552691372,False
30976,GOUVERNEUR SAVINGS&LOAN ASSN,2024-03-31,165.905,8.752,0.8947971235145714,False
30976,GOUVERNEUR SAVINGS&LOAN ASSN,2024-06-30,157.153,0.0,1.0739898750088621,False
30976,GOUVERNEUR SAVINGS&LOAN ASSN,2024-09-30,162.825,0.0,0.791896566453718,False
30987,SPRATT SAVINGS BANK,2024-03-31,115.58,0.439,0.8736663817435439,False
30987,SPRATT SAVINGS BANK,2024-06-30,115.141,1.343,1.1229094025691393,False
30987,SPRATT SAVINGS BANK,2024-09-30,113.798,1.996,0.8055298949379577,False
30996,CENLAR FSB,2024-03-31,568.953,0.0,3.7964766087773327,False
30996,CENLAR FSB,2024-06-30,610.527,40.007,5.658713417459921,False
30996,CENLAR FSB,2024-09-30,570.52,0.0,3.74547863225436,False
31028,HOMETOWN BANK,2024-03-31,510.235,0.0,2.7651810352108916,False
31028,HOMETOWN BANK,2024-06-30,525.981,0.0,3.8086752381681612,False
31028,HOMETOWN BANK,2024-09-30,531.835,0.0,2.7150614574586385,False
31043,INTERSTATE BANK,2024-03-31,243.244,0.0,1.3019031411440443,False
31043,INTERSTATE BANK,2024-06-30,249.787,0.338,1.8449015274873062,False
31043,INTERSTATE BANK,2024-09-30,249.449,0.0,1.3288775677240579,False
31077,FIRST FEDERAL BANK,2024-03-31,235.689,0.0,1.2974917053656922,False
31077,FIRST FEDERAL BANK,2024-06-30,235.744,5.921,1.7788913213281634,False
31077,FIRST FEDERAL BANK,2024-09-30,229.823,1.365,1.1916147907561172,False
31083,JARRETTSVILLE FS&LA,2024-03-31,136.474,0.0,0.8222678997005185,False
31083,JARRETTSVILLE FS&LA,2024-06-30,138.197,1.833,1.1609627314372002,False
31083,JARRETTSVILLE FS&LA,2024-09-30,136.364,0.0,0.746776635094815,False
31089,PICKENS SAVINGS&LOAN ASSN FA,2024-03-31,110.085,0.07,0.6733071119211688,False
31089,PICKENS SAVINGS&LOAN ASSN FA,2024-06-30,110.015,0.0,0.9154197975977147,False
31089,PICKENS SAVINGS&LOAN ASSN FA,2024-09-30,110.518,0.0,0.6693766192663619,False
31090,BLUE GRASS FS&LA,2024-03-31,34.698,0.007,0.05383896303395964,False
31090,BLUE GRASS FS&LA,2024-06-30,34.691,0.0,0.06531847528723826,False
31090,BLUE GRASS FS&LA,2024-09-30,35.414,0.0,0.06178196264059244,False
31100,SECURITY FEDERAL BANK,2024-03-31,1231.924,0.0,7.3813478610096395,False
31100,SECURITY FEDERAL BANK,2024-06-30,1260.393,0.0,10.291215754661067,False
31100,SECURITY FEDERAL BANK,2024-09-30,1280.523,0.0,7.4397857782642225,False
31121,CECIL BANK,2024-03-31,199.512,8.761,1.0457283427065525,False
31121,CECIL BANK,2024-06-30,190.751,0.0,1.3881089945290097,False
31121,CECIL BANK,2024-09-30,192.225,0.997,1.0324423017344209,False
31127,FIRST FEDERAL BANK A FSB,2024-03-31,112.563,0.0,0.5333680872919405,False
31127,FIRST FEDERAL BANK A FSB,2024-06-30,123.923,0.0,0.8285786620208799,False
31127,FIRST FEDERAL BANK A FSB,2024-09-30,133.725,15.487,0.653867668739721,False
31146,SECURITY FSB OF MCMINNVILLE,2024-03-31,300.606,2.661,1.788954612632373,False
31146,SECURITY FSB OF MCMINNVILLE,2024-06-30,297.945,0.0,2.3125906166612777,False
31146,SECURITY FSB OF MCMINNVILLE,2024-09-30,304.947,0.0,1.5391605236082349,False
31158,FIRST SOUTHERN BANK,2024-03-31,228.46,0.0,1.435464645459584,False
31158,FIRST SOUTHERN BANK,2024-06-30,232.659,4.765,1.9472357070984527,False
31158,FIRST SOUTHERN BANK,2024-09-30,227.894,0.0,1.2877283738782364,False
31184,CITIZENS SAVINGS BANK,2024-03-31,300.575,0.0,1.2568475483428434,False
31184,CITIZENS SAVINGS BANK,2024-06-30,302.426,0.0,1.7319850438546838,False
31184,CITIZENS SAVINGS BANK,2024-09-30,305.489,0.0,1.188416270079113,False
31189,PONCE BANK,2024-03-31,1611.631,0.0,6.364635654370139,False
31189,PONCE BANK,2024-06-30,1627.977,0.0,8.391374391363504,False
31189,PONCE BANK,2024-09-30,1898.733,0.0,6.690284805511395,False
31197,FIRST FS&LA,2024-03-31,47.434,0.0,0.050062567766029964,False
31197,FIRST FS&LA,2024-06-30,54.352,0.0,0.16780737241906452,False
31197,FIRST FS&LA,2024-09-30,55.072,0.0,0.12221910042854608,False
31198,GREENEVILLE FEDERAL BANK FSB,2024-03-31,140.361,0.0,0.6698255449878338,False
31198,GREENEVILLE FEDERAL BANK FSB,2024-06-30,142.534,0.0,0.9259233123414312,False
31198,GREENEVILLE FEDERAL BANK FSB,2024-09-30,146.533,0.0,0.687822570614074,False
31217,LIFESTORE BANK,2024-03-31,385.798,0.0,2.719330515979199,False
31217,LIFESTORE BANK,2024-06-30,395.029,2.354,3.5509561038496606,False
31217,LIFESTORE BANK,2024-09-30,392.675,0.0,2.2496458799716956,False
31223,FIRST HARRISON BANK,2024-03-31,1013.787,0.0,5.510126298717937,False
31223,FIRST HARRISON BANK,2024-06-30,1017.728,0.0,7.357830182405049,False
31223,FIRST HARRISON BANK,2024-09-30,1033.876,0.0,5.744853564133365,False
31232,HIGHLAND FS&LA,2024-03-31,59.196,0.0,0.5659314246215102,False
31232,HIGHLAND FS&LA,2024-06-30,59.722,0.785,0.7480552841304261,False
31232,HIGHLAND FS&LA,2024-09-30,58.937,0.0,0.4827938635817013,False
31236,HEARTHSIDE BANK CORP,2024-03-31,460.284,0.0,2.1845574388013236,False
31236,HEARTHSIDE BANK CORP,2024-06-30,471.232,0.0,3.0323855903888393,False
31236,HEARTHSIDE BANK CORP,2024-09-30,477.203,0.0,2.1034495371320565,False
31249,1ST UNITED BANK,2024-03-31,152.294,3.388,1.1233220323469348,False
31249,1ST UNITED BANK,2024-06-30,148.906,0.115,1.2167053528746499,False
31249,1ST UNITED BANK,2024-09-30,148.791,0.561,0.9989202113921746,False
31266,JACKSON SAVINGS BANK SSB,2024-03-31,21.569,0.0,0.021602175719619667,False
31266,JACKSON SAVINGS BANK SSB,2024-06-30,21.801,0.0,0.09479863654508439,False
31266,JACKSON SAVINGS BANK SSB,2024-09-30,21.967,0.143,0.07007766577031951,False
31267,HOMEWOOD FSB,2024-03-31,44.912,0.0,0.13618161941471757,False
31267,HOMEWOOD FSB,2024-06-30,47.615,0.0,0.29422662893735463,False
31267,HOMEWOOD FSB,2024-09-30,49.829,0.753,0.23759932777658965,False
31272,COMMUNITY BANK,2024-03-31,267.104,0.0,1.1403171677009054,False
31272,COMMUNITY BANK,2024-06-30,283.453,14.511,1.6809915752179065,False
31272,COMMUNITY BANK,2024-09-30,268.942,0.0,1.0890601254598655,False
31313,FIRST FEDERAL BANK,2024-03-31,3397.025,0.0,17.881397754106963,True
31313,FIRST FEDERAL BANK,2024-06-30,3530.461,292.835,24.02199676917845,True
31313,FIRST FEDERAL BANK,2024-09-30,3237.626,0.0,16.801457081475956,True
31329,WEST PLAINS S&LA,2024-03-31,67.986,0.0,0.2609985840703305,False
31329,WEST PLAINS S&LA,2024-06-30,68.925,0.259,0.3964823013093216,False
31329,WEST PLAINS S&LA,2024-09-30,68.666,0.0,0.2667816695548029,False
31345,HERTFORD SAVINGS BANK SSB,2024-03-31,15.498,0.016,0.0,False
31345,HERTFORD SAVINGS BANK SSB,2024-06-30,15.482,0.0,0.0,False
31345,HERTFORD SAVINGS BANK SSB,2024-09-30,15.753,0.69,0.0,False
31361,COLONIAL SAVINGS FA,2024-03-31,674.22,0.0,2.929069074652821,False
31361,COLONIAL SAVINGS FA,2024-06-30,706.597,0.0,4.240361728164271,False
31361,COLONIAL SAVINGS FA,2024-09-30,714.63,146.487,2.8930914057458494,False
31390,AXIOM BANK NATIONAL ASSN,2024-03-31,752.466,0.0,5.507419577199146,False
31390,AXIOM BANK NATIONAL ASSN,2024-06-30,753.065,39.848,6.719497869771736,False
31390,AXIOM BANK NATIONAL ASSN,2024-09-30,713.217,0.0,4.015180836076635,False
31406,FIRST FS&LA OF SAN RAFAEL,2024-03-31,174.807,0.0,0.6154091162423695,False
31406,FIRST FS&LA OF SAN RAFAEL,2024-06-30,179.484,0.0,0.9383737262160553,False
31406,FIRST FS&LA OF SAN RAFAEL,2024-09-30,179.593,0.0,0.6183695494015977,False
31409,FIRST FS&LA,2024-03-31,26.345,0.0,0.0,False
31409,FIRST FS&LA,2024-06-30,26.854,0.0,0.0,False
31409,FIRST FS&LA,2024-09-30,27.399,0.0,0.011915744543264477,False
31410,1ST FSB OF SC INC,2024-03-31,131.62,0.0,0.6559329344470589,False
31410,1ST FSB OF SC INC,2024-06-30,133.316,0.0,1.0339844896003918,False
31410,1ST FSB OF SC INC,2024-09-30,135.449,12.001,0.757870714722948,False
31461,HARLEYSVILLE BANK,2024-03-31,665.397,0.129,2.8446158622374482,False
31461,HARLEYSVILLE BANK,2024-06-30,665.268,0.0,3.8444356269084867,False
31461,HARLEYSVILLE BANK,2024-09-30,669.067,0.0,2.6569444642471325,False
31469,ORIENTAL BANK,2024-03-31,9561.804,0.0,32.368579678226794,True
31469,ORIENTAL BANK,2024-06-30,9615.826,0.0,43.044521414922706,True
31469,ORIENTAL BANK,2024-09-30,9619.976,8.173,29.479159795595365,True
31479,FIRST FIDELITY BANK,2024-03-31,135.023,0.0,0.8889949448123008,False
31479,FIRST FIDELITY BANK,2024-06-30,139.661,3.44,1.3533331273121267,False
31479,FIRST FIDELITY BANK,2024-09-30,136.221,0.0,0.9407553552525676,False
31485,EQUITABLE BANK,2024-03-31,444.338,0.0,1.9142182704401958,False
31485,EQUITABLE BANK,2024-06-30,450.176,9.814,2.591474777559279,False
31485,EQUITABLE BANK,2024-09-30,440.362,0.0,1.7378519490800486,False
31488,PROGRESSIVE OZARK BANK,2024-03-31,152.682,0.0,0.719728058775784,False
31488,PROGRESSIVE OZARK BANK,2024-06-30,153.507,3.504,0.9497542711460418,False
31488,PROGRESSIVE OZARK BANK,2024-09-30,150.003,0.0,0.6143688057974226,False
31516,FIRST FEDERAL SAVINGS BANK,2024-03-31,521.313,27.369,2.393656893659758,False
31516,FIRST FEDERAL SAVINGS BANK,2024-06-30,493.944,0.0,2.9829798114895163,False
31516,FIRST FEDERAL SAVINGS BANK,2024-09-30,528.812,0.0,2.2815957784053,False
31539,WILMINGTON SAVINGS BANK,2024-03-31,151.86,0.0,0.580988063996692,False
31539,WILMINGTON SAVINGS BANK,2024-06-30,206.728,2.405,1.4641031251937078,False
31539,WILMINGTON SAVINGS BANK,2024-09-30,204.323,0.0,0.97860906570562,False
31545,CENTRAL BANK,2024-03-31,117.808,0.0,0.6246903576578939,False
31545,CENTRAL BANK,2024-06-30,126.341,5.628,1.1739305241583868,False
31545,CENTRAL BANK,2024-09-30,120.713,1.864,0.7010346603575383,False
31628,EAST WEST BANK,2024-03-31,55615.906,0.0,129.4081484938181,True
31628,EAST WEST BANK,2024-06-30,56986.522,0.0,178.58304974665955,True
31628,EAST WEST BANK,2024-09-30,58823.367,0.0,129.46998325665015,True
31694,VOLUNTEER FSB,2024-03-31,302.831,0.0,1.8963779333005946,False
31694,VOLUNTEER FSB,2024-06-30,307.075,0.0,2.47358345250913,False
31694,VOLUNTEER FSB,2024-09-30,314.327,0.0,1.8404345318753694,False
31711,RIVERBANK,2024-03-31,92.699,0.0,0.31526623193043174,False
31711,RIVERBANK,2024-06-30,99.496,0.0,0.5228760511571339,False
31711,RIVERBANK,2024-09-30,120.614,0.0,0.5284074589843887,False
31723,HOME SAVINGS BANK FSB,2024-03-31,18.989,0.818,0.0,False
31723,HOME SAVINGS BANK FSB,2024-06-30,18.171,0.0,0.0,False
31723,HOME SAVINGS BANK FSB,2024-09-30,18.329,0.0,0.0,False
31762,GREATER STATE BANK,2024-03-31,135.553,0.0,0.7539539987530106,False
31762,GREATER STATE BANK,2024-06-30,142.583,0.646,1.2888775521182039,False
31762,GREATER STATE BANK,2024-09-30,141.937,0.0,0.9447009010014213,False
31774,HOME FS&LA,2024-03-31,34.296,0.0,0.03497007881177541,False
31774,HOME FS&LA,2024-06-30,35.284,0.489,0.09987583024504598,False
31774,HOME FS&LA,2024-09-30,34.795,0.578,0.06779312034582574,False
31823,INTERAMERICAN BANK A FSB,2024-03-31,222.543,0.0,1.5611995569390633,False
31823,INTERAMERICAN BANK A FSB,2024-06-30,227.219,2.436,1.9910671977525636,False
31823,INTERAMERICAN BANK A FSB,2024-09-30,224.783,7.259,1.2754020764066805,False
31840,FINANCIAL FEDERAL BANK,2024-03-31,757.396,19.914,2.7183483664302845,False
31840,FINANCIAL FEDERAL BANK,2024-06-30,737.482,0.0,3.6522615825780447,False
31840,FINANCIAL FEDERAL BANK,2024-09-30,793.793,0.0,2.6520714317338596,False
31864,GRAND BANK FOR SAVINGS FSB,2024-03-31,162.885,0.0,1.3097740219975693,False
31864,GRAND BANK FOR SAVINGS FSB,2024-06-30,183.485,0.0,1.9451569866613276,False
31864,GRAND BANK FOR SAVINGS FSB,2024-09-30,216.675,0.0,1.6118164356812563,False
31900,CBL STATE SAVINGS BANK,2024-03-31,112.766,0.0,0.6080875950793329,False
31900,CBL STATE SAVINGS BANK,2024-06-30,116.641,0.0,0.9267381200401895,False
31900,CBL STATE SAVINGS BANK,2024-09-30,117.471,0.0,0.6608831473606116,False
31905,CYPRESS BANK SSB,2024-03-31,182.161,0.277,0.9924304112029704,False
31905,CYPRESS BANK SSB,2024-06-30,181.884,0.0,1.4011145015252533,False
31905,CYPRESS BANK SSB,2024-09-30,182.405,1.221,1.0070707737461109,False
31928,FIRST SENTINEL BANK,2024-03-31,351.021,5.075,1.9690654228995508,False
31928,FIRST SENTINEL BANK,2024-06-30,345.946,0.0,2.498330550861952,False
31928,FIRST SENTINEL BANK,2024-09-30,350.143,1.206,1.8761996300493502,False
31936,FAYETTE SAVINGS BANK SSB,2024-03-31,404.581,0.0,2.250668316911765,False
31936,FAYETTE SAVINGS BANK SSB,2024-06-30,417.456,6.09,3.1622886083110817,False
31936,FAYETTE SAVINGS BANK SSB,2024-09-30,411.366,0.0,2.1695952161234646,False
31945,TRUSTCO BANK,2024-03-31,5355.182,78.201,19.207421201565403,True
31945,TRUSTCO BANK,2024-06-30,5276.981,12.776,24.611614552326845,True
31945,TRUSTCO BANK,2024-09-30,5264.205,0.0,16.759658016660463,True
31972,FIRST WESTERN FSB,2024-03-31,40.618,0.0,0.02925671524717498,False
31972,FIRST WESTERN FSB,2024-06-30,41.244,0.0,0.07518241674491973,False
31972,FIRST WESTERN FSB,2024-09-30,43.602,0.0,0.08747673372678694,False
31994,SLOVENIAN S&LA FRANKLIN-CONE,2024-03-31,154.591,0.0,0.8850095447336135,False
31994,SLOVENIAN S&LA FRANKLIN-CONE,2024-06-30,157.914,0.0,1.3024076776315117,False
31994,SLOVENIAN S&LA FRANKLIN-CONE,2024-09-30,158.878,2.157,0.963040635468836,False
31999,MADISON COUNTY BANK,2024-03-31,466.591,8.769,1.9841158274134614,False
31999,MADISON COUNTY BANK,2024-06-30,457.822,0.0,2.6577183904993777,False
31999,MADISON COUNTY BANK,2024-09-30,457.829,0.0,1.8495722209109553,False
32018,ANGELINA SAVINGS BANK SSB,2024-03-31,68.248,0.0,1.0413854529668323,False
32018,ANGELINA SAVINGS BANK SSB,2024-06-30,72.983,0.259,1.7452702705019207,False
32018,ANGELINA SAVINGS BANK SSB,2024-09-30,72.724,1.353,1.3866891165106936,False
32025,UNITED BANK,2024-03-31,236.992,4.195,1.4353490417610935,False
32025,UNITED BANK,2024-06-30,232.797,0.0,1.6128395133611755,False
32025,UNITED BANK,2024-09-30,238.848,0.0,1.1594681072617687,False
32082,VIKING BANK NATIONAL ASSN,2024-03-31,226.971,9.321,1.1957728741783498,False
32082,VIKING BANK NATIONAL ASSN,2024-06-30,217.65,0.0,1.3410110849224646,False
32082,VIKING BANK NATIONAL ASSN,2024-09-30,227.276,0.0,1.0843344732651943,False
32084,GRAND SAVINGS BANK,2024-03-31,815.48,0.0,4.111156845649166,False
32084,GRAND SAVINGS BANK,2024-06-30,818.016,0.0,5.848686118318661,False
32084,GRAND SAVINGS BANK,2024-09-30,839.276,0.0,4.2334600015246435,False
32135,SHELBY SAVINGS BANK SSB,2024-03-31,321.421,1.889,2.1872827629326084,False
32135,SHELBY SAVINGS BANK SSB,2024-06-30,319.532,0.0,2.871385254326433,False
32135,SHELBY SAVINGS BANK SSB,2024-09-30,323.266,0.0,2.018377911026096,False
32172,PACIFIC PREMIER BANK,2024-03-31,15269.562,571.253,41.91533538474156,True
32172,PACIFIC PREMIER BANK,2024-06-30,14698.309,138.78,54.63305653693336,True
32172,PACIFIC PREMIER BANK,2024-09-30,14559.529,0.0,37.599174227745166,True
32188,USAA FEDERAL SAVINGS BANK,2024-03-31,100647.0,2553.0,359.34290928121936,True
32188,USAA FEDERAL SAVINGS BANK,2024-06-30,98094.0,2685.0,432.7610447520998,True
32188,USAA FEDERAL SAVINGS BANK,2024-09-30,95409.0,0.0,298.1481509677105,True
32203,SUMMIT STATE BANK,2024-03-31,939.202,0.0,3.8308441921956105,False
32203,SUMMIT STATE BANK,2024-06-30,966.587,0.0,5.335586030585044,False
32203,SUMMIT STATE BANK,2024-09-30,1002.771,40.208,4.2045013823277175,False
32232,STERLING BANK&TRUST FSB,2024-03-31,2019.283,0.0,14.724048055432462,True
32232,STERLING BANK&TRUST FSB,2024-06-30,2028.043,0.0,18.882357000389394,True
32232,STERLING BANK&TRUST FSB,2024-09-30,2075.626,1.0,15.342367301137303,True
32242,LIBERTY SAVINGS BANK FSB,2024-03-31,880.78,40.078,4.266342160576563,False
32242,LIBERTY SAVINGS BANK FSB,2024-06-30,840.702,0.0,5.482940796265834,False
32242,LIBERTY SAVINGS BANK FSB,2024-09-30,897.166,0.0,4.1297406016316724,False
32245,DOLLAR BANK FSB,2024-03-31,9598.637,97.411,28.65286795745603,True
32245,DOLLAR BANK FSB,2024-06-30,9501.226,0.0,36.35575644758064,True
32245,DOLLAR BANK FSB,2024-09-30,9666.412,0.0,25.92306272658042,True
32257,ABACUS FEDERAL SAVINGS BANK,2024-03-31,270.909,5.781,1.5606712396076485,False
32257,ABACUS FEDERAL SAVINGS BANK,2024-06-30,265.128,5.171,2.011574836569124,False
32257,ABACUS FEDERAL SAVINGS BANK,2024-09-30,259.957,1.975,1.310793622987147,False
32277,EASTERN INTERNATIONAL BANK,2024-03-31,89.712,1.409,0.37420370413509013,False
32277,EASTERN INTERNATIONAL BANK,2024-06-30,88.303,0.0,0.5461108122327347,False
32277,EASTERN INTERNATIONAL BANK,2024-09-30,95.671,0.0,0.5408390474663446,False
32282,MALAGA BANK FSB,2024-03-31,920.279,2.549,3.994358649521367,False
32282,MALAGA BANK FSB,2024-06-30,917.73,8.454,5.368993576884506,False
32282,MALAGA BANK FSB,2024-09-30,909.276,0.0,3.496532610156687,False
32286,COMMUNITY SAVINGS BANK,2024-03-31,70.543,0.0,0.21790632549971045,False
32286,COMMUNITY SAVINGS BANK,2024-06-30,72.756,0.0,0.3364492756677677,False
32286,COMMUNITY SAVINGS BANK,2024-09-30,73.588,0.662,0.2559046070056758,False
32292,WOODSFIELD SAVINGS BANK,2024-03-31,101.363,0.0,0.6618766734294799,False
32292,WOODSFIELD SAVINGS BANK,2024-06-30,101.459,2.095,0.7636563027180296,False
32292,WOODSFIELD SAVINGS BANK,2024-09-30,99.364,0.0,0.5096937219569063,False
32293,MIAMI SAVINGS BANK,2024-03-31,107.096,1.418,0.4614928094883625,False
32293,MIAMI SAVINGS BANK,2024-06-30,105.678,0.0,0.6361379140932942,False
32293,MIAMI SAVINGS BANK,2024-09-30,106.02,0.0,0.5229417850663413,False
32296,UNION SAVINGS BANK,2024-03-31,3110.95,0.0,10.568738260187404,True
32296,UNION SAVINGS BANK,2024-06-30,3165.12,0.0,14.422401227706528,True
32296,UNION SAVINGS BANK,2024-09-30,3281.508,0.0,10.291744890380397,True
32306,NEW FOUNDATION SAVINGS BANK,2024-03-31,16.363,0.574,0.0,False
32306,NEW FOUNDATION SAVINGS BANK,2024-06-30,15.789,0.0,0.0,False
32306,NEW FOUNDATION SAVINGS BANK,2024-09-30,16.246,0.025,0.0,False
32307,GALION BUILDING&LOAN BANK,2024-03-31,61.526,1.197,0.2104180580264438,False
32307,GALION BUILDING&LOAN BANK,2024-06-30,60.329,0.0,0.2803173761256667,False
32307,GALION BUILDING&LOAN BANK,2024-09-30,61.759,0.0,0.26518255056027945,False
32348,TAYLORSVILLE SB SSB,2024-03-31,145.449,0.0,0.6376212992750443,False
32348,TAYLORSVILLE SB SSB,2024-06-30,152.204,0.0,0.9289672268107321,False
32348,TAYLORSVILLE SB SSB,2024-09-30,160.474,0.0,0.7309490333269909,False
32360,EASTERN SAVINGS BANK FSB,2024-03-31,259.842,0.258,1.1736959965351446,False
32360,EASTERN SAVINGS BANK FSB,2024-06-30,259.584,0.0,1.5125112404647114,False
32360,EASTERN SAVINGS BANK FSB,2024-09-30,269.382,0.0,1.1465414799125797,False
32363,PRESIDENTIAL BANK FSB,2024-03-31,736.288,41.384,3.4171645077118726,False
32363,PRESIDENTIAL BANK FSB,2024-06-30,694.904,0.0,4.33393279631327,False
32363,PRESIDENTIAL BANK FSB,2024-09-30,762.385,0.0,3.787209285315505,False
32441,UNITED MIDWEST SB NA,2024-03-31,402.714,0.0,3.411176957744266,False
32441,UNITED MIDWEST SB NA,2024-06-30,403.258,0.0,4.937440218229747,False
32441,UNITED MIDWEST SB NA,2024-09-30,409.891,5.728,3.782850653406294,False
32459,HOMELAND FSB,2024-03-31,464.664,0.0,2.0058717868202467,False
32459,HOMELAND FSB,2024-06-30,477.597,0.0,2.7169083416739626,False
32459,HOMELAND FSB,2024-09-30,491.432,0.0,1.964623947203324,False
32489,HOMESTREET BANK,2024-03-31,6513.439,0.0,20.952267816115373,True
32489,HOMESTREET BANK,2024-06-30,6554.267,94.576,27.366666225600888,True
32489,HOMESTREET BANK,2024-09-30,6459.691,26.778,18.60219779943051,True
32526,AMERICAN SAVINGS BANK FSB,2024-03-31,8049.276,0.0,28.51031146243056,True
32526,AMERICAN SAVINGS BANK FSB,2024-06-30,8091.244,47.113,39.090663336906296,True
32526,AMERICAN SAVINGS BANK FSB,2024-09-30,8044.131,0.0,27.385045656444102,True
32527,BAYVANGUARD BANK,2024-03-31,687.041,0.0,2.8997339263429724,False
32527,BAYVANGUARD BANK,2024-06-30,691.263,8.451,4.141954869611526,False
32527,BAYVANGUARD BANK,2024-09-30,682.812,0.0,2.8179025629893477,False
32532,SOUTH GEORGIA BANK,2024-03-31,197.798,3.591,1.6991462092069314,False
32532,SOUTH GEORGIA BANK,2024-06-30,194.207,0.0,2.2307456456749386,False
32532,SOUTH GEORGIA BANK,2024-09-30,195.253,0.0,1.591257218508861,False
32541,FLAGSTAR BANK NATIONAL ASSN,2024-03-31,75528.613,0.0,188.9982982165869,True
32541,FLAGSTAR BANK NATIONAL ASSN,2024-06-30,79682.02,0.0,298.59533042417166,True
32541,FLAGSTAR BANK NATIONAL ASSN,2024-09-30,83625.177,7176.74,249.1327935732132,True
32551,LENDINGCLUB BANK NA,2024-03-31,7630.455,0.0,31.960079010994882,True
32551,LENDINGCLUB BANK NA,2024-06-30,8215.812,0.0,44.84981784261917,True
32551,LENDINGCLUB BANK NA,2024-09-30,9532.342,415.521,35.104119447179,True
32574,BEAL BANK,2024-03-31,2400.467,0.0,14.148111798718611,True
32574,BEAL BANK,2024-06-30,2402.42,0.0,18.604027932152402,True
32574,BEAL BANK,2024-09-30,3529.856,0.0,18.111727718981165,True
32612,NATIONAL COOP BANK N A,2024-03-31,3056.465,58.518,14.255342367661346,True
32612,NATIONAL COOP BANK N A,2024-06-30,2997.947,0.0,17.18525662941986,True
32612,NATIONAL COOP BANK N A,2024-09-30,3125.069,0.0,10.827044170161326,True
32629,FIRST SAVINGS BANK,2024-03-31,1144.684,0.0,4.530926096053754,False
32629,FIRST SAVINGS BANK,2024-06-30,1168.483,0.0,7.031975639473856,False
32629,FIRST SAVINGS BANK,2024-09-30,1181.666,3.778,4.741827586149952,False
32647,NORTHWEST BANK,2024-03-31,2072.671,0.0,8.047641339129992,False
32647,NORTHWEST BANK,2024-06-30,2471.071,0.0,12.372680369769897,False
32647,NORTHWEST BANK,2024-09-30,2499.704,7.481,8.721531860271947,False
32718,HELM BANK USA,2024-03-31,951.976,22.287,5.421928161218725,False
32718,HELM BANK USA,2024-06-30,929.689,21.633,6.533729114959321,False
32718,HELM BANK USA,2024-09-30,908.056,0.0,4.33734966775264,False
32773,EASTERN BANK,2024-03-31,17813.391,128.909,49.345587735177375,True
32773,EASTERN BANK,2024-06-30,17684.482,0.0,65.67970948958045,True
32773,EASTERN BANK,2024-09-30,21362.712,0.0,50.01115221323682,True
32779,BANK OF MARIN,2024-03-31,3292.791,55.746,13.52494453924519,True
32779,BANK OF MARIN,2024-06-30,3237.045,0.0,19.426384068648783,True
32779,BANK OF MARIN,2024-09-30,3323.328,92.92,14.15465837778315,True
32838,COMMUNITY FIRST BANK INC,2024-03-31,579.516,4.856,2.986674728550669,False
32908,TUSTIN COMMUNITY BANK,2024-03-31,59.866,0.0,0.19444053573689873,False
32908,TUSTIN COMMUNITY BANK,2024-06-30,61.805,0.0,0.3092673483118793,False
32908,TUSTIN COMMUNITY BANK,2024-09-30,64.034,2.599,0.283028405466181,False
32912,WHITAKER BANK,2024-03-31,1612.43,0.0,8.011786219867632,False
32912,WHITAKER BANK,2024-06-30,1613.392,18.927,10.444345409699165,False
32912,WHITAKER BANK,2024-09-30,1594.465,0.0,7.134813116006519,False
32941,WESTSTAR BANK,2024-03-31,2507.486,0.0,9.746096099513476,True
32941,WESTSTAR BANK,2024-06-30,2711.662,0.0,16.18598086096792,True
32941,WESTSTAR BANK,2024-09-30,2713.606,0.0,9.431097929053156,False
32968,LIFESTEPS BANK&TRUST,2024-03-31,51.451,0.761,0.6624591729427481,False
32968,LIFESTEPS BANK&TRUST,2024-06-30,50.69,0.0,0.8944709763728317,False
32968,LIFESTEPS BANK&TRUST,2024-09-30,59.29,0.0,0.6463040287352284,False
32974,GULF COAST BANK&TRUST CO,2024-03-31,2754.213,0.0,11.57891288228815,True
32974,GULF COAST BANK&TRUST CO,2024-06-30,2879.531,30.753,15.601643499015147,True
32974,GULF COAST BANK&TRUST CO,2024-09-30,2848.778,0.0,10.79749210074047,True
32992,MORGAN STANLEY BANK NA,2024-03-31,175919.0,3720.0,472.7706382645484,True
32992,MORGAN STANLEY BANK NA,2024-06-30,172199.0,0.0,560.16296893297,True
32992,MORGAN STANLEY BANK NA,2024-09-30,180157.0,0.0,429.8817830944453,True
33005,FCB BANKS,2024-03-31,1825.408,0.0,7.3073718249527175,False
33005,FCB BANKS,2024-06-30,1961.347,0.0,11.96727416109235,False
33005,FCB BANKS,2024-09-30,1966.532,0.0,7.778810612510794,False
33009,COUNTY BANK,2024-03-31,497.226,0.0,2.47415873125866,False
33009,COUNTY BANK,2024-06-30,515.938,0.0,3.6141952053722095,False
33009,COUNTY BANK,2024-09-30,520.402,2.168,2.5309940172219663,False
33010,FIRST PEOPLES BANK,2024-03-31,290.929,0.0,1.5818665264603569,False
33010,FIRST PEOPLES BANK,2024-06-30,295.075,3.33,2.0116498875698237,False
33010,FIRST PEOPLES BANK,2024-09-30,291.745,0.0,1.3385968271970803,False
33013,ASIAN PACIFIC NATIONAL BANK,2024-03-31,44.474,0.0,0.3006880678424754,False
33013,ASIAN PACIFIC NATIONAL BANK,2024-06-30,46.001,0.712,0.4076348695890975,False
33013,ASIAN PACIFIC NATIONAL BANK,2024-09-30,45.289,1.187,0.28545106063532166,False
33026,SURETY BANK,2024-03-31,185.485,0.0,2.767739334555319,False
33026,SURETY BANK,2024-06-30,186.492,2.074,3.8816524059547106,False
33026,SURETY BANK,2024-09-30,184.418,12.083,3.084596861519864,False
33103,GATEWAY BANK FSB,2024-03-31,191.603,0.0,1.352454866536222,False
33103,GATEWAY BANK FSB,2024-06-30,193.524,0.0,1.2108374747953596,False
33103,GATEWAY BANK FSB,2024-09-30,221.431,0.0,1.4871094742497026,False
33111,COLORADO FSB,2024-03-31,1190.629,0.0,5.467690225520368,False
33111,COLORADO FSB,2024-06-30,1314.041,0.0,7.693695771712797,False
33111,COLORADO FSB,2024-09-30,1444.743,242.212,5.9795076654650625,False
33119,HERITAGE BANK INC,2024-03-31,1639.049,31.559,8.558969216279497,False
33119,HERITAGE BANK INC,2024-06-30,1607.49,0.0,10.533674326816039,False
33119,HERITAGE BANK INC,2024-09-30,1611.384,0.0,7.296416797778282,False
33124,GOLDMAN SACHS BANK USA,2024-03-31,363106.0,6217.0,1172.539266188951,True
33124,GOLDMAN SACHS BANK USA,2024-06-30,356889.0,0.0,1490.2231572223288,True
33124,GOLDMAN SACHS BANK USA,2024-09-30,370460.0,0.0,1029.4311912719886,True
33131,FIRST FARMERS&MERCHANTS NB,2024-03-31,102.06,0.0,0.42671409523073,False
33131,FIRST FARMERS&MERCHANTS NB,2024-06-30,105.049,0.0,0.6133202529629929,False
33131,FIRST FARMERS&MERCHANTS NB,2024-09-30,108.76,0.0,0.5158655498832821,False
33136,WOODLANDS BANK,2024-03-31,523.623,0.0,2.5941632115634126,False
33136,WOODLANDS BANK,2024-06-30,523.637,0.0,3.4240221302791314,False
33136,WOODLANDS BANK,2024-09-30,538.99,3.046,2.5480905616539746,False
33183,SOUND BANKING CO,2024-03-31,41.013,2.066,0.08927884124138052,False
33183,SOUND BANKING CO,2024-06-30,38.947,0.0,0.06593520492098648,False
33183,SOUND BANKING CO,2024-09-30,44.543,2.405,0.18915307263286232,False
33188,SHINHAN BANK AMERICA,2024-03-31,1531.713,128.608,7.014237838170616,False
33188,SHINHAN BANK AMERICA,2024-06-30,1403.105,0.0,6.979393803143975,False
33188,SHINHAN BANK AMERICA,2024-09-30,1494.627,0.0,5.440305226178352,False
33204,PREMIER BANK MINNESOTA,2024-03-31,585.265,0.0,2.5924640326013266,False
33204,PREMIER BANK MINNESOTA,2024-06-30,602.9,12.409,3.839136722958415,False
33204,PREMIER BANK MINNESOTA,2024-09-30,590.491,0.0,2.4802979826142044,False
33216,NORTHRIM BANK,2024-03-31,2449.91,0.0,10.121666006473765,True
33216,NORTHRIM BANK,2024-06-30,2480.33,0.0,13.13847601773212,False
33216,NORTHRIM BANK,2024-09-30,2642.617,0.0,9.835836215042601,True
33306,CIBC BANK USA,2024-03-31,43630.143,0.0,130.4493010479423,True
33306,CIBC BANK USA,2024-06-30,43791.815,0.0,170.777717297059,True
33306,CIBC BANK USA,2024-09-30,46874.584,0.0,137.8205058721614,True
33380,ENTERPRISE BANK,2024-03-31,409.061,5.788,2.062678984034337,False
33380,ENTERPRISE BANK,2024-06-30,403.273,0.0,2.59863432066713,False
33380,ENTERPRISE BANK,2024-09-30,419.309,1.046,2.0394000929655727,False
33418,LEDYARD NATIONAL BANK,2024-03-31,783.873,0.0,4.572397994052596,False
33418,LEDYARD NATIONAL BANK,2024-06-30,797.623,0.0,6.140543108442943,False
33418,LEDYARD NATIONAL BANK,2024-09-30,826.469,15.082,4.496214740706794,False
33440,CITIZENS FIRST BANK,2024-03-31,3310.669,41.251,16.588629506987225,True
33440,CITIZENS FIRST BANK,2024-06-30,3269.418,0.0,21.561847227379566,True
33440,CITIZENS FIRST BANK,2024-09-30,3315.951,0.0,15.799022904877578,True
33450,ARBOR BANK,2024-03-31,540.006,0.0,2.741745697273181,False
33450,ARBOR BANK,2024-06-30,541.294,0.0,3.5713674634096817,False
33450,ARBOR BANK,2024-09-30,558.143,10.533,2.5162591816278153,False
33457,OAK VALLEY COMMUNITY BANK,2024-03-31,1612.826,0.0,8.579520009371533,False
33457,OAK VALLEY COMMUNITY BANK,2024-06-30,1645.361,0.0,11.504829849625029,False
33457,OAK VALLEY COMMUNITY BANK,2024-09-30,1690.813,0.0,8.594564207033914,False
33470,TODAYS BANK,2024-03-31,279.161,0.0,1.4691117683501769,False
33470,TODAYS BANK,2024-06-30,290.934,0.0,2.2047337331098547,False
33470,TODAYS BANK,2024-09-30,292.131,4.069,1.660987020640618,False
33492,CRESCENT BANK,2024-03-31,1192.081,44.274,5.279382708209072,False
33492,CRESCENT BANK,2024-06-30,1147.807,50.257,6.686965133298411,False
33492,CRESCENT BANK,2024-09-30,1097.55,93.198,4.728809719154546,False
33497,CHARLES SCHWAB PREMIER BK SS,2024-03-31,22056.0,1859.0,111.93201568975306,True
33497,CHARLES SCHWAB PREMIER BK SS,2024-06-30,20197.0,0.0,130.079528412474,True
33497,CHARLES SCHWAB PREMIER BK SS,2024-09-30,21486.0,0.0,108.70033053939227,True
33503,UNITY BANK,2024-03-31,1961.431,0.0,7.584564829140899,False
33503,UNITY BANK,2024-06-30,2010.976,0.0,10.655232082429455,False
33503,UNITY BANK,2024-09-30,2046.7,0.0,7.362260734765094,False
33506,FIRST NB OF COFFEE COUNTY,2024-03-31,418.215,0.0,3.6623370584681245,False
33506,FIRST NB OF COFFEE COUNTY,2024-06-30,441.268,16.859,5.226967521609659,False
33506,FIRST NB OF COFFEE COUNTY,2024-09-30,424.409,0.0,3.2004433223992903,False
33539,PREFERRED BANK,2024-03-31,5807.301,0.0,22.483264148115467,True
33539,PREFERRED BANK,2024-06-30,5882.233,8.425,29.93994511859007,True
33539,PREFERRED BANK,2024-09-30,5873.808,0.0,19.69298461502889,True
33552,BOONE BANK&TRUST CO,2024-03-31,164.642,15.835,1.4980677040292734,False
33552,BOONE BANK&TRUST CO,2024-06-30,148.807,0.0,1.426658244997414,False
33552,BOONE BANK&TRUST CO,2024-09-30,165.375,19.958,1.4827366194597131,False
33555,SOUTHSTATE BANK NA,2024-03-31,37313.86,118.418,84.49358933885155,True
33555,SOUTHSTATE BANK NA,2024-06-30,37195.442,0.0,112.20321332691553,True
33555,SOUTHSTATE BANK NA,2024-09-30,37751.549,0.0,77.23089970158088,True
33565,DESJARDINS BANK NA,2024-03-31,250.084,6.59,1.4593335667932734,False
33565,DESJARDINS BANK NA,2024-06-30,243.494,0.0,1.6858180640144398,False
33565,DESJARDINS BANK NA,2024-09-30,259.911,0.0,1.3378866006351282,False
33568,UNITED BANK OF PHILADELPHIA,2024-03-31,46.315,0.0,0.3305301353731384,False
33568,UNITED BANK OF PHILADELPHIA,2024-06-30,47.461,0.0,0.4840748562488231,False
33568,UNITED BANK OF PHILADELPHIA,2024-09-30,47.477,3.675,0.4313493314846586,False
33645,LEE BANK,2024-03-31,448.064,0.0,2.3197854698477185,False
33645,LEE BANK,2024-06-30,451.608,0.0,3.096167748862589,False
33645,LEE BANK,2024-09-30,453.827,0.0,2.1929315085477596,False
33646,BANK OF EAST ASIA LTD,2024-03-31,3263.604,141.741,54.622290568280356,True
33646,BANK OF EAST ASIA LTD,2024-06-30,3121.863,3.939,68.59471823490853,True
33646,BANK OF EAST ASIA LTD,2024-09-30,3117.924,0.0,50.58146317135772,True
33648,BANK OF INDIA,2024-03-31,5105.018,342.363,70.66125126586962,True
33648,BANK OF INDIA,2024-06-30,4762.655,0.0,97.12324595723466,True
33648,BANK OF INDIA,2024-09-30,5463.549,0.0,53.57775486191458,True
33653,BANK OF CHINA,2024-03-31,19276.198,1259.528,492.3692171650103,True
33653,BANK OF CHINA,2024-06-30,18016.67,0.0,516.4688235290929,True
33653,BANK OF CHINA,2024-09-30,18603.669,2025.118,500.8714480454514,True
33661,MIZRAHI TEFAHOT BANK LTD,2024-03-31,2184.946,0.0,127.09167304807676,True
33661,MIZRAHI TEFAHOT BANK LTD,2024-06-30,2443.225,221.933,179.00807329335385,True
33661,MIZRAHI TEFAHOT BANK LTD,2024-09-30,2221.292,0.0,128.06048790371986,True
33664,STATE BANK OF INDIA,2024-03-31,2516.802,0.0,23.17973665398895,True
33664,STATE BANK OF INDIA,2024-06-30,2662.367,0.0,32.68670505514506,True
33664,STATE BANK OF INDIA,2024-09-30,2724.664,0.0,22.253639093542883,True
33681,BANK OF BARODA,2024-03-31,8026.927,206.571,90.751850762957,True
33681,BANK OF BARODA,2024-06-30,7820.356,0.0,134.28054461756525,True
33681,BANK OF BARODA,2024-09-30,8037.621,0.0,85.8720711369486,True
33682,STATE BANK OF INDIA,2024-03-31,11901.028,0.0,128.048141291287,True
33682,STATE BANK OF INDIA,2024-06-30,12075.028,0.0,187.78037992790306,True
33682,STATE BANK OF INDIA,2024-09-30,12289.492,0.0,155.7246164663216,True
33686,BANK HAPOALIM B M,2024-03-31,6481.857,0.0,87.1293932769837,True
33686,BANK HAPOALIM B M,2024-06-30,6789.706,0.0,94.90891278192362,True
33686,BANK HAPOALIM B M,2024-09-30,6821.282,0.0,68.27147724776987,True
33690,BANCO BILBAO VIZCAYA SA,2024-03-31,6818.1,0.0,98.70649151817993,True
33690,BANCO BILBAO VIZCAYA SA,2024-06-30,6844.438,0.0,122.48914321960304,True
33690,BANCO BILBAO VIZCAYA SA,2024-09-30,7610.924,0.0,101.99317700681297,True
33692,STANDARD CHARTERED BANK PLC,2024-03-31,40694.396,2105.182,969.9356388039422,True
33692,STANDARD CHARTERED BANK PLC,2024-06-30,38589.214,0.0,1075.7231602290535,True
33692,STANDARD CHARTERED BANK PLC,2024-09-30,39665.336,2363.375,854.5658164884235,True
33693,MASHREQBANK PSC,2024-03-31,359.121,99.337,21.600648683963303,True
33693,MASHREQBANK PSC,2024-06-30,259.784,0.0,15.947711456067987,True
33693,MASHREQBANK PSC,2024-09-30,576.166,221.78,21.438634195836,True
33708,INTERNATIONAL BK OF CHICAGO,2024-03-31,826.437,0.0,3.7428649025553917,False
33708,INTERNATIONAL BK OF CHICAGO,2024-06-30,882.415,0.0,5.304160303869597,False
33708,INTERNATIONAL BK OF CHICAGO,2024-09-30,911.755,48.454,4.101753737426109,False
33739,CITIZENS COMMUNITY BANK,2024-03-31,285.765,0.0,1.771376892197809,False
33739,CITIZENS COMMUNITY BANK,2024-06-30,286.659,0.0,2.4991274295070096,False
33739,CITIZENS COMMUNITY BANK,2024-09-30,293.136,0.0,1.8868944923722355,False
33753,CITIZENS COMMUNITY BANK,2024-03-31,367.487,0.0,2.0509071119840643,False
33753,CITIZENS COMMUNITY BANK,2024-06-30,376.325,0.0,2.788359139884227,False
33753,CITIZENS COMMUNITY BANK,2024-09-30,387.327,0.0,2.174025698854946,False
33758,STARION BANK,2024-03-31,1569.846,56.136,6.963149349725553,False
33758,STARION BANK,2024-06-30,1513.71,0.758,9.058535205818863,False
33758,STARION BANK,2024-09-30,1512.952,0.0,6.409612535054489,False
33761,VILLAGE BANK,2024-03-31,373.441,1.162,2.081929438218024,False
33761,VILLAGE BANK,2024-06-30,372.279,0.0,2.6486345386730235,False
33761,VILLAGE BANK,2024-09-30,382.039,4.759,2.1082583905333845,False
33785,STIFEL TRUST CO NA,2024-03-31,842.368,1.396,10.180679799535884,True
33785,STIFEL TRUST CO NA,2024-06-30,840.972,0.0,13.873086918287763,True
33785,STIFEL TRUST CO NA,2024-09-30,844.923,0.0,11.85031054304955,True
33794,FIRST CMTY BANK OF E TN,2024-03-31,174.697,0.0,1.2092982588732057,False
33794,FIRST CMTY BANK OF E TN,2024-06-30,176.974,3.476,1.6525523008176768,False
33794,FIRST CMTY BANK OF E TN,2024-09-30,173.498,6.297,1.1573744201421325,False
33802,TIOGA-FRANKLIN SAVINGS BANK,2024-03-31,65.608,2.229,0.2864860347477619,False
33802,TIOGA-FRANKLIN SAVINGS BANK,2024-06-30,63.379,0.0,0.473774763416727,False
33802,TIOGA-FRANKLIN SAVINGS BANK,2024-09-30,65.854,1.422,0.4293956770212778,False
33803,WHEATON B&T NA,2024-03-31,2634.098,0.0,10.367489447753982,True
33803,WHEATON B&T NA,2024-06-30,2913.427,0.0,16.513895647904405,True
33803,WHEATON B&T NA,2024-09-30,3061.86,0.0,12.978506044323572,True
33805,COMMUNITY BANK OF ELMHURST,2024-03-31,155.24,3.51,0.8967557477587587,False
33805,COMMUNITY BANK OF ELMHURST,2024-06-30,151.73,0.0,1.2267828401435232,False
33805,COMMUNITY BANK OF ELMHURST,2024-09-30,155.639,0.0,0.8968456653186672,False
33812,AMERICAN NB FOX CITIES,2024-03-31,325.301,0.0,1.5968296112203713,False
33812,AMERICAN NB FOX CITIES,2024-06-30,326.369,3.663,2.0592562511326507,False
33812,AMERICAN NB FOX CITIES,2024-09-30,322.706,0.0,1.4811121181360998,False
33818,PRIORITY BANK,2024-03-31,88.561,2.185,0.42639213112507646,False
33818,PRIORITY BANK,2024-06-30,86.376,0.0,0.5808225749661315,False
33818,PRIORITY BANK,2024-09-30,96.076,0.0,0.5098849207311184,False
33823,CAPITAL COMMUNITY BANK,2024-03-31,773.873,0.0,3.640919050229031,False
33823,CAPITAL COMMUNITY BANK,2024-06-30,802.988,0.0,5.299808775551618,False
33823,CAPITAL COMMUNITY BANK,2024-09-30,841.378,0.0,3.6802586603499656,False
33831,FDS BANK,2024-03-31,15.0,0.0,0.3871635979481008,False
33831,FDS BANK,2024-06-30,15.0,0.0,0.7400795502719781,False
33831,FDS BANK,2024-09-30,15.0,0.0,0.7941444208928116,False
33832,FIRST CMTY BK OF THE OZARKS,2024-03-31,147.868,0.0,0.7432295551576362,False
33832,FIRST CMTY BK OF THE OZARKS,2024-06-30,153.224,0.0,1.076291712222271,False
33849,HINSDALE B&T CO NA,2024-03-31,4258.633,0.0,15.168121699564795,True
33849,HINSDALE B&T CO NA,2024-06-30,4282.985,0.0,19.910052180314803,True
33849,HINSDALE B&T CO NA,2024-09-30,4366.544,10.218,14.269979091522936,True
33851,BANK OF MILAN,2024-03-31,91.83,1.513,0.6317959617300188,False
33851,BANK OF MILAN,2024-06-30,90.317,0.0,0.7975132058786006,False
33851,BANK OF MILAN,2024-09-30,91.1,0.0,0.591774448746545,False
33859,CATSKILL HUDSON BANK,2024-03-31,536.183,29.517,2.601320703330773,False
33859,CATSKILL HUDSON BANK,2024-06-30,506.666,3.597,3.1713577258396044,False
33859,CATSKILL HUDSON BANK,2024-09-30,503.069,54.453,2.354318596479294,False
33860,NATIONAL BANK OF INPOLIS,2024-03-31,2691.881,108.464,16.252454903504507,True
33860,NATIONAL BANK OF INPOLIS,2024-06-30,2583.417,0.0,19.101573137434677,True
33860,NATIONAL BANK OF INPOLIS,2024-09-30,2750.321,7.501,16.1341765977149,True
33867,QUAD CITY BANK&TRUST CO,2024-03-31,2161.516,60.996,7.965968987065018,False
33867,QUAD CITY BANK&TRUST CO,2024-06-30,2100.52,0.0,10.219665983903024,False
33867,QUAD CITY BANK&TRUST CO,2024-09-30,2205.468,78.895,7.239479975073924,False
33880,WISCONSIN RIVER BANK,2024-03-31,147.071,0.0,0.6807261594205243,False
33880,WISCONSIN RIVER BANK,2024-06-30,153.125,6.242,1.0126053308774041,False
33880,WISCONSIN RIVER BANK,2024-09-30,146.883,0.908,0.6470465964489356,False
33893,RAYMOND JAMES BANK,2024-03-31,37315.094,367.213,95.4263638913721,True
33893,RAYMOND JAMES BANK,2024-06-30,36947.881,0.0,123.95765903943193,True
33893,RAYMOND JAMES BANK,2024-09-30,37592.202,399.446,90.44350048981856,True
33905,HERITAGE BANK OF COMMERCE,2024-03-31,4464.683,1.524,18.75229977598652,True
33905,HERITAGE BANK OF COMMERCE,2024-06-30,4463.159,0.0,25.86753096855763,True
33905,HERITAGE BANK OF COMMERCE,2024-09-30,4747.657,0.0,21.714979779268493,True
33922,FRONTIER BANK,2024-03-31,293.239,9.685,1.7494934971181735,False
33922,FRONTIER BANK,2024-06-30,283.554,0.0,2.144010358844094,False
33922,FRONTIER BANK,2024-09-30,292.376,0.009,1.7516380163317329,False
33926,CHARLEVOIX STATE BANK,2024-03-31,215.446,0.0,1.7040652765058892,False
33926,CHARLEVOIX STATE BANK,2024-06-30,218.966,0.0,2.3611761780530007,False
33926,CHARLEVOIX STATE BANK,2024-09-30,220.511,4.892,1.5886988450316188,False
33928,PATRIOT BANK NATIONAL ASSN,2024-03-31,862.719,58.835,4.199411465085924,False
33928,PATRIOT BANK NATIONAL ASSN,2024-06-30,803.884,0.0,5.669029407229491,False
33928,PATRIOT BANK NATIONAL ASSN,2024-09-30,828.148,0.0,4.015051869599346,False
33935,WINTRUST BANK NATIONAL ASSN,2024-03-31,8208.493,0.0,23.231963379709335,True
33935,WINTRUST BANK NATIONAL ASSN,2024-06-30,8297.727,0.0,32.47241464817606,True
33935,WINTRUST BANK NATIONAL ASSN,2024-09-30,8332.504,170.028,21.700388505744364,True
33947,TD BANK USA NATIONAL ASSN,2024-03-31,28653.167,1358.519,127.36129822037707,True
33947,TD BANK USA NATIONAL ASSN,2024-06-30,27294.648,0.0,157.66155156840392,True
33947,TD BANK USA NATIONAL ASSN,2024-09-30,27619.676,0.0,123.44270070321984,True
33959,NATBANK NATIONAL ASSN,2024-03-31,159.18,0.0,0.7162397089803842,False
33959,NATBANK NATIONAL ASSN,2024-06-30,165.919,0.0,1.0161857802820418,False
33959,NATBANK NATIONAL ASSN,2024-09-30,185.568,0.701,0.9377841198314056,False
34010,EVERTRUST BANK,2024-03-31,681.944,35.886,2.9379920149303995,False
34010,EVERTRUST BANK,2024-06-30,646.058,1.955,3.4654975572573665,False
34010,EVERTRUST BANK,2024-09-30,644.103,0.0,2.1406512094194774,False
34011,VILLAGE B&T NA,2024-03-31,2169.74,0.0,8.146276760032698,False
34011,VILLAGE B&T NA,2024-06-30,2383.666,2.319,13.562821954414773,True
34011,VILLAGE B&T NA,2024-09-30,2381.347,0.0,8.375794853021876,False
34014,TEXAS NATIONAL BANK,2024-03-31,130.702,5.199,1.6155557924354012,False
34014,TEXAS NATIONAL BANK,2024-06-30,125.503,0.013,1.4290436729765141,False
34014,TEXAS NATIONAL BANK,2024-09-30,125.49,0.0,1.1517287281936188,False
34020,COMMUNITY BANK,2024-03-31,133.095,0.0,0.6919098849087282,False
34020,COMMUNITY BANK,2024-06-30,137.72,0.0,1.029905780502288,False
34020,COMMUNITY BANK,2024-09-30,139.518,0.0,0.7939037148602233,False
34023,TNBANK,2024-03-31,267.102,0.099,1.4243265134849066,False
34023,TNBANK,2024-06-30,267.003,3.477,2.0308589567100976,False
34023,TNBANK,2024-09-30,263.526,13.41,1.361232429575085,False
34038,TIME BANK,2024-03-31,378.241,0.0,1.6218030290120395,False
34038,TIME BANK,2024-06-30,379.61,0.0,2.299792971546796,False
34038,TIME BANK,2024-09-30,392.522,0.0,1.7954926920145593,False
34040,FIRST AMERICAN STATE BANK,2024-03-31,208.152,13.063,0.9849974598511954,False
34040,FIRST AMERICAN STATE BANK,2024-06-30,195.089,0.042,1.264438162036474,False
34040,FIRST AMERICAN STATE BANK,2024-09-30,195.047,1.506,0.9325218909337505,False
34047,FIRST COMMUNITY BANK,2024-03-31,1582.046,0.0,8.246044824727171,False
34047,FIRST COMMUNITY BANK,2024-06-30,1610.119,0.0,10.559322264656982,False
34047,FIRST COMMUNITY BANK,2024-09-30,1649.219,0.0,8.25143981653617,False
34052,BAY BANK,2024-03-31,236.111,0.209,2.40999680032438,False
34052,BAY BANK,2024-06-30,235.902,2.791,2.9561222140747714,False
34052,BAY BANK,2024-09-30,233.111,0.0,2.0369698303226236,False
34058,LUSITANIA SAVINGS BANK,2024-03-31,318.439,4.5,2.0555853898751524,False
34058,LUSITANIA SAVINGS BANK,2024-06-30,313.939,0.0,2.573191211365199,False
34058,LUSITANIA SAVINGS BANK,2024-09-30,319.178,0.0,1.7403018684419116,False
34068,THOMASVILLE NATIONAL BANK,2024-03-31,1509.401,0.0,7.199425279938907,False
34068,THOMASVILLE NATIONAL BANK,2024-06-30,1522.657,0.0,9.315226181595879,False
34068,THOMASVILLE NATIONAL BANK,2024-09-30,1573.182,0.0,6.46861919100546,False
34073,LIBERTYVILLE B&T CO NA,2024-03-31,2206.694,0.0,8.114716527069916,False
34073,LIBERTYVILLE B&T CO NA,2024-06-30,2274.121,41.652,11.228780259278539,False
34073,LIBERTYVILLE B&T CO NA,2024-09-30,2232.469,0.0,7.845858435340096,False
34074,CAPITOL BANK,2024-03-31,508.892,17.092,2.162181718624164,False
34074,CAPITOL BANK,2024-06-30,491.8,0.0,2.7705028281988566,False
34074,CAPITOL BANK,2024-09-30,519.414,0.0,2.0476772962154635,False
34108,PAN AMERICAN BANK&TRUST,2024-03-31,444.64,2.65,2.0180065554659534,False
34108,PAN AMERICAN BANK&TRUST,2024-06-30,441.99,0.0,2.7473303059968486,False
34108,PAN AMERICAN BANK&TRUST,2024-09-30,457.83,18.336,2.0168344102535287,False
34120,BANK OF ANN ARBOR,2024-03-31,2543.009,84.277,8.795564108312819,False
34120,BANK OF ANN ARBOR,2024-06-30,2458.732,0.0,11.655722134764243,False
34120,BANK OF ANN ARBOR,2024-09-30,2635.456,36.936,8.715478736850422,False
34146,PEOPLES BANK OF SENECA,2024-03-31,384.954,0.0,2.0341903713383553,False
34146,PEOPLES BANK OF SENECA,2024-06-30,407.885,0.0,2.6184785371030195,False
34146,PEOPLES BANK OF SENECA,2024-09-30,415.804,0.0,1.9003353064020745,False
34147,BANK RHODE ISLAND,2024-03-31,2527.15,17.928,8.812282721422923,False
34147,BANK RHODE ISLAND,2024-06-30,2509.222,22.908,11.932145855646757,False
34147,BANK RHODE ISLAND,2024-09-30,2486.314,0.0,8.252149165672432,False
34148,BANK OF STAR VALLEY,2024-03-31,326.83,0.0,2.007962267744475,False
34148,BANK OF STAR VALLEY,2024-06-30,331.84,0.0,2.694138027107627,False
34148,BANK OF STAR VALLEY,2024-09-30,354.23,13.998,2.04649492096183,False
34150,FIRST UNITED BANK&TRUST CO,2024-03-31,500.132,0.0,2.6710379426869446,False
34150,FIRST UNITED BANK&TRUST CO,2024-06-30,515.366,2.97,3.6661547057838484,False
34150,FIRST UNITED BANK&TRUST CO,2024-09-30,512.396,0.0,2.6209394648101285,False
34160,COMMUNITY BK CO FITZGERALD,2024-03-31,238.835,9.152,1.6389342091331913,False
34160,COMMUNITY BK CO FITZGERALD,2024-06-30,229.683,0.0,2.127259022731408,False
34160,COMMUNITY BK CO FITZGERALD,2024-09-30,231.501,0.0,1.709609861015325,False
34162,WEST POINTE BANK,2024-03-31,249.609,1.465,0.94928393631903,False
34162,WEST POINTE BANK,2024-06-30,248.144,0.0,1.2828299138375163,False
34162,WEST POINTE BANK,2024-09-30,255.953,3.477,0.9389647234967639,False
34171,EAGLE ROCK BANK,2024-03-31,175.564,0.0,0.8031459147426545,False
34171,EAGLE ROCK BANK,2024-06-30,188.874,0.0,1.2070483602615476,False
34171,EAGLE ROCK BANK,2024-09-30,207.581,4.118,0.9409287429488691,False
34193,APPLIED BANK,2024-03-31,170.849,0.0,5.542454856742075,False
34193,APPLIED BANK,2024-06-30,172.606,0.0,6.721626275391501,False
34193,APPLIED BANK,2024-09-30,230.293,12.301,8.374934314729378,False
34207,GREAT PLAINS NATIONAL BANK,2024-03-31,1504.781,0.0,6.116859157621527,False
34207,GREAT PLAINS NATIONAL BANK,2024-06-30,1511.558,1.713,8.083861210180054,False
34207,GREAT PLAINS NATIONAL BANK,2024-09-30,1509.845,0.0,5.890557121299677,False
34210,COMMUNITY BANK OF THE BAY,2024-03-31,672.554,0.0,3.204509631721709,False
34210,COMMUNITY BANK OF THE BAY,2024-06-30,705.588,1.515,4.865142965585786,False
34211,PLATTE VALLEY BANK,2024-03-31,902.532,0.0,3.985622108578362,False
34211,PLATTE VALLEY BANK,2024-06-30,925.01,13.048,5.726686592856415,False
34211,PLATTE VALLEY BANK,2024-09-30,911.962,0.0,3.713790037987942,False
34217,FIRST BANK,2024-03-31,6720.652,86.142,22.90502496153675,True
34217,FIRST BANK,2024-06-30,6634.51,67.936,29.167596030053335,True
34217,FIRST BANK,2024-09-30,6566.574,0.0,19.71706377395888,True
34221,MORGAN STANLEY PRIVATE BK NA,2024-03-31,184259.0,0.0,397.1306354531771,True
34221,MORGAN STANLEY PRIVATE BK NA,2024-06-30,188563.0,0.0,526.2672070959449,True
34221,MORGAN STANLEY PRIVATE BK NA,2024-09-30,190353.0,0.0,356.06614226603944,True
34229,CITIZENS BANK OF GEORGIA,2024-03-31,493.684,0.0,3.429537935682519,False
34229,CITIZENS BANK OF GEORGIA,2024-06-30,498.914,3.179,4.589511711322693,False
34229,CITIZENS BANK OF GEORGIA,2024-09-30,495.735,0.0,3.156875896045725,False
34233,MARINE BANK&TRUST CO,2024-03-31,595.179,27.012,3.4016509343296994,False
34233,MARINE BANK&TRUST CO,2024-06-30,568.167,1.443,3.952340422815318,False
34233,MARINE BANK&TRUST CO,2024-09-30,566.724,0.0,2.8442910049213093,False
34240,WOLF RIVER COMMUNITY BANK,2024-03-31,264.866,1.964,1.1876580004037736,False
34240,WOLF RIVER COMMUNITY BANK,2024-06-30,262.902,0.0,1.5801502942589,False
34240,WOLF RIVER COMMUNITY BANK,2024-09-30,264.785,0.0,1.1110742879650584,False
34252,PACIFIC COAST BANKERS BANK,2024-03-31,476.054,0.0,6.960644602996401,False
34252,PACIFIC COAST BANKERS BANK,2024-06-30,517.976,132.403,9.217695817320541,False
34252,PACIFIC COAST BANKERS BANK,2024-09-30,385.573,0.0,3.691166261186242,False
34254,PLANTERS BANK INC,2024-03-31,1495.612,0.0,5.4113822326658685,False
34254,PLANTERS BANK INC,2024-06-30,1529.925,0.0,7.507480443320856,False
34254,PLANTERS BANK INC,2024-09-30,1559.05,0.0,5.252793135780149,False
34259,CROWN BANK,2024-03-31,397.22,0.0,1.4581365547355503,False
34259,CROWN BANK,2024-06-30,407.276,0.0,2.1724972758369807,False
34259,CROWN BANK,2024-09-30,418.113,0.0,1.3790802319025606,False
34294,CFG BANK,2024-03-31,4395.016,0.0,17.51316665087254,True
34294,CFG BANK,2024-06-30,4490.133,0.0,24.171414334460305,True
34294,CFG BANK,2024-09-30,4570.474,0.0,17.732502859638853,True
34313,EAGLEMARK SAVINGS BANK,2024-03-31,443.957,0.0,1.6594504957426135,False
34313,EAGLEMARK SAVINGS BANK,2024-06-30,506.818,0.0,2.486039632082687,False
34313,EAGLEMARK SAVINGS BANK,2024-09-30,551.886,0.0,1.8237424862829152,False
34319,SOUTHWESTERN NATIONAL BANK,2024-03-31,993.594,0.0,4.294089074815091,False
34319,SOUTHWESTERN NATIONAL BANK,2024-06-30,1066.378,0.0,7.005730212192278,False
34319,SOUTHWESTERN NATIONAL BANK,2024-09-30,1077.741,30.643,5.119492039709136,False
34334,AMERICAN METRO BANK,2024-03-31,74.537,0.0,0.3949783651747215,False
34334,AMERICAN METRO BANK,2024-06-30,74.875,0.0,0.46440293875968464,False
34334,AMERICAN METRO BANK,2024-09-30,80.667,0.0,0.3989715553662622,False
34352,CITY FIRST BANK NA,2024-03-31,773.959,8.384,3.6013339981509502,False
34352,CITY FIRST BANK NA,2024-06-30,765.575,16.521,4.935704900337812,False
34352,CITY FIRST BANK NA,2024-09-30,749.054,0.0,3.336244124652919,False
34363,CORE BANK,2024-03-31,984.02,56.441,3.684123690750209,False
34363,CORE BANK,2024-06-30,927.579,0.914,4.917574686175918,False
34363,CORE BANK,2024-09-30,926.665,23.321,3.3761482893262276,False
34383,TEXAS CAPITAL BANK,2024-03-31,24171.898,199.853,71.9533360922473,True
34383,TEXAS CAPITAL BANK,2024-06-30,23972.045,0.0,92.15961098257068,True
34383,TEXAS CAPITAL BANK,2024-09-30,26011.198,586.364,74.32034482984517,True
34384,PREMIER BANK,2024-03-31,512.733,0.0,2.0518835775898623,False
34384,PREMIER BANK,2024-06-30,518.702,0.0,2.8415169593770493,False
34384,PREMIER BANK,2024-09-30,555.58,0.0,2.3671703273845868,False
34386,SPRING VALLEY BANK,2024-03-31,59.212,0.0,0.16029994250401763,False
34386,SPRING VALLEY BANK,2024-06-30,61.331,0.0,0.24529565681274895,False
34386,SPRING VALLEY BANK,2024-09-30,61.399,1.864,0.1589340026355584,False
34393,1ST EQUITY BANK,2024-03-31,85.609,0.0,0.37427846803880677,False
34393,1ST EQUITY BANK,2024-06-30,89.812,0.313,0.6366081202952967,False
34393,1ST EQUITY BANK,2024-09-30,89.499,3.228,0.4741012485140654,False
34394,SECURITY NB OF SOUTH DAKOTA,2024-03-31,177.428,0.0,0.9168751989800422,False
34394,SECURITY NB OF SOUTH DAKOTA,2024-06-30,187.709,0.0,1.336405023786429,False
34394,SECURITY NB OF SOUTH DAKOTA,2024-09-30,188.735,0.0,0.9805891836465777,False
34395,BARRINGTON B&T CO NA,2024-03-31,3309.813,127.413,10.988009380246613,True
34395,BARRINGTON B&T CO NA,2024-06-30,3182.4,0.0,14.73074636855863,True
34395,BARRINGTON B&T CO NA,2024-09-30,3378.645,117.567,11.047626262298627,True
34401,FORTIS BANK,2024-03-31,1116.02,104.195,5.724949574437422,False
34401,FORTIS BANK,2024-06-30,1011.825,0.0,5.865691757180937,False
34401,FORTIS BANK,2024-09-30,1175.023,8.117,4.996173152461507,False
34403,COASTAL COMMUNITY BANK,2024-03-31,3468.37,0.0,14.744926099522704,True
34403,COASTAL COMMUNITY BANK,2024-06-30,3548.828,0.0,19.522894504023704,True
34403,COASTAL COMMUNITY BANK,2024-09-30,3633.226,0.076,13.777453833651728,True
34404,WEBBANK,2024-03-31,1863.857,71.392,6.884530391156743,False
34404,WEBBANK,2024-06-30,1792.465,58.173,8.913162402860358,False
34404,WEBBANK,2024-09-30,1734.292,77.219,5.764090860578986,False
34407,NORTHSTAR BANK,2024-03-31,186.525,11.613,1.2485210914115468,False
34407,NORTHSTAR BANK,2024-06-30,174.912,0.0,1.4206577896707833,False
34407,NORTHSTAR BANK,2024-09-30,176.799,6.254,1.0803080694222138,False
34409,THE BANK,2024-03-31,347.613,0.0,2.0252795076592975,False
34409,THE BANK,2024-06-30,351.021,2.697,2.5506181021732424,False
34409,THE BANK,2024-09-30,348.324,0.0,1.723587740798871,False
34415,FIRST COMMAND BANK,2024-03-31,967.621,33.67,6.616803514285197,False
34415,FIRST COMMAND BANK,2024-06-30,933.951,10.856,8.070543371507569,False
34415,FIRST COMMAND BANK,2024-09-30,923.095,0.0,8.373651981477831,False
34416,NORTHSIDE COMMUNITY BANK,2024-03-31,190.713,0.0,0.7894131463790378,False
34416,NORTHSIDE COMMUNITY BANK,2024-06-30,202.663,0.0,1.2247406823190903,False
34422,AMERICAN BANK,2024-03-31,706.708,0.0,2.8171948839277507,False
34422,AMERICAN BANK,2024-06-30,736.406,0.0,4.189326067009351,False
34422,AMERICAN BANK,2024-09-30,753.812,0.0,2.792122281419904,False
34441,STATE BANK,2024-03-31,54.869,0.0,0.12057166303722343,False
34441,STATE BANK,2024-06-30,61.346,0.0,0.24483488003290382,False
34441,STATE BANK,2024-09-30,66.902,0.0,0.21914322629874974,False
34444,CUSTOMERS BANK,2024-03-31,18098.803,261.838,73.0345937792378,True
34444,CUSTOMERS BANK,2024-06-30,17836.965,0.0,88.13287039964028,True
34444,CUSTOMERS BANK,2024-09-30,18209.863,0.0,63.24232822815422,True
34455,FIRST NATIONAL BANK,2024-03-31,85.074,1.174,0.5197737523609076,False
34455,FIRST NATIONAL BANK,2024-06-30,83.9,1.47,0.673952989322664,False
34455,FIRST NATIONAL BANK,2024-09-30,82.43,0.0,0.5366295297742395,False
34456,KEYSTONE BANK SSB,2024-03-31,758.022,0.0,3.7301119492734056,False
34456,KEYSTONE BANK SSB,2024-06-30,770.588,0.0,4.75898281415695,False
34456,KEYSTONE BANK SSB,2024-09-30,789.985,0.0,3.6120536132688956,False
34457,BANK OF JACKSON,2024-03-31,184.43,2.388,1.5107882678114446,False
34457,BANK OF JACKSON,2024-06-30,182.042,1.901,2.1514928203819452,False
34457,BANK OF JACKSON,2024-09-30,180.141,0.0,1.4980317743989577,False
34460,MILLENNIAL BANK,2024-03-31,149.169,0.0,0.7738140131854351,False
34460,MILLENNIAL BANK,2024-06-30,153.404,0.0,1.1032930843808852,False
34460,MILLENNIAL BANK,2024-09-30,157.87,1.257,0.8036435460067316,False
34488,HIAWATHA BANK&TRUST CO,2024-03-31,125.137,5.701,0.5927721771549985,False
34488,HIAWATHA BANK&TRUST CO,2024-06-30,119.436,5.692,0.7779036411391955,False
34488,HIAWATHA BANK&TRUST CO,2024-09-30,113.744,0.0,0.5561075601985811,False
34489,EDISON NATIONAL BANK,2024-03-31,400.934,27.272,7.079166731326972,False
34489,EDISON NATIONAL BANK,2024-06-30,373.662,11.455,7.472896811504217,False
34489,EDISON NATIONAL BANK,2024-09-30,362.207,0.0,5.49090761378097,False
34496,FIRST COMMERCIAL BANK USA,2024-03-31,626.031,7.831,2.445531294952781,False
34496,FIRST COMMERCIAL BANK USA,2024-06-30,618.2,3.098,3.486999483366783,False
34496,FIRST COMMERCIAL BANK USA,2024-09-30,615.102,0.0,2.5879880604020413,False
34507,PRINCIPAL BANK,2024-03-31,7897.608,0.0,42.76213846891846,True
34507,PRINCIPAL BANK,2024-06-30,8203.452,19.766,59.06040131022395,True
34507,PRINCIPAL BANK,2024-09-30,8183.686,0.0,42.10684725277475,True
34517,PEOPLES BANK OF EAST TN,2024-03-31,345.324,0.0,2.2447766172742156,False
34517,PEOPLES BANK OF EAST TN,2024-06-30,347.265,0.0,2.9344856326114086,False
34517,PEOPLES BANK OF EAST TN,2024-09-30,361.398,0.0,2.2496885546707492,False
34519,MERRICK BANK,2024-03-31,4730.548,0.0,19.898567365544817,True
34519,MERRICK BANK,2024-06-30,4774.323,216.261,21.506792156287332,True
34519,MERRICK BANK,2024-09-30,4558.062,0.0,13.926281108215186,True
34526,PRAIRIE COMMUNITY BANK,2024-03-31,145.341,0.0,0.9410284635671298,False
34526,PRAIRIE COMMUNITY BANK,2024-06-30,150.738,0.0,1.3049284360127205,False
34526,PRAIRIE COMMUNITY BANK,2024-09-30,156.912,3.4,1.0747658990432465,False
34533,FIRST COMMUNITY BANK,2024-03-31,2222.577,0.0,8.641898199992639,False
34533,FIRST COMMUNITY BANK,2024-06-30,2256.488,0.0,11.28397368967396,False
34533,FIRST COMMUNITY BANK,2024-09-30,2322.229,0.0,8.053581830044845,False
34535,TCM BANK NATIONAL ASSN,2024-03-31,245.345,0.0,0.9094746820401124,False
34535,TCM BANK NATIONAL ASSN,2024-06-30,276.277,12.078,1.7788440226491273,False
34535,TCM BANK NATIONAL ASSN,2024-09-30,264.199,0.0,1.058709615575117,False
34548,NEIGHBORHOOD NATIONAL BANK,2024-03-31,119.014,0.0,0.512095929742534,False
34548,NEIGHBORHOOD NATIONAL BANK,2024-06-30,121.528,0.0,0.7124375710121735,False
34548,NEIGHBORHOOD NATIONAL BANK,2024-09-30,135.24,0.0,0.6682827773457672,False
34562,ENCORE BANK,2024-03-31,3002.102,46.496,10.18158058576943,True
34562,ENCORE BANK,2024-06-30,2955.606,0.0,13.84435391484511,True
34562,ENCORE BANK,2024-09-30,3062.192,112.982,10.196426629972935,True
34566,ALLIANCE BANK,2024-03-31,297.938,0.0,1.2864240119475556,False
34566,ALLIANCE BANK,2024-06-30,304.759,0.0,1.82803961664276,False
34566,ALLIANCE BANK,2024-09-30,314.349,0.06,1.396254414945024,False
34585,PACIFIC CREST SAVINGS BANK,2024-03-31,252.639,10.322,2.0137803189015497,False
34585,PACIFIC CREST SAVINGS BANK,2024-06-30,242.317,0.0,2.2998207502013153,False
34585,PACIFIC CREST SAVINGS BANK,2024-09-30,249.543,2.169,1.7402553002351193,False
34589,ATLANTIC UNION BANK,2024-03-31,17309.097,0.0,43.060345300887626,True
34589,ATLANTIC UNION BANK,2024-06-30,20020.244,0.0,64.80558043882658,True
34589,ATLANTIC UNION BANK,2024-09-30,20328.862,0.0,45.10218473956824,True
34598,MERCANTILE BANK,2024-03-31,4023.068,0.0,13.40445019174321,True
34598,MERCANTILE BANK,2024-06-30,4163.519,0.0,18.28508494871878,True
34598,MERCANTILE BANK,2024-09-30,4472.58,0.0,14.111183692168275,True
34599,PITNEY BOWES BANK INC,2024-03-31,712.283,0.0,7.942099125201859,False
34599,PITNEY BOWES BANK INC,2024-06-30,741.561,0.0,11.090828781318208,False
34599,PITNEY BOWES BANK INC,2024-09-30,754.769,22.977,9.043792261989568,False
34603,MVB BANK INC,2024-03-31,3154.925,263.237,17.146628007779896,True
34603,MVB BANK INC,2024-06-30,2891.688,0.0,18.899222897407206,True
34603,MVB BANK INC,2024-09-30,3008.651,302.39,15.51385550781053,True
34606,AMERICAN BANK OF OKLAHOMA,2024-03-31,315.537,4.584,1.4885665972496473,False
34606,AMERICAN BANK OF OKLAHOMA,2024-06-30,310.953,0.0,2.019308310668321,False
34606,AMERICAN BANK OF OKLAHOMA,2024-09-30,325.425,4.179,1.57363770412716,False
34607,FIRST INTERNET BANK OF IN,2024-03-31,4280.753,0.0,17.154317344752876,True
34607,FIRST INTERNET BANK OF IN,2024-06-30,4282.106,0.0,22.122588646012666,True
34607,FIRST INTERNET BANK OF IN,2024-09-30,4807.361,0.0,19.56340017888579,True
34610,COMMUNITY FIRST BANKING CO,2024-03-31,242.869,13.679,1.3814140961701928,False
34610,COMMUNITY FIRST BANKING CO,2024-06-30,229.19,0.0,1.6165400787557618,False
34610,COMMUNITY FIRST BANKING CO,2024-09-30,234.494,0.0,1.1657193019881658,False
34618,MACATAWA BANK,2024-03-31,2292.617,0.0,13.284330336111996,True
34618,MACATAWA BANK,2024-06-30,2325.418,0.0,19.498276387877628,True
34618,MACATAWA BANK,2024-09-30,2542.828,0.0,18.325202195409357,True
34627,COMMUNITY FIRST BANK,2024-03-31,549.335,0.0,3.806572095895999,False
34627,COMMUNITY FIRST BANK,2024-06-30,588.351,0.0,5.844412362032208,False
34627,COMMUNITY FIRST BANK,2024-09-30,603.451,36.753,4.7234663194519015,False
34643,SUNSTATE BANK,2024-03-31,405.63,0.0,2.768441865888606,False
34643,SUNSTATE BANK,2024-06-30,452.255,15.753,4.5039013648143085,False
34643,SUNSTATE BANK,2024-09-30,436.502,0.0,2.7187431240765436,False
34644,KEY COMMUNITY BANK,2024-03-31,90.719,0.0,0.48531628519585523,False
34644,KEY COMMUNITY BANK,2024-06-30,92.47,0.0,0.7493427159495216,False
34644,KEY COMMUNITY BANK,2024-09-30,97.901,3.793,0.5749777138518358,False
34656,AMERICAN FIRST NATIONAL BANK,2024-03-31,2272.072,0.0,7.950141270146628,False
34656,AMERICAN FIRST NATIONAL BANK,2024-06-30,2304.369,0.0,10.953559799588362,False
34656,AMERICAN FIRST NATIONAL BANK,2024-09-30,2388.847,38.627,8.441733220690574,False
34662,NORTH GEORGIA NATIONAL BANK,2024-03-31,220.14,2.691,1.54651178852565,False
34662,NORTH GEORGIA NATIONAL BANK,2024-06-30,217.449,0.0,1.9195612995468396,False
34662,NORTH GEORGIA NATIONAL BANK,2024-09-30,238.288,0.0,1.7783191014357667,False
34666,COMMUNITY BANK,2024-03-31,150.432,2.214,0.9552971910860717,False
34666,COMMUNITY BANK,2024-06-30,148.218,3.799,1.1977687316301706,False
34666,COMMUNITY BANK,2024-09-30,144.419,0.0,0.8607351789419956,False
34681,CRYSTAL LAKE B&T CO NA,2024-03-31,1341.854,0.0,5.396630552124314,False
34681,CRYSTAL LAKE B&T CO NA,2024-06-30,1495.857,35.556,8.56929112149345,False
34681,CRYSTAL LAKE B&T CO NA,2024-09-30,1460.301,0.0,5.511246608583992,False
34685,PEOPLES BANK OF COMMERCE,2024-03-31,645.978,0.0,2.965942845224513,False
34685,PEOPLES BANK OF COMMERCE,2024-06-30,659.232,0.0,4.055862103892979,False
34685,PEOPLES BANK OF COMMERCE,2024-09-30,672.924,0.0,2.8883903541753857,False
34686,CHARTER BANK,2024-03-31,182.585,2.516,0.9780424570560393,False
34686,CHARTER BANK,2024-06-30,180.069,4.507,1.2964231849574555,False
34686,CHARTER BANK,2024-09-30,175.562,0.0,0.8340351507174121,False
34697,WEX BANK,2024-03-31,5646.886,0.0,27.550162188152814,True
34697,WEX BANK,2024-06-30,5669.573,198.773,35.460394217407384,True
34697,WEX BANK,2024-09-30,5470.8,160.523,24.507141600620447,True
34699,METROPOLITAN COMMERCIAL BANK,2024-03-31,6278.63,68.687,21.769872147692386,True
34699,METROPOLITAN COMMERCIAL BANK,2024-06-30,6209.943,0.0,26.09402531358235,True
34699,METROPOLITAN COMMERCIAL BANK,2024-09-30,6315.617,300.396,18.65626044701913,True
34711,FARMERS BLDG&SVG BANK,2024-03-31,88.004,0.0,0.7471624264619207,False
34711,FARMERS BLDG&SVG BANK,2024-06-30,88.812,0.776,1.0079612760444767,False
34711,FARMERS BLDG&SVG BANK,2024-09-30,88.036,0.0,0.6874705505888874,False
34717,TOWN BANK NATIONAL ASSN,2024-03-31,3345.074,0.0,13.500832480311338,True
34717,TOWN BANK NATIONAL ASSN,2024-06-30,3386.594,0.0,18.330484942645803,True
34717,TOWN BANK NATIONAL ASSN,2024-09-30,3410.071,0.0,11.661249777232584,True
34719,FARMERS&MERCHANTS BK COLBY,2024-03-31,382.38,0.0,1.7871710163840615,False
34719,FARMERS&MERCHANTS BK COLBY,2024-06-30,391.532,0.0,2.4585974231091163,False
34719,FARMERS&MERCHANTS BK COLBY,2024-09-30,405.641,0.0,1.7766932851377024,False
34728,INDEPENDENT BANK,2024-03-31,1175.22,0.0,4.681618752193183,False
34728,INDEPENDENT BANK,2024-06-30,1267.328,0.0,7.1419170513140005,False
34728,INDEPENDENT BANK,2024-09-30,1307.77,0.0,5.070627920076536,False
34742,EAGLEBANK,2024-03-31,8537.769,233.302,29.00192543256419,True
34742,EAGLEBANK,2024-06-30,8304.467,0.0,36.54393799452155,True
34742,EAGLEBANK,2024-09-30,8568.196,0.0,26.098021609105892,True
34748,CLEARPOINT FEDERAL B&T,2024-03-31,106.097,0.0,0.9526071854983095,False
34748,CLEARPOINT FEDERAL B&T,2024-06-30,106.922,0.0,1.2565272255158715,False
34748,CLEARPOINT FEDERAL B&T,2024-09-30,108.808,0.0,0.9871338578661396,False
34752,FIRST CMTY BANK OF HILLSBORO,2024-03-31,100.7,0.0,0.726691241013224,False
34752,FIRST CMTY BANK OF HILLSBORO,2024-06-30,109.732,11.776,1.1951169585357564,False
34752,FIRST CMTY BANK OF HILLSBORO,2024-09-30,97.956,2.349,0.6138454709228348,False
34755,VIRGINIA NATIONAL BANK,2024-03-31,1432.252,57.448,6.006837206068775,False
34755,VIRGINIA NATIONAL BANK,2024-06-30,1374.804,0.0,7.510389212281862,False
34755,VIRGINIA NATIONAL BANK,2024-09-30,1380.967,0.0,5.129364689345944,False
34759,ASIAN BANK,2024-03-31,346.211,1.572,1.6587192114663947,False
34759,ASIAN BANK,2024-06-30,344.639,0.0,2.000531778337747,False
34759,ASIAN BANK,2024-09-30,388.815,0.0,1.9033439488314607,False
34760,PORTAGE COMMUNITY BANK,2024-03-31,448.474,0.0,2.2652230015521755,False
34760,PORTAGE COMMUNITY BANK,2024-06-30,454.017,0.0,3.0081660098481597,False
34760,PORTAGE COMMUNITY BANK,2024-09-30,459.771,8.166,2.210161309261156,False
34775,EVERBANK NATIONAL ASSN,2024-03-31,28818.708,0.0,71.22194805395048,True
34775,EVERBANK NATIONAL ASSN,2024-06-30,29316.72,0.0,97.16021608503021,True
34775,EVERBANK NATIONAL ASSN,2024-09-30,31045.352,0.0,70.06957358296226,True
34778,FIRST TRUST BANK OF ILLINOIS,2024-03-31,310.786,11.162,2.3828180882829506,False
34778,FIRST TRUST BANK OF ILLINOIS,2024-06-30,299.624,0.0,2.7629107421036516,False
34778,FIRST TRUST BANK OF ILLINOIS,2024-09-30,300.578,1.552,2.1358041088316297,False
34781,TRANSPORTATION ALLIANCE BK D,2024-03-31,1264.038,0.0,5.775388947248334,False
34781,TRANSPORTATION ALLIANCE BK D,2024-06-30,1323.288,0.0,8.18804563303211,False
34781,TRANSPORTATION ALLIANCE BK D,2024-09-30,1358.927,0.0,5.805627017628656,False
34784,COMMERCIAL CAPITAL BANK,2024-03-31,264.59,0.0,1.6750047089466815,False
34784,COMMERCIAL CAPITAL BANK,2024-06-30,279.288,0.0,1.8456823552728168,False
34784,COMMERCIAL CAPITAL BANK,2024-09-30,295.819,0.0,1.4086452243657364,False
34786,ENTERPRISE BANK,2024-03-31,324.398,0.0,2.0125383782189568,False
34786,ENTERPRISE BANK,2024-06-30,326.087,0.0,2.8259295425423114,False
34786,ENTERPRISE BANK,2024-09-30,342.089,0.0,2.3696258429380785,False
34788,AMERICAN BUSINESS BANK,2024-03-31,3309.015,0.0,12.968411813908926,True
34788,AMERICAN BUSINESS BANK,2024-06-30,3457.207,0.0,18.14750468640101,True
34788,AMERICAN BUSINESS BANK,2024-09-30,3715.339,71.338,14.9691638248585,True
34803,RESOURCE BANK,2024-03-31,753.161,0.0,3.4089596974278904,False
34803,RESOURCE BANK,2024-06-30,774.558,0.0,4.740207324617273,False
34803,RESOURCE BANK,2024-09-30,785.11,0.0,3.0485606871824564,False
34805,MISSION BANK,2024-03-31,1418.493,0.0,6.281951481386395,False
34805,MISSION BANK,2024-06-30,1486.227,0.0,9.479565187519615,False
34805,MISSION BANK,2024-09-30,1609.768,0.0,8.422860395442001,False
34811,NEBRASKALAND BANK,2024-03-31,715.554,0.0,3.4547963982068888,False
34811,NEBRASKALAND BANK,2024-06-30,746.944,0.0,5.293680781651578,False
34811,NEBRASKALAND BANK,2024-09-30,751.363,31.828,4.06232833551708,False
34836,NORTH AMERICAN BANKING CO,2024-03-31,1114.189,39.816,6.52838177910033,False
34836,NORTH AMERICAN BANKING CO,2024-06-30,1074.373,0.0,7.962676199723336,False
34836,NORTH AMERICAN BANKING CO,2024-09-30,1111.856,0.0,5.754668160268856,False
34847,SOUTHERN BANK OF TENNESSEE,2024-03-31,356.972,0.0,2.5255849961608012,False
34847,SOUTHERN BANK OF TENNESSEE,2024-06-30,362.83,0.0,3.425614264164368,False
34847,SOUTHERN BANK OF TENNESSEE,2024-09-30,372.661,0.0,2.111854585337687,False
34849,PREMIER BANK,2024-03-31,325.132,31.686,1.9548424407462988,False
34849,PREMIER BANK,2024-06-30,293.446,0.0,2.1736906400551104,False
34849,PREMIER BANK,2024-09-30,297.03,0.0,1.6625462993165643,False
34857,COMMUNITY BANK OF OELWEIN,2024-03-31,90.226,0.0,0.4550460299706932,False
34857,COMMUNITY BANK OF OELWEIN,2024-06-30,91.824,1.404,0.6329904947938622,False
34857,COMMUNITY BANK OF OELWEIN,2024-09-30,90.42,1.459,0.46118936250243153,False
34860,NEW REPUBLIC BANK,2024-03-31,115.532,0.0,0.5467639827132954,False
34860,NEW REPUBLIC BANK,2024-06-30,128.713,0.0,0.7023844294242687,False
34860,NEW REPUBLIC BANK,2024-09-30,135.729,0.0,0.5581360169604871,False
34876,CONNECTICUT CMTY BANK NA,2024-03-31,476.958,6.916,5.117403886868227,False
34876,CONNECTICUT CMTY BANK NA,2024-06-30,470.042,0.0,6.402065641237678,False
34876,CONNECTICUT CMTY BANK NA,2024-09-30,470.455,17.15,5.050437393022327,False
34885,SUSSER BANK,2024-03-31,1902.728,0.0,9.129324561333785,False
34885,SUSSER BANK,2024-06-30,2052.725,0.0,13.45780851430035,True
34885,SUSSER BANK,2024-09-30,2162.728,0.0,10.23054031081817,True
34888,PARKE BANK,2024-03-31,1566.902,66.28,5.719333186681111,False
34888,PARKE BANK,2024-06-30,1500.622,0.0,7.496497341402861,False
34888,PARKE BANK,2024-09-30,1562.177,0.0,5.229830640687105,False
34890,NEW PEOPLES BANK INC,2024-03-31,741.98,0.0,3.9411551586707407,False
34890,NEW PEOPLES BANK INC,2024-06-30,744.424,0.0,5.296165002064625,False
34890,NEW PEOPLES BANK INC,2024-09-30,764.349,10.229,3.971901609783094,False
34900,PREFERRED BANK,2024-03-31,61.725,0.031,0.25534168158310644,False
34900,PREFERRED BANK,2024-06-30,61.694,0.0,0.3683663722983593,False
34900,PREFERRED BANK,2024-09-30,62.716,1.052,0.3125115294931509,False
34908,COGENT BANK,2024-03-31,1675.198,16.581,6.47894462243661,False
34908,COGENT BANK,2024-06-30,1658.617,0.0,8.929793165295367,False
34908,COGENT BANK,2024-09-30,1744.52,0.0,6.37431482600974,False
34918,FIRST NB OF HEREFORD,2024-03-31,246.657,0.0,1.1710210699654762,False
34918,FIRST NB OF HEREFORD,2024-06-30,252.969,0.0,1.631116443554221,False
34918,FIRST NB OF HEREFORD,2024-09-30,261.221,0.0,1.2409434618912623,False
34930,ALLIANCE BANK,2024-03-31,129.01,1.098,0.6858940605406233,False
34930,ALLIANCE BANK,2024-06-30,127.912,4.762,0.9116220239099871,False
34936,LEGENDS BANK,2024-03-31,755.927,10.448,3.7469087366319096,False
34936,LEGENDS BANK,2024-06-30,745.479,0.0,4.928720513057599,False
34936,LEGENDS BANK,2024-09-30,749.996,0.973,3.4700867354348697,False
34938,COMMERCE BANK,2024-03-31,145.206,2.917,0.7976332841269227,False
34938,COMMERCE BANK,2024-06-30,142.289,2.446,1.019654596464383,False
34938,COMMERCE BANK,2024-09-30,139.843,0.0,0.7041335175659752,False
34953,NORTHPOINTE BANK,2024-03-31,2921.83,0.0,9.829833335983297,True
34953,NORTHPOINTE BANK,2024-06-30,3304.687,0.0,15.249140258390769,True
34953,NORTHPOINTE BANK,2024-09-30,3536.838,108.268,11.53551312067342,True
34955,AMERICAN B&T CO NA,2024-03-31,486.509,23.647,2.7805755957825795,False
34955,AMERICAN B&T CO NA,2024-06-30,462.862,4.797,3.4024510161730843,False
34955,AMERICAN B&T CO NA,2024-09-30,458.065,0.0,2.3683955757534485,False
34966,FIRST CAPITAL BANK,2024-03-31,667.066,0.0,2.890805548832051,False
34966,FIRST CAPITAL BANK,2024-06-30,730.852,0.0,4.49071703562826,False
34966,FIRST CAPITAL BANK,2024-09-30,758.072,0.0,3.1111636943361654,False
34967,POPULAR BANK,2024-03-31,11273.059,0.0,35.67889492078917,True
34967,POPULAR BANK,2024-06-30,11860.837,0.0,55.977824834225885,True
34967,POPULAR BANK,2024-09-30,11891.061,187.073,37.249883259431726,True
34968,BANCO POPULAR DE PUERTO RICO,2024-03-31,53041.0,0.0,184.0353778895858,True
34968,BANCO POPULAR DE PUERTO RICO,2024-06-30,54178.0,1817.0,245.22221902963207,True
34968,BANCO POPULAR DE PUERTO RICO,2024-09-30,52361.0,0.0,171.05607229046223,True
34969,FIRST CENTRAL SAVINGS BANK,2024-03-31,851.269,0.0,3.5734497050439744,False
34969,FIRST CENTRAL SAVINGS BANK,2024-06-30,873.668,15.966,4.916176682742906,False
34969,FIRST CENTRAL SAVINGS BANK,2024-09-30,857.702,24.141,3.2324102195822673,False
34973,PEOPLES SAVINGS BANK,2024-03-31,491.608,33.018,3.2728977002303847,False
34973,PEOPLES SAVINGS BANK,2024-06-30,458.59,0.0,3.7461175608943917,False
34973,PEOPLES SAVINGS BANK,2024-09-30,525.891,25.973,3.6493692844250325,False
34978,SYNERGY BANK,2024-03-31,1011.479,0.0,5.269997276066789,False
34978,SYNERGY BANK,2024-06-30,1012.774,0.0,6.946927835809127,False
34978,SYNERGY BANK,2024-09-30,1016.906,0.0,5.2102124229962286,False
34980,RED RIVER BANK,2024-03-31,2752.713,29.188,12.222279020126035,True
34980,RED RIVER BANK,2024-06-30,2723.525,0.0,15.790293095760685,True
34980,RED RIVER BANK,2024-09-30,2752.309,0.0,11.351996483082004,True
34995,FIRST CENTRAL BANK MCCOOK,2024-03-31,104.281,0.781,0.4488966062184928,False
34995,FIRST CENTRAL BANK MCCOOK,2024-06-30,103.5,1.059,0.648980884826086,False
34995,FIRST CENTRAL BANK MCCOOK,2024-09-30,102.441,0.0,0.4422686667372372,False
34997,BAYFIRST NATIONAL BANK,2024-03-31,1008.228,0.0,4.3546419184732414,False
34997,BAYFIRST NATIONAL BANK,2024-06-30,1042.958,0.0,6.0258325228709,False
34997,BAYFIRST NATIONAL BANK,2024-09-30,1112.684,0.0,4.392844870019009,False
34998,FIRST IC BANK,2024-03-31,946.33,13.266,4.917649107178301,False
34998,FIRST IC BANK,2024-06-30,933.064,0.0,5.82730480946562,False
34998,FIRST IC BANK,2024-09-30,994.454,18.886,4.937294119040855,False
35014,NBKC BANK,2024-03-31,971.258,80.108,6.150594148274205,False
35014,NBKC BANK,2024-06-30,891.15,0.0,5.905306081398013,False
35014,NBKC BANK,2024-09-30,897.899,0.0,3.839250743946112,False
35015,LONE STAR CAPITAL BANK NA,2024-03-31,442.671,0.0,2.559410657558975,False
35015,LONE STAR CAPITAL BANK NA,2024-06-30,447.174,6.919,3.2478936489003822,False
35015,LONE STAR CAPITAL BANK NA,2024-09-30,440.255,3.339,2.310861346488656,False
35019,CURRENCY BANK,2024-03-31,152.491,6.042,1.1065275133945247,False
35019,CURRENCY BANK,2024-06-30,146.449,0.0,1.1768710376655311,False
35019,CURRENCY BANK,2024-09-30,160.379,0.0,1.0424818399966238,False
35020,COMMUNITY FIRST BANK,2024-03-31,611.499,11.958,3.0660061357053383,False
35020,COMMUNITY FIRST BANK,2024-06-30,599.541,5.824,3.7736622551232446,False
35020,COMMUNITY FIRST BANK,2024-09-30,593.717,0.0,2.456426233481886,False
35029,AB&T,2024-03-31,226.379,5.683,1.3378538468656143,False
35029,AB&T,2024-06-30,220.696,0.0,1.7270828566867218,False
35029,AB&T,2024-09-30,225.367,0.0,1.2877801503522321,False
35031,FREEDOM FINANCIAL BANK,2024-03-31,207.611,9.772,1.2827958687911032,False
35031,FREEDOM FINANCIAL BANK,2024-06-30,197.839,1.384,1.4758002465056714,False
35031,FREEDOM FINANCIAL BANK,2024-09-30,196.455,0.0,0.9603275359610892,False
35033,AMERICAN COMMUNITY BANK,2024-03-31,201.843,0.0,0.884865998097238,False
35033,AMERICAN COMMUNITY BANK,2024-06-30,206.978,0.0,1.2906664723597236,False
35033,AMERICAN COMMUNITY BANK,2024-09-30,227.671,10.968,1.095619994704339,False
35052,HEARTLAND NATIONAL BANK,2024-03-31,640.018,12.342,7.370810026771777,False
35052,HEARTLAND NATIONAL BANK,2024-06-30,627.676,0.0,9.28712678468013,False
35052,HEARTLAND NATIONAL BANK,2024-09-30,634.159,0.0,7.276221415428499,False
35056,MADISON CNTY CMTY BANK,2024-03-31,161.938,0.0,1.3996050202401191,False
35056,MADISON CNTY CMTY BANK,2024-06-30,167.122,0.0,1.8374520208078589,False
35056,MADISON CNTY CMTY BANK,2024-09-30,172.294,0.0,1.368388421343885,False
35060,SETTLERS BANK,2024-03-31,106.483,0.782,0.6794700499103234,False
35060,SETTLERS BANK,2024-06-30,105.701,0.0,0.90644334579353,False
35060,SETTLERS BANK,2024-09-30,109.387,0.0,0.6591264887291484,False
35084,PETIT JEAN STATE BANK,2024-03-31,192.456,1.222,1.531375384727799,False
35084,PETIT JEAN STATE BANK,2024-06-30,191.234,0.0,1.775350475467439,False
35084,PETIT JEAN STATE BANK,2024-09-30,195.997,4.896,1.2864708515293533,False
35094,COMMUNITY BANK OF MEMPHIS,2024-03-31,41.528,0.0,0.11588839478241306,False
35094,COMMUNITY BANK OF MEMPHIS,2024-06-30,42.83,0.013,0.2190122779296587,False
35094,COMMUNITY BANK OF MEMPHIS,2024-09-30,42.817,0.0,0.20547087302031605,False
35095,TOWNEBANK,2024-03-31,14253.186,0.0,43.48823215469322,True
35095,TOWNEBANK,2024-06-30,14402.599,0.0,60.39507856287468,True
35095,TOWNEBANK,2024-09-30,14469.177,0.0,41.96270984032187,True
35101,BUCKEYE COMMUNITY BANK,2024-03-31,193.987,0.594,0.9053575411721296,False
35101,BUCKEYE COMMUNITY BANK,2024-06-30,193.393,0.0,1.2475799983239595,False
35101,BUCKEYE COMMUNITY BANK,2024-09-30,198.413,0.0,0.9275161220688485,False
35103,IDAHO TRUST BANK,2024-03-31,157.129,1.493,1.5106430128761303,False
35103,IDAHO TRUST BANK,2024-06-30,155.636,0.0,2.0077434130420713,False
35103,IDAHO TRUST BANK,2024-09-30,167.02,0.0,1.6435792451773519,False
35111,VILLAGE BANK,2024-03-31,621.825,0.0,2.7708948425881315,False
35111,VILLAGE BANK,2024-06-30,630.392,0.0,3.5887814061639705,False
35111,VILLAGE BANK,2024-09-30,647.618,26.889,2.593570641113782,False
35115,AUTO CLUB TRUST FSB,2024-03-31,346.138,8.333,2.362247771411981,False
35115,AUTO CLUB TRUST FSB,2024-06-30,337.805,0.0,3.21531929052388,False
35115,AUTO CLUB TRUST FSB,2024-09-30,354.753,3.374,3.0732487169505203,False
35117,CENTERBANK,2024-03-31,251.528,0.0,1.012626644572968,False
35117,CENTERBANK,2024-06-30,253.869,0.0,1.4185686488137972,False
35117,CENTERBANK,2024-09-30,289.082,4.706,1.153443186400999,False
35118,COMMUNITY BK OF WICHITA INC,2024-03-31,95.757,0.0,0.3708392165657258,False
35118,COMMUNITY BK OF WICHITA INC,2024-06-30,98.076,0.0,0.551634589422195,False
35118,COMMUNITY BK OF WICHITA INC,2024-09-30,99.79,0.772,0.41458552609908783,False
35131,SAUK VALLEY BANK&TRUST CO,2024-03-31,557.962,0.0,2.786587405530045,False
35131,SAUK VALLEY BANK&TRUST CO,2024-06-30,580.383,0.0,3.8233074915486163,False
35131,SAUK VALLEY BANK&TRUST CO,2024-09-30,601.683,18.781,2.9065689111689728,False
35138,MILLENNIUM BANK,2024-03-31,448.212,0.0,2.1916518348223724,False
35138,MILLENNIUM BANK,2024-06-30,469.67,7.335,3.3359007564693477,False
35138,MILLENNIUM BANK,2024-09-30,462.335,12.125,2.326729854727373,False
35139,SEATTLE BANK,2024-03-31,786.156,0.0,4.03968930290716,False
35139,SEATTLE BANK,2024-06-30,813.781,0.0,5.778683775249395,False
35139,SEATTLE BANK,2024-09-30,845.412,0.0,4.436074685945546,False
35141,BMW BANK OF NORTH AMERICA,2024-03-31,7604.777,0.0,22.259226017653766,True
35141,BMW BANK OF NORTH AMERICA,2024-06-30,7733.838,120.205,31.290451862805416,True
35141,BMW BANK OF NORTH AMERICA,2024-09-30,7613.633,0.0,20.82203097111912,True
35151,NEW MILLENNIUM BANK,2024-03-31,713.054,0.0,3.3334595929556006,False
35151,NEW MILLENNIUM BANK,2024-06-30,748.336,0.0,4.825612171034377,False
35151,NEW MILLENNIUM BANK,2024-09-30,778.38,0.0,3.4917299125883017,False
35154,M Y SAFRA BANK FSB,2024-03-31,302.986,10.367,1.789293006145246,False
35154,M Y SAFRA BANK FSB,2024-06-30,292.619,0.0,2.3043988584775197,False
35154,M Y SAFRA BANK FSB,2024-09-30,300.616,0.0,1.8034482440459716,False
35157,FARM BUREAU BANK FSB,2024-03-31,1066.096,8.641,6.018001985014352,False
35157,FARM BUREAU BANK FSB,2024-06-30,1057.455,3.583,8.703346414346859,False
35157,FARM BUREAU BANK FSB,2024-09-30,1053.872,15.129,6.473255229114258,False
35161,MURRAY BANK,2024-03-31,434.688,0.0,2.334017591895174,False
35161,MURRAY BANK,2024-06-30,443.052,0.0,3.0760365029348513,False
35161,MURRAY BANK,2024-09-30,455.828,0.0,2.200953279524825,False
35169,STATE BANK,2024-03-31,328.363,4.328,1.5260878871922365,False
35169,STATE BANK,2024-06-30,324.035,2.306,2.0641410314739743,False
35169,STATE BANK,2024-09-30,321.729,3.452,1.5692998216593286,False
35207,BANK OF THE JAMES,2024-03-31,894.898,7.071,5.202325207060679,False
35207,BANK OF THE JAMES,2024-06-30,887.827,0.0,6.564299161060794,False
35207,BANK OF THE JAMES,2024-09-30,910.498,20.335,5.145747786097157,False
35212,COMMUNITY BANK OF THE SOUTH,2024-03-31,224.124,0.0,3.2776675578559287,False
35212,COMMUNITY BANK OF THE SOUTH,2024-06-30,232.908,0.0,4.681363013255926,False
35212,COMMUNITY BANK OF THE SOUTH,2024-09-30,245.452,1.32,3.865758098510048,False
35214,FIRST RELIANCE BANK,2024-03-31,884.29,0.0,4.157961463522992,False
35214,FIRST RELIANCE BANK,2024-06-30,904.314,0.0,5.742173463387892,False
35214,FIRST RELIANCE BANK,2024-09-30,957.256,1.072,4.426584646701024,False
35220,WYOMING COMMUNITY BANK,2024-03-31,199.024,0.0,1.191334025330559,False
35220,WYOMING COMMUNITY BANK,2024-06-30,207.101,0.0,1.6364548164243566,False
35220,WYOMING COMMUNITY BANK,2024-09-30,207.25,0.0,1.1552765006612518,False
35221,FREEDOM BANK,2024-03-31,478.128,0.0,2.4277305086522007,False
35221,FREEDOM BANK,2024-06-30,482.843,0.0,3.071964470005623,False
35221,FREEDOM BANK,2024-09-30,485.163,0.0,1.9204515399200017,False
35223,FIRST SECURE COMMUNITY BANK,2024-03-31,428.75,0.0,2.7579608732892686,False
35223,FIRST SECURE COMMUNITY BANK,2024-06-30,429.017,0.0,3.3888048082521927,False
35223,FIRST SECURE COMMUNITY BANK,2024-09-30,439.756,1.881,2.489671660110978,False
35229,SOUTHERN ILLINOIS BANK,2024-03-31,125.486,2.658,0.6833220807131619,False
35229,SOUTHERN ILLINOIS BANK,2024-06-30,122.828,0.0,0.8968711347315842,False
35229,SOUTHERN ILLINOIS BANK,2024-09-30,126.485,3.715,0.6920681714005776,False
35230,EVERGREEN BANK GROUP,2024-03-31,1293.429,40.13,5.693210193146709,False
35230,EVERGREEN BANK GROUP,2024-06-30,1253.299,0.0,6.85372269293819,False
35230,EVERGREEN BANK GROUP,2024-09-30,1270.293,26.465,4.8731566406502855,False
35236,CENTURY BANK OF GEORGIA,2024-03-31,300.135,3.314,3.4488019244671593,False
35237,JOHN DEERE FINANCIAL FSB,2024-03-31,1281.847,0.0,3.353723275364767,False
35237,JOHN DEERE FINANCIAL FSB,2024-06-30,1549.562,0.0,5.670154642098923,False
35237,JOHN DEERE FINANCIAL FSB,2024-09-30,1634.665,291.32,3.9724686979122117,False
35241,OPTUS BANK,2024-03-31,461.123,0.0,3.2334918530229046,False
35241,OPTUS BANK,2024-06-30,462.777,0.0,3.8368600442191125,False
35241,OPTUS BANK,2024-09-30,520.358,0.0,3.203284645983817,False
35261,TWIN CITY BANK,2024-03-31,61.542,0.0,0.2071766098522955,False
35261,TWIN CITY BANK,2024-06-30,63.755,0.0,0.3602517209679865,False
35261,TWIN CITY BANK,2024-09-30,67.337,3.695,0.3072710263409432,False
35274,BLUE RIDGE BANK NA,2024-03-31,2471.273,97.715,9.738228445127593,True
35274,BLUE RIDGE BANK NA,2024-06-30,2373.558,0.0,12.02592624894305,False
35274,BLUE RIDGE BANK NA,2024-09-30,2387.593,167.067,9.620977740852,True
35276,FREEDOM BANK OF SOUTHERN MO,2024-03-31,643.582,14.369,3.0169690168911063,False
35276,FREEDOM BANK OF SOUTHERN MO,2024-06-30,629.213,0.0,3.848905010920305,False
35276,FREEDOM BANK OF SOUTHERN MO,2024-09-30,633.151,0.0,2.6735439288554756,False
35278,CAPITAL BANK NATIONAL ASSN,2024-03-31,2010.294,0.0,7.339995062727614,False
35278,CAPITAL BANK NATIONAL ASSN,2024-06-30,2104.343,0.0,10.8762086784623,False
35278,CAPITAL BANK NATIONAL ASSN,2024-09-30,2190.316,0.0,7.929462148913758,False
35286,CORNERSTONE BANK,2024-03-31,294.329,3.63,1.3529002100733385,False
35292,GREAT AMERICAN BANK,2024-03-31,315.865,0.0,1.2452010860222669,False
35292,GREAT AMERICAN BANK,2024-06-30,335.99,0.0,1.8914397979617517,False
35292,GREAT AMERICAN BANK,2024-09-30,387.58,0.0,1.5077549622790865,False
35295,SOUTHERN FIRST BANK,2024-03-31,3478.524,0.836,11.308132670859495,True
35295,SOUTHERN FIRST BANK,2024-06-30,3477.688,0.0,15.56335306611848,True
35295,SOUTHERN FIRST BANK,2024-09-30,3534.974,83.52,11.374689383786446,True
35314,ALAMERICA BANK,2024-03-31,15.249,0.299,0.0,False
35314,ALAMERICA BANK,2024-06-30,14.95,0.0,0.0,False
35314,ALAMERICA BANK,2024-09-30,15.628,0.629,0.003991398156468146,False
35320,GEORGIA COMMUNITY BANK,2024-03-31,337.582,13.116,1.9903554568503998,False
35320,GEORGIA COMMUNITY BANK,2024-06-30,324.466,0.0,2.202524708610193,False
35320,GEORGIA COMMUNITY BANK,2024-09-30,328.725,0.0,1.6404379202011878,False
35323,FINWISE BANK,2024-03-31,459.098,0.0,2.67314125704843,False
35323,FINWISE BANK,2024-06-30,460.431,0.0,3.1559148381539326,False
35323,FINWISE BANK,2024-09-30,518.777,0.0,2.3690583740161935,False
35331,LIBERTY BANK NATIONAL ASSN,2024-03-31,473.729,9.117,2.354741205406538,False
35331,LIBERTY BANK NATIONAL ASSN,2024-06-30,464.612,36.973,3.305885039786638,False
35331,LIBERTY BANK NATIONAL ASSN,2024-09-30,427.639,24.62,1.7975927624200547,False
35333,OAK BANK,2024-03-31,403.508,0.0,1.8096048521823438,False
35333,OAK BANK,2024-06-30,406.54,0.0,2.526689455033668,False
35333,OAK BANK,2024-09-30,419.446,11.639,1.88278232636847,False
35361,FIVE STAR BANK,2024-03-31,2964.783,0.0,10.012725582889674,True
35361,FIVE STAR BANK,2024-06-30,3158.784,0.0,13.720717887218285,True
35361,FIVE STAR BANK,2024-09-30,3408.863,0.0,10.337262550611095,True
35365,BANK OF OAK RIDGE,2024-03-31,504.528,0.0,2.286546819218541,False
35365,BANK OF OAK RIDGE,2024-06-30,515.873,0.0,3.2275987766315004,False
35365,BANK OF OAK RIDGE,2024-09-30,518.111,0.0,2.22581852858242,False
35366,CHINO COMMERCIAL BANK N A,2024-03-31,341.887,0.0,2.6813873290575567,False
35366,CHINO COMMERCIAL BANK N A,2024-06-30,346.571,0.0,3.4433173079361534,False
35366,CHINO COMMERCIAL BANK N A,2024-09-30,373.221,17.469,2.877370709022394,False
35377,ALPINE CAPITAL BANK,2024-03-31,164.941,6.744,4.126754173174717,False
35377,ALPINE CAPITAL BANK,2024-06-30,158.197,13.223,6.176669191991174,False
35377,ALPINE CAPITAL BANK,2024-09-30,144.974,0.0,4.195269977184398,False
35393,UNITED TRUST BANK,2024-03-31,110.207,4.004,0.542007854667495,False
35393,UNITED TRUST BANK,2024-06-30,106.203,0.0,0.7671507022299746,False
35393,UNITED TRUST BANK,2024-09-30,111.347,0.0,0.5564089532834486,False
35394,MASSMUTUAL TRUST CO,2024-03-31,50.5,0.0,0.41598579852884776,False
35394,MASSMUTUAL TRUST CO,2024-06-30,50.5,0.0,0.6266773782501219,False
35394,MASSMUTUAL TRUST CO,2024-09-30,50.5,0.0,0.5192702907751993,False
35406,BANKVISTA,2024-03-31,481.23,0.0,2.013763078349125,False
35406,BANKVISTA,2024-06-30,514.502,0.0,3.230872263130556,False
35406,BANKVISTA,2024-09-30,525.23,12.397,2.1761074316183513,False
35407,YAMPA VALLEY BANK,2024-03-31,564.067,11.775,2.719026824698092,False
35407,YAMPA VALLEY BANK,2024-06-30,552.292,0.0,3.5080921722254073,False
35407,YAMPA VALLEY BANK,2024-09-30,564.766,0.0,2.5101740010887585,False
35412,AMERICAN COMMUNITY B&T,2024-03-31,876.145,24.56,5.496308325373543,False
35412,AMERICAN COMMUNITY B&T,2024-06-30,851.585,0.0,5.975399486401123,False
35412,AMERICAN COMMUNITY B&T,2024-09-30,900.938,76.334,5.205604906903812,False
35417,TRISTAR BANK,2024-03-31,404.672,0.0,2.013434417374474,False
35417,TRISTAR BANK,2024-06-30,415.669,14.212,3.1002453609117793,False
35417,TRISTAR BANK,2024-09-30,401.457,0.0,2.0178532503101843,False
35420,BRANSON BANK,2024-03-31,318.253,0.0,1.5114023512559323,False
35420,BRANSON BANK,2024-06-30,320.323,0.0,2.0856624819729017,False
35420,BRANSON BANK,2024-09-30,331.151,3.873,1.5500076742064126,False
35427,UNITED NATIONAL BANK,2024-03-31,227.297,10.29,1.2427082562849643,False
35427,UNITED NATIONAL BANK,2024-06-30,217.007,0.0,1.3156073726697093,False
35427,UNITED NATIONAL BANK,2024-09-30,232.956,1.764,1.0259449345022862,False
35430,OPTIMUMBANK,2024-03-31,800.553,37.131,3.406679899684635,False
35430,OPTIMUMBANK,2024-06-30,763.422,0.0,4.365418447904731,False
35430,OPTIMUMBANK,2024-09-30,807.48,33.071,3.1618902322221536,False
35439,BANK OF BROOKHAVEN,2024-03-31,212.343,7.584,1.7162374513684997,False
35439,BANK OF BROOKHAVEN,2024-06-30,204.759,3.39,1.753677547127025,False
35439,BANK OF BROOKHAVEN,2024-09-30,201.369,0.0,1.1271266425240518,False
35441,FOUR CORNERS COMMUNITY BANK,2024-03-31,436.4,0.0,2.507816530558688,False
35441,FOUR CORNERS COMMUNITY BANK,2024-06-30,446.767,0.0,3.31557405188284,False
35441,FOUR CORNERS COMMUNITY BANK,2024-09-30,464.896,0.0,2.5750718571027447,False
35442,CITIZENS BK CUMBERLAND CNTY,2024-03-31,76.745,0.0,0.3228225553874683,False
35442,CITIZENS BK CUMBERLAND CNTY,2024-06-30,79.697,2.811,0.5192646312101912,False
35442,CITIZENS BK CUMBERLAND CNTY,2024-09-30,76.886,0.0,0.35066779313930274,False
35444,BCORP BANK NATIONAL ASSN,2024-03-31,6897.004,0.0,28.009319400292636,True
35444,BCORP BANK NATIONAL ASSN,2024-06-30,7164.537,229.922,31.85014933759669,True
35444,BCORP BANK NATIONAL ASSN,2024-09-30,6934.615,0.0,18.918592192832342,True
35450,CENTURY BANK OF KENTUCKY INC,2024-03-31,167.289,0.0,0.9224081194889276,False
35450,CENTURY BANK OF KENTUCKY INC,2024-06-30,169.543,0.0,1.2786713656174902,False
35450,CENTURY BANK OF KENTUCKY INC,2024-09-30,172.06,0.0,0.9513431745774089,False
35455,HOMETOWN BANK OF CORBIN INC,2024-03-31,247.533,2.239,1.6621213994640127,False
35455,HOMETOWN BANK OF CORBIN INC,2024-06-30,245.294,0.0,1.9909076491497124,False
35455,HOMETOWN BANK OF CORBIN INC,2024-09-30,268.239,0.0,1.723291692559044,False
35456,1ST COLONIAL COMMUNITY BANK,2024-03-31,672.381,17.062,3.1416413593228123,False
35456,1ST COLONIAL COMMUNITY BANK,2024-06-30,655.319,0.0,4.167130215388621,False
35456,1ST COLONIAL COMMUNITY BANK,2024-09-30,702.229,0.0,3.0614942642148666,False
35477,CITIZENS FIRST BANK,2024-03-31,246.233,9.495,1.2543077329707264,False
35477,CITIZENS FIRST BANK,2024-06-30,236.738,0.0,1.6280891336194356,False
35477,CITIZENS FIRST BANK,2024-09-30,247.476,0.0,1.2340771564945023,False
35480,CROWN BANK,2024-03-31,314.819,0.0,1.4140377488481326,False
35480,CROWN BANK,2024-06-30,330.705,0.0,2.014822930514958,False
35480,CROWN BANK,2024-09-30,344.511,0.0,1.5435225683134999,False
35497,QUAINT OAK BANK,2024-03-31,678.34,95.182,4.195790751743128,False
35497,QUAINT OAK BANK,2024-06-30,583.158,0.0,3.881089240825005,False
35497,QUAINT OAK BANK,2024-09-30,588.604,27.534,2.553442064435555,False
35506,CYPRESS BANK&TRUST,2024-03-31,163.41,18.846,1.4578832928704666,False
35506,CYPRESS BANK&TRUST,2024-06-30,144.564,0.0,1.321309840147707,False
35506,CYPRESS BANK&TRUST,2024-09-30,147.011,6.498,1.036695046397693,False
35513,COMMUNITY BK OF PICKENS CNTY,2024-03-31,480.095,6.795,2.695638253669336,False
35513,COMMUNITY BK OF PICKENS CNTY,2024-06-30,473.3,0.0,3.3041585931918473,False
35513,COMMUNITY BK OF PICKENS CNTY,2024-09-30,484.367,0.0,2.713531467330903,False
35518,FEDERAL SAVINGS BANK,2024-03-31,678.822,0.0,2.8311138356355046,False
35518,FEDERAL SAVINGS BANK,2024-06-30,714.109,0.0,3.6900232088287024,False
35518,FEDERAL SAVINGS BANK,2024-09-30,790.563,15.47,2.8412830938794107,False
35519,NORTH STATE BANK,2024-03-31,1217.253,25.1,5.706388810174301,False
35519,NORTH STATE BANK,2024-06-30,1192.153,0.0,7.043940453126828,False
35519,NORTH STATE BANK,2024-09-30,1205.444,22.772,5.271822877387832,False
35521,INSBANK,2024-03-31,671.832,0.0,3.004637520661606,False
35521,INSBANK,2024-06-30,679.785,0.0,4.133903459907568,False
35521,INSBANK,2024-09-30,718.988,0.0,3.1639173818788815,False
35530,FIRST CAROLINA BANK,2024-03-31,2516.646,0.0,9.341036775794128,False
35530,FIRST CAROLINA BANK,2024-06-30,2537.978,0.0,11.978511560042914,False
35530,FIRST CAROLINA BANK,2024-09-30,2601.41,80.917,8.425688087982355,False
35533,FIRST ELECTRONIC BANK,2024-03-31,246.981,0.0,3.306983847028171,False
35533,FIRST ELECTRONIC BANK,2024-06-30,310.006,83.594,7.26996986155282,False
35533,FIRST ELECTRONIC BANK,2024-09-30,226.412,0.0,2.2153051405597974,False
35541,BCB COMMUNITY BANK,2024-03-31,2993.149,57.32,11.475163253862265,True
35541,BCB COMMUNITY BANK,2024-06-30,2935.829,181.624,14.958523549024134,True
35541,BCB COMMUNITY BANK,2024-09-30,2754.205,1.245,9.29902461696549,False
35543,BANK OF FRANKLIN COUNTY,2024-03-31,336.234,0.0,1.5330122988376522,False
35543,BANK OF FRANKLIN COUNTY,2024-06-30,346.758,0.0,2.1337305180500024,False
35543,BANK OF FRANKLIN COUNTY,2024-09-30,351.162,0.0,1.5309343572773815,False
35546,AXOS BANK,2024-03-31,19228.297,0.0,53.21853080880924,True
35546,AXOS BANK,2024-06-30,19491.565,0.0,71.17801617313663,True
35546,AXOS BANK,2024-09-30,20177.585,86.878,54.00495954787294,True
35558,CENTURY BANK OF FLORIDA,2024-03-31,92.568,0.0,0.6476847495326337,False
35558,CENTURY BANK OF FLORIDA,2024-06-30,94.658,2.36,0.9354434563329669,False
35558,CENTURY BANK OF FLORIDA,2024-09-30,92.298,5.272,0.6317248518950317,False
35568,AMERICAN BANK&TRUST CO INC,2024-03-31,692.207,0.0,3.0437082928084402,False
35568,AMERICAN BANK&TRUST CO INC,2024-06-30,706.781,0.0,4.0686981347219024,False
35568,AMERICAN BANK&TRUST CO INC,2024-09-30,718.752,0.0,2.9078542864249974,False
35583,PINNACLE BANK,2024-03-31,39603.504,0.0,97.42570891098863,True
35583,PINNACLE BANK,2024-06-30,39970.18,0.0,129.5513513192254,True
35583,PINNACLE BANK,2024-09-30,41155.588,0.0,93.29184486975039,True
35585,COMMUNITY FIRST NB,2024-03-31,284.78,0.0,1.6937506281720298,False
35585,COMMUNITY FIRST NB,2024-06-30,295.509,0.0,2.169004716506219,False
35585,COMMUNITY FIRST NB,2024-09-30,305.997,7.969,1.8263480923753082,False
35597,NEW FRONTIER BANK,2024-03-31,132.436,0.0,0.703464712559274,False
35597,NEW FRONTIER BANK,2024-06-30,134.213,0.0,0.9886780021648102,False
35597,NEW FRONTIER BANK,2024-09-30,147.624,0.0,0.9122467076165903,False
35604,PEOPLES BANK OF MIDDLE TN,2024-03-31,165.312,2.541,0.9326924482128156,False
35604,PEOPLES BANK OF MIDDLE TN,2024-06-30,162.771,0.005,1.2334394674679037,False
35604,PEOPLES BANK OF MIDDLE TN,2024-09-30,162.766,0.0,0.8785276681364105,False
55130,"SERVBANK,SB",2024-03-31,425.585,0.0,5.910399771952261,False
55130,"SERVBANK,SB",2024-06-30,472.962,0.0,7.314182034440828,False
55130,"SERVBANK,SB",2024-09-30,534.118,77.529,8.063118503311184,False
57022,BANK OF CLOVIS,2024-03-31,261.972,0.0,2.0576487324305215,False
57022,BANK OF CLOVIS,2024-06-30,272.139,0.0,2.7919385069181413,False
57022,BANK OF CLOVIS,2024-09-30,299.298,0.0,2.491492838813293,False
57025,AMERICAN HERITAGE BANK,2024-03-31,115.668,4.0,0.6979194448468761,False
57025,AMERICAN HERITAGE BANK,2024-06-30,111.668,0.0,0.8931940427811017,False
57025,AMERICAN HERITAGE BANK,2024-09-30,114.664,0.0,0.6750955968134372,False
57031,CHAMPION BANK,2024-03-31,30.822,1.227,0.2533369322786725,False
57031,CHAMPION BANK,2024-06-30,29.595,1.289,0.27519367424560104,False
57031,CHAMPION BANK,2024-09-30,28.306,0.828,0.18205081561155576,False
57033,WILLAMETTE VALLEY BANK,2024-03-31,312.904,1.312,1.261017120152773,False
57033,WILLAMETTE VALLEY BANK,2024-06-30,311.592,0.0,2.0091170992095204,False
57033,WILLAMETTE VALLEY BANK,2024-09-30,343.348,10.112,1.7748049620609547,False
57034,OXFORD UNIVERSITY BANK,2024-03-31,194.466,0.0,1.1323715297662806,False
57038,NICOLET NATIONAL BANK,2024-03-31,7250.479,0.0,22.416767135532176,True
57038,NICOLET NATIONAL BANK,2024-06-30,7365.685,0.0,30.427434152335,True
57038,NICOLET NATIONAL BANK,2024-09-30,7417.456,0.0,21.098778060067488,True
57044,BANK OF SOUTHERN CA NA,2024-03-31,1934.673,0.0,6.774310760098158,False
57044,BANK OF SOUTHERN CA NA,2024-06-30,1938.655,0.0,9.149510738434978,False
57044,CALIFORNIA BK OF COM NA,2024-09-30,3745.5,342.643,13.38993311203953,True
57056,CELTIC BANK,2024-03-31,2155.922,0.0,8.933477119679978,False
57056,CELTIC BANK,2024-06-30,2265.047,0.0,12.002245084170088,False
57056,CELTIC BANK,2024-09-30,2400.655,0.0,7.966890797267238,False
57058,PEOPLES BANK,2024-03-31,197.352,0.0,1.3443078156931476,False
57058,PEOPLES BANK,2024-06-30,210.404,0.0,2.016056190132164,False
57058,PEOPLES BANK,2024-09-30,218.379,0.0,1.694788362668553,False
57061,CORNERSTONE NB&T CO,2024-03-31,883.609,0.0,6.366467676988226,False
57061,CORNERSTONE NB&T CO,2024-06-30,886.157,0.0,7.44622860613799,False
57061,CORNERSTONE NB&T CO,2024-09-30,898.743,27.22,5.040272755657908,False
57069,FIRST COMMERCIAL BANK,2024-03-31,748.377,19.425,3.1213400312342587,False
57069,FIRST COMMERCIAL BANK,2024-06-30,728.952,0.0,4.0237154921189555,False
57069,FIRST COMMERCIAL BANK,2024-09-30,737.479,0.0,2.7591585237667364,False
57071,GEORGIA BANKING CO,2024-03-31,1418.223,0.0,5.528048210955879,False
57071,GEORGIA BANKING CO,2024-06-30,1539.613,0.0,8.461317473264607,False
57071,GEORGIA BANKING CO,2024-09-30,1675.343,0.0,5.981977413300059,False
57073,COMMUNITY BK OF SANTA MARIA,2024-03-31,343.583,0.0,1.8455742592829192,False
57073,COMMUNITY BK OF SANTA MARIA,2024-06-30,357.882,0.0,2.589435853081054,False
57073,COMMUNITY BK OF SANTA MARIA,2024-09-30,360.067,0.0,1.8548743995768087,False
57074,BANKCDA,2024-03-31,198.573,1.319,1.1956134927695343,False
57074,BANKCDA,2024-06-30,197.254,0.0,1.60767401857383,False
57074,BANKCDA,2024-09-30,203.801,7.541,1.1890202079553096,False
57077,WESTFIELD BANK FSB,2024-03-31,1875.41,164.919,8.190641026508565,False
57077,WESTFIELD BANK FSB,2024-06-30,1710.491,0.0,8.805305077690534,False
57077,WESTFIELD BANK FSB,2024-09-30,1785.348,54.187,6.710934979650681,False
57082,NORTHBROOK B&T CO NA,2024-03-31,4258.409,118.13,19.436420369430508,True
57082,NORTHBROOK B&T CO NA,2024-06-30,4140.279,0.0,22.709158775665088,True
57082,NORTHBROOK B&T CO NA,2024-09-30,4309.789,0.0,18.465696071865207,True
57083,EMIGRANT BANK,2024-03-31,4670.784,66.911,13.88270376790097,True
57083,EMIGRANT BANK,2024-06-30,4603.873,65.945,18.73146763562036,True
57083,EMIGRANT BANK,2024-09-30,4537.928,0.0,13.714016027132072,True
57092,TRADITIONS FIRST BANK,2024-03-31,265.784,0.0,1.4729795276733755,False
57092,TRADITIONS FIRST BANK,2024-06-30,270.462,0.0,1.9762936214387015,False
57092,TRADITIONS FIRST BANK,2024-09-30,272.461,0.0,1.3908326368392179,False
57093,NORTHWESTERN MUTUAL WEALTH M,2024-03-31,50.5,0.0,0.15793534197550765,False
57093,NORTHWESTERN MUTUAL WEALTH M,2024-06-30,50.5,0.0,0.22745175151103614,False
57093,NORTHWESTERN MUTUAL WEALTH M,2024-09-30,50.5,0.0,0.15364703352120426,False
57095,DOGWOOD STATE BANK,2024-03-31,1216.619,0.0,5.147809637676845,False
57095,DOGWOOD STATE BANK,2024-06-30,1251.895,0.0,6.646308374161313,False
57095,DOGWOOD STATE BANK,2024-09-30,1841.347,31.952,6.725455138835608,False
57097,NORTHSTAR BANK,2024-03-31,882.549,4.415,3.8399526811560225,False
57097,NORTHSTAR BANK,2024-06-30,878.134,0.0,4.96960867810096,False
57097,NORTHSTAR BANK,2024-09-30,921.225,13.928,3.592077566573929,False
57101,MISSION VALLEY BANK,2024-03-31,546.883,39.444,2.6059878219360266,False
57101,MISSION VALLEY BANK,2024-06-30,507.439,0.0,3.29773768028226,False
57101,MISSION VALLEY BANK,2024-09-30,547.83,0.0,2.514890367516122,False
57102,BANK OF BRENHAM NA,2024-03-31,636.287,28.905,7.68855495401168,False
57102,BANK OF BRENHAM NA,2024-06-30,607.382,0.0,8.640154546561543,False
57102,BANK OF BRENHAM NA,2024-09-30,611.044,0.0,7.055930607059013,False
57103,SCHAUMBURG B&T CO NA,2024-03-31,1731.834,0.0,6.504543282847666,False
57103,SCHAUMBURG B&T CO NA,2024-06-30,1857.781,1.535,9.388291485011331,False
57103,SCHAUMBURG B&T CO NA,2024-09-30,1856.246,43.703,6.4599740746804,False
57123,FIRST CENTURY BANK NA,2024-03-31,397.065,48.799,5.496799639938092,False
57123,FIRST CENTURY BANK NA,2024-06-30,348.266,23.908,5.8221902873507485,False
57123,FIRST CENTURY BANK NA,2024-09-30,324.358,0.0,3.954702351944263,False
57124,FIRST CMTY BANK OF CNTL AL,2024-03-31,576.777,18.07,3.3923741591477357,False
57124,FIRST CMTY BANK OF CNTL AL,2024-06-30,558.707,0.0,4.11617165682745,False
57124,FIRST CMTY BANK OF CNTL AL,2024-09-30,570.683,0.0,2.975530800249271,False
57127,GUARDIAN BANK,2024-03-31,511.825,9.872,3.037019143777288,False
57127,GUARDIAN BANK,2024-06-30,501.953,0.0,3.74150204045852,False
57127,GUARDIAN BANK,2024-09-30,507.184,0.0,2.669012498639355,False
57129,COMMUNITY FSB,2024-03-31,776.729,82.227,16.08285095380962,True
57129,COMMUNITY FSB,2024-06-30,694.502,0.0,15.360358294082621,True
57129,COMMUNITY FSB,2024-09-30,731.922,0.0,12.23219742898625,True
57134,LEADER BANK NATIONAL ASSN,2024-03-31,3713.364,32.038,15.504981663288769,True
57134,LEADER BANK NATIONAL ASSN,2024-06-30,3681.326,19.152,19.15295641240372,True
57134,LEADER BANK NATIONAL ASSN,2024-09-30,3662.174,0.0,12.546591062423659,True
57137,MISSION BANK,2024-03-31,169.288,0.0,1.484574028249679,False
57137,MISSION BANK,2024-06-30,172.935,0.0,1.9391045356467669,False
57137,MISSION BANK,2024-09-30,174.151,3.215,1.4266478943038918,False
57141,COMMUNITY BANK OF MISSOURI,2024-03-31,67.575,0.0,0.5974052663488874,False
57141,COMMUNITY BANK OF MISSOURI,2024-06-30,68.021,0.0,0.8151097110873787,False
57141,COMMUNITY BANK OF MISSOURI,2024-09-30,71.09,0.205,0.567855445040027,False
57167,WASHINGTON BUSINESS BANK,2024-03-31,82.467,4.873,0.33474965949974306,False
57167,WASHINGTON BUSINESS BANK,2024-06-30,77.594,9.875,0.4028316124473776,False
57176,COMMERCE WEST BANK,2024-03-31,963.325,0.0,6.261225227296556,False
57176,COMMERCE WEST BANK,2024-06-30,991.165,0.0,8.872332762705849,False
57176,COMMERCE WEST BANK,2024-09-30,1033.293,0.0,6.592729277381671,False
57184,FREEDOM BANK OF VIRGINIA,2024-03-31,895.081,13.878,4.240747766905576,False
57184,FREEDOM BANK OF VIRGINIA,2024-06-30,881.203,0.0,5.345006665476547,False
57184,FREEDOM BANK OF VIRGINIA,2024-09-30,889.669,0.0,3.8514557253072974,False
57192,GOGEBIC RANGE BANK,2024-03-31,140.099,8.031,1.0640475937826575,False
57192,GOGEBIC RANGE BANK,2024-06-30,132.068,0.0,1.2047118411693447,False
57192,GOGEBIC RANGE BANK,2024-09-30,132.875,5.224,1.0082409333955376,False
57197,BNC NATIONAL BANK,2024-03-31,813.819,13.985,4.0218300267901865,False
57197,BNC NATIONAL BANK,2024-06-30,799.834,0.0,5.0159280429198425,False
57197,BNC NATIONAL BANK,2024-09-30,803.118,0.0,3.622627283988681,False
57203,BARCLAYS BANK DELAWARE,2024-03-31,30599.0,420.0,100.19590916019045,True
57203,BARCLAYS BANK DELAWARE,2024-06-30,30179.0,0.0,123.28744015438558,True
57203,BARCLAYS BANK DELAWARE,2024-09-30,32207.0,0.0,86.31258049743126,True
57228,EMBASSY BK LEHIGH VALLEY,2024-03-31,1509.644,0.0,6.484322718664564,False
57228,EMBASSY BK LEHIGH VALLEY,2024-06-30,1571.24,35.469,10.071699403854007,False
57228,EMBASSY BK LEHIGH VALLEY,2024-09-30,1535.771,0.0,6.629447533451441,False
57230,DOUGLAS NATIONAL BANK,2024-03-31,259.444,8.068,1.7681049689678505,False
57230,DOUGLAS NATIONAL BANK,2024-06-30,251.376,0.0,2.0773289336121454,False
57230,DOUGLAS NATIONAL BANK,2024-09-30,253.101,0.0,1.4912542991441051,False
57244,CEDAR RAPIDS BANK&TRUST CO,2024-03-31,1757.354,35.789,6.987861234042448,False
57244,CEDAR RAPIDS BANK&TRUST CO,2024-06-30,1721.565,0.0,9.097304266930575,False
57244,CEDAR RAPIDS BANK&TRUST CO,2024-09-30,1765.967,0.0,6.825216534505921,False
57250,CORNERSTONE BANK,2024-03-31,298.485,18.102,1.442077124537052,False
57250,CORNERSTONE BANK,2024-06-30,280.383,0.0,1.8608640826377514,False
57250,CORNERSTONE BANK,2024-09-30,350.492,20.814,1.539446449837364,False
57252,FIRST CHATHAM BANK,2024-03-31,501.12,0.0,4.406273178360057,False
57252,FIRST CHATHAM BANK,2024-06-30,508.561,0.0,5.724594723080673,False
57252,FIRST CHATHAM BANK,2024-09-30,510.011,3.28,4.28131990302077,False
57265,CITIZENS CMTY FEDERAL NA,2024-03-31,1543.232,9.179,5.677882053011127,False
57265,CITIZENS CMTY FEDERAL NA,2024-06-30,1534.053,0.0,7.7504047999999095,False
57265,CITIZENS CMTY FEDERAL NA,2024-09-30,1536.333,30.538,5.326115437561283,False
57269,SIGNATURE BANK NATIONAL ASSN,2024-03-31,1089.858,30.87,5.080450957296683,False
57269,SIGNATURE BANK NATIONAL ASSN,2024-06-30,1058.988,0.0,6.31531287626501,False
57269,SIGNATURE BANK NATIONAL ASSN,2024-09-30,1062.643,0.0,4.67896117069578,False
57273,FIRST COMMERCE BANK,2024-03-31,121.935,6.219,0.8546153219963787,False
57273,FIRST COMMERCE BANK,2024-06-30,115.716,1.179,0.9139472497720673,False
57273,FIRST COMMERCE BANK,2024-09-30,114.537,0.0,0.6614102418445177,False
57280,FLATIRONS BANK,2024-03-31,272.446,0.0,1.29953414838316,False
57280,FLATIRONS BANK,2024-06-30,294.033,12.918,1.9551772121710422,False
57280,FLATIRONS BANK,2024-09-30,281.115,0.0,1.2702157188581862,False
57295,AMG NATIONAL TRUST BANK,2024-03-31,609.391,58.566,6.5261341397838954,False
57295,AMG NATIONAL TRUST BANK,2024-06-30,550.825,19.728,6.432220916099146,False
57295,AMG NATIONAL TRUST BANK,2024-09-30,531.097,0.0,4.335416713929054,False
57298,1ST BANK YUMA,2024-03-31,559.251,0.0,4.682482139199823,False
57298,1ST BANK YUMA,2024-06-30,569.873,51.707,6.643136270701774,False
57298,1ST BANK YUMA,2024-09-30,518.166,0.0,3.9795056191582643,False
57301,UNITED CMTY BANK OF W KY INC,2024-03-31,394.812,0.172,2.291676001476014,False
57301,UNITED CMTY BANK OF W KY INC,2024-06-30,394.64,0.425,3.0395617361679514,False
57301,UNITED CMTY BANK OF W KY INC,2024-09-30,394.215,0.0,2.1364837788963356,False
57311,STIFEL BANK&TRUST,2024-03-31,16564.202,133.24,53.49488166051683,True
57311,STIFEL BANK&TRUST,2024-06-30,16430.962,0.0,62.80339958064767,True
57311,STIFEL BANK&TRUST,2024-09-30,17349.098,0.0,44.47407269776186,True
57312,TOWN&COUNTRY BANK,2024-03-31,158.76,13.203,0.8260496047648777,False
57312,TOWN&COUNTRY BANK,2024-06-30,145.557,0.0,0.8734018976198217,False
57312,TOWN&COUNTRY BANK,2024-09-30,154.032,3.962,0.7065146672696332,False
57335,FARMERS BANK,2024-03-31,278.359,0.0,2.253914320478866,False
57335,FARMERS BANK,2024-06-30,281.141,3.019,3.013887967546243,False
57335,FARMERS BANK,2024-09-30,278.122,2.201,2.073663661811881,False
57336,DRAKE BANK,2024-03-31,199.877,0.0,1.2025516416096635,False
57336,DRAKE BANK,2024-06-30,208.383,0.0,1.6286821559156615,False
57336,DRAKE BANK,2024-09-30,220.331,10.044,1.2990340797486364,False
57348,SOUTHEAST BANK,2024-03-31,2570.905,24.537,9.951989194156464,True
57348,SOUTHEAST BANK,2024-06-30,2546.368,0.0,14.402322730734854,True
57348,SOUTHEAST BANK,2024-09-30,2546.52,0.0,9.703572597333606,True
57358,STIFEL BANK,2024-03-31,9922.758,158.867,37.617634075978714,True
57358,STIFEL BANK,2024-06-30,9763.891,49.03,48.20358043779539,True
57358,STIFEL BANK,2024-09-30,9714.861,0.0,31.531167025347237,True
57359,AMERICAN EAGLE BANK,2024-03-31,348.814,14.892,1.9140999580421993,False
57359,AMERICAN EAGLE BANK,2024-06-30,333.922,0.0,2.502001287269854,False
57359,AMERICAN EAGLE BANK,2024-09-30,350.356,0.0,1.8452559226128877,False
57363,CHEYENNE STATE BANK,2024-03-31,36.478,1.979,0.008870400439689154,False
57363,CHEYENNE STATE BANK,2024-06-30,34.499,1.837,0.04790849864905182,False
57363,CHEYENNE STATE BANK,2024-09-30,32.662,0.0,0.04533436511769511,False
57368,BANKWELL BANK,2024-03-31,2684.733,11.251,10.048611504992516,True
57368,BANKWELL BANK,2024-06-30,2673.482,0.0,13.470319954472384,True
57368,BANKWELL BANK,2024-09-30,2700.653,0.0,9.755246946863611,True
57369,U S CENTURY BANK,2024-03-31,2112.234,38.572,8.957276772595916,False
57369,U S CENTURY BANK,2024-06-30,2073.662,0.0,11.106857972138691,False
57369,U S CENTURY BANK,2024-09-30,2150.72,0.0,7.588530790304062,False
57373,OREGON COAST BANK,2024-03-31,360.401,9.467,2.193466103340337,False
57373,OREGON COAST BANK,2024-06-30,350.934,0.0,2.7834710943483687,False
57373,OREGON COAST BANK,2024-09-30,368.847,0.0,2.1090799769902784,False
57377,TRADITIONS BANK,2024-03-31,730.273,0.0,3.0568784326605503,False
57377,TRADITIONS BANK,2024-06-30,737.987,0.0,4.303089297655055,False
57377,TRADITIONS BANK,2024-09-30,740.027,0.0,2.955517407625892,False
57391,UNITED BANK&TRUST CO,2024-03-31,111.077,2.739,0.5826435253397292,False
57391,UNITED BANK&TRUST CO,2024-06-30,108.338,0.0,0.7438602975800394,False
57391,UNITED BANK&TRUST CO,2024-09-30,108.735,0.0,0.5721661460929823,False
57396,BANK OF LINCOLN COUNTY,2024-03-31,182.606,0.0,1.045933255493566,False
57396,BANK OF LINCOLN COUNTY,2024-06-30,183.698,0.0,1.37225717702789,False
57396,BANK OF LINCOLN COUNTY,2024-09-30,186.731,0.0,0.9481445290388203,False
57408,OPTUM BANK INC,2024-03-31,14464.0,283.0,62.647633955272944,True
57408,OPTUM BANK INC,2024-06-30,14181.0,0.0,75.66432178095786,True
57408,OPTUM BANK INC,2024-09-30,14558.0,0.0,56.52318303124723,True
57414,WORTHINGTON BANK,2024-03-31,512.205,0.0,2.8425483606455932,False
57414,WORTHINGTON BANK,2024-06-30,522.487,0.0,3.7217461640833513,False
57414,WORTHINGTON BANK,2024-09-30,540.39,0.0,3.0258953776858397,False
57415,FORCHT BANK NATIONAL ASSN,2024-03-31,1315.272,0.0,5.782236871095097,False
57415,FORCHT BANK NATIONAL ASSN,2024-06-30,1328.726,0.0,7.794545003368525,False
57415,FORCHT BANK NATIONAL ASSN,2024-09-30,1347.743,0.0,5.515522846532197,False
57416,PATRIOT BANK,2024-03-31,411.812,8.882,2.7769270472883605,False
57416,PATRIOT BANK,2024-06-30,402.93,18.96,3.480922566576525,False
57416,PATRIOT BANK,2024-09-30,383.97,0.0,2.2740330544971212,False
57417,COMMERCIAL BANK OF CA,2024-03-31,1997.268,0.0,9.268539309471675,False
57417,COMMERCIAL BANK OF CA,2024-06-30,2027.101,0.0,13.789497890736108,True
57417,COMMERCIAL BANK OF CA,2024-09-30,2062.015,0.0,9.509717532960728,True
57420,HIGHLANDS COMMUNITY BANK,2024-03-31,181.485,0.0,1.0948460179600243,False
57420,HIGHLANDS COMMUNITY BANK,2024-06-30,183.296,2.69,1.5541059485313693,False
57420,HIGHLANDS COMMUNITY BANK,2024-09-30,180.606,3.564,1.1828231511019753,False
57425,SANIBEL CAPTIVA CMTY BANK,2024-03-31,799.352,0.0,3.5248194809347413,False
57425,SANIBEL CAPTIVA CMTY BANK,2024-06-30,805.04,24.565,5.0303791758875125,False
57425,SANIBEL CAPTIVA CMTY BANK,2024-09-30,780.475,0.0,3.29010047677574,False
57429,COMMERCE BANK&TRUST,2024-03-31,158.917,3.614,0.9826528599741238,False
57429,COMMERCE BANK&TRUST,2024-06-30,155.303,0.0,1.3074357119677407,False
57429,COMMERCE BANK&TRUST,2024-09-30,156.269,1.782,0.8783878126666345,False
57444,AMERICAN CONTINENTAL BANK,2024-03-31,274.234,0.0,1.7679638884993885,False
57444,AMERICAN CONTINENTAL BANK,2024-06-30,280.362,0.0,2.3511463841378806,False
57444,AMERICAN CONTINENTAL BANK,2024-09-30,290.535,2.382,1.7579522881245653,False
57449,MEDALLION BANK,2024-03-31,1883.446,0.0,6.195595905082417,False
57449,MEDALLION BANK,2024-06-30,2011.506,0.0,8.897353402740043,False
57449,MEDALLION BANK,2024-09-30,2112.953,18.19,6.455513161365015,False
57450,CHARLES SCHWAB BANK SSB,2024-03-31,238272.0,14249.0,728.1528606559727,True
57450,CHARLES SCHWAB BANK SSB,2024-06-30,224023.0,1858.0,857.1146792856224,True
57450,CHARLES SCHWAB BANK SSB,2024-09-30,222165.0,0.0,646.6699787063023,True
57451,SOUND COMMUNITY BANK,2024-03-31,922.758,12.145,4.55726776786287,False
57451,SOUND COMMUNITY BANK,2024-06-30,910.613,0.0,6.066982958766441,False
57451,SOUND COMMUNITY BANK,2024-09-30,934.997,93.194,4.464842115580088,False
57463,PCB BANK,2024-03-31,2411.205,0.0,9.118953516941868,False
57463,PCB BANK,2024-06-30,2414.601,0.0,11.637167655361099,False
57463,PCB BANK,2024-09-30,2468.294,0.0,8.193596945695418,False
57465,FIRST COMMERCE BANK,2024-03-31,583.389,0.0,2.8721224568717267,False
57465,FIRST COMMERCE BANK,2024-06-30,584.565,0.0,4.002541123209121,False
57465,FIRST COMMERCE BANK,2024-09-30,591.67,0.0,2.8048112148112123,False
57468,COMMUNITY BANK OWATONNA,2024-03-31,85.802,3.52,0.399267122338146,False
57468,COMMUNITY BANK OWATONNA,2024-06-30,82.282,0.0,0.5028011269644155,False
57468,COMMUNITY BANK OWATONNA,2024-09-30,85.8,0.0,0.41023536520791754,False
57483,CITIZENS BANK&TRUST,2024-03-31,888.309,0.0,5.752878695678831,False
57483,CITIZENS BANK&TRUST,2024-06-30,903.034,0.0,7.240905281035166,False
57483,CITIZENS BANK&TRUST,2024-09-30,917.075,7.294,5.423955620967016,False
57488,METROPOLITAN CAPITAL B&T,2024-03-31,206.796,0.0,1.0840963007184363,False
57488,METROPOLITAN CAPITAL B&T,2024-06-30,213.729,0.0,1.659305220235843,False
57488,METROPOLITAN CAPITAL B&T,2024-09-30,215.447,0.0,1.219899470988091,False
57491,BANK OF COMMERCE,2024-03-31,310.34,1.349,1.6250870841239562,False
57491,BANK OF COMMERCE,2024-06-30,308.991,0.0,2.151698768265606,False
57491,BANK OF COMMERCE,2024-09-30,325.69,7.426,1.805627368089219,False
57495,PRIMEBANK OF TEXAS,2024-03-31,156.461,0.0,1.064577877570966,False
57495,PRIMEBANK OF TEXAS,2024-06-30,162.964,0.0,1.5478251374340755,False
57495,PRIMEBANK OF TEXAS,2024-09-30,171.149,0.0,1.2338388705651009,False
57497,PATHFINDER BANK,2024-03-31,1151.767,47.192,5.4906593790575515,False
57497,PATHFINDER BANK,2024-06-30,1104.575,0.0,7.091270003196432,False
57497,PATHFINDER BANK,2024-09-30,1204.524,0.0,5.383732401920166,False
57505,LIBERTY NATIONAL BANK,2024-03-31,420.683,0.0,1.8204101443833498,False
57505,LIBERTY NATIONAL BANK,2024-06-30,421.986,9.748,2.528359034528451,False
57505,LIBERTY NATIONAL BANK,2024-09-30,412.238,0.0,1.6742589243513475,False
57510,AVIDBANK,2024-03-31,1757.952,18.178,7.072103717360673,False
57510,AVIDBANK,2024-06-30,1739.774,0.0,9.637877367200542,False
57510,AVIDBANK,2024-09-30,1902.533,10.986,7.340994492368706,False
57511,COMMUNITY FIRST BANK OF IN,2024-03-31,609.136,0.0,3.102434379421417,False
57511,COMMUNITY FIRST BANK OF IN,2024-06-30,644.251,0.0,4.534992283512998,False
57511,COMMUNITY FIRST BANK OF IN,2024-09-30,652.578,0.0,2.9187404640796992,False
57512,WESTERN ALLIANCE BANK,2024-03-31,62618.307,0.0,145.76383473264104,True
57512,WESTERN ALLIANCE BANK,2024-06-30,66597.57,0.0,209.91393321109385,True
57512,WESTERN ALLIANCE BANK,2024-09-30,68361.131,1601.117,140.489255949588,True
57522,TOLLESON PRIVATE BANK,2024-03-31,919.141,85.515,6.1720017480881575,False
57522,TOLLESON PRIVATE BANK,2024-06-30,833.626,0.0,6.221217491326505,False
57522,TOLLESON PRIVATE BANK,2024-09-30,836.793,9.978,4.176707585505313,False
57540,HOMETOWN BANK OF ALABAMA,2024-03-31,530.932,0.0,3.445520653747047,False
57540,HOMETOWN BANK OF ALABAMA,2024-06-30,532.462,3.216,4.353085090518929,False
57540,HOMETOWN BANK OF ALABAMA,2024-09-30,529.246,2.494,2.977234561206217,False
57542,TOYOTA FINANCIAL SB,2024-03-31,4566.277,0.0,18.758402142690365,True
57542,TOYOTA FINANCIAL SB,2024-06-30,4922.739,0.0,27.062540545789915,True
57542,TOYOTA FINANCIAL SB,2024-09-30,5475.906,0.0,19.349409009449396,True
57543,TRINITY BANK N A,2024-03-31,441.765,32.501,2.6342293300138797,False
57543,TRINITY BANK N A,2024-06-30,409.264,0.0,2.9107981613642675,False
57543,TRINITY BANK N A,2024-09-30,442.604,0.0,2.8460555322063583,False
57548,HERITAGE BANK,2024-03-31,101.326,0.0,0.46880341226371164,False
57548,HERITAGE BANK,2024-06-30,103.92,0.0,0.6977218261643702,False
57548,HERITAGE BANK,2024-09-30,114.853,0.0,0.507040945446728,False
57554,TRADITIONS BANK,2024-03-31,661.237,0.0,3.503743752536396,False
57554,TRADITIONS BANK,2024-06-30,685.774,0.0,5.162245550539714,False
57554,TRADITIONS BANK,2024-09-30,706.347,10.181,3.9503245485820395,False
57565,UBS BANK USA,2024-03-31,89863.719,1735.265,245.31113110225178,True
57565,UBS BANK USA,2024-06-30,88128.454,0.0,304.29203811353506,True
57565,UBS BANK USA,2024-09-30,89732.253,0.0,222.71828464165026,True
57569,PEOPLESTRUST BANK,2024-03-31,163.746,0.0,0.841898929133661,False
57569,PEOPLESTRUST BANK,2024-06-30,165.443,0.0,1.1762813506487386,False
57569,PEOPLESTRUST BANK,2024-09-30,165.776,0.0,0.8371498345515925,False
57570,COMENITY CAPITAL BANK,2024-03-31,9525.543,0.0,35.97866301284917,True
57570,COMENITY CAPITAL BANK,2024-06-30,9526.27,0.0,48.79879455011231,True
57570,COMENITY CAPITAL BANK,2024-09-30,9708.845,0.0,31.67820358107666,True
57571,CONTINENTAL BANK,2024-03-31,130.627,10.532,0.4805342726867584,False
57571,CONTINENTAL BANK,2024-06-30,120.095,0.0,0.6122803520045786,False
57571,CONTINENTAL BANK,2024-09-30,123.474,0.0,0.438455077732786,False
57576,HERITAGE BANK OF THE OZARKS,2024-03-31,284.369,0.0,1.3641794800409912,False
57576,HERITAGE BANK OF THE OZARKS,2024-06-30,305.35,0.0,2.241636893940144,False
57576,HERITAGE BANK OF THE OZARKS,2024-09-30,322.833,4.461,1.7503376370843495,False
57579,COMMUNITY BANK OF GEORGIA,2024-03-31,170.612,0.0,0.9457463982177703,False
57579,COMMUNITY BANK OF GEORGIA,2024-06-30,182.918,1.27,1.3929051619887924,False
57579,COMMUNITY BANK OF GEORGIA,2024-09-30,181.648,0.0,0.959522944102892,False
57585,GOLDEN STATE BANK,2024-03-31,660.19,0.0,3.7382864903496684,False
57585,GOLDEN STATE BANK,2024-06-30,698.587,0.0,4.967906532163547,False
57585,GOLDEN STATE BANK,2024-09-30,710.094,0.0,3.504792152907958,False
57587,INTEGRITY BANK&TRUST,2024-03-31,292.969,0.0,1.5835348953962554,False
57587,INTEGRITY BANK&TRUST,2024-06-30,295.2,0.0,1.9947388252866345,False
57587,INTEGRITY BANK&TRUST,2024-09-30,313.517,0.0,1.73318298506771,False
57591,SANTA CRUZ COUNTY BANK,2024-03-31,1456.356,24.325,5.349706289871747,False
57591,SANTA CRUZ COUNTY BANK,2024-06-30,1432.031,0.0,7.04375391077977,False
57591,SANTA CRUZ COUNTY BANK,2024-09-30,1527.256,0.0,5.846709200861153,False
57598,MAINSTREET CMTY BANK OF FL,2024-03-31,710.352,0.0,3.765392678394211,False
57598,MAINSTREET CMTY BANK OF FL,2024-06-30,736.838,0.0,4.902711185610588,False
57598,MAINSTREET CMTY BANK OF FL,2024-09-30,749.471,0.0,3.48855612197381,False
57603,FALCON NATIONAL BANK,2024-03-31,795.456,1.044,3.2500974636932076,False
57603,FALCON NATIONAL BANK,2024-06-30,794.412,0.0,4.503768356573999,False
57603,FALCON NATIONAL BANK,2024-09-30,802.33,0.0,3.2286839152918305,False
57607,FIRST WESTERN TRUST BANK,2024-03-31,2552.68,121.648,9.961435730880659,True
57607,FIRST WESTERN TRUST BANK,2024-06-30,2431.032,0.0,12.822301491100955,False
57607,FIRST WESTERN TRUST BANK,2024-09-30,2520.97,0.0,9.4813535618759,False
57610,REDWOOD CAPITAL BANK,2024-03-31,468.285,7.231,2.3045237407887735,False
57610,REDWOOD CAPITAL BANK,2024-06-30,461.054,0.0,3.0573826517609857,False
57610,REDWOOD CAPITAL BANK,2024-09-30,470.934,0.0,2.202775859492555,False
57614,FORBRIGHT BANK,2024-03-31,5423.273,0.0,28.074678714881212,True
57614,FORBRIGHT BANK,2024-06-30,5593.845,0.0,39.89124383170347,True
57614,FORBRIGHT BANK,2024-09-30,5920.53,283.783,30.142144973564232,True
57624,CLARION CNTY CMTY BANK,2024-03-31,201.64,0.0,0.9300446574173553,False
57624,CLARION CNTY CMTY BANK,2024-06-30,205.578,0.0,1.2753297847897225,False
57624,CLARION CNTY CMTY BANK,2024-09-30,210.931,0.0,0.9273555624494887,False
57626,1ST STATE BANK,2024-03-31,421.721,0.0,3.2594766170634726,False
57626,1ST STATE BANK,2024-06-30,427.904,19.175,4.28647921375787,False
57626,1ST STATE BANK,2024-09-30,408.729,10.66,2.6867004037702835,False
57632,HOMELAND COMMUNITY BANK,2024-03-31,213.769,0.0,1.4524393343595796,False
57632,HOMELAND COMMUNITY BANK,2024-06-30,220.136,1.362,2.0215960906910255,False
57632,HOMELAND COMMUNITY BANK,2024-09-30,218.774,0.0,1.4846099898238274,False
57633,1ST SECURITY BANK OF WA,2024-03-31,2487.62,85.277,8.477274030921185,False
57633,1ST SECURITY BANK OF WA,2024-06-30,2402.343,0.0,10.69871769792394,False
57633,1ST SECURITY BANK OF WA,2024-09-30,2446.106,86.421,7.47752289799047,False
57640,BANK OF WALKER COUNTY,2024-03-31,86.288,1.079,0.4530795878690876,False
57640,BANK OF WALKER COUNTY,2024-06-30,85.209,0.0,0.5028703266498434,False
57640,BANK OF WALKER COUNTY,2024-09-30,85.615,0.0,0.41649115831837075,False
57644,GATEWAY BANK,2024-03-31,232.572,2.111,1.46579702844263,False
57644,GATEWAY BANK,2024-06-30,230.461,0.0,1.9068383674741676,False
57644,GATEWAY BANK,2024-09-30,235.58,0.0,1.3701412733831024,False
57656,HERITAGE COMMUNITY BANK,2024-03-31,135.356,0.0,0.7632123754838028,False
57656,HERITAGE COMMUNITY BANK,2024-06-30,138.599,0.0,1.0623765579076894,False
57656,HERITAGE COMMUNITY BANK,2024-09-30,139.107,0.0,0.7523416993950607,False
57665,VERITEX COMMUNITY BANK,2024-03-31,10659.233,0.0,30.636933557229803,True
57665,VERITEX COMMUNITY BANK,2024-06-30,10767.429,0.0,41.14223566252137,True
57665,VERITEX COMMUNITY BANK,2024-09-30,11062.38,281.433,31.55353975205593,True
57672,EMPIRE STATE BANK,2024-03-31,502.974,0.0,2.1273536889303517,False
57672,EMPIRE STATE BANK,2024-06-30,526.274,12.283,3.345879284556692,False
57672,EMPIRE STATE BANK,2024-09-30,513.991,0.0,2.059016612776966,False
57684,CEDARSTONE BANK,2024-03-31,250.72,0.0,1.2212942248440588,False
57684,CEDARSTONE BANK,2024-06-30,284.899,0.0,1.8701394993423253,False
57684,CEDARSTONE BANK,2024-09-30,296.962,0.0,1.3885954919072974,False
57686,AMERICAN COMMERCE BANK NA,2024-03-31,410.836,16.209,2.1444402797900213,False
57686,AMERICAN COMMERCE BANK NA,2024-06-30,394.627,0.0,2.611322818770153,False
57686,AMERICAN COMMERCE BANK NA,2024-09-30,423.773,0.0,1.9663253158306528,False
57694,FIRST NB OF DECATUR COUNTY,2024-03-31,286.301,3.002,1.6788528828977118,False
57694,FIRST NB OF DECATUR COUNTY,2024-06-30,283.299,0.0,2.037032891957361,False
57694,FIRST NB OF DECATUR COUNTY,2024-09-30,299.644,0.0,1.6982434142310352,False
57701,BEVERLY B&T CO NA,2024-03-31,1983.631,0.0,7.782862238605506,False
57701,BEVERLY B&T CO NA,2024-06-30,2108.3,31.96,11.569200889325018,False
57701,BEVERLY B&T CO NA,2024-09-30,2076.34,0.0,8.34921203287601,False
57703,T BANK NATIONAL ASSN,2024-03-31,625.77,1.685,3.5779340140492137,False
57703,T BANK NATIONAL ASSN,2024-06-30,624.085,0.0,3.872583448339435,False
57703,T BANK NATIONAL ASSN,2024-09-30,691.026,0.0,3.2272544486856436,False
57706,SUMMIT BANK,2024-03-31,1022.791,0.957,4.256893558070129,False
57706,SUMMIT BANK,2024-06-30,1021.834,0.0,5.5583816629039555,False
57706,SUMMIT BANK,2024-09-30,1137.14,23.23,5.310063299961554,False
57710,GREENE CNTY COMMERCIAL BANK,2024-03-31,1161.108,116.772,13.609607587224698,True
57710,GREENE CNTY COMMERCIAL BANK,2024-06-30,1044.336,0.0,13.536408210802193,True
57710,GREENE CNTY COMMERCIAL BANK,2024-09-30,1143.302,22.627,12.72561919595519,True
57716,UNITED BUSINESS BANK,2024-03-31,2148.266,0.0,9.749980865405071,True
57716,UNITED BUSINESS BANK,2024-06-30,2175.06,27.756,13.831519904106718,True
57716,UNITED BUSINESS BANK,2024-09-30,2147.304,0.0,8.688856224241224,False
57733,ALLIANCE BANK&TRUST CO,2024-03-31,230.939,0.0,1.2703030129455268,False
57734,EH NATIONAL BANK,2024-03-31,215.593,0.0,0.9883931396070159,False
57734,EH NATIONAL BANK,2024-06-30,219.029,0.0,1.379222241269337,False
57734,EH NATIONAL BANK,2024-09-30,223.605,0.0,1.1725389099272956,False
57740,PACIFIC VALLEY BANK,2024-03-31,450.295,0.0,1.948831768249249,False
57740,PACIFIC VALLEY BANK,2024-06-30,460.182,0.0,2.716984829358451,False
57740,PACIFIC VALLEY BANK,2024-09-30,473.212,0.0,2.056146853139076,False
57741,FIRST SOUTHWEST BANK,2024-03-31,369.023,6.039,2.298821257471559,False
57741,FIRST SOUTHWEST BANK,2024-06-30,362.984,0.066,2.864990419748149,False
57741,FIRST SOUTHWEST BANK,2024-09-30,362.918,0.0,2.0103506564908105,False
57742,MAINSTREET BANK,2024-03-31,1736.94,0.0,6.37577010182993,False
57742,MAINSTREET BANK,2024-06-30,1757.6,0.0,8.362582996597334,False
57742,MAINSTREET BANK,2024-09-30,1894.943,0.0,7.279991213249793,False
57754,PROVIDENCE BANK&TRUST,2024-03-31,1374.109,8.767,6.16394746731191,False
57754,PROVIDENCE BANK&TRUST,2024-06-30,1365.342,0.0,7.939258664408211,False
57754,PROVIDENCE BANK&TRUST,2024-09-30,1411.608,0.0,5.782851380825039,False
57756,COASTAL STATES BANK,2024-03-31,1751.499,0.0,7.227827237556174,False
57756,COASTAL STATES BANK,2024-06-30,1807.636,0.0,9.690159687387567,False
57756,COASTAL STATES BANK,2024-09-30,1809.401,0.0,6.698871763135177,False
57777,MERIDIAN BANK,2024-03-31,1901.897,0.0,6.56133910819244,False
57777,MERIDIAN BANK,2024-06-30,1918.053,0.0,8.952549122965062,False
57777,MERIDIAN BANK,2024-09-30,1979.122,0.0,6.386123109924423,False
57784,NANTAHALA BANK&TRUST CO,2024-03-31,249.785,0.0,1.414187256428697,False
57784,NANTAHALA BANK&TRUST CO,2024-06-30,250.576,0.0,1.9210353672544045,False
57784,NANTAHALA BANK&TRUST CO,2024-09-30,259.997,16.766,1.6237009604724846,False
57785,LAKEVIEW BANK,2024-03-31,152.439,0.379,0.8797890209901321,False
57785,LAKEVIEW BANK,2024-06-30,152.06,0.0,1.2094178916082596,False
57785,LAKEVIEW BANK,2024-09-30,153.012,0.0,0.8095264373903271,False
57803,ALLY BANK,2024-03-31,159079.0,3523.0,297.68951259215174,True
57803,ALLY BANK,2024-06-30,155556.0,0.0,387.3156733837278,True
57803,ALLY BANK,2024-09-30,155688.0,0.0,272.47342896382827,True
57807,QUONTIC BANK,2024-03-31,586.536,74.187,5.775671921685387,False
57807,QUONTIC BANK,2024-06-30,512.349,0.0,3.81035210789898,False
57807,QUONTIC BANK,2024-09-30,564.306,0.0,3.412237642702163,False
57813,STERLING BANK,2024-03-31,1198.868,11.479,7.5117346154484474,False
57813,STERLING BANK,2024-06-30,1187.389,0.0,9.158404169914123,False
57813,STERLING BANK,2024-09-30,1230.956,1.1,7.77785410697858,False
57815,BANESCO USA,2024-03-31,2754.313,0.0,9.990851688360245,True
57815,BANESCO USA,2024-06-30,2893.84,21.813,14.696813508490186,True
57815,BANESCO USA,2024-09-30,2872.027,0.0,10.150611968137385,True
57825,TRUXTON TRUST CO,2024-03-31,861.526,11.24,4.255915797171267,False
57825,TRUXTON TRUST CO,2024-06-30,850.286,0.0,5.343814373066721,False
57825,TRUXTON TRUST CO,2024-09-30,896.528,29.986,4.129102233271503,False
57833,BEAL BANK USA,2024-03-31,6017.429,0.0,29.364299250099908,True
57833,BEAL BANK USA,2024-06-30,9366.777,271.635,53.467870811806264,True
57833,BEAL BANK USA,2024-09-30,9095.142,278.722,37.519937742079776,True
57841,VALLIANCE BANK,2024-03-31,513.258,0.0,2.1516340944378896,False
57841,VALLIANCE BANK,2024-06-30,547.746,0.0,3.095052963614502,False
57841,VALLIANCE BANK,2024-09-30,583.172,0.0,2.531814289778592,False
57849,PIONEER COMMERCIAL BANK,2024-03-31,559.566,121.07,27.753899075395985,True
57849,PIONEER COMMERCIAL BANK,2024-06-30,438.496,0.0,24.7747153142812,True
57857,TIMBERLINE BANK,2024-03-31,689.782,0.0,3.492029275898147,False
57857,TIMBERLINE BANK,2024-06-30,703.126,0.0,4.708080236482837,False
57857,TIMBERLINE BANK,2024-09-30,739.324,20.731,3.740308151200506,False
57867,UNITED CITIZENS BANK OF S KY,2024-03-31,207.527,0.0,0.9914068178314948,False
57867,UNITED CITIZENS BANK OF S KY,2024-06-30,216.571,0.0,1.3766591219015345,False
57867,UNITED CITIZENS BANK OF S KY,2024-09-30,220.52,2.912,0.9142096128149877,False
57869,1ST TRUST BANK INC,2024-03-31,257.302,0.0,1.3807643054173422,False
57869,1ST TRUST BANK INC,2024-06-30,264.229,0.0,1.9141201129879544,False
57869,1ST TRUST BANK INC,2024-09-30,271.846,0.0,1.5240495023585718,False
57872,PACIFIC WEST BANK,2024-03-31,239.787,0.0,1.080138885035884,False
57872,PACIFIC WEST BANK,2024-06-30,247.751,0.0,1.572928937534617,False
57872,PACIFIC WEST BANK,2024-09-30,275.649,2.853,1.4205906903438579,False
57873,COMMONWEALTH BUSINESS BANK,2024-03-31,1361.172,19.723,5.884041702465874,False
57873,COMMONWEALTH BUSINESS BANK,2024-06-30,1341.449,0.0,6.8501270399226275,False
57873,COMMONWEALTH BUSINESS BANK,2024-09-30,1448.547,0.0,6.264554365317403,False
57874,PARAGON BANK,2024-03-31,703.85,37.78,2.994164399477591,False
57874,PARAGON BANK,2024-06-30,666.07,0.0,3.722119101604861,False
57874,PARAGON BANK,2024-09-30,710.403,0.0,2.609015930428986,False
57882,LEGACY STATE BANK,2024-03-31,146.199,0.0,0.9981795221207467,False
57882,LEGACY STATE BANK,2024-06-30,148.538,1.574,1.1810867328507653,False
57882,LEGACY STATE BANK,2024-09-30,146.964,0.113,0.8838453168000893,False
57884,PARAMOUNT BANK,2024-03-31,68.891,0.0,0.20773101841613656,False
57884,PARAMOUNT BANK,2024-06-30,76.591,0.0,0.376915305956607,False
57884,PARAMOUNT BANK,2024-09-30,84.165,6.276,0.3478085877503201,False
57890,HSBC BANK USA NATIONAL ASSN,2024-03-31,129548.803,5126.72,465.5216313979923,True
57890,HSBC BANK USA NATIONAL ASSN,2024-06-30,124422.083,0.0,574.1938872084423,True
57890,HSBC BANK USA NATIONAL ASSN,2024-09-30,130683.694,0.0,429.3596058659482,True
57892,VISIONBANK,2024-03-31,239.898,6.543,1.1374780640209567,False
57892,VISIONBANK,2024-06-30,233.355,0.0,1.4624318031000485,False
57892,VISIONBANK,2024-09-30,244.926,0.0,1.1701175570317912,False
57897,SOUTHERNTRUST BANK,2024-03-31,194.255,1.824,1.1469969953981283,False
57897,SOUTHERNTRUST BANK,2024-06-30,192.431,4.854,1.415474630041344,False
57897,SOUTHERNTRUST BANK,2024-09-30,187.577,0.0,1.0007774264101792,False
57899,1ST ADVANTAGE BANK,2024-03-31,136.25,0.0,0.5961266914502966,False
57899,1ST ADVANTAGE BANK,2024-06-30,149.577,0.0,1.072408577466896,False
57899,1ST ADVANTAGE BANK,2024-09-30,162.837,0.0,0.9788879448961963,False
57901,ONE WORLD BANK,2024-03-31,179.318,5.637,1.377284804178412,False
57901,ONE WORLD BANK,2024-06-30,173.681,0.0,1.3228227017243384,False
57901,ONE WORLD BANK,2024-09-30,209.516,1.197,1.4568873456432065,False
57903,POPPY BANK,2024-03-31,4469.254,0.0,19.30474172457802,True
57903,POPPY BANK,2024-06-30,4817.328,0.0,26.21356581597936,True
57903,POPPY BANK,2024-09-30,5198.62,0.0,18.10123995734748,True
57910,FIRST STATE BANK,2024-03-31,54.16,0.067,0.21980212667590998,False
57910,FIRST STATE BANK,2024-06-30,54.093,0.0,0.3042296197295636,False
57910,FIRST STATE BANK,2024-09-30,55.571,0.0,0.2498230800022838,False
57915,BANK OF GRAND LAKE,2024-03-31,226.724,0.0,1.5101466466478475,False
57915,BANK OF GRAND LAKE,2024-06-30,227.864,2.54,2.1098146473011625,False
57915,BANK OF GRAND LAKE,2024-09-30,225.324,7.033,1.3111724358243322,False
57919,CONNECTONE BANK,2024-03-31,7622.191,9.571,20.783410868145076,True
57919,CONNECTONE BANK,2024-06-30,7612.62,52.14,28.32058157812891,True
57919,CONNECTONE BANK,2024-09-30,7560.48,0.0,18.84137859192796,True
57920,PRIME ALLIANCE BANK,2024-03-31,649.268,0.0,2.798200363304455,False
57920,PRIME ALLIANCE BANK,2024-06-30,667.795,0.0,3.8404719514519883,False
57920,PRIME ALLIANCE BANK,2024-09-30,703.987,0.0,2.900011966129929,False
57922,HARMONY BANK,2024-03-31,576.659,0.0,3.1073870492757094,False
57922,HARMONY BANK,2024-06-30,651.709,0.0,5.245724322726798,False
57922,HARMONY BANK,2024-09-30,672.017,12.918,3.601219577711819,False
57923,PEACH STATE BANK&TRUST,2024-03-31,596.944,0.0,3.868945448256834,False
57923,PEACH STATE BANK&TRUST,2024-06-30,613.51,0.0,5.234190178823904,False
57923,PEACH STATE BANK&TRUST,2024-09-30,660.988,0.0,4.271290370192456,False
57931,ANCHOR BANK,2024-03-31,246.872,0.0,1.3657031185365802,False
57931,ANCHOR BANK,2024-06-30,261.597,0.0,1.844842476797471,False
57931,ANCHOR BANK,2024-09-30,308.594,0.0,1.8909852490298347,False
57933,VALLEY BANK OF NEVADA,2024-03-31,181.706,1.706,1.3141427534810723,False
57933,VALLEY BANK OF NEVADA,2024-06-30,180.0,0.0,1.739407837336716,False
57933,VALLEY BANK OF NEVADA,2024-09-30,190.189,0.0,1.8235865664618072,False
57944,OPEN BANK,2024-03-31,1896.319,0.0,7.675400212996486,False
57944,OPEN BANK,2024-06-30,1940.981,0.0,10.392522873065127,False
57944,OPEN BANK,2024-09-30,2066.214,37.466,7.862894116482491,False
57952,BANK OF BOZEMAN,2024-03-31,94.229,4.498,0.40874378461993754,False
57952,BANK OF BOZEMAN,2024-06-30,89.731,0.068,0.5229908050842551,False
57952,BANK OF BOZEMAN,2024-09-30,89.663,6.665,0.38064677603004765,False
57953,LEGACY NATIONAL BANK,2024-03-31,913.612,0.0,4.0594411134904,False
57953,LEGACY NATIONAL BANK,2024-06-30,977.221,11.2,6.522120943425929,False
57953,LEGACY NATIONAL BANK,2024-09-30,966.021,0.0,4.399811299239443,False
57957,CITIZENS BANK NATIONAL ASSN,2024-03-31,179546.613,0.0,353.07493855784065,True
57957,CITIZENS BANK NATIONAL ASSN,2024-06-30,180066.467,1078.6,476.46019897366483,True
57957,CITIZENS BANK NATIONAL ASSN,2024-09-30,178987.867,986.6,324.3842644506554,True
57967,FIRST RESOURCE BANK,2024-03-31,513.309,0.0,2.1829746861008035,False
57967,FIRST RESOURCE BANK,2024-06-30,536.678,0.0,3.1602515603040486,False
57967,FIRST RESOURCE BANK,2024-09-30,548.388,0.0,2.227830462422239,False
57968,PRIMIS BANK,2024-03-31,3354.363,0.0,10.672550380374949,True
57968,PRIMIS BANK,2024-06-30,3369.002,35.973,14.258587196847609,True
57968,PRIMIS BANK,2024-09-30,3333.029,121.19,9.739711593533759,True
57974,CALIFORNIA INTL BANK N A,2024-03-31,42.353,0.0,0.13265769083925222,False
57974,CALIFORNIA INTL BANK N A,2024-06-30,45.627,0.0,0.3404728687059138,False
57974,CALIFORNIA INTL BANK N A,2024-09-30,46.248,0.0,0.26101293183839,False
57978,SAVIBANK,2024-03-31,497.716,0.0,2.3792507713394238,False
57978,SAVIBANK,2024-06-30,497.894,0.0,3.245973549442872,False
57978,SAVIBANK,2024-09-30,517.705,0.0,2.391471810025085,False
57990,HURON VALLEY STATE BANK,2024-03-31,215.487,2.771,1.2063265132174987,False
57990,HURON VALLEY STATE BANK,2024-06-30,212.716,0.0,1.5681713706878635,False
57990,HURON VALLEY STATE BANK,2024-09-30,216.034,0.0,1.1187519561842911,False
57993,SERVISFIRST BANK,2024-03-31,12774.398,0.0,40.159296218929605,True
57993,SERVISFIRST BANK,2024-06-30,13282.876,113.794,54.4186736686788,True
57993,SERVISFIRST BANK,2024-09-30,13169.082,0.0,40.4284313398449,True
57997,BRYANT BANK,2024-03-31,1944.299,0.0,14.267467692288118,True
57997,BRYANT BANK,2024-06-30,1967.542,20.509,18.442312348877284,True
57997,BRYANT BANK,2024-09-30,1947.033,0.0,12.090727083529046,True
58010,FREEDOM BANK,2024-03-31,109.474,0.0,0.49709868158340514,False
58010,FREEDOM BANK,2024-06-30,113.475,0.0,0.7375659618444245,False
58010,FREEDOM BANK,2024-09-30,117.951,0.0,0.5698547032120636,False
58013,TWO RIVERS BANK&TRUST,2024-03-31,1038.746,56.892,4.1586876946324205,False
58013,TWO RIVERS BANK&TRUST,2024-06-30,981.854,0.0,5.323266099435955,False
58013,TWO RIVERS BANK&TRUST,2024-09-30,1011.066,2.381,3.7635421249750616,False
58018,ST LOUIS BANK,2024-03-31,865.193,20.171,3.895905446173407,False
58018,ST LOUIS BANK,2024-06-30,845.022,28.52,5.104295609211028,False
58018,ST LOUIS BANK,2024-09-30,816.502,0.0,3.2269442030864814,False
58025,VERUS BANK OF COMMERCE,2024-03-31,147.138,5.997,0.8692297883565504,False
58025,VERUS BANK OF COMMERCE,2024-06-30,141.141,0.0,0.8725826442376049,False
58025,VERUS BANK OF COMMERCE,2024-09-30,143.173,0.0,0.6187260558991848,False
58029,SUNRISE BANK,2024-03-31,460.321,0.551,2.1862417168092287,False
58029,SUNRISE BANK,2024-06-30,459.77,0.0,2.8167069896179093,False
58029,SUNRISE BANK,2024-09-30,508.18,0.0,2.3800975440251197,False
58030,PARADISE BANK,2024-03-31,337.207,0.0,2.312040006320388,False
58030,PARADISE BANK,2024-06-30,348.494,0.0,2.9018006055839463,False
58030,PARADISE BANK,2024-09-30,426.817,45.293,3.1735482850564862,False
58037,CALIFORNIA BUSINESS BANK,2024-03-31,80.777,0.0,0.3385064827176391,False
58037,CALIFORNIA BUSINESS BANK,2024-06-30,83.751,0.0,0.6007100815190096,False
58037,CALIFORNIA BUSINESS BANK,2024-09-30,89.45,3.523,0.43810196515201755,False
58039,FIRST RESOURCE BANK,2024-03-31,451.021,0.0,1.969237096913447,False
58039,FIRST RESOURCE BANK,2024-06-30,468.642,0.0,2.8140486804315303,False
58039,FIRST RESOURCE BANK,2024-09-30,512.094,0.0,2.25763327559533,False
58049,ECLIPSE BANK INC,2024-03-31,377.708,4.257,1.662563529938114,False
58049,ECLIPSE BANK INC,2024-06-30,373.451,15.008,2.2278295889337176,False
58049,ECLIPSE BANK INC,2024-09-30,358.443,11.496,1.5622131673949826,False
58054,FIRST COMMERCE BANK,2024-03-31,1120.37,2.58,4.467883686379677,False
58054,FIRST COMMERCE BANK,2024-06-30,1117.79,7.666,5.92459806980076,False
58054,FIRST COMMERCE BANK,2024-09-30,1110.124,0.0,4.131450150809685,False
58057,TRADITION CAPITAL BANK,2024-03-31,1648.999,0.0,6.6324148468844015,False
58057,TRADITION CAPITAL BANK,2024-06-30,1741.161,0.0,9.903701474735449,False
58057,TRADITION CAPITAL BANK,2024-09-30,1807.857,6.483,8.37830042921621,False
58060,FIRST GENERAL BANK,2024-03-31,828.805,0.0,4.082665573267977,False
58060,FIRST GENERAL BANK,2024-06-30,832.905,0.0,6.051296754719825,False
58060,FIRST GENERAL BANK,2024-09-30,851.871,4.427,4.405326840848733,False
58063,VISIONBANK,2024-03-31,173.379,0.0,0.8605324903057193,False
58063,VISIONBANK,2024-06-30,189.76,0.0,1.457644483943108,False
58063,VISIONBANK,2024-09-30,195.354,0.0,1.0022639261184205,False
58069,BANK OF SAN FRANCISCO,2024-03-31,535.213,1.386,3.05717038207874,False
58069,BANK OF SAN FRANCISCO,2024-06-30,533.827,0.0,3.8875370078388043,False
58069,BANK OF SAN FRANCISCO,2024-09-30,555.116,24.381,2.840264146125566,False
58074,FLINT COMMUNITY BANK,2024-03-31,274.834,6.538,1.4445355637400352,False
58074,FLINT COMMUNITY BANK,2024-06-30,268.296,7.094,1.8384320003021564,False
58074,FLINT COMMUNITY BANK,2024-09-30,261.202,0.0,1.2400471542685407,False
58079,PUTNAM 1ST MERCANTILE BANK,2024-03-31,136.72,0.0,0.6137969581815613,False
58079,PUTNAM 1ST MERCANTILE BANK,2024-06-30,138.05,0.214,0.8709498193232246,False
58079,PUTNAM 1ST MERCANTILE BANK,2024-09-30,137.836,0.0,0.631358445527825,False
58082,AUSTIN CAPITAL BANK SSB,2024-03-31,262.702,0.0,1.3362911850492403,False
58082,AUSTIN CAPITAL BANK SSB,2024-06-30,311.07,0.0,2.1059571014884626,False
58082,AUSTIN CAPITAL BANK SSB,2024-09-30,340.078,0.0,1.6017573720997134,False
58088,SOUTHPOINT BANK,2024-03-31,1393.1,0.0,5.045047463944988,False
58088,SOUTHPOINT BANK,2024-06-30,1496.905,0.0,7.979983712117901,False
58088,SOUTHPOINT BANK,2024-09-30,1626.731,1.837,6.252132019499838,False
58090,FFB BANK,2024-03-31,1202.451,32.484,5.7273539378085685,False
58090,FFB BANK,2024-06-30,1169.967,0.0,7.249741274785983,False
58090,FFB BANK,2024-09-30,1289.137,3.422,5.797142089929724,False
58095,IDAHO FIRST BANK,2024-03-31,577.097,0.0,3.010401788326219,False
58095,IDAHO FIRST BANK,2024-06-30,588.373,0.0,4.255784895934543,False
58095,IDAHO FIRST BANK,2024-09-30,681.152,0.0,4.391424697340362,False
58103,SIGNATURE BANK OF GEORGIA,2024-03-31,176.295,0.0,0.8295618706311292,False
58103,SIGNATURE BANK OF GEORGIA,2024-06-30,178.451,0.0,1.1356635842102898,False
58103,SIGNATURE BANK OF GEORGIA,2024-09-30,200.22,0.0,0.9956798417282275,False
58106,RIVERLAND BANK,2024-03-31,173.103,0.0,0.7191752408142634,False
58106,RIVERLAND BANK,2024-06-30,178.591,0.883,1.0222153762909376,False
58106,RIVERLAND BANK,2024-09-30,177.708,3.166,0.7252622109901369,False
58111,NOBLEBANK&TRUST,2024-03-31,379.523,8.455,2.265880435340059,False
58111,NOBLEBANK&TRUST,2024-06-30,371.068,0.0,2.825638766207616,False
58111,NOBLEBANK&TRUST,2024-09-30,381.241,0.0,2.340286669213601,False
58113,FLAGSHIP BANK,2024-03-31,568.588,0.0,3.1440808836722036,False
58113,FLAGSHIP BANK,2024-06-30,574.559,6.906,4.459250458839629,False
58113,FLAGSHIP BANK,2024-09-30,567.653,9.38,3.0587195910076463,False
58114,BANK OF BELLEVILLE,2024-03-31,372.414,0.0,1.9973082632149353,False
58114,BANK OF BELLEVILLE,2024-06-30,387.441,0.0,2.8333660575622512,False
58114,BANK OF BELLEVILLE,2024-09-30,397.286,0.0,2.084515800653967,False
58115,OAKSTAR BANK,2024-03-31,2087.898,0.0,8.131069989383375,False
58115,OAKSTAR BANK,2024-06-30,2397.019,0.0,10.838825365673124,False
58115,OAKSTAR BANK,2024-09-30,2502.144,0.0,7.864791688384208,False
58121,TRIAD BANK,2024-03-31,647.08,0.0,3.373737185720223,False
58121,TRIAD BANK,2024-06-30,682.949,7.286,4.629365986895913,False
58121,TRIAD BANK,2024-09-30,675.663,0.0,3.168103279978916,False
58140,ESQUIRE BANK NATIONAL ASSN,2024-03-31,1444.885,0.0,6.74634049086647,False
58140,ESQUIRE BANK NATIONAL ASSN,2024-06-30,1498.267,0.0,9.24715886817433,False
58140,ESQUIRE BANK NATIONAL ASSN,2024-09-30,1547.26,0.0,6.551822761553435,False
58148,MILESTONE BANK,2024-03-31,310.592,0.0,1.4193137682409906,False
58148,MILESTONE BANK,2024-06-30,331.722,0.0,2.1406544672218146,False
58148,MILESTONE BANK,2024-09-30,342.358,38.603,2.307356126856322,False
58158,CENTRUST BANK NATIONAL ASSN,2024-03-31,121.591,3.912,0.5342961692134979,False
58158,CENTRUST BANK NATIONAL ASSN,2024-06-30,117.679,0.0,0.7069273513521546,False
58158,CENTRUST BANK NATIONAL ASSN,2024-09-30,122.943,0.0,0.5435018063451642,False
58164,BANK OF LEXINGTON INC,2024-03-31,280.17,2.893,1.617319982092723,False
58164,BANK OF LEXINGTON INC,2024-06-30,277.277,0.0,2.1406823162925233,False
58164,BANK OF LEXINGTON INC,2024-09-30,290.545,0.0,1.6789135972898648,False
58165,BELMONT BANK&TRUST CO,2024-03-31,780.702,0.0,3.644978551528996,False
58165,BELMONT BANK&TRUST CO,2024-06-30,790.193,0.0,5.068432383522049,False
58165,BELMONT BANK&TRUST CO,2024-09-30,806.237,0.0,3.3821065679096294,False
58177,SALLIE MAE BANK,2024-03-31,21211.915,138.134,69.06162048540067,True
58177,SALLIE MAE BANK,2024-06-30,21073.781,0.0,105.89413348246283,True
58177,SALLIE MAE BANK,2024-09-30,21704.835,248.455,69.98002049748537,True
58181,METRO CITY BANK,2024-03-31,2844.969,63.791,9.678477264146506,False
58181,METRO CITY BANK,2024-06-30,2781.178,28.197,13.627878241250441,True
58181,METRO CITY BANK,2024-09-30,2752.981,0.0,9.074794293112127,False
58184,MERCHANTS COMMERCIAL BANK,2024-03-31,364.839,1.517,2.700073921265497,False
58184,MERCHANTS COMMERCIAL BANK,2024-06-30,363.322,31.925,3.5957575031004034,False
58184,MERCHANTS COMMERCIAL BANK,2024-09-30,331.397,0.0,2.2744701927497393,False
58201,FIRST VISION BANK OF TN,2024-03-31,413.62,15.477,2.1431532817075083,False
58201,FIRST VISION BANK OF TN,2024-06-30,398.143,13.517,4.059588412855276,False
58201,FIRST VISION BANK OF TN,2024-09-30,384.626,0.0,2.915126099489071,False
58203,NEWBANK,2024-03-31,567.345,7.174,6.4263209308064,False
58203,NEWBANK,2024-06-30,560.171,0.0,7.945608007940621,False
58203,NEWBANK,2024-09-30,570.41,8.001,6.10295062892582,False
58208,FIRST FREEDOM BANK,2024-03-31,598.234,0.0,2.932309225450105,False
58208,FIRST FREEDOM BANK,2024-06-30,607.936,0.0,3.7914967561409094,False
58208,FIRST FREEDOM BANK,2024-09-30,648.345,0.0,3.043064899588978,False
58210,BRIDGEWATER BANK,2024-03-31,3828.145,5.631,12.74970959896598,True
58210,BRIDGEWATER BANK,2024-06-30,3822.514,52.417,16.946362691989453,True
58210,BRIDGEWATER BANK,2024-09-30,3770.097,0.0,12.10846954911527,True
58214,TOWN CENTER BANK,2024-03-31,104.167,0.0,0.4688994139558409,False
58214,TOWN CENTER BANK,2024-06-30,115.029,0.0,0.8056791610081278,False
58214,TOWN CENTER BANK,2024-09-30,124.187,0.0,0.741112720827495,False
58218,FIRST PACIFIC BANK,2024-03-31,350.147,0.0,1.8948714364542438,False
58218,FIRST PACIFIC BANK,2024-06-30,354.228,11.81,2.527241405571468,False
58218,FIRST PACIFIC BANK,2024-09-30,342.418,0.0,1.9507601614057972,False
58220,HERITAGE BANK&TRUST,2024-03-31,334.143,0.0,1.795706745027834,False
58220,HERITAGE BANK&TRUST,2024-06-30,336.517,0.0,2.500857504714671,False
58220,HERITAGE BANK&TRUST,2024-09-30,344.408,0.0,1.818735230587972,False
58224,COLUMN NATIONAL ASSN,2024-03-31,412.706,0.0,3.839506178242738,False
58224,COLUMN NATIONAL ASSN,2024-06-30,463.677,0.0,6.237184615835277,False
58224,COLUMN NATIONAL ASSN,2024-09-30,590.249,0.0,7.28058275297159,False
58228,B1BANK,2024-03-31,5583.858,3.083,17.86270451528838,True
58228,B1BANK,2024-06-30,5580.775,0.0,24.06033883960316,True
58228,B1BANK,2024-09-30,5650.03,0.0,16.857906731394614,True
58230,FIRST MO STB OF CAPE COUNTY,2024-03-31,183.266,0.015,1.053875007972644,False
58230,FIRST MO STB OF CAPE COUNTY,2024-06-30,183.251,0.0,1.2880265415511627,False
58230,FIRST MO STB OF CAPE COUNTY,2024-09-30,193.174,0.0,1.0385252001634158,False
58234,PACIFIC ALLIANCE BANK,2024-03-31,299.108,2.6,1.6018732338875437,False
58234,PACIFIC ALLIANCE BANK,2024-06-30,296.508,0.0,2.0440520316933677,False
58234,PACIFIC ALLIANCE BANK,2024-09-30,307.878,0.0,1.6865291366477566,False
58239,PROVIDENCE BANK,2024-03-31,822.0,0.0,3.210945097534961,False
58239,PROVIDENCE BANK,2024-06-30,1059.919,0.0,5.426754208866167,False
58239,PROVIDENCE BANK,2024-09-30,1090.333,0.0,3.870914177418594,False
58243,JOHN MARSHALL BANK,2024-03-31,1905.728,0.0,7.536828470388752,False
58243,JOHN MARSHALL BANK,2024-06-30,1917.653,0.0,10.506899076149903,False
58243,JOHN MARSHALL BANK,2024-09-30,1940.196,41.396,7.246767612745091,False
58255,RIVER BANK&TRUST,2024-03-31,2897.079,0.0,12.431570439150917,True
58255,RIVER BANK&TRUST,2024-06-30,2945.437,0.0,16.536729617927815,True
58255,RIVER BANK&TRUST,2024-09-30,3041.574,0.0,11.542013461287027,True
58257,DR BANK,2024-03-31,505.294,0.0,2.226146820864545,False
58257,DR BANK,2024-06-30,525.197,0.0,3.136542538190643,False
58257,DR BANK,2024-09-30,584.816,15.452,2.607516023069891,False
58259,FIRST NB OF MICHIGAN,2024-03-31,799.992,46.058,3.9305401091767407,False
58259,FIRST NB OF MICHIGAN,2024-06-30,753.934,0.0,4.53487167310643,False
58259,FIRST NB OF MICHIGAN,2024-09-30,766.694,0.0,3.229974575093835,False
58263,GLOBAL BANK,2024-03-31,180.345,0.0,0.7421439152393595,False
58263,GLOBAL BANK,2024-06-30,180.924,0.0,1.1815737363999572,False
58263,GLOBAL BANK,2024-09-30,187.926,0.0,0.8073351809764149,False
58264,SIGNATURE BANK,2024-03-31,1639.966,0.0,10.369888340399786,True
58264,SIGNATURE BANK,2024-06-30,1665.479,0.0,14.23252216573354,True
58264,SIGNATURE BANK,2024-09-30,1689.036,0.0,10.889042472059705,True
58271,REPUBLIC BANK OF ARIZONA,2024-03-31,249.736,0.0,1.3745087607254947,False
58271,REPUBLIC BANK OF ARIZONA,2024-06-30,252.907,0.0,1.9191947005963217,False
58271,REPUBLIC BANK OF ARIZONA,2024-09-30,259.977,9.665,1.3533370635585775,False
58276,RIVER VALLEY COMMUNITY BANK,2024-03-31,508.578,0.0,3.7336817604483326,False
58276,RIVER VALLEY COMMUNITY BANK,2024-06-30,521.567,0.0,5.306900875824714,False
58276,RIVER VALLEY COMMUNITY BANK,2024-09-30,539.003,0.0,3.3082905039629638,False
58278,GOLDEN VALLEY BANK,2024-03-31,445.058,0.0,3.118044357050658,False
58278,GOLDEN VALLEY BANK,2024-06-30,450.463,0.0,4.25611093265106,False
58278,GOLDEN VALLEY BANK,2024-09-30,454.554,0.0,3.645093897558179,False
58281,AMERICAN RIVIERA BANK,2024-03-31,1058.798,0.0,4.601852629978669,False
58281,AMERICAN RIVIERA BANK,2024-06-30,1075.851,0.0,6.141188774646289,False
58281,AMERICAN RIVIERA BANK,2024-09-30,1140.407,19.656,4.548257636713046,False
58282,EAGLE BANK,2024-03-31,126.237,0.0,0.6582198758516538,False
58282,EAGLE BANK,2024-06-30,130.652,0.0,0.9494735835415552,False
58282,EAGLE BANK,2024-09-30,135.04,0.0,0.7162588587290492,False
58289,RIVER CITY BANK,2024-03-31,271.749,0.0,1.6048182537411877,False
58289,RIVER CITY BANK,2024-06-30,305.306,0.0,2.6508416416715,False
58289,RIVER CITY BANK,2024-09-30,318.06,0.0,2.0362918108261394,False
58291,CALPRIVATE BANK,2024-03-31,1907.684,0.0,7.288109594513132,False
58291,CALPRIVATE BANK,2024-06-30,2004.956,0.0,10.408378006463153,False
58291,CALPRIVATE BANK,2024-09-30,2110.509,0.0,7.926636956241675,False
58297,PINNACLE BANK,2024-03-31,727.391,0.0,3.6544194800808434,False
58297,PINNACLE BANK,2024-06-30,740.947,0.0,4.922884480493533,False
58297,PINNACLE BANK,2024-09-30,780.878,48.646,4.458088779529405,False
58300,TABLE ROCK COMMUNITY BANK,2024-03-31,146.949,2.746,0.8270089918548066,False
58300,TABLE ROCK COMMUNITY BANK,2024-06-30,144.203,0.0,1.0418770899637324,False
58300,TABLE ROCK COMMUNITY BANK,2024-09-30,155.492,0.0,0.8690972444313473,False
58303,AMERIPRISE BANK FSB,2024-03-31,21330.848,0.0,117.35626584520288,True
58303,AMERIPRISE BANK FSB,2024-06-30,21468.492,0.0,150.950239683936,True
58303,AMERIPRISE BANK FSB,2024-09-30,21733.324,0.0,123.69787322811014,True
58307,FIRST BANK OF GREENWICH,2024-03-31,611.538,0.0,2.9794088857741303,False
58307,FIRST BANK OF GREENWICH,2024-06-30,621.408,0.0,3.888090464784715,False
58307,FIRST BANK OF GREENWICH,2024-09-30,636.667,0.0,2.959601653734791,False
58309,AMERICAN MOMENTUM BANK,2024-03-31,2021.776,0.0,7.028998555276406,False
58309,AMERICAN MOMENTUM BANK,2024-06-30,2045.371,0.0,9.676094708075778,False
58309,AMERICAN MOMENTUM BANK,2024-09-30,2099.772,0.0,7.448807850042531,False
58310,US METRO BANK,2024-03-31,1133.767,0.0,5.376873955998016,False
58310,US METRO BANK,2024-06-30,1183.207,0.0,7.438227704329043,False
58310,US METRO BANK,2024-09-30,1215.78,0.0,5.708924263969441,False
58311,COMMUNITY BANK DELAWARE,2024-03-31,277.615,0.0,1.2216638050244693,False
58311,COMMUNITY BANK DELAWARE,2024-06-30,292.431,0.0,1.8381681301073414,False
58311,COMMUNITY BANK DELAWARE,2024-09-30,297.972,0.0,1.28295901724717,False
58314,OLD PLANK TRAIL CMTY BANK NA,2024-03-31,2426.387,0.0,10.08144409600188,True
58314,OLD PLANK TRAIL CMTY BANK NA,2024-06-30,2522.173,0.0,14.252516620217294,True
58314,OLD PLANK TRAIL CMTY BANK NA,2024-09-30,2548.803,3.142,9.688731544994802,True
58316,INVESTAR BANK NATIONAL ASSN,2024-03-31,2209.916,0.0,8.078358259195548,False
58316,INVESTAR BANK NATIONAL ASSN,2024-06-30,2211.49,0.0,11.157048601575752,False
58316,INVESTAR BANK NATIONAL ASSN,2024-09-30,2289.183,0.0,8.034377785338291,False
58322,RIVERBANK,2024-03-31,207.869,0.0,1.0047858082375443,False
58322,RIVERBANK,2024-06-30,219.238,0.0,1.4683436774045606,False
58322,RIVERBANK,2024-09-30,236.288,0.0,1.2203914811039456,False
58324,LONE STAR BANK,2024-03-31,143.825,4.852,0.7536764172644687,False
58324,LONE STAR BANK,2024-06-30,138.973,0.0,0.9056903366325838,False
58324,LONE STAR BANK,2024-09-30,143.475,0.0,0.7358385811871951,False
58339,BANK OF CHINA,2024-03-31,202.915,0.672,4.15142530770036,False
58339,BANK OF CHINA,2024-06-30,202.243,0.0,5.340600100368001,False
58339,BANK OF CHINA,2024-09-30,210.502,0.0,4.1089217563930776,False
58341,MOUNTAIN PACIFIC BANK,2024-03-31,537.483,0.0,2.4787363790047454,False
58341,MOUNTAIN PACIFIC BANK,2024-06-30,547.151,0.0,3.1965407302098785,False
58341,MOUNTAIN PACIFIC BANK,2024-09-30,622.334,0.0,3.197049345066511,False
58348,MILLENNIUM BANK,2024-03-31,412.144,0.0,2.8053754654399787,False
58348,MILLENNIUM BANK,2024-06-30,422.761,0.0,3.639036235770308,False
58348,MILLENNIUM BANK,2024-09-30,440.356,0.0,2.5130089465274525,False
58357,SOUTHERN INDEPENDENT BANK,2024-03-31,310.991,0.861,2.1484897666885723,False
58357,SOUTHERN INDEPENDENT BANK,2024-06-30,310.13,0.0,2.850864253693139,False
58357,SOUTHERN INDEPENDENT BANK,2024-09-30,314.249,0.0,2.0354615076733715,False
58359,UNITED REPUBLIC BANK,2024-03-31,167.723,0.0,0.7510780032788953,False
58359,UNITED REPUBLIC BANK,2024-06-30,169.011,2.292,1.0687261386164768,False
58359,UNITED REPUBLIC BANK,2024-09-30,166.719,0.666,0.7548727584043123,False
58371,HYPERION BANK,2024-03-31,337.263,0.0,1.5967124304013978,False
58371,HYPERION BANK,2024-06-30,355.564,13.203,2.3588362415541066,False
58371,HYPERION BANK,2024-09-30,342.361,17.646,1.5747216397653592,False
58374,PIEDMONT BANK,2024-03-31,1836.859,0.0,7.654761873202767,False
58374,PIEDMONT BANK,2024-06-30,1870.766,0.0,9.460886320450943,False
58374,PIEDMONT BANK,2024-09-30,1984.881,0.0,6.964983406341834,False
58377,CENTRAL BANK,2024-03-31,257.109,9.852,1.2176077350951482,False
58377,CENTRAL BANK,2024-06-30,247.257,0.0,1.5405129308183383,False
58377,CENTRAL BANK,2024-09-30,264.453,0.0,1.1443820990993345,False
58396,JONAH BANK OF WYOMING,2024-03-31,461.47,12.986,3.3719979985993698,False
58396,JONAH BANK OF WYOMING,2024-06-30,448.484,0.0,3.993849049064244,False
58396,JONAH BANK OF WYOMING,2024-09-30,473.637,0.0,3.168376592632323,False
58401,MEGA BANK,2024-03-31,460.392,19.0,3.3787923571217973,False
58401,MEGA BANK,2024-06-30,441.392,2.292,3.7257090743919488,False
58401,MEGA BANK,2024-09-30,439.1,0.0,2.4500161077252725,False
58405,GOLDWATER BANK N A,2024-03-31,302.265,0.0,1.1826209706229762,False
58405,GOLDWATER BANK N A,2024-06-30,309.136,0.0,1.6604442951824883,False
58405,GOLDWATER BANK N A,2024-09-30,336.708,29.016,1.4570698248940221,False
58407,UNIBANK,2024-03-31,475.018,23.061,2.397238844442049,False
58407,UNIBANK,2024-06-30,451.957,0.0,3.117866962407025,False
58407,UNIBANK,2024-09-30,468.495,28.619,2.7047465000775275,False
58410,CROSS RIVER BANK,2024-03-31,6777.032,0.0,24.967366068165767,True
58410,CROSS RIVER BANK,2024-06-30,7024.369,282.561,33.87124151255959,True
58410,CROSS RIVER BANK,2024-09-30,6741.808,507.941,24.237177679345436,True
58411,CORNERSTONE COMMUNITY BANK,2024-03-31,590.53,0.0,3.1606573267770783,False
58411,CORNERSTONE COMMUNITY BANK,2024-06-30,595.929,6.371,4.221713896418941,False
58411,CORNERSTONE COMMUNITY BANK,2024-09-30,589.558,4.689,3.0150346752039274,False
58413,EMBASSY NATIONAL BANK,2024-03-31,133.124,0.29,0.6497904480524,False
58413,EMBASSY NATIONAL BANK,2024-06-30,132.834,0.0,0.8931179183491155,False
58413,EMBASSY NATIONAL BANK,2024-09-30,143.409,0.0,0.6711312839941952,False
58423,COMMUNITY BK PLEASANT HILL,2024-03-31,129.233,0.0,1.0416748759130623,False
58423,COMMUNITY BK PLEASANT HILL,2024-06-30,147.663,17.989,2.1995615051673476,False
58423,COMMUNITY BK PLEASANT HILL,2024-09-30,129.674,0.0,0.9788586859928186,False
58424,ALMA BANK,2024-03-31,1253.349,47.222,5.400827030271879,False
58424,ALMA BANK,2024-06-30,1206.127,0.0,6.768833352236676,False
58424,ALMA BANK,2024-09-30,1258.559,0.0,4.784903160877078,False
58426,WEST VALLEY NATIONAL BANK,2024-03-31,59.627,4.033,0.14731153188542018,False
58426,WEST VALLEY NATIONAL BANK,2024-06-30,55.594,3.693,0.1919058995695839,False
58426,WEST VALLEY NATIONAL BANK,2024-09-30,51.901,0.0,0.1358192871585196,False
58428,LEWIS&CLARK BANK,2024-03-31,250.448,0.0,1.7446697296736728,False
58428,LEWIS&CLARK BANK,2024-06-30,265.605,17.88,2.594714595749691,False
58428,LEWIS&CLARK BANK,2024-09-30,247.725,9.301,2.126031237938654,False
58433,WATERFORD BANK N A,2024-03-31,1532.063,0.0,6.328821838745687,False
58433,WATERFORD BANK N A,2024-06-30,1537.741,0.0,8.363674543098188,False
58433,WATERFORD BANK N A,2024-09-30,1542.861,44.388,6.195418411933523,False
58443,FIRST SECURITY BANK OF NV,2024-03-31,187.403,0.0,0.842561424413177,False
58443,FIRST SECURITY BANK OF NV,2024-06-30,200.231,0.0,1.4522350977230374,False
58443,FIRST SECURITY BANK OF NV,2024-09-30,215.075,10.994,1.1047235178538028,False
58446,COMMENCEMENT BANK,2024-03-31,535.806,0.367,2.4880126325248617,False
58446,COMMENCEMENT BANK,2024-06-30,535.439,0.0,3.284894492744586,False
58446,COMMENCEMENT BANK,2024-09-30,568.404,0.0,2.7578965067624024,False
58450,TEXAS ADVANTAGE CMTY BANK NA,2024-03-31,168.952,0.0,1.1378924985478,False
58450,TEXAS ADVANTAGE CMTY BANK NA,2024-06-30,175.489,5.174,1.5937873130804108,False
58450,TEXAS ADVANTAGE CMTY BANK NA,2024-09-30,170.315,0.0,1.1812744214404007,False
58457,TRISTATE CAPITAL BANK,2024-03-31,17974.443,40.794,73.72376306592278,True
58457,TRISTATE CAPITAL BANK,2024-06-30,17933.649,0.0,86.77196312048216,True
58457,TRISTATE CAPITAL BANK,2024-09-30,18914.194,0.0,67.62996179945219,True
58458,HTLF BANK,2024-03-31,16185.381,420.185,48.12640288445634,True
58458,HTLF BANK,2024-06-30,15765.196,494.613,61.70403305685643,True
58458,HTLF BANK,2024-09-30,15270.583,417.673,42.86715215907923,True
58463,SMARTBANK,2024-03-31,4397.341,73.816,17.281290091625674,True
58463,SMARTBANK,2024-06-30,4323.525,0.0,21.298647525932864,True
58463,SMARTBANK,2024-09-30,4328.537,0.0,13.864039783766026,True
58469,AMERICAN PLUS BANK N A,2024-03-31,547.757,0.0,2.0947841600081407,False
58469,AMERICAN PLUS BANK N A,2024-06-30,555.64,0.0,2.835150199855262,False
58469,AMERICAN PLUS BANK N A,2024-09-30,610.877,0.0,2.220117731740032,False
58470,HOMETOWN BANK OF PA,2024-03-31,348.516,1.757,3.0799470320001916,False
58470,HOMETOWN BANK OF PA,2024-06-30,346.759,0.0,3.6262006526782264,False
58470,HOMETOWN BANK OF PA,2024-09-30,349.751,0.0,1.920516617404752,False
58479,BANK OF CENTRAL FLORIDA,2024-03-31,1008.125,4.792,5.561858950199997,False
58479,BANK OF CENTRAL FLORIDA,2024-06-30,1003.333,0.0,7.092825931319678,False
58479,BANK OF CENTRAL FLORIDA,2024-09-30,1027.032,0.0,5.41859709245035,False
58481,FIRST BANK,2024-03-31,2970.262,2.628,10.731876939705225,True
58481,FIRST BANK,2024-06-30,2967.634,0.0,14.563763920741724,True
58481,FIRST BANK,2024-09-30,3050.07,0.0,10.700037338155978,True
58482,BANK OF MONTANA,2024-03-31,278.399,10.006,7.662012731071978,False
58482,BANK OF MONTANA,2024-06-30,268.393,0.0,8.993148780788813,False
58482,BANK OF MONTANA,2024-09-30,285.263,59.585,8.420288781191942,False
58483,PEGASUS BANK,2024-03-31,1122.729,0.0,7.498063920720551,False
58483,PEGASUS BANK,2024-06-30,1158.662,0.0,10.604088186285031,False
58483,PEGASUS BANK,2024-09-30,1295.341,92.169,9.863545311258646,True
58484,AUSTIN COUNTY STATE BANK,2024-03-31,337.233,0.0,1.9773949792497838,False
58484,AUSTIN COUNTY STATE BANK,2024-06-30,342.558,0.0,2.506555328851958,False
58484,AUSTIN COUNTY STATE BANK,2024-09-30,344.857,0.0,1.701554160164039,False
58485,1ST CAPITAL BANK,2024-03-31,885.934,0.0,4.762134036929539,False
58485,1ST CAPITAL BANK,2024-06-30,892.505,0.0,6.296173318899755,False
58486,FINEMARK NATIONAL BANK&TRUST,2024-03-31,3079.64,69.19,14.803862826205371,True
58486,FINEMARK NATIONAL BANK&TRUST,2024-06-30,3010.45,0.0,18.095792051324764,True
58486,FINEMARK NATIONAL BANK&TRUST,2024-09-30,3085.454,0.0,14.049235861914418,True
58490,BENEFICIAL STATE BANK,2024-03-31,1540.832,20.835,7.096623016963795,False
58490,BENEFICIAL STATE BANK,2024-06-30,1519.997,0.0,8.892515773119527,False
58490,BENEFICIAL STATE BANK,2024-09-30,1617.524,0.0,7.645902712778329,False
58500,COMMUNITY VALLEY BANK,2024-03-31,264.018,0.0,1.5342977589300661,False
58500,COMMUNITY VALLEY BANK,2024-06-30,265.262,0.0,1.8947285535937484,False
58500,COMMUNITY VALLEY BANK,2024-09-30,276.314,5.377,1.3945068121865691,False
58504,OLD DOMINION NATIONAL BANK,2024-03-31,991.654,0.0,3.8013473927033394,False
58504,OLD DOMINION NATIONAL BANK,2024-06-30,1090.705,0.0,5.953799683746184,False
58504,OLD DOMINION NATIONAL BANK,2024-09-30,1095.672,0.0,4.089300399453679,False
58508,FIRST FARMBANK,2024-03-31,302.079,7.662,1.4701485959785718,False
58508,FIRST FARMBANK,2024-06-30,294.417,0.0,1.835317989740031,False
58508,FIRST FARMBANK,2024-09-30,297.691,0.0,1.3022493078386497,False
58509,FRONTIER BANK OF TEXAS,2024-03-31,683.792,0.0,3.709366713929894,False
58509,FRONTIER BANK OF TEXAS,2024-06-30,708.222,0.0,4.431664513689431,False
58509,FRONTIER BANK OF TEXAS,2024-09-30,725.753,0.0,3.1421207385650893,False
58511,PLATINUM BANK,2024-03-31,445.391,0.0,1.8564628675482797,False
58511,PLATINUM BANK,2024-06-30,508.467,0.0,3.30974538562474,False
58511,PLATINUM BANK,2024-09-30,556.214,19.832,2.5074183739473566,False
58513,BANK OF PRINCETON,2024-03-31,1705.876,6.223,6.195210601079747,False
58513,BANK OF PRINCETON,2024-06-30,1699.653,0.0,8.374068414746036,False
58513,BANK OF PRINCETON,2024-09-30,2046.615,13.245,6.80611399701065,False
58517,COMMUNITY BANK,2024-03-31,167.565,13.355,1.1646071219136205,False
58517,COMMUNITY BANK,2024-06-30,154.21,0.0,1.1315213122394048,False
58517,COMMUNITY BANK,2024-09-30,158.893,5.168,0.98173614503027,False
58523,GEORGIA PRIMARY BANK,2024-03-31,298.375,0.0,1.4741443602320896,False
58523,GEORGIA PRIMARY BANK,2024-06-30,314.539,0.0,2.316485830218277,False
58523,GEORGIA PRIMARY BANK,2024-09-30,320.127,25.723,1.7663586475719142,False
58534,SOLERA NATIONAL BANK,2024-03-31,1057.086,115.477,4.949265976376138,False
58534,SOLERA NATIONAL BANK,2024-06-30,941.609,0.0,6.01602758550648,False
58534,SOLERA NATIONAL BANK,2024-09-30,1017.966,83.219,4.30922508910036,False
58536,THINK MUTUAL BANK,2024-03-31,1758.283,36.826,8.459197091195632,False
58536,THINK MUTUAL BANK,2024-06-30,1721.457,10.751,10.891723649990546,False
58536,THINK MUTUAL BANK,2024-09-30,1710.706,0.0,7.648268324183128,False
58537,BANKFLORIDA,2024-03-31,310.036,26.334,2.3291674164583482,False
58537,BANKFLORIDA,2024-06-30,283.702,0.0,1.8433351188241145,False
58537,BANKFLORIDA,2024-09-30,299.037,0.0,1.4673599705426426,False
58556,GOLD COAST BANK,2024-03-31,362.756,11.179,2.539644154233894,False
58556,GOLD COAST BANK,2024-06-30,351.577,0.0,3.021589904438277,False
58556,GOLD COAST BANK,2024-09-30,367.079,0.0,2.5889044990802272,False
58558,SOUTHERN STATES BANK,2024-03-31,2124.053,0.0,8.287790718711658,False
58558,SOUTHERN STATES BANK,2024-06-30,2188.543,0.0,11.526113656042833,False
58558,SOUTHERN STATES BANK,2024-09-30,2431.396,10.517,8.785440792141927,False
58563,SELECT BANK,2024-03-31,425.794,0.0,1.9019361854983161,False
58563,SELECT BANK,2024-06-30,428.862,0.0,2.6261244608326924,False
58563,SELECT BANK,2024-09-30,434.74,0.967,1.8408403380017142,False
58564,FLUSHING BANK,2024-03-31,7338.353,352.58,22.30123411908698,True
58564,FLUSHING BANK,2024-06-30,6985.773,0.0,29.51593391090295,True
58564,FLUSHING BANK,2024-09-30,7637.538,381.345,22.52100844830573,True
58581,TEXAS PARTNERS BANK,2024-03-31,2028.498,0.0,8.2732010295488,False
58581,TEXAS PARTNERS BANK,2024-06-30,2048.672,0.0,11.031304762528839,False
58581,TEXAS PARTNERS BANK,2024-09-30,2089.781,0.0,7.923533262164622,False
58583,CALIFORNIA BANK OF COMMERCE,2024-03-31,1642.155,1.88,7.118916848095704,False
58584,AMERICAN PRIDE BANK,2024-03-31,319.172,25.594,1.6254461838386043,False
58584,AMERICAN PRIDE BANK,2024-06-30,293.578,0.0,1.8488873712561205,False
58584,AMERICAN PRIDE BANK,2024-09-30,325.399,0.0,1.8405927244549387,False
58586,TURTLE MOUNTAIN STATE BANK,2024-03-31,132.523,0.0,3.9215055225918163,False
58586,TURTLE MOUNTAIN STATE BANK,2024-06-30,136.453,0.0,4.991365858997462,False
58586,TURTLE MOUNTAIN STATE BANK,2024-09-30,138.504,25.051,3.476757386189102,False
58588,PARTNERS BANK OF CALIFORNIA,2024-03-31,389.332,0.0,2.288624926207448,False
58588,PARTNERS BANK OF CALIFORNIA,2024-06-30,403.659,0.0,3.207681200748426,False
58588,PARTNERS BANK OF CALIFORNIA,2024-09-30,404.682,0.0,2.2093265987377486,False
58590,NANO BANC,2024-03-31,827.973,10.551,5.074148210888214,False
58590,NANO BANC,2024-06-30,817.422,0.0,7.018197444213772,False
58590,NANO BANC,2024-09-30,919.103,91.11,8.56683401359245,False
58595,CHAIN BRIDGE BANK NA,2024-03-31,1135.877,0.0,12.561287715888724,True
58595,CHAIN BRIDGE BANK NA,2024-06-30,1303.526,0.0,20.788115875463433,True
58595,CHAIN BRIDGE BANK NA,2024-09-30,1433.889,158.195,20.107796146544874,True
58596,CARTER BANK&TRUST,2024-03-31,3830.92,0.0,13.629428418250269,True
58596,CARTER BANK&TRUST,2024-06-30,3881.771,0.0,17.914733292941797,True
58596,CARTER BANK&TRUST,2024-09-30,4085.126,0.0,13.094065154333848,True
58597,PEOPLEFIRST BANK,2024-03-31,214.877,0.0,1.5285816376986974,False
58597,PEOPLEFIRST BANK,2024-06-30,227.688,11.677,2.4251934735239016,False
58597,PEOPLEFIRST BANK,2024-09-30,216.011,0.0,1.663025584234915,False
58602,RELIANCE BANK,2024-03-31,231.367,0.0,1.0257396575518163,False
58602,RELIANCE BANK,2024-06-30,234.28,0.0,1.4700563797421633,False
58602,RELIANCE BANK,2024-09-30,236.592,0.0,1.122367524684723,False
58615,VICTORY BANK,2024-03-31,381.785,0.0,1.6681894283159864,False
58615,VICTORY BANK,2024-06-30,384.627,0.0,2.2873073560168815,False
58615,VICTORY BANK,2024-09-30,398.213,0.287,1.6457930562898906,False
58619,MRV BANKS,2024-03-31,613.112,0.0,2.9540118473692822,False
58619,MRV BANKS,2024-06-30,626.321,7.772,4.29547826011051,False
58619,MRV BANKS,2024-09-30,618.549,0.0,2.8412808529093923,False
58626,GBANK,2024-03-31,814.532,0.0,3.479147472120689,False
58626,GBANK,2024-06-30,847.271,0.0,5.216733198087406,False
58626,GBANK,2024-09-30,890.351,0.0,3.588462253197075,False
58629,STELLAR BANK,2024-03-31,8829.915,55.452,25.716465135107605,True
58629,STELLAR BANK,2024-06-30,8774.463,0.0,35.68310358503807,True
58629,STELLAR BANK,2024-09-30,8803.38,0.0,24.631842025271727,True
58636,FIRST CAHAWBA BANK,2024-03-31,167.265,2.926,0.8802517674567937,False
58636,FIRST CAHAWBA BANK,2024-06-30,164.339,0.0,1.1712247149341095,False
58636,FIRST CAHAWBA BANK,2024-09-30,172.34,0.0,0.9658966672643128,False
58644,FIRST COLONY BANK OF FLORIDA,2024-03-31,296.385,12.147,3.057091642875463,False
58644,FIRST COLONY BANK OF FLORIDA,2024-06-30,284.238,0.0,3.1849550157338813,False
58644,FIRST COLONY BANK OF FLORIDA,2024-09-30,289.813,8.2,2.301341827281803,False
58647,FIRST FOUNDATION BANK,2024-03-31,10658.136,0.0,38.1871962793159,True
58647,FIRST FOUNDATION BANK,2024-06-30,10778.801,436.411,50.381483375484116,True
58647,FIRST FOUNDATION BANK,2024-09-30,10342.39,438.554,32.32380307774428,True
58648,CROSSFIRST BANK,2024-03-31,6600.845,0.0,19.57989940279494,True
58648,CROSSFIRST BANK,2024-06-30,6744.006,101.157,27.29095528584212,True
58648,CROSSFIRST BANK,2024-09-30,6642.849,0.0,18.268363283290874,True
58657,PROMISEONE BANK,2024-03-31,614.134,11.45,3.2586736983387046,False
58657,PROMISEONE BANK,2024-06-30,602.684,0.0,4.081024244424882,False
58657,PROMISEONE BANK,2024-09-30,629.061,0.0,2.9260207627169676,False
58658,LOCUS BANK INC,2024-03-31,217.348,12.534,0.8524412779471627,False
58658,LOCUS BANK INC,2024-06-30,204.814,0.0,1.0881311913417773,False
58658,LOCUS BANK INC,2024-09-30,226.57,0.0,0.8160501175584498,False
58665,LIVE OAK BANKING CO,2024-03-31,10463.812,0.0,31.5450476623559,True
58665,LIVE OAK BANKING CO,2024-06-30,10785.317,0.0,43.26796280101833,True
58665,LIVE OAK BANKING CO,2024-09-30,11474.355,0.0,31.419112091478567,True
58668,SPRING BANK,2024-03-31,323.867,0.0,1.9364796430269602,False
58668,SPRING BANK,2024-06-30,347.007,0.0,3.044234614765395,False
58668,SPRING BANK,2024-09-30,351.036,0.0,1.9916192504101702,False
58675,HANOVER COMMUNITY BANK,2024-03-31,1917.86,0.0,7.238458397647413,False
58675,HANOVER COMMUNITY BANK,2024-06-30,1942.654,0.0,9.972940293206584,False
58675,HANOVER COMMUNITY BANK,2024-09-30,1958.991,3.925,6.930076023740227,False
58678,GATEWAY COMMERCIAL BANK,2024-03-31,161.609,0.696,0.9159629510769721,False
58678,GATEWAY COMMERCIAL BANK,2024-06-30,160.913,0.0,1.2781464446168953,False
58678,GATEWAY COMMERCIAL BANK,2024-09-30,163.537,0.0,0.837719916473378,False
58680,GREAT NATIONS BANK,2024-03-31,83.672,0.0,0.30100034043791385,False
58680,GREAT NATIONS BANK,2024-06-30,94.636,0.0,0.5450921168722059,False
58680,GREAT NATIONS BANK,2024-09-30,94.662,0.0,0.36998135990440517,False
58687,TOUCHMARK NATIONAL BANK,2024-03-31,443.409,25.529,2.0970111254972177,False
58687,TOUCHMARK NATIONAL BANK,2024-06-30,417.88,16.218,2.7501082148229608,False
58687,TOUCHMARK NATIONAL BANK,2024-09-30,401.662,11.126,1.9417848563389808,False
58689,SOUTH ATLANTIC BANK,2024-03-31,1345.463,0.0,6.14741217299935,False
58689,SOUTH ATLANTIC BANK,2024-06-30,1417.417,0.0,9.31421929671846,False
58689,SOUTH ATLANTIC BANK,2024-09-30,1476.911,11.222,6.590829802956034,False
58691,BLUEHARBOR BANK,2024-03-31,396.464,0.0,1.8605194503213032,False
58691,BLUEHARBOR BANK,2024-06-30,404.429,0.0,2.4779348517508915,False
58691,BLUEHARBOR BANK,2024-09-30,424.359,0.0,1.886174213717845,False
58692,INTRACOASTAL BANK,2024-03-31,481.707,0.0,2.4732273659973036,False
58692,INTRACOASTAL BANK,2024-06-30,489.768,5.15,3.2777591758058207,False
58692,INTRACOASTAL BANK,2024-09-30,484.618,0.0,2.212256059521517,False
58694,PRIME MERIDIAN BANK,2024-03-31,753.28,0.0,3.23423878914797,False
58694,PRIME MERIDIAN BANK,2024-06-30,791.933,0.0,4.657004880587855,False
58694,PRIME MERIDIAN BANK,2024-09-30,825.823,3.954,3.738655849372323,False
58696,FVCBANK,2024-03-31,1859.503,0.0,6.749130860263067,False
58696,FVCBANK,2024-06-30,1971.416,7.998,10.55200271460676,False
58696,FVCBANK,2024-09-30,1963.418,91.638,7.396427562463387,False
58712,FREEDOM BANK,2024-03-31,592.645,0.0,2.3307481652955455,False
58712,FREEDOM BANK,2024-06-30,601.41,0.0,3.170387486919034,False
58712,FREEDOM BANK,2024-09-30,638.804,0.0,2.309263121400421,False
58716,THIRD COAST BANK,2024-03-31,4053.528,194.897,14.366590268527089,True
58716,THIRD COAST BANK,2024-06-30,3858.631,0.0,17.16663538537064,True
58716,THIRD COAST BANK,2024-09-30,3995.245,0.0,12.067929191320099,True
58722,MEADOWS BANK,2024-03-31,1051.145,27.089,4.08590380888068,False
58722,MEADOWS BANK,2024-06-30,1024.056,0.0,5.1981123907921525,False
58722,MEADOWS BANK,2024-09-30,1097.185,0.0,4.102274484349827,False
58723,BLACK HILLS CMTY BANK N A,2024-03-31,411.284,11.161,2.606171540878151,False
58723,BLACK HILLS CMTY BANK N A,2024-06-30,400.123,0.0,3.0344753714522663,False
58723,BLACK HILLS CMTY BANK N A,2024-09-30,403.07,0.0,2.0571398350564896,False
58724,NEBRASKA BANK OF COMMERCE,2024-03-31,160.637,0.0,0.7250950539298451,False
58724,NEBRASKA BANK OF COMMERCE,2024-06-30,161.295,0.0,0.9944760443234929,False
58724,NEBRASKA BANK OF COMMERCE,2024-09-30,164.923,0.0,0.7458970588245079,False
58727,ACCESS BANK,2024-03-31,820.752,0.0,4.793277030668166,False
58727,ACCESS BANK,2024-06-30,833.25,27.341,6.435856664243463,False
58727,ACCESS BANK,2024-09-30,805.909,10.136,4.201231871222244,False
58732,COMMUNITY STATE BANK,2024-03-31,145.957,3.743,0.668530891356108,False
58732,COMMUNITY STATE BANK,2024-06-30,142.214,0.0,0.8670949423721944,False
58732,COMMUNITY STATE BANK,2024-09-30,151.34,0.0,0.6488333371870211,False
58739,TEXAS SECURITY BANK,2024-03-31,934.917,0.0,4.455838360572829,False
58739,TEXAS SECURITY BANK,2024-06-30,948.765,7.58,6.003280060033181,False
58739,TEXAS SECURITY BANK,2024-09-30,941.185,0.0,4.259794641156746,False
58741,FIELDPOINT PRIVATE B&T,2024-03-31,752.666,0.0,4.234420463494085,False
58741,FIELDPOINT PRIVATE B&T,2024-06-30,915.407,11.643,7.3568652339681835,False
58741,FIELDPOINT PRIVATE B&T,2024-09-30,903.764,2.322,5.414187411664192,False
58745,FIRST NM BANK LAS CRUCES,2024-03-31,134.661,7.092,1.4823652527767104,False
58745,FIRST NM BANK LAS CRUCES,2024-06-30,127.569,0.0,1.4041247384392757,False
58745,FIRST NM BANK LAS CRUCES,2024-09-30,131.74,3.987,1.05577598231274,False
58752,NORTHWEST BANK,2024-03-31,1103.56,40.523,6.874897530662241,False
58752,NORTHWEST BANK,2024-06-30,1063.037,0.0,7.768232986674524,False
58752,NORTHWEST BANK,2024-09-30,1096.96,0.657,6.3249734521779315,False
58764,MINT NATIONAL BANK,2024-03-31,359.114,6.104,2.0455569699412233,False
58764,MINT NATIONAL BANK,2024-06-30,353.01,5.967,2.6277818883459014,False
58764,MINT NATIONAL BANK,2024-09-30,347.043,0.0,1.776416890091117,False
58768,GUADALUPE BANK,2024-03-31,218.212,2.757,1.4328957704619354,False
58768,GUADALUPE BANK,2024-06-30,215.455,0.0,1.8261955970876773,False
58768,GUADALUPE BANK,2024-09-30,221.578,15.734,1.3982607093776156,False
58772,MOUNTAIN VIEW BK OF COM,2024-03-31,153.434,11.327,0.8547619193063781,False
58772,MOUNTAIN VIEW BK OF COM,2024-06-30,142.107,0.0,0.9043847226852477,False
58778,LIBERTY BANK,2024-03-31,140.842,0.0,0.722804473160633,False
58778,LIBERTY BANK,2024-06-30,147.369,0.0,1.0960213796254208,False
58778,LIBERTY BANK,2024-09-30,147.498,0.565,0.7494545499325322,False
58780,SPRING BANK,2024-03-31,277.071,0.0,1.5136312805798477,False
58780,SPRING BANK,2024-06-30,281.647,0.0,1.9030192408217903,False
58780,SPRING BANK,2024-09-30,284.186,0.0,1.3223823889667818,False
58783,OAKWORTH CAPITAL BANK,2024-03-31,1439.211,34.757,6.411593048952825,False
58783,OAKWORTH CAPITAL BANK,2024-06-30,1404.454,0.0,7.6545759904930515,False
58783,OAKWORTH CAPITAL BANK,2024-09-30,1534.136,0.0,6.073683089876813,False
58789,GRAND RIVER BANK,2024-03-31,474.642,12.493,2.0129212754314394,False
58789,GRAND RIVER BANK,2024-06-30,462.149,0.0,2.7651594452127655,False
58789,GRAND RIVER BANK,2024-09-30,471.744,35.039,1.966395909866509,False
58796,PARKSIDE FINANCIAL B&T,2024-03-31,852.797,0.0,3.798649577086466,False
58796,PARKSIDE FINANCIAL B&T,2024-06-30,876.749,0.0,5.293893641018827,False
58796,PARKSIDE FINANCIAL B&T,2024-09-30,934.869,0.0,4.691027941036362,False
58806,GENUBANK,2024-03-31,120.381,0.0,0.7142733025017847,False
58806,GENUBANK,2024-06-30,120.722,0.0,1.0662209972722652,False
58806,GENUBANK,2024-09-30,132.693,0.0,0.8354609837797194,False
58811,ONE FLORIDA BANK,2024-03-31,1532.825,0.0,7.843257229863555,False
58811,ONE FLORIDA BANK,2024-06-30,1623.507,0.0,12.760492235109002,False
58811,ONE FLORIDA BANK,2024-09-30,1636.317,0.0,8.68798073755259,False
58816,ROYAL BUSINESS BANK,2024-03-31,3072.206,15.677,10.943756828361604,True
58816,ROYAL BUSINESS BANK,2024-06-30,3056.529,0.0,14.44365240219232,True
58816,ROYAL BUSINESS BANK,2024-09-30,3128.662,10.871,10.748617274766492,True
58826,REDSTONE BANK,2024-03-31,200.478,2.503,1.2313335810917723,False
58826,REDSTONE BANK,2024-06-30,197.975,0.0,1.4559944481054028,False
58826,REDSTONE BANK,2024-09-30,228.362,29.003,1.7360559243563092,False
58827,OAK VIEW NATIONAL BANK,2024-03-31,498.647,0.0,3.224007625065828,False
58827,OAK VIEW NATIONAL BANK,2024-06-30,527.966,0.0,4.351838840928393,False
58827,OAK VIEW NATIONAL BANK,2024-09-30,569.697,0.0,3.479160517829099,False
58852,LIBERTY CAPITAL BANK,2024-03-31,322.411,0.0,2.0017536770775304,False
58852,LIBERTY CAPITAL BANK,2024-06-30,365.496,6.417,3.8224490495626284,False
58852,LIBERTY CAPITAL BANK,2024-09-30,359.079,0.0,2.1997626413440954,False
58857,NEW HORIZON BANK NA,2024-03-31,123.438,12.407,1.045634528635461,False
58857,NEW HORIZON BANK NA,2024-06-30,111.031,0.0,0.9861419644810491,False
58857,NEW HORIZON BANK NA,2024-09-30,130.729,0.0,1.0742744048773034,False
58859,CORNERSTONE BANK,2024-03-31,178.118,0.0,0.913837927998502,False
58859,CORNERSTONE BANK,2024-06-30,186.881,0.0,1.419137362576846,False
58859,CORNERSTONE BANK,2024-09-30,188.56,0.959,1.0128475512345758,False
58864,COASTAL CAROLINA NB,2024-03-31,879.435,0.0,3.9802688669103907,False
58864,COASTAL CAROLINA NB,2024-06-30,974.854,0.0,7.191548070278991,False
58864,COASTAL CAROLINA NB,2024-09-30,1002.709,11.856,5.333799402201187,False
58892,GUARANTY BANK,2024-03-31,1744.144,0.0,6.135809788404835,False
58892,GUARANTY BANK,2024-06-30,1791.735,12.44,8.474596070764939,False
58892,GUARANTY BANK,2024-09-30,1779.295,0.0,5.7135244823992535,False
58935,R BANK,2024-03-31,896.462,0.0,4.203233188311447,False
58935,R BANK,2024-06-30,901.095,12.337,5.717635509414823,False
58935,R BANK,2024-09-30,888.758,36.351,4.047183744190142,False
58952,NEW HAVEN BANK,2024-03-31,144.777,6.216,0.6579733699086651,False
58952,NEW HAVEN BANK,2024-06-30,138.561,0.55,0.8440055826666429,False
58952,NEW HAVEN BANK,2024-09-30,138.011,0.0,0.6242385736837422,False
58961,LAKESIDE BANK,2024-03-31,246.445,0.0,1.2305366872826211,False
58961,LAKESIDE BANK,2024-06-30,252.484,0.0,1.6957996906451092,False
58961,LAKESIDE BANK,2024-09-30,263.337,0.0,1.4376453239687572,False
58979,BANKUNITED NATIONAL ASSN,2024-03-31,27311.025,0.0,69.50039965606568,True
58979,BANKUNITED NATIONAL ASSN,2024-06-30,28037.211,0.0,94.66145878274786,True
58979,BANKUNITED NATIONAL ASSN,2024-09-30,28194.371,22.217,68.50969235719417,True
59043,STIFEL TRUST CO DELAWARE NA,2024-03-31,295.668,32.466,4.619766485496242,False
59043,STIFEL TRUST CO DELAWARE NA,2024-06-30,263.202,0.0,5.607162755512348,False
59043,STIFEL TRUST CO DELAWARE NA,2024-09-30,270.412,0.0,5.107752515348476,False
59052,NBH BANK,2024-03-31,8635.371,129.898,25.26597510178768,True
59052,NBH BANK,2024-06-30,8505.473,0.0,32.393507447993024,True
59052,NBH BANK,2024-09-30,8617.006,245.073,22.468447117831833,True
59070,HARBORONE BANK,2024-03-31,4432.193,0.0,15.6356938792318,True
59070,HARBORONE BANK,2024-06-30,4488.937,0.0,19.684956695519343,True
59070,HARBORONE BANK,2024-09-30,4562.1,0.0,13.588693761741416,True
59074,BANK OF BIRD-IN-HAND,2024-03-31,1126.618,0.0,4.683357701924861,False
59074,BANK OF BIRD-IN-HAND,2024-06-30,1206.939,0.0,7.067333849412233,False
59074,BANK OF BIRD-IN-HAND,2024-09-30,1306.75,0.0,5.638537595246786,False
59086,PRIMARY BANK,2024-03-31,594.743,0.0,3.0400461148366835,False
59086,PRIMARY BANK,2024-06-30,602.024,0.0,4.115736539845115,False
59086,PRIMARY BANK,2024-09-30,614.764,11.113,2.9597248354501473,False
59093,INTERNATIONAL BK OF COM,2024-03-31,1131.667,4.36,6.187587182868798,False
59093,INTERNATIONAL BK OF COM,2024-06-30,1127.307,0.0,8.10825252051955,False
59093,INTERNATIONAL BK OF COM,2024-09-30,1139.216,0.0,6.098198192408846,False
59098,INFINITY BANK,2024-03-31,266.284,8.573,2.275956719152372,False
59098,INFINITY BANK,2024-06-30,257.711,0.0,2.5942578545168455,False
59098,INFINITY BANK,2024-09-30,277.853,0.0,2.0840012668107115,False
59099,ENDEAVOR BANK,2024-03-31,494.267,0.0,3.069244347469892,False
59099,ENDEAVOR BANK,2024-06-30,520.201,0.0,3.926563287276211,False
59099,ENDEAVOR BANK,2024-09-30,578.795,0.0,2.980487799496666,False
59101,FOURTH CAPITAL BANK,2024-03-31,458.444,7.566,2.4062723017586753,False
59105,WINTER PARK NATIONAL BANK,2024-03-31,677.193,0.0,5.2531974880504935,False
59105,WINTER PARK NATIONAL BANK,2024-06-30,694.231,0.0,6.16851792480355,False
59105,WINTER PARK NATIONAL BANK,2024-09-30,735.592,0.0,5.267071430810834,False
59106,BEACON COMMUNITY BANK,2024-03-31,507.884,0.0,2.304911779638915,False
59106,BEACON COMMUNITY BANK,2024-06-30,544.212,0.0,3.32266376887429,False
59106,BEACON COMMUNITY BANK,2024-09-30,587.963,0.0,2.496382425950557,False
59108,CHARLES SCHWAB TRUST BANK,2024-03-31,9396.0,768.0,67.18638310652113,True
59108,CHARLES SCHWAB TRUST BANK,2024-06-30,8628.0,0.0,73.0790984789654,True
59108,CHARLES SCHWAB TRUST BANK,2024-09-30,8679.26,0.0,59.43033896192096,True
59112,STUDIO BANK,2024-03-31,760.953,0.0,3.5187682785509646,False
59112,STUDIO BANK,2024-06-30,787.263,0.0,4.852287342355983,False
59112,STUDIO BANK,2024-09-30,803.977,0.0,3.4957660704867908,False
59113,GRASSHOPPER BANK N A,2024-03-31,752.571,0.0,3.6383542280796717,False
59113,GRASSHOPPER BANK N A,2024-06-30,769.706,0.0,5.277447519958212,False
59113,GRASSHOPPER BANK N A,2024-09-30,802.556,0.666,4.114900040147058,False
59114,COMMERCEONE BANK,2024-03-31,549.942,0.0,2.77717628630224,False
59114,COMMERCEONE BANK,2024-06-30,564.004,0.0,3.6688777154877017,False
59114,COMMERCEONE BANK,2024-09-30,606.523,0.0,2.6078452072958442,False
59117,LEXICON BANK,2024-03-31,231.263,0.0,2.0350578425635053,False
59117,LEXICON BANK,2024-06-30,260.941,2.526,3.814793382190501,False
59117,LEXICON BANK,2024-09-30,258.415,2.016,2.6705500045187165,False
59138,MI BANK,2024-03-31,205.887,0.0,1.2385586220454983,False
59138,MI BANK,2024-06-30,206.443,0.0,1.5679982850226175,False
59138,MI BANK,2024-09-30,215.796,0.0,1.1209318103542714,False
59140,GULFSIDE BANK,2024-03-31,268.559,10.892,1.8066480225260613,False
59140,GULFSIDE BANK,2024-06-30,257.667,4.172,2.1252219385895312,False
59140,GULFSIDE BANK,2024-09-30,253.495,0.0,1.357125802779141,False
59143,NEW VALLEY BANK&TRUST,2024-03-31,280.161,0.0,1.7706116989616878,False
59143,NEW VALLEY BANK&TRUST,2024-06-30,287.901,0.0,2.4961966791971957,False
59143,NEW VALLEY BANK&TRUST,2024-09-30,292.179,20.365,1.7197123544938033,False
59144,OHIO STATE BANK,2024-03-31,370.455,0.048,1.6159372552674247,False
59144,OHIO STATE BANK,2024-06-30,370.407,0.0,2.153879449121777,False
59144,OHIO STATE BANK,2024-09-30,390.989,6.532,1.535110601895964,False
59148,WATERMARK BANK,2024-03-31,268.647,0.0,1.1170898672614809,False
59148,WATERMARK BANK,2024-06-30,292.168,0.0,1.7148477284413306,False
59148,WATERMARK BANK,2024-09-30,314.908,7.011,1.2537083867880283,False
59149,GENERATIONS COMMERCIAL BANK,2024-06-30,10.417,1.792,0.07650531004550253,False
59154,PIERMONT BANK,2024-03-31,468.794,44.702,4.5467436656514595,False
59154,PIERMONT BANK,2024-06-30,424.092,3.304,4.396258499025946,False
59154,PIERMONT BANK,2024-09-30,420.788,14.132,3.518456679907393,False
59157,AMERICAN BK OF THE CAROLINAS,2024-03-31,148.825,0.0,0.8745811736041511,False
59157,AMERICAN BK OF THE CAROLINAS,2024-06-30,158.742,0.0,1.2801194330935368,False
59157,AMERICAN BK OF THE CAROLINAS,2024-09-30,163.13,0.0,1.0292808940422193,False
59176,MILLYARD BANK,2024-03-31,182.535,0.0,1.0691905563632806,False
59176,MILLYARD BANK,2024-06-30,190.049,0.0,1.41174240905358,False
59176,MILLYARD BANK,2024-09-30,192.544,0.0,0.9732956894313555,False
59177,SQUARE FINL SERVICES INC,2024-03-31,229.296,0.0,2.2813337205362805,False
59177,SQUARE FINL SERVICES INC,2024-06-30,255.933,0.0,3.9977138065805162,False
59177,SQUARE FINL SERVICES INC,2024-09-30,291.35,0.0,2.9583016026998488,False
59178,TANDEM BANK,2024-03-31,195.521,0.0,1.1395700530722386,False
59178,TANDEM BANK,2024-06-30,199.864,0.0,1.7819365269470022,False
59178,TANDEM BANK,2024-09-30,203.625,2.148,1.3553421778031942,False
59181,GULF ATLANTIC BANK,2024-03-31,129.903,9.199,0.6572148706825265,False
59181,GULF ATLANTIC BANK,2024-06-30,120.704,0.0,0.7511670933909158,False
59181,GULF ATLANTIC BANK,2024-09-30,141.444,0.0,0.8638561215216695,False
59182,LOYAL TRUST BANK,2024-03-31,136.422,1.821,0.9000888912605299,False
59182,LOYAL TRUST BANK,2024-06-30,134.601,0.0,1.1819042376841935,False
59182,LOYAL TRUST BANK,2024-09-30,135.913,0.0,1.1108775935644162,False
59183,TRUSTAR BANK,2024-03-31,669.692,0.0,3.3117509430998306,False
59183,TRUSTAR BANK,2024-06-30,693.142,0.0,4.603693715128694,False
59183,TRUSTAR BANK,2024-09-30,765.131,0.0,3.512443226069725,False
59185,GULF CAPITAL BANK,2024-03-31,412.883,35.934,2.653493554149582,False
59185,GULF CAPITAL BANK,2024-06-30,376.949,0.0,3.1915063143622655,False
59185,GULF CAPITAL BANK,2024-09-30,391.805,0.0,2.725301056485399,False
59188,TRIAD BUSINESS BANK,2024-03-31,477.589,33.122,2.6594113888974764,False
59188,TRIAD BUSINESS BANK,2024-06-30,444.467,0.0,3.131585717127412,False
59188,TRIAD BUSINESS BANK,2024-09-30,477.327,21.88,2.4560329118255337,False
59190,VARO BANK NATIONAL ASSN,2024-03-31,379.143,39.927,11.16081952493854,True
59190,VARO BANK NATIONAL ASSN,2024-06-30,339.216,36.794,11.427475868244796,False
59190,VARO BANK NATIONAL ASSN,2024-09-30,302.422,0.0,7.718006440663417,False
59193,FOUNDERS BANK,2024-03-31,238.448,0.0,1.4496670352661365,False
59193,FOUNDERS BANK,2024-06-30,244.223,0.0,1.8099143106555482,False
59193,FOUNDERS BANK,2024-09-30,259.283,0.0,1.3487828465404914,False
59195,FWBANK,2024-03-31,123.345,0.0,0.8151627198072035,False
59195,FWBANK,2024-06-30,133.545,0.0,1.167360852290426,False
59195,FWBANK,2024-09-30,146.219,0.0,0.8866044442044256,False
59199,RIVERSIDE BANK OF DUBLIN,2024-03-31,141.64,0.0,0.5441261455415352,False
59199,RIVERSIDE BANK OF DUBLIN,2024-06-30,156.05,0.0,0.9943316454452316,False
59199,RIVERSIDE BANK OF DUBLIN,2024-09-30,182.578,0.0,1.145638229273492,False
59203,SCOTTSDALE COMMUNITY BANK,2024-03-31,39.519,0.0,0.11166676418976121,False
59203,SCOTTSDALE COMMUNITY BANK,2024-06-30,39.724,0.0,0.17859287377570127,False
59203,SCOTTSDALE COMMUNITY BANK,2024-09-30,53.027,0.0,0.30332698577022105,False
59204,LEGACY BANK,2024-03-31,47.972,0.0,0.3063789119543361,False
59204,LEGACY BANK,2024-06-30,57.292,1.909,0.6892806239758945,False
59204,LEGACY BANK,2024-09-30,55.383,0.0,0.31840241424693927,False
59205,NELNET BANK,2024-03-31,960.633,0.0,5.301994589227515,False
59205,NELNET BANK,2024-06-30,1033.457,0.0,7.291388557285958,False
59205,NELNET BANK,2024-09-30,1148.466,0.0,6.567253942302979,False
59206,ROCKPOINTBANK NATIONAL ASSN,2024-03-31,207.629,0.0,0.9825014597227543,False
59206,ROCKPOINTBANK NATIONAL ASSN,2024-06-30,233.908,0.0,1.5031232750381525,False
59206,ROCKPOINTBANK NATIONAL ASSN,2024-09-30,246.09,0.0,1.0573228536757129,False
59209,CRAFT BANK,2024-03-31,193.316,0.0,1.128985528994895,False
59209,CRAFT BANK,2024-06-30,212.825,6.158,1.7465335857882636,False
59209,CRAFT BANK,2024-09-30,206.667,0.0,1.0947522053536844,False
59219,CLASSIC CITY BANK,2024-03-31,189.283,0.0,1.5209604751478059,False
59219,CLASSIC CITY BANK,2024-06-30,195.785,0.0,1.957073639819174,False
59219,CLASSIC CITY BANK,2024-09-30,212.135,10.956,1.7585458498806024,False
59239,AGILITY BANK NATIONAL ASSN,2024-03-31,42.599,0.0,0.20152466577116102,False
59239,AGILITY BANK NATIONAL ASSN,2024-06-30,46.653,0.0,0.2786655870222263,False
59239,AGILITY BANK NATIONAL ASSN,2024-09-30,52.777,0.0,0.1602570334435639,False
59245,GENESIS BANK,2024-03-31,134.674,0.929,0.8042706526000727,False
59245,GENESIS BANK,2024-06-30,133.745,0.0,1.1403748825427162,False
59245,GENESIS BANK,2024-09-30,141.653,10.565,0.9441468595659703,False
59249,FIRST BANK OF CENTRAL OHIO,2024-03-31,118.932,0.0,0.4924868110558108,False
59249,FIRST BANK OF CENTRAL OHIO,2024-06-30,132.08,0.0,0.7731401624675925,False
59249,FIRST BANK OF CENTRAL OHIO,2024-09-30,147.667,0.0,0.6000628394035824,False
59257,CLIMATE FIRST BANK,2024-03-31,554.232,0.0,3.0279112133143866,False
59257,CLIMATE FIRST BANK,2024-06-30,620.887,0.0,3.8911775074099877,False
59257,CLIMATE FIRST BANK,2024-09-30,781.865,0.0,4.0318662970895955,False
59262,INTEGRITY BANK FOR BUSINESS,2024-03-31,57.666,3.917,0.5899392257610537,False
59262,INTEGRITY BANK FOR BUSINESS,2024-06-30,53.749,0.0,0.6974710283125148,False
59262,INTEGRITY BANK FOR BUSINESS,2024-09-30,54.122,0.0,0.47526956770439194,False
59265,WATERFALL BANK,2024-03-31,154.973,0.0,0.5157874948185738,False
59265,WATERFALL BANK,2024-06-30,188.147,0.0,1.1453292670675812,False
59265,WATERFALL BANK,2024-09-30,221.41,0.0,0.9183573650600512,False
59273,GAINEY BUSINESS BANK,2024-03-31,34.667,5.638,0.034743478367679985,False
59273,GAINEY BUSINESS BANK,2024-06-30,29.029,0.0,0.0,False
59273,GAINEY BUSINESS BANK,2024-09-30,31.399,0.0,0.01757554680597982,False
59278,LOCALITY BANK,2024-03-31,170.029,0.0,1.3228950937028325,False
59278,LOCALITY BANK,2024-06-30,199.598,0.0,2.053406699539712,False
59278,LOCALITY BANK,2024-09-30,224.352,0.0,1.3843915708234695,False
59281,GULF COAST BUSINESS BANK,2024-03-31,68.004,0.0,0.2934639527385998,False
59281,GULF COAST BUSINESS BANK,2024-06-30,73.841,0.0,0.5014471533615329,False
59281,GULF COAST BUSINESS BANK,2024-09-30,84.699,0.0,0.48166275098596056,False
59283,INTEGRO BANK,2024-03-31,43.075,0.0,0.07717442912210234,False
59283,INTEGRO BANK,2024-06-30,47.917,0.0,0.13256706515871272,False
59283,INTEGRO BANK,2024-09-30,76.657,0.0,0.283198015555724,False
59285,MOULTRIE BANK&TRUST,2024-03-31,71.783,0.0,1.3668225974883441,False
59285,MOULTRIE BANK&TRUST,2024-06-30,83.276,1.183,2.435087946640414,False
59285,MOULTRIE BANK&TRUST,2024-09-30,82.093,0.0,1.9761470199143152,False
59287,ENTREBANK,2024-03-31,194.934,0.0,0.7678390308320302,False
59287,ENTREBANK,2024-06-30,233.608,0.0,1.8609361060225482,False
59287,ENTREBANK,2024-09-30,297.103,0.0,2.337947688125606,False
59289,WALDEN MUTUAL BANK,2024-03-31,74.106,0.0,0.40437872514151635,False
59289,WALDEN MUTUAL BANK,2024-06-30,86.145,0.0,0.6363872705586434,False
59289,WALDEN MUTUAL BANK,2024-09-30,102.833,0.0,0.5849208589587258,False
59290,BEACH CITIES COMMERCIAL BANK,2024-03-31,41.014,0.0,0.24292198988260016,False
59290,BEACH CITIES COMMERCIAL BANK,2024-06-30,61.338,0.0,0.4173177736015602,False
59290,BEACH CITIES COMMERCIAL BANK,2024-09-30,75.823,0.0,0.3781306252964455,False
59292,ADELPHI BANK,2024-03-31,28.32,0.0,0.007011964917939547,False
59292,ADELPHI BANK,2024-06-30,30.601,0.0,0.02521166649061728,False
59292,ADELPHI BANK,2024-09-30,42.24,0.0,0.0972699123263517,False
59296,BANK IRVINE,2024-03-31,138.487,0.0,0.823929001532336,False
59296,BANK IRVINE,2024-06-30,161.049,0.0,1.45066814745615,False
59296,BANK IRVINE,2024-09-30,183.865,1.535,1.071807326847057,False
59298,BANK OF BURLINGTON,2024-03-31,142.779,0.0,0.9878078556017691,False
59298,BANK OF BURLINGTON,2024-06-30,191.471,0.0,2.2672893709132347,False
59298,BANK OF BURLINGTON,2024-09-30,230.108,0.0,2.0138461423295717,False
59304,TEXAS TRADITIONS BANK,2024-03-31,188.398,0.0,1.653506927595041,False
59304,TEXAS TRADITIONS BANK,2024-06-30,197.503,0.0,1.7620460191831138,False
59304,TEXAS TRADITIONS BANK,2024-09-30,207.169,0.0,0.9785539220988573,False
59305,COMMUNITY UNITY BANK,2024-03-31,12.121,0.0,0.0,False
59305,COMMUNITY UNITY BANK,2024-06-30,23.772,0.0,0.041217731442899974,False
59305,COMMUNITY UNITY BANK,2024-09-30,27.26,0.0,0.026536569227730147,False
59306,EVERMORE BANK,2024-03-31,97.11,0.0,0.7410671582410797,False
59306,EVERMORE BANK,2024-06-30,139.971,0.0,1.9663791630560765,False
59306,EVERMORE BANK,2024-09-30,144.872,0.0,1.303793197119234,False
59312,GS&L MUNICIPAL BANK,2024-03-31,25.62,8.193,0.10900618864598957,False
59312,GS&L MUNICIPAL BANK,2024-06-30,17.427,0.0,0.0,False
59312,GS&L MUNICIPAL BANK,2024-09-30,21.414,0.367,0.04044018394681794,False
59314,ICON BUSINESS BANK,2024-03-31,20.745,0.0,0.0,False
59314,ICON BUSINESS BANK,2024-06-30,35.284,0.0,0.1131380187719879,False
59314,ICON BUSINESS BANK,2024-09-30,57.912,0.0,0.22216383923014804,False
59318,ZENITH BANK&TRUST,2024-03-31,42.945,3.479,1.7024106274647857,False
59318,ZENITH BANK&TRUST,2024-06-30,39.466,0.0,1.632386123350533,False
59318,ZENITH BANK&TRUST,2024-09-30,41.932,0.0,1.249663640807032,False
59324,NAVE BANK,2024-03-31,79.243,0.0,1.9229866527059725,False
59324,NAVE BANK,2024-06-30,102.079,0.0,4.030002874782001,False
59324,NAVE BANK,2024-09-30,108.518,0.0,2.0010464509971055,False
59326,NOVA BANK,2024-09-30,10.037,0.0,0.0,False
90040,HOME LOAN STATE BANK,2024-03-31,173.532,0.0,1.3223333211782222,False
90040,HOME LOAN STATE BANK,2024-06-30,175.203,0.0,1.7886596948655185,False
90040,HOME LOAN STATE BANK,2024-09-30,185.415,0.0,1.540824992642768,False
90140,ADAMS COMMUNITY BANK,2024-03-31,812.7,4.005,3.315290591504931,False
90140,ADAMS COMMUNITY BANK,2024-06-30,808.695,9.36,4.439210549409422,False
90140,ADAMS COMMUNITY BANK,2024-09-30,799.335,0.0,3.026762154916232,False
90141,BANKPROV,2024-03-31,1350.138,67.484,6.092215889663402,False
90141,BANKPROV,2024-06-30,1282.654,0.0,7.646887223671816,False
90141,BANKPROV,2024-09-30,1306.475,0.0,5.023703142159551,False
90146,ATHOL SAVINGS BANK,2024-03-31,509.134,0.0,2.676164581528039,False
90146,ATHOL SAVINGS BANK,2024-06-30,511.138,0.0,3.541292175393751,False
90146,ATHOL SAVINGS BANK,2024-09-30,525.132,3.158,2.786971574459023,False
90169,BLUESTONE BANK,2024-03-31,1215.864,0.0,5.501432470840364,False
90169,BLUESTONE BANK,2024-06-30,1222.532,0.0,7.056824892913517,False
90169,BLUESTONE BANK,2024-09-30,1316.666,45.868,5.4817407670431235,False
90173,EAST CAMBRIDGE SAVINGS BANK,2024-03-31,1290.418,24.599,5.14394791398843,False
90173,EAST CAMBRIDGE SAVINGS BANK,2024-06-30,1265.819,0.0,6.681132157936126,False
90173,EAST CAMBRIDGE SAVINGS BANK,2024-09-30,1277.311,0.0,4.807642374498052,False
90175,BANK OF CANTON,2024-03-31,659.254,5.179,3.4724480760809966,False
90175,BANK OF CANTON,2024-06-30,654.075,26.992,4.496601884137744,False
90175,BANK OF CANTON,2024-09-30,627.083,8.177,2.9511692078602167,False
90181,CLINTON SAVINGS BANK,2024-03-31,581.453,0.0,2.7555596647832443,False
90181,CLINTON SAVINGS BANK,2024-06-30,592.285,0.0,3.856772276732673,False
90181,CLINTON SAVINGS BANK,2024-09-30,592.718,0.0,2.737254658516185,False
90183,MIDDLESEX SAVINGS BANK,2024-03-31,4984.437,0.0,21.43032164607101,True
90183,MIDDLESEX SAVINGS BANK,2024-06-30,5048.424,0.0,26.566394421418273,True
90183,MIDDLESEX SAVINGS BANK,2024-09-30,5152.786,0.0,19.082638226632152,True
90188,BANKESB,2024-03-31,1611.983,0.0,6.634064118258242,False
90188,BANKESB,2024-06-30,1699.399,11.799,9.178086732693115,False
90188,BANKESB,2024-09-30,1687.6,9.841,5.879643755067917,False
90190,MARTHAS VINEYARD BANK,2024-03-31,1053.704,30.094,3.927571865666452,False
90190,MARTHAS VINEYARD BANK,2024-06-30,1023.61,0.0,5.335163913205453,False
90190,MARTHAS VINEYARD BANK,2024-09-30,1046.828,15.083,3.6830901873889434,False
90191,EAGLE BANK,2024-03-31,551.909,24.867,2.561966531775093,False
90191,EAGLE BANK,2024-06-30,527.042,0.0,3.165148447828923,False
90191,EAGLE BANK,2024-09-30,544.469,9.089,2.2301099193093736,False
90196,BAYCOAST BANK,2024-03-31,2415.196,26.78,8.772656270837047,False
90196,BAYCOAST BANK,2024-06-30,2388.416,0.0,11.764747341096067,False
90196,BAYCOAST BANK,2024-09-30,2404.524,64.18,8.414013927421713,False
90203,CAPE ANN SAVINGS BANK,2024-03-31,742.071,0.0,3.191837706171682,False
90203,CAPE ANN SAVINGS BANK,2024-06-30,743.155,0.0,4.249126110270592,False
90203,CAPE ANN SAVINGS BANK,2024-09-30,761.125,6.312,3.166029357993898,False
90206,GREENFIELD SAVINGS BANK,2024-03-31,1012.341,0.0,4.133048686005053,False
90206,GREENFIELD SAVINGS BANK,2024-06-30,1039.118,14.796,5.714399317956943,False
90206,GREENFIELD SAVINGS BANK,2024-09-30,1024.322,0.0,3.7866432828546635,False
90208,PENTUCKET BANK,2024-03-31,803.498,15.629,3.3182231324551568,False
90208,PENTUCKET BANK,2024-06-30,787.869,0.0,4.4501652095354975,False
90208,PENTUCKET BANK,2024-09-30,834.546,0.0,3.3150448343550334,False
90211,HINGHAM INST FOR SVG,2024-03-31,2407.321,0.0,9.091769031659217,False
90211,HINGHAM INST FOR SVG,2024-06-30,2433.603,0.0,12.35476130767623,False
90211,HINGHAM INST FOR SVG,2024-09-30,2476.155,0.0,8.655099677601163,False
90213,PEOPLESBANK,2024-03-31,3434.37,0.0,11.729572768660548,True
90213,PEOPLESBANK,2024-06-30,3625.766,0.0,17.62879103800697,True
90213,PEOPLESBANK,2024-09-30,3654.512,290.491,11.597675286609165,True
90215,AVIDIA BANK,2024-03-31,2014.889,0.0,7.629527170836402,False
90215,AVIDIA BANK,2024-06-30,2035.303,0.0,10.413850297369452,False
90215,AVIDIA BANK,2024-09-30,2054.896,0.0,7.122044763171329,False
90227,LOWELL FIVE CENT SB,2024-03-31,1419.027,0.0,6.159421432061601,False
90227,LOWELL FIVE CENT SB,2024-06-30,1452.157,34.465,8.787103746654866,False
90227,LOWELL FIVE CENT SB,2024-09-30,1417.692,0.0,5.407232414236171,False
90229,WASHINGTON SAVINGS BANK,2024-03-31,230.123,0.875,1.070454344241809,False
90229,WASHINGTON SAVINGS BANK,2024-06-30,229.248,0.0,1.476739838539043,False
90229,WASHINGTON SAVINGS BANK,2024-09-30,229.401,0.0,1.035703213142098,False
90234,MARBLEHEAD BANK,2024-03-31,226.752,0.0,1.2318271019296358,False
90234,MARBLEHEAD BANK,2024-06-30,236.352,10.548,1.835433106822224,False
90234,MARBLEHEAD BANK,2024-09-30,225.804,0.0,1.098226809934232,False
90235,MAIN STREET BANK,2024-03-31,1377.194,21.168,5.411157540060704,False
90235,MAIN STREET BANK,2024-06-30,1356.026,65.598,6.964031614886663,False
90235,MAIN STREET BANK,2024-09-30,1290.428,0.0,4.645510372659101,False
90245,MONSON SAVINGS BANK,2024-03-31,605.437,0.0,2.681161750792668,False
90245,MONSON SAVINGS BANK,2024-06-30,644.463,0.0,4.367023634594363,False
90245,MONSON SAVINGS BANK,2024-09-30,648.964,8.363,3.1216042911230066,False
90250,INSTITUTION SVG NEWBURYPORT&,2024-03-31,3133.088,0.0,10.564207967390162,True
90250,INSTITUTION SVG NEWBURYPORT&,2024-06-30,3136.572,3.154,14.540594440575283,True
90250,INSTITUTION SVG NEWBURYPORT&,2024-09-30,3133.418,0.0,10.064180510772351,True
90251,NEWBURYPORT FIVE CENTS SB,2024-03-31,1224.001,0.0,4.668629767557923,False
90251,NEWBURYPORT FIVE CENTS SB,2024-06-30,1272.771,0.0,6.606624312134773,False
90251,NEWBURYPORT FIVE CENTS SB,2024-09-30,1321.558,0.145,4.953805625933063,False
90253,MOUNTAINONE BANK,2024-03-31,764.37,2.767,3.1885783727548502,False
90253,MOUNTAINONE BANK,2024-06-30,761.603,1.572,4.150741771242197,False
90253,MOUNTAINONE BANK,2024-09-30,760.031,0.247,3.1549684524197352,False
90258,NORTH BROOKFIELD SB,2024-03-31,362.015,4.686,1.8987149941819559,False
90258,NORTH BROOKFIELD SB,2024-06-30,357.329,0.0,2.5413493519668435,False
90258,NORTH BROOKFIELD SB,2024-09-30,358.697,0.0,1.7912046854667776,False
90259,NORTH EASTON SAVINGS BANK,2024-03-31,1411.263,0.0,5.8627643076472555,False
90259,NORTH EASTON SAVINGS BANK,2024-06-30,1431.565,0.0,7.960291962781112,False
90259,NORTH EASTON SAVINGS BANK,2024-09-30,1436.058,0.0,5.547319479641347,False
90268,SEAMENS BANK,2024-03-31,388.637,0.874,2.1266499053727106,False
90268,SEAMENS BANK,2024-06-30,387.763,0.0,2.588845000482822,False
90268,SEAMENS BANK,2024-09-30,425.604,12.236,2.4528574653415465,False
90282,CORNERSTONE BANK,2024-03-31,1301.761,21.503,5.242210088972683,False
90282,CORNERSTONE BANK,2024-06-30,1280.258,0.0,7.039577623095186,False
90282,CORNERSTONE BANK,2024-09-30,1287.671,0.0,5.077964493859175,False
90290,UNIBANK FOR SAVINGS,2024-03-31,2263.908,0.0,9.91691584407723,True
90290,UNIBANK FOR SAVINGS,2024-06-30,2398.542,203.153,15.034609616287623,True
90290,UNIBANK FOR SAVINGS,2024-09-30,2195.389,73.531,8.279694441144198,False
90291,SAVINGS BANK,2024-03-31,727.563,17.668,3.7045499406846525,False
90291,SAVINGS BANK,2024-06-30,709.895,5.851,4.38651007215686,False
90291,SAVINGS BANK,2024-09-30,704.044,0.0,3.0928179624127705,False
90297,WEBSTER FIVE CENTS SB,2024-03-31,962.378,0.0,3.9840831394302345,False
90297,WEBSTER FIVE CENTS SB,2024-06-30,968.316,0.0,5.369218223765544,False
90297,WEBSTER FIVE CENTS SB,2024-09-30,975.538,0.0,3.7930457039090624,False
90300,WESTFIELD BANK,2024-03-31,2147.346,0.0,7.732116372949998,False
90300,WESTFIELD BANK,2024-06-30,2175.169,0.0,10.860908516633197,False
90300,WESTFIELD BANK,2024-09-30,2226.013,0.0,7.774530869803022,False
90303,SOUTH SHORE BANK,2024-03-31,1938.548,7.576,8.659807093135624,False
90303,SOUTH SHORE BANK,2024-06-30,1930.972,0.0,11.155250560151472,False
90303,SOUTH SHORE BANK,2024-09-30,1972.102,0.0,8.304428491538534,False
90308,WINCHESTER SAVINGS BANK,2024-03-31,608.887,0.0,2.7923723628980346,False
90308,WINCHESTER SAVINGS BANK,2024-06-30,637.397,0.0,3.9579086694280776,False
90308,WINCHESTER SAVINGS BANK,2024-09-30,644.342,0.0,2.7191508763776273,False
90311,BAY STATE SAVINGS BANK,2024-03-31,481.339,0.0,2.319284532621391,False
90311,BAY STATE SAVINGS BANK,2024-06-30,491.452,3.372,3.4474585988592414,False
90311,BAY STATE SAVINGS BANK,2024-09-30,488.08,0.0,2.4941459467241778,False
90384,BANK OF LANDISBURG,2024-03-31,326.831,2.611,1.7607275992222369,False
90384,BANK OF LANDISBURG,2024-06-30,324.22,0.0,2.228835859496272,False
90384,BANK OF LANDISBURG,2024-09-30,339.061,1.354,1.7693393203981083,False
91005,5STAR BANK,2024-03-31,316.727,0.0,1.4973772173974242,False
91005,5STAR BANK,2024-06-30,316.748,17.601,2.0146794283960516,False
91005,5STAR BANK,2024-09-30,299.147,0.0,1.1099497470723405,False
91280,BANK OF LITTLE ROCK,2024-03-31,257.575,8.381,1.7638561205409409,False
91280,BANK OF LITTLE ROCK,2024-06-30,249.194,0.971,2.2336459175570686,False
91280,BANK OF LITTLE ROCK,2024-09-30,248.223,0.0,1.5806207628431979,False
