CERT,date,DEPDOM,target_date,Prediction
14,2024-03-31,190845000,2024-06-30,-0.04222984015903877
14,2024-06-30,179519000,2024-09-30,-0.01418912722658541
14,2024-09-30,182432000,2024-12-31,-0.017320786945988636
35,2024-03-31,900850,2024-06-30,-0.004329955191370425
35,2024-06-30,947493,2024-09-30,0.028374878026172494
35,2024-09-30,902761,2024-12-31,0.020192890303315274
39,2024-03-31,414927,2024-06-30,0.017177426296321557
39,2024-06-30,417790,2024-09-30,0.022417211144389212
39,2024-09-30,414388,2024-12-31,0.0335248037327297
41,2024-03-31,276535,2024-06-30,0.0068877249144275975
41,2024-06-30,273966,2024-09-30,0.018354220962185735
41,2024-09-30,280279,2024-12-31,0.029664600668227296
49,2024-03-31,67944,2024-06-30,0.0015098305002695014
49,2024-06-30,67850,2024-09-30,0.009049759122158241
49,2024-09-30,68811,2024-12-31,0.010862044319300877
50,2024-03-31,181741,2024-06-30,0.018677718504850324
50,2024-06-30,188135,2024-09-30,0.022257300771465847
50,2024-09-30,188930,2024-12-31,0.020863539147346954
51,2024-03-31,277398,2024-06-30,0.03813940740556644
51,2024-06-30,279396,2024-09-30,0.030811862095010516
51,2024-09-30,298472,2024-12-31,0.022435768594033137
52,2024-03-31,269241,2024-06-30,0.04170098690265863
52,2024-06-30,227954,2024-09-30,0.016378188322144882
52,2024-09-30,229797,2024-12-31,0.028340679398703918
54,2024-03-31,324626,2024-06-30,0.005593330048940809
54,2024-06-30,328413,2024-09-30,0.016007431838096855
54,2024-09-30,324623,2024-12-31,0.01589823555531896
58,2024-03-31,1008343,2024-06-30,0.02577560277763598
58,2024-06-30,1005866,2024-09-30,0.03802055087359025
58,2024-09-30,1154084,2024-12-31,0.02254438140869036
70,2024-03-31,86306,2024-06-30,0.030518699889615458
70,2024-06-30,87671,2024-09-30,0.041837845546475884
70,2024-09-30,88137,2024-12-31,0.03185115555508337
72,2024-03-31,549647,2024-06-30,0.012142780189200291
72,2024-06-30,568260,2024-09-30,0.04698945991358307
72,2024-09-30,619857,2024-12-31,0.015304092067502275
77,2024-03-31,166093,2024-06-30,0.007817725643843788
77,2024-06-30,160583,2024-09-30,0.0035437641145998865
77,2024-09-30,162233,2024-12-31,0.0006440635626230116
81,2024-03-31,115967,2024-06-30,0.00024832621940250815
81,2024-06-30,115211,2024-09-30,0.006080444933252073
81,2024-09-30,118874,2024-12-31,0.009027213048427393
88,2024-03-31,762841,2024-06-30,0.014070018804319465
88,2024-06-30,758658,2024-09-30,0.02311143223421476
88,2024-09-30,799400,2024-12-31,0.03877087066195812
89,2024-03-31,1013636,2024-06-30,0.010690617372191607
89,2024-06-30,1018556,2024-09-30,0.02074304919956196
89,2024-09-30,1039252,2024-12-31,0.017657576283172775
90,2024-03-31,232271,2024-06-30,0.0025441854827363357
90,2024-06-30,337665,2024-09-30,-0.04178802773194739
90,2024-09-30,335448,2024-12-31,-0.000513396912130463
93,2024-03-31,51784,2024-06-30,0.002191998857854729
93,2024-06-30,50553,2024-09-30,0.011347371403657042
93,2024-09-30,51018,2024-12-31,0.008157045149626207
99,2024-03-31,137568,2024-06-30,0.01421473637810543
99,2024-06-30,137906,2024-09-30,0.02597118250385887
99,2024-09-30,145605,2024-12-31,0.006761465608343016
105,2024-03-31,153456,2024-06-30,0.023787157185124953
105,2024-06-30,156973,2024-09-30,0.01976596733267195
105,2024-09-30,155068,2024-12-31,0.025827375663781297
107,2024-03-31,44785,2024-06-30,0.012622238949504474
107,2024-06-30,44769,2024-09-30,0.011783077910333678
107,2024-09-30,45663,2024-12-31,-3.494571557797457e-05
109,2024-03-31,268970,2024-06-30,0.013552575081425664
109,2024-06-30,266360,2024-09-30,0.0075271280713538145
109,2024-09-30,268048,2024-12-31,0.018871739891697655
110,2024-03-31,29406070,2024-06-30,0.08280035838921719
110,2024-06-30,29943663,2024-09-30,0.0491732363832435
110,2024-09-30,30571613,2024-12-31,0.040178534673331115
131,2024-03-31,12020707,2024-06-30,0.008287132878584489
131,2024-06-30,12120841,2024-09-30,0.0042962453829146815
131,2024-09-30,12249580,2024-12-31,0.008559207577393224
147,2024-03-31,323272,2024-06-30,0.007423543081393948
147,2024-06-30,311760,2024-09-30,0.009844471799403006
147,2024-09-30,313569,2024-12-31,0.00844532199291431
148,2024-03-31,372669,2024-06-30,0.021094876732376575
148,2024-06-30,371625,2024-09-30,0.03045929409578875
148,2024-09-30,371974,2024-12-31,0.030587768251964752
149,2024-03-31,109602,2024-06-30,-0.02239563289399076
149,2024-06-30,108591,2024-09-30,-0.025748771616376984
149,2024-09-30,106325,2024-12-31,-0.02026510287260095
155,2024-03-31,211434,2024-06-30,0.00041782984735389087
155,2024-06-30,203157,2024-09-30,0.011338782412901958
155,2024-09-30,202245,2024-12-31,0.023436574800178342
160,2024-03-31,330529,2024-06-30,0.011919565348699455
160,2024-06-30,318712,2024-09-30,0.004387610303503593
160,2024-09-30,318692,2024-12-31,0.011933861577646273
169,2024-03-31,329097,2024-06-30,-0.012446084474477648
169,2024-06-30,323570,2024-09-30,0.0008837222072276294
169,2024-09-30,312901,2024-12-31,0.001029118950808003
170,2024-03-31,161986,2024-06-30,0.018239143542025653
170,2024-06-30,162368,2024-09-30,0.03610453486162834
170,2024-09-30,167261,2024-12-31,0.03712146977381032
172,2024-03-31,1898426,2024-06-30,-0.008544785911002745
172,2024-06-30,1879115,2024-09-30,0.0008133324865859814
172,2024-09-30,1829411,2024-12-31,0.008643603333483789
175,2024-03-31,377124,2024-06-30,0.027133943447583
175,2024-06-30,382397,2024-09-30,0.04328827208611269
175,2024-09-30,383538,2024-12-31,0.06676170115783969
178,2024-03-31,50413,2024-06-30,0.0011474540792255072
178,2024-06-30,50426,2024-09-30,-0.0023127077582500363
178,2024-09-30,46459,2024-12-31,-0.007416730357741271
183,2024-03-31,115941,2024-06-30,0.003244383087918943
183,2024-06-30,122458,2024-09-30,-0.007667234301771684
183,2024-09-30,117731,2024-12-31,-0.0011615425712039234
197,2024-03-31,358251,2024-06-30,0.00752205238512832
197,2024-06-30,359725,2024-09-30,0.005881832871615217
197,2024-09-30,363496,2024-12-31,0.006322226887688616
210,2024-03-31,237142,2024-06-30,0.009199137335753537
210,2024-06-30,240793,2024-09-30,0.009654771215984898
210,2024-09-30,246895,2024-12-31,0.014003683533697794
214,2024-03-31,489516,2024-06-30,0.028859581335154597
214,2024-06-30,489380,2024-09-30,0.03454888931327688
214,2024-09-30,492521,2024-12-31,0.03832011067107646
226,2024-03-31,209059,2024-06-30,0.04135894210743727
226,2024-06-30,209064,2024-09-30,0.038776986366104944
226,2024-09-30,210623,2024-12-31,0.036318845174393495
228,2024-03-31,1130523,2024-06-30,0.004001517546491298
228,2024-06-30,1125833,2024-09-30,0.017512853531975736
228,2024-09-30,1192743,2024-12-31,0.025907171513474093
230,2024-03-31,285714,2024-06-30,0.003003265021592409
230,2024-06-30,276826,2024-09-30,0.0144366544596236
230,2024-09-30,278673,2024-12-31,0.024340087300057982
231,2024-03-31,249961,2024-06-30,0.031106781360997742
231,2024-06-30,252170,2024-09-30,0.028211028363904284
231,2024-09-30,258190,2024-12-31,0.02888362739284843
232,2024-03-31,93919,2024-06-30,0.012098125973942692
232,2024-06-30,95664,2024-09-30,0.016392175727245335
232,2024-09-30,90359,2024-12-31,0.011985358663602716
234,2024-03-31,85429,2024-06-30,-0.02716424532549147
234,2024-06-30,79626,2024-09-30,0.024826160018617687
234,2024-09-30,90730,2024-12-31,-0.07074271483793954
235,2024-03-31,305152,2024-06-30,0.07623793394940657
235,2024-06-30,290437,2024-09-30,0.06416420645125866
235,2024-09-30,282314,2024-12-31,0.06667866383133784
245,2024-03-31,415660,2024-06-30,0.023521159013633518
245,2024-06-30,398591,2024-09-30,0.008099566974915342
245,2024-09-30,401730,2024-12-31,0.016345916078290116
248,2024-03-31,169193,2024-06-30,0.01628462498216977
248,2024-06-30,165447,2024-09-30,0.00570859270972721
248,2024-09-30,170386,2024-12-31,0.01053159648584436
251,2024-03-31,67644,2024-06-30,-0.023987110865320176
251,2024-06-30,64448,2024-09-30,-0.006506496773675503
251,2024-09-30,55202,2024-12-31,0.05819682652566554
252,2024-03-31,260011,2024-06-30,-0.015819977084182646
252,2024-06-30,253786,2024-09-30,-0.008863415104565753
252,2024-09-30,254469,2024-12-31,-0.009303963507375293
253,2024-03-31,1818028,2024-06-30,0.036091143006638106
253,2024-06-30,1752933,2024-09-30,0.04295950893011206
253,2024-09-30,1746714,2024-12-31,0.039312295466237684
254,2024-03-31,251189,2024-06-30,0.002695841662146958
254,2024-06-30,239423,2024-09-30,0.008398939379757284
254,2024-09-30,247334,2024-12-31,-0.002194604624088371
258,2024-03-31,6613540,2024-06-30,0.019569874675465386
258,2024-06-30,6570369,2024-09-30,0.02467786602817581
258,2024-09-30,6726823,2024-12-31,0.04261422801464828
262,2024-03-31,174857,2024-06-30,-0.0048679026642498915
262,2024-06-30,182769,2024-09-30,0.014188243348363857
262,2024-09-30,206661,2024-12-31,0.03434163754250606
267,2024-03-31,226791,2024-06-30,0.02695004609654186
267,2024-06-30,229825,2024-09-30,0.03240609651740358
267,2024-09-30,233587,2024-12-31,0.02960468970790785
275,2024-03-31,295574,2024-06-30,0.01834948646849041
275,2024-06-30,297566,2024-09-30,0.017564986310865685
275,2024-09-30,309366,2024-12-31,0.023546672192069785
281,2024-03-31,129944,2024-06-30,0.005019908902100584
281,2024-06-30,129840,2024-09-30,0.008706724267767297
281,2024-09-30,134605,2024-12-31,-0.002546165315838186
284,2024-03-31,118528,2024-06-30,0.01623869519826077
284,2024-06-30,119657,2024-09-30,0.008638410491418497
284,2024-09-30,120872,2024-12-31,0.017419649492251214
287,2024-03-31,1252650,2024-06-30,0.011862564408331732
287,2024-06-30,1241088,2024-09-30,0.023552200559995566
287,2024-09-30,1265816,2024-12-31,0.02587618871205992
288,2024-03-31,58845,2024-06-30,0.007467410037563886
288,2024-06-30,60249,2024-09-30,0.00813011094967778
288,2024-09-30,58202,2024-12-31,0.01072193396431367
289,2024-03-31,212355,2024-06-30,0.040091738409700726
289,2024-06-30,214697,2024-09-30,0.04621077284401386
289,2024-09-30,209715,2024-12-31,0.04420896626535841
291,2024-03-31,109968,2024-06-30,0.007478679268179177
291,2024-06-30,109459,2024-09-30,0.004666225169766533
291,2024-09-30,109723,2024-12-31,0.004903891448656813
292,2024-03-31,925503,2024-06-30,0.012111714478991292
292,2024-06-30,917854,2024-09-30,0.015252759315340082
292,2024-09-30,916250,2024-12-31,0.02792586187826458
296,2024-03-31,240000,2024-06-30,0.0031264065338593248
296,2024-06-30,239879,2024-09-30,0.009324315059022427
296,2024-09-30,242394,2024-12-31,0.01447703502566945
297,2024-03-31,152475,2024-06-30,0.008307796311444798
297,2024-06-30,157040,2024-09-30,0.010349515146593843
297,2024-09-30,161365,2024-12-31,0.009051435444162845
303,2024-03-31,359520,2024-06-30,0.0025239450419612948
303,2024-06-30,352042,2024-09-30,-0.009274531626261587
303,2024-09-30,362579,2024-12-31,-0.0015046451283636322
304,2024-03-31,55430,2024-06-30,-0.0015160298829477818
304,2024-06-30,54199,2024-09-30,0.011433207507543546
304,2024-09-30,56390,2024-12-31,0.003774265516799564
306,2024-03-31,364133,2024-06-30,0.016485658251715062
306,2024-06-30,363853,2024-09-30,0.02085499088482598
306,2024-09-30,357551,2024-12-31,0.0012145571530725648
307,2024-03-31,189061,2024-06-30,0.02727331359529913
307,2024-06-30,183332,2024-09-30,0.012601277644239715
307,2024-09-30,179212,2024-12-31,0.011719358034230971
314,2024-03-31,43640,2024-06-30,0.010407559644053503
314,2024-06-30,41970,2024-09-30,0.01576630126279532
314,2024-09-30,41661,2024-12-31,0.008263969103495387
321,2024-03-31,129268,2024-06-30,0.012377198527356878
321,2024-06-30,127391,2024-09-30,-0.0012200073885893666
321,2024-09-30,126921,2024-12-31,-0.013357039609858973
324,2024-03-31,394090,2024-06-30,0.0014935902199619184
324,2024-06-30,396489,2024-09-30,0.002421616089040136
324,2024-09-30,416791,2024-12-31,-0.006786237385222504
327,2024-03-31,159456,2024-06-30,-0.017783943736533588
327,2024-06-30,155456,2024-09-30,-0.016920498411255352
327,2024-09-30,176923,2024-12-31,0.039312478157040164
340,2024-03-31,811592,2024-06-30,-0.03984041147681405
340,2024-06-30,675843,2024-09-30,0.04641954743646516
340,2024-09-30,666984,2024-12-31,0.01624009702938314
342,2024-03-31,600142,2024-06-30,0.015412167102456093
342,2024-06-30,606268,2024-09-30,0.03704212967405974
342,2024-09-30,619724,2024-12-31,0.03657796750908018
352,2024-03-31,141443,2024-06-30,-0.05160734317732941
352,2024-06-30,139956,2024-09-30,-0.04238059722125906
352,2024-09-30,135311,2024-12-31,-0.015291948244720646
358,2024-03-31,38051,2024-06-30,0.005507032282725789
358,2024-06-30,37539,2024-09-30,0.00948197539180831
358,2024-09-30,37757,2024-12-31,0.01174904377085649
363,2024-03-31,421057,2024-06-30,0.004361936291253744
363,2024-06-30,426742,2024-09-30,0.02119177160423157
363,2024-09-30,430387,2024-12-31,0.026885000801067333
384,2024-03-31,1156756,2024-06-30,0.010578451247873228
384,2024-06-30,1184261,2024-09-30,0.01397570371339645
384,2024-09-30,1267331,2024-12-31,0.009586979958498486
389,2024-03-31,54229,2024-06-30,-0.0018214514616887167
389,2024-06-30,54482,2024-09-30,0.0007982362776230522
389,2024-09-30,49009,2024-12-31,0.010412322718766196
399,2024-03-31,24181,2024-06-30,0.006010199032698304
399,2024-06-30,24121,2024-09-30,0.010745473351817941
399,2024-09-30,25437,2024-12-31,0.002648907839181727
402,2024-03-31,277466,2024-06-30,0.03501555742832376
402,2024-06-30,269168,2024-09-30,0.04332488392223193
402,2024-09-30,272768,2024-12-31,0.04631785364868715
404,2024-03-31,168454,2024-06-30,0.005679094962871322
404,2024-06-30,169879,2024-09-30,0.005868155910120081
404,2024-09-30,168535,2024-12-31,0.01092448824239458
406,2024-03-31,96021,2024-06-30,-0.004586844567446398
406,2024-06-30,99062,2024-09-30,0.0022634622691747124
406,2024-09-30,97305,2024-12-31,-0.006945633166291978
414,2024-03-31,258551,2024-06-30,0.007471620122340889
414,2024-06-30,245178,2024-09-30,0.016614792108039234
414,2024-09-30,241053,2024-12-31,0.018885876100655702
418,2024-03-31,157164,2024-06-30,0.03120222393626388
418,2024-06-30,150310,2024-09-30,0.05298695602189399
418,2024-09-30,159926,2024-12-31,0.03616706806452503
420,2024-03-31,29927,2024-06-30,0.018537783021799824
420,2024-06-30,28957,2024-09-30,0.006842021504086327
420,2024-09-30,29292,2024-12-31,0.004867663845799574
421,2024-03-31,227488,2024-06-30,0.0349239136071857
421,2024-06-30,227035,2024-09-30,0.01626080809387829
421,2024-09-30,222863,2024-12-31,0.026052702064548423
428,2024-03-31,81876,2024-06-30,-0.0001312066815976681
428,2024-06-30,82236,2024-09-30,-0.0047883033321944575
428,2024-09-30,78180,2024-12-31,0.004874899016206013
432,2024-03-31,116189,2024-06-30,-0.001194290801427227
432,2024-06-30,113847,2024-09-30,-0.005724840431244849
432,2024-09-30,114585,2024-12-31,-0.008583701223744659
444,2024-03-31,471151,2024-06-30,0.013482534738482238
444,2024-06-30,481344,2024-09-30,0.019784260685319778
444,2024-09-30,487886,2024-12-31,0.017832938312093236
445,2024-03-31,491019,2024-06-30,0.005835736522637991
445,2024-06-30,494581,2024-09-30,0.01789679375645652
445,2024-09-30,499856,2024-12-31,0.016441270025756117
485,2024-03-31,274773,2024-06-30,0.008449901954371153
485,2024-06-30,271058,2024-09-30,-0.007094028694379456
485,2024-09-30,263187,2024-12-31,-0.0015167989076054701
492,2024-03-31,66668,2024-06-30,0.0067236649153610255
492,2024-06-30,67401,2024-09-30,0.00675444129720118
492,2024-09-30,63810,2024-12-31,0.016873179838532683
496,2024-03-31,242350,2024-06-30,-0.001972353193882838
496,2024-06-30,244774,2024-09-30,-0.010563946000589373
496,2024-09-30,264234,2024-12-31,0.023888292434595525
501,2024-03-31,118226,2024-06-30,0.02164943078534883
501,2024-06-30,121871,2024-09-30,0.008749638803864564
501,2024-09-30,130228,2024-12-31,-0.007240310517664075
505,2024-03-31,113376,2024-06-30,-0.022801668479538083
505,2024-06-30,113466,2024-09-30,-0.030221378707794858
505,2024-09-30,120247,2024-12-31,-0.007708669364623737
526,2024-03-31,25686,2024-06-30,0.04310260043113047
526,2024-06-30,25915,2024-09-30,0.03375894069550351
526,2024-09-30,26809,2024-12-31,0.009928291712394725
529,2024-03-31,187049,2024-06-30,-0.0006235781204950134
529,2024-06-30,183792,2024-09-30,-0.004786310067084292
529,2024-09-30,183444,2024-12-31,0.010604851723458496
588,2024-03-31,170491317,2024-06-30,-0.004796788512197197
588,2024-06-30,163689914,2024-09-30,-0.0045024745711475436
588,2024-09-30,167630859,2024-12-31,0.007556795484982281
597,2024-03-31,2488372,2024-06-30,0.024807607704473048
597,2024-06-30,2421997,2024-09-30,0.030471784681232142
597,2024-09-30,2456740,2024-12-31,0.019809895762898395
609,2024-03-31,6476162,2024-06-30,0.015775764270832358
609,2024-06-30,6323593,2024-09-30,0.010310058307496121
609,2024-09-30,6616031,2024-12-31,0.026811309942029248
618,2024-03-31,265185,2024-06-30,-0.0005291022844205527
618,2024-06-30,257796,2024-09-30,0.0005445870069677926
618,2024-09-30,264902,2024-12-31,0.0025903486515448464
622,2024-03-31,7347804,2024-06-30,0.02902408215746063
622,2024-06-30,7478989,2024-09-30,0.026805931128415308
622,2024-09-30,7616985,2024-12-31,0.00927123925949607
623,2024-03-31,26750000,2024-06-30,-0.024537135725155635
623,2024-06-30,27997000,2024-09-30,-0.017533337800629756
623,2024-09-30,27432000,2024-12-31,-0.009422121587462742
628,2024-03-31,2061107000,2024-06-30,0.013281821469820087
628,2024-06-30,2008751000,2024-09-30,0.01735242032576
628,2024-09-30,2032340000,2024-12-31,0.012314138458940672
639,2024-03-31,212250000,2024-06-30,-0.024944917347836666
639,2024-06-30,202091000,2024-09-30,0.0011420282804441436
639,2024-09-30,195220000,2024-12-31,0.014864716790085363
659,2024-03-31,5415139,2024-06-30,0.007381025370834771
659,2024-06-30,5150319,2024-09-30,0.03525777435772967
659,2024-09-30,5324628,2024-12-31,0.01858083978170457
660,2024-03-31,1414733,2024-06-30,-0.0013843642599511822
660,2024-06-30,1388285,2024-09-30,0.01561766087091262
660,2024-09-30,1428908,2024-12-31,0.014485705427739437
686,2024-03-31,1214472,2024-06-30,-0.04014191790589667
686,2024-06-30,1266624,2024-09-30,-0.014738143507013336
686,2024-09-30,1291424,2024-12-31,0.020718202115059373
698,2024-03-31,1840606,2024-06-30,0.04912835197495897
698,2024-06-30,1811865,2024-09-30,0.04486943384547092
698,2024-09-30,1857281,2024-12-31,0.05761008273312059
713,2024-03-31,2709396,2024-06-30,0.03367623191205051
713,2024-06-30,2714804,2024-09-30,0.04197731990591835
713,2024-09-30,4666890,2024-12-31,0.09176073836377426
737,2024-03-31,222579,2024-06-30,0.03675252614619142
737,2024-06-30,228739,2024-09-30,0.026745196462059712
737,2024-09-30,237006,2024-12-31,0.02730399414573929
763,2024-03-31,647812,2024-06-30,0.005830003197917592
763,2024-06-30,658942,2024-09-30,0.017587923943372705
763,2024-09-30,657401,2024-12-31,0.017223167909783406
769,2024-03-31,399976,2024-06-30,0.0019469957124616782
769,2024-06-30,403524,2024-09-30,-0.0014912225017449901
769,2024-09-30,402531,2024-12-31,-0.004195248283012375
803,2024-03-31,13732310,2024-06-30,0.03333144431552296
803,2024-06-30,13651212,2024-09-30,0.04518390560733918
803,2024-09-30,14240160,2024-12-31,0.048946894739619676
823,2024-03-31,488964,2024-06-30,-0.005176347556727234
823,2024-06-30,483960,2024-09-30,-0.003959995630443698
823,2024-09-30,467049,2024-12-31,-0.011281518509725365
845,2024-03-31,274591,2024-06-30,0.007852621742699056
845,2024-06-30,275186,2024-09-30,0.011977067131654607
845,2024-09-30,270275,2024-12-31,0.010778157874090066
847,2024-03-31,68740,2024-06-30,-0.00491574461228782
847,2024-06-30,66691,2024-09-30,-0.008040366060373337
847,2024-09-30,67237,2024-12-31,0.004223404759910071
855,2024-03-31,103385,2024-06-30,0.008672808229928787
855,2024-06-30,102993,2024-09-30,0.009434371895601824
855,2024-09-30,108015,2024-12-31,0.010136653644876191
861,2024-03-31,320136,2024-06-30,-0.02247434086400918
861,2024-06-30,317046,2024-09-30,-0.012997991284279508
861,2024-09-30,320555,2024-12-31,0.008978470297197918
872,2024-03-31,223924,2024-06-30,-0.003347258874256697
872,2024-06-30,212049,2024-09-30,0.00322331910659049
872,2024-09-30,207096,2024-12-31,0.004629782983657853
873,2024-03-31,51179997,2024-06-30,0.03566787445212892
873,2024-06-30,50744903,2024-09-30,0.05183513518890436
873,2024-09-30,50697977,2024-12-31,0.04203468134509173
876,2024-03-31,125317,2024-06-30,-0.0022691951891485023
876,2024-06-30,125684,2024-09-30,-0.009900794604330992
876,2024-09-30,130950,2024-12-31,-0.01947923061960636
877,2024-03-31,175381,2024-06-30,-0.0016841376656658866
877,2024-06-30,173089,2024-09-30,0.004608643571136478
877,2024-09-30,167889,2024-12-31,-0.01519839084009407
879,2024-03-31,152308,2024-06-30,0.0029745989800284054
879,2024-06-30,147592,2024-09-30,0.005608400146405319
879,2024-09-30,149894,2024-12-31,0.014843296573790314
889,2024-03-31,183393,2024-06-30,0.003198007196630066
889,2024-06-30,184175,2024-09-30,0.03343059266371437
889,2024-09-30,187640,2024-12-31,0.03064695767517249
893,2024-03-31,670706,2024-06-30,0.013237088842220492
893,2024-06-30,686415,2024-09-30,0.014968123635952797
893,2024-09-30,670143,2024-12-31,0.01354495858335771
898,2024-03-31,226457,2024-06-30,0.008200213365909662
898,2024-06-30,225013,2024-09-30,0.015515367727789494
898,2024-09-30,228088,2024-12-31,0.01649042748231566
899,2024-03-31,82173,2024-06-30,-0.0009621281025363455
899,2024-06-30,76909,2024-09-30,0.007426470754595538
899,2024-09-30,82105,2024-12-31,-0.01946918683236559
902,2024-03-31,314692,2024-06-30,0.011121887964820176
902,2024-06-30,328819,2024-09-30,0.008726384242174768
902,2024-09-30,334831,2024-12-31,-0.0054667411235159
903,2024-03-31,959734,2024-06-30,-0.032607443687060735
903,2024-06-30,1023709,2024-09-30,-0.07310917064965584
903,2024-09-30,984809,2024-12-31,-0.006649369329167561
913,2024-03-31,49223919,2024-06-30,-0.05905999103699496
913,2024-06-30,48160674,2024-09-30,-0.043478565741383375
913,2024-09-30,44869342,2024-12-31,-0.034835199334453164
925,2024-03-31,94050,2024-06-30,0.0025104759853751737
925,2024-06-30,93372,2024-09-30,-0.0019401618437116176
925,2024-09-30,96836,2024-12-31,0.0003785011452084663
926,2024-03-31,493757,2024-06-30,0.048805506408315165
926,2024-06-30,500311,2024-09-30,0.04841053948471927
926,2024-09-30,513061,2024-12-31,0.03478280055300434
931,2024-03-31,52761,2024-06-30,0.014213456779569143
931,2024-06-30,48365,2024-09-30,0.04698679026360325
931,2024-09-30,47952,2024-12-31,0.03451716699949019
950,2024-03-31,346097,2024-06-30,0.0033341476322916322
950,2024-06-30,335148,2024-09-30,-0.0002958671909634346
950,2024-09-30,346644,2024-12-31,0.003986027598246096
951,2024-03-31,216884,2024-06-30,0.005357769669245213
951,2024-06-30,211958,2024-09-30,0.005688140511982137
951,2024-09-30,217276,2024-12-31,0.002352165318597512
953,2024-03-31,5144374,2024-06-30,-0.01261158178793413
953,2024-06-30,5149640,2024-09-30,0.008743026670056735
953,2024-09-30,5268707,2024-12-31,0.010571031885461078
954,2024-03-31,215883,2024-06-30,-0.014698792752966393
954,2024-06-30,219716,2024-09-30,-0.013430482295462948
954,2024-09-30,211080,2024-12-31,-6.568940248785286e-05
955,2024-03-31,424266,2024-06-30,-0.02401358878564438
955,2024-06-30,416118,2024-09-30,0.012695480791954095
955,2024-09-30,423520,2024-12-31,0.024524012957597707
956,2024-03-31,293270,2024-06-30,0.0029130436591626257
956,2024-06-30,271672,2024-09-30,0.02605746930133667
956,2024-09-30,286063,2024-12-31,0.008716565722936935
958,2024-03-31,1885354,2024-06-30,0.02402072229383861
958,2024-06-30,1849956,2024-09-30,0.014687779941634808
958,2024-09-30,1896695,2024-12-31,0.021863168740025397
963,2024-03-31,241217,2024-06-30,0.007392841928756333
963,2024-06-30,235212,2024-09-30,0.005866730185755159
963,2024-09-30,243100,2024-12-31,-0.004192332155257102
966,2024-03-31,41532,2024-06-30,0.024968308950803403
966,2024-06-30,46704,2024-09-30,-0.013249616085207132
966,2024-09-30,46113,2024-12-31,-0.007876277049274004
968,2024-03-31,259537,2024-06-30,-0.0005470351649335776
968,2024-06-30,241862,2024-09-30,0.02509900112404391
968,2024-09-30,259114,2024-12-31,-0.00596110349691804
969,2024-03-31,133195,2024-06-30,-0.007779589010050385
969,2024-06-30,133549,2024-09-30,0.005034152819693551
969,2024-09-30,132312,2024-12-31,0.0011767285581239294
976,2024-03-31,104681,2024-06-30,-0.0028902213487653917
976,2024-06-30,102995,2024-09-30,-0.004489404074516309
976,2024-09-30,102179,2024-12-31,-0.0007154073132846884
977,2024-03-31,480115,2024-06-30,0.02520177012106371
977,2024-06-30,483856,2024-09-30,0.028349226033169556
977,2024-09-30,496271,2024-12-31,0.018276510212595257
982,2024-03-31,471712,2024-06-30,0.0008331030297654664
982,2024-06-30,462843,2024-09-30,0.007944929000014339
982,2024-09-30,499149,2024-12-31,0.019344905565613146
983,2024-03-31,64859000,2024-06-30,-0.018484735999932334
983,2024-06-30,63611000,2024-09-30,-0.014989821912080977
983,2024-09-30,64250000,2024-12-31,-0.002795888525828139
999,2024-03-31,114985,2024-06-30,0.02003197388377611
999,2024-06-30,91523,2024-09-30,-0.0017357021710317317
999,2024-09-30,93285,2024-12-31,0.04670659721875602
1005,2024-03-31,1796752,2024-06-30,0.010211292231263661
1005,2024-06-30,1754172,2024-09-30,0.012289261699732438
1005,2024-09-30,1815520,2024-12-31,0.008627617933492532
1008,2024-03-31,96746,2024-06-30,0.01500094553683429
1008,2024-06-30,106164,2024-09-30,0.02211271495990431
1008,2024-09-30,111121,2024-12-31,0.013160570659282665
1014,2024-03-31,2198207,2024-06-30,0.09462707697729367
1014,2024-06-30,2131382,2024-09-30,0.1391280015154501
1014,2024-09-30,2245330,2024-12-31,0.11325615955410889
1022,2024-03-31,279360,2024-06-30,-0.004732394207506303
1022,2024-06-30,270248,2024-09-30,-0.008256964960523845
1022,2024-09-30,259202,2024-12-31,-0.0006877732093784207
1027,2024-03-31,370730,2024-06-30,0.029090657235849214
1027,2024-06-30,371812,2024-09-30,0.02691041458836017
1027,2024-09-30,391388,2024-12-31,0.046819399206775955
1028,2024-03-31,218883,2024-06-30,0.016183394202974606
1028,2024-06-30,221198,2024-09-30,0.012817502490814198
1028,2024-09-30,221892,2024-12-31,0.01066418497270953
1040,2024-03-31,6329349,2024-06-30,0.039714996669333
1040,2024-06-30,6124643,2024-09-30,0.05223064590815886
1040,2024-09-30,6262217,2024-12-31,0.0405185442082361
1047,2024-03-31,418524,2024-06-30,0.0029559463557757674
1047,2024-06-30,498457,2024-09-30,0.0028016238461850422
1047,2024-09-30,493214,2024-12-31,0.026380544291511487
1049,2024-03-31,213379,2024-06-30,-0.033792745196235596
1049,2024-06-30,208116,2024-09-30,-0.003627237258638512
1049,2024-09-30,216140,2024-12-31,-0.02261401550591078
1058,2024-03-31,2267728,2024-06-30,0.011727638625444703
1058,2024-06-30,2319210,2024-09-30,0.008269138898651496
1058,2024-09-30,2286540,2024-12-31,0.01090628885685143
1060,2024-03-31,1055662,2024-06-30,0.030012008166509528
1060,2024-06-30,1053326,2024-09-30,0.02995100047255259
1060,2024-09-30,1067955,2024-12-31,0.03438764325784059
1068,2024-03-31,1148528,2024-06-30,0.011497497470165981
1068,2024-06-30,1101207,2024-09-30,0.007733811274293142
1068,2024-09-30,1121426,2024-12-31,0.0005306210132531876
1073,2024-03-31,667176,2024-06-30,0.025304341302615913
1073,2024-06-30,664887,2024-09-30,0.04445804485946348
1073,2024-09-30,679721,2024-12-31,0.056203381405643175
1086,2024-03-31,258200,2024-06-30,0.0019826644748392255
1086,2024-06-30,266073,2024-09-30,-0.0012345816948888969
1086,2024-09-30,263328,2024-12-31,0.0053814202577929515
1090,2024-03-31,260160,2024-06-30,0.012672144787970125
1090,2024-06-30,267898,2024-09-30,0.005789281621927243
1090,2024-09-30,272107,2024-12-31,0.0049136160223976905
1092,2024-03-31,136503,2024-06-30,0.012095110117137561
1092,2024-06-30,136610,2024-09-30,0.01393297068427499
1092,2024-09-30,136739,2024-12-31,0.017282538453465283
1095,2024-03-31,421135,2024-06-30,0.02026957123401099
1095,2024-06-30,420554,2024-09-30,0.02770167999452347
1095,2024-09-30,434971,2024-12-31,0.02343754463847873
1098,2024-03-31,79548,2024-06-30,0.00012197704250287497
1098,2024-06-30,77934,2024-09-30,0.006865998778847534
1098,2024-09-30,74738,2024-12-31,6.544609979955035e-05
1100,2024-03-31,314348,2024-06-30,0.026544217748361403
1100,2024-06-30,326818,2024-09-30,0.02189232577131196
1100,2024-09-30,344216,2024-12-31,0.010726574731575775
1105,2024-03-31,23080700,2024-06-30,0.040375596206950186
1105,2024-06-30,23144335,2024-09-30,0.03414063243423923
1105,2024-09-30,23140174,2024-12-31,0.014479556283867153
1117,2024-03-31,1557525,2024-06-30,0.014744879428393788
1117,2024-06-30,1532327,2024-09-30,0.008450803539575261
1117,2024-09-30,1630751,2024-12-31,0.027318193968425827
1118,2024-03-31,124377,2024-06-30,0.0052694050016519195
1118,2024-06-30,121825,2024-09-30,-0.0026680440210998537
1118,2024-09-30,118134,2024-12-31,-0.013429140320419595
1122,2024-03-31,571665,2024-06-30,-0.003424368800635758
1122,2024-06-30,562305,2024-09-30,0.01179038932948715
1122,2024-09-30,562988,2024-12-31,0.02210366296741745
1125,2024-03-31,173938,2024-06-30,0.006961843248702828
1125,2024-06-30,176772,2024-09-30,0.009242352066179828
1125,2024-09-30,173453,2024-12-31,0.001703384787613927
1141,2024-03-31,160781,2024-06-30,-0.0039630050859029015
1141,2024-06-30,165072,2024-09-30,0.015572640944004146
1141,2024-09-30,182221,2024-12-31,0.008804311688682695
1147,2024-03-31,448453,2024-06-30,0.001668593458403878
1147,2024-06-30,438384,2024-09-30,-0.0010152164568691055
1147,2024-09-30,438063,2024-12-31,0.005170805513326504
1150,2024-03-31,133245,2024-06-30,0.01838311976192541
1150,2024-06-30,127032,2024-09-30,0.00977408412503362
1150,2024-09-30,124308,2024-12-31,0.01709968120633681
1163,2024-03-31,97226,2024-06-30,0.019658301308312497
1163,2024-06-30,97626,2024-09-30,0.015959007700268722
1163,2024-09-30,95658,2024-12-31,0.007868907567807008
1164,2024-03-31,691847,2024-06-30,-0.0048684609744779
1164,2024-06-30,692386,2024-09-30,0.006556915344589865
1164,2024-09-30,691376,2024-12-31,0.008758224398385726
1165,2024-03-31,118236,2024-06-30,-0.005167777838130467
1165,2024-06-30,116975,2024-09-30,-0.007187274033621285
1165,2024-09-30,114855,2024-12-31,0.007867703945853689
1167,2024-03-31,236106,2024-06-30,0.027398455420505605
1167,2024-06-30,220600,2024-09-30,0.026383396168521176
1167,2024-09-30,207404,2024-12-31,0.015321725836622956
1169,2024-03-31,217140,2024-06-30,-0.007548242873557909
1169,2024-06-30,212193,2024-09-30,0.0046557950833033416
1169,2024-09-30,211309,2024-12-31,0.015207454978414834
1184,2024-03-31,492014,2024-06-30,0.001111404408359347
1184,2024-06-30,482384,2024-09-30,0.007218181204043089
1184,2024-09-30,481222,2024-12-31,0.013204742604433549
1198,2024-03-31,264888,2024-06-30,0.0029111084899945397
1198,2024-06-30,260431,2024-09-30,0.004586713547765663
1198,2024-09-30,253093,2024-12-31,0.00698208847607856
1208,2024-03-31,2637746,2024-06-30,0.012026404139261341
1208,2024-06-30,2626799,2024-09-30,0.01660066855814627
1208,2024-09-30,2675733,2024-12-31,0.012560109441628553
1209,2024-03-31,1299207,2024-06-30,0.035585138600753144
1209,2024-06-30,1301780,2024-09-30,0.03714714860345596
1209,2024-09-30,1336458,2024-12-31,0.03523169809419157
1210,2024-03-31,1980760,2024-06-30,0.029828298229562664
1210,2024-06-30,1945539,2024-09-30,0.04151960516005618
1210,2024-09-30,2118406,2024-12-31,0.034844571697856104
1213,2024-03-31,1167366,2024-06-30,0.09586426052693167
1213,2024-06-30,1335498,2024-09-30,0.09228705922958177
1213,2024-09-30,1581313,2024-12-31,0.1643333504329398
1218,2024-03-31,163650,2024-06-30,0.0013076427723337032
1218,2024-06-30,159779,2024-09-30,0.0033831369284241446
1218,2024-09-30,155528,2024-12-31,0.015257873489516868
1219,2024-03-31,518993,2024-06-30,0.010975914068050895
1219,2024-06-30,518322,2024-09-30,0.013574301427625918
1219,2024-09-30,530548,2024-12-31,0.023066941038386104
1225,2024-03-31,8597629,2024-06-30,0.00020899758096258353
1225,2024-06-30,8813285,2024-09-30,0.017315235937613943
1225,2024-09-30,8771794,2024-12-31,0.013262243709718506
1237,2024-03-31,319316,2024-06-30,-0.0026473473687994285
1237,2024-06-30,319838,2024-09-30,0.01883051409565231
1237,2024-09-30,327857,2024-12-31,0.023824464061309617
1265,2024-03-31,1784838,2024-06-30,0.0030699322279774065
1265,2024-06-30,1772472,2024-09-30,0.012608505482777043
1265,2024-09-30,1824986,2024-12-31,0.02969677211828848
1281,2024-03-31,7990445,2024-06-30,-0.008191847773826337
1281,2024-06-30,7984153,2024-09-30,0.012565574512760963
1281,2024-09-30,8663700,2024-12-31,0.0555225894776938
1291,2024-03-31,2497602,2024-06-30,0.00039204411925129187
1291,2024-06-30,2593324,2024-09-30,0.009264410557874542
1291,2024-09-30,2552640,2024-12-31,-0.009716067554384637
1294,2024-03-31,612866,2024-06-30,0.018652516951878244
1294,2024-06-30,631562,2024-09-30,0.01218232441869471
1294,2024-09-30,682559,2024-12-31,0.023049669950000472
1296,2024-03-31,249398,2024-06-30,0.020484206163909717
1296,2024-06-30,248467,2024-09-30,0.010374934003929956
1296,2024-09-30,243245,2024-12-31,0.004922095609837105
1299,2024-03-31,1120308,2024-06-30,0.024858330503144455
1299,2024-06-30,1142680,2024-09-30,0.03093386735344631
1299,2024-09-30,1180823,2024-12-31,0.02924391883723144
1331,2024-03-31,4962013,2024-06-30,0.023556267756222393
1331,2024-06-30,4600442,2024-09-30,0.026359018208344822
1331,2024-09-30,4712269,2024-12-31,0.028863125003570283
1365,2024-03-31,894909,2024-06-30,0.050417447584605465
1365,2024-06-30,894736,2024-09-30,0.042210955417479455
1365,2024-09-30,884264,2024-12-31,0.05154969645621438
1373,2024-03-31,918631,2024-06-30,-0.013803041340727676
1373,2024-06-30,976805,2024-09-30,0.006429685373556357
1373,2024-09-30,1068300,2024-12-31,0.005922863747143308
1374,2024-03-31,66391,2024-06-30,-0.04220620416065238
1374,2024-06-30,65172,2024-09-30,-0.03815597995317637
1374,2024-09-30,60228,2024-12-31,0.12639846600668794
1376,2024-03-31,389761,2024-06-30,-0.006144543178850061
1376,2024-06-30,382019,2024-09-30,0.009003000054295636
1376,2024-09-30,398326,2024-12-31,0.013737890320915087
1380,2024-03-31,130423,2024-06-30,0.015400424455678007
1380,2024-06-30,135515,2024-09-30,0.007503561152703249
1380,2024-09-30,135283,2024-12-31,-0.003625604871230086
1386,2024-03-31,42194,2024-06-30,0.03912535707553796
1386,2024-06-30,41412,2024-09-30,0.059898266460893475
1391,2024-03-31,59193,2024-06-30,-0.0011540345979807764
1391,2024-06-30,58082,2024-09-30,-0.003047022447919052
1391,2024-09-30,54413,2024-12-31,-0.0175065082096535
1399,2024-03-31,2897379,2024-06-30,0.02559168408113834
1399,2024-06-30,2935382,2024-09-30,0.04580065798677445
1399,2024-09-30,2977454,2024-12-31,0.052342468411672526
1402,2024-03-31,1318025,2024-06-30,0.0015617081651475857
1402,2024-06-30,1327095,2024-09-30,0.003839427180412341
1402,2024-09-30,1310850,2024-12-31,0.011874599815148469
1409,2024-03-31,350444,2024-06-30,0.009769295424893142
1409,2024-06-30,350013,2024-09-30,0.012659898275234994
1409,2024-09-30,366589,2024-12-31,0.010596563786433123
1413,2024-03-31,132410,2024-06-30,0.001717895861828583
1413,2024-06-30,130345,2024-09-30,-0.0012326045213358217
1413,2024-09-30,127696,2024-12-31,0.01266656752307303
1415,2024-03-31,122305,2024-06-30,0.0011634541247545528
1415,2024-06-30,122127,2024-09-30,-0.00314745742451193
1415,2024-09-30,125044,2024-12-31,0.006180387084108327
1417,2024-03-31,320645,2024-06-30,0.015146556428266579
1417,2024-06-30,312385,2024-09-30,0.04749157161312777
1417,2024-09-30,320054,2024-12-31,0.02640920782395663
1418,2024-03-31,193949,2024-06-30,0.006520126870521266
1418,2024-06-30,192858,2024-09-30,0.0038705658566210136
1418,2024-09-30,189375,2024-12-31,0.004557507325279921
1426,2024-03-31,643464,2024-06-30,-0.007854889871202569
1426,2024-06-30,619759,2024-09-30,0.0052913356964724425
1426,2024-09-30,626834,2024-12-31,0.00433455765578525
1427,2024-03-31,76965,2024-06-30,0.007356121588506047
1427,2024-06-30,74643,2024-09-30,0.001756609952922372
1427,2024-09-30,71713,2024-12-31,0.0017288269867643392
1434,2024-03-31,186764,2024-06-30,0.006244836151100909
1434,2024-06-30,188666,2024-09-30,-0.0023107864919298714
1434,2024-09-30,183199,2024-12-31,-0.00012510171913912175
1435,2024-03-31,1132295,2024-06-30,0.026099487002895466
1435,2024-06-30,1138061,2024-09-30,0.023202992708887378
1435,2024-09-30,1172494,2024-12-31,0.018704624866959965
1438,2024-03-31,92396,2024-06-30,0.005437198011430769
1438,2024-06-30,92797,2024-09-30,0.00457077354895026
1438,2024-09-30,91232,2024-12-31,0.0022357069476748475
1439,2024-03-31,81317,2024-06-30,0.036922090239868095
1439,2024-06-30,117523,2024-09-30,-0.12323805881055658
1439,2024-09-30,103186,2024-12-31,-0.04723352637894547
1464,2024-03-31,214122,2024-06-30,0.018457182743742653
1464,2024-06-30,215308,2024-09-30,0.027788051618966032
1464,2024-09-30,214851,2024-12-31,0.02480678099831911
1468,2024-03-31,251927,2024-06-30,-0.002545198428148129
1468,2024-06-30,247766,2024-09-30,0.014207096375272663
1468,2024-09-30,248436,2024-12-31,0.030621033552470114
1475,2024-03-31,132513,2024-06-30,0.05246447334890529
1475,2024-06-30,132832,2024-09-30,0.03886233806304976
1475,2024-09-30,133794,2024-12-31,0.03748547134582074
1484,2024-03-31,481248,2024-06-30,0.028921282808009985
1484,2024-06-30,496774,2024-09-30,0.038452059752800215
1484,2024-09-30,495556,2024-12-31,0.03873739317135537
1487,2024-03-31,1567086,2024-06-30,-0.013222097892026672
1487,2024-06-30,1524081,2024-09-30,-0.009506453674589363
1487,2024-09-30,1603675,2024-12-31,0.024163498150505402
1497,2024-03-31,796559,2024-06-30,0.0006621537707582168
1497,2024-06-30,793751,2024-09-30,0.004362075160013543
1497,2024-09-30,776116,2024-12-31,0.025504671578269952
1513,2024-03-31,502577,2024-06-30,0.03017050650926978
1513,2024-06-30,510251,2024-09-30,0.03394704660561432
1513,2024-09-30,514576,2024-12-31,0.030421532614287886
1527,2024-03-31,741232,2024-06-30,0.002767082356801633
1527,2024-06-30,730242,2024-09-30,0.015977104046043966
1527,2024-09-30,741100,2024-12-31,0.019660254883746692
1528,2024-03-31,2020021,2024-06-30,0.007552989681197966
1528,2024-06-30,2014032,2024-09-30,0.020458288384796634
1528,2024-09-30,2100968,2024-12-31,0.02784577309969778
1536,2024-03-31,3606804,2024-06-30,-0.0031927767296198034
1536,2024-06-30,3523674,2024-09-30,0.010110440088637478
1536,2024-09-30,3498147,2024-12-31,0.02205237328000936
1545,2024-03-31,936347,2024-06-30,0.005287891784695024
1545,2024-06-30,935488,2024-09-30,0.003481758817384781
1545,2024-09-30,904967,2024-12-31,0.0131410576008706
1547,2024-03-31,153687,2024-06-30,-0.010813611276791292
1547,2024-06-30,150410,2024-09-30,-0.015574457261032336
1547,2024-09-30,150731,2024-12-31,-0.007036099015503585
1550,2024-03-31,372943,2024-06-30,0.0167933086924507
1550,2024-06-30,368183,2024-09-30,0.0273852082210965
1550,2024-09-30,381338,2024-12-31,0.019512208648458478
1552,2024-03-31,1366163,2024-06-30,0.0680353102207964
1552,2024-06-30,1349308,2024-09-30,0.06705106797964765
1552,2024-09-30,1332095,2024-12-31,0.04234741324095802
1553,2024-03-31,494258,2024-06-30,0.03631926027744118
1553,2024-06-30,495754,2024-09-30,0.04354318599408188
1553,2024-09-30,505498,2024-12-31,0.03543733595206433
1556,2024-03-31,70591,2024-06-30,0.04854347874572248
1556,2024-06-30,74007,2024-09-30,0.05319805226590524
1556,2024-09-30,84083,2024-12-31,0.07526366604434528
1562,2024-03-31,155721,2024-06-30,0.05340573234949358
1562,2024-06-30,151482,2024-09-30,0.04100391031137127
1562,2024-09-30,153814,2024-12-31,0.016892588308745855
1566,2024-03-31,112902,2024-06-30,0.0009149636221684997
1566,2024-06-30,109493,2024-09-30,-0.007494496610392053
1566,2024-09-30,106188,2024-12-31,-0.008413770308172539
1596,2024-03-31,524,2024-06-30,-0.02244171034395802
1596,2024-06-30,520,2024-09-30,-0.012513175790893772
1596,2024-09-30,549,2024-12-31,-0.04303215907047285
1600,2024-03-31,78881,2024-06-30,-0.005071951351942025
1600,2024-06-30,71579,2024-09-30,0.024226411786304497
1600,2024-09-30,76900,2024-12-31,-0.023912601765848498
1604,2024-03-31,221076,2024-06-30,0.028097661981779914
1604,2024-06-30,220962,2024-09-30,0.03994660449183721
1604,2024-09-30,230243,2024-12-31,0.03616872022528924
1607,2024-03-31,621594,2024-06-30,0.027208231148297613
1607,2024-06-30,612098,2024-09-30,0.038189853303604505
1607,2024-09-30,638016,2024-12-31,0.03557192822484929
1609,2024-03-31,195072,2024-06-30,-0.008470959060994652
1609,2024-06-30,188246,2024-09-30,-0.002096781465850645
1609,2024-09-30,196211,2024-12-31,0.01559469253949046
1610,2024-03-31,281834,2024-06-30,0.02640428274986049
1610,2024-06-30,286726,2024-09-30,0.026323289608597766
1610,2024-09-30,286095,2024-12-31,0.021181138538822808
1611,2024-03-31,178010,2024-06-30,-0.000874303390075696
1611,2024-06-30,172589,2024-09-30,0.0054265847720396665
1611,2024-09-30,179114,2024-12-31,0.011412156098930403
1612,2024-03-31,63424,2024-06-30,-0.0010508539128894253
1612,2024-06-30,62700,2024-09-30,0.010646935077407452
1612,2024-09-30,63391,2024-12-31,0.004021358899643624
1616,2024-03-31,330689,2024-06-30,0.023337737158919267
1616,2024-06-30,329534,2024-09-30,0.02315503982071687
1616,2024-09-30,351454,2024-12-31,0.030810480971178895
1617,2024-03-31,2430178,2024-06-30,0.04966433482623135
1617,2024-06-30,2528392,2024-09-30,0.03254009835479105
1617,2024-09-30,2513287,2024-12-31,0.05319951854947235
1622,2024-03-31,51647,2024-06-30,0.027041789296699547
1622,2024-06-30,52571,2024-09-30,0.02168355534557959
1622,2024-09-30,51060,2024-12-31,0.018785909442575847
1639,2024-03-31,166819,2024-06-30,0.028300643531566114
1639,2024-06-30,167469,2024-09-30,0.024856670845613774
1639,2024-09-30,164953,2024-12-31,0.020682014645372195
1654,2024-03-31,301428,2024-06-30,0.007918846901085977
1654,2024-06-30,294838,2024-09-30,0.031266023832090824
1654,2024-09-30,292662,2024-12-31,0.11749221303695775
1655,2024-03-31,702169,2024-06-30,0.03731763730564683
1655,2024-06-30,749892,2024-09-30,0.04116984145900951
1655,2024-09-30,775328,2024-12-31,0.037333943691920696
1660,2024-03-31,333766,2024-06-30,0.05008743831984614
1660,2024-06-30,347032,2024-09-30,0.010026631028352256
1660,2024-09-30,337429,2024-12-31,0.18339987863257146
1673,2024-03-31,942109,2024-06-30,0.048314168235452544
1673,2024-06-30,952381,2024-09-30,0.05460142861332272
1673,2024-09-30,993311,2024-12-31,0.053694982529015
1675,2024-03-31,40065,2024-06-30,-0.04980201814837052
1675,2024-06-30,37788,2024-09-30,-0.038295287996396955
1675,2024-09-30,36407,2024-12-31,-0.035452470725543125
1678,2024-03-31,919444,2024-06-30,0.025469286225122127
1678,2024-06-30,955048,2024-09-30,0.029902186233992708
1678,2024-09-30,1013802,2024-12-31,0.03577632146131879
1686,2024-03-31,236758,2024-06-30,0.016061821694938527
1686,2024-06-30,226494,2024-09-30,0.018121036478906484
1686,2024-09-30,222730,2024-12-31,0.010129772662193308
1687,2024-03-31,54000,2024-06-30,-0.005113201805404384
1687,2024-06-30,55674,2024-09-30,0.008552171973609251
1687,2024-09-30,55325,2024-12-31,0.0021072649568406867
1693,2024-03-31,129393,2024-06-30,0.097214486411924
1693,2024-06-30,134662,2024-09-30,0.07475100789018342
1693,2024-09-30,142834,2024-12-31,0.06391978276385582
1696,2024-03-31,717436,2024-06-30,1.6634066119277724e-05
1696,2024-06-30,734964,2024-09-30,0.0054067838074434
1696,2024-09-30,745945,2024-12-31,0.007127676267965879
1700,2024-03-31,589968,2024-06-30,0.008214271736458814
1700,2024-06-30,610292,2024-09-30,0.0036837933096631583
1700,2024-09-30,619223,2024-12-31,0.008279551604997815
1705,2024-03-31,173636,2024-06-30,0.02820521360717556
1705,2024-06-30,171966,2024-09-30,0.02465367397174566
1705,2024-09-30,204875,2024-12-31,0.03276885451746753
1711,2024-03-31,1372621,2024-06-30,0.001043921453487274
1711,2024-06-30,1360210,2024-09-30,-0.0015902024506595153
1711,2024-09-30,1363200,2024-12-31,0.015020272939535591
1713,2024-03-31,195719,2024-06-30,0.013455116455304821
1713,2024-06-30,196612,2024-09-30,0.01627890368575047
1713,2024-09-30,202938,2024-12-31,0.006876286100238232
1715,2024-03-31,537675,2024-06-30,0.005461914033299884
1715,2024-06-30,537305,2024-09-30,0.005263275987827396
1715,2024-09-30,529116,2024-12-31,0.008126414481312016
1720,2024-03-31,635171,2024-06-30,0.01571669087336896
1720,2024-06-30,638755,2024-09-30,0.032106489541500166
1720,2024-09-30,699644,2024-12-31,0.0336159806075825
1730,2024-03-31,102754,2024-06-30,-0.0016271895267647002
1730,2024-06-30,95349,2024-09-30,-0.006788466166923748
1730,2024-09-30,105501,2024-12-31,0.004039475811792478
1735,2024-03-31,256482,2024-06-30,0.005803864812660626
1735,2024-06-30,259149,2024-09-30,-0.0014637737036210313
1735,2024-09-30,257191,2024-12-31,0.012883063253450096
1745,2024-03-31,93448,2024-06-30,0.0009116292018586052
1745,2024-06-30,88371,2024-09-30,0.016744269192983992
1745,2024-09-30,83164,2024-12-31,0.009808216325560188
1753,2024-03-31,283270,2024-06-30,-0.002592018387851463
1753,2024-06-30,272909,2024-09-30,0.005684437157684918
1753,2024-09-30,279337,2024-12-31,0.007181348540251312
1756,2024-03-31,513374,2024-06-30,0.0049100247033941205
1756,2024-06-30,531609,2024-09-30,0.018421737321975665
1756,2024-09-30,561253,2024-12-31,0.013972091101945926
1768,2024-03-31,14166703,2024-06-30,0.15224827399071028
1768,2024-06-30,14104511,2024-09-30,0.1373495943144724
1768,2024-09-30,14112029,2024-12-31,0.1772766488403206
1778,2024-03-31,111439,2024-06-30,0.0060668834296248395
1778,2024-06-30,109543,2024-09-30,0.007430972960060613
1778,2024-09-30,106768,2024-12-31,0.009731079200946947
1779,2024-03-31,187669,2024-06-30,0.022781431236805507
1779,2024-06-30,187695,2024-09-30,0.04324917666441713
1779,2024-09-30,204793,2024-12-31,0.009962196131815353
1780,2024-03-31,316900,2024-06-30,0.004151591244746702
1780,2024-06-30,321208,2024-09-30,0.011266495363040028
1780,2024-09-30,318986,2024-12-31,0.0198531597879448
1781,2024-03-31,175668,2024-06-30,0.0240268147905139
1781,2024-06-30,173007,2024-09-30,0.023606233840944898
1781,2024-09-30,173663,2024-12-31,0.02402957314873494
1786,2024-03-31,528046,2024-06-30,0.11630679980550925
1786,2024-06-30,525454,2024-09-30,0.07274837452663188
1786,2024-09-30,545916,2024-12-31,0.05890027120972082
1808,2024-03-31,430286,2024-06-30,-0.0020275814280086104
1808,2024-06-30,431227,2024-09-30,0.012983073795042351
1808,2024-09-30,411631,2024-12-31,-0.0019316312612863032
1821,2024-03-31,167308,2024-06-30,0.004483709297277004
1821,2024-06-30,160749,2024-09-30,-0.01713873463857289
1821,2024-09-30,156471,2024-12-31,-0.012958081398646314
1829,2024-03-31,49131,2024-06-30,0.0070184228889296355
1829,2024-06-30,48206,2024-09-30,0.010587673387882213
1829,2024-09-30,47701,2024-12-31,0.009805098108490222
1833,2024-03-31,710232,2024-06-30,0.019069682231756844
1833,2024-06-30,738424,2024-09-30,0.02206897071734581
1833,2024-09-30,733460,2024-12-31,0.027477113413333174
1839,2024-03-31,158412,2024-06-30,0.002969611026942845
1839,2024-06-30,162904,2024-09-30,0.006215389691442884
1839,2024-09-30,157860,2024-12-31,0.005249863288441699
1843,2024-03-31,177718,2024-06-30,0.0004962979354182335
1843,2024-06-30,188266,2024-09-30,0.01867704460546717
1843,2024-09-30,178952,2024-12-31,0.01015497695804675
1847,2024-03-31,298293,2024-06-30,0.027889246441414235
1847,2024-06-30,319595,2024-09-30,0.028819909615502803
1847,2024-09-30,320450,2024-12-31,0.03416687739223557
1849,2024-03-31,199416,2024-06-30,0.024000888630015836
1849,2024-06-30,199939,2024-09-30,0.02608459307416023
1849,2024-09-30,205868,2024-12-31,0.00536889667951461
1852,2024-03-31,510228,2024-06-30,0.0033697214296393553
1852,2024-06-30,495164,2024-09-30,0.007090689489008429
1852,2024-09-30,496842,2024-12-31,0.011930026869272201
1857,2024-03-31,341690,2024-06-30,0.0011164138678075432
1857,2024-06-30,330534,2024-09-30,0.008515943191467494
1857,2024-09-30,350058,2024-12-31,0.019182417991606974
1860,2024-03-31,50439,2024-06-30,-0.01096972917832172
1860,2024-06-30,46367,2024-09-30,0.025362157151797505
1860,2024-09-30,47037,2024-12-31,0.006038781669710536
1862,2024-03-31,103464,2024-06-30,0.029579954846031317
1865,2024-03-31,72590,2024-06-30,0.018246773496943123
1865,2024-06-30,71937,2024-09-30,0.014430225387402277
1865,2024-09-30,71101,2024-12-31,0.009624929176439506
1867,2024-03-31,195969,2024-06-30,0.017998634026696297
1867,2024-06-30,196948,2024-09-30,0.01709099608809572
1867,2024-09-30,191421,2024-12-31,0.010360637345897395
1868,2024-03-31,381219,2024-06-30,-0.0033444130855730895
1868,2024-06-30,386821,2024-09-30,-0.002296113498851645
1868,2024-09-30,403303,2024-12-31,0.005063060475590963
1869,2024-03-31,554584,2024-06-30,0.042368829759305365
1869,2024-06-30,534381,2024-09-30,0.05456022890840292
1869,2024-09-30,553422,2024-12-31,0.05625874191751643
1874,2024-03-31,900237,2024-06-30,0.0318128967555557
1874,2024-06-30,899943,2024-09-30,0.03577671771816217
1874,2024-09-30,915589,2024-12-31,0.04221691151408941
1895,2024-03-31,657386,2024-06-30,0.024050182047245242
1895,2024-06-30,652399,2024-09-30,0.030492487586460403
1895,2024-09-30,674799,2024-12-31,0.04168708289345301
1900,2024-03-31,425792,2024-06-30,0.013360670505724391
1900,2024-06-30,412653,2024-09-30,-0.009904698333129255
1900,2024-09-30,404955,2024-12-31,0.003578116103111267
1903,2024-03-31,102174,2024-06-30,0.002997002001645695
1903,2024-06-30,100679,2024-09-30,0.009487914872489766
1903,2024-09-30,102579,2024-12-31,0.006840849987381522
1905,2024-03-31,443975,2024-06-30,0.01612683578332193
1905,2024-06-30,453880,2024-09-30,0.030676284880719818
1905,2024-09-30,445197,2024-12-31,0.03369658232446842
1906,2024-03-31,83802,2024-06-30,0.006416799316615752
1906,2024-06-30,77925,2024-09-30,0.02521012513719006
1906,2024-09-30,76552,2024-12-31,0.023821820879404657
1908,2024-03-31,160852,2024-06-30,0.008482745194809188
1908,2024-06-30,153528,2024-09-30,0.013554771171841179
1908,2024-09-30,154900,2024-12-31,0.012321214412413151
1913,2024-03-31,230643,2024-06-30,0.0016385971047766144
1913,2024-06-30,224132,2024-09-30,0.01194372370258335
1913,2024-09-30,233874,2024-12-31,0.009451983885697348
1929,2024-03-31,67100,2024-06-30,-0.0040316530624771195
1929,2024-06-30,63012,2024-09-30,0.013789209613227648
1929,2024-09-30,60060,2024-12-31,0.021444136618935496
1931,2024-03-31,163512,2024-06-30,0.01299538385016601
1931,2024-06-30,164357,2024-09-30,0.0664880792021773
1931,2024-09-30,163182,2024-12-31,0.06068445706706024
1933,2024-03-31,110373,2024-06-30,0.015108659308168761
1933,2024-06-30,116705,2024-09-30,0.017344873077658054
1933,2024-09-30,117445,2024-12-31,0.004603167984872761
1936,2024-03-31,259180,2024-06-30,-0.0017536295094350974
1936,2024-06-30,250151,2024-09-30,0.0035549723297673462
1936,2024-09-30,254791,2024-12-31,0.009682896013979406
1937,2024-03-31,130636,2024-06-30,0.001230374476046433
1937,2024-06-30,127353,2024-09-30,-0.00182007001730662
1937,2024-09-30,128373,2024-12-31,0.0008223499530573704
1941,2024-03-31,149378,2024-06-30,0.01572331879135544
1941,2024-06-30,151711,2024-09-30,0.011549021782783714
1941,2024-09-30,155085,2024-12-31,0.01663464030062959
1945,2024-03-31,87797,2024-06-30,0.01063655872433695
1945,2024-06-30,87857,2024-09-30,0.020989214513238746
1945,2024-09-30,91612,2024-12-31,0.021078051591934276
1946,2024-03-31,188422,2024-06-30,0.018780507451728764
1946,2024-06-30,198573,2024-09-30,0.01396260089407966
1946,2024-09-30,221222,2024-12-31,0.013599443256896408
1956,2024-03-31,187323,2024-06-30,0.02227728725851405
1956,2024-06-30,187962,2024-09-30,0.022791358372714975
1956,2024-09-30,190877,2024-12-31,0.019505630582718845
1964,2024-03-31,202095,2024-06-30,0.010425623913406255
1964,2024-06-30,216651,2024-09-30,0.013061334320573471
1964,2024-09-30,215499,2024-12-31,0.012683143016424592
1972,2024-03-31,114672,2024-06-30,-0.00016340501348280793
1972,2024-06-30,113902,2024-09-30,-0.010273844685551725
1972,2024-09-30,110819,2024-12-31,-0.009762013889889976
1978,2024-03-31,981994,2024-06-30,-0.02381787839125301
1978,2024-06-30,975020,2024-09-30,-0.01823443467203314
1978,2024-09-30,1006640,2024-12-31,0.007559279890980697
1980,2024-03-31,178628,2024-06-30,0.009123949373266469
1980,2024-06-30,179526,2024-09-30,0.01583932185298678
1980,2024-09-30,183524,2024-12-31,0.01626828062128694
1982,2024-03-31,146518,2024-06-30,-0.0011984337223055518
1982,2024-06-30,147211,2024-09-30,0.0004433095449864717
1982,2024-09-30,153436,2024-12-31,-0.00839572756106316
1983,2024-03-31,147823,2024-06-30,0.002181076598756122
1983,2024-06-30,151161,2024-09-30,0.007589342098706132
1983,2024-09-30,147593,2024-12-31,0.009403583942155734
1986,2024-03-31,49169,2024-06-30,0.015417384688641018
1986,2024-06-30,48317,2024-09-30,0.008630518092450233
1986,2024-09-30,48790,2024-12-31,0.009638009331302393
1992,2024-03-31,213199,2024-06-30,0.008186391923025702
1992,2024-06-30,226535,2024-09-30,0.02556056049717254
1992,2024-09-30,223467,2024-12-31,0.025662355489678844
1993,2024-03-31,62148,2024-06-30,0.029229995563369318
1993,2024-06-30,62307,2024-09-30,0.0139032565634943
1993,2024-09-30,63196,2024-12-31,0.01223240426948367
2036,2024-03-31,796487,2024-06-30,0.0011812243784328164
2036,2024-06-30,768233,2024-09-30,-0.000990316901346741
2036,2024-09-30,763956,2024-12-31,0.007040981156078968
2057,2024-03-31,160146,2024-06-30,-0.008230718007135944
2057,2024-06-30,158847,2024-09-30,-0.009615338706234787
2057,2024-09-30,157025,2024-12-31,0.004572458051412117
2068,2024-03-31,256237,2024-06-30,0.03449455812712076
2068,2024-06-30,255238,2024-09-30,0.03720832949244857
2068,2024-09-30,272808,2024-12-31,0.028722028296719552
2093,2024-03-31,584365,2024-06-30,0.0049504842398458634
2093,2024-06-30,609974,2024-09-30,0.014997399755853588
2093,2024-09-30,607740,2024-12-31,0.010293711824463111
2102,2024-03-31,1505832,2024-06-30,0.0029571888789476797
2102,2024-06-30,1532170,2024-09-30,0.02024706715628515
2102,2024-09-30,1563477,2024-12-31,0.019982731755480362
2107,2024-03-31,253762,2024-06-30,-0.010915097804186064
2107,2024-06-30,257232,2024-09-30,0.015778172812740746
2107,2024-09-30,257357,2024-12-31,0.020013097727135255
2138,2024-03-31,1888716,2024-06-30,0.01200251986290129
2138,2024-06-30,1820747,2024-09-30,0.03021089726793724
2138,2024-09-30,1838904,2024-12-31,0.03815341337610278
2145,2024-03-31,133624,2024-06-30,-0.002899970163857373
2145,2024-06-30,133409,2024-09-30,0.009776150115239485
2145,2024-09-30,133969,2024-12-31,0.016511270485813297
2154,2024-03-31,203811,2024-06-30,-0.0065004484677626375
2154,2024-06-30,187120,2024-09-30,-0.005870699833598972
2154,2024-09-30,186319,2024-12-31,-0.009077361691849953
2157,2024-03-31,89569,2024-06-30,-0.0014897188032284964
2157,2024-06-30,88120,2024-09-30,0.004823618269240176
2157,2024-09-30,85391,2024-12-31,0.011921552393363061
2160,2024-03-31,174575,2024-06-30,0.014212158111569092
2160,2024-06-30,170612,2024-09-30,0.015339509569529003
2160,2024-09-30,169225,2024-12-31,0.031947912691098264
2205,2024-03-31,204210,2024-06-30,-0.005300966695141354
2205,2024-06-30,202666,2024-09-30,-0.004547246987200659
2205,2024-09-30,208888,2024-12-31,0.017757975868472366
2208,2024-03-31,718899,2024-06-30,0.04399423445515321
2208,2024-06-30,705900,2024-09-30,0.023301455886124776
2208,2024-09-30,759571,2024-12-31,0.03458418026118764
2224,2024-03-31,690288,2024-06-30,0.025316779645507725
2224,2024-06-30,685837,2024-09-30,0.031164263581889586
2224,2024-09-30,682370,2024-12-31,0.034250970058394364
2228,2024-03-31,238719,2024-06-30,0.011606223326078623
2228,2024-06-30,239283,2024-09-30,0.02433979247964334
2228,2024-09-30,238355,2024-12-31,0.023549355954982972
2229,2024-03-31,359038,2024-06-30,-0.004230149712371068
2229,2024-06-30,338452,2024-09-30,0.0009886157926045393
2229,2024-09-30,338209,2024-12-31,0.000962957459775576
2232,2024-03-31,1159380,2024-06-30,0.013082600290041472
2232,2024-06-30,1153226,2024-09-30,0.023885979482698046
2232,2024-09-30,1168943,2024-12-31,0.024218762705065094
2240,2024-03-31,1563062,2024-06-30,0.023559266384821434
2240,2024-06-30,1545843,2024-09-30,0.025374954620848617
2240,2024-09-30,1510654,2024-12-31,0.005423761698435828
2241,2024-03-31,786328,2024-06-30,0.011472429597896527
2241,2024-06-30,765913,2024-09-30,0.0206820336213765
2241,2024-09-30,793585,2024-12-31,0.01960589532946677
2244,2024-03-31,333516,2024-06-30,0.005579451456236094
2244,2024-06-30,330846,2024-09-30,0.021824494918911374
2244,2024-09-30,334602,2024-12-31,0.024060348393495558
2247,2024-03-31,158730,2024-06-30,-0.005084019043882658
2247,2024-06-30,160049,2024-09-30,-0.002845460976456072
2247,2024-09-30,162614,2024-12-31,-0.009194316672810208
2249,2024-03-31,249394,2024-06-30,0.021606756494885294
2249,2024-06-30,255282,2024-09-30,0.02285912807318954
2249,2024-09-30,246530,2024-12-31,0.024225417696381597
2270,2024-03-31,74709976,2024-06-30,-0.019323537395721308
2270,2024-06-30,74224024,2024-09-30,-0.0011797336180838216
2270,2024-09-30,75910705,2024-12-31,-0.005059853906269801
2273,2024-03-31,115367,2024-06-30,0.006381907864497153
2273,2024-06-30,113947,2024-09-30,0.01285369098313408
2273,2024-09-30,112196,2024-12-31,-0.00243031922509238
2284,2024-03-31,262979,2024-06-30,0.013902423474412964
2284,2024-06-30,277595,2024-09-30,0.008865205836625822
2284,2024-09-30,283437,2024-12-31,0.01292648485427133
2285,2024-03-31,543065,2024-06-30,0.02292225220260796
2285,2024-06-30,575694,2024-09-30,0.02801201635533472
2285,2024-09-30,599656,2024-12-31,0.020814988762416473
2286,2024-03-31,370659,2024-06-30,0.15941900386637106
2286,2024-06-30,383518,2024-09-30,0.10328385691810515
2286,2024-09-30,383517,2024-12-31,0.052517606055728715
2289,2024-03-31,87811,2024-06-30,0.007859581276895225
2289,2024-06-30,88669,2024-09-30,0.005629361163752623
2290,2024-03-31,235769,2024-06-30,0.0036502204509561227
2290,2024-06-30,234073,2024-09-30,0.0008316996972999571
2290,2024-09-30,231303,2024-12-31,-0.0027851312788873517
2300,2024-03-31,90138,2024-06-30,0.007503473535127111
2300,2024-06-30,85692,2024-09-30,0.015498820082981129
2300,2024-09-30,87769,2024-12-31,0.012169673246887202
2301,2024-03-31,113365,2024-06-30,0.0069742583012845005
2301,2024-06-30,125952,2024-09-30,0.015479413638713725
2301,2024-09-30,125203,2024-12-31,0.018749452943709225
2308,2024-03-31,51923,2024-06-30,0.004387071779966346
2308,2024-06-30,52332,2024-09-30,-0.002344436596376318
2308,2024-09-30,50549,2024-12-31,0.009637774805851738
2315,2024-03-31,2296648,2024-06-30,0.0926749303809823
2315,2024-06-30,2262376,2024-09-30,0.08962433054681486
2315,2024-09-30,2226560,2024-12-31,0.09169831968503357
2317,2024-03-31,93718,2024-06-30,0.15856112797798
2317,2024-06-30,93400,2024-09-30,-0.009363671251384195
2317,2024-09-30,97464,2024-12-31,-0.010874741562583192
2320,2024-03-31,136474,2024-06-30,0.11967919454331481
2320,2024-06-30,134488,2024-09-30,0.12590492483888055
2320,2024-09-30,134173,2024-12-31,0.09626492934129356
2326,2024-03-31,444788,2024-06-30,0.004337082886728943
2326,2024-06-30,456615,2024-09-30,0.000743508285290445
2326,2024-09-30,462441,2024-12-31,0.009608429665493474
2327,2024-03-31,280041,2024-06-30,0.009440769365092706
2327,2024-06-30,292790,2024-09-30,0.02275676592276578
2327,2024-09-30,330589,2024-12-31,0.0582323708766961
2328,2024-03-31,79444,2024-06-30,-0.0042152142472337865
2328,2024-06-30,79564,2024-09-30,-0.00214631322692462
2328,2024-09-30,77618,2024-12-31,0.0004762217816437338
2331,2024-03-31,32309,2024-06-30,-0.041320804311047156
2331,2024-06-30,32412,2024-09-30,-0.04268347233272507
2331,2024-09-30,31729,2024-12-31,-0.04391136648798928
2359,2024-03-31,604514,2024-06-30,0.017190564004365697
2359,2024-06-30,615690,2024-09-30,0.02812472767957159
2359,2024-09-30,622801,2024-12-31,0.02680751491697943
2379,2024-03-31,104171,2024-06-30,0.005022301038396989
2379,2024-06-30,103538,2024-09-30,0.0033484542435638495
2379,2024-09-30,103718,2024-12-31,0.0037452898408123388
2380,2024-03-31,456004,2024-06-30,0.022254225923248803
2380,2024-06-30,452930,2024-09-30,0.023037915845762803
2380,2024-09-30,471823,2024-12-31,0.03285930831104427
2391,2024-03-31,181603,2024-06-30,0.015000986987522726
2391,2024-06-30,179180,2024-09-30,0.0029277065716413484
2391,2024-09-30,179995,2024-12-31,0.00625633388520387
2443,2024-03-31,798442,2024-06-30,0.01880685158419388
2443,2024-06-30,812139,2024-09-30,0.01851500541819521
2443,2024-09-30,811723,2024-12-31,0.0200540250118716
2444,2024-03-31,105239,2024-06-30,0.0016019535253845908
2444,2024-06-30,106061,2024-09-30,0.004745297824164123
2444,2024-09-30,114721,2024-12-31,0.0020416823623611614
2448,2024-03-31,142763,2024-06-30,0.008317173931117802
2448,2024-06-30,143968,2024-09-30,0.00869570619259095
2448,2024-09-30,143006,2024-12-31,0.0113997018709745
2452,2024-03-31,236348,2024-06-30,0.009658076802063131
2452,2024-06-30,231838,2024-09-30,-0.003648793548037679
2452,2024-09-30,238173,2024-12-31,0.016633463381599052
2453,2024-03-31,176323,2024-06-30,0.011798841337085694
2453,2024-06-30,177960,2024-09-30,0.007114223732574738
2453,2024-09-30,178662,2024-12-31,0.011797531776868713
2455,2024-03-31,254598,2024-06-30,0.021831801070890285
2455,2024-06-30,256246,2024-09-30,0.022791635170761586
2455,2024-09-30,263943,2024-12-31,0.018643001642473348
2467,2024-03-31,187993,2024-06-30,0.020036689497105197
2467,2024-06-30,200038,2024-09-30,0.02073021062418899
2467,2024-09-30,193810,2024-12-31,0.02021389363867158
2468,2024-03-31,540435,2024-06-30,-0.003200308276901429
2468,2024-06-30,543789,2024-09-30,0.009844650426668556
2468,2024-09-30,534502,2024-12-31,0.0039875897909065015
2469,2024-03-31,162527,2024-06-30,0.013325589539663006
2469,2024-06-30,159454,2024-09-30,0.015437316272289813
2469,2024-09-30,162146,2024-12-31,0.008370522771337277
2477,2024-03-31,190484,2024-06-30,0.00846936256602602
2477,2024-06-30,191740,2024-09-30,0.0041887432562251895
2477,2024-09-30,194197,2024-12-31,0.014172590168250218
2482,2024-03-31,221431,2024-06-30,-0.0024462497124917164
2482,2024-06-30,220329,2024-09-30,0.001815798465015932
2482,2024-09-30,231951,2024-12-31,0.004283520476552927
2496,2024-03-31,259379,2024-06-30,0.03585244144410492
2496,2024-06-30,247907,2024-09-30,0.04469586492169514
2496,2024-09-30,266693,2024-12-31,0.03717043364188135
2608,2024-03-31,353694,2024-06-30,0.014221720777402462
2608,2024-06-30,352717,2024-09-30,0.01882502578399009
2608,2024-09-30,360743,2024-12-31,0.020330501640255124
2616,2024-03-31,102768,2024-06-30,0.016309242409722244
2616,2024-06-30,105180,2024-09-30,0.01621322606648446
2616,2024-09-30,105857,2024-12-31,0.020929662859923162
2682,2024-03-31,67021,2024-06-30,-0.000569919376987638
2682,2024-06-30,67426,2024-09-30,0.004169427984332742
2682,2024-09-30,63781,2024-12-31,0.004868745331637664
2691,2024-03-31,662932,2024-06-30,0.011086259479674496
2691,2024-06-30,660130,2024-09-30,0.012146894788125554
2691,2024-09-30,667583,2024-12-31,0.014663259557211575
2695,2024-03-31,286775,2024-06-30,-0.003095828320787481
2695,2024-06-30,290256,2024-09-30,-0.000897661754895593
2695,2024-09-30,325049,2024-12-31,0.01763574286517694
2700,2024-03-31,1093560,2024-06-30,0.005330136495333661
2700,2024-06-30,1093755,2024-09-30,0.006870157170334207
2700,2024-09-30,1070146,2024-12-31,0.0034543427595690474
2708,2024-03-31,210718,2024-06-30,0.005162125783457151
2708,2024-06-30,194987,2024-09-30,-0.024828552938033446
2708,2024-09-30,218810,2024-12-31,0.022080765790779548
2710,2024-03-31,357791,2024-06-30,-0.0014664567227274977
2710,2024-06-30,359500,2024-09-30,0.004332887796597937
2710,2024-09-30,348072,2024-12-31,0.007658196617111881
2711,2024-03-31,1986391,2024-06-30,0.02034204112669845
2711,2024-06-30,1975537,2024-09-30,0.029290832402850568
2711,2024-09-30,1960761,2024-12-31,0.03036850110474878
2718,2024-03-31,584022,2024-06-30,0.005426588767560067
2718,2024-06-30,570465,2024-09-30,0.0044028022548107636
2718,2024-09-30,586561,2024-12-31,0.014217425098572382
2720,2024-03-31,4790891,2024-06-30,0.013380060783812486
2720,2024-06-30,4740917,2024-09-30,0.027816260764983006
2720,2024-09-30,4845183,2024-12-31,0.01924584085109232
2723,2024-03-31,106725,2024-06-30,0.001632915968951413
2723,2024-06-30,107604,2024-09-30,-0.0001506580545342595
2723,2024-09-30,111694,2024-12-31,-0.002318828832631179
2725,2024-03-31,514748,2024-06-30,0.014334656813933028
2725,2024-06-30,518882,2024-09-30,0.018934528723200443
2725,2024-09-30,528959,2024-12-31,0.02181417881314177
2733,2024-03-31,85264,2024-06-30,0.023889487849703787
2733,2024-06-30,90085,2024-09-30,0.04208334429243218
2733,2024-09-30,90204,2024-12-31,0.02765642705032058
2735,2024-03-31,191146,2024-06-30,0.039064753304878574
2735,2024-06-30,191349,2024-09-30,0.02978082829214362
2735,2024-09-30,188957,2024-12-31,0.03275645955898693
2738,2024-03-31,581860,2024-06-30,0.007755395236898948
2738,2024-06-30,577085,2024-09-30,0.010201959112476087
2738,2024-09-30,561101,2024-12-31,0.009465299537120683
2740,2024-03-31,922534,2024-06-30,0.01057067510167289
2740,2024-06-30,858640,2024-09-30,0.028695703074123655
2740,2024-09-30,882551,2024-12-31,0.029267745672671753
2750,2024-03-31,368964,2024-06-30,0.0013774850447225695
2750,2024-06-30,358508,2024-09-30,-0.0020721156477722445
2750,2024-09-30,355766,2024-12-31,-0.004349098887703148
2753,2024-03-31,149619,2024-06-30,0.016344072863752727
2753,2024-06-30,149173,2024-09-30,0.017299605868014985
2753,2024-09-30,136961,2024-12-31,0.0024560747456934618
2754,2024-03-31,119432,2024-06-30,0.004435526473004488
2754,2024-06-30,115592,2024-09-30,0.01954295837259131
2754,2024-09-30,121487,2024-12-31,0.007237657770059899
2759,2024-03-31,627364,2024-06-30,0.010964052890789817
2759,2024-06-30,607425,2024-09-30,-0.0048982464767333
2759,2024-09-30,602812,2024-12-31,-0.004948876040909213
2765,2024-03-31,187877,2024-06-30,0.010069176131968064
2765,2024-06-30,187031,2024-09-30,0.01890360072076092
2765,2024-09-30,184010,2024-12-31,0.014351946890621043
2767,2024-03-31,316080,2024-06-30,0.01998488831030376
2767,2024-06-30,321647,2024-09-30,0.02089048761287927
2767,2024-09-30,326639,2024-12-31,0.022273903220647682
2777,2024-03-31,592350,2024-06-30,0.016878797631496516
2777,2024-06-30,623774,2024-09-30,0.024541210174368555
2777,2024-09-30,595175,2024-12-31,0.02676201537946888
2779,2024-03-31,199107,2024-06-30,0.021270211830163106
2779,2024-06-30,198278,2024-09-30,0.02915150799193973
2779,2024-09-30,203377,2024-12-31,0.018723794003475302
2784,2024-03-31,197879,2024-06-30,0.016303602372761603
2784,2024-06-30,200857,2024-09-30,0.01633841522393228
2784,2024-09-30,196901,2024-12-31,0.01853171215294681
2787,2024-03-31,129957,2024-06-30,0.009733237899647572
2787,2024-06-30,151990,2024-09-30,-0.011403325951018369
2787,2024-09-30,144633,2024-12-31,-0.00015125442383380946
2794,2024-03-31,41413,2024-06-30,0.006315460201380645
2794,2024-06-30,41914,2024-09-30,0.006400696390140361
2794,2024-09-30,41630,2024-12-31,0.00716506539287756
2804,2024-03-31,129214,2024-06-30,0.0029214458146114607
2804,2024-06-30,133597,2024-09-30,-0.0001681764954864154
2804,2024-09-30,139202,2024-12-31,-0.004767520270492179
2805,2024-03-31,207661,2024-06-30,0.007890812449333174
2805,2024-06-30,206920,2024-09-30,0.018664732292922287
2805,2024-09-30,208596,2024-12-31,0.028562294779405226
2828,2024-03-31,168154,2024-06-30,0.006573436987384592
2828,2024-06-30,176599,2024-09-30,0.013259768808009902
2828,2024-09-30,178895,2024-12-31,0.006956926960407157
2829,2024-03-31,730305,2024-06-30,0.04675973656480155
2829,2024-06-30,744872,2024-09-30,0.03335420828221383
2829,2024-09-30,748978,2024-12-31,0.03576430201460979
2832,2024-03-31,949625,2024-06-30,0.0198536627330178
2832,2024-06-30,980092,2024-09-30,0.011415142227484
2832,2024-09-30,996733,2024-12-31,0.013737249023529923
2838,2024-03-31,284511,2024-06-30,0.04233725891726801
2838,2024-06-30,281257,2024-09-30,0.04635882137025426
2838,2024-09-30,306521,2024-12-31,0.06336599981637776
2850,2024-03-31,509388,2024-06-30,-0.01272223315364557
2850,2024-06-30,494054,2024-09-30,-0.011874560793779179
2850,2024-09-30,501530,2024-12-31,0.0037501438420305187
2945,2024-03-31,183538,2024-06-30,0.0005411391759429256
2945,2024-06-30,195036,2024-09-30,0.01629347127401536
2945,2024-09-30,194936,2024-12-31,0.01802962075629224
2987,2024-03-31,613887,2024-06-30,-0.015182414786779673
2987,2024-06-30,593226,2024-09-30,-0.006214351672013713
2987,2024-09-30,590422,2024-12-31,0.0013498835466526527
3017,2024-03-31,327053,2024-06-30,0.04293743911295216
3017,2024-06-30,335201,2024-09-30,0.04764915575054059
3017,2024-09-30,345572,2024-12-31,0.039667993648651666
3018,2024-03-31,23970,2024-06-30,0.0028165039846837687
3018,2024-06-30,25387,2024-09-30,-0.007562449242858047
3018,2024-09-30,24803,2024-12-31,0.009596005875977247
3019,2024-03-31,100926,2024-06-30,0.005936564709348951
3019,2024-06-30,98594,2024-09-30,0.010632635747503996
3019,2024-09-30,102898,2024-12-31,0.008104495008500016
3029,2024-03-31,126865,2024-06-30,0.005779215604986811
3029,2024-06-30,136521,2024-09-30,0.010709766316917385
3029,2024-09-30,129778,2024-12-31,0.0054670197612025325
3031,2024-03-31,695443,2024-06-30,0.11577589284257195
3031,2024-06-30,699820,2024-09-30,0.08931808156017072
3031,2024-09-30,695937,2024-12-31,0.08546587345372127
3034,2024-03-31,489252,2024-06-30,-0.005765746890440546
3034,2024-06-30,496721,2024-09-30,0.006922643651699774
3034,2024-09-30,503938,2024-12-31,0.021308121091229197
3063,2024-03-31,197700,2024-06-30,0.00976210411690662
3063,2024-06-30,198999,2024-09-30,0.006449878186358704
3063,2024-09-30,189429,2024-12-31,0.01440606374085512
3066,2024-03-31,11434029,2024-06-30,0.028418416903876857
3066,2024-06-30,11531350,2024-09-30,0.03363441144584458
3066,2024-09-30,11887831,2024-12-31,0.02939180057273
3067,2024-03-31,712512,2024-06-30,0.008023786678032057
3067,2024-06-30,732832,2024-09-30,0.012573724692403237
3067,2024-09-30,748812,2024-12-31,0.0165268158726016
3075,2024-03-31,185832,2024-06-30,0.002137161820302301
3075,2024-06-30,186374,2024-09-30,0.002730989034799376
3075,2024-09-30,190131,2024-12-31,0.00841934943513864
3076,2024-03-31,15676900,2024-06-30,0.042695998471266844
3076,2024-06-30,15846465,2024-09-30,0.06026942646892155
3076,2024-09-30,16020982,2024-12-31,0.05333865581813979
3078,2024-03-31,63764,2024-06-30,0.0024342392715583426
3078,2024-06-30,62647,2024-09-30,-0.0008285538425674307
3078,2024-09-30,63628,2024-12-31,0.004459992070292253
3079,2024-03-31,107285,2024-06-30,0.03447373766660987
3079,2024-06-30,112242,2024-09-30,0.03296294227281927
3079,2024-09-30,113428,2024-12-31,0.05280443771195881
3087,2024-03-31,229100,2024-06-30,-0.006943021136856992
3087,2024-06-30,232543,2024-09-30,-0.003491803041411761
3087,2024-09-30,233102,2024-12-31,-0.001254657476130971
3091,2024-03-31,879303,2024-06-30,0.017243555202881865
3091,2024-06-30,875112,2024-09-30,0.018539246199207507
3091,2024-09-30,908268,2024-12-31,0.026890976102023293
3098,2024-03-31,159350,2024-06-30,0.02124694751029342
3098,2024-06-30,167335,2024-09-30,0.016921275751926864
3098,2024-09-30,188728,2024-12-31,0.038104110930692194
3099,2024-03-31,771002,2024-06-30,0.006064031919881733
3099,2024-06-30,736713,2024-09-30,0.01007140844190382
3099,2024-09-30,731139,2024-12-31,0.007251723059893032
3103,2024-03-31,517511,2024-06-30,0.0024825346527660333
3103,2024-06-30,497184,2024-09-30,0.005372093856292706
3103,2024-09-30,491778,2024-12-31,0.009775739823187076
3108,2024-03-31,978548,2024-06-30,0.022546395102425926
3108,2024-06-30,990302,2024-09-30,0.020506307155556576
3108,2024-09-30,1002719,2024-12-31,0.013390704864857597
3109,2024-03-31,136192,2024-06-30,-0.007372919437161656
3109,2024-06-30,127132,2024-09-30,0.02591429595395314
3109,2024-09-30,130575,2024-12-31,0.01694483704509176
3110,2024-03-31,243186,2024-06-30,-0.08102872159600248
3110,2024-06-30,288273,2024-09-30,-0.0029609052611795656
3110,2024-09-30,281279,2024-12-31,0.018244786582890308
3113,2024-03-31,441810,2024-06-30,0.01899519171853815
3113,2024-06-30,438474,2024-09-30,0.018483756232208243
3113,2024-09-30,455056,2024-12-31,0.013405756954992038
3121,2024-03-31,540994,2024-06-30,0.011721894086374187
3121,2024-06-30,549214,2024-09-30,0.020607909708344238
3121,2024-09-30,554438,2024-12-31,0.030402796120397497
3126,2024-03-31,617281,2024-06-30,0.033644859651655444
3126,2024-06-30,597973,2024-09-30,0.01350004940177144
3126,2024-09-30,593290,2024-12-31,0.015207640958143016
3127,2024-03-31,545457,2024-06-30,0.013972620258385368
3127,2024-06-30,537306,2024-09-30,0.015410194937174772
3127,2024-09-30,545009,2024-12-31,0.020603242700751097
3133,2024-03-31,73333,2024-06-30,0.011117721189737504
3133,2024-06-30,71301,2024-09-30,0.0022367762836634562
3133,2024-09-30,72583,2024-12-31,0.013330587730832849
3140,2024-03-31,209967,2024-06-30,0.004791030717900463
3140,2024-06-30,209125,2024-09-30,0.009627778461144727
3140,2024-09-30,214406,2024-12-31,0.006925099090335169
3144,2024-03-31,225200,2024-06-30,0.02100777005989197
3144,2024-06-30,226612,2024-09-30,0.01976896402811765
3144,2024-09-30,231359,2024-12-31,0.03160435287588803
3149,2024-03-31,48078,2024-06-30,-0.0013727519790034152
3149,2024-06-30,46667,2024-09-30,0.005609877904571546
3149,2024-09-30,44251,2024-12-31,0.0015829377774059026
3158,2024-03-31,56734,2024-06-30,0.004364816736339764
3158,2024-06-30,53075,2024-09-30,0.004071875793505148
3158,2024-09-30,53792,2024-12-31,0.017837798261281974
3161,2024-03-31,553092,2024-06-30,0.08907987845264627
3161,2024-06-30,612114,2024-09-30,0.10342294460286339
3161,2024-09-30,749856,2024-12-31,0.07902358187683997
3170,2024-03-31,141509,2024-06-30,0.022440349183794426
3170,2024-06-30,140977,2024-09-30,0.014115619690474196
3170,2024-09-30,145341,2024-12-31,0.023356054982174714
3178,2024-03-31,532379,2024-06-30,0.07638226396235011
3178,2024-06-30,606953,2024-09-30,0.12089497847044028
3178,2024-09-30,577240,2024-12-31,0.1219124782853011
3179,2024-03-31,131298,2024-06-30,-0.001525581028562019
3179,2024-06-30,129187,2024-09-30,-0.00786247032444915
3179,2024-09-30,144938,2024-12-31,-0.01651282752165685
3182,2024-03-31,986321,2024-06-30,0.05901008865016085
3182,2024-06-30,929886,2024-09-30,0.09664783194923529
3182,2024-09-30,927051,2024-12-31,0.06374792477874378
3183,2024-03-31,805512,2024-06-30,0.008994506047553887
3183,2024-06-30,806520,2024-09-30,0.010488695024152329
3183,2024-09-30,792414,2024-12-31,0.008953590210387394
3184,2024-03-31,81833,2024-06-30,-0.03523735679245957
3184,2024-06-30,78906,2024-09-30,0.0042402887173906105
3184,2024-09-30,79384,2024-12-31,-0.005191706178591411
3190,2024-03-31,149726,2024-06-30,0.013324838720550437
3190,2024-06-30,155954,2024-09-30,0.029754829735400848
3190,2024-09-30,161383,2024-12-31,0.03770900225425626
3193,2024-03-31,490365,2024-06-30,-0.00700111321365012
3193,2024-06-30,488116,2024-09-30,-0.010197538722589284
3193,2024-09-30,488543,2024-12-31,-0.0043826803799411765
3195,2024-03-31,656366,2024-06-30,0.06916761572842248
3195,2024-06-30,651197,2024-09-30,0.04597567930809873
3195,2024-09-30,639025,2024-12-31,0.032302248074025396
3197,2024-03-31,131802,2024-06-30,0.011471951200988125
3197,2024-06-30,131047,2024-09-30,0.021727108652080766
3197,2024-09-30,148773,2024-12-31,-0.010377721787186413
3206,2024-03-31,607795,2024-06-30,-0.005377873956475784
3206,2024-06-30,618715,2024-09-30,-0.003585492115587335
3206,2024-09-30,629257,2024-12-31,-0.0020693519631402603
3210,2024-03-31,1426749,2024-06-30,0.008897974842422732
3210,2024-06-30,1398633,2024-09-30,0.004757574499719839
3210,2024-09-30,1490165,2024-12-31,0.004601563359381939
3217,2024-03-31,278038,2024-06-30,0.008320752977233501
3217,2024-06-30,283545,2024-09-30,0.010760641017184573
3217,2024-09-30,286160,2024-12-31,0.0193682208767965
3218,2024-03-31,487811,2024-06-30,0.0024880033704398467
3218,2024-06-30,488700,2024-09-30,0.003285458868768207
3218,2024-09-30,503995,2024-12-31,0.009837415531522854
3219,2024-03-31,285225,2024-06-30,0.027395292990750365
3219,2024-06-30,303238,2024-09-30,0.04550354857293843
3219,2024-09-30,318463,2024-12-31,0.05025239730429431
3225,2024-03-31,539072,2024-06-30,0.09528188432299994
3225,2024-06-30,524583,2024-09-30,0.09465633830493113
3225,2024-09-30,615053,2024-12-31,0.057596667373070384
3226,2024-03-31,787183,2024-06-30,-0.0057240057457005325
3226,2024-06-30,776221,2024-09-30,0.009981414064428493
3226,2024-09-30,807822,2024-12-31,0.013027896016096907
3228,2024-03-31,820551,2024-06-30,-0.0033382482127141417
3228,2024-06-30,798638,2024-09-30,-0.0035994485007783596
3228,2024-09-30,807140,2024-12-31,0.010895673042446794
3230,2024-03-31,548800,2024-06-30,0.04869087874244086
3230,2024-06-30,579759,2024-09-30,0.06276988301720567
3230,2024-09-30,584517,2024-12-31,0.06495793025226596
3232,2024-03-31,44547,2024-06-30,0.01799448393758373
3232,2024-06-30,37686,2024-09-30,0.009165167245716409
3232,2024-09-30,40670,2024-12-31,0.004165683934994706
3237,2024-03-31,33562,2024-06-30,0.038503009233438044
3237,2024-06-30,34752,2024-09-30,0.007092052389353002
3237,2024-09-30,36028,2024-12-31,-0.014934052250041548
3248,2024-03-31,74947,2024-06-30,-0.008704758707150382
3248,2024-06-30,72107,2024-09-30,0.0019980380456847717
3248,2024-09-30,70636,2024-12-31,-0.0027424223436810194
3250,2024-03-31,3654690,2024-06-30,0.028454291304358247
3250,2024-06-30,3643055,2024-09-30,0.04558753991083205
3250,2024-09-30,3778164,2024-12-31,0.03352386942926279
3255,2024-03-31,197760,2024-06-30,-0.01686168334087412
3255,2024-06-30,202517,2024-09-30,0.007949010803912126
3255,2024-09-30,204723,2024-12-31,0.020608482878557207
3256,2024-03-31,1986697,2024-06-30,-0.002447365759147471
3256,2024-06-30,2051092,2024-09-30,0.033246213319786624
3256,2024-09-30,2098717,2024-12-31,0.03705790002152957
3268,2024-03-31,289492,2024-06-30,0.0028956948960634607
3268,2024-06-30,273461,2024-09-30,0.011111430760352118
3268,2024-09-30,263523,2024-12-31,0.005601772821196525
3269,2024-03-31,469479,2024-06-30,-0.012104785694112016
3269,2024-06-30,453956,2024-09-30,-0.006953421051219539
3269,2024-09-30,455774,2024-12-31,-0.0047746764931498615
3275,2024-03-31,267848,2024-06-30,-0.0012992803537603694
3275,2024-06-30,259563,2024-09-30,0.0071649387949224725
3275,2024-09-30,256516,2024-12-31,0.00651201710694832
3276,2024-03-31,2390745,2024-06-30,0.020630070635892846
3276,2024-06-30,2377809,2024-09-30,0.01630795282962189
3276,2024-09-30,2460059,2024-12-31,0.016957807537084497
3279,2024-03-31,429288,2024-06-30,-0.003943612402333497
3279,2024-06-30,446040,2024-09-30,-0.004679647388741148
3279,2024-09-30,434791,2024-12-31,0.002749860395260044
3285,2024-03-31,3708264,2024-06-30,0.03385456611771586
3285,2024-06-30,3690793,2024-09-30,0.03443141802120896
3285,2024-09-30,3617850,2024-12-31,0.03154503438939642
3286,2024-03-31,655899,2024-06-30,0.012374059064701801
3286,2024-06-30,629843,2024-09-30,0.016403569699322964
3286,2024-09-30,621621,2024-12-31,0.020532784896491775
3289,2024-03-31,176943,2024-06-30,0.00205341114079881
3289,2024-06-30,175805,2024-09-30,0.006934825527665813
3289,2024-09-30,179119,2024-12-31,0.008421373618597659
3292,2024-03-31,362759,2024-06-30,0.00805711844998336
3292,2024-06-30,345864,2024-09-30,0.024904572192501556
3292,2024-09-30,352030,2024-12-31,0.026609503813381615
3293,2024-03-31,185550,2024-06-30,0.013902098147123797
3293,2024-06-30,187536,2024-09-30,0.020942879311084853
3293,2024-09-30,192817,2024-12-31,0.02759429115236305
3301,2024-03-31,403372,2024-06-30,0.00902430362917619
3301,2024-06-30,419157,2024-09-30,0.007685704438465417
3301,2024-09-30,409744,2024-12-31,0.0180446652880303
3302,2024-03-31,233479,2024-06-30,-0.012024423662046315
3302,2024-06-30,241213,2024-09-30,-0.00759484612983588
3302,2024-09-30,245868,2024-12-31,0.0029826511680886895
3303,2024-03-31,24399,2024-06-30,0.039088395138336625
3303,2024-06-30,24214,2024-09-30,0.02362085388538608
3303,2024-09-30,24163,2024-12-31,0.023758371134349962
3305,2024-03-31,409609,2024-06-30,-0.015095013403943744
3305,2024-06-30,399945,2024-09-30,-0.011886096936113595
3305,2024-09-30,396311,2024-12-31,-0.0028977928021600885
3320,2024-03-31,135089,2024-06-30,0.007750964073712876
3320,2024-06-30,138825,2024-09-30,0.0018448116121638942
3320,2024-09-30,136028,2024-12-31,0.008358147886339842
3325,2024-03-31,1286938,2024-06-30,0.010697324551936737
3325,2024-06-30,1315642,2024-09-30,0.024951869503000268
3325,2024-09-30,1376957,2024-12-31,0.01471358752232709
3327,2024-03-31,118804,2024-06-30,-0.009001131515497987
3327,2024-06-30,117728,2024-09-30,-0.007967466057531318
3327,2024-09-30,116857,2024-12-31,0.0021257851986194896
3330,2024-03-31,800149,2024-06-30,0.023045673416172013
3330,2024-06-30,808282,2024-09-30,0.049109570431549426
3330,2024-09-30,853641,2024-12-31,0.0442952372660111
3335,2024-03-31,62703,2024-06-30,-0.028971031912406842
3335,2024-06-30,57866,2024-09-30,0.006959113115057916
3335,2024-09-30,54985,2024-12-31,0.046015183689330594
3336,2024-03-31,80644,2024-06-30,0.046525244016093634
3336,2024-06-30,75328,2024-09-30,0.041426732721695
3336,2024-09-30,79919,2024-12-31,0.03355236583487085
3337,2024-03-31,675298,2024-06-30,0.051809214562270285
3337,2024-06-30,727831,2024-09-30,0.035196467777117345
3337,2024-09-30,767400,2024-12-31,0.030113958097080496
3339,2024-03-31,445793,2024-06-30,0.02495040018192443
3339,2024-06-30,443725,2024-09-30,0.03331194901538195
3339,2024-09-30,457189,2024-12-31,0.04613570555402614
3342,2024-03-31,218956,2024-06-30,0.003883268478541654
3342,2024-06-30,220269,2024-09-30,0.016043070288938612
3342,2024-09-30,215519,2024-12-31,0.017702758589039858
3351,2024-03-31,56203,2024-06-30,-0.08375787605269798
3351,2024-06-30,41884,2024-09-30,-0.027401897163561718
3351,2024-09-30,41550,2024-12-31,-0.03822290338675684
3368,2024-03-31,124838,2024-06-30,-0.020309673040233796
3368,2024-06-30,130016,2024-09-30,-0.0254030967245973
3368,2024-09-30,126650,2024-12-31,-0.014732388300009249
3376,2024-03-31,285225,2024-06-30,-0.003706141917155865
3376,2024-06-30,285810,2024-09-30,0.005416388847478323
3376,2024-09-30,285879,2024-12-31,0.014018181264465655
3384,2024-03-31,383283,2024-06-30,0.008352977582790275
3384,2024-06-30,375721,2024-09-30,0.015665459735235785
3384,2024-09-30,371352,2024-12-31,0.007376759849596954
3387,2024-03-31,1556026,2024-06-30,0.020882031113674964
3387,2024-06-30,1509643,2024-09-30,0.02253256515675865
3387,2024-09-30,1566382,2024-12-31,0.04105823859374251
3388,2024-03-31,166364,2024-06-30,-0.005682831199002244
3388,2024-06-30,159938,2024-09-30,-0.0035731754989789047
3388,2024-09-30,154902,2024-12-31,0.0031456207577065286
3389,2024-03-31,998831,2024-06-30,0.019130873866396208
3389,2024-06-30,962420,2024-09-30,0.009918638423847347
3389,2024-09-30,927670,2024-12-31,0.0003562244582216131
3399,2024-03-31,77018,2024-06-30,0.035611050699024045
3399,2024-06-30,88674,2024-09-30,-0.011499405277455892
3399,2024-09-30,85043,2024-12-31,0.02473289308501497
3400,2024-03-31,347987,2024-06-30,-0.0068024862070532235
3400,2024-06-30,363522,2024-09-30,0.001111139850696337
3400,2024-09-30,373619,2024-12-31,-0.01574679928197033
3401,2024-03-31,127101,2024-06-30,0.03609640282478239
3401,2024-06-30,121971,2024-09-30,0.029133066989953552
3401,2024-09-30,121685,2024-12-31,0.013088569335369732
3405,2024-03-31,3648776,2024-06-30,0.016131439192952134
3405,2024-06-30,3820259,2024-09-30,0.013635911711254396
3405,2024-09-30,3990425,2024-12-31,0.021154996951598795
3430,2024-03-31,5358036,2024-06-30,-0.019715621865698914
3430,2024-06-30,5134386,2024-09-30,-0.014076798423079547
3430,2024-09-30,5068935,2024-12-31,0.0007615757826639283
3440,2024-03-31,1710433,2024-06-30,0.017924408992382852
3440,2024-06-30,1710490,2024-09-30,0.036915856289897006
3440,2024-09-30,1734045,2024-12-31,0.019161661898349645
3510,2024-03-31,1929388000,2024-06-30,0.007735128602329615
3510,2024-06-30,1901769000,2024-09-30,0.011826663023701769
3510,2024-09-30,1892511000,2024-12-31,0.01791158273484675
3511,2024-03-31,1414352000,2024-06-30,0.007748343866000162
3511,2024-06-30,1403197000,2024-09-30,0.010694370175824093
3511,2024-09-30,1397345000,2024-12-31,0.021966812759513805
3579,2024-03-31,363037,2024-06-30,0.01957774010145059
3579,2024-06-30,329196,2024-09-30,0.031149324629873933
3579,2024-09-30,319488,2024-12-31,0.011289629074931043
3599,2024-03-31,129367,2024-06-30,0.010994858778415946
3599,2024-06-30,125879,2024-09-30,0.011961299736315245
3599,2024-09-30,125127,2024-12-31,0.009306923089033482
3600,2024-03-31,21326,2024-06-30,0.00938847260672783
3600,2024-06-30,21704,2024-09-30,-0.002036353469379604
3600,2024-09-30,22155,2024-12-31,-0.011938850526658298
3601,2024-03-31,60610,2024-06-30,0.005346675199468642
3601,2024-06-30,62246,2024-09-30,0.0037370611093190346
3601,2024-09-30,61934,2024-12-31,0.0017346687889758946
3603,2024-03-31,4641368,2024-06-30,0.01864963763695627
3603,2024-06-30,4552459,2024-09-30,0.006687116364262286
3603,2024-09-30,4518028,2024-12-31,0.022595421216663643
3607,2024-03-31,153640,2024-06-30,0.007075499368136866
3607,2024-06-30,150695,2024-09-30,-0.004537266608595062
3612,2024-03-31,548231,2024-06-30,0.009875841137287122
3612,2024-06-30,575853,2024-09-30,-0.002746338574546642
3612,2024-09-30,567892,2024-12-31,-0.001750663146922517
3614,2024-03-31,427321,2024-06-30,0.008106746949199047
3614,2024-06-30,439685,2024-09-30,0.011975530052505574
3614,2024-09-30,437914,2024-12-31,0.02272554843084137
3639,2024-03-31,377195,2024-06-30,0.037932667694766685
3639,2024-06-30,380076,2024-09-30,0.028714250330481753
3639,2024-09-30,393011,2024-12-31,0.031147173997145585
3657,2024-03-31,4815573,2024-06-30,0.008457201593429223
3657,2024-06-30,4877353,2024-09-30,0.013796592280526978
3657,2024-09-30,4991809,2024-12-31,0.010536400852423616
3661,2024-03-31,319820,2024-06-30,0.014549788408280615
3661,2024-06-30,312965,2024-09-30,0.015938659046486885
3661,2024-09-30,321261,2024-12-31,0.0015114936681300739
3664,2024-03-31,1940863,2024-06-30,0.05051277189575748
3664,2024-06-30,2039316,2024-09-30,0.035668720572962956
3664,2024-09-30,2098639,2024-12-31,0.020456073270124497
3674,2024-03-31,315997,2024-06-30,-0.002998227525482596
3674,2024-06-30,323513,2024-09-30,-0.010392197500534016
3674,2024-09-30,324186,2024-12-31,-0.008205040984882006
3677,2024-03-31,227871,2024-06-30,0.00020364881575589744
3677,2024-06-30,237424,2024-09-30,0.015042467034356976
3677,2024-09-30,212751,2024-12-31,0.0002678503066498929
3688,2024-03-31,77708,2024-06-30,0.01743666100553579
3688,2024-06-30,92988,2024-09-30,-0.06950519028523779
3688,2024-09-30,87460,2024-12-31,-0.04555675884816853
3691,2024-03-31,272306,2024-06-30,0.020423766804527583
3691,2024-06-30,272548,2024-09-30,0.02672340569038319
3691,2024-09-30,286010,2024-12-31,0.026089128280187168
3693,2024-03-31,45036,2024-06-30,0.008194122078158601
3693,2024-06-30,44893,2024-09-30,0.005567660917880616
3693,2024-09-30,43989,2024-12-31,0.009035967912696495
3698,2024-03-31,106797,2024-06-30,-0.022609895502960362
3698,2024-06-30,103828,2024-09-30,-0.003844112820993787
3698,2024-09-30,106346,2024-12-31,-0.005949227421613866
3701,2024-03-31,710969,2024-06-30,0.015709165365802108
3701,2024-06-30,730140,2024-09-30,0.023813178228301896
3701,2024-09-30,752996,2024-12-31,0.02338374976979
3702,2024-03-31,222446,2024-06-30,0.007308142495825603
3702,2024-06-30,233757,2024-09-30,0.02324314872935968
3702,2024-09-30,247022,2024-12-31,-0.0009762526968617073
3705,2024-03-31,6279773,2024-06-30,0.025987726479905656
3705,2024-06-30,6158120,2024-09-30,0.034842166926692494
3705,2024-09-30,6122376,2024-12-31,0.029811417080918126
3711,2024-03-31,519091,2024-06-30,0.01787854165967818
3711,2024-06-30,532332,2024-09-30,0.018554691947763578
3711,2024-09-30,533647,2024-12-31,0.010326546867750457
3713,2024-03-31,294520,2024-06-30,0.03603965761218419
3713,2024-06-30,309077,2024-09-30,-0.00046883581808141887
3713,2024-09-30,351659,2024-12-31,-0.07136851261642012
3719,2024-03-31,1356876,2024-06-30,0.055205242399642925
3719,2024-06-30,1439400,2024-09-30,0.041576486444784275
3719,2024-09-30,1484225,2024-12-31,0.017650198754644207
3720,2024-03-31,275742,2024-06-30,0.01565742216907309
3720,2024-06-30,283158,2024-09-30,0.01658521104231142
3720,2024-09-30,286944,2024-12-31,0.015103729269669288
3722,2024-03-31,560501,2024-06-30,0.008423107152590398
3722,2024-06-30,541824,2024-09-30,0.0014509323375916446
3722,2024-09-30,607834,2024-12-31,0.029201457828955987
3732,2024-03-31,594818,2024-06-30,0.0016466581369103674
3732,2024-06-30,590757,2024-09-30,0.0014389055590234394
3732,2024-09-30,589705,2024-12-31,0.012921757582806228
3745,2024-03-31,103089,2024-06-30,0.018411571134933268
3745,2024-06-30,106235,2024-09-30,0.002217065982567936
3745,2024-09-30,104845,2024-12-31,0.02164717335466531
3747,2024-03-31,500845,2024-06-30,0.016794533837068224
3747,2024-06-30,519047,2024-09-30,0.003779172981393437
3747,2024-09-30,514601,2024-12-31,0.008967077424623554
3749,2024-03-31,137434,2024-06-30,-0.016461546945058313
3749,2024-06-30,145476,2024-09-30,-0.023768960801059832
3749,2024-09-30,149341,2024-12-31,-0.022061750564565958
3759,2024-03-31,204576,2024-06-30,-0.019855901331386705
3759,2024-06-30,203188,2024-09-30,-0.00960978351872025
3759,2024-09-30,208278,2024-12-31,-0.004580708047768619
3761,2024-03-31,66530,2024-06-30,-0.0006507319580346907
3761,2024-06-30,65290,2024-09-30,0.0031046684827433593
3761,2024-09-30,66085,2024-12-31,0.004003525656101219
3762,2024-03-31,141167,2024-06-30,0.021921032802564334
3762,2024-06-30,140388,2024-09-30,0.021364083098899443
3762,2024-09-30,139365,2024-12-31,0.014127232652566196
3770,2024-03-31,49742,2024-06-30,0.007582490425911575
3770,2024-06-30,50306,2024-09-30,-0.0008289355073343344
3770,2024-09-30,49103,2024-12-31,0.005493323340510748
3775,2024-03-31,1453393,2024-06-30,0.035448477257733785
3775,2024-06-30,1451236,2024-09-30,0.042334621423276014
3775,2024-09-30,1466326,2024-12-31,0.02813108457333756
3777,2024-03-31,546149,2024-06-30,0.029607007968411262
3777,2024-06-30,526859,2024-09-30,0.026291156943697443
3777,2024-09-30,517981,2024-12-31,0.01424253029571696
3787,2024-03-31,1131976,2024-06-30,0.06387001137693744
3787,2024-06-30,1263974,2024-09-30,0.06831434288324381
3787,2024-09-30,1176445,2024-12-31,0.07156477470803592
3792,2024-03-31,426371,2024-06-30,-0.0011104044867592871
3792,2024-06-30,418734,2024-09-30,0.007079228339286061
3792,2024-09-30,419683,2024-12-31,0.008381680048784639
3799,2024-03-31,496443,2024-06-30,0.012858272861107991
3799,2024-06-30,486304,2024-09-30,0.019555018777557175
3799,2024-09-30,515606,2024-12-31,0.02522860261743029
3805,2024-03-31,56962,2024-06-30,0.005870203351944457
3805,2024-06-30,56578,2024-09-30,0.014497021342712796
3805,2024-09-30,57229,2024-12-31,0.0013549573212545735
3807,2024-03-31,115125,2024-06-30,0.001259176438134517
3807,2024-06-30,107833,2024-09-30,-0.0039586364720346524
3807,2024-09-30,105622,2024-12-31,-0.0029784260597130116
3808,2024-03-31,119215,2024-06-30,0.004594480048897796
3808,2024-06-30,113817,2024-09-30,0.011611282638554815
3808,2024-09-30,112405,2024-12-31,0.007163830169548828
3809,2024-03-31,1519715,2024-06-30,0.012314876775746188
3809,2024-06-30,1542493,2024-09-30,0.020411426220504087
3809,2024-09-30,1628215,2024-12-31,0.019444984671087205
3814,2024-03-31,349396,2024-06-30,-0.030926115771439243
3814,2024-06-30,349500,2024-09-30,-0.02379310498873401
3814,2024-09-30,351443,2024-12-31,-0.017113150581504154
3818,2024-03-31,85081,2024-06-30,0.008929172112387184
3818,2024-06-30,84556,2024-09-30,0.01348614338071016
3818,2024-09-30,81462,2024-12-31,0.01177698138851443
3821,2024-03-31,221384,2024-06-30,0.00636148088602062
3821,2024-06-30,226556,2024-09-30,0.012716531188443373
3821,2024-09-30,247841,2024-12-31,0.02478980359632075
3826,2024-03-31,63434,2024-06-30,-0.003403384998808393
3826,2024-06-30,60829,2024-09-30,0.006172561577015202
3826,2024-09-30,54913,2024-12-31,0.019527945889070558
3827,2024-03-31,71854,2024-06-30,0.010565474407873367
3827,2024-06-30,71074,2024-09-30,0.001776815606903374
3827,2024-09-30,74183,2024-12-31,-0.008961959132128727
3830,2024-03-31,159134,2024-06-30,0.021572602176730595
3830,2024-06-30,155050,2024-09-30,0.010620682808320823
3830,2024-09-30,157482,2024-12-31,0.01339200309858583
3832,2024-03-31,38020718,2024-06-30,0.0013533369515067095
3832,2024-06-30,40443363,2024-09-30,0.012343805384824524
3832,2024-09-30,41127369,2024-12-31,-0.008684147775304836
3834,2024-03-31,79113,2024-06-30,0.013198078827707623
3834,2024-06-30,80734,2024-09-30,0.010199543061001255
3834,2024-09-30,86098,2024-12-31,0.02035624519722027
3837,2024-03-31,90290,2024-06-30,0.01322339871902404
3837,2024-06-30,85144,2024-09-30,0.0055266989567571015
3837,2024-09-30,86368,2024-12-31,0.007763875132754047
3840,2024-03-31,411888,2024-06-30,0.00868360145043127
3840,2024-06-30,421025,2024-09-30,0.017319725759220934
3840,2024-09-30,414302,2024-12-31,0.016270488325119268
3842,2024-03-31,771694,2024-06-30,0.026815490582566125
3842,2024-06-30,764561,2024-09-30,0.05915692998106736
3842,2024-09-30,770907,2024-12-31,0.05741347845432517
3846,2024-03-31,230216,2024-06-30,0.01621556268084641
3846,2024-06-30,223866,2024-09-30,0.019946822466142215
3846,2024-09-30,220408,2024-12-31,0.0234208582195815
3850,2024-03-31,49445,2024-06-30,0.01527552150149116
3850,2024-06-30,49234,2024-09-30,0.013563404831805322
3850,2024-09-30,49821,2024-12-31,0.012067358017066872
3854,2024-03-31,253202,2024-06-30,0.004573103321122156
3854,2024-06-30,263573,2024-09-30,0.024006814948107892
3854,2024-09-30,258144,2024-12-31,0.017184677415139793
3863,2024-03-31,495338,2024-06-30,0.00621764374505327
3863,2024-06-30,487533,2024-09-30,0.009175528226810812
3863,2024-09-30,488065,2024-12-31,0.019951574139452744
3864,2024-03-31,1847420,2024-06-30,0.017232503727970392
3864,2024-06-30,1853669,2024-09-30,0.019927263359054197
3864,2024-09-30,1849640,2024-12-31,0.032427843305124875
3869,2024-03-31,912005,2024-06-30,0.023806417698056543
3869,2024-06-30,920424,2024-09-30,0.033480560679767755
3869,2024-09-30,956395,2024-12-31,0.013880043099109125
3873,2024-03-31,414204,2024-06-30,0.007195102197475768
3873,2024-06-30,420379,2024-09-30,0.010886552662661406
3873,2024-09-30,412407,2024-12-31,0.014996941213051005
3887,2024-03-31,2011439,2024-06-30,0.013968287655426608
3887,2024-06-30,1973658,2024-09-30,0.01888943085234223
3887,2024-09-30,2020583,2024-12-31,0.038185101064465016
3890,2024-03-31,22508765,2024-06-30,0.06656273790925286
3890,2024-06-30,22121441,2024-09-30,0.06310659618132616
3890,2024-09-30,22227733,2024-12-31,0.050071634154258686
3896,2024-03-31,268253,2024-06-30,0.0134838979559157
3896,2024-06-30,265113,2024-09-30,0.009149945731567303
3896,2024-09-30,264330,2024-12-31,0.014266972573772222
3902,2024-03-31,145974,2024-06-30,-0.009444130356947886
3902,2024-06-30,141662,2024-09-30,-0.004724589057783234
3902,2024-09-30,131747,2024-12-31,0.026892564412273553
3919,2024-03-31,59134,2024-06-30,0.003075442606548926
3919,2024-06-30,57656,2024-09-30,0.013151223947399482
3919,2024-09-30,56293,2024-12-31,0.01996680032433864
3931,2024-03-31,3353461,2024-06-30,0.005975036955668795
3931,2024-06-30,3366799,2024-09-30,0.008971469968431078
3931,2024-09-30,3391092,2024-12-31,0.025165651139051354
3934,2024-03-31,58434,2024-06-30,0.021142567239075646
3934,2024-06-30,60313,2024-09-30,0.015126292438735535
3934,2024-09-30,57888,2024-12-31,0.02988375680738221
3973,2024-03-31,3924245,2024-06-30,0.06342335486250643
3973,2024-06-30,3801991,2024-09-30,0.050490452180009956
3973,2024-09-30,3916000,2024-12-31,0.05275293701050447
3977,2024-03-31,99380,2024-06-30,0.0015700982026398242
3977,2024-06-30,98376,2024-09-30,0.007993367420216729
3977,2024-09-30,100050,2024-12-31,0.006168727721144471
3985,2024-03-31,24585,2024-06-30,0.019872147451385963
3985,2024-06-30,25913,2024-09-30,-0.0068899641931059515
3985,2024-09-30,26814,2024-12-31,-0.00116215603081421
3999,2024-03-31,317190,2024-06-30,-0.004520545223999814
3999,2024-06-30,314864,2024-09-30,0.0013492232319315851
3999,2024-09-30,323169,2024-12-31,0.005520309782749605
4009,2024-03-31,1374783,2024-06-30,0.011354296634809432
4009,2024-06-30,1394107,2024-09-30,0.01984923617968135
4009,2024-09-30,1517663,2024-12-31,0.022504451304728865
4016,2024-03-31,1593705,2024-06-30,0.005932505856796742
4016,2024-06-30,1535857,2024-09-30,0.024850631062575092
4016,2024-09-30,1545559,2024-12-31,0.030978426582676393
4028,2024-03-31,2639487,2024-06-30,0.03713719316519917
4028,2024-06-30,2606380,2024-09-30,0.03280655858993491
4028,2024-09-30,2616270,2024-12-31,0.030147314707155384
4029,2024-03-31,839558,2024-06-30,0.025232473282732044
4029,2024-06-30,852180,2024-09-30,0.014550920283405926
4029,2024-09-30,805914,2024-12-31,0.015112529236269325
4031,2024-03-31,342224,2024-06-30,0.016418783974152286
4031,2024-06-30,325170,2024-09-30,0.017310425982557723
4031,2024-09-30,317085,2024-12-31,0.017694986202931105
4032,2024-03-31,790936,2024-06-30,-0.014013024857690569
4032,2024-06-30,795240,2024-09-30,-0.00894448023043036
4032,2024-09-30,794181,2024-12-31,-0.006831448422511784
4033,2024-03-31,272751,2024-06-30,-0.024075699949169523
4033,2024-06-30,265650,2024-09-30,-0.017011212433087425
4033,2024-09-30,245948,2024-12-31,-0.05153199751037139
4037,2024-03-31,526011,2024-06-30,0.012998593542156336
4037,2024-06-30,529025,2024-09-30,0.01486085229995181
4037,2024-09-30,530385,2024-12-31,0.013003141509582775
4041,2024-03-31,125235,2024-06-30,0.0029973257228510927
4041,2024-06-30,144286,2024-09-30,-0.041234169217097154
4041,2024-09-30,146964,2024-12-31,-0.01715782150981604
4042,2024-03-31,533607,2024-06-30,-0.003229406446869918
4042,2024-06-30,543334,2024-09-30,0.008619158833586918
4042,2024-09-30,538408,2024-12-31,0.004215634424594733
4048,2024-03-31,689740,2024-06-30,0.008080397561288645
4048,2024-06-30,678211,2024-09-30,0.011361220800337168
4048,2024-09-30,687383,2024-12-31,0.009649977025964413
4049,2024-03-31,173564,2024-06-30,-0.010614125944606456
4049,2024-06-30,165490,2024-09-30,-0.0007784853988621596
4049,2024-09-30,173145,2024-12-31,0.008336498958873206
4050,2024-03-31,206765,2024-06-30,0.0007983033752868281
4050,2024-06-30,199994,2024-09-30,0.002786340961238168
4050,2024-09-30,200010,2024-12-31,0.0004900627364079406
4051,2024-03-31,55441,2024-06-30,-0.014093231161060706
4051,2024-06-30,60943,2024-09-30,-0.012629000764487322
4051,2024-09-30,58358,2024-12-31,0.004837405624470526
4054,2024-03-31,71057,2024-06-30,0.08884618365525267
4054,2024-06-30,73661,2024-09-30,0.09119507258578062
4054,2024-09-30,73038,2024-12-31,0.07698497654493827
4059,2024-03-31,141413,2024-06-30,0.008258284222423239
4059,2024-06-30,139629,2024-09-30,0.010221266359903673
4059,2024-09-30,132498,2024-12-31,0.0032488500350130022
4061,2024-03-31,115588,2024-06-30,-0.002344340829122797
4061,2024-06-30,113217,2024-09-30,0.001097790194517094
4061,2024-09-30,110147,2024-12-31,0.001992641612652482
4062,2024-03-31,894868,2024-06-30,0.030337356496951042
4062,2024-06-30,879501,2024-09-30,0.016316456772184105
4062,2024-09-30,864523,2024-12-31,0.00814988342886595
4063,2024-03-31,24393478,2024-06-30,0.05368556287783755
4063,2024-06-30,23008973,2024-09-30,0.05609589167397545
4063,2024-09-30,24215890,2024-12-31,0.04196777083648024
4067,2024-03-31,164353,2024-06-30,0.009701268329883586
4067,2024-06-30,162647,2024-09-30,0.004421151096722513
4067,2024-09-30,157527,2024-12-31,0.008035106770848312
4071,2024-03-31,100986,2024-06-30,-0.006034359862074833
4071,2024-06-30,97859,2024-09-30,-0.0042809207360755335
4071,2024-09-30,99649,2024-12-31,0.0034521844276767695
4076,2024-03-31,68304,2024-06-30,0.003918470513571323
4076,2024-06-30,66849,2024-09-30,0.002761553867165289
4076,2024-09-30,66060,2024-12-31,-3.683791468503764e-05
4084,2024-03-31,339221,2024-06-30,0.01968370178677627
4084,2024-06-30,352968,2024-09-30,0.018525885390189106
4084,2024-09-30,351561,2024-12-31,0.01345955884488128
4086,2024-03-31,291117,2024-06-30,-0.002366623082252643
4086,2024-06-30,287704,2024-09-30,0.004644090855831304
4086,2024-09-30,285614,2024-12-31,0.0024324373909164593
4087,2024-03-31,342007,2024-06-30,0.005641229129137448
4087,2024-06-30,347538,2024-09-30,0.0025481524748299056
4087,2024-09-30,344099,2024-12-31,0.012773542502804588
4091,2024-03-31,4284185,2024-06-30,0.07308096147624617
4091,2024-06-30,3722345,2024-09-30,0.02677104936784493
4091,2024-09-30,3429177,2024-12-31,0.06865844879758486
4092,2024-03-31,90518,2024-06-30,-0.018983175058490665
4092,2024-06-30,89781,2024-09-30,-0.01582008663055854
4092,2024-09-30,86778,2024-12-31,-0.0034657122063013034
4094,2024-03-31,97333,2024-06-30,0.006134534641220501
4094,2024-06-30,94036,2024-09-30,0.003258495590232823
4094,2024-09-30,89348,2024-12-31,0.009253303520386922
4097,2024-03-31,113498,2024-06-30,0.0003826743012962097
4097,2024-06-30,107084,2024-09-30,0.013386435502127756
4097,2024-09-30,103476,2024-12-31,0.010526681755294259
4098,2024-03-31,20160,2024-06-30,0.007091183126091484
4098,2024-06-30,20209,2024-09-30,0.004241255901986785
4098,2024-09-30,19733,2024-12-31,-0.009638379669420459
4111,2024-03-31,88109,2024-06-30,0.01861197098356412
4111,2024-06-30,86878,2024-09-30,0.004241354853630718
4111,2024-09-30,88524,2024-12-31,0.01404172112681062
4122,2024-03-31,39607,2024-06-30,-0.006246676504803221
4122,2024-06-30,40226,2024-09-30,-0.0005802782768021252
4122,2024-09-30,44326,2024-12-31,-0.007093125411568084
4123,2024-03-31,77413,2024-06-30,0.006067811189650836
4123,2024-06-30,73988,2024-09-30,0.003495871587653633
4123,2024-09-30,74809,2024-12-31,0.004713608036498382
4132,2024-03-31,372090,2024-06-30,-0.007386542585245251
4132,2024-06-30,369833,2024-09-30,0.006672760924788527
4132,2024-09-30,367368,2024-12-31,0.018639478867749207
4134,2024-03-31,96645,2024-06-30,0.02047141822298462
4134,2024-06-30,97515,2024-09-30,0.008984639336001948
4144,2024-03-31,22378,2024-06-30,-0.003727382315578081
4144,2024-06-30,21831,2024-09-30,-0.0006456798218640245
4144,2024-09-30,21878,2024-12-31,0.00849755022098811
4145,2024-03-31,489040,2024-06-30,0.003712989221878631
4145,2024-06-30,491946,2024-09-30,0.008904458253439293
4145,2024-09-30,480627,2024-12-31,0.011844474613786102
4146,2024-03-31,416626,2024-06-30,0.012580241820951138
4146,2024-06-30,406839,2024-09-30,0.014742878323922964
4146,2024-09-30,394797,2024-12-31,0.016622337385375358
4147,2024-03-31,1580212,2024-06-30,0.009266416325402404
4147,2024-06-30,1481357,2024-09-30,0.010349328893534307
4147,2024-09-30,1524256,2024-12-31,0.032446857575815675
4148,2024-03-31,194482,2024-06-30,0.03592178395433772
4148,2024-06-30,185988,2024-09-30,0.04869355405774478
4148,2024-09-30,176123,2024-12-31,0.016383969988451208
4160,2024-03-31,1488028,2024-06-30,0.04090586051188544
4160,2024-06-30,1453987,2024-09-30,0.01236323397740428
4160,2024-09-30,1524435,2024-12-31,0.01575502364261714
4161,2024-03-31,63087,2024-06-30,0.005789214233368493
4161,2024-06-30,60619,2024-09-30,0.006922510138967168
4170,2024-03-31,260902,2024-06-30,-0.00044351077780946423
4170,2024-06-30,254600,2024-09-30,-0.0031291025623120723
4170,2024-09-30,253322,2024-12-31,0.00589526290382326
4173,2024-03-31,307124,2024-06-30,0.010401136767316679
4173,2024-06-30,310628,2024-09-30,0.013829093750733846
4173,2024-09-30,302054,2024-12-31,0.010445800510975564
4178,2024-03-31,746711,2024-06-30,0.02931119207078313
4178,2024-06-30,745475,2024-09-30,0.007997170721877783
4178,2024-09-30,756637,2024-12-31,0.006829912378488501
4185,2024-03-31,397450,2024-06-30,0.024704501420331346
4185,2024-06-30,404641,2024-09-30,0.05294150700846861
4185,2024-09-30,406875,2024-12-31,0.05798520332748765
4187,2024-03-31,246619,2024-06-30,0.008516037306900502
4187,2024-06-30,240173,2024-09-30,0.011250931958753103
4187,2024-09-30,240308,2024-12-31,0.0043920853822828525
4190,2024-03-31,1212655,2024-06-30,0.013514411922444992
4190,2024-06-30,1204457,2024-09-30,0.013772357164570287
4190,2024-09-30,1190451,2024-12-31,0.01822535895649379
4193,2024-03-31,170037,2024-06-30,0.013419149615965808
4193,2024-06-30,173925,2024-09-30,0.0018500263435216996
4193,2024-09-30,168959,2024-12-31,0.015726731583066266
4196,2024-03-31,121540,2024-06-30,0.0050112453325805335
4196,2024-06-30,120539,2024-09-30,0.016161764683847345
4196,2024-09-30,120362,2024-12-31,0.01881554729277273
4208,2024-03-31,294249,2024-06-30,0.0318069317646485
4208,2024-06-30,283164,2024-09-30,0.0020821236213646325
4208,2024-09-30,287737,2024-12-31,0.02906577312618428
4209,2024-03-31,44082,2024-06-30,0.0051409095652481095
4209,2024-06-30,44100,2024-09-30,0.006371442205119075
4209,2024-09-30,43295,2024-12-31,0.003320733593631809
4211,2024-03-31,701176,2024-06-30,0.01613124526988211
4211,2024-06-30,683500,2024-09-30,0.017738753547234542
4211,2024-09-30,709675,2024-12-31,0.023138868744006655
4214,2024-03-31,35671838,2024-06-30,0.04493466573138507
4214,2024-06-30,36520082,2024-09-30,0.06357017361403619
4214,2024-09-30,37489165,2024-12-31,0.06961644813282081
4217,2024-03-31,69373,2024-06-30,0.057895020970243356
4217,2024-06-30,66892,2024-09-30,0.09611751521976612
4217,2024-09-30,63568,2024-12-31,0.08433867384694194
4222,2024-03-31,45293,2024-06-30,0.006760851947088367
4222,2024-06-30,44876,2024-09-30,0.007815292774370852
4222,2024-09-30,44646,2024-12-31,0.007587547225742209
4228,2024-03-31,243805,2024-06-30,0.020348019231442745
4228,2024-06-30,247846,2024-09-30,0.009801786419863939
4228,2024-09-30,241817,2024-12-31,0.011794888457363399
4232,2024-03-31,96376,2024-06-30,0.005992395561549439
4232,2024-06-30,96255,2024-09-30,0.0053683277124223485
4232,2024-09-30,98029,2024-12-31,0.00014925608999628655
4235,2024-03-31,235724,2024-06-30,0.00924324026360766
4235,2024-06-30,230866,2024-09-30,0.007965602503346738
4235,2024-09-30,243157,2024-12-31,0.012227731006883272
4236,2024-03-31,403149,2024-06-30,0.022396276995353324
4236,2024-06-30,403976,2024-09-30,0.017303928994547243
4236,2024-09-30,392681,2024-12-31,0.017852620438364983
4239,2024-03-31,12812005,2024-06-30,0.027749633855616723
4239,2024-06-30,12125998,2024-09-30,0.05189533369396753
4239,2024-09-30,12379707,2024-12-31,0.05644072521485943
4241,2024-03-31,236089,2024-06-30,-0.041859187503920155
4241,2024-06-30,230622,2024-09-30,-0.042072136548206955
4241,2024-09-30,228965,2024-12-31,-0.022333284499896865
4255,2024-03-31,4586176,2024-06-30,0.01730280652944584
4255,2024-06-30,4547560,2024-09-30,0.03218786541672639
4255,2024-09-30,4609875,2024-12-31,0.0317567698551498
4256,2024-03-31,2549402,2024-06-30,0.01604426978515633
4256,2024-06-30,2578790,2024-09-30,0.025416303893401222
4256,2024-09-30,2703552,2024-12-31,0.026955522650319145
4288,2024-03-31,479420,2024-06-30,0.013140877135104208
4288,2024-06-30,487996,2024-09-30,0.03584676191054316
4288,2024-09-30,475423,2024-12-31,0.03235387895599094
4290,2024-03-31,413025,2024-06-30,-0.0003913626954480478
4290,2024-06-30,399445,2024-09-30,0.0010635125056559396
4290,2024-09-30,430438,2024-12-31,0.014482823350939013
4297,2024-03-31,374089715,2024-06-30,0.014155702656339966
4297,2024-06-30,372464078,2024-09-30,0.01506970801157587
4297,2024-09-30,379885907,2024-12-31,0.024473239947570065
4318,2024-03-31,288237,2024-06-30,0.018584717070027634
4318,2024-06-30,284005,2024-09-30,0.012570850924308558
4318,2024-09-30,290636,2024-12-31,0.01840483769308944
4319,2024-03-31,710088,2024-06-30,0.027457760827734365
4319,2024-06-30,712929,2024-09-30,0.04287884433916286
4319,2024-09-30,748359,2024-12-31,0.04044107447078537
4324,2024-03-31,374514,2024-06-30,0.0005609672180710265
4324,2024-06-30,379686,2024-09-30,0.015288073261946086
4324,2024-09-30,375344,2024-12-31,0.02782272563227457
4360,2024-03-31,5650837,2024-06-30,0.004571297343962698
4360,2024-06-30,5701882,2024-09-30,0.036914157334382844
4360,2024-09-30,5800550,2024-12-31,0.03880083575817031
4364,2024-03-31,347866,2024-06-30,-0.0011938850135926932
4364,2024-06-30,363320,2024-09-30,0.010418716400255185
4364,2024-09-30,360948,2024-12-31,0.010181948387250074
4365,2024-03-31,14956079,2024-06-30,0.028736484186445525
4365,2024-06-30,14623477,2024-09-30,0.03890531006396429
4365,2024-09-30,14441602,2024-12-31,0.036950484479347
4382,2024-03-31,4135733,2024-06-30,0.03667488627329462
4382,2024-06-30,4212339,2024-09-30,0.040502043473229374
4382,2024-09-30,4727172,2024-12-31,0.07732554732259932
4398,2024-03-31,124312,2024-06-30,-0.00265911810654299
4398,2024-06-30,142077,2024-09-30,-0.03877258181387009
4398,2024-09-30,128347,2024-12-31,0.01936963734964739
4419,2024-03-31,523800,2024-06-30,0.02151514072661085
4419,2024-06-30,535767,2024-09-30,0.005690736594409943
4419,2024-09-30,549897,2024-12-31,0.020803378312495117
4432,2024-03-31,379407,2024-06-30,-0.04509310554599286
4432,2024-06-30,366948,2024-09-30,-0.05093778481197487
4432,2024-09-30,352616,2024-12-31,-0.01619314866929139
4433,2024-03-31,1581824,2024-06-30,-0.0010545173817410076
4433,2024-06-30,1601910,2024-09-30,0.013345952227062296
4433,2024-09-30,1663439,2024-12-31,0.012031212320177793
4439,2024-03-31,384284,2024-06-30,-0.06579246637396391
4439,2024-06-30,347696,2024-09-30,0.011364107482633503
4439,2024-09-30,352797,2024-12-31,-0.01928828216690512
4457,2024-03-31,52969,2024-06-30,0.01396425145278458
4457,2024-06-30,58248,2024-09-30,0.007948351316043352
4457,2024-09-30,56416,2024-12-31,0.012548124214747157
4464,2024-03-31,199391,2024-06-30,0.006874675890092613
4464,2024-06-30,189778,2024-09-30,0.02414102638580037
4464,2024-09-30,218986,2024-12-31,-0.02105512785103472
4465,2024-03-31,558041,2024-06-30,0.04131959742450212
4465,2024-06-30,555970,2024-09-30,0.04798025311401114
4465,2024-09-30,542684,2024-12-31,0.05602245168626982
4476,2024-03-31,73085,2024-06-30,0.027259068503422287
4476,2024-06-30,70047,2024-09-30,0.023452358808256118
4476,2024-09-30,71585,2024-12-31,0.012435840867951003
4477,2024-03-31,66771,2024-06-30,0.006385994455157378
4477,2024-06-30,68620,2024-09-30,-0.009167481704623334
4477,2024-09-30,66391,2024-12-31,0.0004592994248929046
4482,2024-03-31,91706,2024-06-30,0.014668066016478541
4482,2024-06-30,91014,2024-09-30,0.009702987057695149
4482,2024-09-30,90960,2024-12-31,0.006005698586732227
4494,2024-03-31,34226,2024-06-30,-0.029345298718312762
4494,2024-06-30,32821,2024-09-30,-0.01777876836093812
4494,2024-09-30,31991,2024-12-31,-0.007736579955630357
4506,2024-03-31,1230241,2024-06-30,-0.028688786386177667
4506,2024-06-30,1178685,2024-09-30,-0.013302298051827793
4506,2024-09-30,1202119,2024-12-31,0.0010202028207770138
4511,2024-03-31,207062,2024-06-30,0.00276722657092036
4511,2024-06-30,203462,2024-09-30,0.0028991921712918757
4511,2024-09-30,200629,2024-12-31,0.0040877436502360556
4514,2024-03-31,114299,2024-06-30,-0.01506128057170827
4514,2024-06-30,120840,2024-09-30,-0.01830572098930318
4514,2024-09-30,114904,2024-12-31,0.0013459173363765853
4519,2024-03-31,585619,2024-06-30,0.031141804770639964
4519,2024-06-30,592039,2024-09-30,0.028086345257478298
4519,2024-09-30,606739,2024-12-31,0.034834752815179615
4526,2024-03-31,341432,2024-06-30,0.025658039072589
4526,2024-06-30,303701,2024-09-30,0.0170207852466795
4526,2024-09-30,307580,2024-12-31,0.030243332862587017
4539,2024-03-31,421415,2024-06-30,0.008387941558563386
4539,2024-06-30,430457,2024-09-30,0.007259976693139925
4539,2024-09-30,426263,2024-12-31,0.013632012327591333
4540,2024-03-31,739669,2024-06-30,0.005210964596701746
4540,2024-06-30,768442,2024-09-30,0.01286204444036176
4540,2024-09-30,790550,2024-12-31,0.026368589530896606
4549,2024-03-31,610447,2024-06-30,0.016707515855506755
4549,2024-06-30,640914,2024-09-30,0.006712181630950625
4549,2024-09-30,675201,2024-12-31,0.0004378608504003253
4556,2024-03-31,88442,2024-06-30,0.0028843858518297362
4556,2024-06-30,85144,2024-09-30,0.0063104623070529015
4556,2024-09-30,83120,2024-12-31,0.002258437081116327
4598,2024-03-31,99290,2024-06-30,-0.021257925083898708
4598,2024-06-30,96998,2024-09-30,-0.017036436044533153
4598,2024-09-30,96967,2024-12-31,-0.020513588950029304
4611,2024-03-31,130832,2024-06-30,-0.004307698468548721
4611,2024-06-30,128557,2024-09-30,-0.020214800200432155
4611,2024-09-30,125439,2024-12-31,-0.022870972003976055
4619,2024-03-31,497638,2024-06-30,0.009234759903439829
4619,2024-06-30,485888,2024-09-30,0.012641397381411075
4619,2024-09-30,490180,2024-12-31,0.01504240904947006
4621,2024-03-31,138294,2024-06-30,0.014612158433169898
4621,2024-06-30,134573,2024-09-30,0.015215123375852155
4621,2024-09-30,133943,2024-12-31,0.01981315785081861
4624,2024-03-31,124054,2024-06-30,-0.005986818331135009
4624,2024-06-30,130287,2024-09-30,-0.022466583563573582
4624,2024-09-30,121471,2024-12-31,0.03342733958164093
4630,2024-03-31,86358,2024-06-30,0.00358266953608139
4630,2024-06-30,85774,2024-09-30,-0.0005404753720469302
4630,2024-09-30,81933,2024-12-31,0.003672338500525373
4636,2024-03-31,227506,2024-06-30,0.011415736160133064
4636,2024-06-30,227154,2024-09-30,0.02842604462450132
4636,2024-09-30,239846,2024-12-31,0.020303205227634662
4638,2024-03-31,126871,2024-06-30,0.024940208625577987
4638,2024-06-30,126855,2024-09-30,0.009687468189698043
4638,2024-09-30,124744,2024-12-31,0.03826524774247694
4649,2024-03-31,83120,2024-06-30,0.014914464283293577
4649,2024-06-30,91900,2024-09-30,0.017162982781893526
4649,2024-09-30,90007,2024-12-31,0.013592355162549016
4652,2024-03-31,36707,2024-06-30,-0.012950818754249369
4652,2024-06-30,35645,2024-09-30,0.004109306331779522
4652,2024-09-30,35276,2024-12-31,0.007308465533842286
4654,2024-03-31,63420,2024-06-30,-0.009319803591108393
4654,2024-06-30,62854,2024-09-30,-0.0031737258761964002
4654,2024-09-30,61569,2024-12-31,0.002790794533329108
4660,2024-03-31,211565,2024-06-30,0.04367588464871594
4660,2024-06-30,206509,2024-09-30,0.058786042005994944
4660,2024-09-30,205256,2024-12-31,0.06514078160677153
4664,2024-03-31,137903,2024-06-30,0.0143894858373173
4664,2024-06-30,155542,2024-09-30,0.044550413397497636
4664,2024-09-30,150185,2024-12-31,0.03393032042015578
4666,2024-03-31,1173909,2024-06-30,0.0014299672520909298
4666,2024-06-30,1175917,2024-09-30,-0.005073720836816605
4666,2024-09-30,1170465,2024-12-31,-0.0004279371746732123
4668,2024-03-31,51134,2024-06-30,0.0011346926749540743
4668,2024-06-30,52157,2024-09-30,0.0059083694434404555
4668,2024-09-30,52796,2024-12-31,0.013040536261988818
4673,2024-03-31,772716,2024-06-30,0.01225086647192045
4673,2024-06-30,764097,2024-09-30,0.012099998057173681
4673,2024-09-30,761095,2024-12-31,0.013844464336761864
4678,2024-03-31,206548,2024-06-30,-0.00013273609208227575
4678,2024-06-30,201332,2024-09-30,-0.0013315808346182306
4678,2024-09-30,193609,2024-12-31,-0.0005477708569592905
4683,2024-03-31,14323,2024-06-30,-0.004508192352099689
4683,2024-06-30,14039,2024-09-30,0.0015551726685789163
4683,2024-09-30,14388,2024-12-31,-0.0043371342500622845
4690,2024-03-31,70222,2024-06-30,0.01760079290294412
4690,2024-06-30,70501,2024-09-30,0.014591142739871029
4690,2024-09-30,70572,2024-12-31,0.013520135588944356
4693,2024-03-31,67174,2024-06-30,0.00034452166789358617
4693,2024-06-30,64998,2024-09-30,0.009737925896585373
4693,2024-09-30,63118,2024-12-31,0.007141506083110233
4697,2024-03-31,964874,2024-06-30,0.008271791995533672
4697,2024-06-30,972938,2024-09-30,0.0019777748020670147
4697,2024-09-30,987596,2024-12-31,0.017311487412765593
4702,2024-03-31,1123268,2024-06-30,0.017069207032866872
4702,2024-06-30,1115108,2024-09-30,0.013383486942932581
4702,2024-09-30,1085109,2024-12-31,0.012999425556897273
4705,2024-03-31,2854160,2024-06-30,0.012558174928267605
4705,2024-06-30,2861307,2024-09-30,0.03780828906556046
4705,2024-09-30,2939959,2024-12-31,0.04069700833348882
4707,2024-03-31,455391,2024-06-30,0.018602494605739737
4707,2024-06-30,459151,2024-09-30,0.03089927823804761
4707,2024-09-30,442862,2024-12-31,0.03295563428709134
4722,2024-03-31,151068,2024-06-30,0.038887157189795345
4722,2024-06-30,141243,2024-09-30,0.018518245007057878
4722,2024-09-30,144079,2024-12-31,0.009770655957691768
4728,2024-03-31,24060,2024-06-30,0.014571872662899403
4728,2024-06-30,23931,2024-09-30,0.015558468178423927
4728,2024-09-30,23356,2024-12-31,0.022843651438064144
4735,2024-03-31,153952,2024-06-30,0.027406324669370725
4735,2024-06-30,157755,2024-09-30,0.0264331488648901
4735,2024-09-30,155598,2024-12-31,0.015280301102157801
4746,2024-03-31,622838,2024-06-30,0.022521252702261265
4746,2024-06-30,641055,2024-09-30,0.009723961289584599
4746,2024-09-30,597711,2024-12-31,0.05175630989614785
4752,2024-03-31,81794,2024-06-30,0.004568108092404797
4752,2024-06-30,79505,2024-09-30,0.007155011071235993
4752,2024-09-30,77948,2024-12-31,0.00782442188503795
4756,2024-03-31,243517,2024-06-30,-0.0014707672968216471
4756,2024-06-30,238667,2024-09-30,0.009372838505061732
4756,2024-09-30,226919,2024-12-31,0.027135512108687254
4766,2024-03-31,192657,2024-06-30,0.029149213589846082
4766,2024-06-30,186666,2024-09-30,0.055714209615861925
4766,2024-09-30,189068,2024-12-31,0.06496894343384817
4767,2024-03-31,6554671,2024-06-30,-0.022753358986812643
4767,2024-06-30,6729655,2024-09-30,-0.005101481337137336
4767,2024-09-30,6760556,2024-12-31,0.0024417340199251575
4769,2024-03-31,135266,2024-06-30,0.011676863470150217
4769,2024-06-30,132487,2024-09-30,0.01512328842130766
4769,2024-09-30,129676,2024-12-31,0.01827859436781765
4770,2024-03-31,46881,2024-06-30,0.014653192654967707
4770,2024-06-30,47146,2024-09-30,0.017233799336850417
4770,2024-09-30,45240,2024-12-31,0.01929166633788118
4773,2024-03-31,138874,2024-06-30,-0.001285107525209592
4773,2024-06-30,136667,2024-09-30,-0.0028193591080395257
4773,2024-09-30,136547,2024-12-31,-0.004434626897342289
4774,2024-03-31,42091,2024-06-30,0.0571985839026006
4774,2024-06-30,45274,2024-09-30,0.003867331877641129
4774,2024-09-30,48498,2024-12-31,0.00837110199109921
4775,2024-03-31,119088,2024-06-30,-0.01029658974616085
4775,2024-06-30,118686,2024-09-30,-0.014436508439956018
4775,2024-09-30,117883,2024-12-31,-0.0053601049765879755
4778,2024-03-31,211928,2024-06-30,-0.03658089895141815
4778,2024-06-30,218165,2024-09-30,-0.009113530412236816
4778,2024-09-30,211588,2024-12-31,0.028105857741190416
4779,2024-03-31,572977,2024-06-30,-1.6832611562169698e-05
4779,2024-06-30,579697,2024-09-30,0.006564591205887512
4779,2024-09-30,591404,2024-12-31,0.032461880085116655
4789,2024-03-31,2157612,2024-06-30,0.00751837826345735
4789,2024-06-30,2133472,2024-09-30,0.01796261712774023
4789,2024-09-30,2262730,2024-12-31,0.030822203330333888
4791,2024-03-31,391791,2024-06-30,0.01226152666958189
4791,2024-06-30,388947,2024-09-30,0.01974686591674385
4791,2024-09-30,393244,2024-12-31,0.030829126417425284
4792,2024-03-31,60798,2024-06-30,0.004436791869253111
4792,2024-06-30,53737,2024-09-30,0.021798770441191908
4792,2024-09-30,56602,2024-12-31,0.0022516685228906857
4794,2024-03-31,82667,2024-06-30,0.004879218945229702
4794,2024-06-30,85531,2024-09-30,0.00017069997434420405
4794,2024-09-30,81440,2024-12-31,0.014929619088307939
4796,2024-03-31,105369,2024-06-30,-0.019105168662064947
4796,2024-06-30,108633,2024-09-30,-0.019777202141849595
4796,2024-09-30,99795,2024-12-31,0.011755315759563923
4799,2024-03-31,6525518,2024-06-30,0.018458692474125803
4799,2024-06-30,6548935,2024-09-30,0.026452330416190634
4799,2024-09-30,6647811,2024-12-31,0.03505838326891511
4801,2024-03-31,474809,2024-06-30,0.003174411191618416
4801,2024-06-30,456837,2024-09-30,0.011115028695337167
4801,2024-09-30,460308,2024-12-31,0.010307426643689572
4832,2024-03-31,5188640,2024-06-30,0.11890767570416864
4832,2024-06-30,5153053,2024-09-30,0.11165764370160543
4832,2024-09-30,5231603,2024-12-31,0.06584947112124984
4857,2024-03-31,1575713,2024-06-30,0.02318183376230816
4857,2024-06-30,1545561,2024-09-30,0.019191319145820347
4857,2024-09-30,1547358,2024-12-31,0.020042683789733066
4865,2024-03-31,11351989,2024-06-30,0.06602852451404183
4865,2024-06-30,11464121,2024-09-30,0.10213721867533639
4865,2024-09-30,11854192,2024-12-31,0.08530823486533791
4931,2024-03-31,1595850,2024-06-30,-0.0039034250322732915
4931,2024-06-30,1561036,2024-09-30,0.014037654633798101
4931,2024-09-30,1558154,2024-12-31,0.017534453662291578
4945,2024-03-31,173543,2024-06-30,0.005140763277651095
4945,2024-06-30,173784,2024-09-30,0.010703236781021728
4945,2024-09-30,173988,2024-12-31,0.016251892079210416
4952,2024-03-31,751589,2024-06-30,0.007631170633421006
4952,2024-06-30,754681,2024-09-30,0.0024716777800642157
4952,2024-09-30,752559,2024-12-31,0.007965235035038622
4958,2024-03-31,293632,2024-06-30,0.02079020453888371
4958,2024-06-30,287944,2024-09-30,0.020919176204668814
4958,2024-09-30,287827,2024-12-31,0.02282843885623378
4960,2024-03-31,204476,2024-06-30,0.024543310096039644
4960,2024-06-30,200237,2024-09-30,0.02414137900057279
4960,2024-09-30,195756,2024-12-31,0.023080341325759268
4972,2024-03-31,2057724,2024-06-30,0.013350332190461766
4972,2024-06-30,2093254,2024-09-30,0.02249600293003753
4972,2024-09-30,2076004,2024-12-31,0.015266593575645044
4977,2024-03-31,66653093,2024-06-30,0.08785958310889953
4977,2024-06-30,65403394,2024-09-30,0.09139967033080418
4977,2024-09-30,67395008,2024-12-31,0.11577804611563404
4988,2024-03-31,15417228,2024-06-30,0.004586853919813698
4988,2024-06-30,15540064,2024-09-30,0.020730539365099377
4988,2024-09-30,15321323,2024-12-31,0.02421024811956251
4993,2024-03-31,1435559,2024-06-30,0.0031291398991476894
4993,2024-06-30,1446435,2024-09-30,0.00653082213882395
4993,2024-09-30,1441460,2024-12-31,0.007280578053434125
5005,2024-03-31,647968,2024-06-30,0.03648011876865199
5005,2024-06-30,646718,2024-09-30,0.03602924929099694
5005,2024-09-30,664577,2024-12-31,0.022599128234959492
5006,2024-03-31,446194,2024-06-30,0.014846785782182207
5006,2024-06-30,445923,2024-09-30,0.021147556771162472
5006,2024-09-30,437284,2024-12-31,0.016713311945705148
5015,2024-03-31,414756,2024-06-30,0.012508844979530864
5015,2024-06-30,409458,2024-09-30,0.03278856771509932
5015,2024-09-30,403808,2024-12-31,0.03620088803023944
5018,2024-03-31,422048,2024-06-30,0.0019988420744941797
5018,2024-06-30,412189,2024-09-30,0.011986581736932525
5018,2024-09-30,460854,2024-12-31,0.01735774302984671
5019,2024-03-31,1215898,2024-06-30,0.03846047214326356
5019,2024-06-30,1209935,2024-09-30,0.044498384682513936
5019,2024-09-30,1271520,2024-12-31,0.03784074771631633
5033,2024-03-31,1050525,2024-06-30,0.04248246221943125
5033,2024-06-30,1108269,2024-09-30,0.04722998527979653
5033,2024-09-30,1139084,2024-12-31,0.05444820891903159
5058,2024-03-31,850197,2024-06-30,0.06024797807126453
5058,2024-06-30,836986,2024-09-30,0.06024138517430923
5058,2024-09-30,860127,2024-12-31,0.07469649873897379
5062,2024-03-31,338941,2024-06-30,-0.0011302055243160851
5062,2024-06-30,342636,2024-09-30,0.00498572725226983
5062,2024-09-30,365859,2024-12-31,0.021387524935284192
5072,2024-03-31,510261,2024-06-30,-0.010512351387503156
5072,2024-06-30,493334,2024-09-30,0.037128127822667154
5072,2024-09-30,534849,2024-12-31,-0.01970505801618427
5074,2024-03-31,291959,2024-06-30,-0.011806761290183305
5074,2024-06-30,297000,2024-09-30,-0.0035378388641861746
5074,2024-09-30,343896,2024-12-31,-0.0676832586868114
5076,2024-03-31,49966,2024-06-30,-0.0002875488036746832
5076,2024-06-30,50120,2024-09-30,2.632015716585237e-05
5076,2024-09-30,50898,2024-12-31,0.006583675167879525
5087,2024-03-31,103526,2024-06-30,0.007231777145895276
5087,2024-06-30,103543,2024-09-30,0.011942668087430518
5087,2024-09-30,107358,2024-12-31,0.00451529121406891
5093,2024-03-31,783513,2024-06-30,-0.0002862543031596428
5093,2024-06-30,793420,2024-09-30,0.029582343365150223
5093,2024-09-30,789911,2024-12-31,0.036593944287721385
5095,2024-03-31,344845,2024-06-30,0.007039292551359772
5095,2024-06-30,389320,2024-09-30,0.009740468623891559
5095,2024-09-30,382871,2024-12-31,0.013679816403991206
5097,2024-03-31,249608,2024-06-30,-0.01071049576094409
5097,2024-06-30,252651,2024-09-30,3.4687734832216607e-06
5097,2024-09-30,262288,2024-12-31,-0.0011597634941460573
5105,2024-03-31,64156,2024-06-30,0.008827625118182383
5105,2024-06-30,73612,2024-09-30,0.09153099742382492
5105,2024-09-30,72661,2024-12-31,0.039087586865422
5107,2024-03-31,70677,2024-06-30,0.005185126462139268
5107,2024-06-30,69559,2024-09-30,-0.0010605150773285365
5107,2024-09-30,68764,2024-12-31,-0.003230853870077074
5110,2024-03-31,30357,2024-06-30,0.04483478995065499
5110,2024-06-30,36169,2024-09-30,-0.08347605819719109
5110,2024-09-30,33265,2024-12-31,-0.011316691263179118
5113,2024-03-31,72129,2024-06-30,0.002452161740972202
5113,2024-06-30,68444,2024-09-30,0.008123562454274017
5113,2024-09-30,72550,2024-12-31,-0.006156364285228284
5115,2024-03-31,105350,2024-06-30,-0.007531243126206803
5115,2024-06-30,107572,2024-09-30,0.017886787498391725
5115,2024-09-30,110993,2024-12-31,0.015632817221811986
5116,2024-03-31,255394,2024-06-30,-0.013763453320899182
5116,2024-06-30,251697,2024-09-30,-0.014226304249373696
5116,2024-09-30,256369,2024-12-31,-0.01548546029231144
5117,2024-03-31,94209,2024-06-30,0.004370590710782337
5117,2024-06-30,93292,2024-09-30,0.004126847910525957
5117,2024-09-30,98380,2024-12-31,0.0004404058025012446
5123,2024-03-31,845239,2024-06-30,0.05950077708724379
5123,2024-06-30,865847,2024-09-30,0.05159466712894255
5123,2024-09-30,1055628,2024-12-31,0.014095154880411014
5131,2024-03-31,104682,2024-06-30,-0.011719177994459231
5131,2024-06-30,99198,2024-09-30,-0.002442090203922001
5131,2024-09-30,104458,2024-12-31,-0.0058468501491719576
5136,2024-03-31,278124,2024-06-30,0.0011188637169512305
5136,2024-06-30,279411,2024-09-30,-0.00262912197257656
5136,2024-09-30,281897,2024-12-31,0.006043802639504998
5141,2024-03-31,80751,2024-06-30,-0.00023071608795263395
5141,2024-06-30,75475,2024-09-30,0.0019847938246214825
5141,2024-09-30,82711,2024-12-31,-0.003746788941205802
5142,2024-03-31,23634,2024-06-30,0.005163694972071241
5142,2024-06-30,22972,2024-09-30,0.0011659954221507846
5142,2024-09-30,23627,2024-12-31,-0.007786592435076745
5146,2024-03-31,2864803,2024-06-30,0.0875645973266189
5146,2024-06-30,2776761,2024-09-30,0.08184069151592614
5146,2024-09-30,2918821,2024-12-31,0.06263404673209828
5150,2024-03-31,61778,2024-06-30,0.01369697896804523
5150,2024-06-30,63949,2024-09-30,0.018861518931636678
5150,2024-09-30,68445,2024-12-31,0.030145181281325574
5162,2024-03-31,324934,2024-06-30,-0.015214070912960013
5162,2024-06-30,332769,2024-09-30,-0.0028945682181158055
5162,2024-09-30,341002,2024-12-31,-0.01111817950577193
5170,2024-03-31,1106134,2024-06-30,0.0031035187155113993
5170,2024-06-30,1139034,2024-09-30,0.007490431476120793
5170,2024-09-30,1173679,2024-12-31,0.010824984337902499
5175,2024-03-31,54840,2024-06-30,0.030347194336476226
5175,2024-06-30,64740,2024-09-30,0.015705096419259972
5175,2024-09-30,64960,2024-12-31,0.027485596839060242
5180,2024-03-31,142259,2024-06-30,-0.012288746374262685
5180,2024-06-30,132966,2024-09-30,0.004709775701145717
5180,2024-09-30,136320,2024-12-31,0.01547772295122661
5186,2024-03-31,197652,2024-06-30,-0.00011034945047806496
5186,2024-06-30,192794,2024-09-30,0.0047143862669954874
5186,2024-09-30,194456,2024-12-31,0.008353754675358389
5193,2024-03-31,722860,2024-06-30,0.03397914589297246
5193,2024-06-30,714404,2024-09-30,0.051296645534842616
5193,2024-09-30,760044,2024-12-31,0.04463365426186104
5196,2024-03-31,28128,2024-06-30,-0.007693718383030877
5196,2024-06-30,28195,2024-09-30,0.005278788421651702
5196,2024-09-30,27595,2024-12-31,0.005111922806618112
5197,2024-03-31,101025,2024-06-30,0.0172216478721789
5197,2024-06-30,100505,2024-09-30,0.01941566753815657
5197,2024-09-30,103922,2024-12-31,0.01939798503706895
5198,2024-03-31,241865,2024-06-30,0.00789341303590214
5198,2024-06-30,246248,2024-09-30,0.017538956629255517
5198,2024-09-30,251420,2024-12-31,0.008207571694650875
5214,2024-03-31,110833,2024-06-30,0.011325628587014688
5214,2024-06-30,107369,2024-09-30,0.03167604512843638
5214,2024-09-30,112623,2024-12-31,0.013588259964142138
5219,2024-03-31,325106,2024-06-30,0.011664553174631073
5219,2024-06-30,319587,2024-09-30,0.009840272208043153
5219,2024-09-30,312843,2024-12-31,0.0025341989944155426
5221,2024-03-31,73431,2024-06-30,-0.014535939869121784
5221,2024-06-30,73486,2024-09-30,-0.007161119786762203
5221,2024-09-30,76109,2024-12-31,0.009806488353556938
5223,2024-03-31,284561,2024-06-30,0.0057581358160800145
5223,2024-06-30,302654,2024-09-30,-0.007663225803765519
5223,2024-09-30,300111,2024-12-31,-0.015615953720188444
5229,2024-03-31,288599,2024-06-30,0.00909387718508168
5229,2024-06-30,304547,2024-09-30,0.008289661817496052
5229,2024-09-30,330414,2024-12-31,-0.00019685755978916578
5232,2024-03-31,28776,2024-06-30,-0.0023006671719881413
5232,2024-06-30,28158,2024-09-30,0.0035593201333206856
5232,2024-09-30,28578,2024-12-31,0.0058973964060142076
5247,2024-03-31,382601,2024-06-30,0.049099783463420824
5247,2024-06-30,383882,2024-09-30,0.06890020221767863
5247,2024-09-30,381115,2024-12-31,0.06543020847625469
5249,2024-03-31,247839,2024-06-30,0.022208511186980945
5249,2024-06-30,243996,2024-09-30,0.025048916616946387
5249,2024-09-30,252230,2024-12-31,0.013605642230679454
5252,2024-03-31,156522,2024-06-30,0.008694990120270255
5252,2024-06-30,156133,2024-09-30,0.0071697363825759365
5252,2024-09-30,164630,2024-12-31,0.011650396820406073
5269,2024-03-31,638763,2024-06-30,-0.004848316170338643
5269,2024-06-30,651403,2024-09-30,0.012958761667330293
5269,2024-09-30,692615,2024-12-31,-0.0017006394303712034
5270,2024-03-31,162392,2024-06-30,-0.005853661573709526
5270,2024-06-30,160204,2024-09-30,0.006311278711375867
5270,2024-09-30,160819,2024-12-31,0.008286704158329234
5278,2024-03-31,48081,2024-06-30,0.0039887122178642685
5278,2024-06-30,48052,2024-09-30,0.0061123804816299926
5278,2024-09-30,49180,2024-12-31,0.0022468837755540466
5280,2024-03-31,461502,2024-06-30,0.05473123647380232
5280,2024-06-30,467719,2024-09-30,0.06727367849405923
5280,2024-09-30,475972,2024-12-31,0.073686887375367
5283,2024-03-31,171461,2024-06-30,0.018005850332328103
5283,2024-06-30,169773,2024-09-30,0.02567630323906876
5283,2024-09-30,179601,2024-12-31,0.0067754375686345765
5285,2024-03-31,1223557,2024-06-30,0.02117833802325828
5285,2024-06-30,1216043,2024-09-30,0.024021392814285857
5285,2024-09-30,1267246,2024-12-31,0.03182913836018163
5286,2024-03-31,495613,2024-06-30,0.004195889052293907
5286,2024-06-30,497181,2024-09-30,0.01428342306218466
5286,2024-09-30,509391,2024-12-31,0.016432815540176327
5295,2024-03-31,457811,2024-06-30,0.005770500972531257
5295,2024-06-30,451497,2024-09-30,0.017431463519616042
5295,2024-09-30,461554,2024-12-31,0.023290948077220288
5296,2024-03-31,33733530,2024-06-30,0.02130047909697805
5296,2024-06-30,32764058,2024-09-30,0.01282577258792432
5296,2024-09-30,33823377,2024-12-31,0.011972502790923765
5297,2024-03-31,296743,2024-06-30,0.015802417796395404
5297,2024-06-30,295449,2024-09-30,0.031497424887216054
5297,2024-09-30,312479,2024-12-31,0.031584700553245235
5304,2024-03-31,3459776,2024-06-30,0.04358737928009011
5304,2024-06-30,3447471,2024-09-30,0.036814930726121395
5304,2024-09-30,3547038,2024-12-31,0.03537722366037598
5306,2024-03-31,599879,2024-06-30,-0.021722590458495387
5306,2024-06-30,569007,2024-09-30,0.0022215981358420767
5306,2024-09-30,570133,2024-12-31,0.004918681702502005
5317,2024-03-31,230589,2024-06-30,0.010302145846819188
5317,2024-06-30,229359,2024-09-30,0.014657126947761924
5317,2024-09-30,234142,2024-12-31,0.023359676609860762
5335,2024-03-31,536853,2024-06-30,0.012320401658593591
5335,2024-06-30,533108,2024-09-30,0.010080521571391667
5335,2024-09-30,549519,2024-12-31,0.00403372618397841
5336,2024-03-31,196977,2024-06-30,-0.015141651266950773
5336,2024-06-30,189036,2024-09-30,-0.01967952269874975
5336,2024-09-30,194778,2024-12-31,0.005378121766435936
5337,2024-03-31,205316,2024-06-30,-0.02080149819902913
5337,2024-06-30,206572,2024-09-30,-0.01802221601864317
5337,2024-09-30,208165,2024-12-31,-0.0038712735069514363
5357,2024-03-31,283281,2024-06-30,0.005092981971597481
5357,2024-06-30,282757,2024-09-30,0.014196301927282993
5357,2024-09-30,284391,2024-12-31,0.010725044156489127
5364,2024-03-31,289004,2024-06-30,-0.0004957337407658125
5364,2024-06-30,282657,2024-09-30,0.0066492193285502404
5364,2024-09-30,275236,2024-12-31,0.004572559159440534
5369,2024-03-31,97750,2024-06-30,-0.002964292306189613
5369,2024-06-30,97251,2024-09-30,0.001056886465714515
5369,2024-09-30,98248,2024-12-31,0.003808153424972571
5377,2024-03-31,104471,2024-06-30,0.00795426154360139
5377,2024-06-30,110591,2024-09-30,-0.006223242248485552
5377,2024-09-30,113684,2024-12-31,-0.007362602083867023
5380,2024-03-31,25975,2024-06-30,-0.00392190767138186
5380,2024-06-30,25211,2024-09-30,0.013192437120823679
5380,2024-09-30,24246,2024-12-31,-0.001069037953954889
5384,2024-03-31,212385,2024-06-30,0.0030279748728162708
5384,2024-06-30,228920,2024-09-30,0.012785411675359336
5384,2024-09-30,236340,2024-12-31,0.034447021267189105
5394,2024-03-31,295519,2024-06-30,-0.0062076049231511695
5394,2024-06-30,284885,2024-09-30,-0.013462840391349602
5394,2024-09-30,295040,2024-12-31,-0.0004828629883991726
5396,2024-03-31,240959,2024-06-30,0.011103379472535278
5396,2024-06-30,268660,2024-09-30,0.0367487434940522
5396,2024-09-30,286056,2024-12-31,0.03313075651490921
5401,2024-03-31,104119,2024-06-30,0.0012984516965199315
5401,2024-06-30,110241,2024-09-30,0.0037357114418660894
5401,2024-09-30,112770,2024-12-31,0.0025740659795252824
5405,2024-03-31,79175,2024-06-30,-0.007011301553449658
5405,2024-06-30,79717,2024-09-30,-0.008213880931377171
5405,2024-09-30,75593,2024-12-31,0.032239483189803866
5408,2024-03-31,55810,2024-06-30,0.010222011397514172
5408,2024-06-30,55217,2024-09-30,0.010394561545934287
5408,2024-09-30,54142,2024-12-31,0.015142376340062618
5410,2024-03-31,313282,2024-06-30,0.02776664218227407
5410,2024-06-30,279774,2024-09-30,0.029772625647836736
5410,2024-09-30,311605,2024-12-31,0.009392374472342407
5415,2024-03-31,1651297,2024-06-30,0.01685585011204829
5415,2024-06-30,1489268,2024-09-30,0.01711972012863657
5415,2024-09-30,1594293,2024-12-31,0.0317665318564641
5422,2024-03-31,75974,2024-06-30,-0.0036446346473247154
5422,2024-06-30,73881,2024-09-30,0.005933003228091924
5422,2024-09-30,70139,2024-12-31,0.00953263078630189
5424,2024-03-31,270776,2024-06-30,0.0036691426983351057
5424,2024-06-30,271146,2024-09-30,0.01668825257790667
5424,2024-09-30,265635,2024-12-31,0.029478095236163175
5425,2024-03-31,33364,2024-06-30,-0.1906401941081757
5425,2024-06-30,43548,2024-09-30,-0.12458397936432758
5425,2024-09-30,59187,2024-12-31,0.060618971762809476
5432,2024-03-31,353413,2024-06-30,0.010212146475858908
5432,2024-06-30,360192,2024-09-30,0.01021136037031307
5432,2024-09-30,358322,2024-12-31,0.0034536115415187713
5434,2024-03-31,485035,2024-06-30,-0.00214268120469591
5434,2024-06-30,479977,2024-09-30,0.00328498235768166
5434,2024-09-30,480131,2024-12-31,0.00993628555317718
5438,2024-03-31,76263,2024-06-30,-0.01085526662523466
5438,2024-06-30,75164,2024-09-30,-0.015573224682590685
5438,2024-09-30,69893,2024-12-31,0.004719873704122009
5439,2024-03-31,146292,2024-06-30,-0.021198994322701496
5439,2024-06-30,138283,2024-09-30,0.002166709363711347
5439,2024-09-30,136247,2024-12-31,0.005884171590254727
5442,2024-03-31,598084,2024-06-30,-0.00770683093830999
5442,2024-06-30,598096,2024-09-30,-0.004651222151067013
5442,2024-09-30,614246,2024-12-31,0.0046915755350189275
5452,2024-03-31,26578972,2024-06-30,0.007585249582941649
5452,2024-06-30,26318099,2024-09-30,0.010281920710650611
5452,2024-09-30,26517640,2024-12-31,0.024568069358005137
5460,2024-03-31,134801,2024-06-30,-0.005770171075383745
5460,2024-06-30,131939,2024-09-30,0.001780541624407336
5460,2024-09-30,129103,2024-12-31,0.006277679031844613
5469,2024-03-31,183052,2024-06-30,0.007628335494783508
5469,2024-06-30,192973,2024-09-30,0.01017917043227438
5469,2024-09-30,189048,2024-12-31,0.003819312828305942
5472,2024-03-31,325198,2024-06-30,0.023064992894871433
5472,2024-06-30,329862,2024-09-30,0.019034760402594546
5472,2024-09-30,323089,2024-12-31,0.018994277723298397
5473,2024-03-31,349659,2024-06-30,0.024411230195823422
5473,2024-06-30,346478,2024-09-30,0.03939090857483037
5473,2024-09-30,343450,2024-12-31,0.05361568908499362
5478,2024-03-31,55287,2024-06-30,0.001975831030677647
5478,2024-06-30,54892,2024-09-30,0.01754452024415041
5478,2024-09-30,53091,2024-12-31,0.017527733263467193
5486,2024-03-31,334455,2024-06-30,0.0013944282301269274
5486,2024-06-30,337538,2024-09-30,0.0024679726941995135
5486,2024-09-30,352075,2024-12-31,0.016512568566959786
5490,2024-03-31,217413,2024-06-30,0.02059842829807538
5490,2024-06-30,203628,2024-09-30,0.012380764006895029
5490,2024-09-30,208662,2024-12-31,0.0027898301556005456
5495,2024-03-31,508449,2024-06-30,0.019273949824575677
5495,2024-06-30,513048,2024-09-30,0.00425479188709645
5495,2024-09-30,522248,2024-12-31,0.00638751669526867
5496,2024-03-31,2275628,2024-06-30,-0.0011949712017670171
5496,2024-06-30,2308049,2024-09-30,0.00830506697309374
5496,2024-09-30,2404305,2024-12-31,0.019737330068502888
5510,2024-03-31,41246014,2024-06-30,-0.0036006368765916313
5510,2024-06-30,40746370,2024-09-30,0.006363428251488237
5510,2024-09-30,42170008,2024-12-31,0.02085064804768352
5518,2024-03-31,89075,2024-06-30,0.005362505139376136
5518,2024-06-30,80937,2024-09-30,0.016796918062229868
5518,2024-09-30,75062,2024-12-31,0.024736728857102326
5520,2024-03-31,53570,2024-06-30,-0.0013115296785523223
5520,2024-06-30,56835,2024-09-30,0.0019462691532064732
5520,2024-09-30,60217,2024-12-31,0.004605996345613827
5529,2024-03-31,867636,2024-06-30,0.012255944813623059
5529,2024-06-30,847881,2024-09-30,0.02457474288280942
5529,2024-09-30,821484,2024-12-31,0.041375814010977494
5531,2024-03-31,536910,2024-06-30,0.03238673196336919
5531,2024-06-30,528313,2024-09-30,0.023157280869810715
5531,2024-09-30,541083,2024-12-31,0.03518145267888838
5536,2024-03-31,327583,2024-06-30,0.0019612536305260125
5536,2024-06-30,326548,2024-09-30,-0.004239858225308004
5536,2024-09-30,358224,2024-12-31,0.02370353525812813
5538,2024-03-31,236981,2024-06-30,-0.008010047959022517
5538,2024-06-30,213450,2024-09-30,0.011830470807619854
5538,2024-09-30,210990,2024-12-31,0.006963355622009859
5544,2024-03-31,1105869,2024-06-30,0.011550801813499217
5544,2024-06-30,1101797,2024-09-30,0.010286077345483941
5544,2024-09-30,1122114,2024-12-31,0.02906969530350055
5548,2024-03-31,222034,2024-06-30,-0.012219326162734431
5548,2024-06-30,214974,2024-09-30,-0.0066143883405352455
5548,2024-09-30,217459,2024-12-31,0.0043847949446866406
5551,2024-03-31,1841752,2024-06-30,0.013306350714982483
5551,2024-06-30,1955808,2024-09-30,0.018340178723173003
5551,2024-09-30,1950151,2024-12-31,0.015388537056130738
5557,2024-03-31,124419,2024-06-30,0.025682296107824847
5557,2024-06-30,125053,2024-09-30,0.027623204034817012
5557,2024-09-30,129059,2024-12-31,0.02458893552617626
5558,2024-03-31,277600,2024-06-30,-0.025028230777345853
5558,2024-06-30,295627,2024-09-30,0.005564307108542999
5558,2024-09-30,297861,2024-12-31,0.0036557250940849103
5559,2024-03-31,82411,2024-06-30,0.012943365799179232
5559,2024-06-30,82854,2024-09-30,0.02487529385527089
5559,2024-09-30,84872,2024-12-31,0.019698277982279907
5564,2024-03-31,152184,2024-06-30,0.004032134497422944
5564,2024-06-30,155363,2024-09-30,0.030928272521294205
5564,2024-09-30,151968,2024-12-31,0.03208079481690772
5568,2024-03-31,438635,2024-06-30,0.0005453924358958938
5568,2024-06-30,437627,2024-09-30,0.00801724478956451
5568,2024-09-30,439957,2024-12-31,0.0033149075667720206
5569,2024-03-31,288236,2024-06-30,-0.0012263837488637216
5569,2024-06-30,282408,2024-09-30,-0.006885309827928109
5569,2024-09-30,276822,2024-12-31,-0.018914397855284208
5574,2024-03-31,1569227,2024-06-30,0.04040338701840919
5574,2024-06-30,1675600,2024-09-30,0.045388048251929686
5574,2024-09-30,1696185,2024-12-31,0.018596673154148154
5575,2024-03-31,928592,2024-06-30,0.07849041368783287
5575,2024-06-30,915427,2024-09-30,0.1155745063716683
5575,2024-09-30,937772,2024-12-31,0.10573384381624402
5589,2024-03-31,132227,2024-06-30,0.02218367034748671
5589,2024-06-30,132535,2024-09-30,0.02682203597704296
5589,2024-09-30,133364,2024-12-31,0.021346632567027537
5590,2024-03-31,118282,2024-06-30,-0.0017120275972845203
5590,2024-06-30,116172,2024-09-30,-0.00016842491675289996
5590,2024-09-30,118653,2024-12-31,0.004343362538119497
5595,2024-03-31,256908,2024-06-30,-0.010612961721205056
5595,2024-06-30,265207,2024-09-30,-0.013460242681331936
5595,2024-09-30,268267,2024-12-31,-0.003477052248779786
5598,2024-03-31,1360408,2024-06-30,0.01652353899934703
5598,2024-06-30,1332503,2024-09-30,0.014680662287182676
5598,2024-09-30,1334358,2024-12-31,0.028128007788546818
5602,2024-03-31,203087,2024-06-30,-0.006176833609949042
5602,2024-06-30,209540,2024-09-30,-0.0009852563800735374
5602,2024-09-30,203485,2024-12-31,0.004801891200719351
5605,2024-03-31,38481,2024-06-30,0.024354564051613216
5605,2024-06-30,37752,2024-09-30,0.01148457380753664
5605,2024-09-30,36359,2024-12-31,0.010263115184446957
5615,2024-03-31,1079647,2024-06-30,0.012646326449616916
5615,2024-06-30,1085872,2024-09-30,0.01300806948840416
5615,2024-09-30,1149720,2024-12-31,0.023098969514284536
5619,2024-03-31,34879,2024-06-30,0.05824344103498312
5619,2024-06-30,41610,2024-09-30,0.07679713638821783
5619,2024-09-30,46857,2024-12-31,0.07716712729865924
5623,2024-03-31,195080,2024-06-30,0.0047775723041587285
5623,2024-06-30,192410,2024-09-30,0.008503986176963971
5623,2024-09-30,194358,2024-12-31,0.0036925092999166662
5624,2024-03-31,210883,2024-06-30,-6.369811408633665e-05
5624,2024-06-30,220407,2024-09-30,0.01158519605713318
5624,2024-09-30,213173,2024-12-31,-0.007888990118776869
5628,2024-03-31,114329,2024-06-30,0.0053872516929336116
5628,2024-06-30,114798,2024-09-30,0.006854665413245388
5628,2024-09-30,107940,2024-12-31,0.028759356664811993
5632,2024-03-31,91539,2024-06-30,0.00753087390040688
5632,2024-06-30,92257,2024-09-30,0.008366611361622405
5632,2024-09-30,93284,2024-12-31,0.016659977999847798
5633,2024-03-31,6235536,2024-06-30,0.007911081000007068
5633,2024-06-30,6221406,2024-09-30,0.01801168398209538
5633,2024-09-30,6398202,2024-12-31,0.02529058283470493
5634,2024-03-31,101152,2024-06-30,0.0012912695308793089
5634,2024-06-30,104265,2024-09-30,0.004045364361637725
5634,2024-09-30,103573,2024-12-31,0.010079144805786235
5635,2024-03-31,434004,2024-06-30,0.019328666315957553
5635,2024-06-30,449703,2024-09-30,0.02937137780050876
5635,2024-09-30,448400,2024-12-31,0.03420830237886462
5649,2024-03-31,113886215,2024-06-30,0.032231854134852474
5649,2024-06-30,112081206,2024-09-30,0.00904191742720597
5649,2024-09-30,114517386,2024-12-31,0.01574868595189013
5673,2024-03-31,1273147,2024-06-30,0.02521568911894092
5673,2024-06-30,1298300,2024-09-30,0.04548384929227426
5673,2024-09-30,1276527,2024-12-31,0.061493351847845025
5676,2024-03-31,879754,2024-06-30,0.026974812263895632
5676,2024-06-30,883528,2024-09-30,0.024127150217124162
5676,2024-09-30,869389,2024-12-31,0.02393179378139851
5685,2024-03-31,539269,2024-06-30,-0.002247549289277978
5685,2024-06-30,510561,2024-09-30,-0.012830359930447044
5685,2024-09-30,516569,2024-12-31,0.009726131909441472
5686,2024-03-31,77920,2024-06-30,0.01592625468479014
5686,2024-06-30,75067,2024-09-30,0.008915233439730982
5686,2024-09-30,74653,2024-12-31,0.01658970948637472
5694,2024-03-31,1103985,2024-06-30,0.006616828251794102
5694,2024-06-30,1127709,2024-09-30,0.008511129282054233
5694,2024-09-30,1145072,2024-12-31,0.009660559646553747
5699,2024-03-31,82969,2024-06-30,0.01271645654766429
5699,2024-06-30,83858,2024-09-30,0.007052894096686449
5699,2024-09-30,82311,2024-12-31,0.01046002580568681
5704,2024-03-31,244173,2024-06-30,0.034402242697519306
5704,2024-06-30,254204,2024-09-30,0.049356087622372175
5704,2024-09-30,242648,2024-12-31,0.01596978689077148
5709,2024-03-31,148601,2024-06-30,-0.08128249260946684
5709,2024-06-30,137416,2024-09-30,-0.04567001305633955
5709,2024-09-30,119619,2024-12-31,0.15734417553669133
5716,2024-03-31,617321,2024-06-30,0.004663578790179552
5716,2024-06-30,620499,2024-09-30,0.007242049694061211
5716,2024-09-30,601910,2024-12-31,0.007968079193941649
5722,2024-03-31,117032,2024-06-30,0.015160418669117397
5722,2024-06-30,107675,2024-09-30,0.005300559840352165
5722,2024-09-30,107288,2024-12-31,-0.002858941822837088
5730,2024-03-31,72747,2024-06-30,0.003314941547360867
5730,2024-06-30,74533,2024-09-30,0.0025129653532696083
5730,2024-09-30,72275,2024-12-31,0.0003346043173685627
5740,2024-03-31,154393,2024-06-30,0.004083829726663789
5740,2024-06-30,158305,2024-09-30,0.0030542692720968716
5740,2024-09-30,156596,2024-12-31,0.010040113712569949
5744,2024-03-31,1656553,2024-06-30,0.020242734719009742
5744,2024-06-30,1791800,2024-09-30,0.016591762363728318
5744,2024-09-30,1788604,2024-12-31,0.006066497719784805
5749,2024-03-31,298046,2024-06-30,0.01749018662059473
5749,2024-06-30,305895,2024-09-30,0.020493240330229947
5749,2024-09-30,302320,2024-12-31,0.013553469813689338
5753,2024-03-31,128857,2024-06-30,-0.01766067048965434
5753,2024-06-30,133498,2024-09-30,-0.004925992514678607
5753,2024-09-30,148322,2024-12-31,-0.016736621452495333
5768,2024-03-31,583556,2024-06-30,0.009642844526413745
5768,2024-06-30,586184,2024-09-30,0.012798681947016837
5768,2024-09-30,600905,2024-12-31,0.013642289890421289
5779,2024-03-31,280737,2024-06-30,0.014852142318300274
5779,2024-06-30,280831,2024-09-30,0.019500599826135816
5779,2024-09-30,279612,2024-12-31,0.017576784157102034
5786,2024-03-31,113052,2024-06-30,0.004773790151398607
5786,2024-06-30,109149,2024-09-30,0.011137932529307504
5786,2024-09-30,107069,2024-12-31,0.0069952029833590225
5791,2024-03-31,103602,2024-06-30,0.01776874959959461
5791,2024-06-30,102498,2024-09-30,0.01669363810407893
5791,2024-09-30,102116,2024-12-31,0.01330981207685151
5792,2024-03-31,80942,2024-06-30,0.03931278233100264
5792,2024-06-30,79985,2024-09-30,0.029610711629540872
5792,2024-09-30,79625,2024-12-31,0.025898061244532995
5796,2024-03-31,334059,2024-06-30,0.01337951305102027
5796,2024-06-30,329099,2024-09-30,0.011385458271909562
5796,2024-09-30,328214,2024-12-31,0.002118113700099541
5797,2024-03-31,195429,2024-06-30,0.014527387987479105
5797,2024-06-30,182754,2024-09-30,-0.0056630747707182095
5797,2024-09-30,171580,2024-12-31,-0.005017013109529636
5800,2024-03-31,430000,2024-06-30,-0.0023090731425473836
5800,2024-06-30,434425,2024-09-30,0.004271569696967761
5800,2024-09-30,411422,2024-12-31,0.025540741712018058
5814,2024-03-31,120328,2024-06-30,0.002449609729771483
5814,2024-06-30,119605,2024-09-30,0.006015597963599226
5814,2024-09-30,124470,2024-12-31,0.006276778631635036
5817,2024-03-31,291066,2024-06-30,0.0026769049216434446
5817,2024-06-30,280143,2024-09-30,0.0036870780933095254
5817,2024-09-30,291286,2024-12-31,0.0001038884265515324
5820,2024-03-31,45419,2024-06-30,0.010220369966023811
5820,2024-06-30,44423,2024-09-30,0.0039413577747626355
5820,2024-09-30,40547,2024-12-31,-0.01577296722395902
5821,2024-03-31,249819,2024-06-30,-0.0050211867482588156
5821,2024-06-30,258461,2024-09-30,0.00031428929087349547
5821,2024-09-30,286854,2024-12-31,0.02801503222265183
5826,2024-03-31,1301197,2024-06-30,0.003081556638580241
5826,2024-06-30,1257317,2024-09-30,0.005532424249641859
5826,2024-09-30,1285544,2024-12-31,0.020048882494138706
5830,2024-03-31,79342,2024-06-30,0.015433747510273153
5830,2024-06-30,75894,2024-09-30,0.00034726065835949724
5830,2024-09-30,72166,2024-12-31,0.005181702888333442
5835,2024-03-31,412410,2024-06-30,0.035892229739532856
5835,2024-06-30,431071,2024-09-30,0.01607859310790878
5835,2024-09-30,425081,2024-12-31,0.0226900381859526
5838,2024-03-31,54085,2024-06-30,-0.0026273233675067256
5838,2024-06-30,53864,2024-09-30,0.009732432341397423
5838,2024-09-30,51174,2024-12-31,0.00731959673946717
5847,2024-03-31,101830,2024-06-30,0.007806759092310529
5847,2024-06-30,104636,2024-09-30,0.01595101031242237
5847,2024-09-30,106048,2024-12-31,0.02427346329699796
5854,2024-03-31,1640803,2024-06-30,-0.0456137720917201
5854,2024-06-30,1600294,2024-09-30,-0.061441215831543314
5854,2024-09-30,1658568,2024-12-31,-0.05878951471534797
5867,2024-03-31,545379,2024-06-30,0.009889446032790683
5867,2024-06-30,570366,2024-09-30,0.043507655231949424
5867,2024-09-30,613905,2024-12-31,-0.027912621863151153
5873,2024-03-31,398523,2024-06-30,0.0034197062343336686
5873,2024-06-30,418066,2024-09-30,0.02679236464422694
5873,2024-09-30,429932,2024-12-31,0.008332247254202703
5874,2024-03-31,753746,2024-06-30,0.003143918599178501
5874,2024-06-30,785797,2024-09-30,0.03406277860677675
5874,2024-09-30,841797,2024-12-31,0.026338202765135578
5885,2024-03-31,441778,2024-06-30,0.004081490055955489
5885,2024-06-30,442165,2024-09-30,0.01034894287460828
5885,2024-09-30,446816,2024-12-31,0.01645978929712453
5892,2024-03-31,109962,2024-06-30,0.004020165666014632
5892,2024-06-30,109463,2024-09-30,0.014174022474705603
5892,2024-09-30,106549,2024-12-31,0.005871271999791347
5902,2024-03-31,294964,2024-06-30,0.01560309208657905
5902,2024-06-30,286786,2024-09-30,0.015876100798435863
5902,2024-09-30,296079,2024-12-31,0.02920541811546564
5903,2024-03-31,6650583,2024-06-30,0.04535630642157238
5903,2024-06-30,6663029,2024-09-30,0.06353760148898059
5903,2024-09-30,6796518,2024-12-31,0.059786568719128
5907,2024-03-31,482265,2024-06-30,0.030689481853293364
5907,2024-06-30,488738,2024-09-30,0.012497024791545875
5907,2024-09-30,472805,2024-12-31,0.014139376505823255
5956,2024-03-31,1453848,2024-06-30,0.031696725678269935
5956,2024-06-30,1477523,2024-09-30,0.03830516620766069
5956,2024-09-30,1481527,2024-12-31,0.033888631541952166
5962,2024-03-31,1868683,2024-06-30,0.04157624102877612
5962,2024-06-30,1965978,2024-09-30,0.0810624061177308
5962,2024-09-30,1319681,2024-12-31,0.029267487335975065
5969,2024-03-31,2625471,2024-06-30,0.019665282010863164
5969,2024-06-30,2645108,2024-09-30,0.03206407834919626
5969,2024-09-30,2688328,2024-12-31,0.037258370788606575
5981,2024-03-31,544564,2024-06-30,0.0009780243453123068
5981,2024-06-30,561505,2024-09-30,0.01353152522773953
5981,2024-09-30,609476,2024-12-31,0.006753346095885863
5994,2024-03-31,269830,2024-06-30,0.010463835609689083
5994,2024-06-30,308936,2024-09-30,0.01388636963802303
5994,2024-09-30,345748,2024-12-31,0.04645717896262977
5999,2024-03-31,20842,2024-06-30,0.014269161679186912
5999,2024-06-30,22031,2024-09-30,0.0038393772408681784
5999,2024-09-30,21133,2024-12-31,0.010439052711345743
6051,2024-03-31,148449,2024-06-30,0.008087650499710016
6051,2024-06-30,150682,2024-09-30,0.008521868093927203
6051,2024-09-30,149844,2024-12-31,0.004292876603343915
6063,2024-03-31,1361072,2024-06-30,0.048219824891274174
6063,2024-06-30,1293282,2024-09-30,0.06144324469662392
6063,2024-09-30,1299370,2024-12-31,0.07886156755177279
6064,2024-03-31,46948,2024-06-30,-0.02398442571754013
6064,2024-06-30,43044,2024-09-30,0.01906411651603583
6064,2024-09-30,42791,2024-12-31,0.029285901501911016
6078,2024-03-31,322866,2024-06-30,0.0704204047811465
6078,2024-06-30,285633,2024-09-30,0.08239655394850291
6078,2024-09-30,284265,2024-12-31,0.0770658237914289
6084,2024-03-31,31556,2024-06-30,0.006916950927951406
6084,2024-06-30,31570,2024-09-30,0.02606193203585644
6084,2024-09-30,32547,2024-12-31,0.01939991936057543
6085,2024-03-31,2630826,2024-06-30,0.0009673739085989171
6085,2024-06-30,2571085,2024-09-30,-0.0016660757765406466
6085,2024-09-30,2569251,2024-12-31,0.014187153997642919
6088,2024-03-31,202748,2024-06-30,-0.005278134678601635
6088,2024-06-30,204645,2024-09-30,0.0036252625966507394
6088,2024-09-30,204688,2024-12-31,0.005539143551992438
6091,2024-03-31,640867,2024-06-30,0.03063176724679458
6091,2024-06-30,642270,2024-09-30,0.02243671953972847
6091,2024-09-30,649224,2024-12-31,0.022603330160705346
6100,2024-03-31,294452,2024-06-30,0.23297757113557593
6100,2024-06-30,248459,2024-09-30,-0.027213026239948875
6100,2024-09-30,190949,2024-12-31,-0.03029453629392547
6101,2024-03-31,255377,2024-06-30,0.01902769152132701
6101,2024-06-30,256657,2024-09-30,0.01865988226476582
6101,2024-09-30,252243,2024-12-31,0.02026731337233068
6110,2024-03-31,97842,2024-06-30,0.011644565043253806
6110,2024-06-30,101737,2024-09-30,0.027364597740728573
6110,2024-09-30,98646,2024-12-31,0.02598610441729793
6123,2024-03-31,1474369,2024-06-30,0.029504834970704674
6123,2024-06-30,1489111,2024-09-30,0.03449912830312225
6123,2024-09-30,1546645,2024-12-31,0.043853224768172
6137,2024-03-31,701400,2024-06-30,0.029062619049772392
6137,2024-06-30,687913,2024-09-30,0.04027689585591755
6137,2024-09-30,708771,2024-12-31,0.0271144745597878
6139,2024-03-31,563278,2024-06-30,-0.019473665612889088
6139,2024-06-30,552529,2024-09-30,0.0011042395567991883
6156,2024-03-31,50095,2024-06-30,0.016990100556256226
6156,2024-06-30,47595,2024-09-30,-0.0058412700971621784
6156,2024-09-30,48633,2024-12-31,0.006551575553828905
6158,2024-03-31,2073220,2024-06-30,-0.005997394961460956
6158,2024-06-30,2090104,2024-09-30,0.017800965020966765
6158,2024-09-30,2110299,2024-12-31,0.02524194411096614
6161,2024-03-31,1363565,2024-06-30,-0.005603231065381797
6161,2024-06-30,1353154,2024-09-30,0.01746160856415493
6161,2024-09-30,1362106,2024-12-31,0.017072415686917558
6176,2024-03-31,646262,2024-06-30,0.042750433953029215
6176,2024-06-30,651560,2024-09-30,0.040297948451340763
6176,2024-09-30,667123,2024-12-31,0.045656588035255116
6180,2024-03-31,200140,2024-06-30,0.018568015835962393
6180,2024-06-30,200684,2024-09-30,0.025431250711433092
6180,2024-09-30,211421,2024-12-31,0.017593297591968707
6186,2024-03-31,224845,2024-06-30,0.007389829056415203
6186,2024-06-30,228693,2024-09-30,0.024444639844830654
6186,2024-09-30,245476,2024-12-31,0.03936157796246914
6194,2024-03-31,374235,2024-06-30,0.011923259341578481
6194,2024-06-30,385894,2024-09-30,0.012854927329628747
6194,2024-09-30,378255,2024-12-31,0.03013969003254726
6195,2024-03-31,293202,2024-06-30,0.005311015433450927
6195,2024-06-30,297227,2024-09-30,0.0063588224369506416
6195,2024-09-30,297542,2024-12-31,0.004061255028244583
6198,2024-03-31,35847,2024-06-30,-0.00027596380247530404
6198,2024-06-30,35042,2024-09-30,-0.0016614306856671149
6198,2024-09-30,36321,2024-12-31,-0.0027720279102218534
6271,2024-03-31,884850,2024-06-30,0.011719167144403145
6271,2024-06-30,850097,2024-09-30,0.018841567325607184
6271,2024-09-30,930724,2024-12-31,0.009216651466640599
6275,2024-03-31,481992,2024-06-30,0.00669524638544994
6275,2024-06-30,475950,2024-09-30,0.013656093363260102
6275,2024-09-30,473501,2024-12-31,0.024353922006390954
6280,2024-03-31,68177,2024-06-30,0.006528379223206349
6280,2024-06-30,71124,2024-09-30,0.021608740458881257
6280,2024-09-30,75614,2024-12-31,0.03172745806009554
6354,2024-03-31,568611,2024-06-30,-0.008921697704129756
6354,2024-06-30,559635,2024-09-30,0.00026575694753969495
6354,2024-09-30,587762,2024-12-31,0.033704577525254936
6384,2024-03-31,431863200,2024-06-30,0.01161775028220528
6384,2024-06-30,422760181,2024-09-30,0.012293935396487496
6384,2024-09-30,429848646,2024-12-31,0.024920462927196026
6423,2024-03-31,2200651,2024-06-30,-0.0014118720151073782
6423,2024-06-30,2140626,2024-09-30,-0.008054753173710941
6423,2024-09-30,2229138,2024-12-31,0.01133619309334816
6442,2024-03-31,170489,2024-06-30,-0.006811914927821324
6442,2024-06-30,164916,2024-09-30,-0.008510715478866206
6442,2024-09-30,164458,2024-12-31,0.00010472105641801286
6464,2024-03-31,325342,2024-06-30,0.003454900239533129
6464,2024-06-30,347345,2024-09-30,0.010061962944790646
6464,2024-09-30,344389,2024-12-31,-0.0019018569906815684
6528,2024-03-31,271604,2024-06-30,-0.008647686160736965
6528,2024-06-30,257395,2024-09-30,0.038608721731451294
6528,2024-09-30,274436,2024-12-31,-0.012770451900542483
6530,2024-03-31,69231,2024-06-30,-0.004403355517727329
6530,2024-06-30,68297,2024-09-30,-0.005154391371438373
6530,2024-09-30,68000,2024-12-31,-0.003227650837595893
6531,2024-03-31,782904,2024-06-30,0.008733653361859026
6531,2024-06-30,782745,2024-09-30,0.014987682446897535
6531,2024-09-30,809971,2024-12-31,0.014553780078821438
6540,2024-03-31,4248699,2024-06-30,0.005064123923091182
6540,2024-06-30,4258222,2024-09-30,0.011621807477250001
6540,2024-09-30,4417842,2024-12-31,0.01510553295783227
6544,2024-03-31,7365854,2024-06-30,0.01997608633445266
6544,2024-06-30,7341526,2024-09-30,0.020725337096378776
6544,2024-09-30,7520758,2024-12-31,0.011148225183071741
6548,2024-03-31,532825419,2024-06-30,0.022991952380574127
6548,2024-06-30,527189102,2024-09-30,0.017090164835377276
6548,2024-09-30,522481635,2024-12-31,0.011953765449626409
6560,2024-03-31,157649840,2024-06-30,0.03574398900758752
6560,2024-06-30,159226531,2024-09-30,0.038956277587434064
6560,2024-09-30,162822191,2024-12-31,0.03123528160302871
6574,2024-03-31,257619,2024-06-30,0.0018595548375353896
6574,2024-06-30,258046,2024-09-30,0.023952082670685874
6574,2024-09-30,264091,2024-12-31,0.019306914832684027
6584,2024-03-31,55882,2024-06-30,0.008558696487653826
6584,2024-06-30,53190,2024-09-30,0.009457650491916974
6584,2024-09-30,52779,2024-12-31,0.008634718884445064
6592,2024-03-31,83484,2024-06-30,-0.002851644227640307
6592,2024-06-30,80470,2024-09-30,0.005136554140745428
6592,2024-09-30,78566,2024-12-31,0.019709483930953023
6600,2024-03-31,13616628,2024-06-30,0.035656492193734665
6600,2024-06-30,13842539,2024-09-30,0.04626479517617274
6600,2024-09-30,14150314,2024-12-31,0.04645376030868595
6605,2024-03-31,1118277,2024-06-30,0.039315796113210816
6605,2024-06-30,1097874,2024-09-30,0.049707255036476994
6605,2024-09-30,1107460,2024-12-31,0.04587531010316133
6616,2024-03-31,500609,2024-06-30,0.023294901222414746
6616,2024-06-30,510260,2024-09-30,0.025425920490268913
6616,2024-09-30,524583,2024-12-31,0.018691661491641944
6623,2024-03-31,1858949,2024-06-30,0.014192462736635488
6623,2024-06-30,1944382,2024-09-30,0.008347525049828265
6623,2024-09-30,1918153,2024-12-31,0.011789478933205297
6636,2024-03-31,1268205,2024-06-30,0.019454771623694824
6636,2024-06-30,1270569,2024-09-30,0.02234464535539987
6636,2024-09-30,1316568,2024-12-31,0.009728791517532687
6637,2024-03-31,173875,2024-06-30,0.009442369156101802
6637,2024-06-30,174953,2024-09-30,0.017533257603362277
6637,2024-09-30,168425,2024-12-31,0.026697950595766805
6638,2024-03-31,89834,2024-06-30,0.008063227159225575
6638,2024-06-30,88869,2024-09-30,0.012376238378729504
6638,2024-09-30,93010,2024-12-31,-0.0026859288032583797
6646,2024-03-31,248264,2024-06-30,0.006554924413054847
6646,2024-06-30,245050,2024-09-30,0.018026007153636257
6646,2024-09-30,256800,2024-12-31,0.01693400865546042
6653,2024-03-31,8604707,2024-06-30,0.011427102450742703
6653,2024-06-30,8607658,2024-09-30,0.019865898541104196
6653,2024-09-30,8502301,2024-12-31,0.016154026958670666
6659,2024-03-31,204197,2024-06-30,0.032209414732654804
6659,2024-06-30,208271,2024-09-30,0.033919224891346814
6659,2024-09-30,217317,2024-12-31,0.011383156102448876
6662,2024-03-31,248000,2024-06-30,0.02816367549262288
6662,2024-06-30,244372,2024-09-30,0.04027040743102944
6662,2024-09-30,263325,2024-12-31,0.04578121517149758
6671,2024-03-31,234287,2024-06-30,0.022887265339288056
6671,2024-06-30,242665,2024-09-30,0.015034778086580965
6671,2024-09-30,251283,2024-12-31,0.012342340372399317
6672,2024-03-31,174856000,2024-06-30,0.027959967891271625
6672,2024-06-30,172042000,2024-09-30,0.03884825868056253
6672,2024-09-30,172890000,2024-12-31,0.03934595315910393
6680,2024-03-31,70938,2024-06-30,0.01941290567192349
6680,2024-06-30,72847,2024-09-30,0.011831885683701667
6680,2024-09-30,78938,2024-12-31,0.01505020419647677
6700,2024-03-31,226031,2024-06-30,0.018720970088991637
6700,2024-06-30,223667,2024-09-30,0.01733218433287248
6700,2024-09-30,224973,2024-12-31,0.025138289718977802
6706,2024-03-31,178474,2024-06-30,0.019787582403234937
6706,2024-06-30,188152,2024-09-30,0.02536928386278786
6706,2024-09-30,194339,2024-12-31,0.024485150567530315
6725,2024-03-31,178799,2024-06-30,0.0015628184039469123
6725,2024-06-30,171619,2024-09-30,-0.0001223239610204984
6725,2024-09-30,191374,2024-12-31,-0.02185474536112769
6728,2024-03-31,95709,2024-06-30,0.00584103841820886
6728,2024-06-30,95502,2024-09-30,0.017041035417999586
6728,2024-09-30,97660,2024-12-31,0.01499239362491626
6732,2024-03-31,133394,2024-06-30,0.0012196889751405673
6732,2024-06-30,134804,2024-09-30,0.0128686554587334
6732,2024-09-30,133647,2024-12-31,0.01002657984786434
6760,2024-03-31,576179,2024-06-30,0.00140273656158155
6760,2024-06-30,582331,2024-09-30,-0.009436340727298294
6760,2024-09-30,590892,2024-12-31,0.026147309976415973
6762,2024-03-31,137538,2024-06-30,0.005466067901326555
6762,2024-06-30,132132,2024-09-30,0.02445230604768304
6762,2024-09-30,131663,2024-12-31,0.029892455878622333
6786,2024-03-31,170152,2024-06-30,0.01064151835485394
6786,2024-06-30,167805,2024-09-30,0.023343150550612937
6786,2024-09-30,172332,2024-12-31,0.015760676956066033
6787,2024-03-31,77035,2024-06-30,0.012582091541000295
6787,2024-06-30,76974,2024-09-30,0.006095900250282133
6787,2024-09-30,76159,2024-12-31,-0.0012398487360209083
6794,2024-03-31,224832,2024-06-30,0.023841178156221336
6794,2024-06-30,222954,2024-09-30,0.01754076372063913
6794,2024-09-30,221764,2024-12-31,0.026328304033176875
6800,2024-03-31,135295,2024-06-30,-0.012610018210186471
6800,2024-06-30,134889,2024-09-30,-0.0015678389082969982
6800,2024-09-30,131163,2024-12-31,0.005680696186552141
6803,2024-03-31,303715,2024-06-30,0.01053894910001194
6803,2024-06-30,301420,2024-09-30,0.00415771126558398
6803,2024-09-30,297856,2024-12-31,0.004926299857064294
6805,2024-03-31,108649,2024-06-30,0.00530391326571391
6805,2024-06-30,107636,2024-09-30,0.013140652122059442
6805,2024-09-30,109660,2024-12-31,0.00634939231162981
6811,2024-03-31,914961,2024-06-30,0.048368033668844256
6811,2024-06-30,910347,2024-09-30,0.06028306022229429
6811,2024-09-30,921392,2024-12-31,0.06754926302716871
6813,2024-03-31,311201,2024-06-30,0.012805245023439259
6813,2024-06-30,307546,2024-09-30,0.005382915917557419
6813,2024-09-30,314643,2024-12-31,0.0156392724638846
6821,2024-03-31,1549073,2024-06-30,0.008756513455186769
6821,2024-06-30,1648992,2024-09-30,0.021435299770708374
6821,2024-09-30,1605033,2024-12-31,0.01728271989186284
6861,2024-03-31,930540,2024-06-30,-0.008193204646872817
6861,2024-06-30,948206,2024-09-30,0.02218087852472431
6861,2024-09-30,1086019,2024-12-31,0.01737841045912459
6862,2024-03-31,1341065,2024-06-30,0.024217049625007564
6862,2024-06-30,1367429,2024-09-30,0.01813238823711902
6862,2024-09-30,1413403,2024-12-31,0.015189527176687952
6863,2024-03-31,434513,2024-06-30,0.031000933709554184
6863,2024-06-30,422458,2024-09-30,0.011342663368102406
6863,2024-09-30,427961,2024-12-31,0.03041887057619215
6892,2024-03-31,1231792,2024-06-30,0.010285019378967995
6892,2024-06-30,1240293,2024-09-30,0.01516649677669282
6892,2024-09-30,1283627,2024-12-31,0.017523527330242164
6913,2024-03-31,273430,2024-06-30,0.027176027500187213
6913,2024-06-30,271266,2024-09-30,0.026131072312964094
6913,2024-09-30,274876,2024-12-31,0.020221411155202335
6917,2024-03-31,1276965,2024-06-30,-0.01847453011282835
6917,2024-06-30,1284048,2024-09-30,-0.007346918046957073
6917,2024-09-30,1272571,2024-12-31,0.004410153939166448
6947,2024-03-31,1904646,2024-06-30,0.03338564787485618
6947,2024-06-30,1896320,2024-09-30,0.01935425752493786
6947,2024-09-30,1904797,2024-12-31,0.013582645870523507
6954,2024-03-31,259867,2024-06-30,0.029037979872182897
6954,2024-06-30,259661,2024-09-30,0.038018717200551506
6954,2024-09-30,249326,2024-12-31,0.02656120066543834
6959,2024-03-31,732754,2024-06-30,-0.00922507101802992
6959,2024-06-30,703418,2024-09-30,0.03958897285368926
6959,2024-09-30,766577,2024-12-31,-0.011603403751220313
6976,2024-03-31,10919188,2024-06-30,0.012437874162075311
6976,2024-06-30,11066608,2024-09-30,0.030222855149307358
6976,2024-09-30,11457619,2024-12-31,-0.01579253308889839
6985,2024-03-31,3727497,2024-06-30,0.015190862738666544
6985,2024-06-30,3709016,2024-09-30,0.013414670874534613
6985,2024-09-30,3722493,2024-12-31,0.02231489553327738
6989,2024-03-31,13550610,2024-06-30,0.015098520873530377
6989,2024-06-30,13337931,2024-09-30,0.03402642901500026
6989,2024-09-30,13695237,2024-12-31,0.020401633625134
6990,2024-03-31,129551,2024-06-30,0.0027883092418107907
6990,2024-06-30,125841,2024-09-30,0.008476218204063685
6990,2024-09-30,138249,2024-12-31,-0.05032314185840233
7018,2024-03-31,435786,2024-06-30,0.0015257083879866512
7018,2024-06-30,430848,2024-09-30,0.028758608548887954
7018,2024-09-30,472523,2024-12-31,0.018157736428582375
7025,2024-03-31,339481,2024-06-30,-0.0011295000570908042
7025,2024-06-30,330609,2024-09-30,0.008064095918803664
7025,2024-09-30,321922,2024-12-31,0.013936391162806767
7031,2024-03-31,210697,2024-06-30,0.002965990776404794
7031,2024-06-30,202540,2024-09-30,0.018099610822198683
7031,2024-09-30,195459,2024-12-31,0.015582588219818196
7072,2024-03-31,3328612,2024-06-30,0.018430134113852623
7072,2024-06-30,3365362,2024-09-30,0.009796094899528955
7072,2024-09-30,3327369,2024-12-31,0.0025248031905036696
7074,2024-03-31,3041446,2024-06-30,-0.011322804670560344
7074,2024-06-30,2943580,2024-09-30,0.023659387428094036
7074,2024-09-30,3118165,2024-12-31,-0.009247938891935615
7085,2024-03-31,179158,2024-06-30,0.008348975117788782
7085,2024-06-30,169921,2024-09-30,0.00694963109192453
7085,2024-09-30,168518,2024-12-31,0.0019405207254198972
7123,2024-03-31,583990,2024-06-30,-0.009568620406359005
7123,2024-06-30,579848,2024-09-30,-0.0001812969544201641
7123,2024-09-30,541173,2024-12-31,-0.02162672047176701
7151,2024-03-31,1731956,2024-06-30,0.032022255692287414
7151,2024-06-30,1740219,2024-09-30,0.03234240866538767
7151,2024-09-30,1781570,2024-12-31,0.03182390354623066
7213,2024-03-31,764688000,2024-06-30,0.02056039911290974
7213,2024-06-30,738654000,2024-09-30,0.01838537713186711
7213,2024-09-30,766194000,2024-12-31,0.023797728103083463
7230,2024-03-31,11384172,2024-06-30,0.01520104822421756
7230,2024-06-30,11472237,2024-09-30,0.024018204287225724
7230,2024-09-30,11798648,2024-12-31,0.018332961145362838
7274,2024-03-31,124464,2024-06-30,-0.13522501056884348
7274,2024-06-30,113369,2024-09-30,-0.03444539734582603
7274,2024-09-30,124373,2024-12-31,-0.052926809924150844
7356,2024-03-31,405338,2024-06-30,-0.002024532106968614
7356,2024-06-30,388531,2024-09-30,0.030044950639431557
7356,2024-09-30,432966,2024-12-31,-0.0158846254179318
7404,2024-03-31,990228,2024-06-30,0.0017632559286426257
7404,2024-06-30,991552,2024-09-30,0.01581280783199141
7404,2024-09-30,1026334,2024-12-31,0.024947453268435567
7468,2024-03-31,9508752,2024-06-30,0.014784396470859721
7468,2024-06-30,9493254,2024-09-30,0.014177235818572873
7468,2024-09-30,9836248,2024-12-31,0.012674363163894812
7472,2024-03-31,1481896,2024-06-30,0.014637057171405296
7493,2024-03-31,1723964,2024-06-30,0.03470751213197127
7493,2024-06-30,1756152,2024-09-30,0.04222493731499718
7493,2024-09-30,1816556,2024-12-31,0.05106852291170461
7506,2024-03-31,1852208,2024-06-30,0.0007236819629725694
7506,2024-06-30,1855293,2024-09-30,0.05742348303062399
7506,2024-09-30,1809155,2024-12-31,0.06910068301425283
7514,2024-03-31,3205185,2024-06-30,-0.032445255994457745
7514,2024-06-30,3065685,2024-09-30,0.006602895558973737
7514,2024-09-30,4637787,2024-12-31,0.03268131545442365
7526,2024-03-31,823816,2024-06-30,0.01325512671666942
7526,2024-06-30,836168,2024-09-30,0.026030179707719776
7526,2024-09-30,898000,2024-12-31,0.033638724097722054
7542,2024-03-31,1178546,2024-06-30,0.021829460222788553
7542,2024-06-30,1172082,2024-09-30,0.01841760425807912
7542,2024-09-30,1191870,2024-12-31,0.016418719879284227
7551,2024-03-31,21955672,2024-06-30,0.07657737664269484
7551,2024-06-30,25761661,2024-09-30,0.11279441294521175
7551,2024-09-30,26319816,2024-12-31,0.09956573151692082
7586,2024-03-31,519933,2024-06-30,0.040528790837885256
7586,2024-06-30,543697,2024-09-30,0.047981806428293465
7586,2024-09-30,568905,2024-12-31,0.04990259213931749
7590,2024-03-31,181468,2024-06-30,0.005777429949726339
7590,2024-06-30,169759,2024-09-30,0.019284915671587355
7590,2024-09-30,180441,2024-12-31,0.011429578274418997
7593,2024-03-31,2307639,2024-06-30,0.014278118616282236
7593,2024-06-30,2279035,2024-09-30,0.03649844352952916
7593,2024-09-30,2454214,2024-12-31,0.024387986255181657
7599,2024-03-31,220581,2024-06-30,0.0033804288375614156
7599,2024-06-30,222396,2024-09-30,0.014621739472189293
7599,2024-09-30,246209,2024-12-31,-0.008135334502861332
7613,2024-03-31,589364,2024-06-30,0.019623237474787315
7613,2024-06-30,584555,2024-09-30,0.005101080722072292
7613,2024-09-30,565828,2024-12-31,0.0029585394304547244
7614,2024-03-31,738563,2024-06-30,0.0167837454346626
7614,2024-06-30,745279,2024-09-30,0.024170360965397614
7614,2024-09-30,753000,2024-12-31,0.020683312285625286
7631,2024-03-31,154930,2024-06-30,0.012980754845212803
7631,2024-06-30,154361,2024-09-30,0.013087139273269257
7631,2024-09-30,155599,2024-12-31,0.010981948696810516
7646,2024-03-31,373485,2024-06-30,0.003746398613656828
7646,2024-06-30,371916,2024-09-30,0.007789620406714001
7646,2024-09-30,374425,2024-12-31,0.012350643187337512
7658,2024-03-31,1003288,2024-06-30,-0.011023218201683067
7658,2024-06-30,994760,2024-09-30,0.0002920439694461612
7658,2024-09-30,943993,2024-12-31,-0.00799638255420276
7659,2024-03-31,554912,2024-06-30,0.021118305567480868
7659,2024-06-30,562188,2024-09-30,0.0237172516201906
7659,2024-09-30,564422,2024-12-31,0.03181472086445972
7666,2024-03-31,620435,2024-06-30,0.02256355930491796
7666,2024-06-30,611850,2024-09-30,0.005726138591408956
7666,2024-09-30,612484,2024-12-31,0.005187274282618151
7675,2024-03-31,767778,2024-06-30,-0.010362646534159744
7675,2024-06-30,753665,2024-09-30,-0.0011836139971824913
7675,2024-09-30,823065,2024-12-31,-0.013621145752164639
7714,2024-03-31,1536188,2024-06-30,0.007145834650094403
7714,2024-06-30,1572839,2024-09-30,0.011221171739510287
7714,2024-09-30,1626284,2024-12-31,0.0010067745152196187
7759,2024-03-31,6511847,2024-06-30,-0.007226502723242794
7759,2024-06-30,6603270,2024-09-30,0.024913769927046418
7759,2024-09-30,6962125,2024-12-31,0.01648366837542617
7789,2024-03-31,162860,2024-06-30,0.008904187452377985
7789,2024-06-30,160716,2024-09-30,0.005640842805678598
7789,2024-09-30,162440,2024-12-31,0.006623230175680248
7799,2024-03-31,2012167,2024-06-30,0.04060728848721123
7799,2024-06-30,2074806,2024-09-30,0.04626787743244393
7799,2024-09-30,2152136,2024-12-31,0.05410010109301105
7848,2024-03-31,1277503,2024-06-30,0.0369835826516766
7848,2024-06-30,1364500,2024-09-30,0.04403997746795396
7848,2024-09-30,1368214,2024-12-31,0.04857492112910604
7886,2024-03-31,329859,2024-06-30,0.012919530538478281
7886,2024-06-30,331383,2024-09-30,0.01934006580359524
7886,2024-09-30,347860,2024-12-31,0.021153259595669976
7888,2024-03-31,35079451,2024-06-30,0.024576697237881005
7888,2024-06-30,35375939,2024-09-30,0.037436170552617686
7888,2024-09-30,37129326,2024-12-31,0.013323687506374395
7900,2024-03-31,2256770,2024-06-30,-0.006216741389347673
7900,2024-06-30,2241363,2024-09-30,0.004465620153016571
7900,2024-09-30,2428779,2024-12-31,0.010754542881056412
7909,2024-03-31,364756,2024-06-30,0.0046763065908547756
7909,2024-06-30,366626,2024-09-30,0.007382825238468526
7909,2024-09-30,366991,2024-12-31,0.010448890568897555
7946,2024-03-31,25734000,2024-06-30,0.00035517178657349687
7946,2024-06-30,25646000,2024-09-30,0.005554514321133445
7946,2024-09-30,25131000,2024-12-31,0.027300709612538693
8011,2024-03-31,1017446,2024-06-30,-0.03097704127983886
8011,2024-06-30,992848,2024-09-30,-0.015120832035128639
8011,2024-09-30,1009993,2024-12-31,0.004555356163726279
8018,2024-03-31,871115,2024-06-30,0.045426636232622636
8018,2024-06-30,935686,2024-09-30,0.07506861429053718
8018,2024-09-30,952130,2024-12-31,0.06437034254985968
8021,2024-03-31,1952934,2024-06-30,0.02811787726817649
8021,2024-06-30,1916815,2024-09-30,0.050846840033882755
8021,2024-09-30,1882090,2024-12-31,0.08067402488746092
8028,2024-03-31,145599,2024-06-30,-0.0014892360136078834
8028,2024-06-30,145598,2024-09-30,-0.0031217757654484406
8028,2024-09-30,150467,2024-12-31,-0.010743953656919639
8033,2024-03-31,641929,2024-06-30,0.03162379192114245
8033,2024-06-30,661674,2024-09-30,0.04767674502025009
8033,2024-09-30,672193,2024-12-31,0.05617911154489705
8035,2024-03-31,277058,2024-06-30,0.036586199278657416
8035,2024-06-30,287085,2024-09-30,0.03739672783761807
8035,2024-09-30,280115,2024-12-31,0.03041581650110485
8056,2024-03-31,14018401,2024-06-30,0.025439627900957693
8056,2024-06-30,14966530,2024-09-30,0.06548684476700248
8056,2024-09-30,12939577,2024-12-31,0.020225085699162048
8063,2024-03-31,575618,2024-06-30,0.015221161805012689
8063,2024-06-30,581878,2024-09-30,0.03171518042580645
8063,2024-09-30,574957,2024-12-31,0.03248862180133442
8067,2024-03-31,110665,2024-06-30,0.013459010153051927
8067,2024-06-30,110881,2024-09-30,0.004450192149011601
8067,2024-09-30,116375,2024-12-31,0.004170207111567599
8074,2024-03-31,296532,2024-06-30,0.015352882506531981
8074,2024-06-30,293978,2024-09-30,0.01676993192133283
8074,2024-09-30,285424,2024-12-31,0.02829874180300078
8083,2024-03-31,219919,2024-06-30,0.009206300665536927
8083,2024-06-30,215441,2024-09-30,-0.0054896161231248325
8083,2024-09-30,216369,2024-12-31,-0.0037657417991457764
8094,2024-03-31,383093,2024-06-30,0.06654535121728562
8094,2024-06-30,380582,2024-09-30,0.07511086131471836
8094,2024-09-30,402231,2024-12-31,0.10529412219677037
8101,2024-03-31,623412,2024-06-30,0.006643655879448052
8101,2024-06-30,616991,2024-09-30,0.020485394668502965
8101,2024-09-30,626595,2024-12-31,0.029435850622967996
8108,2024-03-31,48046,2024-06-30,0.06338617963931122
8108,2024-06-30,47077,2024-09-30,0.05224800811262065
8108,2024-09-30,49782,2024-12-31,0.04440112454726879
8110,2024-03-31,53089,2024-06-30,0.0459475860524474
8110,2024-06-30,55247,2024-09-30,0.008742832652767334
8110,2024-09-30,49306,2024-12-31,0.01514376448320527
8117,2024-03-31,297869,2024-06-30,0.0034440594146530534
8117,2024-06-30,298051,2024-09-30,0.01251999344802242
8117,2024-09-30,298812,2024-12-31,0.008390904747786617
8118,2024-03-31,180130,2024-06-30,0.01072456369890445
8118,2024-06-30,185099,2024-09-30,0.00976992765746237
8118,2024-09-30,179630,2024-12-31,0.00452423236118696
8120,2024-03-31,413063,2024-06-30,0.019709693179951613
8120,2024-06-30,389404,2024-09-30,0.04537073004599646
8120,2024-09-30,376497,2024-12-31,0.043892960962355475
8121,2024-03-31,63138,2024-06-30,0.0036435472668599864
8121,2024-06-30,61900,2024-09-30,0.01517745670382627
8121,2024-09-30,59431,2024-12-31,0.02149235611258383
8122,2024-03-31,200879,2024-06-30,0.0003422137174957312
8122,2024-06-30,199206,2024-09-30,0.004565426059017343
8122,2024-09-30,190901,2024-12-31,0.00731688949143762
8126,2024-03-31,131711,2024-06-30,0.0038391708843656517
8126,2024-06-30,128381,2024-09-30,0.0016221777669164477
8126,2024-09-30,124055,2024-12-31,-7.052499787874835e-05
8136,2024-03-31,3053951,2024-06-30,0.016558862819710616
8136,2024-06-30,2936642,2024-09-30,0.019047716177983003
8136,2024-09-30,2993172,2024-12-31,0.024952024666223434
8140,2024-03-31,142679,2024-06-30,0.031063991278856472
8140,2024-06-30,135869,2024-09-30,0.011967273525378214
8140,2024-09-30,131333,2024-12-31,0.017888456633462328
8141,2024-03-31,1177088,2024-06-30,0.008381106245554671
8141,2024-06-30,1195024,2024-09-30,0.009342003677151052
8141,2024-09-30,1180357,2024-12-31,0.016404251152103366
8144,2024-03-31,57656,2024-06-30,0.01280537755367499
8144,2024-06-30,56892,2024-09-30,0.007626605640175605
8144,2024-09-30,56348,2024-12-31,0.008630049675645957
8149,2024-03-31,1195099,2024-06-30,-0.009017551442445764
8149,2024-06-30,1183729,2024-09-30,-0.0032113088048829224
8149,2024-09-30,1173870,2024-12-31,0.0010411863217546728
8152,2024-03-31,4206568,2024-06-30,0.02538857445597316
8162,2024-03-31,325101,2024-06-30,0.03692654522808134
8162,2024-06-30,324951,2024-09-30,0.048658273114260554
8162,2024-09-30,370829,2024-12-31,0.019865734817287303
8165,2024-03-31,345012,2024-06-30,0.0027806708740674008
8165,2024-06-30,354135,2024-09-30,0.032139931890704417
8165,2024-09-30,381009,2024-12-31,0.01717562810940637
8172,2024-03-31,378712,2024-06-30,0.02619293675794797
8172,2024-06-30,378830,2024-09-30,0.024241726990841136
8172,2024-09-30,383649,2024-12-31,0.010101006932688962
8183,2024-03-31,235058,2024-06-30,0.13219625090782133
8183,2024-06-30,261873,2024-09-30,0.1348058715908067
8183,2024-09-30,283191,2024-12-31,0.12291148373701848
8191,2024-03-31,76651,2024-06-30,0.005849644743921313
8191,2024-06-30,76396,2024-09-30,0.003548331474867847
8191,2024-09-30,77786,2024-12-31,0.008068130406143561
8197,2024-03-31,54699,2024-06-30,0.046573283108036816
8197,2024-06-30,54123,2024-09-30,0.038994838160154345
8197,2024-09-30,60996,2024-12-31,0.07489233775765254
8200,2024-03-31,502942,2024-06-30,0.0303264728358962
8200,2024-06-30,478037,2024-09-30,0.03938604144084814
8200,2024-09-30,477985,2024-12-31,0.04500170729022838
8205,2024-03-31,140571,2024-06-30,0.0030152496550427256
8205,2024-06-30,140406,2024-09-30,0.007838758577873972
8205,2024-09-30,145016,2024-12-31,-0.0034270163416604037
8207,2024-03-31,88019,2024-06-30,0.0390060770455211
8207,2024-06-30,86322,2024-09-30,0.0638522442428311
8207,2024-09-30,88592,2024-12-31,0.09409644000753192
8210,2024-03-31,147511,2024-06-30,0.009420653412318297
8210,2024-06-30,148771,2024-09-30,0.02025669051754416
8210,2024-09-30,152658,2024-12-31,0.02599221415930998
8214,2024-03-31,163894,2024-06-30,0.0068440102114132465
8214,2024-06-30,180135,2024-09-30,0.013430859904857782
8214,2024-09-30,174769,2024-12-31,-0.009016136638520866
8218,2024-03-31,19769,2024-06-30,0.010419561080853125
8218,2024-06-30,20819,2024-09-30,0.00013098712064985447
8218,2024-09-30,20076,2024-12-31,0.013626164759941698
8231,2024-03-31,274486,2024-06-30,0.0032180458507190092
8231,2024-06-30,272270,2024-09-30,0.0034695053480765644
8231,2024-09-30,274907,2024-12-31,0.010617820300746074
8232,2024-03-31,464723,2024-06-30,0.02234199517874682
8232,2024-06-30,461069,2024-09-30,0.02866695059173213
8232,2024-09-30,471252,2024-12-31,0.027662459483053466
8234,2024-03-31,362859,2024-06-30,0.002044506099269023
8234,2024-06-30,358490,2024-09-30,0.0066333688099301305
8234,2024-09-30,347331,2024-12-31,0.022685112105335605
8235,2024-03-31,1625064,2024-06-30,0.001631216361049849
8235,2024-06-30,1673250,2024-09-30,-0.0038625358762778435
8235,2024-09-30,1694131,2024-12-31,0.014885424962779871
8243,2024-03-31,171084,2024-06-30,0.014170577361705941
8243,2024-06-30,154247,2024-09-30,0.023455172592541283
8243,2024-09-30,146910,2024-12-31,0.011530028224496258
8250,2024-03-31,172369,2024-06-30,0.0036241053058732407
8250,2024-06-30,176568,2024-09-30,0.002852287715829394
8250,2024-09-30,179273,2024-12-31,0.006266439002767621
8251,2024-03-31,154215,2024-06-30,0.006364091233994986
8251,2024-06-30,154437,2024-09-30,0.016258044862190988
8251,2024-09-30,153213,2024-12-31,0.01269256118745831
8252,2024-03-31,1341346,2024-06-30,0.009278280668096092
8252,2024-06-30,1278427,2024-09-30,-0.059586549333318764
8252,2024-09-30,1428557,2024-12-31,-0.016828376558259375
8255,2024-03-31,1005546,2024-06-30,0.01788190936981992
8255,2024-06-30,994370,2024-09-30,0.022156723882369625
8255,2024-09-30,1003113,2024-12-31,0.02145869937587378
8268,2024-03-31,64929,2024-06-30,0.004738831446983282
8268,2024-06-30,66005,2024-09-30,-0.001166849481887708
8268,2024-09-30,65279,2024-12-31,0.0009322844711794528
8273,2024-03-31,37046616,2024-06-30,0.0034822673934231142
8273,2024-06-30,36685911,2024-09-30,0.009082386633856796
8273,2024-09-30,39843709,2024-12-31,0.023089524131039662
8274,2024-03-31,213567,2024-06-30,0.026015804581913417
8274,2024-06-30,205446,2024-09-30,0.0237751164144624
8274,2024-09-30,217267,2024-12-31,0.030777587198645363
8276,2024-03-31,102774,2024-06-30,0.027814433758434547
8276,2024-06-30,104574,2024-09-30,0.031859862740479264
8276,2024-09-30,107821,2024-12-31,0.02774407991154607
8282,2024-03-31,223943,2024-06-30,0.0018291867303882549
8282,2024-06-30,225137,2024-09-30,0.0004010368024694694
8282,2024-09-30,227778,2024-12-31,0.007918606025182537
8283,2024-03-31,873593,2024-06-30,0.0490514285397781
8283,2024-06-30,867909,2024-09-30,0.053130997945684884
8283,2024-09-30,949161,2024-12-31,0.04193454673911117
8295,2024-03-31,251676,2024-06-30,0.013375251753573689
8295,2024-06-30,261099,2024-09-30,0.008732931828758542
8295,2024-09-30,260196,2024-12-31,0.012366925718748135
8296,2024-03-31,234276,2024-06-30,0.01506477136779909
8296,2024-06-30,237021,2024-09-30,0.022718070407825072
8296,2024-09-30,230537,2024-12-31,0.02071254138486198
8317,2024-03-31,122942,2024-06-30,-0.026957384008945255
8317,2024-06-30,124850,2024-09-30,-0.024545775413179784
8317,2024-09-30,133553,2024-12-31,-0.024508283674460327
8321,2024-03-31,479216,2024-06-30,-0.024716933660994325
8321,2024-06-30,455947,2024-09-30,0.004991992317273308
8321,2024-09-30,453720,2024-12-31,0.029712192333042193
8322,2024-03-31,216475,2024-06-30,-0.005368737772547177
8322,2024-06-30,228972,2024-09-30,-0.0035135055720359296
8322,2024-09-30,226939,2024-12-31,0.01586785763579102
8323,2024-03-31,40334,2024-06-30,0.08016725949233096
8323,2024-06-30,38982,2024-09-30,0.09974918877056675
8323,2024-09-30,37567,2024-12-31,0.10788220975960974
8333,2024-03-31,62838,2024-06-30,0.013766509502682742
8333,2024-06-30,61426,2024-09-30,0.017492403114174045
8333,2024-09-30,60035,2024-12-31,0.007219180300165304
8383,2024-03-31,84770,2024-06-30,-0.007767597569497991
8383,2024-06-30,82760,2024-09-30,-0.0043138548458450535
8383,2024-09-30,81022,2024-12-31,-0.00045868457289412586
8386,2024-03-31,388645,2024-06-30,0.062398947373821866
8386,2024-06-30,386257,2024-09-30,0.056264450883906934
8386,2024-09-30,400574,2024-12-31,0.04181576836870901
8387,2024-03-31,448073,2024-06-30,-0.013996353375756792
8387,2024-06-30,423413,2024-09-30,0.020509286012923837
8387,2024-09-30,434116,2024-12-31,0.016746561088999586
8390,2024-03-31,100209,2024-06-30,0.012459903900843564
8390,2024-06-30,95402,2024-09-30,0.015394017830691512
8390,2024-09-30,99541,2024-12-31,-0.0015678393709332016
8397,2024-03-31,50195,2024-06-30,0.012429240431513021
8397,2024-06-30,48884,2024-09-30,0.023788054332680497
8397,2024-09-30,48467,2024-12-31,0.002642938889529153
8403,2024-03-31,70736,2024-06-30,-0.010317628651669259
8403,2024-06-30,73113,2024-09-30,-0.0053776408434766205
8403,2024-09-30,75527,2024-12-31,-0.005174595645829814
8405,2024-03-31,1569531,2024-06-30,0.010328256163454707
8405,2024-06-30,1596620,2024-09-30,0.02052305967758843
8405,2024-09-30,1733480,2024-12-31,0.04198870843415538
8421,2024-03-31,486196,2024-06-30,-0.006121031418477441
8421,2024-06-30,488616,2024-09-30,0.013254120533023696
8421,2024-09-30,494855,2024-12-31,0.019641978862221646
8426,2024-03-31,1199779,2024-06-30,0.007248628643925731
8426,2024-06-30,1201819,2024-09-30,0.01794701238060695
8426,2024-09-30,1209848,2024-12-31,0.01148667186652958
8432,2024-03-31,1433499,2024-06-30,0.03514932723788654
8432,2024-06-30,1450292,2024-09-30,0.034566698243374216
8432,2024-09-30,1467233,2024-12-31,0.028787839438792498
8439,2024-03-31,606065,2024-06-30,0.038202043810772655
8439,2024-06-30,629497,2024-09-30,0.036617577289726325
8439,2024-09-30,640658,2024-12-31,0.05079782206714683
8468,2024-03-31,2809292,2024-06-30,-0.005779686427822217
8468,2024-06-30,2775961,2024-09-30,0.0027611230692020615
8468,2024-09-30,2817445,2024-12-31,0.019885899002286593
8487,2024-03-31,141424,2024-06-30,0.015391598784867195
8487,2024-06-30,144823,2024-09-30,0.024336214386723055
8487,2024-09-30,143436,2024-12-31,0.025056263154980992
8491,2024-03-31,181444,2024-06-30,0.0013315759054005694
8491,2024-06-30,177985,2024-09-30,-0.0012751077752123415
8491,2024-09-30,180956,2024-12-31,0.003918974110612662
8499,2024-03-31,104837,2024-06-30,-0.03002282975794755
8499,2024-06-30,110898,2024-09-30,-0.008135651678544594
8499,2024-09-30,109626,2024-12-31,0.011942017697866274
8503,2024-03-31,64866,2024-06-30,-0.0198034527014918
8503,2024-06-30,62676,2024-09-30,-0.008796348988383206
8503,2024-09-30,61822,2024-12-31,-0.0043371352301805445
8506,2024-03-31,267812,2024-06-30,0.012984561360388234
8506,2024-06-30,265986,2024-09-30,0.01399933476518013
8506,2024-09-30,269244,2024-12-31,0.015079363554423544
8507,2024-03-31,67198,2024-06-30,-0.0057733835521425496
8507,2024-06-30,65908,2024-09-30,0.0005512429576120107
8507,2024-09-30,64974,2024-12-31,0.006147903917051275
8510,2024-03-31,123953,2024-06-30,0.005327592343884138
8510,2024-06-30,128879,2024-09-30,0.002726410478978206
8510,2024-09-30,125155,2024-12-31,-0.0032702582178818123
8511,2024-03-31,256070,2024-06-30,0.007286680899332837
8511,2024-06-30,250392,2024-09-30,0.025640704684134687
8511,2024-09-30,249827,2024-12-31,0.04167073888597667
8513,2024-03-31,67951,2024-06-30,-0.0036849120703042653
8513,2024-06-30,67899,2024-09-30,-0.0007886724981778229
8513,2024-09-30,68018,2024-12-31,0.0046327394470027155
8519,2024-03-31,88576,2024-06-30,-0.0028677454289585944
8519,2024-06-30,90293,2024-09-30,-0.014001112657360077
8519,2024-09-30,89670,2024-12-31,-0.013695463131483114
8522,2024-03-31,105641,2024-06-30,0.010499979763095345
8522,2024-06-30,108419,2024-09-30,0.008920118160691876
8522,2024-09-30,108213,2024-12-31,0.013024668838942698
8527,2024-03-31,569837,2024-06-30,0.0069328215021584386
8527,2024-06-30,553175,2024-09-30,0.005484299949446265
8527,2024-09-30,555276,2024-12-31,0.010855008492745984
8531,2024-03-31,228513,2024-06-30,0.003696995574370408
8531,2024-06-30,219513,2024-09-30,-0.0007226797467543038
8531,2024-09-30,219573,2024-12-31,-0.003376615496373292
8532,2024-03-31,96987,2024-06-30,0.0006534820620264203
8532,2024-06-30,96205,2024-09-30,0.004273816345196581
8532,2024-09-30,94836,2024-12-31,-0.0008214219864851784
8533,2024-03-31,144495,2024-06-30,0.01409970382437067
8533,2024-06-30,151364,2024-09-30,-0.002669839070899631
8533,2024-09-30,157111,2024-12-31,-0.008567603099102681
8534,2024-03-31,271712,2024-06-30,-0.010973418649770462
8534,2024-06-30,273242,2024-09-30,-0.008604006918733665
8534,2024-09-30,264715,2024-12-31,-0.0018749383762721326
8535,2024-03-31,74812,2024-06-30,-0.004988664472506897
8535,2024-06-30,73999,2024-09-30,0.006270350720669207
8535,2024-09-30,74772,2024-12-31,0.007813023709940659
8536,2024-03-31,344259,2024-06-30,0.05686316597908741
8536,2024-06-30,355445,2024-09-30,0.054861832790903
8536,2024-09-30,344038,2024-12-31,0.10433807618973771
8537,2024-03-31,341434,2024-06-30,0.0038936857222179187
8537,2024-06-30,336273,2024-09-30,0.03244699915609539
8537,2024-09-30,335495,2024-12-31,0.03736779045795145
8541,2024-03-31,125876,2024-06-30,0.0035538767814155283
8541,2024-06-30,123540,2024-09-30,0.005385687132872398
8541,2024-09-30,122212,2024-12-31,0.0053825670520050205
8544,2024-03-31,304783,2024-06-30,0.0036863018725254012
8544,2024-06-30,307225,2024-09-30,0.008501008408434065
8544,2024-09-30,320501,2024-12-31,0.01811916899453522
8546,2024-03-31,274659,2024-06-30,0.016295430113969157
8546,2024-06-30,272629,2024-09-30,0.01405203488704374
8546,2024-09-30,277404,2024-12-31,0.008702353573704615
8552,2024-03-31,317758,2024-06-30,0.0006001236897226171
8552,2024-06-30,311654,2024-09-30,0.009670732744308134
8552,2024-09-30,309932,2024-12-31,0.012999960206877076
8560,2024-03-31,146574,2024-06-30,-0.014549281143443367
8560,2024-06-30,146634,2024-09-30,-0.015465296679213212
8560,2024-09-30,147105,2024-12-31,0.0008300838819233908
8564,2024-03-31,84380,2024-06-30,-0.002093424873256267
8564,2024-06-30,86535,2024-09-30,0.002599291069213936
8564,2024-09-30,85710,2024-12-31,0.006046190443521453
8569,2024-03-31,219286,2024-06-30,-0.03338569865508808
8569,2024-06-30,223091,2024-09-30,-0.036948091952110414
8569,2024-09-30,226542,2024-12-31,-0.01938666202473912
8572,2024-03-31,106390,2024-06-30,0.006214681882267884
8572,2024-06-30,104532,2024-09-30,0.02577790052172207
8572,2024-09-30,108896,2024-12-31,0.013811935494783163
8576,2024-03-31,524822,2024-06-30,0.004387037805562916
8576,2024-06-30,516836,2024-09-30,-0.007203286030625975
8576,2024-09-30,504570,2024-12-31,-0.014422075103855991
8584,2024-03-31,60602,2024-06-30,-0.006087891107410887
8584,2024-06-30,61559,2024-09-30,0.004280266977086103
8584,2024-09-30,60284,2024-12-31,0.004617453202464753
8594,2024-03-31,46781,2024-06-30,0.010964526110133833
8594,2024-06-30,47734,2024-09-30,0.01098726358604068
8594,2024-09-30,46844,2024-12-31,0.006325998955696472
8595,2024-03-31,159625,2024-06-30,0.046192179172211724
8595,2024-06-30,171260,2024-09-30,0.03616633605905237
8595,2024-09-30,178695,2024-12-31,0.008862960522117073
8604,2024-03-31,41871,2024-06-30,-0.005661588351817879
8604,2024-06-30,42213,2024-09-30,-0.0018107179175320034
8604,2024-09-30,40368,2024-12-31,-1.2069306538592267e-05
8632,2024-03-31,63552,2024-06-30,-0.028057968657321318
8632,2024-06-30,63174,2024-09-30,-0.021412134807200486
8632,2024-09-30,61699,2024-12-31,-0.0033488338284822154
8637,2024-03-31,325258,2024-06-30,0.0048873241983137155
8637,2024-06-30,342715,2024-09-30,-0.006798240591007064
8637,2024-09-30,353019,2024-12-31,0.007947439633930705
8640,2024-03-31,102873,2024-06-30,-0.02096889508258476
8640,2024-06-30,101301,2024-09-30,-0.012891238143617752
8640,2024-09-30,97824,2024-12-31,-0.0006048360149926262
8647,2024-03-31,157534,2024-06-30,-0.025346949636475404
8647,2024-06-30,159046,2024-09-30,-0.0014818739396949311
8647,2024-09-30,165742,2024-12-31,0.027657194088463958
8660,2024-03-31,930960,2024-06-30,-0.01171609901705147
8660,2024-06-30,951997,2024-09-30,0.019002113879293618
8660,2024-09-30,957511,2024-12-31,0.021632396052948734
8661,2024-03-31,44979,2024-06-30,0.006367963741261308
8661,2024-06-30,54048,2024-09-30,-0.0018788675684280958
8661,2024-09-30,61688,2024-12-31,0.023387860433948776
8663,2024-03-31,10525725,2024-06-30,0.04261153699422936
8663,2024-06-30,10486032,2024-09-30,0.04712521715604027
8663,2024-09-30,10994165,2024-12-31,0.07398801694794059
8668,2024-03-31,1161231,2024-06-30,0.018387312623523996
8668,2024-06-30,1191700,2024-09-30,0.03825699036387381
8668,2024-09-30,1222393,2024-12-31,0.037906711529003136
8672,2024-03-31,52136,2024-06-30,0.010796638621107543
8672,2024-06-30,50541,2024-09-30,0.004296459471357462
8672,2024-09-30,51018,2024-12-31,0.009763951731732024
8681,2024-03-31,52374,2024-06-30,0.010245551839671666
8681,2024-06-30,51531,2024-09-30,0.007886853011824015
8681,2024-09-30,56947,2024-12-31,-0.025745286773975907
8693,2024-03-31,105865,2024-06-30,0.0002714437059576987
8693,2024-06-30,107926,2024-09-30,0.003983669462162012
8693,2024-09-30,120815,2024-12-31,0.0021004341342772377
8695,2024-03-31,276482,2024-06-30,-0.013784337377149835
8695,2024-06-30,248754,2024-09-30,0.02397830709554243
8695,2024-09-30,283595,2024-12-31,-0.0023250350007676477
8698,2024-03-31,823733,2024-06-30,0.0001777303690528861
8698,2024-06-30,819441,2024-09-30,0.006421744611709627
8698,2024-09-30,818830,2024-12-31,0.024071994124159942
8700,2024-03-31,99496,2024-06-30,-0.0017019522146586854
8700,2024-06-30,103666,2024-09-30,0.017332494670882805
8700,2024-09-30,106747,2024-12-31,0.025891521328878883
8714,2024-03-31,525674,2024-06-30,0.1489039912897518
8714,2024-06-30,530449,2024-09-30,0.1729718061893874
8714,2024-09-30,541094,2024-12-31,0.1266830518735792
8718,2024-03-31,273140,2024-06-30,0.0011445964578540731
8718,2024-06-30,269593,2024-09-30,0.026925009139863714
8718,2024-09-30,297168,2024-12-31,-0.008199495446339033
8725,2024-03-31,41002,2024-06-30,0.013402221385870227
8725,2024-06-30,41795,2024-09-30,0.012924533158338239
8725,2024-09-30,44298,2024-12-31,0.011433035595192986
8728,2024-03-31,23099351,2024-06-30,0.037697199840187524
8728,2024-06-30,22978268,2024-09-30,0.023222827797050198
8728,2024-09-30,23242492,2024-12-31,0.017570306303762953
8730,2024-03-31,139681,2024-06-30,0.04696900858227241
8730,2024-06-30,140945,2024-09-30,0.03672714174463383
8730,2024-09-30,147412,2024-12-31,0.05048558058486676
8735,2024-03-31,199661,2024-06-30,0.01205115337306455
8735,2024-06-30,210902,2024-09-30,0.025044629427069445
8735,2024-09-30,217327,2024-12-31,0.0274656656432647
8738,2024-03-31,466645,2024-06-30,-0.0014222003338573153
8738,2024-06-30,480001,2024-09-30,0.021601346703873675
8738,2024-09-30,468780,2024-12-31,0.02221596623375554
8745,2024-03-31,615969,2024-06-30,0.010373876948707247
8745,2024-06-30,612877,2024-09-30,0.011078323574910296
8745,2024-09-30,632519,2024-12-31,0.018840808808264716
8751,2024-03-31,240185,2024-06-30,-0.02632240205081012
8751,2024-06-30,228581,2024-09-30,-0.006100616159825178
8751,2024-09-30,228072,2024-12-31,0.003766460813828347
8752,2024-03-31,209503,2024-06-30,0.009049630406965518
8752,2024-06-30,215306,2024-09-30,0.0005295521818238114
8752,2024-09-30,222963,2024-12-31,0.0019302343869892216
8760,2024-03-31,122823,2024-06-30,0.01188282019284075
8760,2024-06-30,117201,2024-09-30,0.017083881341327274
8760,2024-09-30,117543,2024-12-31,0.0071926966917777065
8761,2024-03-31,291434,2024-06-30,0.00435275695494784
8761,2024-06-30,276493,2024-09-30,0.00028214938952012
8761,2024-09-30,275614,2024-12-31,0.0052414024738815365
8762,2024-03-31,129436,2024-06-30,-0.017867752497512462
8762,2024-06-30,125077,2024-09-30,0.021763569405173527
8762,2024-09-30,127222,2024-12-31,0.020372999048621093
8772,2024-03-31,321160,2024-06-30,0.019080068480109055
8772,2024-06-30,324116,2024-09-30,0.01613171163617633
8772,2024-09-30,327651,2024-12-31,0.017954718679908995
8774,2024-03-31,1274696,2024-06-30,0.03337776978045821
8774,2024-06-30,1266517,2024-09-30,0.02677418670238766
8774,2024-09-30,1232147,2024-12-31,0.012371035106301108
8775,2024-03-31,179441,2024-06-30,0.010472543938907442
8775,2024-06-30,185390,2024-09-30,0.009066991063062347
8775,2024-09-30,186983,2024-12-31,0.008131466398407934
8785,2024-03-31,468189,2024-06-30,0.010576408033403545
8785,2024-06-30,461794,2024-09-30,0.01976812404022047
8785,2024-09-30,457024,2024-12-31,0.019296910337226397
8798,2024-03-31,427192,2024-06-30,0.01689612448460681
8798,2024-06-30,431031,2024-09-30,0.014429038513489666
8798,2024-09-30,447777,2024-12-31,0.027551485209662826
8799,2024-03-31,51764,2024-06-30,0.009401390305184608
8799,2024-06-30,51134,2024-09-30,0.01222501713892313
8799,2024-09-30,45751,2024-12-31,0.15593374198182855
8811,2024-03-31,625917,2024-06-30,-0.018796002110649218
8811,2024-06-30,644546,2024-09-30,0.026282547126279185
8811,2024-09-30,649965,2024-12-31,0.03857215635463717
8816,2024-03-31,601031,2024-06-30,0.009636699279622931
8816,2024-06-30,589250,2024-09-30,0.013363666802869543
8816,2024-09-30,595391,2024-12-31,0.020328879279359176
8821,2024-03-31,169803,2024-06-30,-0.025104987662509445
8821,2024-06-30,165140,2024-09-30,-0.020047224465990946
8821,2024-09-30,165928,2024-12-31,-0.009902430754366308
8822,2024-03-31,51174,2024-06-30,-0.0018891584592738131
8822,2024-06-30,45525,2024-09-30,-0.017373836594394423
8822,2024-09-30,48907,2024-12-31,-0.02683197056214162
8824,2024-03-31,192855,2024-06-30,-0.00468577668938971
8824,2024-06-30,188867,2024-09-30,-0.004335866786233381
8824,2024-09-30,182108,2024-12-31,0.00373394869252154
8831,2024-03-31,122652,2024-06-30,0.008671457768181253
8831,2024-06-30,122560,2024-09-30,0.000652818717270085
8831,2024-09-30,130899,2024-12-31,0.00414412241908806
8833,2024-03-31,77573,2024-06-30,0.033959998038292825
8833,2024-06-30,84175,2024-09-30,-0.007550975059705146
8833,2024-09-30,83838,2024-12-31,-0.0017107131202878754
8840,2024-03-31,56484,2024-06-30,0.019242621102013975
8840,2024-06-30,53425,2024-09-30,0.015559730214704878
8840,2024-09-30,52215,2024-12-31,0.056365374841499304
8842,2024-03-31,101151,2024-06-30,0.0008381417213999825
8842,2024-06-30,102978,2024-09-30,0.01120987230249321
8842,2024-09-30,117272,2024-12-31,-0.005638930520516777
8843,2024-03-31,468247,2024-06-30,0.020081208106079697
8843,2024-06-30,467723,2024-09-30,0.04313313801541153
8843,2024-09-30,494017,2024-12-31,0.02945692367691662
8845,2024-03-31,51642,2024-06-30,0.0030509421396307523
8845,2024-06-30,51102,2024-09-30,-0.004282767891629424
8845,2024-09-30,49409,2024-12-31,0.002077508538066088
8848,2024-03-31,74132,2024-06-30,0.013100313165119372
8848,2024-06-30,74400,2024-09-30,0.008057963914185819
8848,2024-09-30,71359,2024-12-31,0.004632383745085662
8850,2024-03-31,394290,2024-06-30,0.02122094419848548
8850,2024-06-30,399143,2024-09-30,0.03463795841429029
8850,2024-09-30,407939,2024-12-31,0.040227149413507926
8851,2024-03-31,1180785,2024-06-30,0.09432826676201676
8851,2024-06-30,1143100,2024-09-30,0.12756940083616244
8851,2024-09-30,1166189,2024-12-31,0.20156301434212082
8853,2024-03-31,452152,2024-06-30,0.04356548415393414
8853,2024-06-30,459496,2024-09-30,0.04058758106003521
8853,2024-09-30,459643,2024-12-31,0.03347143949583383
8857,2024-03-31,38187,2024-06-30,0.009500154396606118
8857,2024-06-30,42437,2024-09-30,0.027179287557962877
8857,2024-09-30,40778,2024-12-31,0.02013481209488485
8858,2024-03-31,58737,2024-06-30,-0.0029403217817784355
8858,2024-06-30,54120,2024-09-30,0.010013873425986418
8858,2024-09-30,56036,2024-12-31,0.015234971669973785
8863,2024-03-31,127412,2024-06-30,0.022988320161532124
8863,2024-06-30,133829,2024-09-30,0.025987978587057693
8863,2024-09-30,137572,2024-12-31,0.007512321559573005
8865,2024-03-31,83838,2024-06-30,0.02468095929035992
8865,2024-06-30,84399,2024-09-30,0.027230593405002702
8865,2024-09-30,90181,2024-12-31,0.02217244326382129
8866,2024-03-31,2227844,2024-06-30,0.026890083114077715
8866,2024-06-30,2254580,2024-09-30,0.032953361445754094
8866,2024-09-30,2330318,2024-12-31,0.04746236657517659
8867,2024-03-31,235442,2024-06-30,0.005629013080855082
8867,2024-06-30,242994,2024-09-30,0.01104409905405719
8867,2024-09-30,256072,2024-12-31,0.016420926853811565
8870,2024-03-31,2327100,2024-06-30,0.028837919401077862
8870,2024-06-30,2324197,2024-09-30,0.022781246163799306
8870,2024-09-30,2357261,2024-12-31,0.018892012671057716
8879,2024-03-31,4319962,2024-06-30,0.0029367838999844794
8879,2024-06-30,4220075,2024-09-30,0.03341156733504599
8879,2024-09-30,4268779,2024-12-31,0.03199302794658822
8888,2024-03-31,1672002,2024-06-30,0.0004439115494100726
8888,2024-06-30,1738509,2024-09-30,0.031922964982763626
8888,2024-09-30,1819885,2024-12-31,0.07633170426424712
8889,2024-03-31,939831,2024-06-30,-0.03176933076933268
8889,2024-06-30,950607,2024-09-30,-0.001940417936924273
8889,2024-09-30,972407,2024-12-31,0.03503131553089629
8892,2024-03-31,939543,2024-06-30,0.04029389472387083
8892,2024-06-30,992137,2024-09-30,0.05023188508394415
8892,2024-09-30,1025811,2024-12-31,0.0377291253085275
8893,2024-03-31,40841,2024-06-30,0.022854948089782643
8893,2024-06-30,39661,2024-09-30,0.016714624444409333
8893,2024-09-30,41590,2024-12-31,0.010858251561537852
8896,2024-03-31,119342,2024-06-30,0.008282605974513949
8896,2024-06-30,118537,2024-09-30,0.009437099890956577
8896,2024-09-30,118160,2024-12-31,0.009565383644764575
8898,2024-03-31,283725,2024-06-30,-0.008402015345155533
8898,2024-06-30,284328,2024-09-30,0.0032185331689521812
8898,2024-09-30,274116,2024-12-31,0.006500639471153916
8903,2024-03-31,719580,2024-06-30,0.012985398585077648
8903,2024-06-30,732508,2024-09-30,0.010992909480276807
8903,2024-09-30,719247,2024-12-31,0.02230151824876408
8904,2024-03-31,1221454,2024-06-30,0.010336537250731507
8904,2024-06-30,1235279,2024-09-30,0.02383674056279638
8904,2024-09-30,1231886,2024-12-31,0.027500055685597994
8941,2024-03-31,864578,2024-06-30,0.008697376764070336
8941,2024-06-30,832447,2024-09-30,0.017733596312961803
8941,2024-09-30,843582,2024-12-31,0.020655353929051816
8942,2024-03-31,297174,2024-06-30,0.04251501547112066
8942,2024-06-30,290082,2024-09-30,0.041523750664207715
8942,2024-09-30,281834,2024-12-31,0.07252082381445842
8943,2024-03-31,216098,2024-06-30,-1.3318883045282807e-05
8943,2024-06-30,207770,2024-09-30,0.022730099718480033
8943,2024-09-30,211932,2024-12-31,0.02402597696185966
8946,2024-03-31,42238,2024-06-30,-0.04079732362651376
8946,2024-06-30,35734,2024-09-30,0.012806397901536454
8946,2024-09-30,34291,2024-12-31,0.05474310194505065
8975,2024-03-31,100304,2024-06-30,0.006627809194118309
8975,2024-06-30,101331,2024-09-30,0.008469181553726945
8975,2024-09-30,99572,2024-12-31,0.004607487240221641
8980,2024-03-31,293727,2024-06-30,0.014793406586736288
8980,2024-06-30,288073,2024-09-30,0.01631106350059919
8980,2024-09-30,294412,2024-12-31,0.009296311298889456
9005,2024-03-31,121935,2024-06-30,-0.0008291181399376536
9005,2024-06-30,117202,2024-09-30,0.006992358133866534
9005,2024-09-30,115821,2024-12-31,-0.0010262719367332737
9007,2024-03-31,127397,2024-06-30,0.005032344509910495
9007,2024-06-30,117864,2024-09-30,0.01688503288438262
9007,2024-09-30,114685,2024-12-31,0.019970056066765978
9023,2024-03-31,763028,2024-06-30,0.011209520686404963
9023,2024-06-30,740180,2024-09-30,0.04249429106020413
9023,2024-09-30,749804,2024-12-31,0.0365619758261398
9024,2024-03-31,162984,2024-06-30,-0.0032283793180615966
9024,2024-06-30,162184,2024-09-30,0.0055225542383511685
9024,2024-09-30,167496,2024-12-31,0.007103667266962237
9030,2024-03-31,136177,2024-06-30,-0.0001899657230234805
9030,2024-06-30,131061,2024-09-30,-0.0097005889009143
9030,2024-09-30,125878,2024-12-31,-0.010263582835254234
9035,2024-03-31,76155,2024-06-30,0.014152743071678698
9035,2024-06-30,74981,2024-09-30,0.016753570930564652
9035,2024-09-30,81965,2024-12-31,-0.015415099120295345
9036,2024-03-31,93592,2024-06-30,-0.0012886292761670852
9036,2024-06-30,94301,2024-09-30,0.024664122052044806
9036,2024-09-30,97591,2024-12-31,0.02152693487105061
9037,2024-03-31,421529,2024-06-30,0.006146256509178925
9037,2024-06-30,425643,2024-09-30,0.008971078323474229
9037,2024-09-30,431239,2024-12-31,0.015047531209983974
9047,2024-03-31,466589,2024-06-30,0.01498224178110276
9047,2024-06-30,462756,2024-09-30,0.011996184840171027
9047,2024-09-30,489725,2024-12-31,0.02148341417732146
9057,2024-03-31,110420,2024-06-30,-0.009253650315070003
9057,2024-06-30,109385,2024-09-30,0.003927909041983696
9057,2024-09-30,109266,2024-12-31,0.0066875021094644155
9064,2024-03-31,388991,2024-06-30,0.006456805491483607
9064,2024-06-30,389069,2024-09-30,0.014144287001794969
9064,2024-09-30,384075,2024-12-31,0.015256560159577964
9068,2024-03-31,364187,2024-06-30,0.017711238734434927
9068,2024-06-30,367316,2024-09-30,0.02470223499618546
9068,2024-09-30,375019,2024-12-31,0.030874052689476034
9069,2024-03-31,233753,2024-06-30,0.02291136122651898
9069,2024-06-30,239772,2024-09-30,0.0047153495310502756
9069,2024-09-30,285084,2024-12-31,-0.038915347329004875
9070,2024-03-31,67766,2024-06-30,0.008606202933413167
9070,2024-06-30,67299,2024-09-30,0.006999342996273577
9070,2024-09-30,67334,2024-12-31,-0.0024492843868272373
9079,2024-03-31,270529,2024-06-30,0.00862219656503175
9079,2024-06-30,274518,2024-09-30,0.018669323535803733
9079,2024-09-30,285649,2024-12-31,0.00772777552249163
9080,2024-03-31,248739,2024-06-30,0.008746600826566107
9080,2024-06-30,236518,2024-09-30,0.008767852017683332
9080,2024-09-30,231489,2024-12-31,0.009101687712590564
9087,2024-03-31,7055813,2024-06-30,0.013576363534297194
9087,2024-06-30,7196427,2024-09-30,0.02028324560800159
9087,2024-09-30,7126574,2024-12-31,0.028848326935855564
9096,2024-03-31,123038,2024-06-30,-0.006930373918316023
9096,2024-06-30,122979,2024-09-30,-0.0038077930664573083
9096,2024-09-30,124725,2024-12-31,0.020224285768885117
9099,2024-03-31,463156,2024-06-30,0.03150441150712251
9099,2024-06-30,443924,2024-09-30,0.03587317472714431
9099,2024-09-30,451218,2024-12-31,0.037770791722783914
9100,2024-03-31,756900,2024-06-30,0.019618136163676646
9100,2024-06-30,762681,2024-09-30,0.02140079429829029
9100,2024-09-30,909649,2024-12-31,0.038250656859052545
9105,2024-03-31,136801,2024-06-30,0.011067054152403416
9105,2024-06-30,142325,2024-09-30,0.0005266814717893357
9105,2024-09-30,138784,2024-12-31,0.0057416812429438085
9106,2024-03-31,58291,2024-06-30,-0.005436651131878448
9106,2024-06-30,60388,2024-09-30,-0.010776968570552874
9106,2024-09-30,60006,2024-12-31,0.00606874094934692
9120,2024-03-31,38077,2024-06-30,0.005494335733672787
9120,2024-06-30,38152,2024-09-30,0.0057107462481349
9120,2024-09-30,37329,2024-12-31,0.009285979469640715
9121,2024-03-31,89491,2024-06-30,-0.011483233018901052
9121,2024-06-30,92876,2024-09-30,0.00534871543954218
9121,2024-09-30,93519,2024-12-31,0.018077263971042996
9123,2024-03-31,1942862,2024-06-30,0.05359955116644241
9123,2024-06-30,1933632,2024-09-30,0.029600711555275102
9123,2024-09-30,1989115,2024-12-31,0.03241385509640483
9128,2024-03-31,40217,2024-06-30,-0.002786572912077573
9128,2024-06-30,38150,2024-09-30,-0.005819404513921921
9137,2024-03-31,341379,2024-06-30,0.020468253441042073
9137,2024-06-30,406691,2024-09-30,0.026797878772666
9137,2024-09-30,428333,2024-12-31,0.009075013416257204
9139,2024-03-31,1010499,2024-06-30,0.03132983128604308
9139,2024-06-30,1024293,2024-09-30,0.05519326263890461
9139,2024-09-30,1071091,2024-12-31,0.021357687179096932
9155,2024-03-31,567807,2024-06-30,0.007040513695766277
9155,2024-06-30,561882,2024-09-30,0.020803167487590663
9155,2024-09-30,579144,2024-12-31,0.023288489425913297
9168,2024-03-31,415558,2024-06-30,0.015425647519318233
9168,2024-06-30,432937,2024-09-30,0.012258953991522955
9168,2024-09-30,447952,2024-12-31,0.010251051160888442
9172,2024-03-31,1056996,2024-06-30,0.022259377030790613
9172,2024-06-30,1036390,2024-09-30,0.0474788162216003
9172,2024-09-30,1016883,2024-12-31,0.048374730454073464
9176,2024-03-31,992154,2024-06-30,0.014267437820988394
9176,2024-06-30,952225,2024-09-30,0.05554501000378191
9176,2024-09-30,925746,2024-12-31,0.04460585466041735
9179,2024-03-31,81611,2024-06-30,-0.006638578150569289
9179,2024-06-30,83841,2024-09-30,-0.003717048509208588
9179,2024-09-30,83840,2024-12-31,0.002102806270184988
9189,2024-03-31,40908,2024-06-30,-0.028139396675260275
9189,2024-06-30,42923,2024-09-30,-0.029647867979657162
9189,2024-09-30,43350,2024-12-31,-0.014654389768002082
9196,2024-03-31,141097,2024-06-30,0.02350993798522271
9196,2024-06-30,133686,2024-09-30,0.02095253996352192
9196,2024-09-30,129121,2024-12-31,0.02228686549469351
9204,2024-03-31,1476908,2024-06-30,0.017394115891127077
9204,2024-06-30,1512534,2024-09-30,0.028232495382007144
9204,2024-09-30,1521472,2024-12-31,0.023970743367685784
9244,2024-03-31,345180,2024-06-30,0.010264485535665044
9244,2024-06-30,335953,2024-09-30,0.007777870581890225
9244,2024-09-30,340268,2024-12-31,0.012167856210344101
9245,2024-03-31,365892,2024-06-30,0.005973861700193235
9245,2024-06-30,368060,2024-09-30,5.691315481831415e-05
9245,2024-09-30,340254,2024-12-31,0.026809985690902927
9259,2024-03-31,150591,2024-06-30,0.01740301555191278
9259,2024-06-30,150848,2024-09-30,0.016832671302894918
9259,2024-09-30,145122,2024-12-31,0.009258101698009454
9263,2024-03-31,533470,2024-06-30,0.007934883579791557
9263,2024-06-30,529158,2024-09-30,0.004869353417823215
9263,2024-09-30,520807,2024-12-31,0.00897669730443664
9265,2024-03-31,112785,2024-06-30,-0.002196594980972312
9265,2024-06-30,111782,2024-09-30,0.0033433367774248577
9265,2024-09-30,105880,2024-12-31,0.018021862250372445
9273,2024-03-31,73780,2024-06-30,-0.0036979104950867095
9273,2024-06-30,71511,2024-09-30,0.0014162742948158691
9273,2024-09-30,71228,2024-12-31,-0.002509850555961098
9274,2024-03-31,46240,2024-06-30,0.04313650705553398
9274,2024-06-30,47280,2024-09-30,0.020501445853608236
9274,2024-09-30,51567,2024-12-31,-0.014615692352216122
9288,2024-03-31,925079,2024-06-30,0.007444539538474911
9288,2024-06-30,942429,2024-09-30,0.011407765506595904
9288,2024-09-30,960312,2024-12-31,0.02082120634251826
9295,2024-03-31,31073,2024-06-30,0.009502172409914281
9295,2024-06-30,30185,2024-09-30,0.005176825071589039
9295,2024-09-30,28995,2024-12-31,0.01147588324643769
9298,2024-03-31,539224,2024-06-30,0.022326119762817266
9298,2024-06-30,500751,2024-09-30,0.018107195792721523
9298,2024-09-30,549982,2024-12-31,0.013964991351724177
9299,2024-03-31,248037,2024-06-30,0.0014010799141494468
9299,2024-06-30,237373,2024-09-30,0.012356156314718147
9299,2024-09-30,233912,2024-12-31,0.002625297879764709
9300,2024-03-31,99227,2024-06-30,0.06541831924817411
9300,2024-06-30,102465,2024-09-30,0.040568270110084695
9300,2024-09-30,101140,2024-12-31,0.04682283027795164
9306,2024-03-31,169168,2024-06-30,0.0002976593785379668
9306,2024-06-30,164512,2024-09-30,0.007690821004577331
9306,2024-09-30,166865,2024-12-31,0.012485669183934945
9309,2024-03-31,278081,2024-06-30,0.015150867028228683
9309,2024-06-30,281298,2024-09-30,0.00870638228268169
9309,2024-09-30,290168,2024-12-31,0.009037814615674229
9310,2024-03-31,162375,2024-06-30,-0.0025033734729554297
9310,2024-06-30,173784,2024-09-30,-0.005037432332872209
9310,2024-09-30,174122,2024-12-31,0.008836535868266686
9313,2024-03-31,134492,2024-06-30,0.008664632000616972
9313,2024-06-30,137719,2024-09-30,0.018947447999395108
9313,2024-09-30,137198,2024-12-31,0.018072626474532713
9315,2024-03-31,130296,2024-06-30,-0.00035471940420103086
9315,2024-06-30,130673,2024-09-30,0.011181321359612945
9315,2024-09-30,128079,2024-12-31,0.010944839355816334
9319,2024-03-31,412085,2024-06-30,0.017761396269437606
9319,2024-06-30,425821,2024-09-30,0.015023869033774213
9319,2024-09-30,466690,2024-12-31,0.0136734765821861
9320,2024-03-31,199893,2024-06-30,-0.0017795846273138498
9320,2024-06-30,191181,2024-09-30,0.003498013125633593
9320,2024-09-30,196384,2024-12-31,-0.004558725869268616
9322,2024-03-31,474163,2024-06-30,0.01400647432148265
9322,2024-06-30,495444,2024-09-30,0.03142871127454356
9322,2024-09-30,501049,2024-12-31,0.029187421878354748
9323,2024-03-31,140465,2024-06-30,-0.007016289081773341
9323,2024-06-30,141490,2024-09-30,-0.007319161083830269
9323,2024-09-30,139716,2024-12-31,-0.005902703486167363
9325,2024-03-31,731278,2024-06-30,0.06864162673540573
9325,2024-06-30,745174,2024-09-30,0.09004978581915925
9325,2024-09-30,770474,2024-12-31,0.09265069945889023
9326,2024-03-31,266859,2024-06-30,0.01824286529857456
9326,2024-06-30,263404,2024-09-30,0.0120551064599859
9326,2024-09-30,267094,2024-12-31,0.0055952142217796
9327,2024-03-31,331826,2024-06-30,-0.021083380301872373
9327,2024-06-30,332707,2024-09-30,-0.01524081922737569
9327,2024-09-30,325781,2024-12-31,-0.025833530230396508
9328,2024-03-31,74091,2024-06-30,0.01679595643443083
9328,2024-06-30,73354,2024-09-30,0.026405785505485665
9328,2024-09-30,72254,2024-12-31,0.02662340750693336
9330,2024-03-31,89209,2024-06-30,0.007293208524782516
9330,2024-06-30,89738,2024-09-30,0.013804579079062948
9330,2024-09-30,86826,2024-12-31,0.019791095976862048
9332,2024-03-31,84255,2024-06-30,0.015557949408943375
9332,2024-06-30,75060,2024-09-30,0.018878162995473305
9332,2024-09-30,74615,2024-12-31,0.021523660235565244
9336,2024-03-31,43316,2024-06-30,0.011422808683383471
9336,2024-06-30,43604,2024-09-30,0.03167264333712523
9336,2024-09-30,45168,2024-12-31,0.05574853775840443
9337,2024-03-31,106859,2024-06-30,-0.01432726644277799
9337,2024-06-30,104742,2024-09-30,-0.019667956605498894
9337,2024-09-30,104524,2024-12-31,0.006177664786039458
9340,2024-03-31,72059,2024-06-30,0.0004008621997699418
9340,2024-06-30,70330,2024-09-30,0.012387829164797188
9340,2024-09-30,67687,2024-12-31,-0.0023853749667641587
9349,2024-03-31,35705,2024-06-30,-0.005967817401522424
9349,2024-06-30,35665,2024-09-30,-0.007742401708114719
9349,2024-09-30,35402,2024-12-31,-0.012413584418400656
9351,2024-03-31,41213,2024-06-30,-0.0007353191974560311
9351,2024-06-30,38997,2024-09-30,0.007940607860222932
9351,2024-09-30,39790,2024-12-31,-0.005802740207832482
9354,2024-03-31,31675,2024-06-30,-0.02291792582455055
9354,2024-06-30,30278,2024-09-30,-0.0008983430946472206
9354,2024-09-30,30079,2024-12-31,0.006180744696366306
9356,2024-03-31,229850,2024-06-30,0.02796336079213325
9356,2024-06-30,233148,2024-09-30,0.010202283158244927
9356,2024-09-30,227583,2024-12-31,0.02041064531004257
9359,2024-03-31,848753,2024-06-30,0.0203468850529635
9359,2024-06-30,819758,2024-09-30,0.02577009801709818
9359,2024-09-30,818527,2024-12-31,0.027725320972223494
9366,2024-03-31,409554,2024-06-30,0.014663214437466906
9366,2024-06-30,409649,2024-09-30,0.02246997028751093
9366,2024-09-30,403956,2024-12-31,0.027467400744741112
9369,2024-03-31,423359,2024-06-30,0.007310491229130179
9369,2024-06-30,423165,2024-09-30,0.008491441950164614
9369,2024-09-30,417445,2024-12-31,0.01582210217907588
9378,2024-03-31,316352,2024-06-30,0.021362278742672308
9378,2024-06-30,322079,2024-09-30,0.014700328441307692
9378,2024-09-30,331893,2024-12-31,0.01703242012561838
9385,2024-03-31,96503,2024-06-30,0.012936462979387324
9385,2024-06-30,92625,2024-09-30,-0.00011707486080255059
9385,2024-09-30,92182,2024-12-31,0.0036423230060679255
9388,2024-03-31,160301,2024-06-30,0.022938813009750425
9388,2024-06-30,166799,2024-09-30,0.04005459214248579
9388,2024-09-30,163520,2024-12-31,0.02891015615409063
9392,2024-03-31,182174,2024-06-30,0.010701847363418315
9392,2024-06-30,184486,2024-09-30,0.00396670754273128
9392,2024-09-30,189070,2024-12-31,0.0052582152128995314
9396,2024-03-31,49290841,2024-06-30,0.021621714240005616
9396,2024-06-30,50325509,2024-09-30,0.028167531658977174
9396,2024-09-30,50677794,2024-12-31,0.022339528795078403
9406,2024-03-31,30899,2024-06-30,-0.015234121949564399
9406,2024-06-30,25963,2024-09-30,0.13345543534980178
9406,2024-09-30,26745,2024-12-31,0.03714207729410275
9410,2024-03-31,502401,2024-06-30,-0.024381340486608383
9410,2024-06-30,509608,2024-09-30,-0.019092561539973282
9410,2024-09-30,499077,2024-12-31,-0.002499161371885388
9417,2024-03-31,38265,2024-06-30,-0.019391319469660596
9417,2024-06-30,35659,2024-09-30,-0.002970726897092263
9417,2024-09-30,35580,2024-12-31,-0.0011742804286436026
9420,2024-03-31,254400,2024-06-30,-0.0003224975215101697
9420,2024-06-30,253022,2024-09-30,0.013754168153123117
9420,2024-09-30,263592,2024-12-31,0.037171287055223434
9422,2024-03-31,52023,2024-06-30,-0.01946184889072442
9422,2024-06-30,49054,2024-09-30,-0.005340282615754622
9422,2024-09-30,52546,2024-12-31,-0.03371217796953853
9423,2024-03-31,4243378,2024-06-30,0.01852463232892927
9423,2024-06-30,4366586,2024-09-30,0.052933477054697774
9423,2024-09-30,4609780,2024-12-31,0.059786531513265614
9437,2024-03-31,907529,2024-06-30,0.045453772473138906
9437,2024-06-30,988020,2024-09-30,0.04071445141530225
9437,2024-09-30,978491,2024-12-31,0.046542924873415575
9438,2024-03-31,19373,2024-06-30,0.004478731443010708
9438,2024-06-30,19594,2024-09-30,0.003281962261069494
9438,2024-09-30,19495,2024-12-31,0.0055477705281047895
9439,2024-03-31,59408,2024-06-30,-0.005753604978966604
9439,2024-06-30,58351,2024-09-30,-0.004921263502959443
9439,2024-09-30,57593,2024-12-31,0.0015505014478267513
9440,2024-03-31,37497,2024-06-30,0.005468553381415319
9440,2024-06-30,37834,2024-09-30,0.0023886661547347704
9443,2024-03-31,1641754,2024-06-30,0.03236026021690393
9443,2024-06-30,1656899,2024-09-30,0.025452683730457254
9443,2024-09-30,1718781,2024-12-31,0.02572488491370813
9450,2024-03-31,222322,2024-06-30,0.009790310004717296
9450,2024-06-30,220486,2024-09-30,0.016168554734208807
9450,2024-09-30,218791,2024-12-31,0.021276981864780505
9457,2024-03-31,823928,2024-06-30,0.0207372107238205
9457,2024-06-30,814076,2024-09-30,0.03742249265718266
9457,2024-09-30,908846,2024-12-31,0.02440741705150783
9462,2024-03-31,250335,2024-06-30,0.037662079713599875
9462,2024-06-30,280975,2024-09-30,0.018642898011964695
9462,2024-09-30,279618,2024-12-31,0.01577773040277255
9463,2024-03-31,637663,2024-06-30,0.014295800305942748
9463,2024-06-30,635675,2024-09-30,0.015683077267323747
9463,2024-09-30,629253,2024-12-31,0.0160708620230407
9465,2024-03-31,422837,2024-06-30,-0.0035951591118945766
9465,2024-06-30,405754,2024-09-30,0.00803954408369098
9465,2024-09-30,411512,2024-12-31,0.0022147442681926806
9467,2024-03-31,221250,2024-06-30,0.03582030501535156
9467,2024-06-30,229671,2024-09-30,0.03761863618169582
9467,2024-09-30,235043,2024-12-31,0.03139653682673805
9472,2024-03-31,365980,2024-06-30,0.008722216652656175
9472,2024-06-30,357207,2024-09-30,0.0007232455603360391
9472,2024-09-30,357975,2024-12-31,0.01960272085997952
9486,2024-03-31,231196,2024-06-30,0.008066766952218493
9486,2024-06-30,231498,2024-09-30,0.015572268471575312
9486,2024-09-30,231481,2024-12-31,0.0198553813012435
9489,2024-03-31,318110,2024-06-30,0.034488484763582156
9489,2024-06-30,326364,2024-09-30,0.034552203970883766
9489,2024-09-30,320489,2024-12-31,0.020870934435045566
9499,2024-03-31,636126,2024-06-30,0.17857857632435067
9499,2024-06-30,647338,2024-09-30,0.07301321464471425
9499,2024-09-30,618144,2024-12-31,-0.006381812921390295
9502,2024-03-31,136740,2024-06-30,0.014913590732370748
9502,2024-06-30,132710,2024-09-30,0.013884432918740171
9502,2024-09-30,132341,2024-12-31,0.04724804372384661
9507,2024-03-31,480270,2024-06-30,0.00423659184078541
9507,2024-06-30,491100,2024-09-30,0.02077158886874413
9507,2024-09-30,507147,2024-12-31,0.030845912382608368
9517,2024-03-31,181546,2024-06-30,0.00938696068659135
9517,2024-06-30,178353,2024-09-30,0.013469299543013633
9517,2024-09-30,188120,2024-12-31,0.008111432024134587
9523,2024-03-31,118298,2024-06-30,-0.0034497327661582888
9523,2024-06-30,117849,2024-09-30,0.011422896197168493
9523,2024-09-30,132427,2024-12-31,0.02344604948238807
9526,2024-03-31,119508,2024-06-30,0.004897300086164199
9526,2024-06-30,121037,2024-09-30,0.009574798511466169
9526,2024-09-30,122678,2024-12-31,0.013136791672243698
9529,2024-03-31,201132,2024-06-30,0.011879318298643334
9529,2024-06-30,207895,2024-09-30,0.011494135046811545
9529,2024-09-30,223166,2024-12-31,0.01146235580102077
9536,2024-03-31,565023,2024-06-30,-0.015473951683605429
9536,2024-06-30,554829,2024-09-30,0.007312119046665483
9536,2024-09-30,564812,2024-12-31,0.028230008592998686
9614,2024-03-31,41744,2024-06-30,0.24762861487714088
9614,2024-06-30,44553,2024-09-30,0.2394242003669314
9614,2024-09-30,46134,2024-12-31,0.19814749285994632
9615,2024-03-31,111835,2024-06-30,-0.004311923686025188
9615,2024-06-30,113054,2024-09-30,-0.0032940645525681446
9615,2024-09-30,116567,2024-12-31,0.0002013702321618264
9620,2024-03-31,657289,2024-06-30,0.03921655841042275
9620,2024-06-30,662062,2024-09-30,0.03224713880385232
9620,2024-09-30,657355,2024-12-31,0.037503131962967534
9622,2024-03-31,3723559,2024-06-30,0.003539017243687012
9622,2024-06-30,3684337,2024-09-30,0.008177736025222941
9622,2024-09-30,3660205,2024-12-31,0.011591587106685425
9631,2024-03-31,361426,2024-06-30,0.003838121378720399
9631,2024-06-30,358038,2024-09-30,-0.004761246136668395
9631,2024-09-30,361478,2024-12-31,0.015920156058996424
9632,2024-03-31,612466,2024-06-30,0.01666839221061866
9632,2024-06-30,627014,2024-09-30,0.02030321957540804
9632,2024-09-30,642579,2024-12-31,0.012582317399264907
9647,2024-03-31,587963,2024-06-30,0.015500478334740816
9647,2024-06-30,592853,2024-09-30,0.025379232459827716
9647,2024-09-30,573984,2024-12-31,0.023688062271188484
9658,2024-03-31,74289,2024-06-30,0.0032842115986076513
9658,2024-06-30,76513,2024-09-30,0.0036721258026377814
9658,2024-09-30,74358,2024-12-31,0.0037929111518030137
9659,2024-03-31,116905,2024-06-30,-0.009197536227003693
9659,2024-06-30,109734,2024-09-30,-0.005808661167356583
9659,2024-09-30,113961,2024-12-31,-0.0077476543467866876
9661,2024-03-31,52736,2024-06-30,0.012010540392011944
9661,2024-06-30,51953,2024-09-30,0.011798729093667488
9661,2024-09-30,49637,2024-12-31,0.01396455251000224
9665,2024-03-31,260400,2024-06-30,0.0032710476033818445
9665,2024-06-30,253075,2024-09-30,0.005813635946464581
9665,2024-09-30,256575,2024-12-31,0.003916816718998027
9669,2024-03-31,85491,2024-06-30,-0.0066937710720725
9669,2024-06-30,85619,2024-09-30,-0.005107488789886358
9669,2024-09-30,89805,2024-12-31,-0.008312242502773699
9672,2024-03-31,83869,2024-06-30,0.018016009891363465
9672,2024-06-30,84812,2024-09-30,0.012206436214471239
9672,2024-09-30,84668,2024-12-31,0.010992664634088597
9678,2024-03-31,887378,2024-06-30,0.05044600333927731
9678,2024-06-30,899225,2024-09-30,0.026498607920177948
9678,2024-09-30,915047,2024-12-31,0.05029586770719066
9712,2024-03-31,15095349,2024-06-30,0.02158477651813113
9712,2024-06-30,15481757,2024-09-30,0.024742865615786914
9712,2024-09-30,15532683,2024-12-31,0.038166307157011546
9719,2024-03-31,781949,2024-06-30,0.027102749018979008
9719,2024-06-30,705458,2024-09-30,0.03158677491276996
9719,2024-09-30,759556,2024-12-31,0.019485837401169135
9727,2024-03-31,71034,2024-06-30,0.012737385341586065
9727,2024-06-30,67834,2024-09-30,0.01600926761917192
9727,2024-09-30,65898,2024-12-31,0.020385680003521964
9728,2024-03-31,95410,2024-06-30,0.00924917793493798
9728,2024-06-30,112959,2024-09-30,-0.014914969431412463
9728,2024-09-30,112848,2024-12-31,-0.0036120686383366123
9733,2024-03-31,58353,2024-06-30,0.019925531430131708
9733,2024-06-30,53166,2024-09-30,0.038013102172804195
9733,2024-09-30,57626,2024-12-31,0.0386520106442122
9735,2024-03-31,79669,2024-06-30,-0.024305382441789192
9735,2024-06-30,74602,2024-09-30,0.014684103376281484
9735,2024-09-30,76037,2024-12-31,0.012110201014131168
9737,2024-03-31,623392,2024-06-30,0.021043727554637362
9737,2024-06-30,624587,2024-09-30,0.030271346802425384
9737,2024-09-30,669330,2024-12-31,0.017304103311114663
9745,2024-03-31,173074,2024-06-30,0.006659924988037626
9745,2024-06-30,173318,2024-09-30,0.015214140485002912
9745,2024-09-30,171602,2024-12-31,0.017603090777414003
9746,2024-03-31,146194,2024-06-30,-0.0006245424583283832
9746,2024-06-30,139280,2024-09-30,0.009244998404836615
9746,2024-09-30,139110,2024-12-31,0.008958827515311277
9747,2024-03-31,46723,2024-06-30,0.002021366618072487
9747,2024-06-30,47179,2024-09-30,0.001684940658454393
9747,2024-09-30,46992,2024-12-31,0.001064604745881843
9751,2024-03-31,615440,2024-06-30,0.019206660579536225
9751,2024-06-30,572061,2024-09-30,0.012373572397565286
9751,2024-09-30,591913,2024-12-31,0.008424625581572583
9752,2024-03-31,33456,2024-06-30,-0.010959712162938715
9752,2024-06-30,33509,2024-09-30,-0.005524898349118256
9752,2024-09-30,33087,2024-12-31,0.0031596383441551343
9760,2024-03-31,438325,2024-06-30,0.021955636573949378
9760,2024-06-30,443958,2024-09-30,0.02159353319712451
9760,2024-09-30,453196,2024-12-31,0.027878153627358706
9769,2024-03-31,113974,2024-06-30,0.006569174866676765
9769,2024-06-30,121693,2024-09-30,0.023477481244860272
9769,2024-09-30,125307,2024-12-31,0.03232267199854521
9770,2024-03-31,327736,2024-06-30,0.01636677426056709
9770,2024-06-30,328535,2024-09-30,0.022938096038262867
9770,2024-09-30,340853,2024-12-31,0.007418090479277348
9773,2024-03-31,130111,2024-06-30,0.014976782661978109
9773,2024-06-30,131680,2024-09-30,0.016737012402644205
9773,2024-09-30,130395,2024-12-31,0.010074065236075529
9775,2024-03-31,300459,2024-06-30,0.019605659596982735
9775,2024-06-30,297250,2024-09-30,0.0265029370987832
9775,2024-09-30,291609,2024-12-31,0.03347841519283526
9777,2024-03-31,86895,2024-06-30,0.011373642025057558
9777,2024-06-30,83327,2024-09-30,-0.001543406125190345
9777,2024-09-30,83145,2024-12-31,0.007737510384535992
9788,2024-03-31,313868,2024-06-30,0.030542703572699156
9788,2024-06-30,314478,2024-09-30,0.03907719890645231
9788,2024-09-30,330629,2024-12-31,0.03391970557257209
9791,2024-03-31,141281,2024-06-30,0.017634645146384163
9791,2024-06-30,134184,2024-09-30,0.013627022722928801
9791,2024-09-30,130524,2024-12-31,0.010091553510076314
9794,2024-03-31,265846,2024-06-30,0.026047004819934216
9794,2024-06-30,266235,2024-09-30,0.02744898863865749
9794,2024-09-30,266716,2024-12-31,0.022409540718879906
9797,2024-03-31,1003332,2024-06-30,0.047352706693444074
9797,2024-06-30,990564,2024-09-30,0.0476567835806102
9797,2024-09-30,1018784,2024-12-31,0.041010716079599566
9803,2024-03-31,466286,2024-06-30,0.04093943813037926
9803,2024-06-30,469511,2024-09-30,0.025946882653877852
9803,2024-09-30,478567,2024-12-31,0.016512082594397088
9812,2024-03-31,52944,2024-06-30,0.0007472942119823567
9812,2024-06-30,54359,2024-09-30,-0.005487923853637867
9812,2024-09-30,55734,2024-12-31,-0.02012793570659592
9818,2024-03-31,83525,2024-06-30,0.0004251628528391039
9818,2024-06-30,85499,2024-09-30,0.007889577078878093
9818,2024-09-30,85225,2024-12-31,0.00661946631051195
9819,2024-03-31,49973,2024-06-30,0.0009460626447226258
9819,2024-06-30,52935,2024-09-30,0.015381188260014186
9819,2024-09-30,53337,2024-12-31,0.017863144183012585
9822,2024-03-31,98080,2024-06-30,0.016596744858939968
9822,2024-06-30,101052,2024-09-30,0.013903316388207536
9822,2024-09-30,108938,2024-12-31,0.039435323559225056
9831,2024-03-31,355496,2024-06-30,0.006061528386594322
9831,2024-06-30,356497,2024-09-30,0.015164115710861206
9831,2024-09-30,357648,2024-12-31,0.017217651086737385
9846,2024-03-31,406143000,2024-06-30,0.10153498133870827
9846,2024-06-30,397412000,2024-09-30,0.11260099941469061
9846,2024-09-30,400419000,2024-12-31,0.09855903323127162
9860,2024-03-31,55984,2024-06-30,0.004660045887454684
9860,2024-06-30,54281,2024-09-30,0.013433559855224401
9860,2024-09-30,55506,2024-12-31,0.007455254657371468
9865,2024-03-31,51517,2024-06-30,0.009272808447257263
9865,2024-06-30,51835,2024-09-30,0.011823163543738963
9865,2024-09-30,50736,2024-12-31,0.011004114674648074
9871,2024-03-31,340271,2024-06-30,0.00808214227733746
9871,2024-06-30,343093,2024-09-30,0.007339856864018729
9871,2024-09-30,376452,2024-12-31,0.004721278930673114
9875,2024-03-31,50301,2024-06-30,0.01989310344021645
9875,2024-06-30,51862,2024-09-30,0.017302414125074193
9875,2024-09-30,53667,2024-12-31,0.02329743144170265
9879,2024-03-31,45908,2024-06-30,0.027149159589214975
9879,2024-06-30,55534,2024-09-30,-0.05339094414004132
9879,2024-09-30,42571,2024-12-31,0.039599816629984165
9881,2024-03-31,125773,2024-06-30,0.009123464114693202
9881,2024-06-30,126536,2024-09-30,0.014788493169167022
9881,2024-09-30,132588,2024-12-31,0.025441007479619526
9888,2024-03-31,846936,2024-06-30,0.036869958085448885
9888,2024-06-30,875449,2024-09-30,0.03426547194865463
9888,2024-09-30,884183,2024-12-31,0.024125128795300096
9889,2024-03-31,4385615,2024-06-30,0.04182464981816367
9889,2024-06-30,4506755,2024-09-30,0.04695398649167857
9889,2024-09-30,4717558,2024-12-31,0.05040882121358155
9923,2024-03-31,1738506,2024-06-30,0.0295037023251769
9923,2024-06-30,1683697,2024-09-30,0.06251925334449131
9923,2024-09-30,1786527,2024-12-31,0.050122301141585765
9932,2024-03-31,223088,2024-06-30,0.012137378309627562
9932,2024-06-30,226277,2024-09-30,0.008986825659180108
9932,2024-09-30,224035,2024-12-31,0.0004298207731761625
9935,2024-03-31,260136,2024-06-30,-0.046690214523047224
9935,2024-06-30,269417,2024-09-30,-0.03548938545093227
9935,2024-09-30,263062,2024-12-31,0.005184645728353946
9963,2024-03-31,1617555,2024-06-30,0.011815172263346425
9963,2024-06-30,1522168,2024-09-30,0.007471255099992979
9963,2024-09-30,1469526,2024-12-31,0.013446246734149868
9967,2024-03-31,833955,2024-06-30,0.015355719361879504
9967,2024-06-30,797896,2024-09-30,-0.005465241895002338
9967,2024-09-30,803419,2024-12-31,0.02818900415536863
9978,2024-03-31,1762770,2024-06-30,0.00017042679637559077
9978,2024-06-30,1725749,2024-09-30,-0.003949921565024431
9978,2024-09-30,1687887,2024-12-31,0.0053589945533238734
9986,2024-03-31,72811,2024-06-30,0.0029618441550672576
9986,2024-06-30,73886,2024-09-30,0.01131967329831723
9986,2024-09-30,72099,2024-12-31,0.013323398518456977
9997,2024-03-31,458129,2024-06-30,0.01601735018340653
9997,2024-06-30,468570,2024-09-30,0.014652682879072378
9997,2024-09-30,515030,2024-12-31,0.014236673853417436
9998,2024-03-31,196263,2024-06-30,0.014006688294020577
9998,2024-06-30,197404,2024-09-30,0.015451128814152363
9998,2024-09-30,190504,2024-12-31,0.014548482073808496
10004,2024-03-31,181883,2024-06-30,0.015232868622416745
10004,2024-06-30,188452,2024-09-30,0.018356073648477952
10004,2024-09-30,202952,2024-12-31,0.031494790438465134
10011,2024-03-31,339219,2024-06-30,0.0033774368372681907
10011,2024-06-30,343530,2024-09-30,0.004768797286279186
10011,2024-09-30,344870,2024-12-31,0.027185392832640598
10012,2024-03-31,176745,2024-06-30,0.011261910326677919
10012,2024-06-30,164529,2024-09-30,0.05116122790920844
10012,2024-09-30,173856,2024-12-31,0.037728514677817106
10015,2024-03-31,157280,2024-06-30,0.014170152843689035
10015,2024-06-30,162502,2024-09-30,0.01021023364281492
10015,2024-09-30,172964,2024-12-31,0.017422928194417483
10044,2024-03-31,2242027,2024-06-30,0.02573676847067873
10044,2024-06-30,2236697,2024-09-30,0.03613155945392653
10044,2024-09-30,2323421,2024-12-31,0.024346160555299694
10055,2024-03-31,290918,2024-06-30,0.03071421949308339
10055,2024-06-30,285867,2024-09-30,0.057450249745768844
10055,2024-09-30,279664,2024-12-31,0.08099541165825484
10057,2024-03-31,65927,2024-06-30,0.0018610323711689017
10057,2024-06-30,66016,2024-09-30,-0.0004690782802830322
10057,2024-09-30,65804,2024-12-31,0.0012403312808958343
10072,2024-03-31,120271,2024-06-30,-0.010459843359432114
10072,2024-06-30,118137,2024-09-30,0.004770647011705866
10072,2024-09-30,121861,2024-12-31,-0.00699844468278298
10074,2024-03-31,54788,2024-06-30,-0.0389147106451315
10074,2024-06-30,55826,2024-09-30,-0.03088639110893691
10074,2024-09-30,55565,2024-12-31,-0.021168032145329505
10075,2024-03-31,34602,2024-06-30,0.0069698563459362406
10075,2024-06-30,38112,2024-09-30,-0.034222161270327116
10075,2024-09-30,39274,2024-12-31,-0.03179996660432351
10077,2024-03-31,26740,2024-06-30,0.020878704621337524
10077,2024-06-30,26846,2024-09-30,0.007889282860891815
10077,2024-09-30,25979,2024-12-31,0.004727089632483782
10101,2024-03-31,386423,2024-06-30,0.020630980525621442
10101,2024-06-30,395973,2024-09-30,0.02274210941387803
10101,2024-09-30,397402,2024-12-31,0.01916361110013586
10111,2024-03-31,344640,2024-06-30,0.027625864097120277
10111,2024-06-30,339117,2024-09-30,0.024912804941153756
10111,2024-09-30,365896,2024-12-31,0.0207448022857846
10118,2024-03-31,222856,2024-06-30,0.01952717862821775
10118,2024-06-30,225815,2024-09-30,0.021470718361110298
10118,2024-09-30,217048,2024-12-31,0.012008128884242731
10120,2024-03-31,27613,2024-06-30,0.01828480741743624
10120,2024-06-30,25350,2024-09-30,0.012807544973829592
10120,2024-09-30,27412,2024-12-31,-0.0025368692197747303
10121,2024-03-31,130566,2024-06-30,0.006171469224884872
10121,2024-06-30,143143,2024-09-30,-0.003265019611285597
10121,2024-09-30,142737,2024-12-31,-0.007242451562423756
10122,2024-03-31,197089,2024-06-30,-0.002121243656551055
10122,2024-06-30,179725,2024-09-30,0.03950519425435228
10122,2024-09-30,197343,2024-12-31,-0.02137389383029105
10123,2024-03-31,48318,2024-06-30,0.023463659019556694
10123,2024-06-30,52094,2024-09-30,-0.02952230004674599
10123,2024-09-30,37771,2024-12-31,0.12176857369522494
10125,2024-03-31,146728,2024-06-30,-0.005321806370878283
10125,2024-06-30,138115,2024-09-30,-0.005735868084539428
10125,2024-09-30,154282,2024-12-31,-0.03312498492473518
10127,2024-03-31,228032,2024-06-30,0.00019544615699416926
10127,2024-06-30,220649,2024-09-30,0.015008339439173879
10127,2024-09-30,229126,2024-12-31,0.015099211289888741
10132,2024-03-31,108747,2024-06-30,0.01643230429026826
10132,2024-06-30,105578,2024-09-30,0.015625796616703373
10132,2024-09-30,106137,2024-12-31,0.015601377835734809
10137,2024-03-31,195511,2024-06-30,0.0148720033753305
10137,2024-06-30,196831,2024-09-30,0.019559764864978048
10137,2024-09-30,201981,2024-12-31,0.012207629332730091
10145,2024-03-31,17792,2024-06-30,-0.017236562790444398
10145,2024-06-30,17887,2024-09-30,-0.0073820752060185495
10145,2024-09-30,16808,2024-12-31,-0.011463509366456195
10157,2024-03-31,312115,2024-06-30,-0.010596130425445315
10157,2024-06-30,310680,2024-09-30,0.017896585511892514
10157,2024-09-30,314987,2024-12-31,0.02855765968359022
10159,2024-03-31,364771,2024-06-30,-0.00239569928552722
10159,2024-06-30,343445,2024-09-30,0.01120026231652882
10159,2024-09-30,364651,2024-12-31,0.011008258346848565
10160,2024-03-31,54061,2024-06-30,0.016233944835632994
10160,2024-06-30,53893,2024-09-30,0.029623666662789566
10160,2024-09-30,63469,2024-12-31,0.0900633538939018
10162,2024-03-31,80826,2024-06-30,0.009308579051625063
10162,2024-06-30,82005,2024-09-30,0.00789752263659193
10162,2024-09-30,84016,2024-12-31,0.007334520528483889
10163,2024-03-31,180714,2024-06-30,0.006181243495149024
10163,2024-06-30,184372,2024-09-30,0.011926946519837297
10163,2024-09-30,192080,2024-12-31,0.01389659637960356
10165,2024-03-31,282404,2024-06-30,0.0013791158629716026
10165,2024-06-30,291216,2024-09-30,0.020247484350895278
10165,2024-09-30,312659,2024-12-31,0.032663655693395924
10167,2024-03-31,254810,2024-06-30,0.00764148704277666
10167,2024-06-30,251549,2024-09-30,0.011500435252949913
10167,2024-09-30,244778,2024-12-31,-0.013670235771870822
10168,2024-03-31,399297,2024-06-30,0.017077784884379093
10168,2024-06-30,398033,2024-09-30,0.03446441924735596
10168,2024-09-30,395954,2024-12-31,0.03916435497776825
10169,2024-03-31,215457,2024-06-30,0.03443208813550886
10169,2024-06-30,224627,2024-09-30,0.03927974608076854
10169,2024-09-30,236812,2024-12-31,0.022384577612270657
10174,2024-03-31,94500,2024-06-30,0.016944729730513707
10174,2024-06-30,94084,2024-09-30,0.021455844874373842
10174,2024-09-30,96460,2024-12-31,0.0242223126652482
10175,2024-03-31,137376,2024-06-30,0.013719143972744758
10175,2024-06-30,135362,2024-09-30,0.004805842238245957
10175,2024-09-30,144796,2024-12-31,-0.0027786521208698262
10178,2024-03-31,99356,2024-06-30,0.020476539113534854
10178,2024-06-30,98296,2024-09-30,0.03166704378398432
10178,2024-09-30,96903,2024-12-31,0.04468862467297381
10185,2024-03-31,54989,2024-06-30,-0.0026544233453486476
10185,2024-06-30,54691,2024-09-30,-0.0012543434021663091
10185,2024-09-30,57815,2024-12-31,-0.0011509450062723566
10187,2024-03-31,44284,2024-06-30,-0.08974069173860011
10187,2024-06-30,41837,2024-09-30,-0.07208703589236819
10187,2024-09-30,39039,2024-12-31,-0.032350948125220914
10191,2024-03-31,159732,2024-06-30,0.008697905781296289
10191,2024-06-30,158283,2024-09-30,0.020431919365370477
10191,2024-09-30,156945,2024-12-31,0.02766515525269927
10194,2024-03-31,154076,2024-06-30,0.00041268005798739235
10194,2024-06-30,158802,2024-09-30,0.026445606013027728
10194,2024-09-30,166235,2024-12-31,0.02460167343597872
10197,2024-03-31,78172,2024-06-30,0.010088531596815269
10197,2024-06-30,77305,2024-09-30,0.017584303551836294
10197,2024-09-30,81407,2024-12-31,-0.0011636578569855184
10200,2024-03-31,31500,2024-06-30,0.019697423054449745
10200,2024-06-30,30784,2024-09-30,0.008989264725254402
10200,2024-09-30,32250,2024-12-31,0.008330467142973955
10202,2024-03-31,65479,2024-06-30,-0.001110957754619714
10202,2024-06-30,64564,2024-09-30,0.004429599935315041
10202,2024-09-30,67856,2024-12-31,0.014920740803976021
10212,2024-03-31,173523,2024-06-30,0.016643682045234944
10212,2024-06-30,175959,2024-09-30,0.014789614317799946
10212,2024-09-30,176589,2024-12-31,0.03149241232645575
10214,2024-03-31,743701,2024-06-30,0.00881004797391747
10214,2024-06-30,723731,2024-09-30,0.01131599707351975
10214,2024-09-30,739631,2024-12-31,0.02087898050994779
10218,2024-03-31,293117,2024-06-30,0.010552666082593469
10218,2024-06-30,290499,2024-09-30,0.03541494950689359
10218,2024-09-30,277005,2024-12-31,0.016568418698023807
10236,2024-03-31,148828,2024-06-30,-0.007502182413933303
10236,2024-06-30,139439,2024-09-30,-0.002849145209712292
10236,2024-09-30,148082,2024-12-31,-0.010017487652592402
10243,2024-03-31,103961,2024-06-30,0.004474185032539961
10243,2024-06-30,104579,2024-09-30,0.005022425670744094
10243,2024-09-30,100405,2024-12-31,0.004033104420338904
10248,2024-03-31,4633996,2024-06-30,0.02853508033636164
10248,2024-06-30,4835905,2024-09-30,0.018412020462862437
10248,2024-09-30,4783075,2024-12-31,0.012885439112550443
10250,2024-03-31,128302,2024-06-30,0.0019913872569067787
10250,2024-06-30,134842,2024-09-30,0.007010251169867694
10250,2024-09-30,140860,2024-12-31,0.015392654071650901
10253,2024-03-31,66305,2024-06-30,-0.053166965559564766
10253,2024-06-30,62231,2024-09-30,-0.023434161213805392
10253,2024-09-30,61003,2024-12-31,-0.005471124041619709
10255,2024-03-31,785714,2024-06-30,0.0153703057532114
10255,2024-06-30,779825,2024-09-30,0.028678156284994566
10255,2024-09-30,781517,2024-12-31,0.021035426145379184
10266,2024-03-31,260326,2024-06-30,-0.003226433964382049
10266,2024-06-30,265402,2024-09-30,0.021150235710889052
10266,2024-09-30,274365,2024-12-31,0.008757845604931414
10280,2024-03-31,106586,2024-06-30,0.0029028112277520823
10280,2024-06-30,110152,2024-09-30,0.006595100065026671
10280,2024-09-30,114597,2024-12-31,-0.0002711140622386634
10307,2024-03-31,1594359,2024-06-30,0.007165801292307344
10307,2024-06-30,1612259,2024-09-30,0.024457776550607647
10307,2024-09-30,1656970,2024-12-31,0.03495620783368531
10308,2024-03-31,772615,2024-06-30,0.022791143466450323
10308,2024-06-30,787622,2024-09-30,0.012933773564914857
10308,2024-09-30,827807,2024-12-31,0.011847612554535177
10315,2024-03-31,131339,2024-06-30,-0.008584437140070941
10315,2024-06-30,126106,2024-09-30,0.005684448789300486
10315,2024-09-30,117943,2024-12-31,0.03050028806365094
10317,2024-03-31,235399,2024-06-30,-0.004952123631948728
10317,2024-06-30,235089,2024-09-30,0.011767628380839282
10317,2024-09-30,230622,2024-12-31,0.014263076456280884
10319,2024-03-31,154966,2024-06-30,0.029723474929953978
10319,2024-06-30,160656,2024-09-30,0.021197386383540767
10319,2024-09-30,162356,2024-12-31,0.021503882389766162
10327,2024-03-31,60493,2024-06-30,-0.037774042234683385
10327,2024-06-30,59904,2024-09-30,-0.022435998762642424
10327,2024-09-30,61528,2024-12-31,-0.018227462892515492
10330,2024-03-31,104413,2024-06-30,0.03227778856895146
10330,2024-06-30,102495,2024-09-30,0.00891798843478792
10330,2024-09-30,99937,2024-12-31,0.018916855643034275
10334,2024-03-31,727019,2024-06-30,0.06669360606625913
10334,2024-06-30,736036,2024-09-30,0.10514271392578121
10344,2024-03-31,765041,2024-06-30,0.02129691477846134
10344,2024-06-30,771243,2024-09-30,0.03844676392954501
10344,2024-09-30,783823,2024-12-31,0.04235835255449458
10345,2024-03-31,163487,2024-06-30,0.004093130720657736
10345,2024-06-30,163083,2024-09-30,0.01226020555376558
10345,2024-09-30,158381,2024-12-31,0.02973365474534827
10352,2024-03-31,42302,2024-06-30,0.005807662642667595
10352,2024-06-30,45075,2024-09-30,-0.02607508574281867
10352,2024-09-30,39761,2024-12-31,0.05077531401597374
10363,2024-03-31,2101571,2024-06-30,0.017162370220102748
10363,2024-06-30,2117630,2024-09-30,0.010999855904817696
10363,2024-09-30,2146199,2024-12-31,0.01995900809562329
10374,2024-03-31,100897,2024-06-30,-0.02336815531730518
10374,2024-06-30,104297,2024-09-30,0.015149761319407495
10374,2024-09-30,102909,2024-12-31,0.011103633491575652
10378,2024-03-31,402247,2024-06-30,0.025324291362344223
10378,2024-06-30,591622,2024-09-30,0.032079471520523664
10378,2024-09-30,581021,2024-12-31,0.051899907249659157
10380,2024-03-31,314095,2024-06-30,0.017412223581324715
10380,2024-06-30,316745,2024-09-30,0.01720881568515413
10380,2024-09-30,326693,2024-12-31,0.015915528802909217
10382,2024-03-31,141651,2024-06-30,0.008692725082686
10382,2024-06-30,137214,2024-09-30,0.007339614404830811
10382,2024-09-30,140327,2024-12-31,-0.0010564583540735389
10383,2024-03-31,392220,2024-06-30,0.011726340126677183
10383,2024-06-30,372112,2024-09-30,0.02377280357472546
10383,2024-09-30,412226,2024-12-31,0.012669990550181157
10384,2024-03-31,272188,2024-06-30,0.05552535811099118
10384,2024-06-30,275578,2024-09-30,0.054145203056820954
10384,2024-09-30,276493,2024-12-31,0.0727347537864667
10407,2024-03-31,92742,2024-06-30,0.0101588186147729
10407,2024-06-30,92428,2024-09-30,0.010863499966077878
10407,2024-09-30,91333,2024-12-31,0.00817618196470982
10434,2024-03-31,264355,2024-06-30,0.007214817545483539
10434,2024-06-30,255871,2024-09-30,0.011991430375992715
10434,2024-09-30,260356,2024-12-31,0.017555479513750336
10437,2024-03-31,64157,2024-06-30,0.00029422747545538366
10437,2024-06-30,64862,2024-09-30,0.005048931993749603
10437,2024-09-30,65750,2024-12-31,-0.0009469217754845719
10438,2024-03-31,231698,2024-06-30,0.008719435566682901
10438,2024-06-30,227398,2024-09-30,-0.000569802566235688
10438,2024-09-30,222705,2024-12-31,0.0024894188750168994
10446,2024-03-31,160907,2024-06-30,0.027467018864921276
10446,2024-06-30,160624,2024-09-30,0.03378381608492387
10446,2024-09-30,159696,2024-12-31,0.051866321924628825
10458,2024-03-31,113340,2024-06-30,0.0018565421921868206
10458,2024-06-30,115395,2024-09-30,0.014307500017463674
10458,2024-09-30,113587,2024-12-31,0.02063511299569934
10460,2024-03-31,189719,2024-06-30,0.010095695301045624
10460,2024-06-30,186943,2024-09-30,0.013817313394076002
10460,2024-09-30,182386,2024-12-31,0.017323574980896084
10463,2024-03-31,36947,2024-06-30,-0.0030339562606073295
10463,2024-06-30,35744,2024-09-30,0.004941545128087546
10463,2024-09-30,36473,2024-12-31,-0.001671112647726733
10464,2024-03-31,100391,2024-06-30,0.0062831320160149935
10464,2024-06-30,98488,2024-09-30,-0.001987179085835693
10464,2024-09-30,97943,2024-12-31,-0.006008331183114579
10467,2024-03-31,165376,2024-06-30,-0.0018465562778734567
10467,2024-06-30,163950,2024-09-30,0.00010090165044340647
10467,2024-09-30,161496,2024-12-31,-0.0030494758557405347
10469,2024-03-31,43184,2024-06-30,0.004512514891477666
10469,2024-06-30,41619,2024-09-30,0.0038884532793692266
10469,2024-09-30,41746,2024-12-31,-0.0005343116199066105
10471,2024-03-31,50525,2024-06-30,0.009999846670382713
10471,2024-06-30,50148,2024-09-30,0.0024118520236108645
10471,2024-09-30,51947,2024-12-31,0.004689260302174282
10473,2024-03-31,195304,2024-06-30,0.03712916252839682
10473,2024-06-30,183217,2024-09-30,0.029185164795251718
10473,2024-09-30,184350,2024-12-31,0.03263174725900821
10474,2024-03-31,363342,2024-06-30,0.0032006877311539454
10474,2024-06-30,367515,2024-09-30,0.004538783946254343
10474,2024-09-30,391562,2024-12-31,0.02616189148588254
10489,2024-03-31,28738,2024-06-30,0.001579962180062923
10489,2024-06-30,27695,2024-09-30,0.017470124330296155
10489,2024-09-30,27054,2024-12-31,0.018279247490766894
10492,2024-03-31,104053,2024-06-30,-0.06049596836918636
10492,2024-06-30,103425,2024-09-30,-0.009458094925064334
10492,2024-09-30,100285,2024-12-31,0.025635969393329502
10494,2024-03-31,152862,2024-06-30,0.007610839884547753
10494,2024-06-30,159912,2024-09-30,0.002209255930951518
10494,2024-09-30,148440,2024-12-31,0.008729651835985555
10497,2024-03-31,173697,2024-06-30,0.015607830699162
10497,2024-06-30,172697,2024-09-30,0.02406471535354034
10497,2024-09-30,170483,2024-12-31,0.019749153045444813
10500,2024-03-31,101114,2024-06-30,-0.02195678980438658
10500,2024-06-30,101815,2024-09-30,-0.020011460234927916
10500,2024-09-30,100205,2024-12-31,-0.02333889797706439
10502,2024-03-31,122267,2024-06-30,0.023570912290659912
10502,2024-06-30,121621,2024-09-30,0.02370744485261342
10502,2024-09-30,118740,2024-12-31,0.030432558147450335
10503,2024-03-31,66312,2024-06-30,0.0021920014101946936
10503,2024-06-30,64697,2024-09-30,0.003535498008393469
10503,2024-09-30,70224,2024-12-31,-0.032417725036160014
10505,2024-03-31,169819,2024-06-30,0.018701312978832024
10505,2024-06-30,180886,2024-09-30,-0.03591726600283945
10505,2024-09-30,157550,2024-12-31,0.08893378053914293
10520,2024-03-31,168267,2024-06-30,0.00866308638314399
10520,2024-06-30,177529,2024-09-30,0.009752807301019933
10520,2024-09-30,174962,2024-12-31,0.00790528455005356
10523,2024-03-31,319809,2024-06-30,0.01209331835259113
10523,2024-06-30,324178,2024-09-30,-0.0017096418377514878
10523,2024-09-30,311885,2024-12-31,0.012164896584955075
10528,2024-03-31,171360,2024-06-30,0.007529220867765502
10528,2024-06-30,169356,2024-09-30,0.008390540650732591
10528,2024-09-30,161698,2024-12-31,0.017906078297946017
10531,2024-03-31,238050,2024-06-30,0.025726121281304356
10531,2024-06-30,267648,2024-09-30,0.034663928985089444
10531,2024-09-30,264756,2024-12-31,0.03927309651930795
10532,2024-03-31,260712,2024-06-30,-0.016958948789692063
10532,2024-06-30,271725,2024-09-30,-0.011705236305324945
10532,2024-09-30,281842,2024-12-31,0.0003347160040220569
10533,2024-03-31,285896,2024-06-30,0.013603063915141529
10533,2024-06-30,288567,2024-09-30,0.006840917601847029
10533,2024-09-30,281838,2024-12-31,0.009880684636046381
10561,2024-03-31,183966,2024-06-30,0.007072450432074813
10561,2024-06-30,187332,2024-09-30,0.006825421659851452
10561,2024-09-30,177357,2024-12-31,0.02180201419028599
10567,2024-03-31,44344,2024-06-30,0.0090799897852153
10567,2024-06-30,45765,2024-09-30,0.02512574013154902
10567,2024-09-30,44699,2024-12-31,0.019805940461652443
10568,2024-03-31,172679,2024-06-30,0.0027897045358300956
10571,2024-03-31,39349,2024-06-30,-0.05152353523529446
10571,2024-06-30,37566,2024-09-30,-0.014485458906166678
10571,2024-09-30,39943,2024-12-31,-0.025243520247239845
10576,2024-03-31,104113,2024-06-30,-0.001716027118915716
10576,2024-06-30,102582,2024-09-30,-0.0026780812717463595
10576,2024-09-30,110335,2024-12-31,-0.01409971004717611
10594,2024-03-31,205359,2024-06-30,0.030658102423891633
10594,2024-06-30,207674,2024-09-30,0.016373678287483047
10594,2024-09-30,206348,2024-12-31,0.021145638086379176
10595,2024-03-31,222769,2024-06-30,0.02177413030246981
10595,2024-06-30,223010,2024-09-30,0.03029608567037592
10595,2024-09-30,217530,2024-12-31,0.02239954974364792
10597,2024-03-31,95000,2024-06-30,0.07469235597638768
10597,2024-06-30,100494,2024-09-30,0.08958904756608821
10597,2024-09-30,100548,2024-12-31,0.07032548906182863
10608,2024-03-31,441960,2024-06-30,-0.0043391724690152985
10608,2024-06-30,447513,2024-09-30,-0.0001197644113931103
10608,2024-09-30,456925,2024-12-31,0.004975917372076355
10618,2024-03-31,907511,2024-06-30,0.008975081762450514
10618,2024-06-30,903930,2024-09-30,-0.00025851210128142055
10618,2024-09-30,916094,2024-12-31,0.03213757481874314
10619,2024-03-31,1536894,2024-06-30,-0.0008650727509858167
10619,2024-06-30,1556740,2024-09-30,0.012390809499488549
10619,2024-09-30,1517308,2024-12-31,0.011187030784158735
10623,2024-03-31,138643,2024-06-30,0.013223754893659696
10623,2024-06-30,134309,2024-09-30,0.011493555468545134
10623,2024-09-30,132476,2024-12-31,0.0023911069072885625
10626,2024-03-31,31953,2024-06-30,0.0004849070807683686
10626,2024-06-30,31453,2024-09-30,0.0008865183439266304
10626,2024-09-30,29890,2024-12-31,0.01218289342816408
10628,2024-03-31,130211,2024-06-30,0.011007615264232957
10628,2024-06-30,128466,2024-09-30,0.014654231804361187
10628,2024-09-30,125871,2024-12-31,0.00611599670273742
10634,2024-03-31,7008606,2024-06-30,0.028601698063348193
10634,2024-06-30,7053281,2024-09-30,0.025702439868691335
10634,2024-09-30,7304711,2024-12-31,0.027085514021959873
10635,2024-03-31,15277,2024-06-30,-0.006104765857125367
10635,2024-06-30,15397,2024-09-30,-0.015304739773358228
10635,2024-09-30,16675,2024-12-31,-0.026092745837265896
10637,2024-03-31,113787,2024-06-30,0.012590416656421534
10637,2024-06-30,113090,2024-09-30,0.007066183181230979
10637,2024-09-30,108768,2024-12-31,0.011988419155038116
10639,2024-03-31,254858,2024-06-30,0.03748264969930142
10639,2024-06-30,264389,2024-09-30,0.04953855044420234
10639,2024-09-30,264005,2024-12-31,0.03318721258340363
10641,2024-03-31,468618,2024-06-30,0.015006507132557566
10641,2024-06-30,466957,2024-09-30,0.02312754624620465
10641,2024-09-30,455175,2024-12-31,0.10935443994853146
10643,2024-03-31,528439,2024-06-30,0.01667054623019645
10643,2024-06-30,536213,2024-09-30,0.022452487975933397
10643,2024-09-30,586388,2024-12-31,0.03141716219520853
10647,2024-03-31,55578,2024-06-30,-0.024295151552264867
10647,2024-06-30,50596,2024-09-30,-0.005662990034784379
10647,2024-09-30,51005,2024-12-31,-0.0031043316121690083
10663,2024-03-31,521000,2024-06-30,0.021945096029460497
10663,2024-06-30,529743,2024-09-30,0.04075207810169555
10663,2024-09-30,547121,2024-12-31,0.023535638779499327
10667,2024-03-31,1637919,2024-06-30,0.008189153054777102
10667,2024-06-30,1580696,2024-09-30,0.036380989940851864
10667,2024-09-30,1622601,2024-12-31,0.029497067141839216
10672,2024-03-31,133427,2024-06-30,0.008699642440292662
10672,2024-06-30,137774,2024-09-30,-0.001413983841054586
10672,2024-09-30,131143,2024-12-31,0.018204069507914738
10674,2024-03-31,134113,2024-06-30,-0.01202687283802572
10674,2024-06-30,136695,2024-09-30,-0.0011030739471206588
10674,2024-09-30,136837,2024-12-31,0.0026164845585751927
10677,2024-03-31,752609,2024-06-30,0.019000351419946576
10677,2024-06-30,750542,2024-09-30,0.01890105765282968
10677,2024-09-30,767838,2024-12-31,0.011897057569407968
10685,2024-03-31,467219,2024-06-30,0.0119262913167809
10685,2024-06-30,479663,2024-09-30,0.021904031365025736
10685,2024-09-30,496655,2024-12-31,0.0064131875598561735
10693,2024-03-31,637408,2024-06-30,0.042999223229519726
10704,2024-03-31,31671,2024-06-30,0.041790473908855465
10704,2024-06-30,29394,2024-09-30,0.01268327647449209
10704,2024-09-30,30422,2024-12-31,0.0173506708237643
10709,2024-03-31,297278,2024-06-30,0.022932307481328577
10709,2024-06-30,295162,2024-09-30,0.02399167835118322
10709,2024-09-30,308889,2024-12-31,0.028091842934426077
10719,2024-03-31,348185,2024-06-30,-0.01478575683922882
10719,2024-06-30,330302,2024-09-30,-0.01134392106229229
10719,2024-09-30,347852,2024-12-31,-0.007086725416474122
10741,2024-03-31,65846,2024-06-30,0.01185303561338459
10741,2024-06-30,63886,2024-09-30,0.002705464050591783
10741,2024-09-30,68216,2024-12-31,-0.008377457196158851
10788,2024-03-31,126417,2024-06-30,0.020045084574166795
10788,2024-06-30,123413,2024-09-30,0.02285812422464449
10788,2024-09-30,123338,2024-12-31,0.01910013593933325
10791,2024-03-31,181657,2024-06-30,0.003555032787524917
10791,2024-06-30,184605,2024-09-30,0.016926337396480234
10791,2024-09-30,190116,2024-12-31,0.010250871610496497
10799,2024-03-31,132273,2024-06-30,0.002428409863502112
10799,2024-06-30,133085,2024-09-30,0.004077566225118045
10799,2024-09-30,136404,2024-12-31,0.008666489767420559
10803,2024-03-31,23868,2024-06-30,0.03339058268311045
10803,2024-06-30,23696,2024-09-30,0.02637075350279928
10803,2024-09-30,25254,2024-12-31,0.009115398447244797
10804,2024-03-31,124833,2024-06-30,0.00596438069880736
10804,2024-06-30,119702,2024-09-30,0.012991515442383507
10804,2024-09-30,124203,2024-12-31,0.01448804783732125
10809,2024-03-31,40180,2024-06-30,0.010723103426869508
10809,2024-06-30,40209,2024-09-30,0.0022776679981085794
10809,2024-09-30,41025,2024-12-31,-0.007460400617953308
10816,2024-03-31,22027,2024-06-30,-0.09949338998279503
10816,2024-06-30,18823,2024-09-30,-0.09903289053240864
10816,2024-09-30,17907,2024-12-31,-0.09151508072856855
10820,2024-03-31,52903,2024-06-30,-0.006662356650770194
10820,2024-06-30,51723,2024-09-30,0.0016998236518537485
10820,2024-09-30,51809,2024-12-31,0.010584048189333091
10821,2024-03-31,95645,2024-06-30,0.010071941961801422
10821,2024-06-30,92760,2024-09-30,0.010722065760676159
10821,2024-09-30,90660,2024-12-31,0.0016709695699045396
10829,2024-03-31,281983,2024-06-30,0.03248405972997063
10829,2024-06-30,273823,2024-09-30,0.03085210726444435
10829,2024-09-30,267617,2024-12-31,0.0213869844645132
10831,2024-03-31,259809,2024-06-30,0.0071089294168340455
10831,2024-06-30,269341,2024-09-30,0.023761303648815388
10831,2024-09-30,278095,2024-12-31,0.02332767973502037
10840,2024-03-31,23846,2024-06-30,0.0182933911022616
10840,2024-06-30,23640,2024-09-30,0.022767192537801465
10840,2024-09-30,23186,2024-12-31,0.018036332613737067
10843,2024-03-31,33096,2024-06-30,-0.013929936875979316
10843,2024-06-30,33130,2024-09-30,-0.013972878239544757
10843,2024-09-30,35120,2024-12-31,0.003733896661550282
10844,2024-03-31,250501,2024-06-30,-0.007070268364479056
10844,2024-06-30,248279,2024-09-30,-0.010154736142536773
10844,2024-09-30,255233,2024-12-31,0.0034630177864525694
10845,2024-03-31,199138,2024-06-30,0.015645322467092555
10845,2024-06-30,197289,2024-09-30,0.009458965118536826
10845,2024-09-30,195706,2024-12-31,0.013382293391009145
10849,2024-03-31,265023,2024-06-30,0.015930627798717303
10849,2024-06-30,257873,2024-09-30,0.008196611543138933
10849,2024-09-30,257113,2024-12-31,0.00822344965146518
10853,2024-03-31,191512,2024-06-30,-0.004940513419218945
10853,2024-06-30,191015,2024-09-30,-0.015233696055257435
10853,2024-09-30,198145,2024-12-31,0.0029312047564197816
10855,2024-03-31,148174,2024-06-30,0.03764786562837265
10855,2024-06-30,148331,2024-09-30,0.02630009426121544
10855,2024-09-30,149728,2024-12-31,0.022017789843156433
10858,2024-03-31,90801,2024-06-30,0.020753743194065907
10858,2024-06-30,90821,2024-09-30,0.012962858749999012
10858,2024-09-30,94475,2024-12-31,-0.0013357595632211016
10860,2024-03-31,163234,2024-06-30,0.011617054306248684
10860,2024-06-30,161884,2024-09-30,0.017406772826932797
10860,2024-09-30,161440,2024-12-31,0.022803035782413585
10871,2024-03-31,84962,2024-06-30,0.0018747683279815035
10871,2024-06-30,85433,2024-09-30,0.005978365485958498
10871,2024-09-30,84963,2024-12-31,0.0048695056407745295
10872,2024-03-31,21663,2024-06-30,0.0088068649868875
10872,2024-06-30,21795,2024-09-30,0.010759893840136679
10872,2024-09-30,21726,2024-12-31,0.0062490484759092834
10878,2024-03-31,123754,2024-06-30,0.006807835183095388
10878,2024-06-30,125694,2024-09-30,0.031559526795904486
10878,2024-09-30,125909,2024-12-31,0.03881162827116311
10883,2024-03-31,50291,2024-06-30,0.009520882932843516
10883,2024-06-30,49380,2024-09-30,0.009672674100840408
10883,2024-09-30,51123,2024-12-31,-0.004956574196266913
10886,2024-03-31,575183,2024-06-30,-0.0038102682586122626
10886,2024-06-30,566280,2024-09-30,0.03281092665552896
10886,2024-09-30,560534,2024-12-31,0.044985543894029624
10903,2024-03-31,426669,2024-06-30,0.01059227367225145
10903,2024-06-30,451500,2024-09-30,0.014540241023440578
10903,2024-09-30,460549,2024-12-31,0.008607453154762844
10906,2024-03-31,90901,2024-06-30,-0.0037181584347231044
10906,2024-06-30,93000,2024-09-30,0.004032188193029922
10906,2024-09-30,90712,2024-12-31,-0.0044291202240547495
10907,2024-03-31,307398,2024-06-30,-0.012406013564357712
10907,2024-06-30,297921,2024-09-30,-0.004202460064924259
10907,2024-09-30,301693,2024-12-31,0.008696347008526877
10918,2024-03-31,253319,2024-06-30,-0.004060205656553311
10918,2024-06-30,251961,2024-09-30,-0.001255907486205329
10918,2024-09-30,247198,2024-12-31,0.025015555336725354
10919,2024-03-31,97972,2024-06-30,-0.010382378715657257
10919,2024-06-30,96041,2024-09-30,-0.0001183462307106912
10919,2024-09-30,95068,2024-12-31,0.0018865180021670602
10920,2024-03-31,154788,2024-06-30,-0.017619205729202583
10920,2024-06-30,157414,2024-09-30,-0.01679068554948224
10920,2024-09-30,143634,2024-12-31,-0.002388791985343352
10928,2024-03-31,121025,2024-06-30,-0.011507913814761352
10928,2024-06-30,116045,2024-09-30,0.002762135230753841
10928,2024-09-30,127740,2024-12-31,-0.023798989903759463
10956,2024-03-31,368366,2024-06-30,-0.014448375250694465
10956,2024-06-30,370488,2024-09-30,-0.0018063447984838974
10956,2024-09-30,384998,2024-12-31,0.0026154952717375776
10958,2024-03-31,730798,2024-06-30,0.010525116842051728
10958,2024-06-30,759077,2024-09-30,-0.008175309864962142
10958,2024-09-30,767189,2024-12-31,-0.00794290434088492
10960,2024-03-31,71569,2024-06-30,-0.00411243987487651
10960,2024-06-30,71528,2024-09-30,-0.011347954083499975
10960,2024-09-30,68977,2024-12-31,-0.012980618768419449
10962,2024-03-31,214577,2024-06-30,-0.018983021347000816
10962,2024-06-30,215587,2024-09-30,-0.005733674572947195
10962,2024-09-30,225002,2024-12-31,-0.007581071861384334
10965,2024-03-31,133491,2024-06-30,-0.004782702137624274
10965,2024-06-30,126110,2024-09-30,-0.01659822466591296
10965,2024-09-30,124753,2024-12-31,-0.007678222874588722
10967,2024-03-31,175269,2024-06-30,0.02704340918781889
10967,2024-06-30,176040,2024-09-30,0.024738849177802037
10967,2024-09-30,182560,2024-12-31,0.018406028672318015
10969,2024-03-31,53771,2024-06-30,0.003815146686785449
10969,2024-06-30,52853,2024-09-30,0.016561874262078575
10969,2024-09-30,53063,2024-12-31,0.027419295820621054
10971,2024-03-31,113878,2024-06-30,0.010210637114866692
10971,2024-06-30,115721,2024-09-30,0.015875638519153974
10971,2024-09-30,113689,2024-12-31,0.02589481118977164
10973,2024-03-31,634629,2024-06-30,-0.0007939757730529873
10973,2024-06-30,592307,2024-09-30,-0.0036828562470249343
10973,2024-09-30,668897,2024-12-31,-0.01819259274958312
10976,2024-03-31,214239,2024-06-30,-0.005162680446689306
10976,2024-06-30,213023,2024-09-30,0.0009017107625994333
10976,2024-09-30,219271,2024-12-31,0.014543922733739561
10980,2024-03-31,140352,2024-06-30,0.007361524942705578
10980,2024-06-30,144253,2024-09-30,0.0115252381802857
10980,2024-09-30,148249,2024-12-31,0.010273964158166284
10982,2024-03-31,37005,2024-06-30,-0.009889916409183925
10982,2024-06-30,36550,2024-09-30,-0.008555910878388827
10982,2024-09-30,36695,2024-12-31,-0.014987762526552172
10984,2024-03-31,127802,2024-06-30,0.025312173769984153
10984,2024-06-30,123693,2024-09-30,0.01812992410522586
10984,2024-09-30,121400,2024-12-31,0.017324105408474268
10988,2024-03-31,2328866,2024-06-30,0.028806084420069288
10988,2024-06-30,2377776,2024-09-30,0.017240342788337505
10988,2024-09-30,2501432,2024-12-31,0.018216295486899837
10989,2024-03-31,191983,2024-06-30,0.005617583777955352
10989,2024-06-30,238388,2024-09-30,0.007017665019107942
10989,2024-09-30,243042,2024-12-31,0.022399108423852225
10991,2024-03-31,91364,2024-06-30,0.010104000228883109
10991,2024-06-30,88645,2024-09-30,0.014616050868075632
10991,2024-09-30,90166,2024-12-31,0.009799901969251599
10993,2024-03-31,63738,2024-06-30,0.0029942725032966284
10993,2024-06-30,61461,2024-09-30,0.006630118431568489
10993,2024-09-30,58435,2024-12-31,0.0014712034279739776
10998,2024-03-31,565983,2024-06-30,0.04175757518617693
10998,2024-06-30,574654,2024-09-30,0.07994473243415547
10998,2024-09-30,567032,2024-12-31,0.05120796251140561
11002,2024-03-31,176713,2024-06-30,0.01784207781096217
11002,2024-06-30,175688,2024-09-30,0.017569187380591173
11002,2024-09-30,175516,2024-12-31,0.014360260311598446
11003,2024-03-31,88539,2024-06-30,-0.07666722526774444
11003,2024-06-30,87184,2024-09-30,-0.031624912206339756
11003,2024-09-30,93240,2024-12-31,0.004600620750179624
11013,2024-03-31,117806,2024-06-30,-0.016463063534074455
11013,2024-06-30,123751,2024-09-30,-0.00546125691548985
11013,2024-09-30,123846,2024-12-31,0.002834620929546863
11035,2024-03-31,5499497,2024-06-30,-0.001349332369351532
11035,2024-06-30,5676494,2024-09-30,0.013691575110839918
11035,2024-09-30,5955459,2024-12-31,0.03334293483190769
11063,2024-03-31,149905000,2024-06-30,0.019520582889133678
11063,2024-06-30,151387000,2024-09-30,-0.014041560785524414
11063,2024-09-30,151931000,2024-12-31,-0.04070860347048794
11112,2024-03-31,1844826,2024-06-30,0.04266359532066203
11112,2024-06-30,1869636,2024-09-30,0.04938246153509001
11112,2024-09-30,1904029,2024-12-31,0.03540766541141239
11113,2024-03-31,319416,2024-06-30,-0.007161084399473063
11113,2024-06-30,322010,2024-09-30,-0.01131486092328342
11113,2024-09-30,327643,2024-12-31,-0.004946384205752346
11124,2024-03-31,7622473,2024-06-30,0.026433558578417192
11124,2024-06-30,7713462,2024-09-30,0.033311944419602106
11124,2024-09-30,7689406,2024-12-31,0.04120012682165552
11133,2024-03-31,55669,2024-06-30,-0.02048332865964186
11133,2024-06-30,55638,2024-09-30,-0.013356121923087078
11133,2024-09-30,55055,2024-12-31,-0.008185890855983497
11159,2024-03-31,305530,2024-06-30,0.017759177314825073
11159,2024-06-30,324802,2024-09-30,-0.0061082958987824
11159,2024-09-30,328054,2024-12-31,-0.003192614257769557
11175,2024-03-31,70095,2024-06-30,0.006183927548171426
11175,2024-06-30,71279,2024-09-30,-0.0070698457563727005
11175,2024-09-30,69069,2024-12-31,0.017037940714646902
11178,2024-03-31,730491,2024-06-30,0.01619272373916325
11178,2024-06-30,757137,2024-09-30,0.024320426682667866
11178,2024-09-30,757975,2024-12-31,0.014172600087916518
11181,2024-03-31,122119,2024-06-30,0.015847621282848844
11181,2024-06-30,120477,2024-09-30,0.008324588419877058
11181,2024-09-30,116707,2024-12-31,0.008016619039741492
11225,2024-03-31,130064,2024-06-30,0.02994406143913571
11225,2024-06-30,131975,2024-09-30,0.029792418948598326
11225,2024-09-30,132494,2024-12-31,0.027308281570874428
11228,2024-03-31,310327,2024-06-30,0.010864749290215183
11228,2024-06-30,302811,2024-09-30,0.008069740372985242
11228,2024-09-30,322887,2024-12-31,0.0003118443970597117
11232,2024-03-31,170677,2024-06-30,0.00951988943946483
11232,2024-06-30,175830,2024-09-30,0.009022636197552216
11232,2024-09-30,173513,2024-12-31,0.018018876642540402
11235,2024-03-31,93537,2024-06-30,0.005330209756332634
11235,2024-06-30,100071,2024-09-30,0.023594672270131005
11235,2024-09-30,98174,2024-12-31,0.0163549067380178
11236,2024-03-31,1298339,2024-06-30,0.030962394393218587
11236,2024-06-30,1333490,2024-09-30,0.03653103715807572
11236,2024-09-30,1382883,2024-12-31,0.0308502197187727
11241,2024-03-31,17357506,2024-06-30,0.00012689035443156727
11241,2024-06-30,17460094,2024-09-30,0.012414970494059012
11241,2024-09-30,17216508,2024-12-31,0.029708245885905822
11242,2024-03-31,135151,2024-06-30,-0.018275948364128863
11242,2024-06-30,126689,2024-09-30,0.009374613122527577
11242,2024-09-30,117907,2024-12-31,0.09103384287504082
11243,2024-03-31,162158,2024-06-30,0.01506307278650728
11243,2024-06-30,164086,2024-09-30,0.015293824787096693
11243,2024-09-30,217781,2024-12-31,0.025653325909986258
11252,2024-03-31,144693,2024-06-30,0.02585020595918412
11252,2024-06-30,145130,2024-09-30,0.02170450822022757
11252,2024-09-30,151420,2024-12-31,0.029076288452832205
11259,2024-03-31,188359,2024-06-30,0.007105977547826402
11259,2024-06-30,189721,2024-09-30,0.031026329568634076
11259,2024-09-30,198756,2024-12-31,0.01978030037240721
11261,2024-03-31,56360,2024-06-30,0.06305808988771723
11261,2024-06-30,59111,2024-09-30,0.09107531847927974
11261,2024-09-30,62428,2024-12-31,0.08032999907486849
11295,2024-03-31,299668,2024-06-30,0.01745622719129293
11295,2024-06-30,303298,2024-09-30,0.02685373837252155
11295,2024-09-30,315152,2024-12-31,0.025906611798817803
11299,2024-03-31,316070,2024-06-30,0.010864872565942355
11299,2024-06-30,315553,2024-09-30,0.004831287478572297
11299,2024-09-30,327323,2024-12-31,0.013366635064022246
11300,2024-03-31,21696,2024-06-30,0.0046361519563072676
11300,2024-06-30,22648,2024-09-30,0.0010777147074941304
11300,2024-09-30,21194,2024-12-31,-0.00036512735692156487
11302,2024-03-31,25677,2024-06-30,0.02614317336660495
11302,2024-06-30,25082,2024-09-30,0.019394549748482436
11302,2024-09-30,24294,2024-12-31,0.01613197503479896
11306,2024-03-31,536795,2024-06-30,-0.0026693573956530943
11306,2024-06-30,509158,2024-09-30,5.698224907386903e-05
11306,2024-09-30,516740,2024-12-31,0.007052625856912233
11307,2024-03-31,276472,2024-06-30,0.005943205608585605
11307,2024-06-30,269591,2024-09-30,0.007868375152580142
11307,2024-09-30,269552,2024-12-31,0.010015722479063176
11310,2024-03-31,313851,2024-06-30,0.007084831891901026
11310,2024-06-30,314972,2024-09-30,0.000902777859658414
11310,2024-09-30,305706,2024-12-31,0.005483892367783197
11317,2024-03-31,111374,2024-06-30,0.007406980542915683
11317,2024-06-30,104139,2024-09-30,0.00676741236268762
11317,2024-09-30,103916,2024-12-31,0.01685459500354229
11319,2024-03-31,79846,2024-06-30,0.004336284818845287
11319,2024-06-30,83598,2024-09-30,0.027032896355844174
11319,2024-09-30,89142,2024-12-31,0.029148617328055633
11324,2024-03-31,83477,2024-06-30,0.010882503375968782
11324,2024-06-30,77670,2024-09-30,0.0016483334875759658
11324,2024-09-30,80675,2024-12-31,0.008630009167503647
11343,2024-03-31,43888,2024-06-30,0.00794082860348756
11343,2024-06-30,44038,2024-09-30,0.007203146354349539
11343,2024-09-30,42465,2024-12-31,0.002203030038073133
11347,2024-03-31,359213,2024-06-30,0.0031233755825644787
11347,2024-06-30,348156,2024-09-30,0.004685460394372339
11347,2024-09-30,344338,2024-12-31,-0.001311249500261631
11352,2024-03-31,66527,2024-06-30,-0.00923092715567118
11352,2024-06-30,63658,2024-09-30,0.012379316652680883
11352,2024-09-30,65959,2024-12-31,0.0007849724090268064
11355,2024-03-31,93889,2024-06-30,-0.009842112811006533
11355,2024-06-30,94585,2024-09-30,0.010056409837713822
11355,2024-09-30,94952,2024-12-31,0.014990014447782743
11358,2024-03-31,295513,2024-06-30,0.020513056346734254
11358,2024-06-30,306738,2024-09-30,0.026017780518960917
11358,2024-09-30,315978,2024-12-31,0.012720664071629355
11406,2024-03-31,1438943,2024-06-30,0.01530622630538027
11406,2024-06-30,1427428,2024-09-30,0.046281384558089424
11406,2024-09-30,1470704,2024-12-31,0.05717716249176172
11407,2024-03-31,545710,2024-06-30,0.015634077047132263
11407,2024-06-30,492123,2024-09-30,0.028658896447298382
11407,2024-09-30,586935,2024-12-31,-0.005076171385389212
11409,2024-03-31,118424,2024-06-30,0.009568101938830847
11409,2024-06-30,119258,2024-09-30,0.009711852364956912
11409,2024-09-30,120308,2024-12-31,0.00328197173291106
11411,2024-03-31,91627,2024-06-30,-0.003408755473217205
11411,2024-06-30,89385,2024-09-30,-0.01743948778135506
11411,2024-09-30,92676,2024-12-31,0.008903842793219407
11415,2024-03-31,210450,2024-06-30,0.01920447639763432
11415,2024-06-30,209918,2024-09-30,0.016296619580428738
11415,2024-09-30,211083,2024-12-31,0.018363843299949566
11417,2024-03-31,36146,2024-06-30,0.018835438182734865
11417,2024-06-30,33914,2024-09-30,0.0266838302697756
11417,2024-09-30,35320,2024-12-31,0.027591195964526118
11431,2024-03-31,285920,2024-06-30,-0.004248456451352891
11431,2024-06-30,267233,2024-09-30,0.007013099037762435
11431,2024-09-30,274532,2024-12-31,0.0024417464570665607
11445,2024-03-31,137519,2024-06-30,-0.004502767689839158
11445,2024-06-30,144314,2024-09-30,-0.019690845803757878
11445,2024-09-30,138317,2024-12-31,-0.0037098399513006072
11446,2024-03-31,254666,2024-06-30,0.03867385693168327
11446,2024-06-30,240561,2024-09-30,0.030937844512298397
11446,2024-09-30,231634,2024-12-31,0.07779250230815783
11448,2024-03-31,453186,2024-06-30,0.03364461438875347
11448,2024-06-30,472937,2024-09-30,0.020121704262426984
11448,2024-09-30,478626,2024-12-31,0.01622007136703586
11459,2024-03-31,840466,2024-06-30,0.0019277339594023265
11459,2024-06-30,769667,2024-09-30,0.009945979872422945
11459,2024-09-30,789582,2024-12-31,0.04195179672016426
11462,2024-03-31,142740,2024-06-30,-0.004005906478494736
11462,2024-06-30,136963,2024-09-30,0.00453343806720049
11462,2024-09-30,129076,2024-12-31,0.01627904464092447
11463,2024-03-31,153291,2024-06-30,0.010531825110523124
11463,2024-06-30,156703,2024-09-30,0.005396176726166811
11463,2024-09-30,157519,2024-12-31,0.008173792301788904
11465,2024-03-31,50475,2024-06-30,0.00020574118878480705
11465,2024-06-30,49126,2024-09-30,0.007759828350504863
11465,2024-09-30,48340,2024-12-31,0.012442975064102203
11466,2024-03-31,102462,2024-06-30,-0.03359165473307137
11466,2024-06-30,103542,2024-09-30,-0.024455542475483465
11466,2024-09-30,101634,2024-12-31,0.0007273571025365635
11475,2024-03-31,60801,2024-06-30,0.0039620325980294115
11475,2024-06-30,60738,2024-09-30,0.009204382412962392
11475,2024-09-30,60860,2024-12-31,0.011768637575237688
11477,2024-03-31,223148,2024-06-30,-0.0006584210748429688
11477,2024-06-30,222204,2024-09-30,-0.0028468080438702296
11477,2024-09-30,224135,2024-12-31,-0.0043966002217286655
11482,2024-03-31,373363,2024-06-30,0.007126926580517085
11482,2024-06-30,377781,2024-09-30,0.007564082905199553
11482,2024-09-30,390568,2024-12-31,0.03066878052319958
11491,2024-03-31,436033,2024-06-30,0.01784267381144153
11491,2024-06-30,437704,2024-09-30,0.026121442594576282
11491,2024-09-30,435816,2024-12-31,0.02138599712342589
11492,2024-03-31,1130303,2024-06-30,0.046209109692013126
11492,2024-06-30,1121205,2024-09-30,0.053951483132878654
11492,2024-09-30,1163586,2024-12-31,0.07083684098852394
11501,2024-03-31,590760,2024-06-30,0.0057100504996657085
11501,2024-06-30,600536,2024-09-30,0.0255811022887355
11501,2024-09-30,607570,2024-12-31,0.013022484293796066
11507,2024-03-31,3515013,2024-06-30,0.015813432476150087
11507,2024-06-30,3568211,2024-09-30,0.03664528556039428
11507,2024-09-30,3670073,2024-12-31,0.05457752025852919
11519,2024-03-31,211226,2024-06-30,0.004111218946985967
11519,2024-06-30,207599,2024-09-30,0.005119754471080451
11519,2024-09-30,214838,2024-12-31,0.012279762902210938
11521,2024-03-31,420805,2024-06-30,6.735967484296767e-05
11521,2024-06-30,383448,2024-09-30,-0.019071387837799502
11521,2024-09-30,378542,2024-12-31,-0.028565700333969716
11522,2024-03-31,1110623,2024-06-30,0.0091678932230926
11522,2024-06-30,1139979,2024-09-30,0.0005794543394091117
11522,2024-09-30,1107798,2024-12-31,-0.0012113782837223541
11526,2024-03-31,308509,2024-06-30,-0.009990003567671128
11526,2024-06-30,312491,2024-09-30,-0.018162257422746717
11526,2024-09-30,320113,2024-12-31,0.0024983387649795043
11527,2024-03-31,48390,2024-06-30,-0.01009496133627255
11527,2024-06-30,47313,2024-09-30,0.000987834651631531
11527,2024-09-30,47598,2024-12-31,0.0030094841458376347
11539,2024-03-31,442854,2024-06-30,-0.0002877558482531863
11539,2024-06-30,445679,2024-09-30,0.002880919030730407
11539,2024-09-30,442675,2024-12-31,0.009535319947480907
11557,2024-03-31,284536,2024-06-30,0.004067710839832855
11557,2024-06-30,272283,2024-09-30,0.0060470324714596135
11557,2024-09-30,265184,2024-12-31,-0.006442207072530326
11559,2024-03-31,505433,2024-06-30,0.002809965333630465
11559,2024-06-30,466452,2024-09-30,0.00293821497778869
11559,2024-09-30,452868,2024-12-31,0.008653184398942628
11569,2024-03-31,1203583,2024-06-30,0.040907004832809866
11569,2024-06-30,1191577,2024-09-30,0.04483579984265427
11569,2024-09-30,1201195,2024-12-31,0.04287788238294015
11570,2024-03-31,108395,2024-06-30,0.11587545352860565
11570,2024-06-30,122410,2024-09-30,0.1119537650632562
11570,2024-09-30,155692,2024-12-31,0.10816455982015803
11578,2024-03-31,2991808,2024-06-30,0.017887815873532713
11578,2024-06-30,6663550,2024-09-30,-0.06542209840400447
11578,2024-09-30,6614486,2024-12-31,-0.007537601844446537
11580,2024-03-31,521743,2024-06-30,-0.003170762788322864
11580,2024-06-30,534639,2024-09-30,0.008771275264677414
11580,2024-09-30,494754,2024-12-31,0.005349570175737097
11582,2024-03-31,219542,2024-06-30,0.0033524530745405743
11582,2024-06-30,218440,2024-09-30,0.00020319774979927235
11582,2024-09-30,217547,2024-12-31,-0.011347277544683612
11595,2024-03-31,504894,2024-06-30,-0.010418464468457496
11595,2024-06-30,502373,2024-09-30,0.02590934521747889
11595,2024-09-30,497907,2024-12-31,0.025491974820536632
11601,2024-03-31,244487,2024-06-30,0.00880390431136706
11601,2024-06-30,246148,2024-09-30,0.018918741115403197
11601,2024-09-30,258528,2024-12-31,0.02204497423037395
11608,2024-03-31,338164,2024-06-30,0.016991083064289366
11608,2024-06-30,334146,2024-09-30,0.029367320931381
11608,2024-09-30,352034,2024-12-31,0.024746188118240593
11623,2024-03-31,504392,2024-06-30,0.06253212361476108
11623,2024-06-30,500931,2024-09-30,0.07603323759664174
11623,2024-09-30,558308,2024-12-31,0.062302864191930346
11666,2024-03-31,2618809,2024-06-30,0.022517594882994887
11666,2024-06-30,2653905,2024-09-30,0.043295503221820214
11666,2024-09-30,2756534,2024-12-31,0.047299918031330365
11667,2024-03-31,139143,2024-06-30,0.005144398824238629
11667,2024-06-30,139187,2024-09-30,0.007265547206370551
11667,2024-09-30,137074,2024-12-31,0.009255492749628454
11669,2024-03-31,250084,2024-06-30,0.008026631694972256
11669,2024-06-30,248692,2024-09-30,0.019083294964237316
11669,2024-09-30,249750,2024-12-31,0.020835677740924298
11670,2024-03-31,962920,2024-06-30,0.013945204290821257
11670,2024-06-30,1058134,2024-09-30,-0.0018890267403917696
11670,2024-09-30,1030481,2024-12-31,0.016724610452185325
11671,2024-03-31,142875,2024-06-30,0.03892435050948141
11671,2024-06-30,138982,2024-09-30,0.037814895184400725
11671,2024-09-30,142840,2024-12-31,0.017342185031125373
11674,2024-03-31,222545,2024-06-30,-0.018066477048114826
11674,2024-06-30,216202,2024-09-30,-0.005722286390347256
11674,2024-09-30,215374,2024-12-31,0.00452682609470192
11680,2024-03-31,141492,2024-06-30,-0.004714064354960103
11680,2024-06-30,138983,2024-09-30,0.0008538194874903962
11680,2024-09-30,143835,2024-12-31,0.010492469460112888
11681,2024-03-31,40635,2024-06-30,0.04016449907025615
11681,2024-06-30,45496,2024-09-30,0.024250701218060042
11681,2024-09-30,49209,2024-12-31,0.055550182723632255
11682,2024-03-31,91241,2024-06-30,0.009659636740392306
11682,2024-06-30,89266,2024-09-30,0.0003671922544212046
11682,2024-09-30,90670,2024-12-31,0.007138839011553905
11686,2024-03-31,104572,2024-06-30,0.007135362537929009
11686,2024-06-30,104444,2024-09-30,0.013472559158268366
11686,2024-09-30,101904,2024-12-31,0.015855692246729936
11699,2024-03-31,186167,2024-06-30,0.01627192141540267
11699,2024-06-30,182934,2024-09-30,0.027050541615700054
11699,2024-09-30,192987,2024-12-31,0.036637921674275764
11702,2024-03-31,317980,2024-06-30,0.013577988250636724
11702,2024-06-30,313186,2024-09-30,0.004880294909975131
11702,2024-09-30,320351,2024-12-31,0.0018080038063508972
11706,2024-03-31,62035,2024-06-30,-0.01029235097020928
11706,2024-06-30,58780,2024-09-30,0.005890916139053162
11706,2024-09-30,57404,2024-12-31,0.014257284249583363
11708,2024-03-31,285077,2024-06-30,0.019696824944744163
11708,2024-06-30,294299,2024-09-30,0.014610515021318165
11708,2024-09-30,298596,2024-12-31,0.0174162391857238
11711,2024-03-31,200651,2024-06-30,0.006649664213351518
11711,2024-06-30,197534,2024-09-30,0.005331353392244024
11711,2024-09-30,205660,2024-12-31,-0.007811765847725093
11715,2024-03-31,75214,2024-06-30,0.004469825559823297
11715,2024-06-30,74050,2024-09-30,-0.0005224928413783352
11715,2024-09-30,77143,2024-12-31,0.008884504341732585
11716,2024-03-31,15211,2024-06-30,0.0721897648455612
11716,2024-06-30,15336,2024-09-30,0.039556111034843036
11716,2024-09-30,16627,2024-12-31,-0.007702355454232226
11719,2024-03-31,109874,2024-06-30,0.015336567432962807
11719,2024-06-30,106493,2024-09-30,0.011779701218903966
11719,2024-09-30,115120,2024-12-31,-0.0010846418276305354
11722,2024-03-31,570301,2024-06-30,0.017064076567327984
11722,2024-06-30,574769,2024-09-30,0.01677312122181458
11722,2024-09-30,578592,2024-12-31,0.015076284987561583
11729,2024-03-31,780726,2024-06-30,0.027996754683700047
11729,2024-06-30,777409,2024-09-30,0.021540255133096507
11729,2024-09-30,755303,2024-12-31,0.02157231056310988
11731,2024-03-31,33765,2024-06-30,-0.004026619160543209
11731,2024-06-30,31758,2024-09-30,0.01872993883245352
11731,2024-09-30,31935,2024-12-31,0.019795390365194943
11732,2024-03-31,191791,2024-06-30,0.009097388954785516
11732,2024-06-30,202498,2024-09-30,0.008474359432340041
11732,2024-09-30,203050,2024-12-31,0.006740382295671741
11734,2024-03-31,260327,2024-06-30,0.009837869134608608
11734,2024-06-30,256362,2024-09-30,0.012495129161298598
11734,2024-09-30,253008,2024-12-31,0.01865797446152822
11739,2024-03-31,542726,2024-06-30,0.012842063142555895
11739,2024-06-30,544099,2024-09-30,0.025778110802484294
11739,2024-09-30,541710,2024-12-31,0.019602607319268744
11741,2024-03-31,390707,2024-06-30,-0.04555838045908228
11741,2024-06-30,394857,2024-09-30,-0.030669557291537256
11741,2024-09-30,400983,2024-12-31,-0.031103203764484524
11746,2024-03-31,144672,2024-06-30,0.027325796713297143
11746,2024-06-30,145173,2024-09-30,0.02077086913706159
11746,2024-09-30,140431,2024-12-31,0.016047852271095914
11747,2024-03-31,197196,2024-06-30,-0.0024172769958892676
11747,2024-06-30,189415,2024-09-30,-0.00044852890852954084
11747,2024-09-30,189499,2024-12-31,-0.0026765528808975025
11750,2024-03-31,103354,2024-06-30,0.00507048234823365
11750,2024-06-30,100978,2024-09-30,-0.002394268618152094
11750,2024-09-30,98233,2024-12-31,-0.004754498408995085
11759,2024-03-31,97010,2024-06-30,0.004191926763542688
11759,2024-06-30,95080,2024-09-30,0.003797040143774797
11759,2024-09-30,97581,2024-12-31,-0.0032737904542704394
11763,2024-03-31,683655,2024-06-30,0.012210037810474274
11763,2024-06-30,701572,2024-09-30,0.016129275792976308
11763,2024-09-30,737384,2024-12-31,0.025007936941526622
11764,2024-03-31,92688,2024-06-30,0.0018864969256713342
11764,2024-06-30,91544,2024-09-30,0.010600409326461576
11764,2024-09-30,93033,2024-12-31,0.007450585563628458
11767,2024-03-31,388784,2024-06-30,0.016158353674734963
11767,2024-06-30,365402,2024-09-30,0.03859524140339876
11767,2024-09-30,365810,2024-12-31,0.03276567826886145
11771,2024-03-31,1333628,2024-06-30,0.03519591326089372
11771,2024-06-30,1333190,2024-09-30,0.03468804149740689
11771,2024-09-30,1351638,2024-12-31,0.0379740272238052
11777,2024-03-31,323482,2024-06-30,0.011054088970660942
11777,2024-06-30,326755,2024-09-30,0.006868237141555976
11777,2024-09-30,313712,2024-12-31,0.03208715116275884
11778,2024-03-31,189145,2024-06-30,-0.016875892341091086
11778,2024-06-30,191348,2024-09-30,-0.022165824443657986
11778,2024-09-30,186082,2024-12-31,0.010167809885260375
11782,2024-03-31,176241,2024-06-30,-0.007942606095866743
11782,2024-06-30,175493,2024-09-30,-0.00936090641038655
11782,2024-09-30,181819,2024-12-31,-0.006057989890925692
11785,2024-03-31,215082,2024-06-30,-0.018723731254860553
11785,2024-06-30,251356,2024-09-30,-0.005490348790171808
11785,2024-09-30,264427,2024-12-31,0.01673099216301833
11788,2024-03-31,168552,2024-06-30,0.007889496621623368
11788,2024-06-30,164073,2024-09-30,0.006611094619355777
11788,2024-09-30,161873,2024-12-31,0.007283418823633053
11792,2024-03-31,189169,2024-06-30,0.0033638048548073726
11792,2024-06-30,182900,2024-09-30,-0.0023227402383845385
11792,2024-09-30,183102,2024-12-31,0.0172941030932582
11807,2024-03-31,835172,2024-06-30,0.008066283066076756
11807,2024-06-30,829164,2024-09-30,0.01849146413583929
11807,2024-09-30,823929,2024-12-31,0.029894141580885346
11810,2024-03-31,278058,2024-06-30,0.023630767976801272
11810,2024-06-30,273664,2024-09-30,0.03973017913566247
11810,2024-09-30,303197,2024-12-31,-0.012852347323099643
11813,2024-03-31,38120226,2024-06-30,-0.02002108595180175
11813,2024-06-30,37858659,2024-09-30,-0.02563324096081469
11813,2024-09-30,38844360,2024-12-31,0.027620448610974204
11817,2024-03-31,44062,2024-06-30,4.355727442017341e-05
11817,2024-06-30,43445,2024-09-30,-0.005789477358294827
11817,2024-09-30,43488,2024-12-31,-0.0028756396874483107
11821,2024-03-31,202590,2024-06-30,0.05155835501201459
11821,2024-06-30,228402,2024-09-30,0.06296659357612104
11821,2024-09-30,244652,2024-12-31,0.05840636838873273
11823,2024-03-31,225042,2024-06-30,0.002749390836783869
11823,2024-06-30,227335,2024-09-30,0.012399522707897773
11823,2024-09-30,222297,2024-12-31,0.008888293235022767
11860,2024-03-31,691340,2024-06-30,0.001958169433606355
11860,2024-06-30,705838,2024-09-30,0.02138474026142373
11860,2024-09-30,727849,2024-12-31,0.022188151418179817
11862,2024-03-31,154026,2024-06-30,0.0037482440288495733
11862,2024-06-30,161303,2024-09-30,0.0039563845502228415
11862,2024-09-30,157814,2024-12-31,-0.003914705582039842
11868,2024-03-31,2217985,2024-06-30,0.038685257613561196
11868,2024-06-30,2170998,2024-09-30,0.08970677976119996
11868,2024-09-30,2344279,2024-12-31,0.07648440729982824
11891,2024-03-31,37491,2024-06-30,0.023670746576635402
11891,2024-06-30,37298,2024-09-30,0.015501961195186707
11891,2024-09-30,39377,2024-12-31,-0.009890692497366568
11902,2024-03-31,131416,2024-06-30,0.001799425649037577
11902,2024-06-30,125517,2024-09-30,0.009261536142078395
11902,2024-09-30,126090,2024-12-31,0.005225193992214902
11903,2024-03-31,188771,2024-06-30,0.011030266662552832
11903,2024-06-30,182132,2024-09-30,0.015363069720730456
11903,2024-09-30,184782,2024-12-31,0.011140546666267945
11904,2024-03-31,159787,2024-06-30,-0.0007578943335999519
11904,2024-06-30,161419,2024-09-30,0.010844994113694996
11904,2024-09-30,158540,2024-12-31,0.005725327672208896
11905,2024-03-31,170164,2024-06-30,-0.003038987439722844
11905,2024-06-30,164778,2024-09-30,0.00209023294456803
11905,2024-09-30,169368,2024-12-31,0.007203285450350733
11907,2024-03-31,242557,2024-06-30,0.015582609024533229
11907,2024-06-30,235707,2024-09-30,0.022132333944453898
11907,2024-09-30,252601,2024-12-31,0.024418632329188852
11916,2024-03-31,96713,2024-06-30,-0.014144477631086535
11916,2024-06-30,97813,2024-09-30,-0.00975822570528417
11916,2024-09-30,101540,2024-12-31,0.006821596445933226
11922,2024-03-31,252640,2024-06-30,0.010917984659492246
11922,2024-06-30,243909,2024-09-30,0.011686441735654397
11922,2024-09-30,262042,2024-12-31,0.012506912735365758
11932,2024-03-31,156451,2024-06-30,0.005944399357198568
11932,2024-06-30,155651,2024-09-30,0.017386379503999145
11932,2024-09-30,154223,2024-12-31,0.01637144188842588
11934,2024-03-31,450510,2024-06-30,0.1699588624506248
11934,2024-06-30,462239,2024-09-30,0.13592827977120372
11934,2024-09-30,482328,2024-12-31,0.12168421157072969
11935,2024-03-31,761635,2024-06-30,-0.0011907196688265246
11935,2024-06-30,788755,2024-09-30,0.024912719351984552
11935,2024-09-30,779505,2024-12-31,0.016393521357071828
11952,2024-03-31,514027,2024-06-30,0.000857738399957405
11952,2024-06-30,530601,2024-09-30,0.004276762917371184
11952,2024-09-30,550196,2024-12-31,0.011186839336812927
11953,2024-03-31,287717,2024-06-30,0.011360345307196566
11953,2024-06-30,291701,2024-09-30,0.020798460777539933
11953,2024-09-30,301316,2024-12-31,0.01398766251755673
11971,2024-03-31,3137892,2024-06-30,-0.0013877582136568607
11971,2024-06-30,3147483,2024-09-30,0.0140343021205066
11971,2024-09-30,3269616,2024-12-31,0.01592112003977139
12010,2024-03-31,10149254,2024-06-30,0.012537665888738768
12010,2024-06-30,18450227,2024-09-30,0.14645072068895032
12010,2024-09-30,18466400,2024-12-31,0.029843199694402148
12013,2024-03-31,1477541,2024-06-30,-0.0021854129930538595
12013,2024-06-30,1499785,2024-09-30,0.0035793568831587836
12013,2024-09-30,1519920,2024-12-31,0.005959826999859326
12079,2024-03-31,175058,2024-06-30,0.017157661826188532
12079,2024-06-30,172342,2024-09-30,0.02456945739388886
12079,2024-09-30,168752,2024-12-31,0.019688024109427788
12086,2024-03-31,12135,2024-06-30,-0.003672033462969679
12086,2024-06-30,11534,2024-09-30,0.0022269706594953407
12086,2024-09-30,11197,2024-12-31,0.005138489612650784
12087,2024-03-31,175341,2024-06-30,0.0011142697650564327
12087,2024-06-30,173621,2024-09-30,0.005460803261632331
12087,2024-09-30,173862,2024-12-31,0.00850073179180511
12098,2024-03-31,29140,2024-06-30,-0.007821711791357515
12098,2024-06-30,28324,2024-09-30,-0.004346846295092007
12098,2024-09-30,27547,2024-12-31,0.0125156024106394
12107,2024-03-31,58053,2024-06-30,-0.009819363080955872
12107,2024-06-30,58637,2024-09-30,-0.00653882132221563
12107,2024-09-30,62997,2024-12-31,-0.025266322561871828
12113,2024-03-31,386107,2024-06-30,0.009410850259236884
12113,2024-06-30,384434,2024-09-30,0.005050203436242513
12113,2024-09-30,389279,2024-12-31,0.00655562089083093
12121,2024-03-31,46286,2024-06-30,0.018471341024460318
12121,2024-06-30,45311,2024-09-30,0.02467912635006872
12121,2024-09-30,44712,2024-12-31,0.015866019002075377
12126,2024-03-31,205227,2024-06-30,0.00147415466723772
12126,2024-06-30,201289,2024-09-30,0.02194074666111977
12126,2024-09-30,205193,2024-12-31,0.01292920228501583
12128,2024-03-31,111054,2024-06-30,-0.0018348374860031773
12128,2024-06-30,115045,2024-09-30,0.011440775743326005
12128,2024-09-30,116367,2024-12-31,0.017865316167263556
12135,2024-03-31,74900,2024-06-30,-0.00328361128873792
12135,2024-06-30,76457,2024-09-30,-0.001501684589089058
12135,2024-09-30,75209,2024-12-31,-0.0047359342289072645
12136,2024-03-31,105815,2024-06-30,0.009436940192519845
12136,2024-06-30,104391,2024-09-30,0.014277251410256396
12136,2024-09-30,104019,2024-12-31,0.020779137812695216
12139,2024-03-31,48593,2024-06-30,0.005014757305485356
12139,2024-06-30,47539,2024-09-30,0.0007007194238154328
12139,2024-09-30,45843,2024-12-31,0.008286360108243063
12149,2024-03-31,267072,2024-06-30,0.003532939930861876
12149,2024-06-30,272589,2024-09-30,0.007722881672199209
12149,2024-09-30,269599,2024-12-31,0.027750604914760217
12162,2024-03-31,162126,2024-06-30,0.009500472795611833
12162,2024-06-30,167061,2024-09-30,0.011543760877461878
12162,2024-09-30,160406,2024-12-31,0.011821215565557238
12163,2024-03-31,252266,2024-06-30,0.009716895242811031
12163,2024-06-30,254628,2024-09-30,0.01315535420813773
12163,2024-09-30,263866,2024-12-31,0.01412601901476418
12166,2024-03-31,368287,2024-06-30,0.018606624936973275
12166,2024-06-30,367239,2024-09-30,0.010180694721554381
12166,2024-09-30,406379,2024-12-31,-0.009032745694784851
12201,2024-03-31,304146,2024-06-30,0.004323829353769933
12201,2024-06-30,296860,2024-09-30,0.008525867136910828
12201,2024-09-30,292686,2024-12-31,0.017168086543921136
12203,2024-03-31,518471,2024-06-30,0.014442323643857016
12203,2024-06-30,621566,2024-09-30,-0.04193176467022833
12203,2024-09-30,614770,2024-12-31,-0.027295394191466135
12204,2024-03-31,1210622,2024-06-30,0.019391072149420183
12204,2024-06-30,1169875,2024-09-30,0.03404434369003886
12204,2024-09-30,1092863,2024-12-31,0.027037868200666035
12207,2024-03-31,130088,2024-06-30,0.007406089386899869
12207,2024-06-30,126246,2024-09-30,0.014337535682216294
12207,2024-09-30,116942,2024-12-31,0.00554590866791295
12208,2024-03-31,409963,2024-06-30,0.016831500180081404
12208,2024-06-30,414329,2024-09-30,0.012378580931903853
12208,2024-09-30,428421,2024-12-31,0.019816125888785154
12214,2024-03-31,247889,2024-06-30,0.016181743597106345
12214,2024-06-30,242981,2024-09-30,0.015294650657333698
12214,2024-09-30,241960,2024-12-31,0.012990266185565041
12219,2024-03-31,384014,2024-06-30,0.02618575339668181
12219,2024-06-30,385306,2024-09-30,0.036291796714101154
12219,2024-09-30,407262,2024-12-31,0.00343675296244215
12220,2024-03-31,116203,2024-06-30,0.003951811139426544
12220,2024-06-30,113660,2024-09-30,0.0042333130371806586
12220,2024-09-30,113778,2024-12-31,0.006692801902361873
12223,2024-03-31,399038,2024-06-30,0.012187753366702317
12223,2024-06-30,397076,2024-09-30,0.02607762707566159
12223,2024-09-30,412162,2024-12-31,0.019761936265204425
12225,2024-03-31,51133,2024-06-30,-0.04783805980666703
12225,2024-06-30,49457,2024-09-30,-0.04449297750344647
12225,2024-09-30,39165,2024-12-31,0.06910507226846443
12226,2024-03-31,67619,2024-06-30,-0.00859671621862587
12226,2024-06-30,67981,2024-09-30,0.0004169518038458856
12226,2024-09-30,69934,2024-12-31,-0.002254251800296771
12229,2024-03-31,5634072,2024-06-30,0.010630434419628054
12229,2024-06-30,5680631,2024-09-30,0.008897403682618786
12229,2024-09-30,5865040,2024-12-31,0.01157687439138988
12230,2024-03-31,231899,2024-06-30,0.005608114096889162
12230,2024-06-30,224804,2024-09-30,0.008357955058261786
12230,2024-09-30,219607,2024-12-31,0.016474502996428633
12232,2024-03-31,124420,2024-06-30,-0.014856070185675517
12232,2024-06-30,126548,2024-09-30,-0.0029654516623772984
12232,2024-09-30,124836,2024-12-31,0.016411799771718683
12241,2024-03-31,484629,2024-06-30,0.016320276746510473
12241,2024-06-30,482486,2024-09-30,0.021084575549872104
12241,2024-09-30,500524,2024-12-31,0.020390931999266608
12244,2024-03-31,98360,2024-06-30,0.05087624559113916
12244,2024-06-30,96742,2024-09-30,0.06459108134654212
12244,2024-09-30,123150,2024-12-31,0.07326563035840689
12246,2024-03-31,53863,2024-06-30,0.02913268477827326
12246,2024-06-30,54786,2024-09-30,0.011517611056466204
12246,2024-09-30,49961,2024-12-31,0.042336848645345024
12248,2024-03-31,310986,2024-06-30,-0.005769509065934525
12248,2024-06-30,308933,2024-09-30,0.001954960600841847
12248,2024-09-30,302572,2024-12-31,-0.0025928068488393044
12258,2024-03-31,393449,2024-06-30,-0.013562935910215554
12258,2024-06-30,433999,2024-09-30,-0.00505949241425193
12258,2024-09-30,440683,2024-12-31,-0.0031162333295566484
12259,2024-03-31,591135,2024-06-30,0.05034532306938245
12259,2024-06-30,582327,2024-09-30,0.023922777175989892
12259,2024-09-30,635674,2024-12-31,0.026312516110803007
12266,2024-03-31,361437,2024-06-30,0.001419067529856429
12266,2024-06-30,384119,2024-09-30,0.010446121321228144
12266,2024-09-30,411410,2024-12-31,0.009984608631246294
12283,2024-03-31,117615,2024-06-30,-0.000429066588290559
12283,2024-06-30,114891,2024-09-30,0.005595533966893509
12283,2024-09-30,112578,2024-12-31,0.022640416900361168
12284,2024-03-31,15180,2024-06-30,0.00633342917001599
12284,2024-06-30,16269,2024-09-30,-0.0030404699786089674
12284,2024-09-30,16027,2024-12-31,-0.006651944948219281
12285,2024-03-31,399637,2024-06-30,0.026818428008682022
12285,2024-06-30,405389,2024-09-30,0.02744569375866633
12285,2024-09-30,411533,2024-12-31,0.01985866100198522
12293,2024-03-31,16912,2024-06-30,-0.01187644299128779
12293,2024-06-30,16007,2024-09-30,-0.009017139306646363
12293,2024-09-30,16128,2024-12-31,-0.010706040360298333
12298,2024-03-31,84789,2024-06-30,0.007203448892724709
12298,2024-06-30,81957,2024-09-30,-0.000656325954422459
12298,2024-09-30,87122,2024-12-31,0.04947936994334443
12299,2024-03-31,929041,2024-06-30,-0.02038778874910671
12299,2024-06-30,907325,2024-09-30,-0.006488630568789848
12299,2024-09-30,918747,2024-12-31,0.0056370171350574195
12303,2024-03-31,291727,2024-06-30,0.01328596590641987
12303,2024-06-30,291142,2024-09-30,0.02705714267075361
12303,2024-09-30,305368,2024-12-31,0.05151851435112658
12305,2024-03-31,127570,2024-06-30,-0.04473386327906889
12305,2024-06-30,139755,2024-09-30,-0.041846182518478464
12305,2024-09-30,147238,2024-12-31,-0.03533286667308657
12309,2024-03-31,116683,2024-06-30,0.0014937808519248654
12309,2024-06-30,116619,2024-09-30,0.018581660843944484
12309,2024-09-30,114369,2024-12-31,0.013492177528770454
12315,2024-03-31,128499,2024-06-30,-0.008273751008621023
12315,2024-06-30,125070,2024-09-30,0.0013519424243871674
12315,2024-09-30,125593,2024-12-31,0.007678765593348208
12322,2024-03-31,520802,2024-06-30,0.03161729254060247
12322,2024-06-30,516937,2024-09-30,0.019142416276392026
12322,2024-09-30,528490,2024-12-31,0.016624789362312646
12325,2024-03-31,109405,2024-06-30,0.01620594414098593
12325,2024-06-30,108388,2024-09-30,0.020320329019095806
12325,2024-09-30,111869,2024-12-31,0.0242534735076572
12327,2024-03-31,331574,2024-06-30,0.005140809896136414
12327,2024-06-30,342330,2024-09-30,0.023700454478520323
12327,2024-09-30,336343,2024-12-31,0.02151668104386068
12331,2024-03-31,398551,2024-06-30,0.0318467614018344
12331,2024-06-30,404507,2024-09-30,0.026895028959510327
12331,2024-09-30,400471,2024-12-31,0.0325463252402907
12349,2024-03-31,161187,2024-06-30,0.014063322796631162
12349,2024-06-30,169218,2024-09-30,0.017282497362704076
12349,2024-09-30,178033,2024-12-31,0.020839624339389694
12354,2024-03-31,54323,2024-06-30,-0.007966269999656172
12354,2024-06-30,54616,2024-09-30,0.010033870745200603
12354,2024-09-30,54859,2024-12-31,0.012170651790006076
12365,2024-03-31,341482,2024-06-30,0.02727271339687557
12365,2024-06-30,338823,2024-09-30,0.02126027411483034
12365,2024-09-30,332652,2024-12-31,0.024963912898504702
12368,2024-03-31,131273000,2024-06-30,0.0187408811560151
12368,2024-06-30,128943000,2024-09-30,0.026246009874458822
12368,2024-09-30,128575000,2024-12-31,0.03386783151228678
12372,2024-03-31,108827,2024-06-30,0.015677363987354195
12372,2024-06-30,107146,2024-09-30,0.02109013840172239
12372,2024-09-30,104837,2024-12-31,0.020751205624430127
12383,2024-03-31,3172846,2024-06-30,0.02916570705515005
12383,2024-06-30,3075201,2024-09-30,0.04740159912971448
12383,2024-09-30,3152876,2024-12-31,0.040913569410073784
12384,2024-03-31,149696,2024-06-30,0.013895280524478902
12384,2024-06-30,147053,2024-09-30,0.02553649336665645
12384,2024-09-30,156013,2024-12-31,-0.006461719490370278
12386,2024-03-31,272413,2024-06-30,0.010782896090327761
12386,2024-06-30,281065,2024-09-30,0.015734815096641208
12386,2024-09-30,286635,2024-12-31,0.013647607027832579
12388,2024-03-31,89709,2024-06-30,0.00970278361285111
12388,2024-06-30,88543,2024-09-30,0.002941025503278269
12388,2024-09-30,87765,2024-12-31,-0.007384941166806448
12395,2024-03-31,84647,2024-06-30,0.00040716692876894856
12395,2024-06-30,83940,2024-09-30,0.0028380492379131276
12395,2024-09-30,82813,2024-12-31,0.002232666680612313
12402,2024-03-31,84772,2024-06-30,0.013574882023671441
12402,2024-06-30,88540,2024-09-30,-0.004221666802599991
12402,2024-09-30,96228,2024-12-31,-0.020075428696832345
12410,2024-03-31,141702,2024-06-30,0.012096631967832741
12410,2024-06-30,148606,2024-09-30,0.013516373534287723
12410,2024-09-30,149600,2024-12-31,0.024767908302677697
12417,2024-03-31,75813,2024-06-30,0.02448273596243858
12417,2024-06-30,73999,2024-09-30,0.007641670454177381
12417,2024-09-30,74617,2024-12-31,0.002446904817406977
12422,2024-03-31,46937,2024-06-30,-0.006403635657110313
12422,2024-06-30,46487,2024-09-30,-0.0005622772787015244
12422,2024-09-30,43935,2024-12-31,-0.0012910616921615035
12425,2024-03-31,16954,2024-06-30,0.008116346222475953
12425,2024-06-30,17259,2024-09-30,0.009176324240472537
12425,2024-09-30,16862,2024-12-31,0.007085792261126451
12432,2024-03-31,17002,2024-06-30,0.0053009137861112785
12432,2024-06-30,16880,2024-09-30,0.005339565571450321
12432,2024-09-30,18249,2024-12-31,0.001956233197505029
12437,2024-03-31,14403467,2024-06-30,0.01609193208786526
12437,2024-06-30,14422649,2024-09-30,0.030655502706321607
12437,2024-09-30,14895589,2024-12-31,0.029344516044676416
12441,2024-03-31,30032352,2024-06-30,-0.058749383257395815
12441,2024-06-30,29457447,2024-09-30,-0.043060848279337455
12441,2024-09-30,29245213,2024-12-31,-0.03169202136966243
12444,2024-03-31,79359,2024-06-30,0.01423302473431188
12444,2024-06-30,82521,2024-09-30,0.030692439176948305
12444,2024-09-30,79514,2024-12-31,0.023612950696957034
12457,2024-03-31,82698,2024-06-30,-0.00019772479668528513
12457,2024-06-30,86196,2024-09-30,-0.011060253229958444
12457,2024-09-30,83986,2024-12-31,0.0014470280624087498
12484,2024-03-31,943091,2024-06-30,-0.0007455992168218892
12484,2024-06-30,968523,2024-09-30,0.004424180985749734
12484,2024-09-30,970213,2024-12-31,0.007472896060424882
12485,2024-03-31,200502,2024-06-30,0.02053513382833295
12485,2024-06-30,204271,2024-09-30,0.01674359881000121
12485,2024-09-30,205797,2024-12-31,0.019836371888293236
12493,2024-03-31,276772,2024-06-30,0.021766777250825955
12493,2024-06-30,288771,2024-09-30,0.03349905854892575
12493,2024-09-30,280022,2024-12-31,0.03228282312518077
12501,2024-03-31,1267180,2024-06-30,0.03262908277814895
12501,2024-06-30,1212321,2024-09-30,0.013769469359142323
12501,2024-09-30,1171143,2024-12-31,0.025279489709986596
12506,2024-03-31,858301,2024-06-30,0.0056819173400453095
12506,2024-06-30,803610,2024-09-30,0.014348059058102665
12506,2024-09-30,790976,2024-12-31,0.022723204674638307
12511,2024-03-31,188456,2024-06-30,0.006946698893582009
12511,2024-06-30,184264,2024-09-30,0.009375112900567494
12511,2024-09-30,182722,2024-12-31,0.00669476742947327
12512,2024-03-31,88066,2024-06-30,-0.011897711174032337
12512,2024-06-30,86226,2024-09-30,-0.011986805700792674
12512,2024-09-30,84321,2024-12-31,-0.000638735273579841
12513,2024-03-31,218005,2024-06-30,-0.04798368903145025
12513,2024-06-30,214851,2024-09-30,-0.03076639664119753
12513,2024-09-30,226235,2024-12-31,-0.03573528481317989
12514,2024-03-31,535734,2024-06-30,0.032442092061791945
12514,2024-06-30,542413,2024-09-30,0.01592117258528193
12514,2024-09-30,539896,2024-12-31,0.020995223146986704
12517,2024-03-31,1667264,2024-06-30,0.033770329299350636
12517,2024-06-30,1690658,2024-09-30,0.038056240271622244
12517,2024-09-30,1782941,2024-12-31,0.03073259125821702
12531,2024-03-31,155264,2024-06-30,0.014604929285602196
12531,2024-06-30,150278,2024-09-30,0.0027896850898009085
12531,2024-09-30,149941,2024-12-31,0.0020154326017425774
12549,2024-03-31,91114,2024-06-30,0.019594682434274306
12549,2024-06-30,89084,2024-09-30,0.013663315657294858
12549,2024-09-30,88207,2024-12-31,0.008559442903555883
12585,2024-03-31,24170,2024-06-30,-0.003971398418509319
12585,2024-06-30,23791,2024-09-30,0.003483118495354694
12585,2024-09-30,25173,2024-12-31,-0.009196165805923282
12591,2024-03-31,861147,2024-06-30,0.010231398947436276
12591,2024-06-30,844383,2024-09-30,0.008577574447236978
12591,2024-09-30,825052,2024-12-31,0.011232681969464716
12592,2024-03-31,366967,2024-06-30,0.0030307692877484635
12592,2024-06-30,357929,2024-09-30,-0.007000317335045291
12592,2024-09-30,361074,2024-12-31,-0.006935196995437005
12594,2024-03-31,536555,2024-06-30,0.00021093167073554588
12594,2024-06-30,520152,2024-09-30,0.012000314139810344
12594,2024-09-30,532071,2024-12-31,0.021368001903358146
12602,2024-03-31,132762,2024-06-30,0.008522817225930393
12602,2024-06-30,131736,2024-09-30,0.007691192256417454
12602,2024-09-30,137830,2024-12-31,0.012748385834459506
12608,2024-03-31,295007,2024-06-30,0.024542397068871825
12608,2024-06-30,274428,2024-09-30,0.0028436385236961202
12608,2024-09-30,269853,2024-12-31,-0.005942031447662072
12609,2024-03-31,285983,2024-06-30,0.039061925169070394
12609,2024-06-30,278588,2024-09-30,0.02320253125548165
12609,2024-09-30,272854,2024-12-31,0.02811905312049917
12611,2024-03-31,784127,2024-06-30,0.022170408097952652
12611,2024-06-30,811359,2024-09-30,0.012315064512397151
12611,2024-09-30,811428,2024-12-31,0.010132513903322331
12614,2024-03-31,8568551,2024-06-30,0.018551597931639248
12614,2024-06-30,8557838,2024-09-30,0.01104337484997588
12614,2024-09-30,8548386,2024-12-31,0.027769165949429915
12616,2024-03-31,431347,2024-06-30,0.011549734709562009
12616,2024-06-30,443868,2024-09-30,0.0145879254188115
12616,2024-09-30,434524,2024-12-31,0.013804044917102803
12627,2024-03-31,876110,2024-06-30,-0.0006142977641934041
12627,2024-06-30,855452,2024-09-30,0.01047956187673194
12627,2024-09-30,844870,2024-12-31,0.021247561678763113
12633,2024-03-31,15297455,2024-06-30,0.07844702694233854
12633,2024-06-30,14946507,2024-09-30,0.14284957382018487
12633,2024-09-30,14798037,2024-12-31,0.16045724457159605
12661,2024-03-31,121453,2024-06-30,0.018778807970399488
12661,2024-06-30,118493,2024-09-30,0.014706327846770638
12661,2024-09-30,120469,2024-12-31,0.023462915790100566
12694,2024-03-31,112969,2024-06-30,-0.005366282229590986
12694,2024-06-30,109950,2024-09-30,-0.0016842619931789846
12694,2024-09-30,112925,2024-12-31,-0.01047297473480498
12706,2024-03-31,240377,2024-06-30,0.024711902126613512
12706,2024-06-30,252430,2024-09-30,0.020592277614154008
12706,2024-09-30,244572,2024-12-31,0.01592176960880459
12717,2024-03-31,99726,2024-06-30,0.0003316563507068502
12717,2024-06-30,100235,2024-09-30,0.0066629195433458655
12717,2024-09-30,107011,2024-12-31,0.03606867115741416
12722,2024-03-31,62216,2024-06-30,0.0030418608443359197
12722,2024-06-30,65649,2024-09-30,0.009762028947130595
12722,2024-09-30,68035,2024-12-31,0.024218713902394523
12745,2024-03-31,34906,2024-06-30,0.014061565649286217
12745,2024-06-30,34934,2024-09-30,0.008433546608215901
12745,2024-09-30,36240,2024-12-31,0.0037782704677297193
12757,2024-03-31,88614,2024-06-30,0.04341147676995685
12757,2024-06-30,86577,2024-09-30,0.004779961815844455
12757,2024-09-30,89030,2024-12-31,-0.0010200658400367141
12758,2024-03-31,46723,2024-06-30,-0.02016868912333788
12758,2024-06-30,48960,2024-09-30,-0.027700934291217973
12758,2024-09-30,45919,2024-12-31,-0.003964980167171774
12761,2024-03-31,653960,2024-06-30,0.010690167744600422
12761,2024-06-30,646444,2024-09-30,0.012166092590876702
12761,2024-09-30,644163,2024-12-31,0.028758084397117627
12769,2024-03-31,1815054,2024-06-30,-0.008469664978932277
12769,2024-06-30,1733902,2024-09-30,0.0022874788415091656
12769,2024-09-30,1762097,2024-12-31,0.022093103059477925
12788,2024-03-31,421846,2024-06-30,-0.004604355678607947
12788,2024-06-30,426983,2024-09-30,0.0007422287336178863
12788,2024-09-30,450507,2024-12-31,0.01501126240681759
12814,2024-03-31,758735,2024-06-30,0.005611726263755241
12814,2024-06-30,752526,2024-09-30,0.001985657078404463
12814,2024-09-30,768226,2024-12-31,0.016637956292024376
12815,2024-03-31,656434,2024-06-30,0.01003264748201537
12815,2024-06-30,642119,2024-09-30,0.009785643873911624
12815,2024-09-30,635359,2024-12-31,0.01606225713086944
12828,2024-03-31,737073,2024-06-30,0.01418209736986029
12828,2024-06-30,764032,2024-09-30,0.010553175087214895
12828,2024-09-30,779018,2024-12-31,0.006309092710312338
12836,2024-03-31,137078,2024-06-30,0.0033739151515962238
12836,2024-06-30,138190,2024-09-30,0.002588700442221556
12836,2024-09-30,137876,2024-12-31,0.0018759780146354638
12839,2024-03-31,2728746,2024-06-30,0.01729627844961801
12839,2024-06-30,2634427,2024-09-30,0.02596772257128394
12839,2024-09-30,2831952,2024-12-31,0.03655032845585341
12854,2024-03-31,7143140,2024-06-30,0.0200908238451798
12854,2024-06-30,7429174,2024-09-30,0.026313072747407584
12854,2024-09-30,7642335,2024-12-31,0.028805449291563773
12855,2024-03-31,1207464,2024-06-30,0.02512822776045435
12855,2024-06-30,1198855,2024-09-30,0.033237319239861764
12855,2024-09-30,1205683,2024-12-31,0.02608263495593742
12857,2024-03-31,187795,2024-06-30,0.012440419243457856
12857,2024-06-30,184171,2024-09-30,0.01653661217419689
12857,2024-09-30,191229,2024-12-31,0.021496929220301268
12858,2024-03-31,533198,2024-06-30,0.004831757966345827
12858,2024-06-30,524974,2024-09-30,0.008620427182566661
12858,2024-09-30,537955,2024-12-31,0.00988640019126715
12865,2024-03-31,44802,2024-06-30,-0.0783907576805008
12865,2024-06-30,43086,2024-09-30,-0.06567311179336882
12865,2024-09-30,41509,2024-12-31,-0.030386316764755037
12869,2024-03-31,622756,2024-06-30,0.014125775393563075
12869,2024-06-30,604008,2024-09-30,0.07179364380571804
12869,2024-09-30,578874,2024-12-31,0.12677406049052647
12874,2024-03-31,876882,2024-06-30,0.011199351995870075
12874,2024-06-30,862144,2024-09-30,0.01694047396204005
12874,2024-09-30,886959,2024-12-31,0.011470015667143427
12885,2024-03-31,269459,2024-06-30,-0.012427812910105111
12885,2024-06-30,269570,2024-09-30,0.0030238785109775986
12885,2024-09-30,258821,2024-12-31,0.0030219835257975225
12893,2024-03-31,43371,2024-06-30,-0.02686822821876631
12893,2024-06-30,42906,2024-09-30,-0.004698008362315618
12893,2024-09-30,42580,2024-12-31,0.0015105008330019466
12899,2024-03-31,84352,2024-06-30,-0.00934820405777324
12899,2024-06-30,86157,2024-09-30,-0.0017937627892337254
12899,2024-09-30,88133,2024-12-31,-0.0033863871596435846
12923,2024-03-31,13006620,2024-06-30,-0.0319131540712445
12923,2024-06-30,12798770,2024-09-30,-0.01728682268159906
12923,2024-09-30,13450461,2024-12-31,-0.022903960479326076
12944,2024-03-31,2153147,2024-06-30,0.04378510956626801
12944,2024-06-30,2203692,2024-09-30,0.05362446283312554
12944,2024-09-30,2145064,2024-12-31,0.031453278513332225
12956,2024-03-31,166436,2024-06-30,0.005649647206936056
12956,2024-06-30,159485,2024-09-30,0.015061805297931297
12956,2024-09-30,169305,2024-12-31,-0.007798875750789913
12959,2024-03-31,334805,2024-06-30,0.015265808225917374
12959,2024-06-30,321478,2024-09-30,0.0284923481492228
12959,2024-09-30,317493,2024-12-31,0.019370214329632596
12969,2024-03-31,949022,2024-06-30,0.0021711577792974594
12969,2024-06-30,1030435,2024-09-30,0.00228837984502669
12969,2024-09-30,1107578,2024-12-31,0.004553897147568228
12978,2024-03-31,1109779,2024-06-30,0.03050298806981015
12978,2024-06-30,1049674,2024-09-30,0.016924978178475946
12978,2024-09-30,1113330,2024-12-31,0.005754537813921056
12980,2024-03-31,66473,2024-06-30,0.010038063991587578
12980,2024-06-30,66932,2024-09-30,0.0015390777246742156
12980,2024-09-30,65182,2024-12-31,0.0068165163750346855
12982,2024-03-31,2990716,2024-06-30,0.02925873634317749
12982,2024-06-30,2985405,2024-09-30,0.028997421471810766
12982,2024-09-30,3225003,2024-12-31,0.0005370976479196878
12985,2024-03-31,306706,2024-06-30,0.004139050446676393
12985,2024-06-30,306689,2024-09-30,0.007670367096853427
12985,2024-09-30,310700,2024-12-31,0.012587417032714675
13000,2024-03-31,308211,2024-06-30,0.019062540830543623
13000,2024-06-30,312385,2024-09-30,0.023537790955013335
13000,2024-09-30,318706,2024-12-31,0.019103384528948955
13006,2024-03-31,292418,2024-06-30,0.007619975807889032
13006,2024-06-30,297548,2024-09-30,0.002347613174251126
13006,2024-09-30,295402,2024-12-31,0.00765164878233283
13012,2024-03-31,2701975,2024-06-30,0.007597548894582544
13012,2024-06-30,2711348,2024-09-30,0.003492086641467211
13012,2024-09-30,2665757,2024-12-31,0.008017026196882673
13018,2024-03-31,57410,2024-06-30,-0.0042940356043178
13018,2024-06-30,57043,2024-09-30,0.0019047176813926899
13018,2024-09-30,57405,2024-12-31,0.007557684273694437
13020,2024-03-31,330588,2024-06-30,0.015171027721865966
13020,2024-06-30,339712,2024-09-30,0.014389254124047193
13020,2024-09-30,340870,2024-12-31,0.009453764902638051
13025,2024-03-31,364484,2024-06-30,0.0012150056454827045
13025,2024-06-30,360765,2024-09-30,0.0012561286965716914
13025,2024-09-30,360689,2024-12-31,0.010922755217714542
13030,2024-03-31,99838,2024-06-30,0.00836296395779491
13030,2024-06-30,101137,2024-09-30,0.013113020901765677
13030,2024-09-30,100693,2024-12-31,0.010853207467057648
13032,2024-03-31,272536,2024-06-30,0.02199048432604618
13032,2024-06-30,276405,2024-09-30,0.022027311097422692
13032,2024-09-30,285418,2024-12-31,0.019627273621178398
13033,2024-03-31,216263,2024-06-30,0.008168699638576145
13033,2024-06-30,212968,2024-09-30,0.004926235865542803
13033,2024-09-30,220301,2024-12-31,-0.0012061083319383822
13054,2024-03-31,56227,2024-06-30,-0.02745057025900551
13054,2024-06-30,53104,2024-09-30,-0.004529942265224652
13054,2024-09-30,55601,2024-12-31,-0.007057655704563317
13055,2024-03-31,928208,2024-06-30,0.01168108432564461
13055,2024-06-30,911033,2024-09-30,0.017438013995823478
13055,2024-09-30,916117,2024-12-31,0.01985763465790575
13058,2024-03-31,566260,2024-06-30,0.04267889265420323
13058,2024-06-30,565251,2024-09-30,0.08363571194861748
13058,2024-09-30,580023,2024-12-31,0.07124281930742495
13063,2024-03-31,1572488,2024-06-30,0.00429477531347321
13063,2024-06-30,1607298,2024-09-30,0.02697026878043798
13063,2024-09-30,1649721,2024-12-31,0.014426857477269838
13068,2024-03-31,367713,2024-06-30,0.006695863534861421
13068,2024-06-30,368871,2024-09-30,0.013792580184993712
13068,2024-09-30,365186,2024-12-31,0.01289855069602441
13071,2024-03-31,603851,2024-06-30,0.02510264949703473
13071,2024-06-30,605679,2024-09-30,0.020614021264074363
13071,2024-09-30,614652,2024-12-31,0.025618990792271323
13080,2024-03-31,123332,2024-06-30,0.0013666787584696457
13083,2024-03-31,558341,2024-06-30,0.01660146253518532
13083,2024-06-30,551150,2024-09-30,0.009023646946137982
13083,2024-09-30,591648,2024-12-31,0.026438279039976226
13102,2024-03-31,5621074,2024-06-30,0.00042627192827723105
13102,2024-06-30,5766873,2024-09-30,0.009680326161941052
13102,2024-09-30,5840835,2024-12-31,0.01038848851011202
13107,2024-03-31,673027,2024-06-30,0.0070587768834723275
13107,2024-06-30,680288,2024-09-30,0.02636114893997452
13107,2024-09-30,683782,2024-12-31,0.02814926964957325
13109,2024-03-31,772713,2024-06-30,0.016464779771270397
13109,2024-06-30,794645,2024-09-30,0.016106843116711133
13109,2024-09-30,781135,2024-12-31,0.027984818589753206
13111,2024-03-31,211643,2024-06-30,-0.005067300855824114
13111,2024-06-30,209661,2024-09-30,0.011580289806827092
13111,2024-09-30,210711,2024-12-31,0.011941881277550031
13112,2024-03-31,289019,2024-06-30,0.0022796200105282306
13112,2024-06-30,295001,2024-09-30,-7.869261947770152e-07
13112,2024-09-30,296087,2024-12-31,0.007383860919997772
13113,2024-03-31,207017,2024-06-30,-0.008074838518788019
13113,2024-06-30,198914,2024-09-30,-0.011169102161800665
13113,2024-09-30,198716,2024-12-31,-0.00012041343477058554
13130,2024-03-31,477247,2024-06-30,-0.00013064880154504464
13130,2024-06-30,487503,2024-09-30,0.018481050754666162
13130,2024-09-30,472230,2024-12-31,0.008392421080723014
13157,2024-03-31,242489,2024-06-30,-0.005787671391570954
13157,2024-06-30,239487,2024-09-30,-0.003278219539909398
13157,2024-09-30,232004,2024-12-31,0.004265736369053919
13167,2024-03-31,143325,2024-06-30,0.015449788571599342
13167,2024-06-30,142957,2024-09-30,0.013548432208463412
13167,2024-09-30,134337,2024-12-31,0.008355094255236922
13179,2024-03-31,357927,2024-06-30,-0.004635826325786259
13179,2024-06-30,343578,2024-09-30,-0.018160727340717542
13179,2024-09-30,352241,2024-12-31,0.003671699939170349
13195,2024-03-31,203352,2024-06-30,0.01458079689846937
13195,2024-06-30,207089,2024-09-30,0.01116060453516564
13195,2024-09-30,208589,2024-12-31,0.014983874225549386
13196,2024-03-31,63835,2024-06-30,0.015157426605822451
13196,2024-06-30,63983,2024-09-30,0.012521456948747258
13196,2024-09-30,60999,2024-12-31,0.01872995255274829
13198,2024-03-31,1381541,2024-06-30,-0.052484744723684404
13198,2024-06-30,1379692,2024-09-30,-0.07906758838924637
13198,2024-09-30,1453653,2024-12-31,-0.08542618403430771
13209,2024-03-31,217723,2024-06-30,0.011572064946835832
13209,2024-06-30,218796,2024-09-30,0.016245286332742664
13209,2024-09-30,227105,2024-12-31,0.012665461238905532
13216,2024-03-31,442853,2024-06-30,-0.018598345501822988
13216,2024-06-30,466235,2024-09-30,-0.005924391992325918
13216,2024-09-30,449494,2024-12-31,0.005873635578403896
13220,2024-03-31,631657,2024-06-30,0.013531044683738289
13220,2024-06-30,726188,2024-09-30,0.011256404633713116
13220,2024-09-30,749982,2024-12-31,0.02227323829891118
13232,2024-03-31,499807,2024-06-30,-0.024880812860416147
13232,2024-06-30,505575,2024-09-30,0.007062728105393223
13232,2024-09-30,514841,2024-12-31,0.03648788919400693
13242,2024-03-31,170821,2024-06-30,0.007884237596225127
13242,2024-06-30,171080,2024-09-30,0.0077942217911011625
13242,2024-09-30,176194,2024-12-31,0.009867390626974582
13249,2024-03-31,140221,2024-06-30,-0.0036249973372107233
13249,2024-06-30,140942,2024-09-30,0.01178205584276821
13249,2024-09-30,140802,2024-12-31,0.019011868837162264
13251,2024-03-31,59839,2024-06-30,-0.0006677136591214776
13251,2024-06-30,61142,2024-09-30,0.014239429208839638
13251,2024-09-30,59297,2024-12-31,0.015167156930945667
13255,2024-03-31,892539,2024-06-30,0.008063836836954327
13255,2024-06-30,904650,2024-09-30,0.008180532341920232
13255,2024-09-30,959715,2024-12-31,0.016244291732592814
13264,2024-03-31,575764,2024-06-30,0.0329537491651261
13264,2024-06-30,581727,2024-09-30,0.043828078151187166
13264,2024-09-30,585752,2024-12-31,0.037535660035663714
13274,2024-03-31,179953,2024-06-30,-0.001325197367977505
13274,2024-06-30,178581,2024-09-30,0.011316631550571504
13274,2024-09-30,170389,2024-12-31,0.019227358398317324
13297,2024-03-31,1043545,2024-06-30,-0.014580063413644442
13297,2024-06-30,1052445,2024-09-30,0.004245360292352982
13297,2024-09-30,1139447,2024-12-31,-0.009419727704035163
13303,2024-03-31,311273,2024-06-30,0.01061643059454654
13303,2024-06-30,293992,2024-09-30,0.0020886225534762783
13303,2024-09-30,301055,2024-12-31,0.01453095116011719
13305,2024-03-31,492123,2024-06-30,0.027912622044261114
13305,2024-06-30,507801,2024-09-30,0.021028292213596273
13305,2024-09-30,515377,2024-12-31,0.022960635655985193
13339,2024-03-31,1119549,2024-06-30,0.007391250200512419
13339,2024-06-30,1120067,2024-09-30,0.012220768937490677
13339,2024-09-30,1168013,2024-12-31,0.02049483925761421
13341,2024-03-31,917082,2024-06-30,-0.005815457929802012
13341,2024-06-30,924864,2024-09-30,0.012254794089380973
13341,2024-09-30,934948,2024-12-31,0.00975664815033634
13366,2024-03-31,358725,2024-06-30,0.00928343280638097
13366,2024-06-30,356019,2024-09-30,0.012186535583022585
13366,2024-09-30,361357,2024-12-31,0.019364509105367488
13381,2024-03-31,127686,2024-06-30,0.01588484867401386
13381,2024-06-30,127149,2024-09-30,0.014148479822116138
13381,2024-09-30,127311,2024-12-31,0.019311613189941585
13382,2024-03-31,122656,2024-06-30,0.0017154984326224578
13382,2024-06-30,119219,2024-09-30,0.014769263940058397
13382,2024-09-30,122056,2024-12-31,0.009192716864764788
13397,2024-03-31,948232,2024-06-30,0.006413330573627034
13397,2024-06-30,956607,2024-09-30,0.02584463785639317
13397,2024-09-30,985229,2024-12-31,0.04890213625236678
13407,2024-03-31,311729,2024-06-30,0.011929987847297548
13407,2024-06-30,302755,2024-09-30,0.022799660274379182
13407,2024-09-30,297184,2024-12-31,0.01967490891287021
13413,2024-03-31,67103,2024-06-30,0.0004713027624498914
13413,2024-06-30,68644,2024-09-30,0.007997073594217903
13413,2024-09-30,65140,2024-12-31,-0.0020385420594878014
13415,2024-03-31,63060,2024-06-30,0.0006990902644881915
13415,2024-06-30,63083,2024-09-30,0.00030752490722973485
13415,2024-09-30,62317,2024-12-31,0.010309478184314689
13416,2024-03-31,54325,2024-06-30,-0.011988010008121773
13416,2024-06-30,52966,2024-09-30,-0.00223988663868424
13416,2024-09-30,52375,2024-12-31,0.0008009844373227121
13421,2024-03-31,6670686,2024-06-30,0.02141161604804841
13421,2024-06-30,6588750,2024-09-30,0.022780557478924927
13421,2024-09-30,6929538,2024-12-31,0.035043883979915307
13430,2024-03-31,184634,2024-06-30,0.03504224216414134
13430,2024-06-30,181389,2024-09-30,0.041810982068886324
13430,2024-09-30,185651,2024-12-31,0.03993304972232631
13450,2024-03-31,55532,2024-06-30,0.022378987012026674
13450,2024-06-30,72823,2024-09-30,-0.13157566869232099
13450,2024-09-30,71735,2024-12-31,-0.08374442023592117
13454,2024-03-31,651131,2024-06-30,0.018879360530939637
13454,2024-06-30,655578,2024-09-30,0.02407543526770151
13454,2024-09-30,656189,2024-12-31,0.03545759351238422
13551,2024-03-31,101402,2024-06-30,-0.016777061452415677
13551,2024-06-30,97235,2024-09-30,0.0025860496160388254
13551,2024-09-30,100577,2024-12-31,0.006904268395921077
13561,2024-03-31,352289,2024-06-30,0.006515777691698526
13561,2024-06-30,360880,2024-09-30,0.01826663898505765
13561,2024-09-30,356288,2024-12-31,0.032655231896385396
13565,2024-03-31,593776,2024-06-30,0.021266494780346937
13565,2024-06-30,583402,2024-09-30,0.044081071407249706
13565,2024-09-30,645834,2024-12-31,0.026540688144735012
13582,2024-03-31,33807,2024-06-30,-0.004549369794760916
13582,2024-06-30,34830,2024-09-30,-0.009274650748921144
13582,2024-09-30,35308,2024-12-31,-0.004910914478565588
13584,2024-03-31,50008,2024-06-30,0.005618952089575222
13584,2024-06-30,46808,2024-09-30,-0.000780233298746949
13584,2024-09-30,52344,2024-12-31,-0.003985664116422055
13599,2024-03-31,339096,2024-06-30,0.00837938326047081
13599,2024-06-30,347530,2024-09-30,0.02037955007604438
13599,2024-09-30,345519,2024-12-31,0.01643370878004603
13600,2024-03-31,122017,2024-06-30,0.020582615607020023
13600,2024-06-30,120321,2024-09-30,0.022341074149514906
13600,2024-09-30,121527,2024-12-31,0.013932754179699785
13611,2024-03-31,31897,2024-06-30,-0.011865556267816347
13611,2024-06-30,32669,2024-09-30,-0.012050554819815675
13611,2024-09-30,32715,2024-12-31,-0.010174230931661376
13616,2024-03-31,82222,2024-06-30,-0.012006985405164925
13616,2024-06-30,81647,2024-09-30,-0.0027748685029435464
13616,2024-09-30,82629,2024-12-31,-0.009392310814517857
13622,2024-03-31,774236,2024-06-30,0.03000063743518323
13622,2024-06-30,788006,2024-09-30,0.05013398252200946
13622,2024-09-30,846868,2024-12-31,0.02298087812720299
13632,2024-03-31,461565,2024-06-30,0.01904298360879522
13632,2024-06-30,475069,2024-09-30,0.015853600170287484
13632,2024-09-30,491338,2024-12-31,0.01499765664116383
13652,2024-03-31,207463,2024-06-30,0.0061125011141892035
13652,2024-06-30,205632,2024-09-30,0.027741974634796118
13652,2024-09-30,212199,2024-12-31,0.01812084398147037
13656,2024-03-31,224803,2024-06-30,0.006153071003401869
13656,2024-06-30,226647,2024-09-30,0.0014134709155863706
13656,2024-09-30,224527,2024-12-31,0.01309827501618557
13662,2024-03-31,165854,2024-06-30,0.014519704544678661
13662,2024-06-30,175273,2024-09-30,0.013676317099627718
13662,2024-09-30,162956,2024-12-31,0.006018058528485111
13692,2024-03-31,141998,2024-06-30,0.003071778866950151
13692,2024-06-30,144247,2024-09-30,0.0073766531517063996
13692,2024-09-30,142094,2024-12-31,0.022504812473761272
13696,2024-03-31,17396,2024-06-30,0.00493651568747558
13696,2024-06-30,18043,2024-09-30,0.0011232957037622068
13696,2024-09-30,17198,2024-12-31,0.005802552848867537
13703,2024-03-31,503452,2024-06-30,0.009490135660328145
13703,2024-06-30,508179,2024-09-30,0.007873732284725066
13703,2024-09-30,529512,2024-12-31,0.02193145345746789
13712,2024-03-31,312087,2024-06-30,-0.0019655537675402675
13712,2024-06-30,308321,2024-09-30,0.00020241455038013688
13712,2024-09-30,304684,2024-12-31,0.0004949991326616536
13715,2024-03-31,74646,2024-06-30,0.01009295628708755
13715,2024-06-30,75780,2024-09-30,0.014975286987749742
13715,2024-09-30,75197,2024-12-31,0.004801353089610348
13716,2024-03-31,1450628,2024-06-30,0.010883507932903401
13716,2024-06-30,1472488,2024-09-30,0.02172565529434913
13716,2024-09-30,1516664,2024-12-31,0.02228550914329665
13729,2024-03-31,12412,2024-06-30,0.007829875509413447
13729,2024-06-30,12165,2024-09-30,0.004441012403575646
13729,2024-09-30,12856,2024-12-31,-0.006451621967038474
13735,2024-03-31,233332,2024-06-30,0.009622280145620471
13735,2024-06-30,229868,2024-09-30,0.009723054331924243
13735,2024-09-30,240372,2024-12-31,0.013122198659816259
13736,2024-03-31,90178,2024-06-30,-0.09613545543074883
13736,2024-06-30,89309,2024-09-30,-0.04911453293840802
13736,2024-09-30,91144,2024-12-31,-0.010577502063099764
13737,2024-03-31,215146,2024-06-30,-0.02087652595060417
13737,2024-06-30,202925,2024-09-30,-0.008441565713537642
13737,2024-09-30,202823,2024-12-31,-0.02149228340840237
13748,2024-03-31,204464,2024-06-30,0.018604830476300047
13748,2024-06-30,185524,2024-09-30,0.01313168874278379
13748,2024-09-30,187300,2024-12-31,0.04052370780800926
13753,2024-03-31,192954,2024-06-30,0.010713263324737635
13753,2024-06-30,191395,2024-09-30,0.007988680929222072
13753,2024-09-30,193089,2024-12-31,0.013121636228903054
13774,2024-03-31,37773,2024-06-30,0.001675769934807892
13774,2024-06-30,37420,2024-09-30,-0.0005348357197261058
13774,2024-09-30,36832,2024-12-31,0.004837908542696534
13775,2024-03-31,185360,2024-06-30,0.011976131321778239
13775,2024-06-30,171808,2024-09-30,0.004513969527047412
13775,2024-09-30,178514,2024-12-31,0.011287194956537542
13784,2024-03-31,162552,2024-06-30,0.019340470308500612
13784,2024-06-30,160526,2024-09-30,0.05322572000590302
13784,2024-09-30,159630,2024-12-31,0.059166747423460425
13788,2024-03-31,100720,2024-06-30,0.005654017696279719
13788,2024-06-30,100098,2024-09-30,0.0053132199794707555
13788,2024-09-30,102569,2024-12-31,0.008057412664946199
13794,2024-03-31,98739,2024-06-30,-0.012222053408230071
13794,2024-06-30,99939,2024-09-30,-0.011746023963202382
13794,2024-09-30,94128,2024-12-31,-0.0014839079960058715
13798,2024-03-31,85383,2024-06-30,-0.00086749640820828
13798,2024-06-30,86759,2024-09-30,-0.008756945978006567
13798,2024-09-30,88303,2024-12-31,-0.00852134266656397
13801,2024-03-31,233982,2024-06-30,0.021744566543189802
13801,2024-06-30,237025,2024-09-30,0.020373415621566568
13801,2024-09-30,233052,2024-12-31,0.030786974493506352
13802,2024-03-31,118065,2024-06-30,0.032908816035602945
13802,2024-06-30,120879,2024-09-30,0.04715363842407632
13802,2024-09-30,125184,2024-12-31,0.032323436350653746
13809,2024-03-31,183634,2024-06-30,0.027867024196329977
13809,2024-06-30,173971,2024-09-30,0.02901637582695482
13809,2024-09-30,173771,2024-12-31,0.03203662853137544
13813,2024-03-31,115531,2024-06-30,-0.022686856459857827
13813,2024-06-30,122796,2024-09-30,0.01970584816096917
13813,2024-09-30,118578,2024-12-31,0.030121655807047024
13816,2024-03-31,127461,2024-06-30,-0.008661757184917393
13816,2024-06-30,127733,2024-09-30,0.000784860407994481
13816,2024-09-30,140439,2024-12-31,-0.015068700051398756
13819,2024-03-31,199968,2024-06-30,0.022911101445437284
13819,2024-06-30,202439,2024-09-30,0.022985412747118333
13819,2024-09-30,216989,2024-12-31,0.03174489145917423
13821,2024-03-31,374143,2024-06-30,0.021727840460783302
13821,2024-06-30,400138,2024-09-30,0.01879102304441134
13821,2024-09-30,400024,2024-12-31,0.01635308824119952
13832,2024-03-31,38116,2024-06-30,-0.0005815578162948096
13832,2024-06-30,34358,2024-09-30,0.0018283570822754955
13832,2024-09-30,35051,2024-12-31,0.02569530623893899
13838,2024-03-31,686231,2024-06-30,0.05446031656806213
13838,2024-06-30,657713,2024-09-30,-0.0019088547685456644
13838,2024-09-30,665716,2024-12-31,-0.004980499844391793
13843,2024-03-31,289439,2024-06-30,0.010085999622392466
13843,2024-06-30,289114,2024-09-30,0.011043067774337206
13843,2024-09-30,302308,2024-12-31,-0.008407321888751285
13868,2024-03-31,820089,2024-06-30,0.02952236627124285
13868,2024-06-30,831624,2024-09-30,0.03578870640882993
13868,2024-09-30,880966,2024-12-31,0.02464786770995209
13876,2024-03-31,5139268,2024-06-30,0.03524231215419762
13876,2024-06-30,5212854,2024-09-30,0.04830240778774757
13876,2024-09-30,5320639,2024-12-31,0.04800146704492663
13879,2024-03-31,1920933,2024-06-30,0.020584485854483088
13883,2024-03-31,147784,2024-06-30,0.007824081343039116
13883,2024-06-30,144482,2024-09-30,0.019481787992596623
13883,2024-09-30,143215,2024-12-31,0.022713604170663895
13887,2024-03-31,250698,2024-06-30,0.009441467258483743
13887,2024-06-30,248790,2024-09-30,0.002245202545586457
13887,2024-09-30,248845,2024-12-31,0.023752239824877546
13892,2024-03-31,304452,2024-06-30,0.0377369020684488
13892,2024-06-30,301183,2024-09-30,0.04237170153517287
13892,2024-09-30,322280,2024-12-31,0.040786942425296666
13897,2024-03-31,333855,2024-06-30,0.008255460603016582
13897,2024-06-30,328008,2024-09-30,0.001763933023162512
13897,2024-09-30,325489,2024-12-31,0.009334765763374482
13902,2024-03-31,20151,2024-06-30,0.007505426792599262
13902,2024-06-30,19492,2024-09-30,0.008386829540422726
13902,2024-09-30,18536,2024-12-31,0.011836652255631656
13905,2024-03-31,199837,2024-06-30,0.0013380483148817725
13905,2024-06-30,201792,2024-09-30,0.007254821231458661
13905,2024-09-30,203551,2024-12-31,0.009385052345420121
13919,2024-03-31,485184,2024-06-30,0.017200582570805527
13919,2024-06-30,465037,2024-09-30,0.015028374284304648
13919,2024-09-30,475906,2024-12-31,0.022891147904086643
13926,2024-03-31,26540,2024-06-30,0.021335641706117767
13926,2024-06-30,26882,2024-09-30,0.016465639049462702
13926,2024-09-30,27997,2024-12-31,-0.0006356339546889577
13931,2024-03-31,34007,2024-06-30,-0.02353406716749792
13931,2024-06-30,35772,2024-09-30,-0.04685403752328255
13931,2024-09-30,37156,2024-12-31,-0.01991860766325059
13946,2024-03-31,206280,2024-06-30,0.04821413905271094
13946,2024-06-30,204134,2024-09-30,0.04595319000337271
13946,2024-09-30,205892,2024-12-31,0.038054384592487805
13947,2024-03-31,296603,2024-06-30,0.0060274795270779755
13947,2024-06-30,299238,2024-09-30,0.02789643653189389
13947,2024-09-30,304895,2024-12-31,0.018694869951874967
13951,2024-03-31,765482,2024-06-30,-0.006965398417959644
13951,2024-06-30,735536,2024-09-30,0.003260571142634352
13951,2024-09-30,729635,2024-12-31,0.01936518255967948
13953,2024-03-31,814098,2024-06-30,0.007341090495535769
13953,2024-06-30,838882,2024-09-30,0.005892415159365985
13953,2024-09-30,824035,2024-12-31,0.02422698249499552
13955,2024-03-31,173148,2024-06-30,0.022775604456219043
13955,2024-06-30,170806,2024-09-30,0.01900956565394806
13955,2024-09-30,170207,2024-12-31,0.020134287109276252
13957,2024-03-31,45407,2024-06-30,0.008969735057911425
13959,2024-03-31,64821,2024-06-30,0.09388324723377445
13959,2024-06-30,58750,2024-09-30,0.1166357116530258
13959,2024-09-30,48622,2024-12-31,0.11163587067003891
13960,2024-03-31,46093,2024-06-30,0.02475099007582187
13960,2024-06-30,47572,2024-09-30,0.025521916396991494
13960,2024-09-30,49436,2024-12-31,0.024856547313482222
13962,2024-03-31,120397,2024-06-30,0.0069749203558322845
13962,2024-06-30,123930,2024-09-30,4.904622540900647e-06
13962,2024-09-30,118703,2024-12-31,-0.00394165299735029
13983,2024-03-31,101174,2024-06-30,0.004888127021011316
13983,2024-06-30,98471,2024-09-30,0.006959442964616965
13983,2024-09-30,101286,2024-12-31,0.017643220965585637
13986,2024-03-31,5107,2024-06-30,-0.1734530084645776
13986,2024-06-30,5004,2024-09-30,-0.056121878316527686
13986,2024-09-30,4805,2024-12-31,-0.019902823145869893
13990,2024-03-31,43788,2024-06-30,0.005718892549170244
13990,2024-06-30,44883,2024-09-30,0.004728514967714728
13990,2024-09-30,43214,2024-12-31,0.008537170337224852
13999,2024-03-31,31736,2024-06-30,-0.004416464860779854
13999,2024-06-30,31303,2024-09-30,0.004050628472532782
13999,2024-09-30,30194,2024-12-31,0.0009185180661619647
14009,2024-03-31,373448,2024-06-30,0.014905225625703603
14009,2024-06-30,363970,2024-09-30,0.019825359655958656
14009,2024-09-30,349000,2024-12-31,0.004173097332615922
14017,2024-03-31,906275,2024-06-30,0.040127233272596444
14017,2024-06-30,931093,2024-09-30,0.054669931201339124
14017,2024-09-30,933543,2024-12-31,0.04201141538041412
14024,2024-03-31,50706,2024-06-30,0.00800538043649813
14024,2024-06-30,51252,2024-09-30,0.015993946609552317
14024,2024-09-30,50333,2024-12-31,0.013937676297761789
14025,2024-03-31,417165,2024-06-30,0.0042225668220282645
14025,2024-06-30,416691,2024-09-30,0.0015886255489162748
14025,2024-09-30,408818,2024-12-31,0.021823940268572546
14026,2024-03-31,69370,2024-06-30,0.0029831103100397883
14026,2024-06-30,69206,2024-09-30,-0.0001952257237706772
14026,2024-09-30,65374,2024-12-31,0.0033369694138330867
14028,2024-03-31,3070242,2024-06-30,0.01759802243934463
14028,2024-06-30,3050279,2024-09-30,0.01890140492446463
14028,2024-09-30,3435417,2024-12-31,0.013560224361295514
14029,2024-03-31,598546,2024-06-30,0.013452396300679122
14029,2024-06-30,607781,2024-09-30,0.018930797132427353
14029,2024-09-30,617586,2024-12-31,0.017166592609363353
14036,2024-03-31,375770,2024-06-30,0.03620474426339747
14036,2024-06-30,371655,2024-09-30,0.0708281396291133
14036,2024-09-30,373986,2024-12-31,0.0682097958174481
14056,2024-03-31,302232,2024-06-30,0.017311083175331175
14056,2024-06-30,297444,2024-09-30,0.017107045648789797
14056,2024-09-30,298212,2024-12-31,0.01648166062880546
14058,2024-03-31,271862,2024-06-30,0.028199648543755118
14058,2024-06-30,294628,2024-09-30,0.018347936685910483
14058,2024-09-30,309616,2024-12-31,0.024468537766209813
14065,2024-03-31,1918210,2024-06-30,0.03740051969718093
14065,2024-06-30,1929660,2024-09-30,0.05030450797269498
14065,2024-09-30,1888466,2024-12-31,0.06584594144097626
14069,2024-03-31,51072,2024-06-30,0.0050637298103572825
14069,2024-06-30,46785,2024-09-30,0.04032637290538508
14069,2024-09-30,47671,2024-12-31,0.0321754389473388
14073,2024-03-31,1088447,2024-06-30,0.019686651212228772
14073,2024-06-30,1047491,2024-09-30,0.03223609070741806
14073,2024-09-30,1047619,2024-12-31,0.041015702516567804
14079,2024-03-31,520676,2024-06-30,0.02961392307868146
14079,2024-06-30,499993,2024-09-30,0.04461770808869112
14079,2024-09-30,507173,2024-12-31,0.041341619420411424
14083,2024-03-31,62897,2024-06-30,0.08291792351914666
14083,2024-06-30,77456,2024-09-30,0.05356170702159161
14083,2024-09-30,81397,2024-12-31,0.026165704646343362
14095,2024-03-31,70484,2024-06-30,-0.009069785591216453
14095,2024-06-30,68633,2024-09-30,0.011202372764481862
14095,2024-09-30,66496,2024-12-31,0.024736460639735128
14096,2024-03-31,44566,2024-06-30,-0.03533999601787677
14096,2024-06-30,43396,2024-09-30,-0.03118727430822732
14096,2024-09-30,41934,2024-12-31,-0.003855880402450063
14113,2024-03-31,393332,2024-06-30,0.021585065397781506
14113,2024-06-30,404335,2024-09-30,0.040594238686861996
14113,2024-09-30,401475,2024-12-31,0.03936271284861066
14134,2024-03-31,674131,2024-06-30,0.006701931411986229
14134,2024-06-30,661992,2024-09-30,0.020382494826481436
14134,2024-09-30,697247,2024-12-31,0.033847278024784835
14136,2024-03-31,196243,2024-06-30,0.0030009659234902846
14136,2024-06-30,196106,2024-09-30,0.0006843141009174459
14136,2024-09-30,200050,2024-12-31,0.00425962866309671
14140,2024-03-31,1223701,2024-06-30,0.03481573444123456
14140,2024-06-30,1198797,2024-09-30,0.016132272024115674
14140,2024-09-30,1238363,2024-12-31,0.017846876173354665
14158,2024-03-31,1175239,2024-06-30,0.019138965473587777
14158,2024-06-30,1057053,2024-09-30,0.027049003972457956
14158,2024-09-30,1176600,2024-12-31,0.014662786250688923
14168,2024-03-31,323430,2024-06-30,0.012846778602616335
14168,2024-06-30,330926,2024-09-30,0.0318329250539442
14168,2024-09-30,328030,2024-12-31,0.038460606588568695
14178,2024-03-31,77088,2024-06-30,0.0035078378008117314
14178,2024-06-30,81698,2024-09-30,0.008905267327216453
14178,2024-09-30,80986,2024-12-31,0.007171411762646461
14184,2024-03-31,299519,2024-06-30,0.011066911338390939
14184,2024-06-30,313221,2024-09-30,0.009285606641132156
14184,2024-09-30,323111,2024-12-31,0.009996219728923538
14185,2024-03-31,482647,2024-06-30,0.007061106594722991
14185,2024-06-30,505465,2024-09-30,0.010897404829142721
14185,2024-09-30,508745,2024-12-31,0.020207293317303622
14195,2024-03-31,295081,2024-06-30,-0.0004015547460976773
14195,2024-06-30,289623,2024-09-30,0.0021906756659397396
14195,2024-09-30,290522,2024-12-31,0.005299064633804448
14207,2024-03-31,1608929,2024-06-30,0.008133632320324392
14207,2024-06-30,1535578,2024-09-30,0.0045792818548495
14207,2024-09-30,1559600,2024-12-31,0.004389087724310369
14208,2024-03-31,165987,2024-06-30,-0.0007502467258222752
14208,2024-06-30,166276,2024-09-30,0.010415467809901508
14208,2024-09-30,155629,2024-12-31,0.006334721873946832
14209,2024-03-31,816905,2024-06-30,0.012175958757044289
14209,2024-06-30,852899,2024-09-30,0.022462964622405355
14209,2024-09-30,823081,2024-12-31,0.02201955692897503
14222,2024-03-31,744342,2024-06-30,-0.0025438661087217153
14222,2024-06-30,729562,2024-09-30,-0.007140607778048771
14222,2024-09-30,764722,2024-12-31,0.012991918676649299
14225,2024-03-31,148075,2024-06-30,-0.0014261508949559838
14225,2024-06-30,152276,2024-09-30,0.012404252725010974
14225,2024-09-30,151190,2024-12-31,0.025869112888847714
14230,2024-03-31,176613,2024-06-30,0.012388404122672407
14230,2024-06-30,183087,2024-09-30,0.02206090362205488
14230,2024-09-30,185560,2024-12-31,0.02661262096165594
14240,2024-03-31,983728,2024-06-30,0.0011679543848023242
14240,2024-06-30,1022140,2024-09-30,0.020808121577568364
14240,2024-09-30,1013911,2024-12-31,0.019095189273835255
14247,2024-03-31,183810,2024-06-30,0.004851102972899294
14247,2024-06-30,178165,2024-09-30,0.004329670163880061
14247,2024-09-30,174136,2024-12-31,-0.02200747430815882
14260,2024-03-31,54000,2024-06-30,-0.0030512275282944326
14260,2024-06-30,53417,2024-09-30,-0.0018179974045920682
14260,2024-09-30,48463,2024-12-31,-0.004252702305719729
14264,2024-03-31,795262,2024-06-30,0.024872683413455998
14264,2024-06-30,820774,2024-09-30,0.030253613330769473
14264,2024-09-30,805552,2024-12-31,0.030282485758669896
14266,2024-03-31,1158416,2024-06-30,0.04453003763312412
14266,2024-06-30,1174060,2024-09-30,0.03169075641327152
14266,2024-09-30,1237787,2024-12-31,0.03216227319045378
14269,2024-03-31,344539,2024-06-30,-0.005664696533618344
14269,2024-06-30,328351,2024-09-30,0.0008234159580006352
14269,2024-09-30,333971,2024-12-31,-0.0016592828846201347
14275,2024-03-31,117761,2024-06-30,0.011905568638651947
14275,2024-06-30,122766,2024-09-30,0.02777721228464925
14275,2024-09-30,138640,2024-12-31,0.013144222726045634
14276,2024-03-31,501438,2024-06-30,0.0041114437259598905
14276,2024-06-30,501661,2024-09-30,0.02198881568995747
14276,2024-09-30,518351,2024-12-31,0.056508976647323385
14281,2024-03-31,62106,2024-06-30,-0.013933109347974886
14281,2024-06-30,60679,2024-09-30,0.005691847562142573
14281,2024-09-30,61119,2024-12-31,0.008170267159138003
14291,2024-03-31,113724,2024-06-30,0.021040156551862876
14291,2024-06-30,110328,2024-09-30,0.00982472212792737
14291,2024-09-30,115614,2024-12-31,0.008737422473990633
14293,2024-03-31,106573,2024-06-30,0.006728111169743527
14293,2024-06-30,100941,2024-09-30,0.0183798568427644
14293,2024-09-30,89709,2024-12-31,-0.0012589491877648704
14311,2024-03-31,149606,2024-06-30,-0.004945340820491444
14311,2024-06-30,148080,2024-09-30,-0.0005566966532098706
14311,2024-09-30,145871,2024-12-31,0.0011576621992769917
14312,2024-03-31,451457,2024-06-30,0.02624176174420865
14312,2024-06-30,452842,2024-09-30,0.0315443658262832
14312,2024-09-30,447338,2024-12-31,0.037237127647381824
14316,2024-03-31,73235,2024-06-30,0.0012917943115337684
14316,2024-06-30,76949,2024-09-30,0.0038691105393452697
14316,2024-09-30,80463,2024-12-31,0.006292508127276485
14327,2024-03-31,358671,2024-06-30,0.0333557177440302
14327,2024-06-30,378114,2024-09-30,0.05028903150763958
14327,2024-09-30,376673,2024-12-31,0.025827793909466337
14331,2024-03-31,542630,2024-06-30,0.04894554504229929
14331,2024-06-30,542421,2024-09-30,0.04080437169290171
14331,2024-09-30,542056,2024-12-31,0.04396144598350523
14333,2024-03-31,327325,2024-06-30,0.004205633771417953
14333,2024-06-30,309173,2024-09-30,0.013504406909962399
14333,2024-09-30,310519,2024-12-31,0.009986358891832426
14334,2024-03-31,476044,2024-06-30,0.008683001572353159
14334,2024-06-30,483589,2024-09-30,0.00647489998407776
14334,2024-09-30,480641,2024-12-31,0.009372790988858097
14344,2024-03-31,29211,2024-06-30,0.0007406448613978473
14344,2024-06-30,29020,2024-09-30,-0.004703771238551666
14344,2024-09-30,30371,2024-12-31,-0.01032630367534552
14349,2024-03-31,124433,2024-06-30,0.00832749685475915
14349,2024-06-30,128426,2024-09-30,0.013030405759317864
14349,2024-09-30,129712,2024-12-31,0.015933106880039277
14352,2024-03-31,128248,2024-06-30,-0.009878193922901336
14352,2024-06-30,121770,2024-09-30,-0.016949216772028916
14352,2024-09-30,134774,2024-12-31,0.008733576112394512
14355,2024-03-31,310103,2024-06-30,0.011939405981216967
14355,2024-06-30,306960,2024-09-30,0.0030096698244059064
14355,2024-09-30,318930,2024-12-31,-0.001336448334263248
14359,2024-03-31,1100279,2024-06-30,0.006988331471923884
14359,2024-06-30,1105538,2024-09-30,0.008628064942585958
14359,2024-09-30,1132885,2024-12-31,0.0013131361349869195
14382,2024-03-31,1620923,2024-06-30,0.0556238789285946
14382,2024-06-30,1655164,2024-09-30,0.05313738372969942
14382,2024-09-30,1648396,2024-12-31,0.05709535262054753
14392,2024-03-31,139324,2024-06-30,-0.0016319837710708053
14392,2024-06-30,136339,2024-09-30,-0.0009988433719290428
14392,2024-09-30,136418,2024-12-31,0.009173928366577391
14399,2024-03-31,66235,2024-06-30,-0.006026863561389384
14399,2024-06-30,66674,2024-09-30,-0.006905149338588853
14399,2024-09-30,67847,2024-12-31,-0.016174599139408743
14400,2024-03-31,24881,2024-06-30,0.005285643108093371
14400,2024-06-30,25102,2024-09-30,0.007146671747422888
14400,2024-09-30,23849,2024-12-31,0.010133010248868788
14404,2024-03-31,50935,2024-06-30,0.013022446796639088
14404,2024-06-30,48822,2024-09-30,0.011955870692069125
14404,2024-09-30,46255,2024-12-31,-0.013319717114349164
14410,2024-03-31,655165,2024-06-30,0.02824219200955654
14410,2024-06-30,634908,2024-09-30,0.021764810048556266
14410,2024-09-30,651228,2024-12-31,0.03652136080566914
14413,2024-03-31,204348,2024-06-30,-0.0028223317049888286
14413,2024-06-30,211404,2024-09-30,-0.0005340808722524716
14413,2024-09-30,207970,2024-12-31,0.010994369669787625
14415,2024-03-31,136067,2024-06-30,0.006508112964245767
14415,2024-06-30,137269,2024-09-30,-0.0019085603921492485
14415,2024-09-30,139854,2024-12-31,0.00816709781204805
14420,2024-03-31,221855,2024-06-30,0.0084659893309175
14420,2024-06-30,215156,2024-09-30,-0.000554018748138285
14420,2024-09-30,212631,2024-12-31,-0.002990601025418398
14427,2024-03-31,353698,2024-06-30,0.019020029361801246
14427,2024-06-30,343285,2024-09-30,0.010373772968295251
14427,2024-09-30,339424,2024-12-31,0.021595072214160984
14445,2024-03-31,400764,2024-06-30,-0.003367651867241312
14445,2024-06-30,392892,2024-09-30,0.008353994410153276
14445,2024-09-30,404828,2024-12-31,0.001577792041588844
14488,2024-03-31,282201,2024-06-30,0.007917232520214512
14488,2024-06-30,273790,2024-09-30,0.01761235371557495
14488,2024-09-30,284468,2024-12-31,0.012129588731073395
14491,2024-03-31,153692,2024-06-30,-0.005568923165075107
14491,2024-06-30,164986,2024-09-30,0.0292351263065721
14491,2024-09-30,172766,2024-12-31,0.04177894307637361
14492,2024-03-31,493507,2024-06-30,0.015360009181877585
14492,2024-06-30,513293,2024-09-30,0.0032806616828279654
14492,2024-09-30,521272,2024-12-31,0.010499332931310716
14507,2024-03-31,550813,2024-06-30,0.018540300085790395
14507,2024-06-30,551379,2024-09-30,0.026757980725056987
14507,2024-09-30,567462,2024-12-31,0.025133806278439946
14513,2024-03-31,561082,2024-06-30,0.025803671736093742
14513,2024-06-30,549240,2024-09-30,0.008188860046194013
14513,2024-09-30,539397,2024-12-31,0.0012450930817510357
14521,2024-03-31,1725754,2024-06-30,0.003753984041739412
14521,2024-06-30,1698901,2024-09-30,0.000275883516379672
14521,2024-09-30,1758645,2024-12-31,0.0068702100143591995
14522,2024-03-31,290203,2024-06-30,0.011834768183082118
14522,2024-06-30,290226,2024-09-30,0.020154809282243193
14522,2024-09-30,298461,2024-12-31,0.015816709275527346
14523,2024-03-31,140808,2024-06-30,0.01597786788417148
14523,2024-06-30,136885,2024-09-30,0.013650953905738235
14523,2024-09-30,139689,2024-12-31,0.019096060189335247
14531,2024-03-31,8166480,2024-06-30,0.030355780625799095
14531,2024-06-30,8113408,2024-09-30,0.03091178489847478
14531,2024-09-30,8311537,2024-12-31,0.03290999463442427
14546,2024-03-31,373004,2024-06-30,0.010429360483954429
14546,2024-06-30,365112,2024-09-30,0.0273507310080981
14546,2024-09-30,360215,2024-12-31,0.028737049279397606
14556,2024-03-31,78512,2024-06-30,0.004599451804531363
14556,2024-06-30,78455,2024-09-30,0.007791545946006754
14556,2024-09-30,83531,2024-12-31,0.009297794786240621
14560,2024-03-31,91807,2024-06-30,0.0261028218322003
14560,2024-06-30,92262,2024-09-30,0.021520704413989917
14560,2024-09-30,92328,2024-12-31,0.024403681035337584
14561,2024-03-31,78356,2024-06-30,0.0031495626182705227
14561,2024-06-30,77570,2024-09-30,0.011043900517800888
14561,2024-09-30,80744,2024-12-31,0.011774126367838415
14567,2024-03-31,397806,2024-06-30,0.00813719773675813
14567,2024-06-30,401682,2024-09-30,0.008815921902302773
14567,2024-09-30,403236,2024-12-31,0.011959280908387375
14574,2024-03-31,62644,2024-06-30,0.02559349671546898
14574,2024-06-30,64032,2024-09-30,0.013939275411891975
14574,2024-09-30,68113,2024-12-31,0.04156741476904489
14578,2024-03-31,1034160,2024-06-30,0.03225720943085104
14578,2024-06-30,1089255,2024-09-30,0.022217070420959065
14578,2024-09-30,1060808,2024-12-31,0.03810728288409779
14581,2024-03-31,60005,2024-06-30,-0.0040413234867203
14581,2024-06-30,62408,2024-09-30,-0.015815380417379146
14581,2024-09-30,62682,2024-12-31,-0.011452227743009417
14584,2024-03-31,230144,2024-06-30,-0.025206863311675237
14584,2024-06-30,232346,2024-09-30,-0.001827613715883447
14584,2024-09-30,234034,2024-12-31,0.010238695021492784
14587,2024-03-31,742419,2024-06-30,0.08737404310713529
14587,2024-06-30,813033,2024-09-30,0.07789547422840318
14587,2024-09-30,816864,2024-12-31,0.009025956817090069
14597,2024-03-31,540998,2024-06-30,0.01922647605144896
14597,2024-06-30,554639,2024-09-30,0.028709016918037383
14597,2024-09-30,564971,2024-12-31,0.06504487478594112
14604,2024-03-31,168480,2024-06-30,0.0288765227202945
14604,2024-06-30,173013,2024-09-30,0.039655918064547574
14604,2024-09-30,173642,2024-12-31,0.02849919905848916
14619,2024-03-31,164204,2024-06-30,-0.00974307963429305
14619,2024-06-30,157871,2024-09-30,-0.0027871160276740216
14619,2024-09-30,166607,2024-12-31,0.0012363782684769015
14633,2024-03-31,467962,2024-06-30,0.003484539157019137
14633,2024-06-30,462741,2024-09-30,0.009233932549816644
14633,2024-09-30,456265,2024-12-31,0.016815174943180345
14636,2024-03-31,45993,2024-06-30,-0.017379834584667905
14636,2024-06-30,42255,2024-09-30,0.0030409581263693246
14636,2024-09-30,43801,2024-12-31,-0.007025385199667952
14642,2024-03-31,230916,2024-06-30,-0.0034754519186613432
14642,2024-06-30,228205,2024-09-30,0.007822628057126373
14642,2024-09-30,227684,2024-12-31,0.01257669010108659
14644,2024-03-31,533500,2024-06-30,0.004202613942248011
14644,2024-06-30,546310,2024-09-30,0.002944914879443874
14644,2024-09-30,548878,2024-12-31,0.002642313016233774
14646,2024-03-31,803843,2024-06-30,-0.007108918583095922
14646,2024-06-30,817465,2024-09-30,0.004858095094752893
14646,2024-09-30,830136,2024-12-31,0.01047444087107635
14649,2024-03-31,113581,2024-06-30,0.004432605610292019
14649,2024-06-30,113533,2024-09-30,0.004043033694159966
14649,2024-09-30,109971,2024-12-31,0.0015969423156554723
14650,2024-03-31,3364147,2024-06-30,-0.0017298020591180682
14650,2024-06-30,3235088,2024-09-30,0.01586601272952853
14650,2024-09-30,3378354,2024-12-31,0.002832337830254875
14660,2024-03-31,502843,2024-06-30,-0.008024856951784365
14660,2024-06-30,502873,2024-09-30,0.006580764343204763
14660,2024-09-30,513677,2024-12-31,0.017053603739552586
14662,2024-03-31,493780,2024-06-30,0.025114100430327913
14662,2024-06-30,486784,2024-09-30,0.018298120271247935
14662,2024-09-30,496497,2024-12-31,0.012352198726631361
14674,2024-03-31,253415,2024-06-30,0.027863732278348555
14674,2024-06-30,255514,2024-09-30,0.022623566451591977
14674,2024-09-30,249780,2024-12-31,0.019566043111182783
14679,2024-03-31,606630,2024-06-30,0.027641120497620728
14679,2024-06-30,628488,2024-09-30,0.03720801240734197
14679,2024-09-30,632193,2024-12-31,0.0450635251500512
14690,2024-03-31,242948,2024-06-30,0.006157313418093562
14690,2024-06-30,246435,2024-09-30,0.00742847158139534
14690,2024-09-30,241590,2024-12-31,0.011244827724637125
14692,2024-03-31,402313,2024-06-30,0.010006806343950287
14692,2024-06-30,401093,2024-09-30,0.01465207442068452
14692,2024-09-30,411875,2024-12-31,0.027247937519035623
14694,2024-03-31,103258,2024-06-30,-0.021404776775894696
14694,2024-06-30,104256,2024-09-30,-0.010243206878307133
14694,2024-09-30,97002,2024-12-31,0.011983427669043284
14695,2024-03-31,316369,2024-06-30,-0.00837166424429955
14695,2024-06-30,316534,2024-09-30,0.0008204849133541478
14695,2024-09-30,325703,2024-12-31,0.008034986057906464
14701,2024-03-31,109081,2024-06-30,-0.02474563736964468
14701,2024-06-30,102728,2024-09-30,-0.006718154627281508
14701,2024-09-30,99212,2024-12-31,0.029262100489892976
14705,2024-03-31,207330,2024-06-30,0.006660944266552938
14705,2024-06-30,210598,2024-09-30,0.006438171162337509
14705,2024-09-30,210227,2024-12-31,0.008865443177773054
14712,2024-03-31,1235681,2024-06-30,0.06126520770134126
14712,2024-06-30,1221870,2024-09-30,0.06207595307180582
14712,2024-09-30,1207280,2024-12-31,0.07000797452484224
14722,2024-03-31,285154,2024-06-30,0.011945613987058568
14722,2024-06-30,287117,2024-09-30,0.02051903054929572
14722,2024-09-30,297206,2024-12-31,0.02069782197907039
14730,2024-03-31,364359,2024-06-30,0.002674739879120859
14730,2024-06-30,354453,2024-09-30,0.007796728909640943
14730,2024-09-30,349032,2024-12-31,0.013375795184666757
14731,2024-03-31,110744,2024-06-30,-0.0036065800282599064
14731,2024-06-30,106314,2024-09-30,0.002998759074567972
14731,2024-09-30,110644,2024-12-31,-0.00936986513471734
14735,2024-03-31,386649,2024-06-30,0.016423048952582186
14735,2024-06-30,406618,2024-09-30,0.021157618741065302
14735,2024-09-30,406181,2024-12-31,0.03711044942443933
14744,2024-03-31,200705,2024-06-30,0.0055086997163311
14744,2024-06-30,200733,2024-09-30,0.016657877051223607
14744,2024-09-30,198197,2024-12-31,0.016867115497319108
14761,2024-03-31,242694,2024-06-30,-0.006175477114224991
14761,2024-06-30,252442,2024-09-30,0.01307899291748933
14761,2024-09-30,254473,2024-12-31,0.010011807863710236
14769,2024-03-31,647373,2024-06-30,-0.023063170779812354
14769,2024-06-30,566392,2024-09-30,0.0006830692985932522
14769,2024-09-30,577223,2024-12-31,0.03794867037658103
14772,2024-03-31,149599,2024-06-30,-0.020534719326110937
14772,2024-06-30,149054,2024-09-30,-0.010862388540260474
14772,2024-09-30,148836,2024-12-31,0.001277185771428813
14773,2024-03-31,157762,2024-06-30,0.009092066099965447
14773,2024-06-30,151496,2024-09-30,0.011644590721647223
14773,2024-09-30,159853,2024-12-31,0.007977633276440119
14779,2024-03-31,246226,2024-06-30,0.0067740887166558884
14779,2024-06-30,250703,2024-09-30,0.018589693638641706
14779,2024-09-30,242858,2024-12-31,0.018070506623633045
14785,2024-03-31,63224,2024-06-30,-0.010552312852062578
14785,2024-06-30,63457,2024-09-30,-0.02225804995268768
14785,2024-09-30,59131,2024-12-31,-0.0024725960201447826
14801,2024-03-31,458981,2024-06-30,1.2448890659989934e-05
14801,2024-06-30,457348,2024-09-30,0.0008180292132796617
14801,2024-09-30,469988,2024-12-31,0.0040072743616762175
14807,2024-03-31,200825,2024-06-30,0.02068906508357935
14807,2024-06-30,200978,2024-09-30,0.02045979443468062
14807,2024-09-30,203937,2024-12-31,0.01885661710327549
14809,2024-03-31,197961,2024-06-30,0.014435270418356483
14809,2024-06-30,199660,2024-09-30,0.013249878237639129
14809,2024-09-30,194562,2024-12-31,0.011453614958662924
14812,2024-03-31,425668,2024-06-30,0.004222535164474762
14812,2024-06-30,430111,2024-09-30,0.01428344093370346
14812,2024-09-30,422480,2024-12-31,0.008736494595768907
14820,2024-03-31,26149,2024-06-30,-0.0005398522130147151
14820,2024-06-30,23976,2024-09-30,0.04791277661691274
14820,2024-09-30,25543,2024-12-31,0.002287048589266458
14836,2024-03-31,376400,2024-06-30,0.018980352206217927
14836,2024-06-30,394169,2024-09-30,0.020925732877899453
14836,2024-09-30,399265,2024-12-31,0.010300108222903438
14843,2024-03-31,5588266,2024-06-30,0.05065784219311842
14843,2024-06-30,5420280,2024-09-30,0.07771755644329463
14843,2024-09-30,5375181,2024-12-31,0.07554811214167001
14851,2024-03-31,1050511,2024-06-30,0.0036093108280805686
14851,2024-06-30,1021715,2024-09-30,0.019153589336611824
14851,2024-09-30,1035158,2024-12-31,0.02438586358225282
14853,2024-03-31,34349,2024-06-30,0.0007996215644008819
14853,2024-06-30,32889,2024-09-30,0.011374457163635837
14853,2024-09-30,33208,2024-12-31,0.004628583053520115
14857,2024-03-31,293777,2024-06-30,0.01330365190878974
14857,2024-06-30,292046,2024-09-30,0.010491312671495667
14857,2024-09-30,295577,2024-12-31,0.01152891550487147
14863,2024-03-31,2395517,2024-06-30,0.007976878163682177
14863,2024-06-30,2462065,2024-09-30,0.07167741369943813
14863,2024-09-30,2468192,2024-12-31,0.09203590603986463
14864,2024-03-31,92036,2024-06-30,0.014943421043634567
14864,2024-06-30,94115,2024-09-30,-0.005267827039809025
14864,2024-09-30,91309,2024-12-31,-0.005292129119740401
14867,2024-03-31,383846,2024-06-30,0.012730114019001053
14867,2024-06-30,382277,2024-09-30,0.02299422529428304
14867,2024-09-30,386625,2024-12-31,0.039457739907794526
14868,2024-03-31,138177,2024-06-30,0.012038196595272674
14868,2024-06-30,135582,2024-09-30,-0.0013338881754233539
14868,2024-09-30,129379,2024-12-31,0.0017876042390882446
14883,2024-03-31,402710,2024-06-30,0.0334781129679966
14883,2024-06-30,442039,2024-09-30,0.03371981674231909
14883,2024-09-30,438157,2024-12-31,0.044323517424494425
14885,2024-03-31,753927,2024-06-30,0.00800429350294641
14885,2024-06-30,772277,2024-09-30,0.033584839945026285
14885,2024-09-30,824259,2024-12-31,-0.00035471728198029187
14894,2024-03-31,214400,2024-06-30,0.01637252229462595
14894,2024-06-30,210567,2024-09-30,0.018268108094257097
14894,2024-09-30,205327,2024-12-31,0.015414353575612725
14899,2024-03-31,992495,2024-06-30,0.010094172767340235
14899,2024-06-30,1032549,2024-09-30,0.013924122692442068
14899,2024-09-30,1021792,2024-12-31,0.008912519133912583
14904,2024-03-31,102328,2024-06-30,0.0018639045147104054
14904,2024-06-30,97778,2024-09-30,0.012961491158545998
14904,2024-09-30,97619,2024-12-31,0.0096953006935412
14907,2024-03-31,82052,2024-06-30,0.007650711057241509
14907,2024-06-30,83225,2024-09-30,0.007722683324090026
14907,2024-09-30,85745,2024-12-31,0.008482177382406924
14911,2024-03-31,270704,2024-06-30,0.011543772475883502
14911,2024-06-30,280324,2024-09-30,0.029681942431126335
14911,2024-09-30,291692,2024-12-31,0.031246064929299922
14912,2024-03-31,111536,2024-06-30,0.011815716796006806
14912,2024-06-30,109178,2024-09-30,0.013757879966861657
14912,2024-09-30,110675,2024-12-31,0.010243953443817346
14914,2024-03-31,198476,2024-06-30,0.030923039966787687
14914,2024-06-30,203727,2024-09-30,0.05995088428773691
14914,2024-09-30,218957,2024-12-31,0.07455568551806381
14920,2024-03-31,93163,2024-06-30,0.011074222027763387
14920,2024-06-30,93772,2024-09-30,0.003334035847616882
14920,2024-09-30,95838,2024-12-31,0.001026296510784714
14922,2024-03-31,295769,2024-06-30,-0.0051699247534724106
14922,2024-06-30,292350,2024-09-30,-0.00023295218401500498
14922,2024-09-30,305456,2024-12-31,0.026607652694118127
14926,2024-03-31,45750,2024-06-30,0.002484966799027999
14926,2024-06-30,43808,2024-09-30,-0.007697096291795065
14929,2024-03-31,600443,2024-06-30,0.0053565666974956004
14929,2024-06-30,672885,2024-09-30,0.013626477370868646
14929,2024-09-30,704118,2024-12-31,0.007943483302295206
14930,2024-03-31,318089,2024-06-30,0.0637276456875816
14930,2024-06-30,303939,2024-09-30,0.0267403860149421
14930,2024-09-30,336937,2024-12-31,0.03486858649759823
14952,2024-03-31,166922,2024-06-30,-0.022221768565688933
14952,2024-06-30,163077,2024-09-30,-0.014928637967913107
14952,2024-09-30,166666,2024-12-31,-0.013021422436125144
14960,2024-03-31,114914,2024-06-30,-0.03341404244577025
14960,2024-06-30,101330,2024-09-30,0.030459697125330826
14960,2024-09-30,120142,2024-12-31,0.02875612538402278
14966,2024-03-31,345708,2024-06-30,-0.008806783266208191
14966,2024-06-30,346700,2024-09-30,-0.0026496415880243227
14966,2024-09-30,342049,2024-12-31,0.005268454451930499
14969,2024-03-31,1195666,2024-06-30,0.018914597493461225
14969,2024-06-30,1272741,2024-09-30,0.022351490566949423
14969,2024-09-30,1297094,2024-12-31,0.014448481830435529
14974,2024-03-31,412404,2024-06-30,0.02456629803373918
14974,2024-06-30,421390,2024-09-30,0.013049536799618362
14974,2024-09-30,411355,2024-12-31,0.01820426464768827
14982,2024-03-31,134363,2024-06-30,-0.0184373144131236
14982,2024-06-30,120929,2024-09-30,0.01641360659923795
14982,2024-09-30,136423,2024-12-31,-0.01945839237660507
14991,2024-03-31,199108,2024-06-30,0.024877033594465303
14991,2024-06-30,201418,2024-09-30,0.025212060744088816
14991,2024-09-30,203540,2024-12-31,0.03569137057270263
14995,2024-03-31,766134,2024-06-30,0.022807695496546106
14995,2024-06-30,743897,2024-09-30,0.03614732032124504
14995,2024-09-30,733847,2024-12-31,0.05354456579039216
14999,2024-03-31,54075,2024-06-30,-0.008023970301003425
14999,2024-06-30,56303,2024-09-30,0.013719526007804274
14999,2024-09-30,57931,2024-12-31,0.027428692468845363
15010,2024-03-31,176364,2024-06-30,0.005458194351078563
15010,2024-06-30,182183,2024-09-30,0.0011816105059969737
15010,2024-09-30,185787,2024-12-31,0.007611037098306197
15019,2024-03-31,10327275,2024-06-30,0.01038958376869613
15019,2024-06-30,10509132,2024-09-30,0.015261516483520473
15019,2024-09-30,10534756,2024-12-31,0.03040058899032646
15032,2024-03-31,1031225,2024-06-30,0.003511092145946703
15032,2024-06-30,1078852,2024-09-30,0.01778292455300796
15032,2024-09-30,1149572,2024-12-31,0.016917116437356362
15035,2024-03-31,126287,2024-06-30,0.013928929913359698
15035,2024-06-30,131292,2024-09-30,0.00486122039608517
15035,2024-09-30,125577,2024-12-31,0.013244408545885114
15038,2024-03-31,159951,2024-06-30,0.011258389747695493
15038,2024-06-30,156149,2024-09-30,0.012860023487529909
15038,2024-09-30,163524,2024-12-31,0.006708530974603373
15046,2024-03-31,314851,2024-06-30,0.01636020728855132
15046,2024-06-30,312134,2024-09-30,0.03763337279820272
15046,2024-09-30,324277,2024-12-31,0.03753992884007765
15050,2024-03-31,253214,2024-06-30,-0.014427364145307573
15050,2024-06-30,259152,2024-09-30,-0.0070731987893953695
15050,2024-09-30,274572,2024-12-31,-0.008992085032304975
15059,2024-03-31,396513,2024-06-30,-0.01668800086984961
15059,2024-06-30,406083,2024-09-30,-0.006178299554651886
15059,2024-09-30,400159,2024-12-31,-0.006177865713322727
15078,2024-03-31,80664,2024-06-30,0.008054937533889216
15078,2024-06-30,81725,2024-09-30,0.007396293191504774
15078,2024-09-30,80766,2024-12-31,0.014267935011563121
15085,2024-03-31,689691,2024-06-30,0.015122471382642602
15085,2024-06-30,664104,2024-09-30,0.0115355587879251
15085,2024-09-30,684468,2024-12-31,0.014500215933261836
15091,2024-03-31,2446860,2024-06-30,0.04852439593935249
15091,2024-06-30,2452443,2024-09-30,0.051125679225234706
15091,2024-09-30,2487525,2024-12-31,0.035032289907222465
15092,2024-03-31,93676,2024-06-30,-0.0017282651863619561
15092,2024-06-30,92710,2024-09-30,0.005235420968125337
15092,2024-09-30,90797,2024-12-31,-0.0036750553872042695
15098,2024-03-31,33085,2024-06-30,0.003410690105620451
15098,2024-06-30,33212,2024-09-30,0.0008652871274302002
15098,2024-09-30,33986,2024-12-31,-0.0047594482382312935
15101,2024-03-31,85722,2024-06-30,0.01700391341859545
15101,2024-06-30,80447,2024-09-30,0.01911369611689455
15101,2024-09-30,78266,2024-12-31,0.07251650345784644
15104,2024-03-31,257612,2024-06-30,-0.010351999675384357
15104,2024-06-30,253337,2024-09-30,-0.013365842342801576
15104,2024-09-30,253016,2024-12-31,0.004502745661042723
15105,2024-03-31,73749,2024-06-30,0.0025600181464654746
15105,2024-06-30,68478,2024-09-30,0.014238641337363005
15105,2024-09-30,66649,2024-12-31,0.02186256366615788
15111,2024-03-31,282924,2024-06-30,-0.0004260980040391857
15111,2024-06-30,276642,2024-09-30,0.0021957587317609204
15111,2024-09-30,277596,2024-12-31,0.010545732995313048
15113,2024-03-31,116760,2024-06-30,0.01300753068856163
15113,2024-06-30,120869,2024-09-30,0.016573935771038755
15113,2024-09-30,122742,2024-12-31,0.010563309850558679
15118,2024-03-31,1176813,2024-06-30,0.09228175381194613
15118,2024-06-30,1199764,2024-09-30,0.10925186395302111
15118,2024-09-30,1189972,2024-12-31,0.08301284541859749
15136,2024-03-31,848472,2024-06-30,0.02353890796896816
15136,2024-06-30,831841,2024-09-30,0.02558531043712277
15136,2024-09-30,841331,2024-12-31,0.03339953741651872
15146,2024-03-31,121751,2024-06-30,0.020278422118203458
15146,2024-06-30,124485,2024-09-30,0.02434885988079979
15146,2024-09-30,130523,2024-12-31,0.024802244884625874
15152,2024-03-31,80217,2024-06-30,0.0042684110241197155
15152,2024-06-30,80376,2024-09-30,-0.003547200364131122
15152,2024-09-30,80388,2024-12-31,-0.0037168499351814543
15164,2024-03-31,197849,2024-06-30,-0.009465258264981829
15164,2024-06-30,198869,2024-09-30,-0.008086049377331699
15164,2024-09-30,191381,2024-12-31,0.004972534776010217
15165,2024-03-31,152779,2024-06-30,-0.002889426175867553
15165,2024-06-30,151887,2024-09-30,0.011433508462040819
15165,2024-09-30,155612,2024-12-31,0.00965171977969961
15194,2024-03-31,274940,2024-06-30,-0.0013723149037014222
15194,2024-06-30,270219,2024-09-30,-0.006450236175719116
15194,2024-09-30,268834,2024-12-31,0.009182679561960373
15200,2024-03-31,606821,2024-06-30,0.017941623306309527
15200,2024-06-30,621235,2024-09-30,0.02779497413386364
15200,2024-09-30,606542,2024-12-31,0.031965406084868676
15205,2024-03-31,379108,2024-06-30,0.05563939935668948
15205,2024-06-30,387352,2024-09-30,0.1017892226527692
15205,2024-09-30,373377,2024-12-31,0.13002783138154497
15206,2024-03-31,632331,2024-06-30,0.010374031865988786
15206,2024-06-30,625442,2024-09-30,0.008641590161034798
15206,2024-09-30,608904,2024-12-31,0.010164218080566357
15214,2024-03-31,75543,2024-06-30,-0.0030681707487310935
15214,2024-06-30,73609,2024-09-30,-0.0025370029937893616
15214,2024-09-30,72188,2024-12-31,-0.0014116155881905615
15216,2024-03-31,143011,2024-06-30,0.0016867284090547863
15216,2024-06-30,142876,2024-09-30,-0.0004019132199977506
15216,2024-09-30,142836,2024-12-31,0.005229348945966494
15228,2024-03-31,128572,2024-06-30,0.008474513023853141
15228,2024-06-30,130362,2024-09-30,0.02005390519829438
15228,2024-09-30,141355,2024-12-31,0.0033922724889052644
15229,2024-03-31,2758688,2024-06-30,0.0006518083792499995
15229,2024-06-30,2887035,2024-09-30,0.003741995532264119
15229,2024-09-30,2976859,2024-12-31,0.0035706645567368874
15237,2024-03-31,79589,2024-06-30,-0.01541757119365754
15237,2024-06-30,79903,2024-09-30,-0.019759886642638752
15237,2024-09-30,76180,2024-12-31,0.004114988288727858
15242,2024-03-31,283753,2024-06-30,-0.0035801995259145147
15242,2024-06-30,275539,2024-09-30,-0.0051204433656056895
15242,2024-09-30,275692,2024-12-31,0.008973996361171783
15243,2024-03-31,544413,2024-06-30,-0.013820738203620914
15243,2024-06-30,540182,2024-09-30,-0.005574984526734154
15243,2024-09-30,571178,2024-12-31,-0.02145982257648222
15249,2024-03-31,182647,2024-06-30,0.033732960297949754
15249,2024-06-30,186976,2024-09-30,0.032499588907093174
15249,2024-09-30,185399,2024-12-31,0.02637100462751638
15254,2024-03-31,59697,2024-06-30,0.031004611251330298
15254,2024-06-30,62849,2024-09-30,0.03866718593750779
15254,2024-09-30,63833,2024-12-31,0.05068326995877919
15255,2024-03-31,114551,2024-06-30,0.02566060973174375
15255,2024-06-30,119231,2024-09-30,0.028105205031465876
15255,2024-09-30,122910,2024-12-31,0.030954691253290176
15258,2024-03-31,63215,2024-06-30,-0.020210585582485775
15258,2024-06-30,65681,2024-09-30,-0.011499913267587729
15258,2024-09-30,60946,2024-12-31,0.00715378793586012
15259,2024-03-31,99893,2024-06-30,0.006194380830757467
15259,2024-06-30,94286,2024-09-30,0.036069249800257504
15259,2024-09-30,100670,2024-12-31,-0.0016745463038321925
15261,2024-03-31,121401,2024-06-30,0.007468745440439423
15261,2024-06-30,108376,2024-09-30,0.05553976976389065
15261,2024-09-30,112101,2024-12-31,0.03638107025666587
15264,2024-03-31,548299,2024-06-30,0.03901937115755552
15264,2024-06-30,542782,2024-09-30,0.02727414660519606
15264,2024-09-30,548848,2024-12-31,0.04635651654460444
15270,2024-03-31,325478,2024-06-30,0.07022759156233159
15270,2024-06-30,341400,2024-09-30,0.07460702017507499
15270,2024-09-30,367188,2024-12-31,0.06359730319486122
15271,2024-03-31,469379,2024-06-30,0.048858014214358834
15271,2024-06-30,454607,2024-09-30,0.06848620422290531
15271,2024-09-30,450347,2024-12-31,0.08064026302789509
15272,2024-03-31,563042,2024-06-30,0.05045488009462675
15272,2024-06-30,550637,2024-09-30,0.061919012718637284
15272,2024-09-30,560217,2024-12-31,0.07146683414818746
15282,2024-03-31,224304,2024-06-30,0.017683378059191356
15282,2024-06-30,227543,2024-09-30,0.03663231984194575
15282,2024-09-30,239777,2024-12-31,0.038247954459818864
15286,2024-03-31,418762,2024-06-30,-0.00018228464828445528
15286,2024-06-30,395255,2024-09-30,0.01798569027727107
15286,2024-09-30,389840,2024-12-31,0.02290001519349214
15305,2024-03-31,363034,2024-06-30,0.00856907323947537
15305,2024-06-30,370407,2024-09-30,0.00963866318510017
15305,2024-09-30,365936,2024-12-31,0.009396868901982144
15306,2024-03-31,283437,2024-06-30,-0.004709995657943828
15306,2024-06-30,273372,2024-09-30,-0.005349820701587923
15306,2024-09-30,267835,2024-12-31,-0.01979091884064612
15310,2024-03-31,2250181,2024-06-30,0.027281917430665523
15310,2024-06-30,2225754,2024-09-30,0.0321626700559027
15310,2024-09-30,2260300,2024-12-31,0.030834684454606187
15311,2024-03-31,139276,2024-06-30,-0.011219826643307125
15311,2024-06-30,141405,2024-09-30,-0.006491291284567735
15311,2024-09-30,143283,2024-12-31,-0.0019153098015756377
15321,2024-03-31,497486,2024-06-30,-0.004047536151306249
15321,2024-06-30,481730,2024-09-30,0.011024929614608853
15321,2024-09-30,499964,2024-12-31,0.017292201914368727
15323,2024-03-31,365953,2024-06-30,0.004596381083243099
15323,2024-06-30,398345,2024-09-30,-0.025130353114007357
15323,2024-09-30,371295,2024-12-31,-0.004525722892636227
15324,2024-03-31,746049,2024-06-30,0.04247984609203659
15324,2024-06-30,1035668,2024-09-30,0.12240413484137175
15324,2024-09-30,1046806,2024-12-31,0.0719991564092896
15326,2024-03-31,44151,2024-06-30,0.005934909637205768
15326,2024-06-30,43271,2024-09-30,0.009141200200584924
15326,2024-09-30,42791,2024-12-31,0.003712300050049571
15334,2024-03-31,360657,2024-06-30,0.008990668860929613
15334,2024-06-30,373004,2024-09-30,0.00026166801344073014
15334,2024-09-30,369946,2024-12-31,0.006325923981506662
15336,2024-03-31,251468,2024-06-30,0.012742402852187017
15336,2024-06-30,241237,2024-09-30,0.0015265715324657536
15336,2024-09-30,231449,2024-12-31,0.0004405461128439043
15345,2024-03-31,572571,2024-06-30,0.0029900463625258263
15345,2024-06-30,556789,2024-09-30,0.007397915192938957
15345,2024-09-30,548391,2024-12-31,0.005105408297595195
15346,2024-03-31,48001,2024-06-30,-0.0064741564250731755
15346,2024-06-30,48725,2024-09-30,0.0022060666101643023
15346,2024-09-30,50217,2024-12-31,0.011309384195542465
15347,2024-03-31,128872,2024-06-30,-0.012461649138064418
15347,2024-06-30,127543,2024-09-30,0.008312785827770926
15347,2024-09-30,129658,2024-12-31,0.02213784023239864
15348,2024-03-31,46303,2024-06-30,0.012858190234463782
15348,2024-06-30,45783,2024-09-30,0.01603580675363664
15348,2024-09-30,49578,2024-12-31,0.009975946364444304
15355,2024-03-31,120402,2024-06-30,-0.01331276659605323
15355,2024-06-30,125432,2024-09-30,0.005074998896053911
15355,2024-09-30,121324,2024-12-31,0.0036216630050230087
15359,2024-03-31,4152523,2024-06-30,0.019223174350867168
15359,2024-06-30,4186281,2024-09-30,0.03520158007552072
15359,2024-09-30,4384994,2024-12-31,0.026362966558795654
15362,2024-03-31,62714,2024-06-30,0.011809878412613653
15362,2024-06-30,62569,2024-09-30,0.006969022149160575
15362,2024-09-30,67113,2024-12-31,0.00023351375214780083
15364,2024-03-31,52612,2024-06-30,-0.004262026022471516
15364,2024-06-30,52036,2024-09-30,0.004979647428890128
15364,2024-09-30,52717,2024-12-31,-0.007022129667016499
15367,2024-03-31,160526,2024-06-30,-0.02142173255076308
15367,2024-06-30,165286,2024-09-30,0.015202249688162027
15367,2024-09-30,162130,2024-12-31,0.007137927412925854
15399,2024-03-31,3289591,2024-06-30,0.006981738044519217
15399,2024-06-30,3264357,2024-09-30,0.0025007338038145195
15399,2024-09-30,3368614,2024-12-31,0.023259659882185785
15405,2024-03-31,183326,2024-06-30,-0.021382952917746285
15405,2024-06-30,174829,2024-09-30,-0.005453356331346997
15405,2024-09-30,188155,2024-12-31,-0.023513257987573664
15415,2024-03-31,118463,2024-06-30,-0.009341279351973878
15415,2024-06-30,121901,2024-09-30,-0.012524035343682403
15415,2024-09-30,119466,2024-12-31,0.016279887992635668
15423,2024-03-31,662304,2024-06-30,0.00994022113516264
15423,2024-06-30,689007,2024-09-30,0.013345093975387442
15423,2024-09-30,714746,2024-12-31,0.02197353884166563
15427,2024-03-31,167143,2024-06-30,0.0311184189646706
15427,2024-06-30,171218,2024-09-30,0.020159645971063747
15427,2024-09-30,168234,2024-12-31,0.03375206795533862
15442,2024-03-31,43092,2024-06-30,-0.03937785931256911
15442,2024-06-30,40512,2024-09-30,-0.010179294766145387
15442,2024-09-30,36799,2024-12-31,0.026172228248430275
15443,2024-03-31,437533,2024-06-30,-0.009761138288378624
15443,2024-06-30,438846,2024-09-30,0.019298779503639465
15443,2024-09-30,446638,2024-12-31,0.03495078241865509
15444,2024-03-31,559060,2024-06-30,0.0002027223570063638
15444,2024-06-30,540375,2024-09-30,0.006912431696608603
15444,2024-09-30,546207,2024-12-31,0.004777021417414247
15460,2024-03-31,80602,2024-06-30,0.030883447673068977
15460,2024-06-30,82730,2024-09-30,0.017760688697981912
15460,2024-09-30,91485,2024-12-31,0.04701286321636839
15463,2024-03-31,393798,2024-06-30,0.017658022774723985
15463,2024-06-30,387396,2024-09-30,0.021369084906507206
15463,2024-09-30,387917,2024-12-31,0.03220970540763992
15465,2024-03-31,787320,2024-06-30,0.004605590427871899
15465,2024-06-30,769166,2024-09-30,0.01587206334768781
15465,2024-09-30,746055,2024-12-31,0.01986987884126487
15469,2024-03-31,40764,2024-06-30,0.009637438092742073
15469,2024-06-30,38156,2024-09-30,0.01637676583406354
15469,2024-09-30,38634,2024-12-31,0.005593370207033675
15471,2024-03-31,62020,2024-06-30,-0.002569382646803545
15471,2024-06-30,63130,2024-09-30,-0.014557212715976925
15471,2024-09-30,67972,2024-12-31,-0.029258982599172506
15472,2024-03-31,580255,2024-06-30,0.0149073604702271
15472,2024-06-30,562639,2024-09-30,0.002200782439660426
15472,2024-09-30,606313,2024-12-31,0.033860631294136904
15477,2024-03-31,395824,2024-06-30,0.006352825362103269
15477,2024-06-30,386201,2024-09-30,0.02220374177497346
15477,2024-09-30,387563,2024-12-31,0.02460032219186715
15478,2024-03-31,571353,2024-06-30,0.019508889624769057
15478,2024-06-30,554411,2024-09-30,0.03187299729526335
15478,2024-09-30,573315,2024-12-31,0.026180438039298582
15480,2024-03-31,186249,2024-06-30,0.032565583073425046
15480,2024-06-30,189453,2024-09-30,0.02532864973097584
15480,2024-09-30,192252,2024-12-31,0.01797307871115889
15489,2024-03-31,606971,2024-06-30,0.028807767119520575
15489,2024-06-30,615255,2024-09-30,0.0360235009706244
15489,2024-09-30,604884,2024-12-31,0.04447072959895143
15496,2024-03-31,497164,2024-06-30,0.003848934709393316
15496,2024-06-30,500379,2024-09-30,-0.0010930952473265096
15496,2024-09-30,519635,2024-12-31,-0.013912665979731963
15501,2024-03-31,102012,2024-06-30,0.004308182193168832
15501,2024-06-30,99235,2024-09-30,0.006480251491678854
15501,2024-09-30,94444,2024-12-31,-0.00903265147130355
15510,2024-03-31,370554,2024-06-30,0.032474165447139706
15510,2024-06-30,398749,2024-09-30,0.03523467036804353
15510,2024-09-30,376923,2024-12-31,0.020724271708610343
15511,2024-03-31,1582168,2024-06-30,0.0067754993126420415
15511,2024-06-30,1529927,2024-09-30,-0.005030627747083749
15511,2024-09-30,1551108,2024-12-31,-9.2469915436984e-06
15519,2024-03-31,211231,2024-06-30,0.023361221434691517
15519,2024-06-30,206349,2024-09-30,0.0247346096114269
15519,2024-09-30,215918,2024-12-31,0.018735487965035387
15523,2024-03-31,175894,2024-06-30,-0.0070608554686883785
15523,2024-06-30,175800,2024-09-30,0.00793577227099358
15523,2024-09-30,175775,2024-12-31,0.01581604408781995
15532,2024-03-31,84957,2024-06-30,0.0017101655917299815
15532,2024-06-30,81357,2024-09-30,-0.016928387129874236
15532,2024-09-30,84557,2024-12-31,0.008418356990942632
15539,2024-03-31,306389,2024-06-30,0.014433541564633376
15539,2024-06-30,311848,2024-09-30,0.01398550093522914
15539,2024-09-30,324015,2024-12-31,0.010092920991900234
15545,2024-03-31,1030545,2024-06-30,0.029347201496701048
15545,2024-06-30,1034001,2024-09-30,0.019294732899403123
15545,2024-09-30,1029395,2024-12-31,0.016922096121109904
15546,2024-03-31,132998,2024-06-30,-0.006937984880789083
15546,2024-06-30,124758,2024-09-30,-0.006601661219413885
15546,2024-09-30,125807,2024-12-31,0.0024748354836472636
15547,2024-03-31,75645,2024-06-30,0.0003233347831740869
15547,2024-06-30,69964,2024-09-30,-0.005260069582572475
15547,2024-09-30,68895,2024-12-31,-0.00463835944627383
15555,2024-03-31,1812590,2024-06-30,0.04937267629354636
15555,2024-06-30,1804446,2024-09-30,0.050778570712645923
15555,2024-09-30,1823966,2024-12-31,0.053189086832201304
15562,2024-03-31,849223,2024-06-30,0.019440872598856927
15562,2024-06-30,821400,2024-09-30,0.004845272477604056
15562,2024-09-30,816562,2024-12-31,0.012603058535909251
15565,2024-03-31,883538,2024-06-30,-0.03130189300947741
15565,2024-06-30,889302,2024-09-30,-0.023126357324027222
15565,2024-09-30,936331,2024-12-31,-0.01283344222842786
15566,2024-03-31,296191,2024-06-30,0.01689999049423484
15566,2024-06-30,306121,2024-09-30,0.01847928827542826
15566,2024-09-30,304308,2024-12-31,0.02563523562312218
15572,2024-03-31,1265864,2024-06-30,0.03217670925212318
15572,2024-06-30,1260243,2024-09-30,0.021454546687806192
15572,2024-09-30,1253203,2024-12-31,0.019584949165115172
15578,2024-03-31,76794,2024-06-30,0.009999854466306584
15578,2024-06-30,74820,2024-09-30,-0.005441311664911771
15578,2024-09-30,76290,2024-12-31,-0.0007025855801643563
15580,2024-03-31,186117,2024-06-30,0.034678433837668894
15580,2024-06-30,193351,2024-09-30,0.012517142344307808
15580,2024-09-30,194008,2024-12-31,0.0393692201696763
15584,2024-03-31,831394,2024-06-30,0.0036729388090203322
15584,2024-06-30,843009,2024-09-30,0.018024301338365446
15584,2024-09-30,856996,2024-12-31,0.012506391783905352
15585,2024-03-31,133259,2024-06-30,0.01738892774627017
15585,2024-06-30,132021,2024-09-30,0.008699739934912873
15585,2024-09-30,131163,2024-12-31,0.009783405176874045
15590,2024-03-31,197187,2024-06-30,0.010145852934063797
15590,2024-06-30,205926,2024-09-30,0.010361829050840522
15590,2024-09-30,205679,2024-12-31,0.011453626439933634
15593,2024-03-31,56906,2024-06-30,0.013504500770883185
15593,2024-06-30,56991,2024-09-30,0.008596589112917033
15593,2024-09-30,53660,2024-12-31,0.0022605490435328077
15597,2024-03-31,61722,2024-06-30,-0.00032630591343805554
15597,2024-06-30,59703,2024-09-30,-0.0028792840186308943
15597,2024-09-30,58550,2024-12-31,-0.00525427641540604
15598,2024-03-31,163835,2024-06-30,-0.0012222806103354812
15598,2024-06-30,157865,2024-09-30,0.007019983402520505
15598,2024-09-30,164935,2024-12-31,-0.015231363877553972
15606,2024-03-31,99175,2024-06-30,0.0007816521114680869
15606,2024-06-30,97235,2024-09-30,-0.0008568244319706323
15606,2024-09-30,95664,2024-12-31,-0.0019635115615162825
15610,2024-03-31,204019,2024-06-30,0.004178123389311904
15610,2024-06-30,209556,2024-09-30,-0.0037007248154148596
15610,2024-09-30,211669,2024-12-31,-0.0036504388203785587
15614,2024-03-31,3070735,2024-06-30,0.0024769098246131
15614,2024-06-30,3186276,2024-09-30,0.0009177879266325214
15614,2024-09-30,3283888,2024-12-31,0.013786922701067617
15621,2024-03-31,74320,2024-06-30,-0.010094243501795826
15621,2024-06-30,72673,2024-09-30,0.008059763814497155
15621,2024-09-30,77863,2024-12-31,0.022940055078397564
15629,2024-03-31,181392,2024-06-30,-0.0020779124484112304
15629,2024-06-30,187072,2024-09-30,-0.0021482253469897314
15629,2024-09-30,188252,2024-12-31,0.006738986632865732
15632,2024-03-31,713546,2024-06-30,0.001303931976128563
15632,2024-06-30,728883,2024-09-30,0.00559557300415721
15632,2024-09-30,703780,2024-12-31,0.014808424437357241
15651,2024-03-31,179614,2024-06-30,0.02045256956710875
15651,2024-06-30,172870,2024-09-30,0.01690591436534596
15651,2024-09-30,175472,2024-12-31,0.003173733562161879
15657,2024-03-31,842432,2024-06-30,0.028962088396474833
15657,2024-06-30,797799,2024-09-30,0.03561268092930429
15657,2024-09-30,831813,2024-12-31,0.04822687605216539
15663,2024-03-31,793964,2024-06-30,0.0026200002109251995
15663,2024-06-30,773497,2024-09-30,0.0019632819403283598
15663,2024-09-30,782995,2024-12-31,0.0026090903101580834
15664,2024-03-31,177899,2024-06-30,-0.003893994793400328
15664,2024-06-30,188149,2024-09-30,0.01733228072548447
15664,2024-09-30,183523,2024-12-31,0.010314339251230585
15669,2024-03-31,368130,2024-06-30,5.9387211072599685e-05
15669,2024-06-30,362020,2024-09-30,0.005243600881605346
15669,2024-09-30,366459,2024-12-31,0.010988814078094714
15671,2024-03-31,343688,2024-06-30,0.008385718255935542
15671,2024-06-30,345245,2024-09-30,0.010682294724759792
15671,2024-09-30,350850,2024-12-31,0.01934600863036152
15673,2024-03-31,240854,2024-06-30,0.005867558169522124
15673,2024-06-30,233915,2024-09-30,-0.0015706409026293396
15675,2024-03-31,292863,2024-06-30,0.018302773830527
15675,2024-06-30,288576,2024-09-30,0.009211838909297835
15675,2024-09-30,285165,2024-12-31,0.005480673203459152
15687,2024-03-31,251239,2024-06-30,0.04802927101380981
15687,2024-06-30,254019,2024-09-30,0.033746057964999264
15687,2024-09-30,272184,2024-12-31,0.048555841071904596
15690,2024-03-31,518342,2024-06-30,0.00041921466633811967
15690,2024-06-30,524852,2024-09-30,0.002292533428949579
15690,2024-09-30,515906,2024-12-31,0.021426490570682917
15699,2024-03-31,421236,2024-06-30,-0.04997996272167183
15699,2024-06-30,433002,2024-09-30,0.02615685111345199
15699,2024-09-30,435009,2024-12-31,0.024000278931153866
15701,2024-03-31,178107,2024-06-30,0.0073094118106181395
15701,2024-06-30,179386,2024-09-30,0.00660646800070291
15701,2024-09-30,186413,2024-12-31,0.013986553713869658
15703,2024-03-31,352069,2024-06-30,0.012275230601833298
15703,2024-06-30,351031,2024-09-30,0.011492674913547817
15703,2024-09-30,342087,2024-12-31,0.005174041171684909
15708,2024-03-31,276319,2024-06-30,0.03435209478448126
15708,2024-06-30,290729,2024-09-30,0.03297697732944922
15708,2024-09-30,294797,2024-12-31,0.03751611954342783
15728,2024-03-31,1155285,2024-06-30,-0.001945192682220996
15728,2024-06-30,1122953,2024-09-30,-0.009396551960281923
15728,2024-09-30,1109979,2024-12-31,-0.0004341786211836183
15729,2024-03-31,357010,2024-06-30,0.019288191533574174
15729,2024-06-30,358126,2024-09-30,0.01375015538043917
15729,2024-09-30,354819,2024-12-31,0.007185478564170321
15731,2024-03-31,114298,2024-06-30,0.033309206486154604
15731,2024-06-30,114819,2024-09-30,0.027393046694256122
15731,2024-09-30,117300,2024-12-31,0.04017476458798871
15734,2024-03-31,441127,2024-06-30,0.07703761050541286
15734,2024-06-30,460293,2024-09-30,0.06604370422983091
15734,2024-09-30,457992,2024-12-31,0.04105189824369931
15741,2024-03-31,111240,2024-06-30,-0.036597855329378114
15741,2024-06-30,102472,2024-09-30,-0.004756958201500181
15741,2024-09-30,100502,2024-12-31,0.020863605738231615
15749,2024-03-31,48705,2024-06-30,0.013675056085132599
15749,2024-06-30,49985,2024-09-30,0.0170948760891617
15749,2024-09-30,47800,2024-12-31,-0.007770400407589635
15751,2024-03-31,35837,2024-06-30,-0.028230646185558386
15751,2024-06-30,55939,2024-09-30,-0.1478266233054081
15751,2024-09-30,68944,2024-12-31,-0.11349931680695421
15752,2024-03-31,1285870,2024-06-30,0.014693288803178767
15752,2024-06-30,1268936,2024-09-30,0.008188860525932201
15752,2024-09-30,1258138,2024-12-31,0.00858413637931845
15760,2024-03-31,279203,2024-06-30,-0.011505743350840113
15760,2024-06-30,276002,2024-09-30,-0.011319887547880964
15760,2024-09-30,282485,2024-12-31,-0.011546289503731096
15762,2024-03-31,32206,2024-06-30,-0.031108212145814888
15762,2024-06-30,30062,2024-09-30,0.010182213520922473
15762,2024-09-30,30191,2024-12-31,0.008754570722605819
15763,2024-03-31,158364,2024-06-30,-0.0019749921656042097
15763,2024-06-30,160417,2024-09-30,0.007177089543199576
15763,2024-09-30,162271,2024-12-31,0.014153091011448122
15767,2024-03-31,39673,2024-06-30,0.0058175592651313135
15767,2024-06-30,36789,2024-09-30,0.02314975881085951
15767,2024-09-30,36314,2024-12-31,0.025164537255369348
15771,2024-03-31,541774,2024-06-30,0.001863380734949854
15771,2024-06-30,538306,2024-09-30,0.007978427738647782
15771,2024-09-30,535387,2024-12-31,0.012533100593982438
15772,2024-03-31,203754,2024-06-30,0.012924831172564715
15772,2024-06-30,207237,2024-09-30,0.0035078417957269486
15772,2024-09-30,206115,2024-12-31,0.007141038341165498
15778,2024-03-31,48674,2024-06-30,-0.005894585595929191
15778,2024-06-30,48004,2024-09-30,-0.011553498140087357
15778,2024-09-30,46789,2024-12-31,-0.005567952204506274
15779,2024-03-31,743050,2024-06-30,0.03638409481921538
15779,2024-06-30,766783,2024-09-30,0.04535685626121576
15779,2024-09-30,764097,2024-12-31,0.013580752927656911
15784,2024-03-31,74007,2024-06-30,0.012358164142463287
15784,2024-06-30,75644,2024-09-30,0.00736825307311087
15784,2024-09-30,74737,2024-12-31,0.007149049608588664
15792,2024-03-31,62018,2024-06-30,0.015929019971108314
15792,2024-06-30,62720,2024-09-30,0.02125476648899631
15792,2024-09-30,61285,2024-12-31,0.004165960312542701
15797,2024-03-31,5062311,2024-06-30,0.0331735061678655
15797,2024-06-30,5191787,2024-09-30,0.025230433925610814
15797,2024-09-30,5244756,2024-12-31,0.02155697939568315
15799,2024-03-31,437495,2024-06-30,0.016841463159082158
15799,2024-06-30,451172,2024-09-30,0.004907977543769737
15799,2024-09-30,468548,2024-12-31,0.02423501391947834
15801,2024-03-31,447428,2024-06-30,-0.010833194877149845
15801,2024-06-30,435945,2024-09-30,-0.010808199670507933
15801,2024-09-30,424163,2024-12-31,-0.00419947208984909
15808,2024-03-31,358984,2024-06-30,-0.006002764040098213
15808,2024-06-30,364955,2024-09-30,-0.0037503145747389663
15808,2024-09-30,358675,2024-12-31,0.0021410385117478243
15809,2024-03-31,1647434,2024-06-30,0.010892846644121436
15809,2024-06-30,1682360,2024-09-30,0.03177736847166727
15809,2024-09-30,1661186,2024-12-31,0.02779309234018277
15815,2024-03-31,2751861,2024-06-30,0.024454029347951507
15815,2024-06-30,2753545,2024-09-30,0.011997984048731036
15815,2024-09-30,2787778,2024-12-31,0.021625280627317698
15817,2024-03-31,45577,2024-06-30,-0.000783548997544192
15817,2024-06-30,49774,2024-09-30,0.044866887344350265
15817,2024-09-30,55068,2024-12-31,0.04709047012554254
15820,2024-03-31,105955,2024-06-30,0.06957180932665132
15820,2024-06-30,105808,2024-09-30,0.07631265545268434
15820,2024-09-30,104537,2024-12-31,0.07511555395910582
15826,2024-03-31,154118,2024-06-30,0.0002640518458924121
15826,2024-06-30,156667,2024-09-30,-0.0011999452530765558
15826,2024-09-30,162067,2024-12-31,-0.0008716548130972382
15830,2024-03-31,211948,2024-06-30,-0.0006149112762868617
15830,2024-06-30,206115,2024-09-30,0.003339908306187644
15839,2024-03-31,83993,2024-06-30,0.007263524511659522
15839,2024-06-30,88849,2024-09-30,-0.02624942178480592
15839,2024-09-30,95462,2024-12-31,-0.039928112217446424
15847,2024-03-31,56096,2024-06-30,-0.023727110582887425
15847,2024-06-30,58043,2024-09-30,-0.029403890821827684
15847,2024-09-30,57097,2024-12-31,-0.02597693339578283
15853,2024-03-31,22465,2024-06-30,0.01891304769563146
15853,2024-06-30,21151,2024-09-30,0.016480942188692844
15853,2024-09-30,20429,2024-12-31,0.012269785614748013
15871,2024-03-31,455683,2024-06-30,0.005422725491352492
15871,2024-06-30,459505,2024-09-30,0.011533575577670548
15871,2024-09-30,469458,2024-12-31,0.012135758858558427
15873,2024-03-31,134522,2024-06-30,0.004766840263833123
15873,2024-06-30,136456,2024-09-30,0.011800862939172404
15873,2024-09-30,142257,2024-12-31,0.013595840160407496
15883,2024-03-31,447776,2024-06-30,0.0013029485007208803
15883,2024-06-30,458695,2024-09-30,0.018770299138564445
15883,2024-09-30,446425,2024-12-31,0.021007551603861432
15898,2024-03-31,648895,2024-06-30,-0.04489207518771744
15898,2024-06-30,610228,2024-09-30,0.008233023991297623
15898,2024-09-30,597434,2024-12-31,0.05721595684526988
15899,2024-03-31,188618,2024-06-30,-0.0032353676092556406
15899,2024-06-30,163559,2024-09-30,0.013629941114335539
15899,2024-09-30,158918,2024-12-31,0.016915869672496572
15904,2024-03-31,76110,2024-06-30,0.01750350616412454
15904,2024-06-30,76437,2024-09-30,0.022948716829616883
15904,2024-09-30,76627,2024-12-31,0.010086323515910387
15907,2024-03-31,106597,2024-06-30,0.007482919348345594
15907,2024-06-30,106735,2024-09-30,0.002718412148432745
15908,2024-03-31,153334,2024-06-30,0.029021051901916946
15908,2024-06-30,154564,2024-09-30,0.03953877217389134
15908,2024-09-30,153091,2024-12-31,0.0434062740648475
15912,2024-03-31,1140431,2024-06-30,0.017310198773634673
15912,2024-06-30,1148954,2024-09-30,0.014376351405069892
15912,2024-09-30,1196036,2024-12-31,0.017536249903194495
15913,2024-03-31,165757,2024-06-30,0.013481544693253845
15913,2024-06-30,180855,2024-09-30,0.024295113820383244
15913,2024-09-30,175323,2024-12-31,0.019569003933212332
15928,2024-03-31,121446,2024-06-30,0.012835004581399361
15928,2024-06-30,118626,2024-09-30,0.023996619329743344
15928,2024-09-30,129398,2024-12-31,0.0187344899476477
15930,2024-03-31,21991,2024-06-30,0.019811459963175945
15930,2024-06-30,23088,2024-09-30,-0.010432442199009314
15930,2024-09-30,22846,2024-12-31,0.0018758493102599772
15932,2024-03-31,872528,2024-06-30,0.025844436041555216
15932,2024-06-30,900708,2024-09-30,0.026656342880232758
15932,2024-09-30,904525,2024-12-31,0.03950422005800484
15939,2024-03-31,127139,2024-06-30,-0.00856311693431378
15939,2024-06-30,122730,2024-09-30,0.005503350448574863
15939,2024-09-30,124213,2024-12-31,0.012663627122779905
15945,2024-03-31,284881,2024-06-30,0.012098457168941108
15945,2024-06-30,278247,2024-09-30,0.023972020144823795
15945,2024-09-30,285002,2024-12-31,0.018571244980115496
15947,2024-03-31,321403,2024-06-30,0.0068548837463866
15947,2024-06-30,318456,2024-09-30,0.013050840463835717
15947,2024-09-30,322881,2024-12-31,0.04274255231446448
15953,2024-03-31,2113603,2024-06-30,0.028737051948271947
15953,2024-06-30,2059640,2024-09-30,0.030099868048861063
15953,2024-09-30,2264016,2024-12-31,0.03292636660262946
15966,2024-03-31,293742,2024-06-30,-0.009842895917752318
15966,2024-06-30,294297,2024-09-30,0.006421133228630523
15966,2024-09-30,286541,2024-12-31,-9.563938666364099e-05
15969,2024-03-31,461857,2024-06-30,0.022226672248046263
15969,2024-06-30,438451,2024-09-30,0.01823028201993806
15969,2024-09-30,439989,2024-12-31,0.00943209746562636
15970,2024-03-31,1101208,2024-06-30,0.005227677468346861
15970,2024-06-30,1131985,2024-09-30,0.018761290520267582
15970,2024-09-30,1155237,2024-12-31,0.014940042104152373
15987,2024-03-31,769225,2024-06-30,0.01608771503595424
15987,2024-06-30,796939,2024-09-30,0.022497589819455932
15987,2024-09-30,793477,2024-12-31,0.018707539364528004
15990,2024-03-31,774156,2024-06-30,0.006711159413096156
15990,2024-06-30,759959,2024-09-30,0.024113365569761385
15990,2024-09-30,776465,2024-12-31,0.022260502876747572
15995,2024-03-31,1681955,2024-06-30,0.004920601568686902
15995,2024-06-30,1714703,2024-09-30,-5.035597371644834e-05
15995,2024-09-30,1718428,2024-12-31,-0.001764880678781925
16026,2024-03-31,5559007,2024-06-30,0.009082294467650614
16026,2024-06-30,5560107,2024-09-30,0.009618969577715573
16026,2024-09-30,5631071,2024-12-31,0.0101695240007824
16030,2024-03-31,260960,2024-06-30,0.016667184661546163
16030,2024-06-30,259792,2024-09-30,0.0163615560315738
16030,2024-09-30,256829,2024-12-31,0.016970467634258534
16032,2024-03-31,1053474,2024-06-30,0.01707999511626071
16032,2024-06-30,1053187,2024-09-30,0.025595546344826962
16032,2024-09-30,1058823,2024-12-31,0.025186432776827358
16039,2024-03-31,242631,2024-06-30,0.008275417842838024
16039,2024-06-30,242651,2024-09-30,0.009247616142821425
16039,2024-09-30,237342,2024-12-31,0.007528777485939259
16040,2024-03-31,347472,2024-06-30,0.006269652801750271
16040,2024-06-30,344302,2024-09-30,0.02088385756955006
16040,2024-09-30,336432,2024-12-31,0.02481826142086381
16068,2024-03-31,14810939,2024-06-30,0.016407671800006945
16068,2024-06-30,14546884,2024-09-30,0.023544585579792637
16068,2024-09-30,14234005,2024-12-31,0.0035494827279970555
16075,2024-03-31,444847,2024-06-30,0.010967688609325106
16075,2024-06-30,436591,2024-09-30,0.008747391653138842
16075,2024-09-30,441991,2024-12-31,0.010079875378205583
16079,2024-03-31,160939,2024-06-30,0.010649047541799765
16079,2024-06-30,156126,2024-09-30,0.00835956434907246
16079,2024-09-30,153655,2024-12-31,-0.006726706900085124
16094,2024-03-31,44435,2024-06-30,0.011970528605644909
16094,2024-06-30,49038,2024-09-30,-0.001505315155659792
16094,2024-09-30,46255,2024-12-31,0.002272717947658587
16101,2024-03-31,507075,2024-06-30,0.012525479321405403
16101,2024-06-30,513127,2024-09-30,0.014563261677284828
16101,2024-09-30,504951,2024-12-31,0.021226602748510175
16103,2024-03-31,71428,2024-06-30,0.0239005787115175
16103,2024-06-30,71987,2024-09-30,0.021449383894009848
16103,2024-09-30,70163,2024-12-31,0.019036509193190384
16110,2024-03-31,49410,2024-06-30,-0.013375674917745266
16110,2024-06-30,48494,2024-09-30,0.0027682291305947374
16110,2024-09-30,48341,2024-12-31,0.012565904124326262
16111,2024-03-31,659985,2024-06-30,0.027522621589676655
16111,2024-06-30,654198,2024-09-30,0.028935523209565665
16111,2024-09-30,662605,2024-12-31,0.02844280474662273
16114,2024-03-31,151622,2024-06-30,0.019011574634912286
16114,2024-06-30,152872,2024-09-30,0.003097298813645267
16114,2024-09-30,149120,2024-12-31,-0.003581819109217745
16116,2024-03-31,380889,2024-06-30,0.028088960120316864
16116,2024-06-30,383406,2024-09-30,0.022572603760213184
16116,2024-09-30,375773,2024-12-31,0.036679811218465926
16120,2024-03-31,99508,2024-06-30,0.0038338480182339646
16120,2024-06-30,101427,2024-09-30,0.006960419319484588
16120,2024-09-30,97175,2024-12-31,0.0022880035870748603
16125,2024-03-31,562655,2024-06-30,0.026614418760795476
16125,2024-06-30,562836,2024-09-30,0.026784532773127912
16125,2024-09-30,559789,2024-12-31,0.028227003136796828
16126,2024-03-31,171151,2024-06-30,-0.016622018798554503
16126,2024-06-30,167345,2024-09-30,-0.0013093614752208692
16126,2024-09-30,168507,2024-12-31,-0.007000850093885004
16127,2024-03-31,430474,2024-06-30,-0.011953127646973032
16127,2024-06-30,418261,2024-09-30,-0.006492339552317062
16127,2024-09-30,399965,2024-12-31,-0.0021164152444390362
16130,2024-03-31,3665066,2024-06-30,-0.010974211343483482
16130,2024-06-30,3698631,2024-09-30,0.036326798325082836
16130,2024-09-30,3728181,2024-12-31,0.03717487611338168
16151,2024-03-31,66201,2024-06-30,0.007037637713339865
16151,2024-06-30,67736,2024-09-30,0.00576909728476404
16151,2024-09-30,69070,2024-12-31,0.004444341797382194
16152,2024-03-31,206188,2024-06-30,0.03673718104894881
16152,2024-06-30,214846,2024-09-30,0.02880245802896142
16152,2024-09-30,220030,2024-12-31,0.028107477769473123
16154,2024-03-31,65399,2024-06-30,-0.0041129876225688275
16154,2024-06-30,64359,2024-09-30,0.005233288614365776
16154,2024-09-30,64517,2024-12-31,0.006985261874855093
16160,2024-03-31,1219491,2024-06-30,0.006026745703751229
16160,2024-06-30,1183128,2024-09-30,0.0288210942277551
16160,2024-09-30,1218495,2024-12-31,0.021520303377160994
16161,2024-03-31,135381,2024-06-30,0.0016875644023783168
16161,2024-06-30,140250,2024-09-30,0.002935100735349839
16161,2024-09-30,145822,2024-12-31,0.004554104992622318
16162,2024-03-31,194897,2024-06-30,-0.0045132287972909895
16162,2024-06-30,205964,2024-09-30,-0.011763660145534151
16162,2024-09-30,213594,2024-12-31,-0.011231597573421357
16167,2024-03-31,88135,2024-06-30,0.01981007408101408
16167,2024-06-30,86851,2024-09-30,0.030983987196293167
16167,2024-09-30,90082,2024-12-31,0.021731677012488182
16175,2024-03-31,773136,2024-06-30,0.007909542918343275
16175,2024-06-30,774607,2024-09-30,0.01751804436286112
16175,2024-09-30,786573,2024-12-31,0.029227156495930492
16176,2024-03-31,120728,2024-06-30,-0.004690089038923344
16176,2024-06-30,121943,2024-09-30,0.0079809866169161
16176,2024-09-30,122368,2024-12-31,0.015356696107305291
16177,2024-03-31,116982,2024-06-30,0.015144040518027622
16177,2024-06-30,109574,2024-09-30,0.007501400528070479
16177,2024-09-30,105278,2024-12-31,0.0059014312688189
16185,2024-03-31,94524,2024-06-30,-0.01768527066662379
16185,2024-06-30,95492,2024-09-30,-0.001323701411010016
16185,2024-09-30,95842,2024-12-31,0.001363571524538099
16191,2024-03-31,5108684,2024-06-30,0.018846170704529982
16191,2024-06-30,5103780,2024-09-30,0.03221362588625958
16191,2024-09-30,5362812,2024-12-31,0.04477764016292026
16198,2024-03-31,75048,2024-06-30,-0.005232130805567564
16198,2024-06-30,69425,2024-09-30,0.02451062228392931
16198,2024-09-30,69964,2024-12-31,0.013420537494704007
16201,2024-03-31,208440,2024-06-30,0.009219902298982787
16201,2024-06-30,209443,2024-09-30,0.005227249548199672
16201,2024-09-30,207362,2024-12-31,-3.9558424704693895e-05
16216,2024-03-31,1460397,2024-06-30,0.028878938629825365
16216,2024-06-30,1469903,2024-09-30,0.049820064220317366
16216,2024-09-30,1487662,2024-12-31,0.05070777691259414
16221,2024-03-31,642523,2024-06-30,0.03320421431830286
16221,2024-06-30,643375,2024-09-30,0.03683316197930409
16221,2024-09-30,649574,2024-12-31,0.04034558369667377
16222,2024-03-31,77940,2024-06-30,0.01553383725593929
16222,2024-06-30,79869,2024-09-30,0.009477508958318372
16222,2024-09-30,79717,2024-12-31,0.010488346578425015
16228,2024-03-31,126812,2024-06-30,-0.01120757401007729
16228,2024-06-30,158597,2024-09-30,-0.052275555257419164
16228,2024-09-30,149332,2024-12-31,-0.025649346526098005
16231,2024-03-31,319628,2024-06-30,-0.0021260300406014472
16231,2024-06-30,315108,2024-09-30,-0.003979807540071715
16231,2024-09-30,321508,2024-12-31,0.009443569846770663
16243,2024-03-31,762857,2024-06-30,0.016108769274731146
16243,2024-06-30,753834,2024-09-30,0.021837707387114633
16243,2024-09-30,742384,2024-12-31,0.02611987588028095
16246,2024-03-31,317293,2024-06-30,0.022493387372285657
16246,2024-06-30,316816,2024-09-30,0.034135424209063465
16246,2024-09-30,329344,2024-12-31,0.038007199773666844
16247,2024-03-31,53845,2024-06-30,0.07137597603260341
16247,2024-06-30,53782,2024-09-30,0.08151704612275829
16247,2024-09-30,53873,2024-12-31,0.09890398072673552
16249,2024-03-31,343643,2024-06-30,0.003343151377363539
16249,2024-06-30,334023,2024-09-30,0.005984420578914012
16249,2024-09-30,329868,2024-12-31,0.002938512757949165
16250,2024-03-31,1724045,2024-06-30,0.008895993475667104
16250,2024-06-30,1750093,2024-09-30,0.014283901625195732
16250,2024-09-30,1729045,2024-12-31,0.012508003671000925
16265,2024-03-31,813516,2024-06-30,-0.005981157274838715
16265,2024-06-30,844844,2024-09-30,0.0025328791044221936
16265,2024-09-30,882197,2024-12-31,0.022161830577604184
16275,2024-03-31,151830,2024-06-30,0.00026846229150307815
16275,2024-06-30,154133,2024-09-30,0.010427865053335615
16275,2024-09-30,162248,2024-12-31,0.01344018195163185
16276,2024-03-31,546494,2024-06-30,0.027145193534085395
16276,2024-06-30,552786,2024-09-30,0.021077464361676443
16276,2024-09-30,583463,2024-12-31,0.009922233560605644
16281,2024-03-31,22771,2024-06-30,-0.008604857319670403
16281,2024-06-30,24971,2024-09-30,-0.033544356283050275
16281,2024-09-30,26665,2024-12-31,-0.030739351867108324
16282,2024-03-31,61244,2024-06-30,0.019862297556977302
16282,2024-06-30,63040,2024-09-30,0.012380711712648276
16282,2024-09-30,53772,2024-12-31,0.006995099993168682
16283,2024-03-31,209911,2024-06-30,-0.03219799371735479
16283,2024-06-30,227509,2024-09-30,-0.03802446427701805
16283,2024-09-30,217095,2024-12-31,-0.055805608165043305
16288,2024-03-31,271728,2024-06-30,0.08335227265074059
16288,2024-06-30,274924,2024-09-30,0.06383586954001053
16288,2024-09-30,285436,2024-12-31,0.06904016324590022
16307,2024-03-31,632420,2024-06-30,-0.011233323593991871
16307,2024-06-30,664396,2024-09-30,0.01493503760933022
16307,2024-09-30,621085,2024-12-31,0.016546869546788526
16318,2024-03-31,61345,2024-06-30,0.011419311376568146
16318,2024-06-30,61753,2024-09-30,0.02454964920541891
16318,2024-09-30,63983,2024-12-31,0.026889417464883963
16330,2024-03-31,34073,2024-06-30,-0.031576469704479866
16330,2024-06-30,36391,2024-09-30,-0.04386003595768722
16330,2024-09-30,35704,2024-12-31,-0.015552467551851776
16332,2024-03-31,447658,2024-06-30,0.03697915707427091
16332,2024-06-30,445886,2024-09-30,0.03762404562430495
16332,2024-09-30,440339,2024-12-31,0.022533819050367155
16333,2024-03-31,177836,2024-06-30,-0.0023630011141765827
16333,2024-06-30,182103,2024-09-30,0.0011210308466642986
16333,2024-09-30,185926,2024-12-31,0.008175052645366866
16334,2024-03-31,156462,2024-06-30,0.014567538311280213
16334,2024-06-30,164787,2024-09-30,0.00299731334700164
16334,2024-09-30,176119,2024-12-31,-0.00638684050298718
16339,2024-03-31,188062,2024-06-30,0.019459220997081108
16339,2024-06-30,189938,2024-09-30,0.011696319641962884
16339,2024-09-30,190558,2024-12-31,0.028709544457762873
16344,2024-03-31,74817,2024-06-30,-0.004861575901061381
16344,2024-06-30,81471,2024-09-30,-0.01503394329736075
16344,2024-09-30,72765,2024-12-31,8.564308926492578e-05
16363,2024-03-31,240609,2024-06-30,0.5074740818977429
16363,2024-06-30,289255,2024-09-30,0.5001613450472375
16363,2024-09-30,388805,2024-12-31,0.5980353697751313
16369,2024-03-31,222299,2024-06-30,0.029822016104733128
16369,2024-06-30,219638,2024-09-30,0.030836614554503917
16369,2024-09-30,211981,2024-12-31,0.02144673417514191
16370,2024-03-31,171739,2024-06-30,0.019033774168865262
16370,2024-06-30,173155,2024-09-30,0.010968472337088262
16370,2024-09-30,187348,2024-12-31,0.014628618045157794
16386,2024-03-31,98063,2024-06-30,0.027809111119243946
16386,2024-06-30,98348,2024-09-30,0.034730877512577994
16386,2024-09-30,100690,2024-12-31,0.028629338820839807
16389,2024-03-31,1279589,2024-06-30,0.040119516220134356
16389,2024-06-30,1286253,2024-09-30,0.03983414438878221
16389,2024-09-30,1277633,2024-12-31,0.03747748153414489
16394,2024-03-31,41637,2024-06-30,0.019571562192000385
16394,2024-06-30,40044,2024-09-30,0.014215752608700144
16394,2024-09-30,39275,2024-12-31,0.007772863138418274
16395,2024-03-31,54037,2024-06-30,0.0013507824201458567
16396,2024-03-31,206233,2024-06-30,0.016309878685703407
16396,2024-06-30,207692,2024-09-30,0.022506500658348232
16396,2024-09-30,203655,2024-12-31,0.022480481615288594
16402,2024-03-31,835537,2024-06-30,0.007986334097026085
16402,2024-06-30,823023,2024-09-30,-0.004798273557276925
16402,2024-09-30,816241,2024-12-31,-0.0009551539080123382
16410,2024-03-31,174044,2024-06-30,0.021086503137508386
16410,2024-06-30,180998,2024-09-30,0.023637157516790432
16410,2024-09-30,193909,2024-12-31,0.04246763676420264
16413,2024-03-31,73292,2024-06-30,0.01230487934256405
16413,2024-06-30,73618,2024-09-30,0.011344093395638525
16413,2024-09-30,72272,2024-12-31,0.00793087813798997
16416,2024-03-31,379612,2024-06-30,0.00061224345271801
16416,2024-06-30,371321,2024-09-30,-0.002867165935729614
16416,2024-09-30,359477,2024-12-31,-0.0028991218959721807
16417,2024-03-31,153020,2024-06-30,0.017601603243067334
16417,2024-06-30,156140,2024-09-30,0.01423107537060171
16417,2024-09-30,156350,2024-12-31,0.016469494298008824
16418,2024-03-31,1104484,2024-06-30,0.03443559415574798
16418,2024-06-30,1137852,2024-09-30,0.022408592295739084
16418,2024-09-30,1151337,2024-12-31,0.019291353885841845
16436,2024-03-31,296291,2024-06-30,-0.010063794073408109
16436,2024-06-30,285272,2024-09-30,-0.003407537022556405
16436,2024-09-30,291537,2024-12-31,-0.015996577313981734
16440,2024-03-31,147177,2024-06-30,0.002660420547872115
16440,2024-06-30,143023,2024-09-30,0.012487673975722246
16440,2024-09-30,139745,2024-12-31,0.01983566138619722
16448,2024-03-31,89095,2024-06-30,0.010767858113370613
16448,2024-06-30,90510,2024-09-30,0.013248671731706171
16448,2024-09-30,90234,2024-12-31,0.01447604646751601
16450,2024-03-31,10035740,2024-06-30,0.03881733755086049
16450,2024-06-30,10035836,2024-09-30,0.05508372459706312
16450,2024-09-30,10015555,2024-12-31,0.05695608971768182
16453,2024-03-31,125246,2024-06-30,0.00774999021791114
16453,2024-06-30,122431,2024-09-30,-0.005414971405094341
16453,2024-09-30,121956,2024-12-31,-0.002848686743323578
16464,2024-03-31,288743,2024-06-30,-0.0023847183800442383
16464,2024-06-30,288056,2024-09-30,0.001384053814149471
16464,2024-09-30,281994,2024-12-31,-0.010650199835999363
16470,2024-03-31,2592473,2024-06-30,0.010486716202227537
16470,2024-06-30,2610762,2024-09-30,0.013895798169482788
16470,2024-09-30,2592565,2024-12-31,0.016541040051789645
16471,2024-03-31,124332,2024-06-30,0.05797401602941914
16471,2024-06-30,132847,2024-09-30,0.06175580532547448
16471,2024-09-30,130257,2024-12-31,0.06299091070980437
16473,2024-03-31,116086,2024-06-30,0.006276585016072143
16473,2024-06-30,116491,2024-09-30,0.0073741728509259296
16473,2024-09-30,116851,2024-12-31,0.0147122411869966
16477,2024-03-31,55119,2024-06-30,0.029008626969566825
16477,2024-06-30,56647,2024-09-30,-0.002439305034958827
16477,2024-09-30,54440,2024-12-31,-0.0016843583552848356
16501,2024-03-31,965149,2024-06-30,0.0005886976644558029
16501,2024-06-30,964836,2024-09-30,0.012308122544032851
16501,2024-09-30,973673,2024-12-31,0.006267036494998567
16516,2024-03-31,15155,2024-06-30,-0.0168729489807333
16516,2024-06-30,16313,2024-09-30,-0.02436234677125104
16516,2024-09-30,15492,2024-12-31,-0.004236879228341308
16539,2024-03-31,494581,2024-06-30,-0.0024001848912007973
16539,2024-06-30,498402,2024-09-30,0.017960006831603075
16539,2024-09-30,517333,2024-12-31,0.04799862220179501
16546,2024-03-31,1004174,2024-06-30,-0.008918282374302096
16546,2024-06-30,1014701,2024-09-30,0.030459463086848385
16546,2024-09-30,1019409,2024-12-31,0.046088169540145336
16547,2024-03-31,121932,2024-06-30,-0.007073969811543322
16547,2024-06-30,116605,2024-09-30,0.005213316302819665
16547,2024-09-30,115051,2024-12-31,0.011526930859304632
16553,2024-03-31,1041359,2024-06-30,0.011242643846456313
16553,2024-06-30,1034562,2024-09-30,0.004317546077569928
16553,2024-09-30,1051287,2024-12-31,0.0019326154108349819
16561,2024-03-31,23451,2024-06-30,-0.004128111544234883
16561,2024-06-30,22850,2024-09-30,-0.01377773199051766
16561,2024-09-30,22060,2024-12-31,-0.03269502850229568
16571,2024-03-31,207987820,2024-06-30,0.04204951005793766
16571,2024-06-30,206803226,2024-09-30,0.027017061523901334
16571,2024-09-30,209730248,2024-12-31,0.02153596844477279
16581,2024-03-31,67322,2024-06-30,0.052462502164003263
16581,2024-06-30,62853,2024-09-30,-0.034901245939757186
16581,2024-09-30,64296,2024-12-31,-0.017767313253887255
16583,2024-03-31,10706,2024-06-30,0.01834234423931508
16583,2024-06-30,10912,2024-09-30,0.0029842083589294312
16583,2024-09-30,10130,2024-12-31,0.012782508806118455
16584,2024-03-31,65674,2024-06-30,0.010527664674278667
16584,2024-06-30,70867,2024-09-30,0.028474867505608775
16584,2024-09-30,73585,2024-12-31,0.011732028940863445
16585,2024-03-31,18063,2024-06-30,0.006083354819223201
16585,2024-06-30,18796,2024-09-30,0.022160096185655953
16585,2024-09-30,20456,2024-12-31,0.06442601361447055
16595,2024-03-31,567464,2024-06-30,0.007173645437156541
16595,2024-06-30,594147,2024-09-30,0.0069004226558808035
16595,2024-09-30,624761,2024-12-31,0.010139772304013738
16600,2024-03-31,165135,2024-06-30,0.004141916230518952
16600,2024-06-30,157980,2024-09-30,0.015028893669117515
16600,2024-09-30,162932,2024-12-31,0.008662260197610462
16601,2024-03-31,178624,2024-06-30,0.005145154641270695
16601,2024-06-30,175299,2024-09-30,0.020928798772667973
16601,2024-09-30,179219,2024-12-31,0.03057831602908665
16603,2024-03-31,111497,2024-06-30,0.024943973633024603
16603,2024-06-30,113061,2024-09-30,0.02808205798460848
16603,2024-09-30,117986,2024-12-31,0.06413576911396304
16604,2024-03-31,2332394,2024-06-30,0.010712578120356595
16604,2024-06-30,2312900,2024-09-30,0.020753586466186205
16604,2024-09-30,2327771,2024-12-31,0.025403361972302717
16609,2024-03-31,55972,2024-06-30,0.0328409396808025
16609,2024-06-30,60490,2024-09-30,0.040394488013034996
16609,2024-09-30,60998,2024-12-31,0.041548799155568215
16612,2024-03-31,227121,2024-06-30,-0.01998644687101774
16612,2024-06-30,240107,2024-09-30,0.01563125415923849
16612,2024-09-30,245000,2024-12-31,0.024103218670205033
16620,2024-03-31,361430,2024-06-30,-0.010575950391604591
16620,2024-06-30,334405,2024-09-30,0.007902609881281126
16620,2024-09-30,401689,2024-12-31,-0.008330376220738114
16629,2024-03-31,292968,2024-06-30,0.005790678252911362
16629,2024-06-30,296584,2024-09-30,0.023606414390418176
16629,2024-09-30,293033,2024-12-31,0.029919636484729728
16635,2024-03-31,167635,2024-06-30,0.041021763082586545
16635,2024-06-30,193800,2024-09-30,0.036550850558713564
16635,2024-09-30,185631,2024-12-31,0.060950650471317945
16636,2024-03-31,750634,2024-06-30,0.007942770130453832
16636,2024-06-30,744402,2024-09-30,0.010156982890464473
16636,2024-09-30,724739,2024-12-31,0.002691667989146015
16643,2024-03-31,59867,2024-06-30,0.0041897373290301285
16643,2024-06-30,53367,2024-09-30,-0.02555350007687449
16643,2024-09-30,51080,2024-12-31,-0.01078274817748983
16652,2024-03-31,595324,2024-06-30,0.007680293093123205
16652,2024-06-30,587655,2024-09-30,0.013904199596523056
16652,2024-09-30,635857,2024-12-31,0.01677611143231906
16656,2024-03-31,98041,2024-06-30,-0.010705317348583916
16656,2024-06-30,99249,2024-09-30,0.00767509396623516
16656,2024-09-30,102217,2024-12-31,0.009034366364900752
16659,2024-03-31,683813,2024-06-30,0.031482999823632875
16659,2024-06-30,679740,2024-09-30,0.04236393821629841
16659,2024-09-30,702959,2024-12-31,0.03356812443035569
16664,2024-03-31,765188,2024-06-30,0.013302287336689944
16664,2024-06-30,775680,2024-09-30,0.014976398517891955
16664,2024-09-30,777998,2024-12-31,0.02208094474300148
16666,2024-03-31,684007,2024-06-30,0.016725461907370367
16666,2024-06-30,682479,2024-09-30,0.018081929993094867
16666,2024-09-30,700801,2024-12-31,0.004029553266132563
16667,2024-03-31,73338,2024-06-30,-0.008738303550361716
16667,2024-06-30,69611,2024-09-30,0.03773901895406855
16667,2024-09-30,74107,2024-12-31,0.013000491226283713
16689,2024-03-31,423919,2024-06-30,0.0008755029576932805
16689,2024-06-30,426291,2024-09-30,0.004024736729549563
16689,2024-09-30,430574,2024-12-31,0.00776540817006723
16695,2024-03-31,314531,2024-06-30,1.6565272903092778e-05
16695,2024-06-30,302322,2024-09-30,0.021866363921987455
16695,2024-09-30,286727,2024-12-31,0.026110273740630716
16704,2024-03-31,228385,2024-06-30,0.018568527400260652
16704,2024-06-30,217152,2024-09-30,0.026412547774290994
16704,2024-09-30,224227,2024-12-31,0.0369738519304484
16707,2024-03-31,163073,2024-06-30,0.005749849991346656
16707,2024-06-30,150013,2024-09-30,0.007775639706878795
16707,2024-09-30,143711,2024-12-31,0.023526103737638634
16720,2024-03-31,331278,2024-06-30,0.023449010490164318
16720,2024-06-30,313849,2024-09-30,0.01495414984404207
16720,2024-09-30,340357,2024-12-31,0.009049772749199455
16723,2024-03-31,617047,2024-06-30,-0.016623708294603946
16723,2024-06-30,626859,2024-09-30,0.008513697771910859
16723,2024-09-30,635585,2024-12-31,0.02143599553655838
16733,2024-03-31,327116,2024-06-30,0.001073858867815413
16733,2024-06-30,342687,2024-09-30,0.005788190551524452
16733,2024-09-30,358765,2024-12-31,0.012575904365412028
16744,2024-03-31,13449,2024-06-30,-0.047967170829556434
16744,2024-06-30,13236,2024-09-30,-0.01994450915216853
16744,2024-09-30,14173,2024-12-31,-0.036898332209031125
16752,2024-03-31,110133,2024-06-30,0.01818654727263261
16752,2024-06-30,109407,2024-09-30,0.017594522108812762
16752,2024-09-30,112588,2024-12-31,0.017256408350998106
16753,2024-03-31,938026,2024-06-30,0.016451794254613662
16753,2024-06-30,945295,2024-09-30,0.013518515404860954
16753,2024-09-30,949591,2024-12-31,0.02587874753150095
16757,2024-03-31,259102,2024-06-30,-0.016580641830697563
16757,2024-06-30,250480,2024-09-30,-0.014788939266729114
16757,2024-09-30,246595,2024-12-31,-0.014653546570726561
16778,2024-03-31,36332,2024-06-30,0.00822259708126236
16778,2024-06-30,37227,2024-09-30,0.0017679926312014198
16778,2024-09-30,36843,2024-12-31,0.004888589868650442
16780,2024-03-31,345534,2024-06-30,0.0281360952213381
16780,2024-06-30,347597,2024-09-30,0.019281369593486256
16780,2024-09-30,347057,2024-12-31,0.027857059585037935
16788,2024-03-31,60261,2024-06-30,0.0024049482188140394
16788,2024-06-30,60006,2024-09-30,0.010677968199760418
16788,2024-09-30,59674,2024-12-31,0.008427603812516069
16795,2024-03-31,84195,2024-06-30,0.060015864161601096
16795,2024-06-30,79532,2024-09-30,0.019457606545311167
16795,2024-09-30,85124,2024-12-31,0.060218543001442075
16810,2024-03-31,747075,2024-06-30,0.007268644235492839
16810,2024-06-30,764401,2024-09-30,0.01857491121902125
16810,2024-09-30,770487,2024-12-31,0.024235826794035714
16817,2024-03-31,417108,2024-06-30,0.0036924119421410865
16817,2024-06-30,404666,2024-09-30,-0.0014982207547985125
16817,2024-09-30,413117,2024-12-31,0.018454935724485137
16820,2024-03-31,309263,2024-06-30,-0.004662634119921267
16820,2024-06-30,305904,2024-09-30,-0.002169497865489091
16820,2024-09-30,314321,2024-12-31,-0.001319303506300284
16825,2024-03-31,325150,2024-06-30,-0.020022847245318047
16825,2024-06-30,327248,2024-09-30,-0.009504282536373386
16825,2024-09-30,322522,2024-12-31,-0.00966619956007602
16835,2024-03-31,27253865,2024-06-30,0.02410362391525907
16835,2024-06-30,28030434,2024-09-30,0.025745466242680023
16835,2024-09-30,28204778,2024-12-31,0.034161503248494055
16840,2024-03-31,116575,2024-06-30,0.008763504474173681
16840,2024-06-30,118860,2024-09-30,0.01205668936238935
16840,2024-09-30,119223,2024-12-31,0.020051270192217873
16849,2024-03-31,898258,2024-06-30,0.010927588512027412
16849,2024-06-30,934674,2024-09-30,0.008818512288574379
16849,2024-09-30,950987,2024-12-31,0.013290467111870782
16852,2024-03-31,245709,2024-06-30,0.023571010056991536
16852,2024-06-30,248353,2024-09-30,0.021428518072917582
16852,2024-09-30,252461,2024-12-31,0.02472966337782169
16854,2024-03-31,190544,2024-06-30,-0.0009016373869263593
16854,2024-06-30,223333,2024-09-30,-0.010959768403505923
16854,2024-09-30,238621,2024-12-31,0.024990614565368413
16858,2024-03-31,726491,2024-06-30,-0.00035009449938929913
16858,2024-06-30,697036,2024-09-30,-0.0028869986726173216
16858,2024-09-30,690110,2024-12-31,0.006239747360508892
16863,2024-03-31,281029,2024-06-30,0.007137861192384596
16863,2024-06-30,263070,2024-09-30,8.732471872623557e-05
16863,2024-09-30,267412,2024-12-31,0.002910044017178341
16866,2024-03-31,249554,2024-06-30,0.005955744581386223
16866,2024-06-30,257571,2024-09-30,0.008682018965284026
16866,2024-09-30,268793,2024-12-31,0.015139288890807038
16868,2024-03-31,30612,2024-06-30,0.019727093020675324
16868,2024-06-30,30857,2024-09-30,0.010073713216631567
16868,2024-09-30,31756,2024-12-31,0.0009848108255387609
16889,2024-03-31,23734126,2024-06-30,0.027630131754816788
16889,2024-06-30,23414583,2024-09-30,0.012156927160919926
16889,2024-09-30,23705912,2024-12-31,0.0212146546760625
16891,2024-03-31,569020,2024-06-30,-0.006993544317954753
16891,2024-06-30,564720,2024-09-30,-0.011834135890925902
16891,2024-09-30,565978,2024-12-31,-0.008906769482105066
16895,2024-03-31,161190,2024-06-30,-0.02469602512016972
16895,2024-06-30,162590,2024-09-30,-0.012120358696006186
16895,2024-09-30,166135,2024-12-31,0.002549060144273749
16897,2024-03-31,320271,2024-06-30,0.010888788308126443
16897,2024-06-30,319564,2024-09-30,0.015416763264721946
16897,2024-09-30,315160,2024-12-31,0.01707812743934168
16900,2024-03-31,92463,2024-06-30,0.005793872236147745
16900,2024-06-30,97319,2024-09-30,0.0056940499313819885
16900,2024-09-30,105519,2024-12-31,-0.0005813068508084374
16905,2024-03-31,29539,2024-06-30,-0.0035681255105492536
16905,2024-06-30,30642,2024-09-30,-0.014130081552407737
16906,2024-03-31,42737,2024-06-30,0.004769701638195422
16906,2024-06-30,39381,2024-09-30,0.005842728506883667
16906,2024-09-30,39775,2024-12-31,0.0027006592139544126
16908,2024-03-31,57184,2024-06-30,0.0020053430478791834
16908,2024-06-30,58343,2024-09-30,0.0028811039128586852
16908,2024-09-30,57856,2024-12-31,-0.0027940662047775304
16910,2024-03-31,220365,2024-06-30,0.018692882972718067
16910,2024-06-30,215464,2024-09-30,0.015559726677782184
16910,2024-09-30,272630,2024-12-31,0.034914824722866666
16916,2024-03-31,72809,2024-06-30,-0.012136660619890554
16916,2024-06-30,76443,2024-09-30,-0.022841468732775882
16916,2024-09-30,75191,2024-12-31,-0.009538448620054719
16934,2024-03-31,50854,2024-06-30,-0.006699226262837676
16934,2024-06-30,49740,2024-09-30,0.0010734468757034263
16934,2024-09-30,51752,2024-12-31,-0.0014265067748547788
16941,2024-03-31,72150,2024-06-30,0.0025446666984909145
16941,2024-06-30,72423,2024-09-30,0.00013236896563517794
16941,2024-09-30,68950,2024-12-31,0.009868600952145546
16953,2024-03-31,42057,2024-06-30,-0.0149834311194104
16953,2024-06-30,41388,2024-09-30,-0.019512315344208078
16953,2024-09-30,50618,2024-12-31,-0.06451864280121483
16958,2024-03-31,2531281,2024-06-30,-0.044483003033404696
16958,2024-06-30,2603826,2024-09-30,-0.05085589860761729
16958,2024-09-30,2741277,2024-12-31,-0.031198209942448263
16959,2024-03-31,79831,2024-06-30,-0.017089851077389744
16959,2024-06-30,76503,2024-09-30,0.007569690678127523
16959,2024-09-30,75213,2024-12-31,0.012023584092491888
16968,2024-03-31,367433,2024-06-30,0.0006224436152481016
16968,2024-06-30,373316,2024-09-30,0.020102207983355793
16968,2024-09-30,369267,2024-12-31,0.023787196717262003
16970,2024-03-31,415190,2024-06-30,0.019881236508427325
16970,2024-06-30,433781,2024-09-30,0.021750061620643045
16970,2024-09-30,418449,2024-12-31,0.009332914678194028
16971,2024-03-31,255793,2024-06-30,-0.007172647292380029
16971,2024-06-30,249228,2024-09-30,-0.007806465622039157
16971,2024-09-30,423215,2024-12-31,-0.09679974846535752
16976,2024-03-31,402957,2024-06-30,0.009571372332346107
16976,2024-06-30,402123,2024-09-30,0.012616954916713658
16976,2024-09-30,398168,2024-12-31,0.010965119553492796
16980,2024-03-31,6112230,2024-06-30,0.01960730987109507
16980,2024-06-30,6135261,2024-09-30,0.035150685221621264
16980,2024-09-30,6310190,2024-12-31,0.03187267562311943
16982,2024-03-31,962430,2024-06-30,0.052191367636949385
16982,2024-06-30,943113,2024-09-30,0.03513416903354133
16982,2024-09-30,990648,2024-12-31,0.04261447596887136
17001,2024-03-31,70383,2024-06-30,-0.018750617423020734
17001,2024-06-30,78362,2024-09-30,-0.014252097064537072
17001,2024-09-30,92958,2024-12-31,0.010624868091390611
17009,2024-03-31,335769,2024-06-30,0.007934019599435491
17009,2024-06-30,278186,2024-09-30,0.04535961485719526
17009,2024-09-30,282525,2024-12-31,0.05234653221202169
17011,2024-03-31,503937,2024-06-30,0.023028749275067702
17011,2024-06-30,504697,2024-09-30,0.019348268589514227
17011,2024-09-30,527426,2024-12-31,0.020431685287157705
17040,2024-03-31,657789,2024-06-30,0.005475052803922061
17040,2024-06-30,669382,2024-09-30,0.005976350748477324
17040,2024-09-30,691178,2024-12-31,0.018696826875677426
17062,2024-03-31,42132,2024-06-30,0.002819773739648752
17062,2024-06-30,42401,2024-09-30,0.0011689616167982959
17062,2024-09-30,42226,2024-12-31,0.0029432914096954705
17068,2024-03-31,436684,2024-06-30,-0.003683838495778318
17068,2024-06-30,426730,2024-09-30,0.0004049079726217765
17068,2024-09-30,408768,2024-12-31,-0.0005146826859416365
17073,2024-03-31,91744,2024-06-30,-0.004516418332716241
17073,2024-06-30,87889,2024-09-30,-0.018432152879499952
17073,2024-09-30,85321,2024-12-31,-0.013257380285740519
17077,2024-03-31,946043,2024-06-30,0.010865485284218771
17077,2024-06-30,956963,2024-09-30,0.01851965546800984
17077,2024-09-30,983123,2024-12-31,0.014883087357313753
17094,2024-03-31,275484,2024-06-30,0.021899401479843195
17094,2024-06-30,283548,2024-09-30,0.03810544593043497
17094,2024-09-30,295387,2024-12-31,0.02368213986647797
17096,2024-03-31,118644,2024-06-30,-0.006697989076169458
17096,2024-06-30,119182,2024-09-30,-0.002117843427993427
17096,2024-09-30,120974,2024-12-31,0.009560287201572901
17108,2024-03-31,548145,2024-06-30,0.0034049367335668283
17108,2024-06-30,558767,2024-09-30,0.011599778537879373
17108,2024-09-30,561548,2024-12-31,0.026015471329686506
17115,2024-03-31,803428,2024-06-30,0.030820508709388343
17115,2024-06-30,787661,2024-09-30,0.01980217147098153
17115,2024-09-30,811295,2024-12-31,0.03573128788008594
17120,2024-03-31,789109,2024-06-30,0.009098458039290797
17120,2024-06-30,778687,2024-09-30,0.007606113791865633
17120,2024-09-30,802782,2024-12-31,0.0062748272260582435
17122,2024-03-31,26376,2024-06-30,0.020388964148707604
17122,2024-06-30,25597,2024-09-30,0.028548538761531825
17122,2024-09-30,28669,2024-12-31,-0.0029357994124717627
17123,2024-03-31,614397,2024-06-30,0.006800044905653707
17123,2024-06-30,613593,2024-09-30,0.013183233400060876
17123,2024-09-30,600575,2024-12-31,0.019180037393161275
17128,2024-03-31,190465,2024-06-30,0.0028689169767989633
17128,2024-06-30,194660,2024-09-30,0.005074647479824722
17128,2024-09-30,203628,2024-12-31,0.009730131307213017
17138,2024-03-31,13639,2024-06-30,0.03019231419334766
17138,2024-06-30,12558,2024-09-30,0.029826514977305166
17138,2024-09-30,12497,2024-12-31,0.023834260954681035
17145,2024-03-31,430735,2024-06-30,-0.007251868812611774
17145,2024-06-30,420015,2024-09-30,0.004135101486602454
17145,2024-09-30,404421,2024-12-31,0.016394868744238292
17159,2024-03-31,2248912,2024-06-30,0.032943936679296695
17159,2024-06-30,2588293,2024-09-30,0.010405815585543838
17159,2024-09-30,3028676,2024-12-31,0.010510298905689304
17160,2024-03-31,35357,2024-06-30,0.007912932545105198
17160,2024-06-30,33637,2024-09-30,0.003145260365976052
17160,2024-09-30,35061,2024-12-31,-0.0026771654142316026
17162,2024-03-31,631875,2024-06-30,0.0009077070836105146
17162,2024-06-30,624851,2024-09-30,0.00958018399343346
17162,2024-09-30,641896,2024-12-31,0.019742032939826414
17169,2024-03-31,123477,2024-06-30,-0.011728569693448992
17169,2024-06-30,129743,2024-09-30,-0.005169997583281141
17169,2024-09-30,126905,2024-12-31,-0.008650394963933458
17174,2024-03-31,37166,2024-06-30,-0.06299662835639837
17174,2024-06-30,32524,2024-09-30,-0.00658362348731389
17174,2024-09-30,33710,2024-12-31,-0.0038058304038580803
17180,2024-03-31,1184689,2024-06-30,0.029392717595536244
17180,2024-06-30,1189680,2024-09-30,0.04425969308054424
17180,2024-09-30,1203070,2024-12-31,0.03837083490770206
17190,2024-03-31,142865,2024-06-30,-0.03924148340181167
17190,2024-06-30,139151,2024-09-30,-0.021348398246082444
17190,2024-09-30,132659,2024-12-31,-0.003993830840474522
17193,2024-03-31,142417,2024-06-30,0.017455524914041804
17193,2024-06-30,136444,2024-09-30,0.012700784966614354
17193,2024-09-30,138676,2024-12-31,0.06473374110206476
17205,2024-03-31,40302,2024-06-30,-0.0011988834087097505
17205,2024-06-30,41696,2024-09-30,-0.003941152893269603
17205,2024-09-30,39226,2024-12-31,-0.000518703737979141
17208,2024-03-31,158419,2024-06-30,0.0031864418822978324
17208,2024-06-30,155797,2024-09-30,0.00880391086119206
17211,2024-03-31,1300652,2024-06-30,0.0056584208388648855
17211,2024-06-30,1314859,2024-09-30,0.024144056958717842
17211,2024-09-30,1394574,2024-12-31,0.02081529987520842
17214,2024-03-31,369215,2024-06-30,0.004823184261518436
17214,2024-06-30,378041,2024-09-30,0.013698336290925267
17214,2024-09-30,383397,2024-12-31,0.016496320150239958
17224,2024-03-31,346069,2024-06-30,0.06120136928525198
17224,2024-06-30,322708,2024-09-30,0.05803868630506365
17224,2024-09-30,325495,2024-12-31,0.03425205353581703
17229,2024-03-31,244327,2024-06-30,0.0012659532355321255
17229,2024-06-30,268424,2024-09-30,-0.012865318201397299
17229,2024-09-30,297372,2024-12-31,-0.0030583407983505928
17230,2024-03-31,587767,2024-06-30,0.001164497738368596
17230,2024-06-30,588547,2024-09-30,0.0010627256437358995
17230,2024-09-30,579682,2024-12-31,0.004231904541045496
17232,2024-03-31,118287,2024-06-30,0.02993742600079595
17232,2024-06-30,115755,2024-09-30,0.03015852210450911
17232,2024-09-30,115962,2024-12-31,0.030679883712670757
17241,2024-03-31,133592,2024-06-30,0.009371417222697947
17241,2024-06-30,139431,2024-09-30,0.000308420105595907
17241,2024-09-30,138194,2024-12-31,-0.0015555758692912844
17259,2024-03-31,133797,2024-06-30,0.022434277088348355
17259,2024-06-30,130042,2024-09-30,0.02449572547665161
17259,2024-09-30,129852,2024-12-31,0.02230478321077489
17262,2024-03-31,432147,2024-06-30,0.0069337028811076165
17262,2024-06-30,435698,2024-09-30,0.014613389849408267
17262,2024-09-30,411869,2024-12-31,0.002780462493435736
17266,2024-03-31,41756684,2024-06-30,0.013026291333987297
17266,2024-06-30,41582018,2024-09-30,-0.016265462568970948
17266,2024-09-30,41581184,2024-12-31,-0.02470159687733678
17280,2024-03-31,405114,2024-06-30,0.012990299029987688
17280,2024-06-30,400974,2024-09-30,-0.00883421663228388
17280,2024-09-30,426632,2024-12-31,-0.018251297394592907
17281,2024-03-31,76789550,2024-06-30,0.023147143290519066
17281,2024-06-30,76406695,2024-09-30,0.023942721634949513
17281,2024-09-30,76703638,2024-12-31,0.023511944851887467
17282,2024-03-31,643211,2024-06-30,0.0050954470790768504
17282,2024-06-30,644986,2024-09-30,0.010584898427909308
17282,2024-09-30,652528,2024-12-31,0.007668743650123645
17308,2024-03-31,6643885,2024-06-30,0.00164844681618554
17308,2024-06-30,6607216,2024-09-30,0.016952934089528315
17308,2024-09-30,6606117,2024-12-31,0.014190149554260907
17317,2024-03-31,251615,2024-06-30,0.013144474785467044
17317,2024-06-30,251990,2024-09-30,0.014618431299791066
17317,2024-09-30,261156,2024-12-31,0.009993087999526067
17320,2024-03-31,435353,2024-06-30,0.020841221652396026
17320,2024-06-30,495301,2024-09-30,0.009416594483975376
17320,2024-09-30,498847,2024-12-31,-0.0010260962639267028
17323,2024-03-31,3374555,2024-06-30,0.0060670319803782635
17323,2024-06-30,3395548,2024-09-30,0.0163587223095326
17323,2024-09-30,3382535,2024-12-31,0.026646229108364273
17327,2024-03-31,253501,2024-06-30,0.012983735607441437
17327,2024-06-30,251348,2024-09-30,0.014511889923533215
17327,2024-09-30,255375,2024-12-31,0.02376874295769294
17348,2024-03-31,452396,2024-06-30,0.01838979273565275
17348,2024-06-30,455399,2024-09-30,0.02678298980308199
17348,2024-09-30,453346,2024-12-31,0.03192477062494243
17350,2024-03-31,72038,2024-06-30,0.0027722367551036324
17350,2024-06-30,67576,2024-09-30,0.016938675297368297
17350,2024-09-30,65783,2024-12-31,0.026790788337111494
17369,2024-03-31,164989,2024-06-30,0.0038895971003546945
17369,2024-06-30,167149,2024-09-30,0.01088587194740198
17369,2024-09-30,163537,2024-12-31,0.015142995263095385
17374,2024-03-31,288677,2024-06-30,0.030116419408934537
17374,2024-06-30,286403,2024-09-30,0.02706537202584828
17374,2024-09-30,306754,2024-12-31,0.013248713738320409
17375,2024-03-31,42075,2024-06-30,0.01044074353156212
17375,2024-06-30,37052,2024-09-30,0.040658977486796095
17375,2024-09-30,37521,2024-12-31,0.026918275119536792
17388,2024-03-31,326424,2024-06-30,0.020419755350168274
17388,2024-06-30,332935,2024-09-30,0.031397586372795855
17388,2024-09-30,337634,2024-12-31,0.035442267266816596
17393,2024-03-31,5304862,2024-06-30,0.03218960095564714
17393,2024-06-30,5408556,2024-09-30,0.019860981161409157
17393,2024-09-30,5357025,2024-12-31,0.01701558041158316
17399,2024-03-31,147272,2024-06-30,-0.031399420962528735
17399,2024-06-30,143652,2024-09-30,-0.012701905505315038
17399,2024-09-30,135557,2024-12-31,0.014954415476420511
17403,2024-03-31,36352,2024-06-30,0.004859010414183325
17403,2024-06-30,37677,2024-09-30,-0.0099154126396378
17403,2024-09-30,35329,2024-12-31,0.008160688581630682
17410,2024-03-31,90143,2024-06-30,-0.0003657366732250504
17410,2024-06-30,89721,2024-09-30,0.0033308161716338407
17410,2024-09-30,87706,2024-12-31,-0.007288245619687705
17411,2024-03-31,411823,2024-06-30,0.011771857400377358
17411,2024-06-30,406033,2024-09-30,0.0002857657333108314
17411,2024-09-30,422218,2024-12-31,0.04144873824153192
17431,2024-03-31,602011,2024-06-30,0.03557815921880739
17431,2024-06-30,635032,2024-09-30,0.01438419547454438
17431,2024-09-30,647812,2024-12-31,0.021920931619653496
17437,2024-03-31,3747611,2024-06-30,0.019302210024490587
17437,2024-06-30,3727083,2024-09-30,0.017085837995844302
17437,2024-09-30,3881326,2024-12-31,0.0189850995982894
17438,2024-03-31,3382180,2024-06-30,0.021994445175215
17438,2024-06-30,3545060,2024-09-30,0.02899940248271824
17438,2024-09-30,3627371,2024-12-31,0.027768544049498668
17441,2024-03-31,13830,2024-06-30,0.021150931171064882
17441,2024-06-30,14036,2024-09-30,0.01597881126807714
17441,2024-09-30,13396,2024-12-31,0.0033624361094886234
17443,2024-03-31,303567,2024-06-30,0.010475436334313262
17443,2024-06-30,300117,2024-09-30,0.014193492108388163
17443,2024-09-30,299271,2024-12-31,0.022573015126084738
17445,2024-03-31,508100,2024-06-30,-0.007941119827478875
17445,2024-06-30,508553,2024-09-30,0.0036271346401839906
17445,2024-09-30,531395,2024-12-31,0.0187453978814014
17446,2024-03-31,172816,2024-06-30,0.015791838872087623
17446,2024-06-30,238324,2024-09-30,0.09113004936379474
17446,2024-09-30,245745,2024-12-31,0.1091536450907048
17450,2024-03-31,34879,2024-06-30,-0.011704728478240226
17450,2024-06-30,33702,2024-09-30,-0.0032062897867112445
17450,2024-09-30,32380,2024-12-31,0.015409326309782532
17451,2024-03-31,154711,2024-06-30,0.01804122949191739
17451,2024-06-30,165644,2024-09-30,0.021615554818833826
17451,2024-09-30,160563,2024-12-31,0.02969582257988703
17453,2024-03-31,454068,2024-06-30,0.014430820904670802
17453,2024-06-30,468775,2024-09-30,0.03745257961140563
17453,2024-09-30,475205,2024-12-31,0.026464474873515945
17470,2024-03-31,1571792,2024-06-30,0.016362984631340505
17470,2024-06-30,1561569,2024-09-30,0.012392119452630131
17470,2024-09-30,1556288,2024-12-31,0.013267370605071547
17477,2024-03-31,665387,2024-06-30,0.012008536589751762
17477,2024-06-30,644325,2024-09-30,0.009277102933439127
17477,2024-09-30,642738,2024-12-31,0.01568162200247813
17478,2024-03-31,808663,2024-06-30,0.014304844886604856
17478,2024-06-30,827236,2024-09-30,0.03788336669921817
17478,2024-09-30,785719,2024-12-31,0.045847050653221144
17491,2024-03-31,10873308,2024-06-30,0.014025653312016575
17491,2024-06-30,10421167,2024-09-30,0.019618064415978624
17491,2024-09-30,10945109,2024-12-31,0.044802999192050295
17509,2024-03-31,1063405,2024-06-30,0.008749794153018142
17509,2024-06-30,1022589,2024-09-30,0.0017433858890530025
17509,2024-09-30,987909,2024-12-31,-0.002860924368208938
17513,2024-03-31,279059,2024-06-30,0.01832319245408572
17513,2024-06-30,287904,2024-09-30,0.008359115033574666
17513,2024-09-30,292569,2024-12-31,0.008455064268930968
17514,2024-03-31,2774124,2024-06-30,0.025854024892639143
17514,2024-06-30,2691980,2024-09-30,0.021343241044715546
17514,2024-09-30,2814038,2024-12-31,0.03959057402633805
17534,2024-03-31,147730659,2024-06-30,0.030660017407453645
17534,2024-06-30,149273809,2024-09-30,0.05218509371167131
17534,2024-09-30,154887176,2024-12-31,0.04778333730761236
17543,2024-03-31,145538,2024-06-30,0.010377633057202983
17543,2024-06-30,144316,2024-09-30,0.011959578111241499
17543,2024-09-30,142513,2024-12-31,0.02222455664760595
17551,2024-03-31,38549,2024-06-30,0.009072472190560838
17551,2024-06-30,36398,2024-09-30,0.010623380868112325
17551,2024-09-30,35272,2024-12-31,0.013712125209315454
17563,2024-03-31,516958,2024-06-30,0.01074416660305971
17563,2024-06-30,492901,2024-09-30,-0.012806126781881704
17563,2024-09-30,488921,2024-12-31,-0.0065375970247089545
17569,2024-03-31,20244,2024-06-30,0.008729108219251108
17569,2024-06-30,21428,2024-09-30,0.001718402578061157
17569,2024-09-30,20660,2024-12-31,0.004030048419212014
17572,2024-03-31,168134,2024-06-30,0.00460625283586389
17572,2024-06-30,164900,2024-09-30,0.00787905712587125
17572,2024-09-30,166975,2024-12-31,0.004769318412318797
17580,2024-03-31,513973,2024-06-30,0.02118122997932814
17580,2024-06-30,526839,2024-09-30,0.027504351314368312
17580,2024-09-30,519104,2024-12-31,0.023135673136768085
17587,2024-03-31,173000,2024-06-30,0.032267702711262364
17587,2024-06-30,176928,2024-09-30,0.04835870605903967
17587,2024-09-30,191461,2024-12-31,0.04327919384967309
17588,2024-03-31,736797,2024-06-30,0.00041995235912371353
17588,2024-06-30,729562,2024-09-30,-0.011921143007164308
17588,2024-09-30,749737,2024-12-31,0.006765722938498846
17589,2024-03-31,10703,2024-06-30,0.010125484281374955
17589,2024-06-30,10338,2024-09-30,0.014727286727706835
17589,2024-09-30,10154,2024-12-31,0.009405357361129595
17603,2024-03-31,264081,2024-06-30,0.003892367989317355
17603,2024-06-30,259605,2024-09-30,0.006822425571289257
17603,2024-09-30,257914,2024-12-31,0.016320400628838886
17607,2024-03-31,48866,2024-06-30,0.009358728211173811
17607,2024-06-30,47206,2024-09-30,0.010573954643335461
17607,2024-09-30,46375,2024-12-31,0.0060268095396858925
17612,2024-03-31,974994,2024-06-30,0.016463145898642936
17612,2024-06-30,968527,2024-09-30,0.010787104866070492
17612,2024-09-30,1019050,2024-12-31,0.011366789340414683
17614,2024-03-31,744470,2024-06-30,0.01628534216067201
17614,2024-06-30,763213,2024-09-30,0.020343323506051888
17614,2024-09-30,772302,2024-12-31,0.014775474225103462
17621,2024-03-31,66199,2024-06-30,-0.024310772100602437
17621,2024-06-30,64491,2024-09-30,-0.015360118466765549
17621,2024-09-30,63526,2024-12-31,-0.004609390725411621
17622,2024-03-31,244084,2024-06-30,0.0007155197278505729
17622,2024-06-30,271454,2024-09-30,-0.009012306399350713
17622,2024-09-30,284531,2024-12-31,-0.0034842887353920982
17629,2024-03-31,43288,2024-06-30,-0.0072048482672110985
17629,2024-06-30,46590,2024-09-30,-0.00986965040240817
17629,2024-09-30,45358,2024-12-31,-0.008941795179042072
17632,2024-03-31,15347,2024-06-30,-0.0065801471610024516
17632,2024-06-30,14425,2024-09-30,-0.00014566255358922501
17632,2024-09-30,14393,2024-12-31,-0.007003970142332452
17636,2024-03-31,375346,2024-06-30,0.013720493841682906
17636,2024-06-30,368479,2024-09-30,0.01799819878875294
17636,2024-09-30,359478,2024-12-31,0.025292942206032495
17639,2024-03-31,446051,2024-06-30,0.007582329071756727
17639,2024-06-30,451189,2024-09-30,0.0037839682764070916
17639,2024-09-30,459932,2024-12-31,0.023348928630309317
17643,2024-03-31,418747,2024-06-30,0.014044630291205935
17643,2024-06-30,445222,2024-09-30,-0.00423174092059114
17643,2024-09-30,463142,2024-12-31,0.0029528956613216815
17650,2024-03-31,127273,2024-06-30,-0.0005971309415989883
17650,2024-06-30,128725,2024-09-30,-0.015804270122477076
17650,2024-09-30,127727,2024-12-31,0.014748431214754094
17658,2024-03-31,1503369,2024-06-30,0.00717028249120956
17658,2024-06-30,1503955,2024-09-30,0.01929942778182495
17658,2024-09-30,1559068,2024-12-31,0.019725144238686005
17661,2024-03-31,81797,2024-06-30,-0.002562436067700653
17661,2024-06-30,85720,2024-09-30,-0.01012649773698476
17661,2024-09-30,89227,2024-12-31,0.00031874735174622273
17671,2024-03-31,132886,2024-06-30,-0.02038394105539674
17671,2024-06-30,143780,2024-09-30,-0.025199417417973356
17671,2024-09-30,137414,2024-12-31,-0.01656508975872351
17672,2024-03-31,376720,2024-06-30,0.00913931920535314
17672,2024-06-30,376227,2024-09-30,0.023750319015826048
17672,2024-09-30,370067,2024-12-31,0.023904137539575637
17676,2024-03-31,610051,2024-06-30,0.014074022972620842
17676,2024-06-30,610804,2024-09-30,0.015259908483158353
17676,2024-09-30,622969,2024-12-31,0.012962404948467617
17685,2024-03-31,485451,2024-06-30,-0.023970574594341338
17685,2024-06-30,489181,2024-09-30,0.03651954623787388
17685,2024-09-30,495547,2024-12-31,0.09864776034117494
17734,2024-03-31,195063,2024-06-30,0.026614189497233636
17734,2024-06-30,226549,2024-09-30,0.025091398470868748
17734,2024-09-30,213349,2024-12-31,0.032966807986146804
17735,2024-03-31,5105477,2024-06-30,0.01846579815855617
17735,2024-06-30,5096095,2024-09-30,0.020061577815266546
17735,2024-09-30,5121558,2024-12-31,0.025390632487558837
17736,2024-03-31,389045,2024-06-30,0.02333864394318772
17736,2024-06-30,402390,2024-09-30,0.012315700953780461
17736,2024-09-30,403868,2024-12-31,0.018199181134173365
17739,2024-03-31,694800,2024-06-30,0.018851759071785032
17739,2024-06-30,716831,2024-09-30,0.019766080263114143
17739,2024-09-30,745299,2024-12-31,0.034872052820028906
17741,2024-03-31,821220,2024-06-30,0.09503271588587664
17741,2024-06-30,863648,2024-09-30,0.08803408933110987
17741,2024-09-30,905592,2024-12-31,0.09505416441749083
17743,2024-03-31,978717,2024-06-30,0.028687819302169393
17743,2024-06-30,980636,2024-09-30,0.028878194943321025
17743,2024-09-30,1006052,2024-12-31,0.024904466023797908
17748,2024-03-31,1346317,2024-06-30,0.018002716413745096
17748,2024-06-30,1349536,2024-09-30,0.025736440174755074
17748,2024-09-30,1375485,2024-12-31,0.02048542494690307
17749,2024-03-31,1048039,2024-06-30,0.014767068698765025
17749,2024-06-30,1095901,2024-09-30,0.022400983381298176
17749,2024-09-30,1059435,2024-12-31,0.023897760722612096
17751,2024-03-31,1308912,2024-06-30,0.016354742797791873
17751,2024-06-30,1314857,2024-09-30,0.030955251666896097
17751,2024-09-30,1312346,2024-12-31,0.024690167094703865
17759,2024-03-31,93301,2024-06-30,0.020296436168661
17759,2024-06-30,91393,2024-09-30,0.019817439179584624
17759,2024-09-30,95630,2024-12-31,0.028699467193915147
17764,2024-03-31,1905768,2024-06-30,0.037164573761488726
17764,2024-06-30,1994659,2024-09-30,0.05936463330761392
17764,2024-09-30,2051894,2024-12-31,0.06207629488172216
17767,2024-03-31,262574,2024-06-30,-0.020018206685317175
17767,2024-06-30,257528,2024-09-30,-0.020771109572044723
17767,2024-09-30,252767,2024-12-31,0.003915147004949985
17769,2024-03-31,302773,2024-06-30,0.007596467921236746
17769,2024-06-30,305204,2024-09-30,0.014010248817463267
17769,2024-09-30,294462,2024-12-31,0.018770443117345516
17773,2024-03-31,157239,2024-06-30,0.04224659160218814
17773,2024-06-30,159981,2024-09-30,0.03840614521767855
17773,2024-09-30,159680,2024-12-31,0.01677057556739028
17775,2024-03-31,130647,2024-06-30,-0.005672462341161615
17775,2024-06-30,122722,2024-09-30,-0.01806038777437956
17775,2024-09-30,128313,2024-12-31,0.009078117831810147
17782,2024-03-31,87089,2024-06-30,-0.0130966978687522
17782,2024-06-30,85057,2024-09-30,-0.0074638904065102265
17782,2024-09-30,84710,2024-12-31,-0.010685896407444283
17797,2024-03-31,670936,2024-06-30,0.00423037367753246
17797,2024-06-30,689558,2024-09-30,0.014570058435532223
17797,2024-09-30,694557,2024-12-31,0.012612327058923015
17798,2024-03-31,4568096,2024-06-30,0.01000713179078566
17798,2024-06-30,4564667,2024-09-30,0.011106182657763778
17798,2024-09-30,4575064,2024-12-31,0.008781469205750849
17809,2024-03-31,726564,2024-06-30,-0.01550687139026674
17809,2024-06-30,713618,2024-09-30,-0.0017945567159379282
17809,2024-09-30,718706,2024-12-31,0.0212053056056744
17811,2024-03-31,324260,2024-06-30,0.006289701255010909
17811,2024-06-30,311991,2024-09-30,-0.006153609527089154
17811,2024-09-30,313793,2024-12-31,0.01189536198594368
17813,2024-03-31,56807,2024-06-30,-0.038234611603244456
17813,2024-06-30,50464,2024-09-30,0.024297575643843435
17813,2024-09-30,55023,2024-12-31,-0.005499164533579433
17825,2024-03-31,19068,2024-06-30,0.007570603430950225
17825,2024-06-30,20227,2024-09-30,-0.00713051198440219
17825,2024-09-30,18301,2024-12-31,0.021348201826660803
17830,2024-03-31,145210,2024-06-30,0.0014644952644782322
17830,2024-06-30,140573,2024-09-30,0.009896329587107741
17830,2024-09-30,142461,2024-12-31,0.008076321188877491
17832,2024-03-31,208957,2024-06-30,0.004075587249167454
17832,2024-06-30,207705,2024-09-30,0.010456483770992928
17832,2024-09-30,213437,2024-12-31,0.007895199508284958
17838,2024-03-31,16392626,2024-06-30,0.09164245433642879
17838,2024-06-30,16651602,2024-09-30,0.0989519758509498
17838,2024-09-30,16765301,2024-12-31,0.09528423878042233
17841,2024-03-31,132467,2024-06-30,0.011765012032380914
17841,2024-06-30,132276,2024-09-30,0.008920649500708462
17841,2024-09-30,129129,2024-12-31,0.0320237689984649
17842,2024-03-31,3832549,2024-06-30,0.019971017794959474
17842,2024-06-30,3694059,2024-09-30,0.026752963504489538
17842,2024-09-30,3783129,2024-12-31,0.018643267674814216
17863,2024-03-31,369467,2024-06-30,0.00023356133037475294
17863,2024-06-30,336403,2024-09-30,0.01726148318301816
17863,2024-09-30,353676,2024-12-31,0.017259871006141583
17870,2024-03-31,5498458,2024-06-30,0.0261112641105844
17870,2024-06-30,5581059,2024-09-30,0.029557551409243737
17870,2024-09-30,5559161,2024-12-31,0.035071001235126804
17872,2024-03-31,112983,2024-06-30,-0.006529423359158104
17872,2024-06-30,113566,2024-09-30,0.004020302747812978
17872,2024-09-30,118631,2024-12-31,-0.005137625426696993
17878,2024-03-31,77263,2024-06-30,0.007695176148444728
17878,2024-06-30,77891,2024-09-30,0.00731904743304131
17878,2024-09-30,78628,2024-12-31,0.011149794962079792
17881,2024-03-31,177256,2024-06-30,0.050360084592868885
17881,2024-06-30,183085,2024-09-30,0.05601461745627039
17881,2024-09-30,192363,2024-12-31,0.06487069163873212
17897,2024-03-31,1296371,2024-06-30,-0.0015946404658891686
17897,2024-06-30,1311255,2024-09-30,0.027644727041467997
17897,2024-09-30,1323557,2024-12-31,0.026656614351923603
17903,2024-03-31,320457,2024-06-30,0.002564102080904719
17903,2024-06-30,313264,2024-09-30,0.008370711532455414
17903,2024-09-30,325843,2024-12-31,0.007812343356141944
17906,2024-03-31,209972,2024-06-30,0.006233291914456219
17906,2024-06-30,203363,2024-09-30,0.015089174942855275
17906,2024-09-30,207844,2024-12-31,0.03019386970679116
17910,2024-03-31,1228868,2024-06-30,0.020127464228978903
17910,2024-06-30,1229603,2024-09-30,0.02707298880819535
17910,2024-09-30,1216288,2024-12-31,0.039966625246026
17913,2024-03-31,120648,2024-06-30,0.004529290249759998
17913,2024-06-30,114961,2024-09-30,-0.006448545892290761
17913,2024-09-30,118103,2024-12-31,-0.00021234489488465563
17922,2024-03-31,80564,2024-06-30,-0.0014750882972319281
17922,2024-06-30,81443,2024-09-30,0.017055805048454612
17922,2024-09-30,82589,2024-12-31,0.027595217854033103
17927,2024-03-31,186227,2024-06-30,-0.03899689445373823
17927,2024-06-30,203505,2024-09-30,-0.05895495758148541
17927,2024-09-30,201037,2024-12-31,-0.03302011537337504
17933,2024-03-31,701788,2024-06-30,0.014254153293183662
17933,2024-06-30,669101,2024-09-30,0.017382510223120522
17933,2024-09-30,687310,2024-12-31,0.01564657044330808
17937,2024-03-31,674743,2024-06-30,0.020801837740729866
17937,2024-06-30,619182,2024-09-30,0.04043007111538496
17937,2024-09-30,609499,2024-12-31,0.02353959753244885
17943,2024-03-31,6124356,2024-06-30,0.025371043720639364
17943,2024-06-30,6285993,2024-09-30,0.026815756490161914
17943,2024-09-30,6420691,2024-12-31,0.028259374759678543
17950,2024-03-31,329812,2024-06-30,0.013265818990778512
17950,2024-06-30,319943,2024-09-30,0.024959294491162173
17950,2024-09-30,336593,2024-12-31,0.023432664670582477
17951,2024-03-31,661495,2024-06-30,0.016216882853709137
17951,2024-06-30,665540,2024-09-30,0.02418379999491084
17951,2024-09-30,688357,2024-12-31,0.031665163019334946
17959,2024-03-31,329437,2024-06-30,-0.010304697796129251
17959,2024-06-30,340107,2024-09-30,-0.0020091069536436034
17959,2024-09-30,344379,2024-12-31,-0.0106844061390742
17960,2024-03-31,1003157,2024-06-30,0.017429840639018472
17960,2024-06-30,1047199,2024-09-30,0.039339702708005075
17960,2024-09-30,1050589,2024-12-31,0.029350246085674166
17964,2024-03-31,2001768,2024-06-30,0.051098038376220414
17964,2024-06-30,2030505,2024-09-30,0.05049062585778842
17964,2024-09-30,2098360,2024-12-31,0.039265138982936584
17975,2024-03-31,106782,2024-06-30,0.02178402462362601
17975,2024-06-30,105702,2024-09-30,0.025313090594325245
17975,2024-09-30,102685,2024-12-31,0.019855246955488046
17979,2024-03-31,251738,2024-06-30,0.03642352718218095
17979,2024-06-30,243967,2024-09-30,0.01117684155353391
17979,2024-09-30,238563,2024-12-31,0.016047447737687254
17982,2024-03-31,11080,2024-06-30,-0.006354316315471175
17982,2024-06-30,14158,2024-09-30,-0.08539429140783647
17982,2024-09-30,14351,2024-12-31,-0.07901309703303076
17985,2024-03-31,18675746,2024-06-30,-0.0076452146645089505
17985,2024-06-30,18327746,2024-09-30,-0.0013819722074435831
17985,2024-09-30,18167054,2024-12-31,0.012386132341129041
17993,2024-03-31,159863,2024-06-30,0.028187042126045517
17993,2024-06-30,147918,2024-09-30,0.06633542727402872
17993,2024-09-30,159660,2024-12-31,0.021467157501147482
17995,2024-03-31,39434,2024-06-30,0.004324187210828295
17995,2024-06-30,39689,2024-09-30,0.011064906493550892
17995,2024-09-30,39286,2024-12-31,0.00742823755497107
18012,2024-03-31,2087993,2024-06-30,0.023483031596208955
18012,2024-06-30,2102355,2024-09-30,0.037805796033902085
18012,2024-09-30,2179694,2024-12-31,0.02461781746411888
18013,2024-03-31,2511525,2024-06-30,-0.00828732339490591
18013,2024-06-30,2458436,2024-09-30,0.02537484842173308
18013,2024-09-30,2534229,2024-12-31,0.025099087390858234
18019,2024-03-31,202849,2024-06-30,0.012275656308731064
18019,2024-06-30,210316,2024-09-30,0.021789228380694164
18019,2024-09-30,208512,2024-12-31,0.028631293081633823
18028,2024-03-31,325871,2024-06-30,0.02470367998655114
18028,2024-06-30,324859,2024-09-30,0.013956574592941444
18028,2024-09-30,337570,2024-12-31,0.013497282362134233
18030,2024-03-31,679167,2024-06-30,0.03162919295619827
18030,2024-06-30,682796,2024-09-30,0.037419577604692666
18030,2024-09-30,707506,2024-12-31,0.029323880670059654
18031,2024-03-31,532494,2024-06-30,-0.020488931051066462
18031,2024-06-30,520982,2024-09-30,-0.020332150693293412
18031,2024-09-30,528633,2024-12-31,0.007267865683481377
18033,2024-03-31,132711,2024-06-30,0.0011850095185986659
18033,2024-06-30,139273,2024-09-30,0.027283247793231078
18033,2024-09-30,141134,2024-12-31,0.026185065636572566
18038,2024-03-31,409953,2024-06-30,0.01109106139687693
18038,2024-06-30,406919,2024-09-30,0.012829374595350192
18038,2024-09-30,436224,2024-12-31,0.02047935460701581
18053,2024-03-31,19418064,2024-06-30,0.01553376645636592
18053,2024-06-30,19224963,2024-09-30,0.022097660501854077
18053,2024-09-30,19736645,2024-12-31,0.012275407262611735
18059,2024-03-31,1699969,2024-06-30,0.017637711350490304
18059,2024-06-30,1706880,2024-09-30,0.025995581502307373
18059,2024-09-30,1756677,2024-12-31,0.0323283949364656
18063,2024-03-31,92650,2024-06-30,0.01493844893763377
18063,2024-06-30,98358,2024-09-30,0.013054647414036809
18063,2024-09-30,106182,2024-12-31,0.021141562514038755
18071,2024-03-31,70295,2024-06-30,0.01128194335273602
18071,2024-06-30,68950,2024-09-30,0.004138188429700755
18071,2024-09-30,66819,2024-12-31,0.005114607160557
18094,2024-03-31,27176,2024-06-30,0.0025325194026943193
18094,2024-06-30,26901,2024-09-30,-0.004191166803869912
18094,2024-09-30,26585,2024-12-31,-0.0032806722607778217
18100,2024-03-31,1041889,2024-06-30,0.0066159256770457805
18100,2024-06-30,1018349,2024-09-30,0.006181931098604944
18100,2024-09-30,1022298,2024-12-31,0.01930701539666833
18101,2024-03-31,51157,2024-06-30,0.028819915915788495
18101,2024-06-30,50643,2024-09-30,0.022690162610909496
18101,2024-09-30,48647,2024-12-31,0.0038177780252804413
18109,2024-03-31,92770,2024-06-30,-0.0018036588734666092
18109,2024-06-30,94017,2024-09-30,-0.026180397264228845
18109,2024-09-30,90682,2024-12-31,-0.07027832489221772
18118,2024-03-31,365249,2024-06-30,-0.02471692448153991
18118,2024-06-30,360451,2024-09-30,-0.028335156814680136
18118,2024-09-30,356905,2024-12-31,-0.00837897193556824
18120,2024-03-31,137026,2024-06-30,0.0017445508535733657
18120,2024-06-30,130286,2024-09-30,-0.0038554414424455184
18120,2024-09-30,131752,2024-12-31,-0.002481621918940087
18129,2024-03-31,2178678,2024-06-30,0.01793243332167868
18129,2024-06-30,2221270,2024-09-30,0.023863315371008453
18129,2024-09-30,2221720,2024-12-31,0.028412428059624135
18132,2024-03-31,192505,2024-06-30,-0.01339464648125438
18132,2024-06-30,180367,2024-09-30,0.004074674089121555
18132,2024-09-30,174288,2024-12-31,0.01273943365751942
18136,2024-03-31,79021,2024-06-30,-0.013490641689779138
18136,2024-06-30,78109,2024-09-30,-0.01053656649569871
18136,2024-09-30,77664,2024-12-31,-0.0019578953374553604
18143,2024-03-31,532671,2024-06-30,0.006777898664230261
18143,2024-06-30,537628,2024-09-30,0.018313436972499136
18143,2024-09-30,548676,2024-12-31,0.03008480704144018
18145,2024-03-31,59763,2024-06-30,0.0028634304902083276
18145,2024-06-30,61763,2024-09-30,0.00835598656097366
18145,2024-09-30,67863,2024-12-31,0.009762224862322902
18155,2024-03-31,198094,2024-06-30,0.01027391830878868
18155,2024-06-30,196346,2024-09-30,0.010830764102418603
18155,2024-09-30,191906,2024-12-31,0.01202182280259951
18164,2024-03-31,71965,2024-06-30,0.02197799110293622
18164,2024-06-30,70507,2024-09-30,0.0034765827559957293
18164,2024-09-30,70975,2024-12-31,0.013009104238625203
18165,2024-03-31,81071,2024-06-30,-0.00343402760093259
18165,2024-06-30,81514,2024-09-30,-0.0016629871809312343
18165,2024-09-30,83475,2024-12-31,0.006094940458844745
18171,2024-03-31,304229,2024-06-30,0.0005084162943092658
18171,2024-06-30,292777,2024-09-30,0.016443752710883587
18171,2024-09-30,297087,2024-12-31,0.006200494452484041
18185,2024-03-31,1041634,2024-06-30,0.010221989812048025
18185,2024-06-30,1077501,2024-09-30,0.02821001715648441
18185,2024-09-30,1091517,2024-12-31,0.025471195176860372
18190,2024-03-31,2224536,2024-06-30,0.014401136880865782
18190,2024-06-30,2266509,2024-09-30,0.021715438006103673
18190,2024-09-30,2254393,2024-12-31,0.02080807868486582
18194,2024-03-31,951871,2024-06-30,0.016945724994383172
18194,2024-06-30,984262,2024-09-30,0.013653549128332493
18194,2024-09-30,1009229,2024-12-31,0.010466878235861735
18198,2024-03-31,1756013,2024-06-30,0.02778157933595412
18198,2024-06-30,1804284,2024-09-30,0.03932743237219091
18198,2024-09-30,1791717,2024-12-31,0.039744782241621424
18199,2024-03-31,1490166,2024-06-30,0.002985937953798327
18199,2024-06-30,1444130,2024-09-30,0.008037378534690907
18199,2024-09-30,1566492,2024-12-31,0.015474270738574344
18200,2024-03-31,894372,2024-06-30,0.0012867541833006088
18200,2024-06-30,874119,2024-09-30,0.005394473201657314
18200,2024-09-30,896391,2024-12-31,0.010172693541711157
18204,2024-03-31,1677964,2024-06-30,0.008422864170118612
18204,2024-06-30,1773295,2024-09-30,-0.0015565602538590846
18204,2024-09-30,1791127,2024-12-31,0.00011815796919496956
18213,2024-03-31,1519593,2024-06-30,0.0016993647122062092
18213,2024-06-30,1534401,2024-09-30,0.0005673986977659419
18213,2024-09-30,1485721,2024-12-31,0.00444517805259762
18216,2024-03-31,203797,2024-06-30,0.01410571366513172
18216,2024-06-30,208058,2024-09-30,0.01500298018537865
18216,2024-09-30,209169,2024-12-31,0.011602987549946266
18221,2024-03-31,61071532,2024-06-30,0.006619935192022548
18221,2024-06-30,62593777,2024-09-30,0.017087960457282867
18221,2024-09-30,64840074,2024-12-31,0.00858729612307433
18227,2024-03-31,184803,2024-06-30,-0.0031926031677760114
18227,2024-06-30,183063,2024-09-30,-0.0012899413436350611
18227,2024-09-30,179839,2024-12-31,-0.0010189675167121132
18229,2024-03-31,1001413,2024-06-30,0.052786880324026966
18229,2024-06-30,985789,2024-09-30,0.09334040759672348
18229,2024-09-30,1008941,2024-12-31,0.09710905903737216
18237,2024-03-31,348140,2024-06-30,0.01546176859763867
18237,2024-06-30,349033,2024-09-30,0.021851845955498696
18237,2024-09-30,356572,2024-12-31,0.03021528558126183
18238,2024-03-31,1232999,2024-06-30,-0.00557524605719897
18238,2024-06-30,1204089,2024-09-30,0.01729321485899402
18238,2024-09-30,1249879,2024-12-31,0.0228660142594267
18258,2024-03-31,1578364,2024-06-30,0.027432701125302994
18258,2024-06-30,1599922,2024-09-30,0.04322433713230729
18258,2024-09-30,1598475,2024-12-31,0.03421960045392231
18266,2024-03-31,2690228,2024-06-30,-0.0056457924362578555
18266,2024-06-30,2788068,2024-09-30,-0.001591396154550197
18266,2024-09-30,2624991,2024-12-31,0.0017478279409694406
18272,2024-03-31,1187927,2024-06-30,0.01014689069513302
18272,2024-06-30,1188553,2024-09-30,0.023896652271205975
18272,2024-09-30,1269147,2024-12-31,0.02589114996411734
18282,2024-03-31,154263,2024-06-30,0.0011152435488206028
18282,2024-06-30,148076,2024-09-30,-0.00782707995127215
18282,2024-09-30,141105,2024-12-31,-0.012223090361869943
18284,2024-03-31,154579,2024-06-30,0.01837335445657649
18284,2024-06-30,162649,2024-09-30,0.011157597901152673
18284,2024-09-30,168270,2024-12-31,0.012518473839514276
18296,2024-03-31,699439,2024-06-30,-0.007007078307068103
18296,2024-06-30,741275,2024-09-30,0.023026908797607316
18296,2024-09-30,728268,2024-12-31,0.01701859976642831
18297,2024-03-31,6554051,2024-06-30,-0.0014571611327914241
18297,2024-06-30,6502461,2024-09-30,-0.0011481080265188374
18297,2024-09-30,6446017,2024-12-31,0.001336255326107083
18301,2024-03-31,105556,2024-06-30,0.0042161517925681765
18301,2024-06-30,102751,2024-09-30,0.016414380969318743
18301,2024-09-30,98367,2024-12-31,0.023985044426564763
18302,2024-03-31,31099,2024-06-30,0.04311977502559666
18302,2024-06-30,28064,2024-09-30,0.0041033914035189705
18302,2024-09-30,27852,2024-12-31,-0.0012789198584956404
18342,2024-03-31,500,2024-06-30,9.40216606584327e-08
18342,2024-06-30,500,2024-09-30,9.40216606584327e-08
18342,2024-09-30,500,2024-12-31,9.40216606584327e-08
18344,2024-03-31,562985,2024-06-30,0.038625867687108635
18344,2024-06-30,596086,2024-09-30,0.05230375852740833
18344,2024-09-30,655146,2024-12-31,0.060000649797254224
18355,2024-03-31,1517727,2024-06-30,-0.033532297016848824
18355,2024-06-30,1485693,2024-09-30,-0.011745981131473595
18355,2024-09-30,1543618,2024-12-31,0.0005274624350879119
18356,2024-03-31,153905,2024-06-30,0.01005813999596375
18356,2024-06-30,150118,2024-09-30,0.0072868683971597055
18356,2024-09-30,152948,2024-12-31,0.018310770814607254
18361,2024-03-31,457815,2024-06-30,0.01061623639155706
18361,2024-06-30,457946,2024-09-30,0.02511063789357188
18361,2024-09-30,469487,2024-12-31,0.01842375044625862
18374,2024-03-31,338035,2024-06-30,0.033083284199029346
18374,2024-06-30,641267,2024-09-30,0.12468770651169994
18374,2024-09-30,650281,2024-12-31,0.04623706992126368
18378,2024-03-31,75976,2024-06-30,0.0048178384009087295
18378,2024-06-30,77450,2024-09-30,-0.0017158246465577493
18378,2024-09-30,80493,2024-12-31,-0.00013005397239916036
18380,2024-03-31,115794,2024-06-30,0.013810037280051087
18380,2024-06-30,119002,2024-09-30,0.02374143995424931
18380,2024-09-30,118830,2024-12-31,0.02231862873301289
18384,2024-03-31,352860,2024-06-30,0.039956401568335236
18384,2024-06-30,362154,2024-09-30,0.05723327656426544
18384,2024-09-30,339469,2024-12-31,0.07508542277706289
18385,2024-03-31,452922,2024-06-30,0.04295939937648216
18385,2024-06-30,441888,2024-09-30,0.053473225047404566
18385,2024-09-30,431044,2024-12-31,0.08182737049377733
18389,2024-03-31,717643,2024-06-30,0.0034323742162671485
18389,2024-06-30,671561,2024-09-30,0.0139341760235281
18389,2024-09-30,693290,2024-12-31,0.02102702066943249
18394,2024-03-31,118216,2024-06-30,0.01122483794377002
18394,2024-06-30,111097,2024-09-30,0.01638466581851726
18394,2024-09-30,116388,2024-12-31,0.005426350815619753
18400,2024-03-31,422614,2024-06-30,-0.010784168487063504
18400,2024-06-30,405680,2024-09-30,-0.007025130894680967
18400,2024-09-30,418969,2024-12-31,0.011776727322869093
18402,2024-03-31,1266827,2024-06-30,0.016816624709512146
18402,2024-06-30,1336683,2024-09-30,0.024215962377833085
18402,2024-09-30,1339384,2024-12-31,0.02029230502597662
18408,2024-03-31,5243296,2024-06-30,-0.017084437853935715
18408,2024-06-30,5353465,2024-09-30,0.002792524333528525
18408,2024-09-30,5440947,2024-12-31,0.018545853286602906
18409,2024-03-31,298344717,2024-06-30,-0.008270735002050363
18409,2024-06-30,290083927,2024-09-30,-0.003487475985549368
18409,2024-09-30,294569065,2024-12-31,0.02754873800599513
18429,2024-03-31,4605079,2024-06-30,0.031258495244251554
18429,2024-06-30,4618184,2024-09-30,0.022709515827822324
18429,2024-09-30,4654671,2024-12-31,0.0004267045237624128
18431,2024-03-31,507380,2024-06-30,-0.00473440662028818
18431,2024-06-30,501140,2024-09-30,-0.004181993321426938
18431,2024-09-30,495692,2024-12-31,0.004632561382856088
18443,2024-03-31,614272,2024-06-30,-0.0008249826995868105
18443,2024-06-30,612419,2024-09-30,-0.0003609208598339628
18443,2024-09-30,632439,2024-12-31,0.007909270947161713
18448,2024-03-31,105590,2024-06-30,-0.00887914021505623
18448,2024-06-30,104678,2024-09-30,0.01188325939373545
18448,2024-09-30,104258,2024-12-31,0.016892102833687528
18454,2024-03-31,76132,2024-06-30,0.008203523642073229
18454,2024-06-30,72939,2024-09-30,0.010867934151794708
18454,2024-09-30,73574,2024-12-31,0.0038823723751013187
18463,2024-03-31,38688,2024-06-30,0.014364512089269671
18463,2024-06-30,37035,2024-09-30,0.007014262159660457
18463,2024-09-30,35914,2024-12-31,0.0046346679818697785
18474,2024-03-31,252939,2024-06-30,-0.009011396675594875
18474,2024-06-30,242669,2024-09-30,0.0031142805706645535
18474,2024-09-30,242528,2024-12-31,0.00032995461305369514
18483,2024-03-31,23599,2024-06-30,-0.0011384197313997944
18483,2024-06-30,22937,2024-09-30,-0.032752280441949465
18483,2024-09-30,21498,2024-12-31,-0.01975365817816674
18489,2024-03-31,1147625,2024-06-30,0.03032647342235416
18489,2024-06-30,1134307,2024-09-30,0.03283781208297618
18489,2024-09-30,1155761,2024-12-31,0.03461894536732482
18503,2024-03-31,19707315,2024-06-30,-0.0016230274143558508
18503,2024-06-30,19622541,2024-09-30,0.019102090098520437
18503,2024-09-30,19752002,2024-12-31,0.01016191141307556
18508,2024-03-31,81885,2024-06-30,0.009269646546299618
18508,2024-06-30,80526,2024-09-30,0.004800666580770548
18508,2024-09-30,82035,2024-12-31,0.0031445169829330375
18514,2024-03-31,222196,2024-06-30,-0.029596407925659325
18514,2024-06-30,224242,2024-09-30,-0.009656514155047967
18514,2024-09-30,222622,2024-12-31,-0.0004176525087646148
18518,2024-03-31,155555,2024-06-30,0.022594336666088982
18518,2024-06-30,155775,2024-09-30,0.017459132083715537
18518,2024-09-30,162967,2024-12-31,0.013134347109242541
18519,2024-03-31,606194,2024-06-30,0.016407973970835817
18519,2024-06-30,617288,2024-09-30,0.025760519269393434
18519,2024-09-30,677751,2024-12-31,0.04218179550010303
18561,2024-03-31,2113829,2024-06-30,0.0007756588473613611
18561,2024-06-30,2199950,2024-09-30,0.02066947777772486
18561,2024-09-30,2067500,2024-12-31,0.012363278918420388
18564,2024-03-31,267268,2024-06-30,0.007983220117870808
18564,2024-06-30,264590,2024-09-30,0.014805995074070039
18564,2024-09-30,275766,2024-12-31,0.02246106865935965
18566,2024-03-31,296666,2024-06-30,0.01682119891318543
18566,2024-06-30,289823,2024-09-30,0.01997001110927702
18566,2024-09-30,289338,2024-12-31,0.025087826823885925
18568,2024-03-31,28593,2024-06-30,0.011199713046781178
18568,2024-06-30,28872,2024-09-30,-0.004790762231031682
18568,2024-09-30,28544,2024-12-31,0.011124971170720036
18569,2024-03-31,1125741,2024-06-30,0.007648292098921055
18569,2024-06-30,1165480,2024-09-30,0.02541700655285527
18569,2024-09-30,1149433,2024-12-31,0.025810899284822355
18576,2024-03-31,394988,2024-06-30,0.01693634671401519
18576,2024-06-30,430834,2024-09-30,0.02664657924083242
18576,2024-09-30,437723,2024-12-31,0.028574243079041287
18584,2024-03-31,521630,2024-06-30,0.013672044024703777
18584,2024-06-30,507216,2024-09-30,0.026702025843701408
18584,2024-09-30,511323,2024-12-31,0.027433430168146037
18592,2024-03-31,479221,2024-06-30,0.03141068703569012
18592,2024-06-30,444688,2024-09-30,0.025975654096951916
18592,2024-09-30,435815,2024-12-31,0.02084300615581191
18609,2024-03-31,1301728,2024-06-30,0.01381357799684611
18609,2024-06-30,1270199,2024-09-30,0.015706563418763152
18609,2024-09-30,1320406,2024-12-31,0.027878594298033115
18610,2024-03-31,353664,2024-06-30,0.003013805747878641
18610,2024-06-30,350809,2024-09-30,-0.001190836382542314
18610,2024-09-30,348087,2024-12-31,-0.0006898197989333431
18618,2024-03-31,4039913,2024-06-30,0.04465031371340931
18618,2024-06-30,4530242,2024-09-30,0.06078680742044211
18618,2024-09-30,4734556,2024-12-31,0.06579367938477193
18620,2024-03-31,183305,2024-06-30,2.3152101460568637e-05
18620,2024-06-30,182588,2024-09-30,-0.005424194485877634
18620,2024-09-30,183411,2024-12-31,0.001006719038169308
18641,2024-03-31,185098,2024-06-30,0.026870104094255425
18641,2024-06-30,177786,2024-09-30,-0.0006252826793497186
18641,2024-09-30,178307,2024-12-31,-8.316525390624219e-05
18660,2024-03-31,257081,2024-06-30,0.010417623567805267
18660,2024-06-30,253902,2024-09-30,0.006668704765841267
18660,2024-09-30,260984,2024-12-31,0.003019430888072255
18677,2024-03-31,107472,2024-06-30,0.002662487661214233
18677,2024-06-30,118259,2024-09-30,-0.001988161428884061
18677,2024-09-30,135319,2024-12-31,0.019774164002103155
18698,2024-03-31,331420,2024-06-30,0.005640473141531336
18698,2024-06-30,332887,2024-09-30,0.013346899220807059
18698,2024-09-30,322916,2024-12-31,0.009444466877332226
18710,2024-03-31,205948,2024-06-30,0.004352708807435284
18710,2024-06-30,203075,2024-09-30,0.004660939290956326
18710,2024-09-30,209808,2024-12-31,0.0014335512756265855
18714,2024-03-31,24633975,2024-06-30,0.014151551704609341
18714,2024-06-30,24158064,2024-09-30,0.012850563962752078
18714,2024-09-30,23995632,2024-12-31,0.017424043131700984
18719,2024-03-31,48565,2024-06-30,0.0013404212720748304
18719,2024-06-30,47032,2024-09-30,0.01519817062152409
18719,2024-09-30,47985,2024-12-31,0.005423763400315942
18724,2024-03-31,25045,2024-06-30,-0.020963102201767513
18724,2024-06-30,24842,2024-09-30,-0.010338665660727839
18724,2024-09-30,24364,2024-12-31,0.015813213500169017
18734,2024-03-31,565272,2024-06-30,0.18711330464484788
18734,2024-06-30,663678,2024-09-30,0.2363900570892216
18734,2024-09-30,745724,2024-12-31,0.17554494311588037
18740,2024-03-31,698718,2024-06-30,0.01606853199339995
18740,2024-06-30,680260,2024-09-30,0.02341539403835466
18740,2024-09-30,659040,2024-12-31,0.038100550750458255
18748,2024-03-31,504382,2024-06-30,0.02674628752336381
18748,2024-06-30,484931,2024-09-30,0.008205212250051858
18748,2024-09-30,498158,2024-12-31,0.01738785199459199
18761,2024-03-31,145454,2024-06-30,0.0442518208809637
18761,2024-06-30,149231,2024-09-30,0.044546812858288334
18761,2024-09-30,149762,2024-12-31,0.025756551454440692
18780,2024-03-31,240191,2024-06-30,0.01829177068276979
18780,2024-06-30,226701,2024-09-30,0.01320931305590343
18780,2024-09-30,234195,2024-12-31,0.019431876638970856
18820,2024-03-31,129509,2024-06-30,0.034158558887550074
18820,2024-06-30,147013,2024-09-30,0.07092470455480956
18820,2024-09-30,150969,2024-12-31,0.04218705312947225
18838,2024-03-31,27779,2024-06-30,0.016290339928698088
18838,2024-06-30,28410,2024-09-30,0.0021386136012242906
18841,2024-03-31,412978,2024-06-30,-0.013084952830080302
18841,2024-06-30,427544,2024-09-30,0.007609762392508893
18841,2024-09-30,435510,2024-12-31,0.023525827798024465
18856,2024-03-31,124258,2024-06-30,0.13508186751611975
18856,2024-06-30,116056,2024-09-30,0.06606806054861583
18856,2024-09-30,117128,2024-12-31,0.057577023408990555
18858,2024-03-31,298440,2024-06-30,-0.0003032131778408295
18858,2024-06-30,298786,2024-09-30,0.010507119747786686
18858,2024-09-30,295183,2024-12-31,0.013324473079584852
18879,2024-03-31,109068,2024-06-30,0.026164657274588003
18879,2024-06-30,108207,2024-09-30,0.024072013532855503
18879,2024-09-30,112376,2024-12-31,0.015309570919936632
18880,2024-03-31,560808,2024-06-30,-0.014920241890491492
18880,2024-06-30,516463,2024-09-30,-0.01705197905837239
18880,2024-09-30,515911,2024-12-31,-0.005287611140984497
18885,2024-03-31,251863,2024-06-30,-0.010976020347708176
18885,2024-06-30,251094,2024-09-30,-0.010909560436480795
18885,2024-09-30,251570,2024-12-31,-0.009697573192377448
18889,2024-03-31,107267,2024-06-30,0.001239735437545661
18889,2024-06-30,107594,2024-09-30,-0.00034377492859912254
18889,2024-09-30,106633,2024-12-31,-0.0014436473143209171
18892,2024-03-31,48381,2024-06-30,0.018638436269897297
18892,2024-06-30,43989,2024-09-30,0.04468542215012372
18892,2024-09-30,42771,2024-12-31,0.04254587217316101
18895,2024-03-31,192225,2024-06-30,0.027761258250506078
18895,2024-06-30,207380,2024-09-30,-0.01529745363184269
18895,2024-09-30,188300,2024-12-31,0.05297233631633604
18922,2024-03-31,1714133,2024-06-30,0.001514456280369762
18922,2024-06-30,1664929,2024-09-30,0.0036779426461238125
18922,2024-09-30,1650638,2024-12-31,0.014771621386142627
18924,2024-03-31,106292,2024-06-30,0.2291002016926722
18924,2024-06-30,128767,2024-09-30,0.49132427183971294
18924,2024-09-30,149415,2024-12-31,0.4585773684924805
18930,2024-03-31,115078,2024-06-30,0.01712096544389869
18930,2024-06-30,116905,2024-09-30,-0.004350651618205175
18930,2024-09-30,126814,2024-12-31,-0.025814412861267868
18937,2024-03-31,24604,2024-06-30,0.0023192174960103614
18937,2024-06-30,25844,2024-09-30,0.013809435167366687
18937,2024-09-30,24852,2024-12-31,0.0066468640781129264
18942,2024-03-31,38212,2024-06-30,-0.01236233221852597
18942,2024-06-30,40464,2024-09-30,0.006891680918836714
18942,2024-09-30,39147,2024-12-31,-9.642593632715172e-06
18983,2024-03-31,4310628,2024-06-30,0.016398881494945988
18983,2024-06-30,4480928,2024-09-30,0.05090971499391181
18983,2024-09-30,4449479,2024-12-31,0.04553781743217707
19001,2024-03-31,495592,2024-06-30,0.017559746192926075
19001,2024-06-30,485550,2024-09-30,0.015721612389281107
19001,2024-09-30,480945,2024-12-31,0.016107455907152703
19008,2024-03-31,2770202,2024-06-30,0.009485017288869189
19008,2024-06-30,2727342,2024-09-30,0.01014003887632149
19008,2024-09-30,2728282,2024-12-31,0.010239906282858873
19011,2024-03-31,265107,2024-06-30,-0.0013689992597588274
19011,2024-06-30,257881,2024-09-30,0.0008569648463508531
19011,2024-09-30,270883,2024-12-31,-0.01763622702166993
19024,2024-03-31,284041,2024-06-30,0.00711136900027675
19024,2024-06-30,280346,2024-09-30,0.015911931934205207
19024,2024-09-30,290261,2024-12-31,0.019499826990591093
19070,2024-03-31,345848,2024-06-30,-0.005603326919842571
19070,2024-06-30,334294,2024-09-30,0.004427220011169673
19070,2024-09-30,331033,2024-12-31,0.008219927932188007
19080,2024-03-31,3550037,2024-06-30,0.01088822436101251
19080,2024-06-30,3756134,2024-09-30,0.018510256019799824
19080,2024-09-30,3858978,2024-12-31,0.01780309717754913
19087,2024-03-31,63369,2024-06-30,-0.042684062111351145
19087,2024-06-30,61619,2024-09-30,-0.018613793963657102
19087,2024-09-30,65351,2024-12-31,-0.007289682183282097
19101,2024-03-31,571105,2024-06-30,0.02943844288721029
19101,2024-06-30,599119,2024-09-30,0.031223503756096095
19101,2024-09-30,626814,2024-12-31,0.020827353918553206
19105,2024-03-31,21953,2024-06-30,0.01352815507034783
19105,2024-06-30,22022,2024-09-30,0.011298220005016922
19105,2024-09-30,23885,2024-12-31,-0.017483441746128845
19123,2024-03-31,1960726,2024-06-30,0.021940421063989905
19123,2024-06-30,1916223,2024-09-30,0.03026013535257169
19123,2024-09-30,1924088,2024-12-31,0.03411887465951052
19143,2024-03-31,546503,2024-06-30,-0.004960064133007088
19143,2024-06-30,518672,2024-09-30,-0.007639046381065833
19143,2024-09-30,515659,2024-12-31,-0.002150950071460534
19163,2024-03-31,381852,2024-06-30,0.05103729672031036
19163,2024-06-30,396090,2024-09-30,0.05609559997630292
19163,2024-09-30,416067,2024-12-31,0.0617842400881438
19184,2024-03-31,894139,2024-06-30,-0.01240543415277565
19184,2024-06-30,892676,2024-09-30,0.00242497967947752
19184,2024-09-30,975811,2024-12-31,-0.013280575786510023
19188,2024-03-31,219043,2024-06-30,-0.015805409092542355
19188,2024-06-30,211552,2024-09-30,-0.002340440081606024
19212,2024-03-31,627563,2024-06-30,0.0165069811482126
19212,2024-06-30,618106,2024-09-30,0.00021574668911759776
19212,2024-09-30,616451,2024-12-31,0.01210766748270842
19213,2024-03-31,1437129,2024-06-30,0.024485748302860915
19213,2024-06-30,1343707,2024-09-30,0.02881155510276764
19213,2024-09-30,1450591,2024-12-31,0.026446956841908724
19215,2024-03-31,995961,2024-06-30,0.04401575954235755
19215,2024-06-30,993444,2024-09-30,0.022953385117227863
19215,2024-09-30,1077915,2024-12-31,0.03474091215635289
19220,2024-03-31,2533143,2024-06-30,-0.019611164469216534
19220,2024-06-30,2428005,2024-09-30,-0.026066301191475943
19220,2024-09-30,2538609,2024-12-31,-0.002463434441682365
19222,2024-03-31,5094966,2024-06-30,0.009366898981338221
19222,2024-06-30,5104409,2024-09-30,0.02237529393089521
19222,2024-09-30,5289190,2024-12-31,0.01326096355713265
19230,2024-03-31,44667,2024-06-30,0.026998921818092173
19230,2024-06-30,45752,2024-09-30,0.02983985624476592
19230,2024-09-30,44801,2024-12-31,0.029873629490921056
19234,2024-03-31,266641,2024-06-30,-0.0012946484940172252
19234,2024-06-30,300997,2024-09-30,-0.02315640576489869
19234,2024-09-30,306970,2024-12-31,-0.009964585241205309
19254,2024-03-31,469655,2024-06-30,-0.0030007600864397346
19254,2024-06-30,427901,2024-09-30,-0.0009208164422315838
19254,2024-09-30,410546,2024-12-31,0.019376234973177323
19274,2024-03-31,286981,2024-06-30,0.0030543117400114376
19274,2024-06-30,286765,2024-09-30,0.009853256208465425
19274,2024-09-30,313186,2024-12-31,0.0070302057012429
19278,2024-03-31,116925,2024-06-30,0.010034682202818791
19278,2024-06-30,116966,2024-09-30,0.010401146551505848
19278,2024-09-30,118973,2024-12-31,0.02009025957054801
19285,2024-03-31,324379,2024-06-30,0.0007945636925673573
19285,2024-06-30,323258,2024-09-30,0.008432274361036014
19285,2024-09-30,327371,2024-12-31,0.0025928962331358985
19288,2024-03-31,892234,2024-06-30,0.00933785564565444
19288,2024-06-30,1039987,2024-09-30,0.03008719059786188
19288,2024-09-30,932519,2024-12-31,0.03190552779165468
19300,2024-03-31,4299671,2024-06-30,-0.003504580602324984
19300,2024-06-30,4290076,2024-09-30,0.018918633090878496
19300,2024-09-30,4463513,2024-12-31,0.01234506040202835
19333,2024-03-31,2261886,2024-06-30,-0.001087035163751122
19333,2024-06-30,2226683,2024-09-30,0.008658914396222211
19333,2024-09-30,2311376,2024-12-31,0.009897367763841395
19349,2024-03-31,176015,2024-06-30,0.019368154667176715
19349,2024-06-30,177306,2024-09-30,0.0007527239717475445
19349,2024-09-30,176910,2024-12-31,0.006530562907173976
19351,2024-03-31,131760,2024-06-30,-0.0007198326983505618
19351,2024-06-30,125901,2024-09-30,0.0008631315903577173
19351,2024-09-30,134931,2024-12-31,-0.010155004555332966
19354,2024-03-31,83408,2024-06-30,0.009144929421483443
19354,2024-06-30,82023,2024-09-30,0.0007560607649364595
19354,2024-09-30,80645,2024-12-31,0.0022459368400831667
19358,2024-03-31,800559,2024-06-30,0.022220450820675915
19358,2024-06-30,793511,2024-09-30,0.018983555202257293
19358,2024-09-30,797284,2024-12-31,0.021461710936059565
19371,2024-03-31,1175402,2024-06-30,0.018462318737552903
19371,2024-06-30,1196539,2024-09-30,0.03718894915991836
19371,2024-09-30,1217838,2024-12-31,0.017496564879501224
19381,2024-03-31,120956,2024-06-30,0.029350377094049435
19381,2024-06-30,124428,2024-09-30,0.0408117181867525
19381,2024-09-30,127804,2024-12-31,0.04796199574445832
19396,2024-03-31,495813,2024-06-30,0.013852243003285107
19396,2024-06-30,469696,2024-09-30,0.024069952786663306
19396,2024-09-30,466972,2024-12-31,0.028481990946459083
19401,2024-03-31,529066,2024-06-30,0.01718026963703891
19401,2024-06-30,533880,2024-09-30,0.012281758982767841
19401,2024-09-30,545660,2024-12-31,0.0075536086906268325
19416,2024-03-31,4528104,2024-06-30,-0.019705114469134512
19416,2024-06-30,4658400,2024-09-30,-0.00506484839959285
19416,2024-09-30,4523014,2024-12-31,-0.010270649717904241
19420,2024-03-31,282757,2024-06-30,0.011295916559517727
19420,2024-06-30,271550,2024-09-30,0.01674334002819175
19420,2024-09-30,279808,2024-12-31,0.022250663136220924
19434,2024-03-31,691545,2024-06-30,-0.008786097015441042
19434,2024-06-30,670905,2024-09-30,-0.005004751453916621
19434,2024-09-30,707689,2024-12-31,0.006811276195424405
19440,2024-03-31,219012,2024-06-30,0.010118664605789014
19440,2024-06-30,215850,2024-09-30,0.008926996111991253
19440,2024-09-30,217097,2024-12-31,0.015601194362726169
19448,2024-03-31,691143,2024-06-30,0.03302345041369148
19448,2024-06-30,672554,2024-09-30,0.023589218533267467
19448,2024-09-30,676239,2024-12-31,0.02745767046032493
19459,2024-03-31,2995274,2024-06-30,0.022460436404747933
19459,2024-06-30,3044231,2024-09-30,0.04554894296200552
19459,2024-09-30,3101417,2024-12-31,0.05545018294010623
19482,2024-03-31,975292,2024-06-30,0.034588824638772143
19482,2024-06-30,973029,2024-09-30,0.043643207070090846
19482,2024-09-30,999026,2024-12-31,0.05134850957828058
19502,2024-03-31,1146725,2024-06-30,0.01953614874497415
19502,2024-06-30,1145292,2024-09-30,0.02230920233918352
19502,2024-09-30,1152241,2024-12-31,0.022396993253563067
19506,2024-03-31,1333140,2024-06-30,0.022030371589598273
19506,2024-06-30,1408678,2024-09-30,0.02982539095109719
19506,2024-09-30,1477882,2024-12-31,0.023877320206129333
19512,2024-03-31,874378,2024-06-30,0.033310713514199466
19512,2024-06-30,878487,2024-09-30,0.03824466540882519
19512,2024-09-30,893064,2024-12-31,0.051953300748124015
19525,2024-03-31,539214,2024-06-30,0.016571015111037802
19525,2024-06-30,535180,2024-09-30,0.020724148496600887
19525,2024-09-30,532949,2024-12-31,0.017346394804364566
19531,2024-03-31,1943034,2024-06-30,0.00655682932908687
19531,2024-06-30,2007423,2024-09-30,0.02153084996047936
19531,2024-09-30,2115575,2024-12-31,0.026790598671040226
19532,2024-03-31,728574,2024-06-30,0.015504259414027272
19532,2024-06-30,709469,2024-09-30,0.03702773123346141
19532,2024-09-30,721893,2024-12-31,0.023235478732789566
19540,2024-03-31,225705,2024-06-30,0.006960475243544994
19540,2024-06-30,225685,2024-09-30,0.018567821794496807
19540,2024-09-30,228449,2024-12-31,0.025233720590863797
19544,2024-03-31,229466,2024-06-30,0.0017777983772404686
19544,2024-06-30,226904,2024-09-30,0.02370822017178401
19544,2024-09-30,246300,2024-12-31,0.003590441169988141
19559,2024-03-31,1867505,2024-06-30,0.018079267485461827
19559,2024-06-30,1826634,2024-09-30,-0.0156486574931509
19559,2024-09-30,1912180,2024-12-31,0.0006335838844943752
19573,2024-03-31,2225090,2024-06-30,0.02836699987757712
19573,2024-06-30,2205396,2024-09-30,0.012955919277447265
19573,2024-09-30,2174044,2024-12-31,0.010471993855415754
19581,2024-03-31,12194508,2024-06-30,0.04288795632086556
19581,2024-06-30,11980478,2024-09-30,0.0521117600652715
19581,2024-09-30,12154064,2024-12-31,0.05109695904453106
19589,2024-03-31,85108,2024-06-30,0.021989352938282695
19589,2024-06-30,84871,2024-09-30,0.02317524747116422
19589,2024-09-30,91182,2024-12-31,0.0075024497359123055
19590,2024-03-31,277734,2024-06-30,0.037769863524869635
19590,2024-06-30,274182,2024-09-30,0.023194003421339995
19590,2024-09-30,277686,2024-12-31,0.0162120081142053
19595,2024-03-31,98005,2024-06-30,0.04238542918576237
19595,2024-06-30,94292,2024-09-30,0.02774699546288617
19595,2024-09-30,93077,2024-12-31,0.0034302643856170072
19600,2024-03-31,2125422,2024-06-30,0.04062311684167928
19600,2024-06-30,2151213,2024-09-30,0.0443399861680325
19600,2024-09-30,2294603,2024-12-31,0.07341658999699975
19603,2024-03-31,832112,2024-06-30,0.025724643626636786
19603,2024-06-30,835686,2024-09-30,0.016408611615691793
19603,2024-09-30,865442,2024-12-31,0.015519198247058254
19608,2024-03-31,1152547,2024-06-30,0.0060486675007787195
19608,2024-06-30,1162676,2024-09-30,0.009316060220161432
19608,2024-09-30,1144047,2024-12-31,0.010776240461759973
19629,2024-03-31,6435755,2024-06-30,-0.0022472998376186965
19629,2024-06-30,6401604,2024-09-30,0.007831479989551821
19629,2024-09-30,6396466,2024-12-31,0.012671787956492932
19638,2024-03-31,340772,2024-06-30,0.013361657034487436
19638,2024-06-30,336633,2024-09-30,0.03196271828630615
19638,2024-09-30,340566,2024-12-31,0.031524995662838104
19644,2024-03-31,510532,2024-06-30,0.015498689111921324
19644,2024-06-30,510488,2024-09-30,0.018932206102682144
19644,2024-09-30,503252,2024-12-31,0.02118577168723613
19674,2024-03-31,217136,2024-06-30,-0.008838097505954337
19674,2024-06-30,219835,2024-09-30,-0.003560455573166107
19674,2024-09-30,240095,2024-12-31,-0.013952065475228722
19679,2024-03-31,264405,2024-06-30,0.014239427888867133
19679,2024-06-30,264992,2024-09-30,0.013015293374589686
19679,2024-09-30,260670,2024-12-31,0.01775747854147488
19680,2024-03-31,50411,2024-06-30,-0.005152634671725058
19680,2024-06-30,50577,2024-09-30,0.003203635964835345
19680,2024-09-30,49625,2024-12-31,0.011797453512123574
19681,2024-03-31,253408,2024-06-30,0.0008754381425107816
19681,2024-06-30,248672,2024-09-30,0.013043895092623907
19681,2024-09-30,249429,2024-12-31,0.014863564947823423
19687,2024-03-31,123875,2024-06-30,0.015849041826206785
19687,2024-06-30,127801,2024-09-30,0.021582945488244652
19687,2024-09-30,127842,2024-12-31,0.02525728436874028
19689,2024-03-31,158954,2024-06-30,0.009621562889197011
19689,2024-06-30,156306,2024-09-30,0.011230096945715936
19689,2024-09-30,154269,2024-12-31,0.008261269470285057
19690,2024-03-31,2249394,2024-06-30,0.04563267072865156
19690,2024-06-30,2362286,2024-09-30,0.048660872219152586
19690,2024-09-30,3161567,2024-12-31,0.026150263060638237
19700,2024-03-31,264386,2024-06-30,0.02072846738080549
19700,2024-06-30,270802,2024-09-30,0.025686028618313594
19700,2024-09-30,264490,2024-12-31,0.027004591288250886
19716,2024-03-31,542767,2024-06-30,0.05045746104902173
19716,2024-06-30,554663,2024-09-30,0.04054791678499376
19716,2024-09-30,550516,2024-12-31,0.03793761110053961
19720,2024-03-31,131249,2024-06-30,0.013245262594154502
19720,2024-06-30,128800,2024-09-30,0.004981879178302008
19720,2024-09-30,128666,2024-12-31,0.005369615644926424
19742,2024-03-31,282546,2024-06-30,0.009546732666639676
19742,2024-06-30,283840,2024-09-30,0.02720336212812778
19742,2024-09-30,302630,2024-12-31,0.019884417223366178
19744,2024-03-31,136757,2024-06-30,-0.008053395075338105
19744,2024-06-30,139857,2024-09-30,-0.0037527554735981993
19744,2024-09-30,142357,2024-12-31,0.010390859309812445
19749,2024-03-31,167309,2024-06-30,-0.011232959848570326
19755,2024-03-31,140024,2024-06-30,0.014548415576996028
19755,2024-06-30,134945,2024-09-30,0.0012295447772844093
19755,2024-09-30,138466,2024-12-31,0.015392998318616477
19772,2024-03-31,1696006,2024-06-30,0.019093828782428227
19772,2024-06-30,1730843,2024-09-30,0.02051846850853375
19772,2024-09-30,1741318,2024-12-31,0.017156775636516925
19774,2024-03-31,52929,2024-06-30,-0.005338269236253832
19774,2024-06-30,49924,2024-09-30,-0.007706156391638848
19788,2024-03-31,962036,2024-06-30,0.019610104932762894
19788,2024-06-30,977918,2024-09-30,0.034905073057643794
19788,2024-09-30,967861,2024-12-31,0.04350098044018881
19795,2024-03-31,534827,2024-06-30,0.02643356160107146
19795,2024-06-30,541169,2024-09-30,0.02821872360809897
19795,2024-09-30,540675,2024-12-31,0.04177031764107485
19796,2024-03-31,60525,2024-06-30,0.008235348488263797
19796,2024-06-30,60461,2024-09-30,0.02447551110175086
19796,2024-09-30,58280,2024-12-31,0.024334056789688703
19800,2024-03-31,178639,2024-06-30,-0.008486577667847953
19800,2024-06-30,173629,2024-09-30,-0.0036599967291526653
19800,2024-09-30,171196,2024-12-31,0.019394009495423845
19809,2024-03-31,77476,2024-06-30,0.003278691770579393
19809,2024-06-30,78637,2024-09-30,0.00803312869044814
19809,2024-09-30,85512,2024-12-31,0.024240608650602468
19819,2024-03-31,54092,2024-06-30,0.03738273216574436
19819,2024-06-30,53127,2024-09-30,0.011917151853407502
19819,2024-09-30,55318,2024-12-31,0.00704755861284553
19827,2024-03-31,568400,2024-06-30,-0.005896170936525613
19827,2024-06-30,569756,2024-09-30,0.02008950488257135
19827,2024-09-30,590149,2024-12-31,0.025932362252975478
19836,2024-03-31,501943,2024-06-30,0.017492687238069397
19836,2024-06-30,494603,2024-09-30,0.02401267203683306
19836,2024-09-30,529260,2024-12-31,0.01713329515263666
19850,2024-03-31,1099933,2024-06-30,0.03890283660972397
19850,2024-06-30,1113273,2024-09-30,0.03667930208551825
19850,2024-09-30,1073546,2024-12-31,0.03291271464696793
19899,2024-03-31,2010150,2024-06-30,0.015974057008039284
19899,2024-06-30,2006620,2024-09-30,0.0221394535338143
19899,2024-09-30,2028208,2024-12-31,0.035938519676688575
19904,2024-03-31,391437,2024-06-30,0.02593271820521939
19904,2024-06-30,379378,2024-09-30,0.032630668281283685
19904,2024-09-30,383365,2024-12-31,0.027284027608764843
19977,2024-03-31,10165017,2024-06-30,0.002767249072616471
19977,2024-06-30,10124805,2024-09-30,0.007385666101759317
19977,2024-09-30,10895370,2024-12-31,0.028824600542359594
19978,2024-03-31,263731,2024-06-30,0.00036644391013404993
19978,2024-06-30,252468,2024-09-30,-0.007308428411460857
19978,2024-09-30,250975,2024-12-31,-0.0024548823360121606
20015,2024-03-31,427484,2024-06-30,0.11834311764080602
20015,2024-06-30,379739,2024-09-30,0.08899960177535676
20015,2024-09-30,501839,2024-12-31,0.004728122162040079
20026,2024-03-31,158290,2024-06-30,-0.13280732332548595
20026,2024-06-30,139102,2024-09-30,-0.1820553831554278
20026,2024-09-30,130363,2024-12-31,-0.17503266666319853
20093,2024-03-31,568301,2024-06-30,0.012600244605578828
20093,2024-06-30,548421,2024-09-30,-0.01823809552535507
20093,2024-09-30,530101,2024-12-31,-0.042991410811794195
20099,2024-03-31,2251814,2024-06-30,0.08160453556168167
20099,2024-06-30,2410883,2024-09-30,0.08511979900681794
20099,2024-09-30,2550429,2024-12-31,0.05636137693437089
20100,2024-03-31,346225,2024-06-30,0.01713733686241505
20100,2024-06-30,347111,2024-09-30,0.019179419236546147
20100,2024-09-30,345555,2024-12-31,0.01538324110489734
20130,2024-03-31,645166,2024-06-30,0.03794722335525186
20130,2024-06-30,673225,2024-09-30,0.03564742675986034
20130,2024-09-30,719091,2024-12-31,0.009172620166710329
20156,2024-03-31,905042,2024-06-30,0.010430713492376197
20156,2024-06-30,873476,2024-09-30,0.010374034694255583
20156,2024-09-30,832420,2024-12-31,0.008722051446401667
20161,2024-03-31,878989,2024-06-30,0.028446137540959485
20161,2024-06-30,904332,2024-09-30,0.027705997515250706
20161,2024-09-30,952913,2024-12-31,0.03327337127850707
20162,2024-03-31,85460,2024-06-30,0.005607791805688877
20162,2024-06-30,85663,2024-09-30,0.035371639043464326
20162,2024-09-30,95786,2024-12-31,0.02144470779705355
20164,2024-03-31,2562755,2024-06-30,0.051696782488518306
20164,2024-06-30,2581146,2024-09-30,0.06398528976848118
20164,2024-09-30,2661636,2024-12-31,0.05307666324023865
20179,2024-03-31,504103,2024-06-30,0.012466437395718195
20179,2024-06-30,471359,2024-09-30,0.019956841478440727
20179,2024-09-30,515502,2024-12-31,0.04374444363388179
20198,2024-03-31,508338,2024-06-30,-0.012009551751388738
20198,2024-06-30,485197,2024-09-30,-0.005257410367552623
20198,2024-09-30,468656,2024-12-31,0.013389300607184977
20215,2024-03-31,189961,2024-06-30,0.00954321868720076
20215,2024-06-30,194169,2024-09-30,0.0213728391463086
20215,2024-09-30,196395,2024-12-31,0.03273586914514512
20231,2024-03-31,2320887,2024-06-30,0.013388030631008949
20231,2024-06-30,2306816,2024-09-30,0.025573734635256886
20231,2024-09-30,2340107,2024-12-31,0.053727847104141156
20234,2024-03-31,21061087,2024-06-30,0.01743876782380097
20234,2024-06-30,20968845,2024-09-30,0.01573689222403639
20234,2024-09-30,20709830,2024-12-31,0.05065279019689679
20239,2024-03-31,136431,2024-06-30,0.01663327097569386
20239,2024-06-30,131547,2024-09-30,0.02686515546254001
20239,2024-09-30,130865,2024-12-31,0.023975842437104367
20241,2024-03-31,2141733,2024-06-30,0.013390385171436682
20241,2024-06-30,2267268,2024-09-30,0.011953171712430901
20241,2024-09-30,2241969,2024-12-31,0.018196266053600335
20268,2024-03-31,425946,2024-06-30,-0.015085917514589445
20268,2024-06-30,385903,2024-09-30,-0.00879686177909523
20268,2024-09-30,425233,2024-12-31,-0.015178241178654905
20279,2024-03-31,316535,2024-06-30,0.008583145386190072
20279,2024-06-30,317248,2024-09-30,-0.0005668960977669356
20279,2024-09-30,315516,2024-12-31,0.0023026531669187496
20296,2024-03-31,5102708,2024-06-30,0.008625826026280984
20296,2024-06-30,5120337,2024-09-30,0.020636450485075713
20296,2024-09-30,5153691,2024-12-31,0.016839369829191174
20311,2024-03-31,545074,2024-06-30,-0.008869212257943519
20311,2024-06-30,544157,2024-09-30,0.004687788194309444
20311,2024-09-30,552536,2024-12-31,0.007137814652692429
20353,2024-03-31,444604,2024-06-30,0.015202280043922314
20353,2024-06-30,438263,2024-09-30,0.02596360720121556
20353,2024-09-30,427598,2024-12-31,0.016658471520325263
20369,2024-03-31,4373373,2024-06-30,0.007194593464935204
20369,2024-06-30,4335133,2024-09-30,0.010909944357713357
20369,2024-09-30,4298619,2024-12-31,0.0038318551876263328
20387,2024-03-31,737015,2024-06-30,0.03317314533025029
20387,2024-06-30,784780,2024-09-30,0.05549108072834197
20387,2024-09-30,814885,2024-12-31,0.05773499849048018
20429,2024-03-31,179271,2024-06-30,0.030887761337626995
20429,2024-06-30,179832,2024-09-30,0.017540212514833356
20429,2024-09-30,181503,2024-12-31,0.01353609611643551
20454,2024-03-31,27494,2024-06-30,0.009434583527223612
20454,2024-06-30,27000,2024-09-30,0.012714584419224758
20454,2024-09-30,29449,2024-12-31,-0.017330298871859977
20468,2024-03-31,294300,2024-06-30,0.02520994461553332
20468,2024-06-30,297088,2024-09-30,0.029421042799314803
20468,2024-09-30,299601,2024-12-31,0.0224095782953865
20479,2024-03-31,73238,2024-06-30,0.009979810561309737
20479,2024-06-30,71880,2024-09-30,0.006169420659301615
20479,2024-09-30,67419,2024-12-31,-0.03775093737857587
20484,2024-03-31,1067545,2024-06-30,0.020096321764831806
20484,2024-06-30,1090837,2024-09-30,0.018594274575840387
20484,2024-09-30,1086937,2024-12-31,0.03983455879839401
20488,2024-03-31,1765845,2024-06-30,0.023461619015818877
20488,2024-06-30,1787042,2024-09-30,0.023080993247840305
20488,2024-09-30,1839783,2024-12-31,0.028543985220519062
20504,2024-03-31,21139865,2024-06-30,0.06383015894860172
20504,2024-06-30,21574192,2024-09-30,0.06435674758457083
20504,2024-09-30,22045264,2024-12-31,0.07034685342317565
20537,2024-03-31,256294,2024-06-30,-0.01467315670973336
20537,2024-06-30,250670,2024-09-30,-0.015006979197535079
20537,2024-09-30,272673,2024-12-31,-0.03240436784468932
20568,2024-03-31,459487,2024-06-30,0.018235151021237437
20568,2024-06-30,463145,2024-09-30,0.02381974261033287
20568,2024-09-30,466517,2024-12-31,0.024762720450402193
20624,2024-03-31,7378707,2024-06-30,0.019710458548439155
20624,2024-06-30,7376694,2024-09-30,0.03510113548062614
20624,2024-09-30,7533256,2024-12-31,0.03203765324757768
20657,2024-03-31,66807,2024-06-30,-0.03532617159723024
20657,2024-06-30,74198,2024-09-30,0.02207091927824335
20657,2024-09-30,77440,2024-12-31,0.01698517052668152
20666,2024-03-31,366725,2024-06-30,0.01874917957658854
20666,2024-06-30,370562,2024-09-30,0.018061426345514345
20666,2024-09-30,384354,2024-12-31,0.01936680641727984
20698,2024-03-31,338034,2024-06-30,0.002569590355655341
20698,2024-06-30,342357,2024-09-30,0.0038230373295793365
20698,2024-09-30,332426,2024-12-31,0.012240133331302847
20720,2024-03-31,864824,2024-06-30,0.028656589114361246
20720,2024-06-30,843266,2024-09-30,0.012225773423045044
20720,2024-09-30,854931,2024-12-31,0.022805064364216355
20727,2024-03-31,837331,2024-06-30,0.01934307036192175
20727,2024-06-30,903864,2024-09-30,0.015269732025107155
20727,2024-09-30,984419,2024-12-31,-0.012700110957703858
20741,2024-03-31,1699815,2024-06-30,-0.007069970532751205
20741,2024-06-30,1604658,2024-09-30,0.04408791483889833
20741,2024-09-30,1723320,2024-12-31,-0.018197373042075665
20776,2024-03-31,855854,2024-06-30,0.25118171647469856
20776,2024-06-30,848180,2024-09-30,0.2317351258854497
20776,2024-09-30,858225,2024-12-31,0.18061847135523595
20818,2024-03-31,1271401,2024-06-30,0.01789535567961966
20818,2024-06-30,1292409,2024-09-30,0.024371720934264676
20818,2024-09-30,1319574,2024-12-31,0.021226519987910954
20845,2024-03-31,1042460,2024-06-30,0.02495294831512621
20845,2024-06-30,1107121,2024-09-30,0.008863409169090947
20845,2024-09-30,1115974,2024-12-31,0.00999791040737199
20856,2024-03-31,913875,2024-06-30,-0.01727973952851273
20856,2024-06-30,934109,2024-09-30,0.012214643495171372
20856,2024-09-30,948765,2024-12-31,0.0205717414610747
20872,2024-03-31,254761,2024-06-30,0.026835266260109715
20872,2024-06-30,255055,2024-09-30,0.03438227741362322
20872,2024-09-30,255900,2024-12-31,0.03348281463762151
20884,2024-03-31,1896778,2024-06-30,0.014242792640042754
20884,2024-06-30,1841870,2024-09-30,0.03683855186096973
20884,2024-09-30,1857602,2024-12-31,0.017656211593771017
20954,2024-03-31,1426758,2024-06-30,0.009591339217313413
20954,2024-06-30,1453615,2024-09-30,0.017649692053458416
20954,2024-09-30,1689466,2024-12-31,0.03225699510763968
20989,2024-03-31,1047458,2024-06-30,0.012665787009288625
20989,2024-06-30,1080115,2024-09-30,0.022423550565244938
20989,2024-09-30,1092814,2024-12-31,0.02982822965546341
20993,2024-03-31,552110,2024-06-30,0.0037680963034904193
20993,2024-06-30,529918,2024-09-30,0.010847873067031453
20993,2024-09-30,540699,2024-12-31,0.0009758489649430376
21031,2024-03-31,2817973,2024-06-30,-0.0016610955914662959
21031,2024-06-30,2657817,2024-09-30,0.021122432794827062
21031,2024-09-30,2726949,2024-12-31,0.03558020619327452
21050,2024-03-31,103871,2024-06-30,0.008008634968159779
21050,2024-06-30,105632,2024-09-30,0.00712437392489424
21050,2024-09-30,103070,2024-12-31,0.008284973717765046
21074,2024-03-31,722144,2024-06-30,0.0026747124238042513
21074,2024-06-30,712792,2024-09-30,0.004832454164741332
21074,2024-09-30,748277,2024-12-31,0.03195440493540249
21083,2024-03-31,364311,2024-06-30,0.008507541323234894
21083,2024-06-30,364308,2024-09-30,0.011930216722803526
21083,2024-09-30,387314,2024-12-31,0.006714404446989669
21085,2024-03-31,65416,2024-06-30,0.020307660564293332
21085,2024-06-30,65732,2024-09-30,0.018359470615059808
21085,2024-09-30,68449,2024-12-31,0.01633506262800878
21121,2024-03-31,639395,2024-06-30,-0.0055076509382831935
21121,2024-06-30,627581,2024-09-30,-0.001566189655558587
21121,2024-09-30,678119,2024-12-31,-0.007986253394030002
21161,2024-03-31,305588,2024-06-30,0.01102606137280922
21161,2024-06-30,310402,2024-09-30,0.009865162974927413
21161,2024-09-30,323175,2024-12-31,0.002164393008923313
21219,2024-03-31,78028,2024-06-30,0.009037501609211098
21219,2024-06-30,79221,2024-09-30,0.009391923320647918
21219,2024-09-30,78806,2024-12-31,0.008033039353916492
21227,2024-03-31,421995,2024-06-30,-0.005066835434791849
21227,2024-06-30,431727,2024-09-30,0.018116033908842016
21227,2024-09-30,439692,2024-12-31,0.023513186208419263
21247,2024-03-31,521499,2024-06-30,0.010341755966951744
21247,2024-06-30,511123,2024-09-30,0.0033805204670047106
21247,2024-09-30,500799,2024-12-31,-0.0002580194128133069
21255,2024-03-31,45617,2024-06-30,0.009511312790921597
21255,2024-06-30,46095,2024-09-30,0.0044270136980241945
21255,2024-09-30,43229,2024-12-31,0.023009646986314306
21265,2024-03-31,3679381,2024-06-30,0.043509668955364074
21265,2024-06-30,3707447,2024-09-30,0.01915493129152742
21265,2024-09-30,3993804,2024-12-31,0.041736947823183275
21284,2024-03-31,126858,2024-06-30,0.01295528913037232
21284,2024-06-30,129334,2024-09-30,0.009648355927974077
21284,2024-09-30,129592,2024-12-31,0.021925255592927816
21292,2024-03-31,1049989,2024-06-30,0.023568851058493347
21292,2024-06-30,1058564,2024-09-30,0.03503533604385251
21292,2024-09-30,1066539,2024-12-31,0.0260035054408967
21329,2024-03-31,401999,2024-06-30,0.02327162937984143
21329,2024-06-30,421780,2024-09-30,0.02193404131376603
21329,2024-09-30,419822,2024-12-31,0.02078278577143413
21342,2024-03-31,126002,2024-06-30,0.0026516912465133643
21342,2024-06-30,147098,2024-09-30,0.16352024365379136
21342,2024-09-30,180246,2024-12-31,0.2859648428585867
21379,2024-03-31,81869,2024-06-30,0.0015719957622421967
21379,2024-06-30,81739,2024-09-30,0.0022077316165231287
21379,2024-09-30,82804,2024-12-31,0.006468119955967376
21448,2024-03-31,50962,2024-06-30,-0.003083054728455036
21448,2024-06-30,49841,2024-09-30,0.000822357912252691
21448,2024-09-30,52727,2024-12-31,-0.014483494296336294
21455,2024-03-31,90929,2024-06-30,-0.007634414753217138
21455,2024-06-30,91753,2024-09-30,-0.01110671546153455
21455,2024-09-30,96369,2024-12-31,-0.01888535262460505
21486,2024-03-31,190830,2024-06-30,0.007230491630155836
21486,2024-06-30,187972,2024-09-30,0.002738322887040024
21486,2024-09-30,187607,2024-12-31,0.00702212299694928
21525,2024-03-31,207736,2024-06-30,0.014898521750825813
21525,2024-06-30,205204,2024-09-30,0.02162050909632754
21525,2024-09-30,209722,2024-12-31,0.023108228718694276
21526,2024-03-31,110797,2024-06-30,0.01016472617371418
21526,2024-06-30,112799,2024-09-30,0.0075000410579798395
21526,2024-09-30,113260,2024-12-31,0.006425729155207863
21529,2024-03-31,84981,2024-06-30,-0.015285218523879946
21529,2024-06-30,87995,2024-09-30,-0.0244643636117344
21529,2024-09-30,89056,2024-12-31,-0.00887470346097811
21557,2024-03-31,277049,2024-06-30,0.0170789323170278
21557,2024-06-30,265220,2024-09-30,0.010172415691445407
21557,2024-09-30,278576,2024-12-31,0.04578837297885529
21567,2024-03-31,409579,2024-06-30,0.07522058655779822
21567,2024-06-30,412231,2024-09-30,0.084996330983153
21567,2024-09-30,449964,2024-12-31,0.07749965980456891
21573,2024-03-31,1692418,2024-06-30,0.01935887037840756
21573,2024-06-30,1633332,2024-09-30,0.014671714652604927
21573,2024-09-30,1652319,2024-12-31,0.018033059241759897
21591,2024-03-31,2573077,2024-06-30,0.047720632955731875
21591,2024-06-30,2412306,2024-09-30,0.04913084375887182
21591,2024-09-30,2506649,2024-12-31,0.036369087906328895
21606,2024-03-31,856089,2024-06-30,0.012826390462257507
21606,2024-06-30,935894,2024-09-30,0.019584727782214355
21606,2024-09-30,905724,2024-12-31,-0.0007884886215235471
21635,2024-03-31,62978,2024-06-30,-0.03753025248829205
21635,2024-06-30,64922,2024-09-30,0.000511625898909503
21635,2024-09-30,64962,2024-12-31,0.02343951572492774
21692,2024-03-31,113776,2024-06-30,0.01006866480160071
21692,2024-06-30,111150,2024-09-30,0.01529758157057486
21692,2024-09-30,109573,2024-12-31,0.02207254095766489
21693,2024-03-31,278519,2024-06-30,0.03970695501682977
21693,2024-06-30,272786,2024-09-30,0.029429191444630683
21693,2024-09-30,280966,2024-12-31,0.020708928776962607
21714,2024-03-31,923949,2024-06-30,0.028400353704027208
21714,2024-06-30,923543,2024-09-30,0.019216454908398208
21714,2024-09-30,933612,2024-12-31,0.018782732431857345
21716,2024-03-31,11943928,2024-06-30,0.03794594249893545
21716,2024-06-30,11840022,2024-09-30,0.04436415497615597
21716,2024-09-30,12122295,2024-12-31,0.04157582152249483
21721,2024-03-31,120367,2024-06-30,-0.002534835497294845
21721,2024-06-30,121845,2024-09-30,0.002402788041006039
21721,2024-09-30,121148,2024-12-31,0.000276566988706009
21728,2024-03-31,109109,2024-06-30,0.013764555481796331
21728,2024-06-30,108417,2024-09-30,0.013046035174347726
21728,2024-09-30,104540,2024-12-31,-0.002812879458513547
21752,2024-03-31,69990,2024-06-30,0.0175668555342419
21752,2024-06-30,68110,2024-09-30,-0.00299173762544235
21752,2024-09-30,68809,2024-12-31,0.009703437156773348
21761,2024-03-31,500,2024-06-30,-0.011562597642545424
21761,2024-06-30,500,2024-09-30,-0.007807990062011263
21761,2024-09-30,500,2024-12-31,-0.012036164462230332
21784,2024-03-31,472442,2024-06-30,0.029055557479188546
21784,2024-06-30,498174,2024-09-30,0.02439903052667912
21784,2024-09-30,500544,2024-12-31,0.0269014544240719
21805,2024-03-31,308952,2024-06-30,0.004726516592899876
21805,2024-06-30,330481,2024-09-30,0.02555134440840895
21805,2024-09-30,353829,2024-12-31,0.04879421997633472
21807,2024-03-31,42406,2024-06-30,-0.016167709284109245
21807,2024-06-30,43480,2024-09-30,-0.013925678156954648
21807,2024-09-30,46062,2024-12-31,-0.026371078227713708
21843,2024-03-31,4656103,2024-06-30,-0.018596283097244752
21843,2024-06-30,4717395,2024-09-30,0.019889164879391314
21843,2024-09-30,5232345,2024-12-31,-0.0015588126177896488
21848,2024-03-31,703792,2024-06-30,0.01954823109663659
21848,2024-06-30,724165,2024-09-30,0.024095568020312
21848,2024-09-30,707179,2024-12-31,0.01466999191522911
21868,2024-03-31,1820252,2024-06-30,0.022142175822326526
21868,2024-06-30,1804737,2024-09-30,0.040774340077016774
21868,2024-09-30,2362660,2024-12-31,-0.013424519031966505
21874,2024-03-31,189607,2024-06-30,0.02956452682538336
21874,2024-06-30,187376,2024-09-30,0.031084768400773063
21874,2024-09-30,182135,2024-12-31,0.02478936903181502
21883,2024-03-31,460532,2024-06-30,0.0072652757195984545
21883,2024-06-30,456681,2024-09-30,-0.004991636214703901
21883,2024-09-30,436704,2024-12-31,-0.0033683572721753168
21897,2024-03-31,170585,2024-06-30,-0.0020602166660896723
21897,2024-06-30,172340,2024-09-30,0.024782653346600077
21897,2024-09-30,171866,2024-12-31,0.0185973919121703
21906,2024-03-31,967963,2024-06-30,0.031695510132300465
21906,2024-06-30,962835,2024-09-30,0.030941951746933524
21906,2024-09-30,954834,2024-12-31,0.020141536569547088
21928,2024-03-31,300980,2024-06-30,0.002688604202732862
21928,2024-06-30,301249,2024-09-30,0.004936613685598564
21928,2024-09-30,297140,2024-12-31,0.005526084309352421
21943,2024-03-31,7998031,2024-06-30,0.01730347562134429
21943,2024-06-30,8062061,2024-09-30,0.020311402559361473
21943,2024-09-30,8047158,2024-12-31,0.01702695557082919
21955,2024-03-31,195014,2024-06-30,0.037240094676374375
21955,2024-06-30,211978,2024-09-30,0.02656965489102099
21955,2024-09-30,214596,2024-12-31,0.017239291662291222
21956,2024-03-31,1780019,2024-06-30,-0.012958637913877621
21956,2024-06-30,1802015,2024-09-30,0.01554918979372526
21956,2024-09-30,1794790,2024-12-31,0.024103595550253643
21978,2024-03-31,485143,2024-06-30,0.021708417877518794
21978,2024-06-30,449050,2024-09-30,0.024542748283880172
21978,2024-09-30,470030,2024-12-31,0.021478942123669235
21988,2024-03-31,297945,2024-06-30,0.0028743469104497567
21988,2024-06-30,293533,2024-09-30,0.00034927928335808746
21988,2024-09-30,286952,2024-12-31,0.006063424032624473
21998,2024-03-31,82357,2024-06-30,0.013337874616362069
21998,2024-06-30,85565,2024-09-30,0.0072619905186918216
21998,2024-09-30,87594,2024-12-31,0.010417096284570165
22015,2024-03-31,525072,2024-06-30,0.015909211320676218
22015,2024-06-30,523522,2024-09-30,0.009384676440948128
22015,2024-09-30,530399,2024-12-31,0.01518332878259681
22020,2024-03-31,464752,2024-06-30,0.029866737247184413
22020,2024-06-30,462723,2024-09-30,0.020949141774634795
22020,2024-09-30,465252,2024-12-31,0.018780825295192958
22046,2024-03-31,169001,2024-06-30,0.015550812939478412
22046,2024-06-30,173648,2024-09-30,0.024507798010131164
22046,2024-09-30,173991,2024-12-31,0.02774578812277229
22065,2024-03-31,522870,2024-06-30,0.020537896519243634
22065,2024-06-30,541188,2024-09-30,0.032528763415609376
22065,2024-09-30,554605,2024-12-31,0.011307116421492685
22070,2024-03-31,122122,2024-06-30,0.01122372924727493
22081,2024-03-31,410422,2024-06-30,-0.00011645619755646476
22081,2024-06-30,418147,2024-09-30,0.0005627586468719095
22081,2024-09-30,411144,2024-12-31,-0.00274387676145605
22086,2024-03-31,209126,2024-06-30,0.015479565931770094
22086,2024-06-30,209861,2024-09-30,0.022063046245118637
22086,2024-09-30,207212,2024-12-31,0.030276701751491397
22090,2024-03-31,298707,2024-06-30,0.0174436743883634
22090,2024-06-30,291795,2024-09-30,0.016325428558883904
22090,2024-09-30,325380,2024-12-31,0.03883042462364762
22092,2024-03-31,530053,2024-06-30,0.07064126106938355
22092,2024-06-30,565445,2024-09-30,0.09551895029126449
22092,2024-09-30,538365,2024-12-31,0.09987716681728129
22134,2024-03-31,2548890,2024-06-30,0.028165802933849127
22134,2024-06-30,2565445,2024-09-30,0.05072428300720648
22134,2024-09-30,2769455,2024-12-31,0.047365220466642446
22138,2024-03-31,266199,2024-06-30,0.011525460541999938
22138,2024-06-30,268918,2024-09-30,0.012287836224994058
22138,2024-09-30,317782,2024-12-31,0.013960970402916011
22139,2024-03-31,673102,2024-06-30,0.002360091399046201
22139,2024-06-30,680685,2024-09-30,0.004434727565764195
22139,2024-09-30,690234,2024-12-31,0.004978254965162154
22180,2024-03-31,687608,2024-06-30,0.008476745672608985
22180,2024-06-30,627120,2024-09-30,0.02508103406966891
22180,2024-09-30,653020,2024-12-31,0.0002358385801865904
22205,2024-03-31,403881,2024-06-30,0.1135195132341792
22205,2024-06-30,454971,2024-09-30,0.20184556439712711
22205,2024-09-30,479111,2024-12-31,0.2323875600791492
22229,2024-03-31,58717,2024-06-30,0.015765541754510108
22229,2024-06-30,59913,2024-09-30,0.01131276259407191
22229,2024-09-30,59339,2024-12-31,0.008480612763472511
22242,2024-03-31,174241,2024-06-30,-0.011232993744207491
22242,2024-06-30,165041,2024-09-30,0.02177840543494601
22242,2024-09-30,178217,2024-12-31,-0.007436438618166508
22257,2024-03-31,2550264,2024-06-30,0.0008907641452604163
22257,2024-06-30,2484294,2024-09-30,0.009223378869927324
22257,2024-09-30,2558600,2024-12-31,0.04005340939447843
22263,2024-03-31,68228,2024-06-30,-0.004398033647314037
22263,2024-06-30,67735,2024-09-30,0.01118906729403212
22263,2024-09-30,69163,2024-12-31,0.005295409057500319
22271,2024-03-31,311997,2024-06-30,-0.01729017371423878
22271,2024-06-30,297559,2024-09-30,-0.019366064689927843
22271,2024-09-30,295172,2024-12-31,-0.003691010792982743
22273,2024-03-31,116965,2024-06-30,0.0063285235522675485
22273,2024-06-30,117339,2024-09-30,0.004214096569085742
22273,2024-09-30,118363,2024-12-31,0.013753626352379034
22282,2024-03-31,425612,2024-06-30,0.022873378284010516
22282,2024-06-30,436484,2024-09-30,0.025869729368740227
22282,2024-09-30,435052,2024-12-31,0.020493946117682744
22308,2024-03-31,817801,2024-06-30,-0.014461931106555335
22308,2024-06-30,865507,2024-09-30,0.007888586090230309
22308,2024-09-30,884530,2024-12-31,0.009863802280077908
22319,2024-03-31,1458351,2024-06-30,0.02325441431256292
22319,2024-06-30,1457337,2024-09-30,0.003144579819210663
22319,2024-09-30,1502192,2024-12-31,0.048111960916168164
22334,2024-03-31,1636192,2024-06-30,0.08079611618503779
22334,2024-06-30,1637526,2024-09-30,0.14297245140025885
22334,2024-09-30,1682681,2024-12-31,0.16545093807155717
22340,2024-03-31,194820,2024-06-30,0.0037091962983475404
22340,2024-06-30,418528,2024-09-30,-0.057394883972594374
22340,2024-09-30,430862,2024-12-31,-0.014285036159338045
22354,2024-03-31,1604950,2024-06-30,0.0020387914209926247
22354,2024-06-30,1608022,2024-09-30,0.016744510409510326
22354,2024-09-30,1894301,2024-12-31,0.017565169128643525
22355,2024-03-31,40076,2024-06-30,0.0022462610568705645
22355,2024-06-30,40763,2024-09-30,0.0006973067704198277
22355,2024-09-30,40521,2024-12-31,0.004848386081701189
22358,2024-03-31,104636,2024-06-30,0.01091659618796378
22358,2024-06-30,105981,2024-09-30,0.022984563934627982
22358,2024-09-30,108024,2024-12-31,0.02276987555306919
22366,2024-03-31,464750,2024-06-30,0.034332945267510726
22366,2024-06-30,482838,2024-09-30,0.02480855405338017
22366,2024-09-30,514075,2024-12-31,0.03521973754476464
22373,2024-03-31,1930586,2024-06-30,0.01977300467208634
22373,2024-06-30,1934984,2024-09-30,0.04953444816907528
22373,2024-09-30,2009146,2024-12-31,0.05410385445296408
22381,2024-03-31,267624,2024-06-30,0.1031916509340457
22381,2024-06-30,220709,2024-09-30,0.10148265915757279
22381,2024-09-30,219423,2024-12-31,0.09451879696288792
22394,2024-03-31,559381,2024-06-30,-0.018197625160024898
22394,2024-06-30,578811,2024-09-30,-0.009858962244570129
22394,2024-09-30,567654,2024-12-31,-0.001269267026265305
22396,2024-03-31,1066869,2024-06-30,0.010295841399114785
22396,2024-06-30,1052162,2024-09-30,0.02001225486453769
22396,2024-09-30,1170151,2024-12-31,0.027542184025826318
22398,2024-03-31,801016,2024-06-30,-0.03257554141815978
22398,2024-06-30,692849,2024-09-30,-0.026718973770729522
22398,2024-09-30,642061,2024-12-31,-0.011469525170883057
22430,2024-03-31,44708,2024-06-30,-0.011543895581603313
22430,2024-06-30,46377,2024-09-30,-0.022213011815710077
22430,2024-09-30,37131,2024-12-31,-0.04966772626161888
22434,2024-03-31,172292,2024-06-30,-0.006929310298937233
22434,2024-06-30,170972,2024-09-30,-0.0006556212098097975
22434,2024-09-30,180789,2024-12-31,0.01041502267525951
22447,2024-03-31,224010,2024-06-30,0.01685709853043719
22447,2024-06-30,234575,2024-09-30,0.044013133518960905
22447,2024-09-30,230259,2024-12-31,0.035814162271491264
22448,2024-03-31,71527,2024-06-30,-0.003962810785563381
22448,2024-06-30,72270,2024-09-30,-0.0011720053523052876
22448,2024-09-30,76105,2024-12-31,0.00928284427840874
22451,2024-03-31,911604,2024-06-30,0.025727924353187073
22451,2024-06-30,908705,2024-09-30,0.025492104276602142
22451,2024-09-30,1364811,2024-12-31,0.00796933588753579
22460,2024-03-31,166507,2024-06-30,-0.002845336591108044
22460,2024-06-30,164679,2024-09-30,0.005489736725558
22460,2024-09-30,172028,2024-12-31,0.006382959086261344
22502,2024-03-31,59560,2024-06-30,0.010279726099452734
22502,2024-06-30,54650,2024-09-30,0.021405339967811746
22502,2024-09-30,53903,2024-12-31,0.024577634817816066
22514,2024-03-31,122457,2024-06-30,0.017073652973479108
22514,2024-06-30,122032,2024-09-30,0.029187753734246064
22514,2024-09-30,127298,2024-12-31,0.0372570993766325
22526,2024-03-31,193594,2024-06-30,0.0013472140517268609
22526,2024-06-30,198238,2024-09-30,0.006428366857773931
22526,2024-09-30,199856,2024-12-31,0.003494074067287048
22536,2024-03-31,331191,2024-06-30,0.044300208247625886
22536,2024-06-30,327587,2024-09-30,0.052781957294156454
22536,2024-09-30,332750,2024-12-31,0.0514550799851193
22537,2024-03-31,1196365,2024-06-30,0.022600316663649294
22537,2024-06-30,1209594,2024-09-30,0.025083171741050694
22537,2024-09-30,1213609,2024-12-31,0.026747636428095977
22549,2024-03-31,24887,2024-06-30,-0.0028835879662336985
22549,2024-06-30,24297,2024-09-30,0.0010583111422102674
22549,2024-09-30,24026,2024-12-31,-0.0017653267733505253
22551,2024-03-31,372283,2024-06-30,-0.016065651707490712
22551,2024-06-30,351809,2024-09-30,0.012656290494474982
22559,2024-03-31,2872775,2024-06-30,0.008854289413587577
22559,2024-06-30,2855573,2024-09-30,0.01503230570550689
22559,2024-09-30,2842737,2024-12-31,0.024025081091126017
22567,2024-03-31,86607,2024-06-30,0.000460664704031058
22567,2024-06-30,83458,2024-09-30,0.024161729826930847
22567,2024-09-30,85351,2024-12-31,0.031419769393541755
22578,2024-03-31,255078,2024-06-30,-0.0059683835682455616
22578,2024-06-30,250685,2024-09-30,0.009269524003451326
22578,2024-09-30,266613,2024-12-31,0.022997677766965197
22597,2024-03-31,2871575,2024-06-30,0.011731363013565942
22597,2024-06-30,2958225,2024-09-30,0.013116046462528112
22597,2024-09-30,2967229,2024-12-31,0.012635270730309879
22598,2024-03-31,104912,2024-06-30,0.01515373233578131
22598,2024-06-30,108966,2024-09-30,0.002342993792525704
22598,2024-09-30,111816,2024-12-31,-0.0075738592899829895
22600,2024-03-31,237598,2024-06-30,-0.012839596783679524
22600,2024-06-30,226324,2024-09-30,0.0019774904148746678
22600,2024-09-30,228736,2024-12-31,0.02344455735176343
22601,2024-03-31,172200,2024-06-30,0.04064782871862188
22601,2024-06-30,165307,2024-09-30,0.052036080257930675
22601,2024-09-30,169105,2024-12-31,0.07045256611328618
22621,2024-03-31,95100,2024-06-30,0.0001377213984586838
22636,2024-03-31,215275,2024-06-30,-0.011678521228020662
22636,2024-06-30,215749,2024-09-30,-0.013269422671665792
22636,2024-09-30,209319,2024-12-31,0.02447110583534114
22639,2024-03-31,176609,2024-06-30,0.007621216800869213
22639,2024-06-30,174917,2024-09-30,0.0052632318933899455
22639,2024-09-30,176864,2024-12-31,0.009458373425381805
22653,2024-03-31,3973120,2024-06-30,0.05898457775040261
22653,2024-06-30,4434788,2024-09-30,-0.013748703870908312
22653,2024-09-30,4242202,2024-12-31,0.061810056916832085
22657,2024-03-31,75209,2024-06-30,0.007355157156993543
22657,2024-06-30,72304,2024-09-30,0.011267869894300866
22657,2024-09-30,69072,2024-12-31,0.011578841954719882
22669,2024-03-31,173610,2024-06-30,-0.004059230910794399
22669,2024-06-30,173502,2024-09-30,0.02171042504450434
22669,2024-09-30,173940,2024-12-31,0.041559093504105464
22717,2024-03-31,268726,2024-06-30,0.01684110927955603
22717,2024-06-30,265449,2024-09-30,0.018962721060602827
22717,2024-09-30,261545,2024-12-31,0.013658238052363394
22738,2024-03-31,566591,2024-06-30,0.022525550688309057
22738,2024-06-30,625431,2024-09-30,0.04473875502428839
22738,2024-09-30,688802,2024-12-31,0.06269994066103288
22739,2024-03-31,295306,2024-06-30,0.012282437390156479
22739,2024-06-30,296514,2024-09-30,0.03618067101932251
22739,2024-09-30,312130,2024-12-31,0.05033578807220894
22756,2024-03-31,247072,2024-06-30,0.03852096212291525
22756,2024-06-30,249665,2024-09-30,0.018804874159833104
22756,2024-09-30,248684,2024-12-31,0.027149266082280677
22811,2024-03-31,115108,2024-06-30,0.007025834214294036
22811,2024-06-30,117880,2024-09-30,0.009721104853234887
22811,2024-09-30,121358,2024-12-31,0.011781812544545514
22835,2024-03-31,56568,2024-06-30,0.0064863283242372095
22835,2024-06-30,55642,2024-09-30,0.0032882670911629263
22835,2024-09-30,55522,2024-12-31,0.0060935762344625334
22838,2024-03-31,114580,2024-06-30,0.008226902663078054
22838,2024-06-30,117415,2024-09-30,0.02752950308157472
22838,2024-09-30,115521,2024-12-31,0.022595975038396384
22839,2024-03-31,53122,2024-06-30,0.008390966997497284
22839,2024-06-30,51957,2024-09-30,0.0061247875383472995
22839,2024-09-30,49768,2024-12-31,0.008213095082945883
22855,2024-03-31,85808,2024-06-30,-0.04525577705822931
22855,2024-06-30,85156,2024-09-30,-0.016056943390183525
22855,2024-09-30,84180,2024-12-31,0.002198630379263633
22858,2024-03-31,23156081,2024-06-30,0.05029773105082591
22858,2024-06-30,23305317,2024-09-30,0.08502534996885065
22858,2024-09-30,24070496,2024-12-31,0.08317409899852143
22867,2024-03-31,340717,2024-06-30,0.026943290825452444
22867,2024-06-30,348222,2024-09-30,0.02873576751094175
22867,2024-09-30,344042,2024-12-31,0.02448481927576145
22874,2024-03-31,683415,2024-06-30,-0.025601009833726127
22874,2024-06-30,730742,2024-09-30,-0.03419821191490212
22874,2024-09-30,714117,2024-12-31,-0.009206458312673886
22876,2024-03-31,979509,2024-06-30,0.0076295175979828045
22876,2024-06-30,979251,2024-09-30,0.010314359265721919
22876,2024-09-30,969306,2024-12-31,0.02266288673639592
22888,2024-03-31,154102,2024-06-30,0.0017034785784440843
22888,2024-06-30,152238,2024-09-30,0.006701407301464119
22888,2024-09-30,152720,2024-12-31,0.00952252325852642
22895,2024-03-31,228186,2024-06-30,0.02942685819041734
22895,2024-06-30,226706,2024-09-30,0.020285637909357907
22895,2024-09-30,226682,2024-12-31,0.016132518194990963
22918,2024-03-31,2993263,2024-06-30,0.03144936933628439
22918,2024-06-30,3192843,2024-09-30,0.03332977448541858
22918,2024-09-30,3255872,2024-12-31,0.04538174827077068
22925,2024-03-31,155507,2024-06-30,0.013406952993438477
22925,2024-06-30,154654,2024-09-30,0.00934493590013377
22925,2024-09-30,160007,2024-12-31,-0.003873676853881466
22942,2024-03-31,120487,2024-06-30,0.005301938897478576
22942,2024-06-30,122086,2024-09-30,0.017538004092117285
22942,2024-09-30,119576,2024-12-31,0.018472596697688522
22953,2024-03-31,7936361,2024-06-30,0.028342944851814045
22953,2024-06-30,7866471,2024-09-30,-0.007395603590033539
22953,2024-09-30,8217330,2024-12-31,0.039505189298488945
22954,2024-03-31,40232,2024-06-30,0.02430999402367606
22954,2024-06-30,41666,2024-09-30,0.030048428860834465
22954,2024-09-30,40616,2024-12-31,0.03747516263195907
22957,2024-03-31,2178574,2024-06-30,-0.006985975227206958
22957,2024-06-30,2117425,2024-09-30,-0.010731187408499276
22957,2024-09-30,2224267,2024-12-31,0.004146366532364549
22964,2024-03-31,641241,2024-06-30,0.01108629825005631
22964,2024-06-30,652406,2024-09-30,0.02016060345889429
22964,2024-09-30,664247,2024-12-31,0.01147501450530859
22971,2024-03-31,244881,2024-06-30,0.049042645853892085
22971,2024-06-30,244866,2024-09-30,0.042338400263080646
22971,2024-09-30,247421,2024-12-31,0.03983893082182935
22993,2024-03-31,121372,2024-06-30,0.009714235874766356
22993,2024-06-30,124015,2024-09-30,0.01640779771232408
22993,2024-09-30,131534,2024-12-31,0.032602783056911014
23007,2024-03-31,697824,2024-06-30,0.05236028850848788
23007,2024-06-30,680406,2024-09-30,0.0842262221447763
23007,2024-09-30,698813,2024-12-31,0.06716629273546358
23030,2024-03-31,2031531,2024-06-30,0.010104666766779968
23030,2024-06-30,2868115,2024-09-30,0.020992953905073927
23030,2024-09-30,2922480,2024-12-31,0.05315093578056416
23041,2024-03-31,996228,2024-06-30,-0.01612499745093155
23041,2024-06-30,986077,2024-09-30,0.01648041210371182
23041,2024-09-30,1011867,2024-12-31,0.03110994401905371
23086,2024-03-31,364376,2024-06-30,0.013200342053419602
23086,2024-06-30,367620,2024-09-30,0.023285769822599854
23086,2024-09-30,408197,2024-12-31,0.017786851377337126
23091,2024-03-31,5935412,2024-06-30,0.022229469414308402
23091,2024-06-30,5816196,2024-09-30,0.03951580779660858
23091,2024-09-30,5894456,2024-12-31,0.03448293681324432
23099,2024-03-31,72897,2024-06-30,-0.007093571705736558
23099,2024-06-30,72942,2024-09-30,-0.0038461460175795046
23099,2024-09-30,70099,2024-12-31,0.012642492262708006
23123,2024-03-31,446960,2024-06-30,0.007895919950309232
23123,2024-06-30,449752,2024-09-30,0.02095927732231154
23123,2024-09-30,442718,2024-12-31,0.022530067891978176
23126,2024-03-31,74706,2024-06-30,-0.002119028631124715
23126,2024-06-30,72576,2024-09-30,0.019823322469093824
23126,2024-09-30,80811,2024-12-31,-0.016322665556801983
23144,2024-03-31,584842,2024-06-30,0.020438823020449644
23144,2024-06-30,605072,2024-09-30,0.041671653070836354
23144,2024-09-30,571257,2024-12-31,0.035275678557702535
23152,2024-03-31,305402,2024-06-30,0.024142813625287342
23152,2024-06-30,310219,2024-09-30,0.02284877251804231
23152,2024-09-30,313092,2024-12-31,0.02125670942195072
23189,2024-03-31,256670,2024-06-30,-0.0025032307840062843
23189,2024-06-30,247976,2024-09-30,-0.005598531440203729
23189,2024-09-30,255599,2024-12-31,-0.004593375860206941
23210,2024-03-31,329485,2024-06-30,-0.13128526606547303
23210,2024-06-30,231488,2024-09-30,0.08112187751780288
23210,2024-09-30,227763,2024-12-31,0.06260446300983906
23220,2024-03-31,7920234,2024-06-30,0.026365704391201658
23220,2024-06-30,8052418,2024-09-30,0.01802337418137983
23220,2024-09-30,7918751,2024-12-31,0.01938449868380387
23242,2024-03-31,43687,2024-06-30,0.017285233707789744
23242,2024-06-30,47495,2024-09-30,0.022349851248326842
23242,2024-09-30,45672,2024-12-31,0.033814435199021324
23244,2024-03-31,37457,2024-06-30,0.010010654476600385
23244,2024-06-30,37958,2024-09-30,0.0069281566471615635
23244,2024-09-30,37953,2024-12-31,0.005469712999341418
23257,2024-03-31,316747,2024-06-30,0.01623374461980396
23257,2024-06-30,321851,2024-09-30,0.01628912147865596
23257,2024-09-30,328777,2024-12-31,0.006632315766046446
23270,2024-03-31,77616,2024-06-30,0.009740522101940883
23270,2024-06-30,73381,2024-09-30,0.020354890007042457
23270,2024-09-30,78933,2024-12-31,0.007815344448640727
23275,2024-03-31,1309215,2024-06-30,-0.02655399333431391
23275,2024-06-30,1315149,2024-09-30,0.00038520636162727177
23275,2024-09-30,1362188,2024-12-31,0.019324112516413475
23286,2024-03-31,1327464,2024-06-30,0.02461651819949942
23286,2024-06-30,1314838,2024-09-30,0.021164335093409647
23286,2024-09-30,1328759,2024-12-31,0.025671960074377536
23287,2024-03-31,4361284,2024-06-30,0.022388968995014233
23287,2024-06-30,4424291,2024-09-30,0.03537099487338445
23287,2024-09-30,4645056,2024-12-31,0.00826281068082149
23293,2024-03-31,1658226,2024-06-30,0.010689831658562193
23293,2024-06-30,1652538,2024-09-30,0.0189344563022177
23293,2024-09-30,1651398,2024-12-31,0.017999698257058477
23296,2024-03-31,5309340,2024-06-30,0.00426973676812026
23296,2024-06-30,5380347,2024-09-30,0.0036381246351381473
23296,2024-09-30,5505584,2024-12-31,0.005604382703081017
23298,2024-03-31,1261910,2024-06-30,0.0036915013806469803
23298,2024-06-30,1304439,2024-09-30,0.026615996922618543
23298,2024-09-30,1289236,2024-12-31,0.015031790625791715
23373,2024-03-31,59435,2024-06-30,0.011793503968531951
23373,2024-06-30,57056,2024-09-30,0.005483731060726629
23373,2024-09-30,58114,2024-12-31,0.007764803639006698
23376,2024-03-31,336748,2024-06-30,0.009556091349551401
23376,2024-06-30,340224,2024-09-30,0.02078137852299241
23376,2024-09-30,338204,2024-12-31,0.02471428183843081
23404,2024-03-31,112966,2024-06-30,-0.003244143272939233
23404,2024-06-30,117512,2024-09-30,-0.003941686021717839
23404,2024-09-30,119187,2024-12-31,-0.0006502556942208363
23430,2024-03-31,238391,2024-06-30,0.01586362855177582
23430,2024-06-30,233170,2024-09-30,0.013132440509470768
23430,2024-09-30,230420,2024-12-31,0.017860787471102094
23472,2024-03-31,1444,2024-06-30,0.1475058939636366
23472,2024-06-30,1073,2024-09-30,0.21868575023511497
23472,2024-09-30,1118,2024-12-31,0.09927957049820446
23473,2024-03-31,2321829,2024-06-30,0.01266876118764183
23473,2024-06-30,2340205,2024-09-30,0.01885661416789857
23473,2024-09-30,2417183,2024-12-31,0.019727195009465275
23474,2024-03-31,4431810,2024-06-30,0.0054083461039494555
23474,2024-06-30,4481154,2024-09-30,0.0073947210219568295
23474,2024-09-30,4707720,2024-12-31,0.021593444175317177
23498,2024-03-31,4492627,2024-06-30,-0.013354749084719394
23498,2024-06-30,4427499,2024-09-30,0.01956013100775772
23498,2024-09-30,4739925,2024-12-31,0.013340069287121966
23523,2024-03-31,144507,2024-06-30,-0.0019395373735165604
23523,2024-06-30,141540,2024-09-30,0.0031823114137497764
23523,2024-09-30,136513,2024-12-31,0.0116774400620054
23537,2024-03-31,875108,2024-06-30,0.030408660197360247
23537,2024-06-30,755095,2024-09-30,0.0024744827141852097
23537,2024-09-30,961912,2024-12-31,0.08323412035710089
23546,2024-03-31,280008,2024-06-30,0.01423428525711316
23546,2024-06-30,281329,2024-09-30,0.019778899978908138
23546,2024-09-30,273656,2024-12-31,0.014991897106416283
23551,2024-03-31,107620,2024-06-30,0.0016742467670861907
23551,2024-06-30,108342,2024-09-30,0.0021642445380936326
23551,2024-09-30,105094,2024-12-31,0.000767207776259609
23597,2024-03-31,325003,2024-06-30,0.013252179342955403
23597,2024-06-30,337887,2024-09-30,0.03480905772545231
23597,2024-09-30,317275,2024-12-31,0.02303715209105795
23620,2024-03-31,1806026,2024-06-30,0.01839148390479006
23620,2024-06-30,1827091,2024-09-30,0.019420001791848628
23620,2024-09-30,1898148,2024-12-31,0.008299945691592392
23621,2024-03-31,10466336,2024-06-30,0.026362285216871957
23621,2024-06-30,10174678,2024-09-30,0.029060286605898832
23621,2024-09-30,9653844,2024-12-31,0.025539582835427465
23622,2024-03-31,2548185,2024-06-30,0.012982738646349653
23622,2024-06-30,2593137,2024-09-30,0.017587300757492548
23622,2024-09-30,2535177,2024-12-31,0.01670354689208994
23623,2024-03-31,5353352,2024-06-30,0.020851185130979322
23623,2024-06-30,4980749,2024-09-30,0.0093919865457467
23623,2024-09-30,5176998,2024-12-31,0.018639449583784745
23627,2024-03-31,5460882,2024-06-30,-0.00792704798347871
23627,2024-06-30,5114019,2024-09-30,0.020702290455243525
23627,2024-09-30,5151444,2024-12-31,0.015276660148511673
23647,2024-03-31,2525574,2024-06-30,-0.008425578962670861
23647,2024-06-30,2473681,2024-09-30,0.020416107471650104
23647,2024-09-30,2440456,2024-12-31,0.040413296192949505
23737,2024-03-31,617143,2024-06-30,-0.00017246454029445766
23737,2024-06-30,518719,2024-09-30,0.006854664495459592
23737,2024-09-30,524343,2024-12-31,0.0475139207287852
23749,2024-03-31,166444,2024-06-30,0.00395602813873675
23749,2024-06-30,171528,2024-09-30,0.03590094412926059
23749,2024-09-30,165986,2024-12-31,0.02762039931360792
23764,2024-03-31,259636,2024-06-30,0.022900739874755334
23764,2024-06-30,255505,2024-09-30,0.013917657815732084
23764,2024-09-30,275779,2024-12-31,0.023320068385833545
23772,2024-03-31,599910,2024-06-30,-0.001243781682284874
23772,2024-06-30,619245,2024-09-30,0.012964351041361122
23772,2024-09-30,631400,2024-12-31,0.02225279209401545
23798,2024-03-31,309314,2024-06-30,0.014071836029850267
23798,2024-06-30,305862,2024-09-30,0.005485862172469339
23798,2024-09-30,296616,2024-12-31,0.003143798996777381
23799,2024-03-31,1885847,2024-06-30,0.04245143941273202
23799,2024-06-30,1931048,2024-09-30,0.0489771944274753
23799,2024-09-30,1989903,2024-12-31,0.04722455737807387
23805,2024-03-31,121167,2024-06-30,0.010449770284957388
23805,2024-06-30,121000,2024-09-30,0.008802529159454056
23805,2024-09-30,120293,2024-12-31,0.01541114993929199
23806,2024-03-31,687164,2024-06-30,0.015718989751045367
23806,2024-06-30,688291,2024-09-30,0.031141425962825178
23806,2024-09-30,699821,2024-12-31,0.02646837722781479
23815,2024-03-31,282825,2024-06-30,0.011347862168246244
23815,2024-06-30,279901,2024-09-30,0.0359052856290716
23815,2024-09-30,277419,2024-12-31,0.05310148164162026
23826,2024-03-31,1010,2024-06-30,0.8201082050847538
23826,2024-06-30,2700,2024-09-30,0.5007363909256024
23826,2024-09-30,2700,2024-12-31,-0.14793317575756149
23864,2024-03-31,260670,2024-06-30,-0.020638359344350488
23864,2024-06-30,241049,2024-09-30,-0.017008392478007565
23864,2024-09-30,241253,2024-12-31,-0.011737101323607509
23886,2024-03-31,540160,2024-06-30,-0.0020382533599328776
23886,2024-06-30,538482,2024-09-30,0.00911648150010316
23886,2024-09-30,535282,2024-12-31,0.008548737458155962
23966,2024-03-31,505064,2024-06-30,0.0035215638328183266
23966,2024-06-30,511504,2024-09-30,0.019442630877253095
23966,2024-09-30,507235,2024-12-31,0.018773104497256398
23986,2024-03-31,114189,2024-06-30,0.011391747207199522
23986,2024-06-30,121052,2024-09-30,0.030495732817892956
23986,2024-09-30,122500,2024-12-31,0.04103386307492471
23989,2024-03-31,80285,2024-06-30,0.01152403176811726
23989,2024-06-30,81094,2024-09-30,0.00471031125350746
23989,2024-09-30,79197,2024-12-31,0.003958793313942644
23992,2024-03-31,1386927,2024-06-30,0.030985008253343514
23992,2024-06-30,1449657,2024-09-30,0.038647784386006995
23992,2024-09-30,1457075,2024-12-31,0.03370695661635898
23998,2024-03-31,993281,2024-06-30,0.008697308718047936
23998,2024-06-30,982597,2024-09-30,0.007505043094610301
23998,2024-09-30,1048450,2024-12-31,0.025264908436106247
24015,2024-03-31,311643,2024-06-30,0.020125716027299543
24015,2024-06-30,302605,2024-09-30,0.03441962482999133
24015,2024-09-30,301349,2024-12-31,0.03089034471447717
24038,2024-03-31,12572,2024-06-30,0.02029685994701033
24038,2024-06-30,11788,2024-09-30,0.028396105486105428
24038,2024-09-30,11436,2024-12-31,0.02971254209165624
24045,2024-03-31,29123530,2024-06-30,-0.0013280407256414362
24045,2024-06-30,28990696,2024-09-30,-0.005350932632117972
24045,2024-09-30,27017883,2024-12-31,0.02583260080191503
24064,2024-03-31,80075,2024-06-30,0.003552112771294016
24064,2024-06-30,75985,2024-09-30,0.006978942267759901
24064,2024-09-30,77851,2024-12-31,0.003947639039852067
24085,2024-03-31,87437,2024-06-30,-0.034743634825785547
24085,2024-06-30,87675,2024-09-30,-0.02111948145778934
24085,2024-09-30,85391,2024-12-31,-0.027358570341462458
24156,2024-03-31,5547231,2024-06-30,0.008960683372047635
24156,2024-06-30,5561808,2024-09-30,0.010945931349231634
24156,2024-09-30,5563929,2024-12-31,0.02195312186619064
24170,2024-03-31,6382715,2024-06-30,-0.010744619671263602
24170,2024-06-30,6336832,2024-09-30,0.005364007208367614
24170,2024-09-30,6416965,2024-12-31,0.004503644684778316
24199,2024-03-31,151018,2024-06-30,-0.006100670978450677
24199,2024-06-30,161354,2024-09-30,-0.0015076670990013
24199,2024-09-30,191989,2024-12-31,-0.011170273710661831
24211,2024-03-31,150830,2024-06-30,0.05534213466938927
24211,2024-06-30,147043,2024-09-30,0.059051902100799435
24211,2024-09-30,157837,2024-12-31,0.06781344566257447
24272,2024-03-31,69024,2024-06-30,0.03271352332749548
24272,2024-06-30,73799,2024-09-30,0.025513514939788973
24272,2024-09-30,68963,2024-12-31,0.020370693395978606
24303,2024-03-31,57226,2024-06-30,0.004379088955318334
24303,2024-06-30,56213,2024-09-30,0.012963303798193325
24303,2024-09-30,58031,2024-12-31,-0.0020062185979825738
24305,2024-03-31,257096,2024-06-30,-0.016654921986352718
24305,2024-06-30,258055,2024-09-30,-0.004492232274427056
24305,2024-09-30,255844,2024-12-31,0.008431290666162267
24332,2024-03-31,340388,2024-06-30,-0.00931551524501767
24332,2024-06-30,321861,2024-09-30,-0.01731752918818203
24332,2024-09-30,312715,2024-12-31,-0.048169070106895036
24347,2024-03-31,2537501,2024-06-30,0.010621267191917038
24347,2024-06-30,2654880,2024-09-30,0.015821491990678973
24347,2024-09-30,2615201,2024-12-31,0.01810450076390713
24353,2024-03-31,556848,2024-06-30,0.006745689055482079
24353,2024-06-30,575768,2024-09-30,0.01311056190039368
24353,2024-09-30,609759,2024-12-31,0.023270021863439138
24367,2024-03-31,52104,2024-06-30,0.023714521126135174
24367,2024-06-30,54239,2024-09-30,0.022278211503531965
24367,2024-09-30,55717,2024-12-31,0.021676793758812703
24387,2024-03-31,2107675,2024-06-30,0.006541765005863627
24387,2024-06-30,2048917,2024-09-30,0.01849157133007309
24387,2024-09-30,2199088,2024-12-31,0.030631663076883132
24443,2024-03-31,102384,2024-06-30,0.027660197087894193
24443,2024-06-30,96726,2024-09-30,0.029180078842601567
24443,2024-09-30,96825,2024-12-31,0.0410787009511175
24472,2024-03-31,545101,2024-06-30,0.018872207496137553
24472,2024-06-30,552400,2024-09-30,0.009753836894934734
24472,2024-09-30,548981,2024-12-31,0.008387506650024863
24498,2024-03-31,223296,2024-06-30,-0.01574938577828101
24498,2024-06-30,226679,2024-09-30,0.005507366767582103
24498,2024-09-30,241054,2024-12-31,0.03436525961242721
24516,2024-03-31,1952585,2024-06-30,0.013984509787312175
24516,2024-06-30,2008706,2024-09-30,0.014506756159813092
24516,2024-09-30,2069453,2024-12-31,0.021157990450819383
24540,2024-03-31,1156113,2024-06-30,0.030335434886057867
24540,2024-06-30,1167579,2024-09-30,0.04097733687318023
24540,2024-09-30,1197002,2024-12-31,0.04768837737280545
24563,2024-03-31,1686163,2024-06-30,-0.001956103830846629
24563,2024-06-30,1705119,2024-09-30,0.00222400521843389
24563,2024-09-30,1701020,2024-12-31,0.002675955638583382
24603,2024-03-31,434474,2024-06-30,-0.012563970944705297
24603,2024-06-30,428156,2024-09-30,0.02051642175669838
24603,2024-09-30,447633,2024-12-31,0.03271824492546363
24677,2024-03-31,180648,2024-06-30,0.047904636403500796
24677,2024-06-30,189378,2024-09-30,0.013330238955624983
24677,2024-09-30,207935,2024-12-31,-0.060865516848173665
24823,2024-03-31,991553,2024-06-30,0.02762511542681371
24823,2024-06-30,998012,2024-09-30,0.03702873565678503
24823,2024-09-30,1064471,2024-12-31,0.05976441788218757
24829,2024-03-31,550503,2024-06-30,-0.03345358268077193
24829,2024-06-30,562159,2024-09-30,-0.017149843491749268
24829,2024-09-30,553279,2024-12-31,-0.00594095978039913
24865,2024-03-31,116317,2024-06-30,-0.003810835974054506
24865,2024-06-30,114848,2024-09-30,0.0017233516116534804
24865,2024-09-30,116007,2024-12-31,-0.0035720408050458562
24867,2024-03-31,119295,2024-06-30,0.03202998277319433
24867,2024-06-30,111188,2024-09-30,-0.0037344684212422393
24867,2024-09-30,109172,2024-12-31,-0.015211079997493063
24897,2024-03-31,1912506,2024-06-30,0.011249787679360142
24897,2024-06-30,1897041,2024-09-30,0.01640170190859711
24897,2024-09-30,1945337,2024-12-31,0.017024077108026163
24902,2024-03-31,78008,2024-06-30,-0.006742773403878905
24902,2024-06-30,69098,2024-09-30,-0.0008589742349564405
24902,2024-09-30,69233,2024-12-31,-0.007954965107923354
24919,2024-03-31,1005185,2024-06-30,0.01641281852653671
24919,2024-06-30,1029056,2024-09-30,0.04267750767873591
24919,2024-09-30,1083950,2024-12-31,0.03109088995165649
24920,2024-03-31,2798358,2024-06-30,0.0217256796562785
24920,2024-06-30,3044277,2024-09-30,0.02226153735812985
24920,2024-09-30,3428660,2024-12-31,0.054281123561293644
24922,2024-03-31,534067,2024-06-30,0.0009462049484985772
24922,2024-06-30,526006,2024-09-30,0.0003988634600699877
24922,2024-09-30,535252,2024-12-31,0.012554765653186544
24961,2024-03-31,420357,2024-06-30,0.005874239293029134
24961,2024-06-30,414120,2024-09-30,0.002699933232265885
24961,2024-09-30,414374,2024-12-31,-0.0025351526029635226
24966,2024-03-31,152952,2024-06-30,-0.013478982677042657
24966,2024-06-30,152470,2024-09-30,-0.009345217108933681
24966,2024-09-30,156172,2024-12-31,-0.0027891266740764907
24998,2024-03-31,24744749,2024-06-30,-0.005504379371340758
24998,2024-06-30,24687004,2024-09-30,0.0056848721898270175
24998,2024-09-30,25695108,2024-12-31,0.022968974358035524
25054,2024-03-31,92931,2024-06-30,0.027275969628026225
25054,2024-06-30,85531,2024-09-30,0.044220884697652126
25054,2024-09-30,88781,2024-12-31,0.03797342053458517
25093,2024-03-31,1487357,2024-06-30,0.006767923315355333
25093,2024-06-30,1519645,2024-09-30,-0.00022073276202173398
25093,2024-09-30,1591465,2024-12-31,0.015124202915216942
25103,2024-03-31,3730096,2024-06-30,0.03747614034057038
25103,2024-06-30,3719686,2024-09-30,0.028971034847553055
25103,2024-09-30,3818774,2024-12-31,0.019219960934308125
25122,2024-03-31,151962,2024-06-30,0.06145047077045331
25158,2024-03-31,537716,2024-06-30,0.01451114373716555
25158,2024-06-30,531866,2024-09-30,0.01615175828830385
25158,2024-09-30,525696,2024-12-31,0.013530192131250573
25161,2024-03-31,122443,2024-06-30,0.008008228920255494
25161,2024-06-30,114760,2024-09-30,0.0175435727300729
25161,2024-09-30,111645,2024-12-31,0.010565698018874315
25173,2024-03-31,329719,2024-06-30,0.012049672906356154
25173,2024-06-30,337037,2024-09-30,0.014760318689544789
25173,2024-09-30,341234,2024-12-31,0.0156734088800966
25178,2024-03-31,10909000,2024-06-30,-0.07245146778757497
25178,2024-06-30,11725000,2024-09-30,-0.009507267892792558
25178,2024-09-30,13219000,2024-12-31,0.07007785680963703
25247,2024-03-31,347029,2024-06-30,0.010074856325595632
25247,2024-06-30,338424,2024-09-30,0.02588972783762859
25247,2024-09-30,361825,2024-12-31,-0.007275772188752554
25249,2024-03-31,742722,2024-06-30,0.018540204522981593
25249,2024-06-30,669316,2024-09-30,0.006347114401594159
25249,2024-09-30,707130,2024-12-31,0.04133249279108078
25258,2024-03-31,488827,2024-06-30,-0.004460898090641268
25258,2024-06-30,504015,2024-09-30,-0.001374005062309099
25258,2024-09-30,540002,2024-12-31,0.01629353410414449
25267,2024-03-31,330668,2024-06-30,-0.019822532440156092
25267,2024-06-30,314965,2024-09-30,0.03048718839678328
25267,2024-09-30,325153,2024-12-31,0.025436773066769128
25291,2024-03-31,467193,2024-06-30,0.019376106205697363
25291,2024-06-30,480934,2024-09-30,0.032219050210118796
25291,2024-09-30,463208,2024-12-31,0.04168195798764003
25328,2024-03-31,198736,2024-06-30,0.06683519356310616
25328,2024-06-30,169216,2024-09-30,0.08178959757498068
25328,2024-09-30,200078,2024-12-31,0.09479164291110957
25591,2024-03-31,41318,2024-06-30,-0.030193901024794953
25591,2024-06-30,43153,2024-09-30,-0.05850250715456542
25591,2024-09-30,43612,2024-12-31,-0.03710929304414571
25620,2024-03-31,711355,2024-06-30,0.0020497041388130356
25620,2024-06-30,760029,2024-09-30,0.01653563892127743
25620,2024-09-30,799892,2024-12-31,0.048080696739431945
25621,2024-03-31,576124,2024-06-30,-0.01804097417594257
25621,2024-06-30,589767,2024-09-30,-0.0005878514968555217
25621,2024-09-30,586979,2024-12-31,0.0064312757770728715
25644,2024-03-31,120480,2024-06-30,0.013958871798820173
25644,2024-06-30,128536,2024-09-30,-0.02303513134916024
25644,2024-09-30,132716,2024-12-31,-0.02988886976587865
25665,2024-03-31,748953,2024-06-30,-0.03506593124050739
25665,2024-06-30,778420,2024-09-30,-0.006581475917276264
25665,2024-09-30,769650,2024-12-31,-0.0008829470884771896
25679,2024-03-31,3553455,2024-06-30,-0.020554616735667396
25679,2024-06-30,3586021,2024-09-30,-0.018999100043279264
25679,2024-09-30,3640090,2024-12-31,0.029798203099651772
25703,2024-03-31,147575,2024-06-30,-0.012758950351591981
25703,2024-06-30,149152,2024-09-30,-0.011566031448602241
25703,2024-09-30,146355,2024-12-31,0.001915645708340034
25726,2024-03-31,304121,2024-06-30,0.014977196614345776
25726,2024-06-30,300559,2024-09-30,0.020916350880349568
25726,2024-09-30,299901,2024-12-31,0.013342657825526436
25738,2024-03-31,830323,2024-06-30,0.019480086316543948
25738,2024-06-30,884536,2024-09-30,0.03113074405248761
25738,2024-09-30,886166,2024-12-31,0.07107649510964047
25744,2024-03-31,83794,2024-06-30,0.001497541108897219
25744,2024-06-30,84147,2024-09-30,0.03952417566999638
25744,2024-09-30,81435,2024-12-31,0.029924228062870314
25749,2024-03-31,115553,2024-06-30,0.013175654043713823
25749,2024-06-30,111314,2024-09-30,-0.004772960830061409
25749,2024-09-30,116610,2024-12-31,-0.009537323578892897
25750,2024-03-31,112686,2024-06-30,-0.02308113912541475
25750,2024-06-30,112615,2024-09-30,-0.008818732975834858
25750,2024-09-30,112795,2024-12-31,-0.0058382577430167405
25752,2024-03-31,269682,2024-06-30,0.0016153148503607398
25752,2024-06-30,252988,2024-09-30,0.011179892019694762
25752,2024-09-30,247621,2024-12-31,0.01671126484463905
25795,2024-03-31,482658,2024-06-30,0.0006565254185184689
25795,2024-06-30,488743,2024-09-30,0.005949624306650997
25795,2024-09-30,475875,2024-12-31,0.007729501131014059
25796,2024-03-31,138120,2024-06-30,0.03909519115777967
25796,2024-06-30,152258,2024-09-30,0.09952675475319843
25796,2024-09-30,164102,2024-12-31,0.1267658878864168
25803,2024-03-31,81030,2024-06-30,0.07318046280274015
25803,2024-06-30,47060,2024-09-30,-0.05791744090488174
25803,2024-09-30,37933,2024-12-31,-0.24952061893207325
25849,2024-03-31,245401,2024-06-30,-0.08376991472094364
25849,2024-06-30,232288,2024-09-30,-0.0273354602756092
25849,2024-09-30,214201,2024-12-31,0.03262197334116304
25858,2024-03-31,4388266,2024-06-30,-0.0011863008825710314
25858,2024-06-30,4363979,2024-09-30,0.0005225895235251389
25858,2024-09-30,4389622,2024-12-31,0.030883175450055384
25869,2024-03-31,186889,2024-06-30,0.0068980082903970456
25869,2024-06-30,192110,2024-09-30,0.00994305714384906
25869,2024-09-30,198068,2024-12-31,0.011211460407041537
25883,2024-03-31,416658,2024-06-30,0.02142992780958346
25883,2024-06-30,425804,2024-09-30,0.01506632940963973
25883,2024-09-30,416592,2024-12-31,0.023845762549463526
25886,2024-03-31,725195,2024-06-30,0.0607338602096237
25886,2024-06-30,758111,2024-09-30,0.06474279981812195
25886,2024-09-30,748047,2024-12-31,0.06498771883250389
25894,2024-03-31,376217,2024-06-30,0.007839970879681135
25894,2024-06-30,373555,2024-09-30,0.008789830084116632
25894,2024-09-30,368770,2024-12-31,0.02088882364989764
26021,2024-03-31,121766,2024-06-30,0.00877254242392027
26021,2024-06-30,122640,2024-09-30,0.01396985652406727
26021,2024-09-30,120154,2024-12-31,0.00975072379576443
26181,2024-03-31,736985,2024-06-30,0.02489996554564291
26181,2024-06-30,750382,2024-09-30,0.03473872928834618
26181,2024-09-30,763105,2024-12-31,0.0272936185518404
26185,2024-03-31,397614,2024-06-30,0.016454282955372056
26185,2024-06-30,401862,2024-09-30,0.02333058552250719
26185,2024-09-30,405616,2024-12-31,0.022955099106076557
26189,2024-03-31,114089,2024-06-30,0.0022362600444887234
26189,2024-06-30,117477,2024-09-30,0.0040489232127710025
26189,2024-09-30,142577,2024-12-31,0.02332207738358888
26217,2024-03-31,402981,2024-06-30,0.06033744524236994
26217,2024-06-30,399500,2024-09-30,0.059934124982313555
26217,2024-09-30,390630,2024-12-31,0.05870629079312769
26223,2024-03-31,1563601,2024-06-30,0.01911332534382457
26223,2024-06-30,1588025,2024-09-30,0.00850663434443952
26223,2024-09-30,1669263,2024-12-31,0.012671460658877812
26228,2024-03-31,113353,2024-06-30,-0.007369734575803605
26228,2024-06-30,112896,2024-09-30,-0.002705059061725296
26228,2024-09-30,112907,2024-12-31,0.005791714592829852
26260,2024-03-31,57083,2024-06-30,-0.008985616553568176
26260,2024-06-30,56973,2024-09-30,-0.0060186819332495554
26260,2024-09-30,57457,2024-12-31,-0.0025177744428938986
26271,2024-03-31,182549,2024-06-30,0.006809265969545298
26271,2024-06-30,189234,2024-09-30,0.004598715248252911
26271,2024-09-30,195063,2024-12-31,-0.010506267722713783
26299,2024-03-31,1006664,2024-06-30,0.04529465455685314
26299,2024-06-30,998267,2024-09-30,0.054055063608085235
26299,2024-09-30,1030495,2024-12-31,0.038438901340337846
26312,2024-03-31,5747861,2024-06-30,0.03938372461722602
26312,2024-06-30,6131080,2024-09-30,0.035861530396008354
26312,2024-09-30,6952985,2024-12-31,-0.01594383742577345
26323,2024-03-31,451068,2024-06-30,-0.012301887486544628
26323,2024-06-30,441937,2024-09-30,0.004349333888936353
26323,2024-09-30,464658,2024-12-31,0.021743213030445636
26333,2024-03-31,822142,2024-06-30,0.006408711101928014
26333,2024-06-30,905444,2024-09-30,0.02554854774990307
26333,2024-09-30,935495,2024-12-31,0.025108139104701707
26336,2024-03-31,1705636,2024-06-30,0.025468809799269056
26336,2024-06-30,1674526,2024-09-30,0.022551892394953237
26336,2024-09-30,1675586,2024-12-31,0.03680749261969514
26340,2024-03-31,142532,2024-06-30,-0.0005966688499735267
26340,2024-06-30,143309,2024-09-30,-0.003797483566447145
26340,2024-09-30,137392,2024-12-31,0.006685245826426719
26342,2024-03-31,5762018,2024-06-30,0.007850677224434074
26342,2024-06-30,5678108,2024-09-30,0.0015377055753120817
26342,2024-09-30,5870365,2024-12-31,0.01998185830092677
26351,2024-03-31,182447,2024-06-30,0.09692947477086733
26351,2024-06-30,176919,2024-09-30,0.07533475446080407
26351,2024-09-30,170624,2024-12-31,0.06982198987154015
26358,2024-03-31,147107,2024-06-30,0.02688218165536563
26358,2024-06-30,139996,2024-09-30,0.022002278153737034
26358,2024-09-30,150222,2024-12-31,0.025468200581467898
26363,2024-03-31,289953,2024-06-30,0.03208932024463104
26363,2024-06-30,299586,2024-09-30,0.04008066218006262
26363,2024-09-30,301667,2024-12-31,0.03336004797697103
26379,2024-03-31,345303,2024-06-30,0.008180183061304906
26379,2024-06-30,336579,2024-09-30,0.00830655962711842
26379,2024-09-30,324453,2024-12-31,0.008881338840610877
26381,2024-03-31,1324035,2024-06-30,0.019271913598801503
26381,2024-06-30,1299372,2024-09-30,0.014641091895838891
26381,2024-09-30,1310878,2024-12-31,0.027598196159312926
26392,2024-03-31,3026,2024-06-30,0.02273616717967604
26392,2024-06-30,3026,2024-09-30,0.010646462074277835
26392,2024-09-30,3027,2024-12-31,0.007368544577050899
26393,2024-03-31,299591,2024-06-30,0.013941467362033296
26393,2024-06-30,286726,2024-09-30,-0.010033539561017267
26393,2024-09-30,297287,2024-12-31,0.01557815143197635
26395,2024-03-31,890139,2024-06-30,0.016868144802303663
26395,2024-06-30,892283,2024-09-30,0.018868227522196277
26395,2024-09-30,871791,2024-12-31,0.019165822473301505
26397,2024-03-31,666302,2024-06-30,0.0035557972310019084
26397,2024-06-30,670267,2024-09-30,0.009646472690684464
26397,2024-09-30,669395,2024-12-31,0.007329627943901296
26398,2024-03-31,409001,2024-06-30,0.029175214089814647
26398,2024-06-30,387003,2024-09-30,0.02008344716264761
26398,2024-09-30,373990,2024-12-31,0.003059471381150329
26403,2024-03-31,1002455,2024-06-30,0.06700603286255409
26403,2024-06-30,1078315,2024-09-30,0.07589356708823532
26403,2024-09-30,1106545,2024-12-31,0.0645469396705116
26411,2024-03-31,496722,2024-06-30,0.021664012561759427
26411,2024-06-30,500850,2024-09-30,0.023570454217271535
26411,2024-09-30,500617,2024-12-31,0.016722248503947316
26416,2024-03-31,59219,2024-06-30,0.001639499072737949
26416,2024-06-30,57618,2024-09-30,0.007282411963677073
26416,2024-09-30,56861,2024-12-31,0.013108792497911694
26442,2024-03-31,694380,2024-06-30,0.03637293367878828
26442,2024-06-30,706669,2024-09-30,0.036743448422925915
26442,2024-09-30,730562,2024-12-31,0.018708839684178635
26444,2024-03-31,919075,2024-06-30,0.03993361135938921
26444,2024-06-30,949631,2024-09-30,0.04745592416508684
26444,2024-09-30,960453,2024-12-31,0.04653032164121374
26450,2024-03-31,128777,2024-06-30,0.02281474063834463
26450,2024-06-30,130163,2024-09-30,0.02657088459939464
26450,2024-09-30,131200,2024-12-31,0.0273751330950949
26451,2024-03-31,1312519,2024-06-30,0.026668777975841128
26451,2024-06-30,1351736,2024-09-30,0.02030027645578355
26451,2024-09-30,1410901,2024-12-31,0.001046202894903753
26455,2024-03-31,535464,2024-06-30,0.010264687530199507
26455,2024-06-30,544453,2024-09-30,0.015203243667607214
26455,2024-09-30,555148,2024-12-31,0.01370167396134129
26483,2024-03-31,3777620,2024-06-30,0.0536831764967236
26483,2024-06-30,3922822,2024-09-30,0.057157446281085954
26483,2024-09-30,4047396,2024-12-31,0.05943433558808849
26484,2024-03-31,1395203,2024-06-30,0.04838338586915764
26484,2024-06-30,1413718,2024-09-30,0.052019434258221794
26484,2024-09-30,2345697,2024-12-31,0.12680614495861475
26487,2024-03-31,442220,2024-06-30,0.011456254366464691
26487,2024-06-30,446836,2024-09-30,0.0175335139307745
26487,2024-09-30,456448,2024-12-31,0.03407987947045533
26499,2024-03-31,343996,2024-06-30,0.01572652047950593
26499,2024-06-30,334891,2024-09-30,0.0031215631117221666
26499,2024-09-30,344582,2024-12-31,0.010016096047232966
26512,2024-03-31,120938,2024-06-30,0.015951307488431436
26512,2024-06-30,124459,2024-09-30,0.009930750539757345
26512,2024-09-30,129184,2024-12-31,-0.004205066614787076
26513,2024-03-31,113324,2024-06-30,0.005396049415567361
26513,2024-06-30,113414,2024-09-30,0.0087369109735224
26513,2024-09-30,115870,2024-12-31,0.006431958085762616
26516,2024-03-31,263514,2024-06-30,0.01810659985546544
26516,2024-06-30,266672,2024-09-30,0.01803705914561781
26516,2024-09-30,267286,2024-12-31,0.016035604801489974
26517,2024-03-31,1322000,2024-06-30,0.02631324915115286
26517,2024-06-30,1357115,2024-09-30,0.029550413800275198
26517,2024-09-30,1311413,2024-12-31,0.02726420860280275
26519,2024-03-31,40441,2024-06-30,0.002706225850849928
26519,2024-06-30,41107,2024-09-30,-4.95000088845826e-05
26519,2024-09-30,41130,2024-12-31,-0.0008593071038878662
26520,2024-03-31,109818,2024-06-30,0.027231135334086283
26520,2024-06-30,110765,2024-09-30,0.020031140049790477
26520,2024-09-30,114691,2024-12-31,0.012618739413331881
26522,2024-03-31,407825,2024-06-30,0.0007326570098682518
26522,2024-06-30,395518,2024-09-30,0.0054107485200940286
26522,2024-09-30,386746,2024-12-31,0.016596548857390942
26523,2024-03-31,1244135,2024-06-30,0.04872457495792796
26523,2024-06-30,1255981,2024-09-30,0.0609259680601622
26523,2024-09-30,1275141,2024-12-31,0.07066295541085753
26530,2024-03-31,421717,2024-06-30,0.016819198028578446
26530,2024-06-30,436311,2024-09-30,0.020626216049818936
26530,2024-09-30,432201,2024-12-31,0.024300654193426988
26536,2024-03-31,316217,2024-06-30,0.017453683790035382
26536,2024-06-30,320746,2024-09-30,0.022415695248357934
26536,2024-09-30,312487,2024-12-31,0.01707262577412859
26539,2024-03-31,181535,2024-06-30,0.032687018046461416
26539,2024-06-30,198513,2024-09-30,0.013347666941785174
26539,2024-09-30,204307,2024-12-31,-0.016262088185972853
26542,2024-03-31,202124,2024-06-30,-0.023217134186564344
26542,2024-06-30,202831,2024-09-30,-0.012437415636874255
26542,2024-09-30,226342,2024-12-31,0.0038201726236401046
26543,2024-03-31,1152629,2024-06-30,0.09327406602206423
26543,2024-06-30,1100962,2024-09-30,0.06197229787533287
26543,2024-09-30,1195317,2024-12-31,0.06620160025085935
26554,2024-03-31,182890,2024-06-30,0.01179726471493724
26554,2024-06-30,177124,2024-09-30,0.01822756149355895
26554,2024-09-30,179947,2024-12-31,0.020121513971381667
26555,2024-03-31,750866,2024-06-30,0.0252811524123313
26555,2024-06-30,737165,2024-09-30,0.019039484395912784
26555,2024-09-30,768678,2024-12-31,0.03993647698981318
26559,2024-03-31,626145,2024-06-30,0.01133475014974156
26559,2024-06-30,660729,2024-09-30,0.018790233478052976
26559,2024-09-30,705575,2024-12-31,0.025475014151066927
26564,2024-03-31,480629,2024-06-30,0.009804306828505725
26564,2024-06-30,494005,2024-09-30,0.010591996238244564
26564,2024-09-30,493746,2024-12-31,0.020085063935456598
26567,2024-03-31,60304,2024-06-30,-0.011582688063004859
26567,2024-06-30,58857,2024-09-30,-0.01972301939325263
26567,2024-09-30,58153,2024-12-31,-0.013921127390203965
26576,2024-03-31,150367,2024-06-30,0.0290080299796928
26576,2024-06-30,159680,2024-09-30,0.012480145360468459
26576,2024-09-30,159500,2024-12-31,0.017003980820874995
26588,2024-03-31,87196,2024-06-30,0.04377673238727246
26588,2024-06-30,87824,2024-09-30,0.025920102971120133
26588,2024-09-30,91188,2024-12-31,0.05091998316891407
26590,2024-03-31,1002549,2024-06-30,0.09637610355788961
26591,2024-03-31,775205,2024-06-30,0.08531766065182926
26591,2024-06-30,769561,2024-09-30,0.08442504435452641
26591,2024-09-30,795411,2024-12-31,0.14700914119414688
26602,2024-03-31,275181,2024-06-30,0.006481393116252138
26602,2024-06-30,282597,2024-09-30,0.028455132124670327
26602,2024-09-30,282886,2024-12-31,0.024035521612012608
26610,2024-03-31,14776112,2024-06-30,0.027626578202155735
26610,2024-06-30,14731956,2024-09-30,0.028338505831763186
26610,2024-09-30,14751313,2024-12-31,0.019405238768639043
26620,2024-03-31,682628,2024-06-30,0.023893965280521894
26620,2024-06-30,688314,2024-09-30,0.02697149000587452
26620,2024-09-30,678202,2024-12-31,0.017990624564908998
26626,2024-03-31,724675,2024-06-30,0.04043880446765998
26626,2024-06-30,747188,2024-09-30,0.05408181076710678
26626,2024-09-30,721135,2024-12-31,0.05726768340765605
26627,2024-03-31,759397,2024-06-30,0.029056194925926853
26627,2024-06-30,709990,2024-09-30,0.02086565394645995
26627,2024-09-30,726568,2024-12-31,0.016662278561356696
26634,2024-03-31,582363,2024-06-30,0.01724610084252851
26634,2024-06-30,598296,2024-09-30,0.016069252041959584
26634,2024-09-30,627025,2024-12-31,0.011114234725480709
26647,2024-03-31,4406936,2024-06-30,0.04878846273212717
26647,2024-06-30,3859061,2024-09-30,0.03631816963839496
26647,2024-09-30,4022890,2024-12-31,0.030118059716519256
26653,2024-03-31,84051,2024-06-30,-0.005071133391867263
26653,2024-06-30,83714,2024-09-30,-0.005866240303883677
26653,2024-09-30,85860,2024-12-31,0.012118033189086597
26658,2024-03-31,38751,2024-06-30,0.032026824701314856
26658,2024-06-30,37733,2024-09-30,0.047357234800018154
26658,2024-09-30,35759,2024-12-31,0.044781602239305315
26677,2024-03-31,215738,2024-06-30,0.0122348518439441
26677,2024-06-30,214376,2024-09-30,0.011167619361966329
26677,2024-09-30,215964,2024-12-31,0.037554615912688286
26687,2024-03-31,138022,2024-06-30,-0.003008609099406858
26687,2024-06-30,142858,2024-09-30,-0.0001262678618629792
26687,2024-09-30,141222,2024-12-31,-0.0021852436756167612
26689,2024-03-31,154680,2024-06-30,0.009928172863540757
26689,2024-06-30,149628,2024-09-30,0.011123445960386268
26689,2024-09-30,151719,2024-12-31,0.005725345721397303
26703,2024-03-31,388087,2024-06-30,0.006559211271314624
26703,2024-06-30,402645,2024-09-30,0.010984986414184675
26703,2024-09-30,410858,2024-12-31,0.00557976631204756
26704,2024-03-31,367556,2024-06-30,0.06494379078871929
26704,2024-06-30,362184,2024-09-30,0.02737415669513308
26704,2024-09-30,375892,2024-12-31,0.037761953166329895
26708,2024-03-31,77874,2024-06-30,0.02993699666188462
26708,2024-06-30,80659,2024-09-30,0.025397238347541692
26708,2024-09-30,95581,2024-12-31,-0.00826524707089831
26725,2024-03-31,2571735,2024-06-30,-0.06593583742196824
26725,2024-06-30,2543468,2024-09-30,-0.06001821596947032
26725,2024-09-30,2536274,2024-12-31,-0.05895083548696944
26727,2024-03-31,141874,2024-06-30,0.024359972291103694
26727,2024-06-30,135793,2024-09-30,0.026303583953806227
26727,2024-09-30,134071,2024-12-31,0.020324300637012068
26738,2024-03-31,116176,2024-06-30,-0.012478260048573537
26738,2024-06-30,111370,2024-09-30,0.006784288386072203
26738,2024-09-30,116533,2024-12-31,-0.0041360707476090835
26755,2024-03-31,19113,2024-06-30,-0.002031399040760887
26755,2024-06-30,18644,2024-09-30,-0.0004319689523235921
26755,2024-09-30,19694,2024-12-31,-0.011586401750826427
26760,2024-03-31,605183,2024-06-30,0.011352253177931107
26760,2024-06-30,592763,2024-09-30,0.003817348091418325
26760,2024-09-30,598973,2024-12-31,0.003998183784345462
26790,2024-03-31,305216,2024-06-30,0.021767128646792252
26790,2024-06-30,405466,2024-09-30,-0.09178702995334209
26790,2024-09-30,437539,2024-12-31,-0.062329585407763136
26798,2024-03-31,76690,2024-06-30,0.001959378514221117
26798,2024-06-30,86869,2024-09-30,0.014236326726580201
26798,2024-09-30,91237,2024-12-31,0.01967774674272912
26799,2024-03-31,284042,2024-06-30,0.008989184699083495
26799,2024-06-30,288903,2024-09-30,-0.008325466074502076
26799,2024-09-30,300137,2024-12-31,0.0014548842595660896
26816,2024-03-31,11357,2024-06-30,-0.03985932830992555
26816,2024-06-30,10547,2024-09-30,-0.01836695812480685
26816,2024-09-30,8497,2024-12-31,-0.02593832570801183
26829,2024-03-31,287356,2024-06-30,0.011851862217862674
26829,2024-06-30,294627,2024-09-30,0.012224300724996915
26829,2024-09-30,272623,2024-12-31,0.016994344965772578
26847,2024-03-31,99803,2024-06-30,-0.0020840834500785443
26847,2024-06-30,117606,2024-09-30,-0.0380798700928319
26847,2024-09-30,100576,2024-12-31,0.004792405184622692
26856,2024-03-31,1823886,2024-06-30,0.02948391108917451
26856,2024-06-30,1761033,2024-09-30,0.015536019469417277
26856,2024-09-30,1724627,2024-12-31,0.02010642595717712
26871,2024-03-31,119677,2024-06-30,0.003191193747801173
26871,2024-06-30,117153,2024-09-30,0.007979576624058127
26871,2024-09-30,114529,2024-12-31,0.021562953241995354
26876,2024-03-31,8380142,2024-06-30,-0.019698634318251664
26876,2024-06-30,8292686,2024-09-30,0.007826638603297052
26876,2024-09-30,8556914,2024-12-31,0.008084920560749163
26881,2024-03-31,21763385,2024-06-30,0.2243858055161021
26881,2024-06-30,23118950,2024-09-30,0.12175788512016604
26881,2024-09-30,24585953,2024-12-31,0.0767723507084771
26891,2024-03-31,249764,2024-06-30,0.006856974930667432
26891,2024-06-30,236703,2024-09-30,0.010706429198666614
26891,2024-09-30,248865,2024-12-31,0.01103298739608392
26906,2024-03-31,2428007,2024-06-30,-0.014404359689402445
26906,2024-06-30,2174236,2024-09-30,0.02326823395296928
26906,2024-09-30,2438379,2024-12-31,0.04394640115044831
26912,2024-03-31,527661,2024-06-30,-0.004066620433760199
26912,2024-06-30,509866,2024-09-30,0.0038934813260845325
26912,2024-09-30,503967,2024-12-31,0.014280354408646998
26922,2024-03-31,463899,2024-06-30,0.006736731520274765
26922,2024-06-30,459138,2024-09-30,0.013573809231715403
26922,2024-09-30,457840,2024-12-31,0.012334936658576188
26941,2024-03-31,39500,2024-06-30,0.026272406962296012
26941,2024-06-30,40056,2024-09-30,0.016629754911260494
26941,2024-09-30,39762,2024-12-31,0.023276837267462405
26944,2024-03-31,246020,2024-06-30,0.018138182649948813
26944,2024-06-30,241149,2024-09-30,0.012728993166328683
26944,2024-09-30,237631,2024-12-31,0.001390375350033232
26955,2024-03-31,290373,2024-06-30,0.00872940432767678
26955,2024-06-30,281351,2024-09-30,0.026191467104020618
26955,2024-09-30,275832,2024-12-31,0.02407228749934877
26960,2024-03-31,914054,2024-06-30,0.09215210735035691
26960,2024-06-30,1150119,2024-09-30,0.11533454400190077
26960,2024-09-30,1177100,2024-12-31,0.12065085758479295
26962,2024-03-31,4457720,2024-06-30,0.033685842308395005
26962,2024-06-30,4507398,2024-09-30,0.04236758831970932
26962,2024-09-30,4718795,2024-12-31,0.04379125808820887
27010,2024-03-31,16426,2024-06-30,-0.03329754430839879
27010,2024-06-30,15804,2024-09-30,-0.027406560515143178
27010,2024-09-30,17014,2024-12-31,0.054735768066337336
27015,2024-03-31,169280,2024-06-30,0.04501896322782104
27015,2024-06-30,168291,2024-09-30,0.038471078143518585
27015,2024-09-30,153797,2024-12-31,0.016023934108573137
27026,2024-03-31,250389,2024-06-30,0.039582509663977215
27026,2024-06-30,259756,2024-09-30,0.04912779284893763
27026,2024-09-30,359803,2024-12-31,0.030527120897996488
27043,2024-03-31,168117,2024-06-30,-0.008731698906605363
27043,2024-06-30,166392,2024-09-30,0.009287455036950065
27043,2024-09-30,175439,2024-12-31,0.012819558999598451
27046,2024-03-31,1891146,2024-06-30,0.017811572955535374
27046,2024-06-30,1911020,2024-09-30,0.02060122753626482
27046,2024-09-30,1921774,2024-12-31,0.025648486673803574
27052,2024-03-31,2205840,2024-06-30,0.023219390196754577
27052,2024-06-30,2371892,2024-09-30,0.026564892289210044
27052,2024-09-30,2506449,2024-12-31,0.05977250056272717
27054,2024-03-31,2946342,2024-06-30,0.09800060097617962
27054,2024-06-30,2965636,2024-09-30,0.08195523773358661
27054,2024-09-30,3329289,2024-12-31,0.09208553443385702
27074,2024-03-31,2269945,2024-06-30,0.015666487857454985
27074,2024-06-30,2322578,2024-09-30,0.03481839768343676
27074,2024-09-30,2314625,2024-12-31,-0.02154993736260219
27118,2024-03-31,321154,2024-06-30,0.023184346821964536
27118,2024-06-30,326400,2024-09-30,0.020014128930063442
27118,2024-09-30,331753,2024-12-31,0.028506194949646423
27132,2024-03-31,958905,2024-06-30,-0.02430002635689481
27132,2024-06-30,1009315,2024-09-30,0.014841346550414311
27132,2024-09-30,1068839,2024-12-31,0.025483258013291325
27153,2024-03-31,112690,2024-06-30,-0.0013668545945490858
27153,2024-06-30,111632,2024-09-30,0.00864301957525203
27153,2024-09-30,111766,2024-12-31,0.009963703605104086
27201,2024-03-31,76933,2024-06-30,0.019572782124223406
27201,2024-06-30,79256,2024-09-30,0.015213155923138594
27201,2024-09-30,73974,2024-12-31,-0.0014630812296040686
27210,2024-03-31,4008643,2024-06-30,0.002771337645129571
27210,2024-06-30,3914391,2024-09-30,-0.003721232440000405
27210,2024-09-30,3901257,2024-12-31,0.007112828419221895
27211,2024-03-31,595865,2024-06-30,0.029363177738827937
27211,2024-06-30,626983,2024-09-30,0.03174446177053812
27211,2024-09-30,588932,2024-12-31,0.039882131814818284
27219,2024-03-31,69136,2024-06-30,0.06471722721631681
27219,2024-06-30,56655,2024-09-30,-0.03405825605445106
27219,2024-09-30,65515,2024-12-31,0.039359666408786416
27233,2024-03-31,401213,2024-06-30,0.0012975296919638596
27233,2024-06-30,396557,2024-09-30,0.027741954490013158
27233,2024-09-30,399983,2024-12-31,0.043786049640900715
27235,2024-03-31,2534171,2024-06-30,-0.004736670088787045
27235,2024-06-30,2624555,2024-09-30,0.029629410029168943
27235,2024-09-30,2610476,2024-12-31,0.03097854072789308
27237,2024-03-31,12369101,2024-06-30,0.019129475510627842
27237,2024-06-30,12403597,2024-09-30,0.03700216401646714
27237,2024-09-30,12593328,2024-12-31,0.0485137644162496
27238,2024-03-31,670610,2024-06-30,0.027794656304418325
27238,2024-06-30,667064,2024-09-30,0.01891485249031579
27238,2024-09-30,675549,2024-12-31,0.029030038688676756
27254,2024-03-31,220574,2024-06-30,0.00046830195989193245
27254,2024-06-30,225005,2024-09-30,0.005852021139420759
27254,2024-09-30,224663,2024-12-31,0.0007855794844565507
27267,2024-03-31,677591,2024-06-30,0.030865070410841574
27267,2024-06-30,689146,2024-09-30,0.03972171233972862
27267,2024-09-30,753183,2024-12-31,0.0802817097354052
27269,2024-03-31,395423,2024-06-30,0.011190746734486588
27269,2024-06-30,400483,2024-09-30,0.017598898593087112
27269,2024-09-30,398330,2024-12-31,0.01963633586306696
27290,2024-03-31,738618,2024-06-30,0.030920066490537343
27290,2024-06-30,740561,2024-09-30,0.04604603793132357
27314,2024-03-31,86623000,2024-06-30,0.052842327051221216
27314,2024-06-30,85533000,2024-09-30,0.01862400305159718
27314,2024-09-30,84094000,2024-12-31,0.013493446075415897
27351,2024-03-31,119734,2024-06-30,0.03611505394399413
27351,2024-06-30,115235,2024-09-30,0.07263376396205336
27351,2024-09-30,113925,2024-12-31,0.061001539117077466
27362,2024-03-31,669572,2024-06-30,-0.003560942980038073
27362,2024-06-30,699723,2024-09-30,0.001936884070430574
27362,2024-09-30,673039,2024-12-31,0.003304174909212883
27381,2024-03-31,859666,2024-06-30,0.015778494444365698
27381,2024-06-30,854258,2024-09-30,0.009682513833560197
27381,2024-09-30,884688,2024-12-31,0.019165163000833117
27385,2024-03-31,62575,2024-06-30,0.019213444454415123
27385,2024-06-30,59679,2024-09-30,0.007199424455729031
27385,2024-09-30,56882,2024-12-31,-0.0010751084409872547
27389,2024-03-31,11295889,2024-06-30,0.3310113021021344
27389,2024-06-30,10258801,2024-09-30,0.27652102528559763
27389,2024-09-30,8711786,2024-12-31,0.20447958094315496
27394,2024-03-31,744499,2024-06-30,0.031246650903399176
27394,2024-06-30,751984,2024-09-30,0.03566651166444929
27394,2024-09-30,752550,2024-12-31,0.04310078995752737
27398,2024-03-31,148640,2024-06-30,0.007028499230093331
27398,2024-06-30,143127,2024-09-30,0.015231517040083376
27398,2024-09-30,149759,2024-12-31,0.01662354509774045
27408,2024-03-31,4106918,2024-06-30,0.028100722656151593
27408,2024-06-30,4253350,2024-09-30,0.024314405748829624
27408,2024-09-30,4190637,2024-12-31,0.0229113352750079
27409,2024-03-31,251832,2024-06-30,0.005438519129317293
27409,2024-06-30,254026,2024-09-30,0.01892557823391308
27409,2024-09-30,254770,2024-12-31,0.019000776363853927
27417,2024-03-31,374644,2024-06-30,0.04650103143637701
27417,2024-06-30,413262,2024-09-30,0.06120531885045168
27417,2024-09-30,427098,2024-12-31,0.04257071903639704
27471,2024-03-31,147755180,2024-06-30,0.07497397383155786
27471,2024-06-30,148704404,2024-09-30,0.05072052845140019
27471,2024-09-30,146507586,2024-12-31,0.03265270949269133
27476,2024-03-31,9380770,2024-06-30,0.016945828997654067
27476,2024-06-30,9435375,2024-09-30,0.007543358605225294
27476,2024-09-30,9741957,2024-12-31,0.0003021048355216737
27496,2024-03-31,347158,2024-06-30,0.03778542311435021
27496,2024-06-30,338599,2024-09-30,0.03385297650933736
27496,2024-09-30,357167,2024-12-31,0.02955107516390345
27499,2024-03-31,3864223,2024-06-30,-0.04584388327050657
27499,2024-06-30,3530374,2024-09-30,-0.0696714971155579
27499,2024-09-30,3202720,2024-12-31,-0.09228806818874714
27503,2024-03-31,472033,2024-06-30,0.0215793444331202
27503,2024-06-30,452557,2024-09-30,0.011089161208552077
27503,2024-09-30,453734,2024-12-31,0.0005821558273422066
27510,2024-03-31,899687,2024-06-30,0.011767849035153021
27510,2024-06-30,914601,2024-09-30,0.01816827758938418
27510,2024-09-30,946325,2024-12-31,0.02339543008519176
27556,2024-03-31,205909,2024-06-30,-0.2016882797440658
27556,2024-06-30,208511,2024-09-30,-0.10774968079752106
27556,2024-09-30,176244,2024-12-31,0.008811900405511388
27560,2024-03-31,157982,2024-06-30,0.021287617645120164
27560,2024-06-30,156821,2024-09-30,0.02334318986999847
27560,2024-09-30,151763,2024-12-31,0.025496899304190176
27567,2024-03-31,98162,2024-06-30,0.004414558379653957
27567,2024-06-30,96186,2024-09-30,0.003987594144508806
27567,2024-09-30,96014,2024-12-31,0.004775662098692828
27589,2024-03-31,5712156,2024-06-30,0.028304643310337642
27589,2024-06-30,6269153,2024-09-30,0.046415900401195094
27589,2024-09-30,6023392,2024-12-31,0.02691091021282193
27619,2024-03-31,926750,2024-06-30,0.014175657604213007
27619,2024-06-30,941972,2024-09-30,0.021828681790954586
27619,2024-09-30,937700,2024-12-31,0.018717279576579406
27643,2024-03-31,229240,2024-06-30,0.003605410620627393
27643,2024-06-30,227856,2024-09-30,0.002842688372712618
27643,2024-09-30,226815,2024-12-31,-0.0006853368965192791
27654,2024-03-31,579979,2024-06-30,0.006860325918803971
27654,2024-06-30,575384,2024-09-30,0.013313059756218557
27654,2024-09-30,565541,2024-12-31,0.0038446409457376218
27664,2024-03-31,400550,2024-06-30,0.0027731843824331534
27664,2024-06-30,391996,2024-09-30,-0.0031322479062748346
27664,2024-09-30,413136,2024-12-31,-0.007674390882756982
27677,2024-03-31,3800109,2024-06-30,-0.001441825438306301
27677,2024-06-30,3708389,2024-09-30,-0.012781663516771305
27677,2024-09-30,3762758,2024-12-31,-0.014863587877929183
27678,2024-03-31,490803,2024-06-30,0.014937041940545653
27678,2024-06-30,487819,2024-09-30,0.027313791459404005
27678,2024-09-30,490332,2024-12-31,0.020049601931268583
27683,2024-03-31,199400,2024-06-30,-0.0002730705328052616
27683,2024-06-30,199234,2024-09-30,0.005182225880531699
27683,2024-09-30,198995,2024-12-31,0.012240858547352192
27686,2024-03-31,495611,2024-06-30,0.020041999905222856
27686,2024-06-30,493655,2024-09-30,0.013901393657296658
27686,2024-09-30,484973,2024-12-31,0.010991814771726515
27697,2024-03-31,403764,2024-06-30,0.0027797227802476188
27697,2024-06-30,432744,2024-09-30,-0.0020598688085061052
27697,2024-09-30,411864,2024-12-31,0.004059626859981039
27711,2024-03-31,267147,2024-06-30,0.0027834499159836465
27711,2024-06-30,263836,2024-09-30,0.00549272962690765
27711,2024-09-30,266447,2024-12-31,0.01289193075046461
27716,2024-03-31,21378,2024-06-30,-0.005527487901451613
27716,2024-06-30,20491,2024-09-30,-0.008638990154184035
27716,2024-09-30,21031,2024-12-31,-0.006728622230862704
27723,2024-03-31,215599,2024-06-30,0.06262627894414449
27723,2024-06-30,204737,2024-09-30,0.046931328588518874
27723,2024-09-30,228742,2024-12-31,0.0542040367372068
27727,2024-03-31,134080,2024-06-30,0.004913446249487325
27727,2024-06-30,136584,2024-09-30,0.007098019303774889
27727,2024-09-30,132179,2024-12-31,0.037416369976279194
27742,2024-03-31,249669,2024-06-30,0.030653211201504375
27742,2024-06-30,242638,2024-09-30,0.02307255386443818
27742,2024-09-30,248230,2024-12-31,0.031046536669339268
27752,2024-03-31,231683,2024-06-30,0.0008379121160971142
27752,2024-06-30,238309,2024-09-30,0.012367188039795102
27752,2024-09-30,227918,2024-12-31,0.0001347304781657289
27760,2024-03-31,128443,2024-06-30,0.007431157809980926
27760,2024-06-30,126798,2024-09-30,0.0005899488371731518
27760,2024-09-30,122721,2024-12-31,-0.009640881410331224
27763,2024-03-31,500813,2024-06-30,0.005581255458225851
27763,2024-06-30,519629,2024-09-30,0.00014896196573644082
27763,2024-09-30,526929,2024-12-31,-0.008161628598531815
27767,2024-03-31,127398,2024-06-30,0.017731910524908315
27767,2024-06-30,127189,2024-09-30,0.014430137495706276
27767,2024-09-30,125954,2024-12-31,0.01892644493719962
27774,2024-03-31,3030996,2024-06-30,0.029077821400534026
27774,2024-06-30,3088897,2024-09-30,0.027737130078475652
27774,2024-09-30,3178844,2024-12-31,0.03113805728918282
27799,2024-03-31,633914,2024-06-30,0.058797498492031586
27799,2024-06-30,636798,2024-09-30,0.07868549998559118
27799,2024-09-30,633565,2024-12-31,0.07911779227653873
27806,2024-03-31,238353,2024-06-30,0.003264803160850054
27806,2024-06-30,241485,2024-09-30,0.00495904716089535
27806,2024-09-30,236085,2024-12-31,0.003958988725471474
27811,2024-03-31,4648307,2024-06-30,0.022550226751300664
27811,2024-06-30,4684678,2024-09-30,0.023615948249191575
27811,2024-09-30,4692144,2024-12-31,0.03920837932147435
27824,2024-03-31,385991,2024-06-30,0.002946344763539898
27824,2024-06-30,362991,2024-09-30,0.01808421644339621
27824,2024-09-30,371884,2024-12-31,0.01391135861526455
27841,2024-03-31,26158,2024-06-30,0.0070302242419202
27841,2024-06-30,26692,2024-09-30,-0.0026805696753121125
27841,2024-09-30,27890,2024-12-31,-0.0011366646946832605
27847,2024-03-31,31982,2024-06-30,0.03343728452377906
27847,2024-06-30,34930,2024-09-30,0.06785309592885358
27847,2024-09-30,35357,2024-12-31,0.06173639577632326
27872,2024-03-31,800950,2024-06-30,0.01845660940436884
27872,2024-06-30,798442,2024-09-30,0.01981296432096948
27872,2024-09-30,814226,2024-12-31,0.0346113812602897
27884,2024-03-31,432012,2024-06-30,0.004131286613716428
27884,2024-06-30,428864,2024-09-30,0.004247906384384531
27884,2024-09-30,415965,2024-12-31,0.008930747369251603
27897,2024-03-31,40028,2024-06-30,0.0029554004905000338
27897,2024-06-30,39155,2024-09-30,0.013133309524582063
27897,2024-09-30,38523,2024-12-31,0.015089936863945875
27898,2024-03-31,98757,2024-06-30,0.004708037175749139
27898,2024-06-30,99798,2024-09-30,0.01254922436796832
27898,2024-09-30,101217,2024-12-31,0.019293995888444125
27910,2024-03-31,75476,2024-06-30,0.0008665514460856815
27910,2024-06-30,77112,2024-09-30,0.008987898243019094
27910,2024-09-30,76367,2024-12-31,-0.00043742550974447213
27932,2024-03-31,537718,2024-06-30,0.011724765703659826
27932,2024-06-30,549448,2024-09-30,0.020836020162065753
27943,2024-03-31,686835,2024-06-30,0.004795578356662065
27943,2024-06-30,695914,2024-09-30,0.012131839378279339
27943,2024-09-30,702665,2024-12-31,0.011569142642511706
27965,2024-03-31,224692,2024-06-30,0.02134864543258055
27965,2024-06-30,222616,2024-09-30,0.02493954072283528
27965,2024-09-30,226912,2024-12-31,0.02174877285997298
27969,2024-03-31,135596,2024-06-30,-0.009147402270130648
27969,2024-06-30,175513,2024-09-30,0.012922727118890122
27969,2024-09-30,186455,2024-12-31,0.023812071114738667
27981,2024-03-31,6255585,2024-06-30,0.006729419306372606
27981,2024-06-30,6229085,2024-09-30,0.014867644748478081
27981,2024-09-30,6256992,2024-12-31,0.015394054980339642
27989,2024-03-31,284041,2024-06-30,0.0089898502178291
27989,2024-06-30,279347,2024-09-30,0.017753662226016886
27989,2024-09-30,278514,2024-12-31,0.02507638475832189
27998,2024-03-31,1029518,2024-06-30,0.021763946529757078
27998,2024-06-30,1079220,2024-09-30,0.029959362093134774
27998,2024-09-30,1122367,2024-12-31,0.04713058293089147
28035,2024-03-31,96839,2024-06-30,-0.00292794137081777
28035,2024-06-30,95052,2024-09-30,0.006267829980342732
28035,2024-09-30,94694,2024-12-31,0.005890536992088618
28060,2024-03-31,162054,2024-06-30,0.0020895047711384403
28060,2024-06-30,160895,2024-09-30,0.004969519920718724
28060,2024-09-30,165615,2024-12-31,0.016937626445600897
28063,2024-03-31,73327,2024-06-30,0.01278806660174616
28063,2024-06-30,68958,2024-09-30,0.000313423060226785
28063,2024-09-30,67408,2024-12-31,0.005716232177034566
28080,2024-03-31,204659,2024-06-30,-0.0013449603097476764
28080,2024-06-30,201819,2024-09-30,-0.009023262014282532
28080,2024-09-30,205586,2024-12-31,0.007857487491144191
28088,2024-03-31,21536789,2024-06-30,0.0703741449187574
28088,2024-06-30,21362878,2024-09-30,0.029046512586365533
28088,2024-09-30,21524646,2024-12-31,0.023473402026951716
28094,2024-03-31,2728038,2024-06-30,0.016923897316122205
28094,2024-06-30,2727613,2024-09-30,0.003565329191981958
28094,2024-09-30,2785155,2024-12-31,0.0001612849696335221
28103,2024-03-31,88660,2024-06-30,-0.0023036155067834973
28103,2024-06-30,88303,2024-09-30,-8.254983109585858e-05
28103,2024-09-30,84718,2024-12-31,0.0028983124758020116
28105,2024-03-31,385175,2024-06-30,0.004081450415482833
28105,2024-06-30,378167,2024-09-30,0.008833405901401433
28105,2024-09-30,399188,2024-12-31,0.01235757318523693
28116,2024-03-31,1442678,2024-06-30,0.0013273788396459879
28116,2024-06-30,1423154,2024-09-30,-0.0015091141893159177
28116,2024-09-30,1423715,2024-12-31,-0.0006262514790991889
28151,2024-03-31,402392,2024-06-30,0.03709996145703267
28151,2024-06-30,404600,2024-09-30,0.03362530474973974
28155,2024-03-31,249108,2024-06-30,0.0073782046335364535
28155,2024-06-30,259692,2024-09-30,0.01776186540732117
28155,2024-09-30,259984,2024-12-31,0.01332096508321454
28157,2024-03-31,109036,2024-06-30,0.018829466689235498
28157,2024-06-30,106451,2024-09-30,0.017924130755693785
28157,2024-09-30,136288,2024-12-31,0.04034672564910861
28167,2024-03-31,231950,2024-06-30,0.013586460574961292
28167,2024-06-30,238456,2024-09-30,0.018150765674026053
28167,2024-09-30,232321,2024-12-31,0.017696342801885475
28178,2024-03-31,12425426,2024-06-30,0.04240826742765318
28178,2024-06-30,12411989,2024-09-30,0.05098337175080267
28178,2024-09-30,12366068,2024-12-31,0.05170391013134514
28186,2024-03-31,173885,2024-06-30,0.01157569892125425
28186,2024-06-30,179912,2024-09-30,0.012513985666776977
28186,2024-09-30,181294,2024-12-31,0.013453096011125949
28208,2024-03-31,315878,2024-06-30,-0.029262299866057124
28208,2024-06-30,319267,2024-09-30,0.003665275457244531
28208,2024-09-30,314473,2024-12-31,0.007214455081164719
28213,2024-03-31,327445,2024-06-30,0.010229901435754635
28213,2024-06-30,324689,2024-09-30,0.017751207083976036
28213,2024-09-30,301794,2024-12-31,-0.002105040753545858
28217,2024-03-31,63963,2024-06-30,-0.04875624596264662
28217,2024-06-30,64018,2024-09-30,-0.041835974895649226
28217,2024-09-30,70651,2024-12-31,-0.027636771875681546
28222,2024-03-31,317231,2024-06-30,0.024334046190476976
28222,2024-06-30,316333,2024-09-30,0.008496940407665647
28222,2024-09-30,307743,2024-12-31,0.0046358459046243914
28246,2024-03-31,80774,2024-06-30,0.010742669018045827
28246,2024-06-30,80926,2024-09-30,-0.0010922375943495705
28246,2024-09-30,83787,2024-12-31,0.008676484263550797
28262,2024-03-31,1459214,2024-06-30,0.016392574682940485
28262,2024-06-30,1569559,2024-09-30,0.017953595101987203
28262,2024-09-30,1636102,2024-12-31,0.02080408628809635
28263,2024-03-31,1724530,2024-06-30,0.05653785324327163
28263,2024-06-30,1697719,2024-09-30,0.06258158804448015
28263,2024-09-30,1747320,2024-12-31,0.06511752258740851
28266,2024-03-31,52265,2024-06-30,0.004415822939507758
28266,2024-06-30,58186,2024-09-30,0.0010106574421557151
28266,2024-09-30,61067,2024-12-31,0.0074364621077624956
28277,2024-03-31,202305,2024-06-30,0.01836988910180872
28277,2024-06-30,205882,2024-09-30,0.018102741215380833
28277,2024-09-30,208459,2024-12-31,0.020730148744258468
28288,2024-03-31,74972,2024-06-30,0.023469029601025527
28288,2024-06-30,74553,2024-09-30,0.029602982768238566
28288,2024-09-30,74874,2024-12-31,0.022566134636465535
28302,2024-03-31,69466,2024-06-30,-0.021748635463944867
28302,2024-06-30,69058,2024-09-30,-0.04646459135174036
28302,2024-09-30,64277,2024-12-31,-0.0435675720926345
28314,2024-03-31,74286,2024-06-30,0.016153137051120172
28314,2024-06-30,73308,2024-09-30,0.01935373603952362
28314,2024-09-30,72171,2024-12-31,0.028221717997991565
28315,2024-03-31,120626,2024-06-30,0.008441887332951953
28315,2024-06-30,119805,2024-09-30,0.014241522327763012
28315,2024-09-30,117775,2024-12-31,0.01764279518183402
28316,2024-03-31,781186,2024-06-30,-0.003686143386780886
28316,2024-06-30,780432,2024-09-30,0.01174352074466003
28316,2024-09-30,1013376,2024-12-31,0.010464130188942057
28332,2024-03-31,4012390,2024-06-30,-0.0012835260393416288
28332,2024-06-30,3957083,2024-09-30,-0.012343432470683926
28332,2024-09-30,4055521,2024-12-31,-0.00521364775874363
28348,2024-03-31,353128,2024-06-30,0.01730349536258132
28348,2024-06-30,355752,2024-09-30,0.022977441722820655
28348,2024-09-30,362836,2024-12-31,0.025118303064679933
28349,2024-03-31,84934,2024-06-30,0.004559984279494495
28349,2024-06-30,84812,2024-09-30,0.004202003495626959
28349,2024-09-30,84352,2024-12-31,0.009818850638097896
28359,2024-03-31,10300518,2024-06-30,0.07393292898311961
28359,2024-06-30,10067421,2024-09-30,0.10411771678309123
28359,2024-09-30,10182500,2024-12-31,0.07882261276250695
28362,2024-03-31,1299611,2024-06-30,0.023156170855202045
28362,2024-06-30,1332956,2024-09-30,0.018892557886265007
28362,2024-09-30,1360902,2024-12-31,0.01339255126171607
28368,2024-03-31,594585,2024-06-30,0.03158111926581132
28368,2024-06-30,584712,2024-09-30,0.04023289270859864
28368,2024-09-30,582359,2024-12-31,0.02206267590211628
28369,2024-03-31,75369,2024-06-30,0.006297632832332668
28369,2024-06-30,71038,2024-09-30,0.012892851320207675
28369,2024-09-30,75881,2024-12-31,0.0038532811494114013
28380,2024-03-31,895357,2024-06-30,0.0004695067382417339
28380,2024-06-30,866378,2024-09-30,0.028867043048869702
28380,2024-09-30,889109,2024-12-31,-0.005508412355377186
28390,2024-03-31,500,2024-06-30,9.40216606584327e-08
28390,2024-06-30,500,2024-09-30,9.40216606584327e-08
28390,2024-09-30,500,2024-12-31,9.40216606584327e-08
28396,2024-03-31,825803,2024-06-30,0.01252769070535935
28396,2024-06-30,858830,2024-09-30,0.009307984915156761
28396,2024-09-30,879856,2024-12-31,0.00485815034657834
28400,2024-03-31,727300,2024-06-30,0.02720249666228883
28400,2024-06-30,733416,2024-09-30,0.021918561855761704
28400,2024-09-30,736982,2024-12-31,0.027029304378392877
28401,2024-03-31,307778,2024-06-30,0.013659956166208503
28401,2024-06-30,302186,2024-09-30,0.004576889846378229
28401,2024-09-30,300877,2024-12-31,0.011197638848715384
28405,2024-03-31,1674305,2024-06-30,0.0238032279320468
28405,2024-06-30,1713392,2024-09-30,0.03873352969859663
28405,2024-09-30,1718938,2024-12-31,0.0328653235249228
28425,2024-03-31,167684,2024-06-30,-0.0010226494078602335
28425,2024-06-30,166328,2024-09-30,0.0035731606256535643
28425,2024-09-30,163086,2024-12-31,0.0015091823930371794
28445,2024-03-31,174464,2024-06-30,-0.021832322974942912
28445,2024-06-30,168735,2024-09-30,-0.03671552757632941
28445,2024-09-30,162412,2024-12-31,-0.011181955328064234
28453,2024-03-31,1639516,2024-06-30,0.023229311206974346
28453,2024-06-30,1628758,2024-09-30,0.03217958941452644
28453,2024-09-30,1649098,2024-12-31,0.039607047853976195
28463,2024-03-31,51668,2024-06-30,0.006584276899451246
28463,2024-06-30,52441,2024-09-30,0.006537766389082998
28463,2024-09-30,51048,2024-12-31,0.001421196892388415
28471,2024-03-31,261558,2024-06-30,0.020942152045582457
28471,2024-06-30,266174,2024-09-30,0.0247767672370343
28471,2024-09-30,260588,2024-12-31,0.017857365552513316
28478,2024-03-31,106928,2024-06-30,0.027148064863853037
28478,2024-06-30,107569,2024-09-30,0.02312201081328943
28478,2024-09-30,110325,2024-12-31,0.028097651575611803
28480,2024-03-31,23412,2024-06-30,-0.0006390629177981759
28480,2024-06-30,21730,2024-09-30,0.001347663806291233
28480,2024-09-30,21128,2024-12-31,-5.958373254855758e-05
28481,2024-03-31,276569,2024-06-30,0.015203090527081266
28481,2024-06-30,281668,2024-09-30,0.011846036370465683
28481,2024-09-30,282435,2024-12-31,0.014736910215662294
28489,2024-03-31,13272945,2024-06-30,0.01009002459843352
28489,2024-06-30,13143463,2024-09-30,0.04301619748795753
28489,2024-09-30,13607612,2024-12-31,0.042446750765002136
28507,2024-03-31,47741,2024-06-30,0.003213685654813367
28507,2024-06-30,48764,2024-09-30,0.01079789908928266
28507,2024-09-30,53876,2024-12-31,0.025345311019217966
28513,2024-03-31,1239894,2024-06-30,0.005073222914007856
28513,2024-06-30,1267495,2024-09-30,0.0079777758292319
28513,2024-09-30,1314791,2024-12-31,0.009491202727016096
28515,2024-03-31,334383,2024-06-30,0.00234869982147848
28515,2024-06-30,332707,2024-09-30,0.00585432744022534
28515,2024-09-30,338678,2024-12-31,0.016855700270090763
28530,2024-03-31,835875,2024-06-30,0.04894782508408506
28530,2024-06-30,903492,2024-09-30,0.04063715098519419
28530,2024-09-30,941285,2024-12-31,0.05494592656526014
28533,2024-03-31,1082106,2024-06-30,0.020612439622192887
28533,2024-06-30,1109513,2024-09-30,0.020845070339844098
28533,2024-09-30,1098491,2024-12-31,0.04072406201764662
28543,2024-03-31,94195,2024-06-30,0.007304751237691409
28543,2024-06-30,92243,2024-09-30,0.0002848692606762351
28543,2024-09-30,93833,2024-12-31,0.0018635768427346145
28555,2024-03-31,119910,2024-06-30,0.029159247788912008
28555,2024-06-30,122895,2024-09-30,0.024243686696094387
28555,2024-09-30,128485,2024-12-31,0.022315763744949597
28585,2024-03-31,106175,2024-06-30,0.016007910290911948
28585,2024-06-30,109294,2024-09-30,0.011830470616681433
28585,2024-09-30,108361,2024-12-31,0.023062410745471718
28593,2024-03-31,807562,2024-06-30,0.024875843352870658
28593,2024-06-30,800683,2024-09-30,0.01017691467538604
28593,2024-09-30,809224,2024-12-31,0.012068764498979909
28599,2024-03-31,669664,2024-06-30,0.005304384853859608
28599,2024-06-30,656324,2024-09-30,0.009330424955939953
28599,2024-09-30,681153,2024-12-31,0.046787540871650414
28611,2024-03-31,43117,2024-06-30,-0.0006366605227522137
28611,2024-06-30,43570,2024-09-30,-0.0006558939702072697
28614,2024-03-31,308397,2024-06-30,0.0045563111444204395
28614,2024-06-30,306695,2024-09-30,0.01237042848992833
28614,2024-09-30,297950,2024-12-31,0.003935001542640523
28635,2024-03-31,88228,2024-06-30,0.006485345665316987
28635,2024-06-30,90876,2024-09-30,0.015548551265847135
28635,2024-09-30,92382,2024-12-31,0.005475451550292023
28637,2024-03-31,57047,2024-06-30,0.010399943917283511
28637,2024-06-30,58697,2024-09-30,0.0025568528798433944
28637,2024-09-30,57370,2024-12-31,-0.00021596036930958485
28652,2024-03-31,40575,2024-06-30,0.01241909967084923
28652,2024-06-30,39893,2024-09-30,0.003482992891740112
28652,2024-09-30,40268,2024-12-31,0.007942206290183143
28663,2024-03-31,31538,2024-06-30,-0.00882969775106706
28663,2024-06-30,34316,2024-09-30,0.007433736490395856
28663,2024-09-30,33764,2024-12-31,0.00326719305522846
28667,2024-03-31,70389,2024-06-30,0.002310077487403271
28667,2024-06-30,66848,2024-09-30,0.0077800417007919415
28667,2024-09-30,65622,2024-12-31,0.00520332319463628
28677,2024-03-31,61699,2024-06-30,-0.009394489309953603
28677,2024-06-30,63390,2024-09-30,0.0015354356464929186
28677,2024-09-30,62980,2024-12-31,0.00408134979067979
28679,2024-03-31,2049848,2024-06-30,0.0059373690965122084
28679,2024-06-30,2059093,2024-09-30,0.01831977037626453
28679,2024-09-30,2083804,2024-12-31,0.02080216312976194
28701,2024-03-31,423507,2024-06-30,0.011378853433647581
28701,2024-06-30,417555,2024-09-30,0.021439673929031493
28701,2024-09-30,452924,2024-12-31,0.005147627962969804
28703,2024-03-31,41249,2024-06-30,-0.008864801573634463
28703,2024-06-30,41314,2024-09-30,-0.005293049575574622
28703,2024-09-30,43374,2024-12-31,0.012394497558471822
28706,2024-03-31,895503,2024-06-30,0.007310977016926017
28706,2024-06-30,886113,2024-09-30,0.004383474181554621
28706,2024-09-30,877636,2024-12-31,0.0008661712973573203
28708,2024-03-31,136485,2024-06-30,0.019523733499435928
28708,2024-06-30,137182,2024-09-30,0.015469351279702651
28708,2024-09-30,139338,2024-12-31,0.004330430508799935
28710,2024-03-31,3972549,2024-06-30,0.03659197317558751
28710,2024-06-30,3865344,2024-09-30,0.035855926121879024
28710,2024-09-30,3926945,2024-12-31,0.0337744782321798
28712,2024-03-31,104550,2024-06-30,0.0069621301101147745
28712,2024-06-30,104054,2024-09-30,-0.0013804840284101045
28712,2024-09-30,106949,2024-12-31,-0.0014501152742614424
28722,2024-03-31,2367,2024-06-30,0.0028704325783452207
28722,2024-06-30,2370,2024-09-30,-0.009879195943693613
28722,2024-09-30,2946,2024-12-31,-0.03204157502703231
28729,2024-03-31,278144,2024-06-30,0.009872362270957755
28729,2024-06-30,282595,2024-09-30,0.009142608689167463
28729,2024-09-30,279542,2024-12-31,0.002062090892350312
28735,2024-03-31,264764,2024-06-30,-0.021093680823124062
28735,2024-06-30,263694,2024-09-30,-0.008512967933512892
28735,2024-09-30,259677,2024-12-31,0.011444002717004357
28747,2024-03-31,362896,2024-06-30,0.03429075474809075
28747,2024-06-30,362235,2024-09-30,0.04100668608071829
28747,2024-09-30,354861,2024-12-31,0.04082410180783389
28765,2024-03-31,5250179,2024-06-30,0.05172283794842108
28765,2024-06-30,5197442,2024-09-30,0.046647893468482415
28765,2024-09-30,5502309,2024-12-31,0.04655094344603569
28769,2024-03-31,106441,2024-06-30,-0.0039016068691053386
28769,2024-06-30,101721,2024-09-30,0.01404250051355849
28769,2024-09-30,104814,2024-12-31,-0.005951650138014551
28778,2024-03-31,840822,2024-06-30,0.002834872401826732
28778,2024-06-30,810048,2024-09-30,0.02824853597462691
28778,2024-09-30,831434,2024-12-31,0.058098670965712855
28780,2024-03-31,348723,2024-06-30,0.0045376287380689455
28780,2024-06-30,345471,2024-09-30,0.00022186074605748534
28780,2024-09-30,340936,2024-12-31,-0.0026863013190750818
28788,2024-03-31,975868,2024-06-30,0.006309072856451882
28788,2024-06-30,979780,2024-09-30,0.013466770957290555
28788,2024-09-30,1040898,2024-12-31,-0.023571723330423303
28790,2024-03-31,70182,2024-06-30,0.004587837049667049
28790,2024-06-30,70250,2024-09-30,0.005062678847185429
28790,2024-09-30,69883,2024-12-31,0.004695954698624823
28793,2024-03-31,147561,2024-06-30,0.05628067549787388
28793,2024-06-30,148736,2024-09-30,0.048352988850460944
28793,2024-09-30,140552,2024-12-31,0.006508649659790187
28805,2024-03-31,71550,2024-06-30,-0.005314659671474282
28805,2024-06-30,74685,2024-09-30,0.0046863140000978085
28805,2024-09-30,74129,2024-12-31,0.011292715757592177
28808,2024-03-31,1271692,2024-06-30,0.0029566949727313657
28808,2024-06-30,1265338,2024-09-30,0.0067221312748444425
28808,2024-09-30,1213567,2024-12-31,0.01169088931676653
28812,2024-03-31,403912,2024-06-30,0.09505072557063884
28812,2024-06-30,393646,2024-09-30,0.11121655702378211
28812,2024-09-30,419348,2024-12-31,0.07503672391307166
28818,2024-03-31,452913,2024-06-30,-0.00442733017303399
28818,2024-06-30,463628,2024-09-30,0.007334796272561647
28818,2024-09-30,497057,2024-12-31,-0.004343250403444489
28834,2024-03-31,7701712,2024-06-30,0.042291190474982074
28834,2024-06-30,7656959,2024-09-30,0.049262327169524334
28834,2024-09-30,7817506,2024-12-31,0.04059001382339557
28836,2024-03-31,327273,2024-06-30,-0.013177752413308107
28836,2024-06-30,324605,2024-09-30,-0.015590383464926886
28836,2024-09-30,318096,2024-12-31,-0.018981335121723446
28837,2024-03-31,251772,2024-06-30,-0.0033084314587691066
28837,2024-06-30,254557,2024-09-30,0.008668937372732924
28837,2024-09-30,251476,2024-12-31,0.018435124717809257
28841,2024-03-31,365117,2024-06-30,-0.0014877988614851259
28841,2024-06-30,361465,2024-09-30,-0.0008458212424527473
28841,2024-09-30,360698,2024-12-31,0.0009427465770028559
28845,2024-03-31,1261657,2024-06-30,0.045188265643235706
28845,2024-06-30,1275946,2024-09-30,0.027310392728699645
28845,2024-09-30,1297091,2024-12-31,0.02693561513880761
28859,2024-03-31,395478,2024-06-30,-0.008088280322084697
28859,2024-06-30,393799,2024-09-30,0.004307977378520811
28859,2024-09-30,394847,2024-12-31,0.003449383292539129
28860,2024-03-31,62464,2024-06-30,-0.0019737319093781733
28860,2024-06-30,60475,2024-09-30,0.008442667371872367
28860,2024-09-30,61898,2024-12-31,0.015969595243181655
28865,2024-03-31,974334,2024-06-30,-0.025908956250505762
28865,2024-06-30,946151,2024-09-30,0.0015902148614859253
28865,2024-09-30,904411,2024-12-31,0.010117900538709663
28868,2024-03-31,341651,2024-06-30,0.012765308151882272
28868,2024-06-30,333698,2024-09-30,0.026345048908370586
28868,2024-09-30,334819,2024-12-31,0.033937539828194384
28870,2024-03-31,379850,2024-06-30,0.01599531950390434
28870,2024-06-30,385628,2024-09-30,0.02605080718258406
28870,2024-09-30,404149,2024-12-31,0.022083589373121347
28894,2024-03-31,323517,2024-06-30,0.02934537637501483
28894,2024-06-30,326445,2024-09-30,0.027326631160144634
28894,2024-09-30,330884,2024-12-31,0.02177730210737038
28905,2024-03-31,1378813,2024-06-30,0.04571324315039535
28905,2024-06-30,1405780,2024-09-30,0.04437256681189826
28905,2024-09-30,1446548,2024-12-31,0.056662746035477315
28908,2024-03-31,173833,2024-06-30,0.006513647542514616
28908,2024-06-30,178305,2024-09-30,0.007456357677382343
28908,2024-09-30,176945,2024-12-31,0.0008845404665450994
28914,2024-03-31,514910,2024-06-30,-0.007454310010784376
28914,2024-06-30,513286,2024-09-30,0.007041518204688926
28914,2024-09-30,514474,2024-12-31,0.012991232736840799
28924,2024-03-31,312673,2024-06-30,-0.005380509943883466
28924,2024-06-30,309588,2024-09-30,-0.0011732028996236194
28924,2024-09-30,301609,2024-12-31,0.016587285461440216
28925,2024-03-31,219199,2024-06-30,0.011506873550087221
28925,2024-06-30,213533,2024-09-30,0.00767076036855775
28925,2024-09-30,209401,2024-12-31,0.00801341506753538
28930,2024-03-31,371736,2024-06-30,0.030528921843784515
28930,2024-06-30,390133,2024-09-30,0.04887566870403894
28930,2024-09-30,386165,2024-12-31,0.030028186768436944
28942,2024-03-31,248808,2024-06-30,0.018603317852417877
28942,2024-06-30,251003,2024-09-30,0.030226025050198235
28942,2024-09-30,248626,2024-12-31,0.020531751139499357
28949,2024-03-31,66146,2024-06-30,0.034502313369129935
28949,2024-06-30,63107,2024-09-30,-0.0042001413075265105
28949,2024-09-30,61960,2024-12-31,-0.011212666462459962
28983,2024-03-31,64666,2024-06-30,-0.007923750221894045
28983,2024-06-30,66329,2024-09-30,0.013186022906564924
28983,2024-09-30,65064,2024-12-31,0.01418772274326092
28989,2024-03-31,154961,2024-06-30,0.025743037490807797
28989,2024-06-30,152998,2024-09-30,-0.001038170664243525
28989,2024-09-30,157063,2024-12-31,-0.013583620864670342
29005,2024-03-31,18082,2024-06-30,0.003316784495842478
29005,2024-06-30,17841,2024-09-30,-0.005201386696840079
29005,2024-09-30,17900,2024-12-31,0.001069457563180303
29009,2024-03-31,646882,2024-06-30,-0.0008037487788353583
29009,2024-06-30,647569,2024-09-30,0.0009874011306205091
29009,2024-09-30,644150,2024-12-31,0.00019717830872533582
29011,2024-03-31,753520,2024-06-30,0.024371486654409167
29011,2024-06-30,756535,2024-09-30,0.02403234476047413
29011,2024-09-30,757370,2024-12-31,0.02434813369275436
29012,2024-03-31,5534560,2024-06-30,0.026784471734219585
29012,2024-06-30,5519246,2024-09-30,0.03082718620858799
29012,2024-09-30,5709767,2024-12-31,0.03446458774360169
29024,2024-03-31,185400,2024-06-30,0.015536581805793542
29024,2024-06-30,202143,2024-09-30,0.003746783458436943
29024,2024-09-30,204372,2024-12-31,0.006133926475902227
29035,2024-03-31,361945,2024-06-30,0.008963661865648913
29035,2024-06-30,371796,2024-09-30,0.006501011099438128
29035,2024-09-30,372710,2024-12-31,0.004852731831018275
29042,2024-03-31,1051243,2024-06-30,0.011911611338105997
29042,2024-06-30,1000203,2024-09-30,0.025980214191775177
29047,2024-03-31,659846,2024-06-30,0.04273856747118101
29047,2024-06-30,675395,2024-09-30,0.024672304348061704
29047,2024-09-30,704071,2024-12-31,0.03999061200098387
29056,2024-03-31,473105,2024-06-30,0.004390072587168432
29056,2024-06-30,468669,2024-09-30,0.01257290195137598
29056,2024-09-30,473757,2024-12-31,0.01370888803280529
29058,2024-03-31,1182025,2024-06-30,0.01523424979628815
29058,2024-06-30,1098796,2024-09-30,0.000698883726695531
29058,2024-09-30,1181103,2024-12-31,0.00458433543695141
29059,2024-03-31,27217,2024-06-30,0.019532064494216107
29059,2024-06-30,27433,2024-09-30,0.011516121413256888
29059,2024-09-30,28073,2024-12-31,0.019513872795011215
29061,2024-03-31,46424,2024-06-30,0.0013954889188227202
29061,2024-06-30,48485,2024-09-30,0.00802314860471632
29061,2024-09-30,47109,2024-12-31,0.008806865329052166
29066,2024-03-31,119303,2024-06-30,0.0016262812872954986
29066,2024-06-30,116656,2024-09-30,0.02316367956408056
29066,2024-09-30,124976,2024-12-31,0.00316264550351631
29087,2024-03-31,823666,2024-06-30,0.06329482470728569
29087,2024-06-30,774508,2024-09-30,0.073448224876035
29087,2024-09-30,789197,2024-12-31,0.06895061424291983
29089,2024-03-31,247332,2024-06-30,0.00705693053684955
29089,2024-06-30,248936,2024-09-30,0.010129832098058157
29089,2024-09-30,247200,2024-12-31,0.0075485564149119855
29090,2024-03-31,228678,2024-06-30,0.014588430594194903
29090,2024-06-30,238232,2024-09-30,0.01279194818055064
29090,2024-09-30,244214,2024-12-31,0.013263808820521432
29093,2024-03-31,81546,2024-06-30,-0.017010057671722652
29093,2024-06-30,77393,2024-09-30,-0.012105247333127468
29093,2024-09-30,76628,2024-12-31,-0.003994941194070279
29120,2024-03-31,410406,2024-06-30,0.010279447254859148
29120,2024-06-30,412486,2024-09-30,0.014458072161095323
29120,2024-09-30,411225,2024-12-31,0.008619356075397641
29121,2024-03-31,173031,2024-06-30,0.004689530723700109
29121,2024-06-30,167306,2024-09-30,0.004617385552296634
29121,2024-09-30,160725,2024-12-31,0.0031564015798733057
29135,2024-03-31,125172,2024-06-30,0.0005932147933709898
29135,2024-06-30,137919,2024-09-30,-0.0011415735196411859
29135,2024-09-30,145019,2024-12-31,-0.004893071213860303
29140,2024-03-31,587653,2024-06-30,-0.006576987679488112
29140,2024-06-30,584228,2024-09-30,-0.02041012357204533
29140,2024-09-30,578157,2024-12-31,-0.008006970436908088
29143,2024-03-31,50591,2024-06-30,-0.02347730825733429
29143,2024-06-30,49708,2024-09-30,-0.00019186032449086294
29143,2024-09-30,50733,2024-12-31,0.002981453968672352
29147,2024-03-31,1515343,2024-06-30,0.06660219921634242
29147,2024-06-30,1569349,2024-09-30,0.04593817663104622
29147,2024-09-30,1633062,2024-12-31,0.03722669780618004
29164,2024-03-31,166516,2024-06-30,0.015989445303102676
29164,2024-06-30,175166,2024-09-30,0.016582876181446268
29164,2024-09-30,178394,2024-12-31,0.021498871611484945
29170,2024-03-31,251592,2024-06-30,0.038579827000961714
29170,2024-06-30,251421,2024-09-30,0.04734652602660823
29170,2024-09-30,251317,2024-12-31,0.03889559806288724
29173,2024-03-31,181450,2024-06-30,0.028338339295393367
29173,2024-06-30,184687,2024-09-30,0.023312506313302558
29173,2024-09-30,177825,2024-12-31,0.03523458253200921
29177,2024-03-31,500383,2024-06-30,0.013632156701164794
29177,2024-06-30,500050,2024-09-30,0.014449374032274054
29177,2024-09-30,512197,2024-12-31,0.023465139289291597
29186,2024-03-31,61428,2024-06-30,0.021005184478782715
29186,2024-06-30,63211,2024-09-30,0.0258486898668108
29186,2024-09-30,64275,2024-12-31,0.023703250345089636
29188,2024-03-31,294359,2024-06-30,0.008876520855211843
29188,2024-06-30,300369,2024-09-30,0.01397193712287911
29188,2024-09-30,299375,2024-12-31,0.007765247209129529
29206,2024-03-31,128910,2024-06-30,0.0018716842987240045
29206,2024-06-30,132993,2024-09-30,0.005339582275341504
29206,2024-09-30,132522,2024-12-31,0.002741968588532681
29208,2024-03-31,91846,2024-06-30,-0.013085477862248316
29208,2024-06-30,90839,2024-09-30,-0.02059471843019293
29208,2024-09-30,95186,2024-12-31,-0.04281791921494053
29209,2024-03-31,11715983,2024-06-30,0.0651016318760703
29209,2024-06-30,11708770,2024-09-30,0.06923540615565457
29209,2024-09-30,10392138,2024-12-31,0.006789088822423989
29227,2024-03-31,512776,2024-06-30,-0.004060040011707779
29227,2024-06-30,492858,2024-09-30,0.009746593823606384
29227,2024-09-30,515775,2024-12-31,0.008789586566188893
29231,2024-03-31,93540,2024-06-30,0.013354623071703603
29231,2024-06-30,95099,2024-09-30,0.012797902114864033
29231,2024-09-30,93879,2024-12-31,0.014871771577483347
29238,2024-03-31,58976,2024-06-30,0.0060169499719040865
29238,2024-06-30,61989,2024-09-30,0.046148243431877074
29238,2024-09-30,63468,2024-12-31,0.053899636958050015
29241,2024-03-31,82096,2024-06-30,-0.004198129483707487
29241,2024-06-30,81609,2024-09-30,-0.0014671662574094217
29241,2024-09-30,83918,2024-12-31,-0.0031340453729078272
29268,2024-03-31,66217,2024-06-30,0.011038466754207102
29268,2024-06-30,66336,2024-09-30,0.014320401337564266
29268,2024-09-30,70661,2024-12-31,0.000971653174477613
29293,2024-03-31,224758,2024-06-30,0.0350923957383176
29293,2024-06-30,240188,2024-09-30,0.05509109327368531
29293,2024-09-30,238448,2024-12-31,0.035935617259949176
29294,2024-03-31,681877,2024-06-30,0.030537038221826133
29294,2024-06-30,694127,2024-09-30,0.03910452789681078
29294,2024-09-30,708084,2024-12-31,0.04225479165166762
29331,2024-03-31,388641,2024-06-30,0.01753417362876925
29331,2024-06-30,395931,2024-09-30,0.0015718736623241975
29331,2024-09-30,429277,2024-12-31,0.0015619220796646862
29332,2024-03-31,534189,2024-06-30,0.017286375539665534
29332,2024-06-30,522821,2024-09-30,0.009629205121102914
29332,2024-09-30,530177,2024-12-31,0.039999301461101075
29345,2024-03-31,194696,2024-06-30,0.005472602045455399
29345,2024-06-30,194177,2024-09-30,0.013056096965156935
29345,2024-09-30,191134,2024-12-31,0.017032373270305996
29357,2024-03-31,126610,2024-06-30,0.02640388403114876
29357,2024-06-30,124280,2024-09-30,0.021483930202331223
29357,2024-09-30,127890,2024-12-31,0.029723004886716087
29379,2024-03-31,13115,2024-06-30,0.012963813705224442
29379,2024-06-30,13138,2024-09-30,0.011309093227802205
29379,2024-09-30,13844,2024-12-31,0.020295349478453163
29384,2024-03-31,167138,2024-06-30,0.009114535172604464
29384,2024-06-30,167864,2024-09-30,0.012507900139013784
29384,2024-09-30,165558,2024-12-31,0.0119156478015602
29399,2024-03-31,55014,2024-06-30,-0.01415033113270051
29399,2024-06-30,55135,2024-09-30,0.01598368494061606
29399,2024-09-30,55749,2024-12-31,0.023110032718872516
29426,2024-03-31,86050,2024-06-30,0.013245244074466783
29426,2024-06-30,85292,2024-09-30,0.006622328354824602
29426,2024-09-30,84445,2024-12-31,0.0003864567504198145
29430,2024-03-31,51174,2024-06-30,0.002367146908815208
29430,2024-06-30,52820,2024-09-30,0.0011718454386556436
29430,2024-09-30,52844,2024-12-31,0.003502970961147306
29449,2024-03-31,35018,2024-06-30,-0.017380654593696834
29449,2024-06-30,35508,2024-09-30,-0.01928562464880714
29449,2024-09-30,33827,2024-12-31,-0.0020391543535641463
29471,2024-03-31,78924,2024-06-30,0.0030427318384426143
29471,2024-06-30,78487,2024-09-30,-0.0004130836515687652
29471,2024-09-30,78157,2024-12-31,-0.001006752322221972
29476,2024-03-31,393350,2024-06-30,0.019305910835898842
29476,2024-06-30,394523,2024-09-30,0.019114154537524523
29476,2024-09-30,409100,2024-12-31,0.017337483982610476
29486,2024-03-31,29957,2024-06-30,-0.0011326169276300317
29486,2024-06-30,35625,2024-09-30,0.003759375667037158
29486,2024-09-30,35682,2024-12-31,-0.01801543098873008
29488,2024-03-31,2036604,2024-06-30,0.02012705744349886
29488,2024-06-30,2121769,2024-09-30,0.023996231815379743
29488,2024-09-30,2197175,2024-12-31,0.030872065554361054
29490,2024-03-31,21855,2024-06-30,0.06406676157526435
29490,2024-06-30,22017,2024-09-30,0.06864112192610766
29490,2024-09-30,21657,2024-12-31,0.05570164544171343
29495,2024-03-31,214090,2024-06-30,0.06469247565912797
29495,2024-06-30,214919,2024-09-30,0.03089419646166716
29495,2024-09-30,250933,2024-12-31,0.11636306395867264
29496,2024-03-31,206668,2024-06-30,0.015256490484515998
29496,2024-06-30,204756,2024-09-30,0.016780756331178596
29496,2024-09-30,204859,2024-12-31,0.012359608516579263
29510,2024-03-31,694603,2024-06-30,0.11665017167714394
29510,2024-06-30,696674,2024-09-30,0.10630820773798597
29510,2024-09-30,689736,2024-12-31,0.10572159071943878
29517,2024-03-31,85554,2024-06-30,-0.021037681739554843
29517,2024-06-30,86361,2024-09-30,-0.00975345232597076
29517,2024-09-30,85466,2024-12-31,-0.007382517225232038
29520,2024-03-31,1264875,2024-06-30,-0.014964648258474687
29520,2024-06-30,1288188,2024-09-30,0.009786886211833852
29520,2024-09-30,1304162,2024-12-31,0.007260456676158629
29521,2024-03-31,94929,2024-06-30,-0.013828522469924795
29521,2024-06-30,93925,2024-09-30,-0.0006409547987844034
29521,2024-09-30,93700,2024-12-31,0.012322003694292582
29523,2024-03-31,1751468,2024-06-30,0.028990342595470498
29523,2024-06-30,1760873,2024-09-30,0.02299867285110349
29523,2024-09-30,1752745,2024-12-31,0.01989346951138921
29535,2024-03-31,126438,2024-06-30,0.008200454790004294
29535,2024-06-30,124769,2024-09-30,-0.0046798945096774855
29535,2024-09-30,119751,2024-12-31,0.01041044644226835
29537,2024-03-31,573615,2024-06-30,0.027996888745858615
29537,2024-06-30,540999,2024-09-30,0.01159387470464578
29537,2024-09-30,555951,2024-12-31,0.02161459873288002
29546,2024-03-31,4830730,2024-06-30,0.006870420518352286
29546,2024-06-30,4676795,2024-09-30,0.005393390455369984
29546,2024-09-30,4780698,2024-12-31,0.01599212306485262
29548,2024-03-31,312401,2024-06-30,0.005672716257862964
29548,2024-06-30,313591,2024-09-30,0.017503343714961924
29548,2024-09-30,318016,2024-12-31,0.03331010756655424
29566,2024-03-31,5057801,2024-06-30,-0.024810612085448748
29566,2024-06-30,5178599,2024-09-30,0.0018095482703949705
29566,2024-09-30,5212601,2024-12-31,0.019385278631982045
29571,2024-03-31,169102,2024-06-30,0.021454017597673073
29571,2024-06-30,168113,2024-09-30,0.00906343597410822
29571,2024-09-30,172233,2024-12-31,0.02499399579257043
29577,2024-03-31,137034,2024-06-30,0.023992092253666927
29577,2024-06-30,135108,2024-09-30,0.02673126146173877
29577,2024-09-30,137284,2024-12-31,0.018572695579518756
29578,2024-03-31,142464,2024-06-30,0.020013600133531522
29578,2024-06-30,130214,2024-09-30,0.030267656034722677
29578,2024-09-30,127822,2024-12-31,0.03204483985603184
29582,2024-03-31,30926,2024-06-30,0.001306507569190799
29582,2024-06-30,30775,2024-09-30,0.0012867802532920294
29582,2024-09-30,30831,2024-12-31,0.003002949987943479
29613,2024-03-31,992183,2024-06-30,0.003072800485586648
29613,2024-06-30,1004862,2024-09-30,0.005508641915422613
29613,2024-09-30,1010046,2024-12-31,0.009281785839005524
29617,2024-03-31,94570,2024-06-30,-0.01208803426684071
29617,2024-06-30,93821,2024-09-30,-0.007768444139798724
29617,2024-09-30,90457,2024-12-31,0.009101275545270496
29624,2024-03-31,551461,2024-06-30,0.009407171017827544
29624,2024-06-30,557710,2024-09-30,0.011820180289547672
29624,2024-09-30,551644,2024-12-31,0.013151176718598738
29627,2024-03-31,20517,2024-06-30,0.08896462601938937
29627,2024-06-30,21356,2024-09-30,0.08492214381206911
29627,2024-09-30,21672,2024-12-31,0.06190858319172345
29632,2024-03-31,662424,2024-06-30,0.0240371724189258
29632,2024-06-30,669623,2024-09-30,0.03900335351512556
29632,2024-09-30,667146,2024-12-31,0.041920577043536175
29636,2024-03-31,137138,2024-06-30,-0.009630278416952347
29636,2024-06-30,137021,2024-09-30,0.0053903025155533505
29636,2024-09-30,140789,2024-12-31,0.023341510694053484
29637,2024-03-31,301398,2024-06-30,0.005824942158604156
29637,2024-06-30,297928,2024-09-30,0.007678252304128306
29637,2024-09-30,308527,2024-12-31,0.01543764776023008
29645,2024-03-31,170268,2024-06-30,0.012399500744291837
29645,2024-06-30,172924,2024-09-30,0.01708389141637554
29645,2024-09-30,173303,2024-12-31,0.016025564415480018
29657,2024-03-31,589083,2024-06-30,0.008434606409097448
29657,2024-06-30,590418,2024-09-30,0.016199805866725665
29657,2024-09-30,615796,2024-12-31,0.009840724062824985
29672,2024-03-31,520582,2024-06-30,0.009782511373707893
29672,2024-06-30,558725,2024-09-30,0.012914429523439902
29672,2024-09-30,587242,2024-12-31,0.01573741358371311
29675,2024-03-31,689893,2024-06-30,0.03394614663124329
29675,2024-06-30,734336,2024-09-30,0.0013422478330828444
29675,2024-09-30,683894,2024-12-31,0.01950649918194275
29676,2024-03-31,153637,2024-06-30,-0.003492394301454222
29676,2024-06-30,158360,2024-09-30,0.0016975570320905441
29676,2024-09-30,161812,2024-12-31,0.00873232454696342
29677,2024-03-31,78595,2024-06-30,0.004650296922956331
29677,2024-06-30,86645,2024-09-30,-0.004138983561127231
29677,2024-09-30,83186,2024-12-31,0.011645078567234601
29679,2024-03-31,159570,2024-06-30,0.001291138563684709
29679,2024-06-30,179147,2024-09-30,0.011235491489077293
29679,2024-09-30,182208,2024-12-31,0.013033574019206812
29683,2024-03-31,2155821,2024-06-30,1.2274637550942278e-05
29683,2024-06-30,2139539,2024-09-30,0.0069230944578899155
29683,2024-09-30,2139990,2024-12-31,0.014620164670765198
29685,2024-03-31,26078,2024-06-30,0.020521707702739568
29685,2024-06-30,25873,2024-09-30,0.010007250681984874
29685,2024-09-30,26151,2024-12-31,0.008153188268692338
29690,2024-03-31,404971,2024-06-30,0.014018904103672741
29690,2024-06-30,413692,2024-09-30,0.011315517171642796
29690,2024-09-30,421611,2024-12-31,0.011036420986572808
29691,2024-03-31,77244,2024-06-30,0.0158348750710076
29691,2024-06-30,81075,2024-09-30,0.012432674137979103
29691,2024-09-30,85515,2024-12-31,0.020349849275591345
29692,2024-03-31,272944,2024-06-30,0.004954380818971539
29692,2024-06-30,296149,2024-09-30,0.030828297671301925
29692,2024-09-30,321404,2024-12-31,0.026335177614528495
29695,2024-03-31,245322,2024-06-30,0.02253568369463281
29695,2024-06-30,249669,2024-09-30,0.021106489422044183
29695,2024-09-30,264781,2024-12-31,0.03147751613830437
29696,2024-03-31,161157,2024-06-30,0.0006304925057485828
29696,2024-06-30,159897,2024-09-30,0.009752198263641777
29696,2024-09-30,163098,2024-12-31,0.023378671638046043
29700,2024-03-31,705091,2024-06-30,0.04111693727539258
29700,2024-06-30,741635,2024-09-30,0.04947676988890262
29700,2024-09-30,762202,2024-12-31,0.06169560858709834
29705,2024-03-31,228553,2024-06-30,0.03499841135396613
29705,2024-06-30,237365,2024-09-30,0.018693228424335535
29705,2024-09-30,250313,2024-12-31,0.011083734038039913
29708,2024-03-31,1817180,2024-06-30,0.031899468283716106
29708,2024-06-30,1729830,2024-09-30,0.017818256887303267
29708,2024-09-30,1759781,2024-12-31,0.01598331501709485
29710,2024-03-31,70084,2024-06-30,0.01021504888085354
29710,2024-06-30,74716,2024-09-30,0.005023494217813345
29710,2024-09-30,74968,2024-12-31,0.006809111258571868
29731,2024-03-31,87576,2024-06-30,0.007965280121168074
29731,2024-06-30,92706,2024-09-30,-0.0010088041213440128
29731,2024-09-30,91553,2024-12-31,0.009776629290782346
29743,2024-03-31,160737,2024-06-30,0.014376219849521891
29743,2024-06-30,166017,2024-09-30,0.01961871028507937
29743,2024-09-30,169632,2024-12-31,0.023209638197990812
29744,2024-03-31,428893,2024-06-30,0.01482875390502699
29744,2024-06-30,471240,2024-09-30,0.013037006849867612
29744,2024-09-30,467670,2024-12-31,0.007474033612514943
29745,2024-03-31,173346,2024-06-30,0.008179226491383551
29745,2024-06-30,176921,2024-09-30,0.03338133668592129
29745,2024-09-30,174510,2024-12-31,0.028530042938638322
29749,2024-03-31,147810,2024-06-30,0.009495475672356054
29749,2024-06-30,151383,2024-09-30,0.0008320572964673483
29749,2024-09-30,158033,2024-12-31,0.009319518063412293
29764,2024-03-31,114588,2024-06-30,0.013301834499290994
29764,2024-06-30,117499,2024-09-30,0.0236632409181261
29764,2024-09-30,114927,2024-12-31,0.012179976990454302
29771,2024-03-31,600171,2024-06-30,0.029572046883027978
29771,2024-06-30,609965,2024-09-30,0.022007845060442684
29771,2024-09-30,624307,2024-12-31,0.017243533246696835
29772,2024-03-31,168617,2024-06-30,0.004763450450029021
29772,2024-06-30,170972,2024-09-30,0.005603510789261479
29772,2024-09-30,166900,2024-12-31,0.00298965014945078
29774,2024-03-31,34655,2024-06-30,0.0062288776450126855
29774,2024-06-30,33308,2024-09-30,0.0007464022944179302
29774,2024-09-30,33936,2024-12-31,0.00020147184519728458
29782,2024-03-31,876994,2024-06-30,0.016267233412311663
29782,2024-06-30,872189,2024-09-30,0.012168957588445606
29782,2024-09-30,873576,2024-12-31,0.019594763401258774
29783,2024-03-31,378482,2024-06-30,-0.002397744921295556
29783,2024-06-30,390651,2024-09-30,0.015504074211831424
29783,2024-09-30,411955,2024-12-31,0.011417760175838426
29787,2024-03-31,705530,2024-06-30,0.0075911009361052054
29787,2024-06-30,711707,2024-09-30,0.033890971066148114
29787,2024-09-30,746746,2024-12-31,0.015487200105146344
29800,2024-03-31,388899,2024-06-30,-0.005969550634394316
29800,2024-06-30,380415,2024-09-30,-0.010074962107021345
29800,2024-09-30,375931,2024-12-31,-0.009015985767786497
29804,2024-03-31,175185,2024-06-30,-0.020864920053791716
29804,2024-06-30,184618,2024-09-30,-0.03428099919085604
29804,2024-09-30,171325,2024-12-31,-0.013996828531014076
29809,2024-03-31,678561,2024-06-30,-0.0011371382152004712
29809,2024-06-30,676413,2024-09-30,0.00013590896972119428
29809,2024-09-30,685814,2024-12-31,0.007048927560917074
29813,2024-03-31,123149,2024-06-30,0.008256594079442636
29813,2024-06-30,117375,2024-09-30,-0.0030111104589018575
29813,2024-09-30,124857,2024-12-31,-0.008476412863133047
29835,2024-03-31,374974,2024-06-30,0.011800150125899212
29835,2024-06-30,373888,2024-09-30,0.011517748301264475
29835,2024-09-30,370962,2024-12-31,0.010153966840628064
29838,2024-03-31,416691,2024-06-30,-0.0026862498474641413
29838,2024-06-30,418621,2024-09-30,0.0010142367529697841
29838,2024-09-30,407179,2024-12-31,0.00028827997226991785
29839,2024-03-31,504187,2024-06-30,0.012606731477794819
29839,2024-06-30,520782,2024-09-30,0.008258486113432151
29839,2024-09-30,528551,2024-12-31,0.013368497853968235
29842,2024-03-31,129827,2024-06-30,0.007183133797815472
29842,2024-06-30,129462,2024-09-30,0.008322146766066157
29842,2024-09-30,132654,2024-12-31,0.008662623739044762
29845,2024-03-31,7215093,2024-06-30,0.09005881098098895
29845,2024-06-30,7206690,2024-09-30,0.09346653435721926
29845,2024-09-30,7193528,2024-12-31,0.09490429152210435
29846,2024-03-31,391564,2024-06-30,0.026713635592791152
29846,2024-06-30,410073,2024-09-30,0.018564602809795012
29846,2024-09-30,419846,2024-12-31,0.005920726315756578
29847,2024-03-31,714884,2024-06-30,0.02512211134406678
29847,2024-06-30,1084220,2024-09-30,0.06989106003271596
29847,2024-09-30,1104719,2024-12-31,0.07364631232550416
29857,2024-03-31,22880,2024-06-30,-0.009201587906519038
29857,2024-06-30,22299,2024-09-30,-0.006674761959304459
29857,2024-09-30,22019,2024-12-31,-0.0008250917495690196
29858,2024-03-31,212131,2024-06-30,0.041008329480947125
29858,2024-06-30,230004,2024-09-30,0.042463638609037097
29858,2024-09-30,244043,2024-12-31,0.047757316363620524
29874,2024-03-31,170883,2024-06-30,0.007957757350852603
29874,2024-06-30,169739,2024-09-30,-0.00044743223754816023
29874,2024-09-30,164520,2024-12-31,-0.002941025127811098
29875,2024-03-31,457125,2024-06-30,0.00820149730816468
29875,2024-06-30,461356,2024-09-30,0.00683744437048563
29875,2024-09-30,450097,2024-12-31,0.005765501383098589
29878,2024-03-31,312660,2024-06-30,0.02523112090147463
29878,2024-06-30,345751,2024-09-30,0.04103915385144939
29878,2024-09-30,328295,2024-12-31,0.020059678131676587
29881,2024-03-31,354148,2024-06-30,0.0044074816171448036
29881,2024-06-30,360570,2024-09-30,0.0060562131354377794
29881,2024-09-30,356020,2024-12-31,0.013652969437962834
29904,2024-03-31,181054,2024-06-30,0.003311468071728936
29904,2024-06-30,182693,2024-09-30,0.003024863764699857
29904,2024-09-30,185497,2024-12-31,0.007271913412147599
29907,2024-03-31,206331,2024-06-30,0.011645873370181513
29907,2024-06-30,212397,2024-09-30,0.013687474188595715
29907,2024-09-30,218477,2024-12-31,0.016377021611626505
29910,2024-03-31,59120,2024-06-30,3.163079124621048e-05
29910,2024-06-30,57546,2024-09-30,-0.011227407876256076
29910,2024-09-30,56951,2024-12-31,-0.011406321802975967
29922,2024-03-31,1241822,2024-06-30,0.017352133153473955
29922,2024-06-30,1229537,2024-09-30,0.014822925493639283
29922,2024-09-30,1246826,2024-12-31,0.03208012880766906
29933,2024-03-31,219790,2024-06-30,0.016614664865562245
29933,2024-06-30,216639,2024-09-30,0.019216899603990485
29933,2024-09-30,217170,2024-12-31,0.023433388383068878
29937,2024-03-31,201270,2024-06-30,0.01254423222148252
29937,2024-06-30,204395,2024-09-30,0.010622005760188938
29937,2024-09-30,202265,2024-12-31,0.010397988385386086
29941,2024-03-31,676618,2024-06-30,0.014261619515114414
29941,2024-06-30,659695,2024-09-30,0.01748354156362611
29941,2024-09-30,639633,2024-12-31,0.012937175904620579
29950,2024-03-31,76414543,2024-06-30,0.013659640710024123
29950,2024-06-30,75364877,2024-09-30,0.005207032966340155
29950,2024-09-30,76638547,2024-12-31,0.016213656132765195
29961,2024-03-31,1797771,2024-06-30,0.030550080679021985
29961,2024-06-30,1718385,2024-09-30,0.046517853492964625
29961,2024-09-30,1887033,2024-12-31,0.04453106799354511
29966,2024-03-31,7020,2024-06-30,-0.005658046400261121
29966,2024-06-30,6795,2024-09-30,-0.0068478117341183855
29966,2024-09-30,7012,2024-12-31,0.021441014972823517
29975,2024-03-31,135935,2024-06-30,0.020180274703623564
29975,2024-06-30,136926,2024-09-30,0.0289991141391379
29975,2024-09-30,141479,2024-12-31,0.02891706311352983
29980,2024-03-31,105057,2024-06-30,-0.0055384238751063275
29980,2024-06-30,103967,2024-09-30,-0.004037748413429074
29980,2024-09-30,103281,2024-12-31,-8.359955046316956e-06
29986,2024-03-31,26161,2024-06-30,0.006214950920992416
29986,2024-06-30,26571,2024-09-30,0.00044322254453131387
29988,2024-03-31,245297,2024-06-30,0.021403034522870807
29988,2024-06-30,239917,2024-09-30,0.017170605532788943
29988,2024-09-30,245285,2024-12-31,0.021930441255903776
29995,2024-03-31,524241,2024-06-30,0.004329051410407412
29995,2024-06-30,536204,2024-09-30,0.016346856410098334
29995,2024-09-30,532226,2024-12-31,0.022580031708516735
30012,2024-03-31,10045328,2024-06-30,-0.00019692471863948078
30012,2024-06-30,10175426,2024-09-30,0.0035601599157406337
30012,2024-09-30,10321628,2024-12-31,0.011042643952513021
30031,2024-03-31,13307,2024-06-30,0.010093363098332904
30031,2024-06-30,12836,2024-09-30,0.006800400780728757
30031,2024-09-30,13567,2024-12-31,0.00844831409764693
30039,2024-03-31,916424,2024-06-30,-0.006189314172345454
30039,2024-06-30,904247,2024-09-30,-0.0005603804537580847
30039,2024-09-30,897786,2024-12-31,0.003880748472904779
30043,2024-03-31,53818,2024-06-30,0.0029815434800954453
30043,2024-06-30,52361,2024-09-30,0.014988423242724232
30043,2024-09-30,50435,2024-12-31,0.01483561884749527
30052,2024-03-31,1351480,2024-06-30,0.0014399468976810511
30052,2024-06-30,1369127,2024-09-30,0.0031631878454364297
30052,2024-09-30,1370657,2024-12-31,0.008387717060135086
30058,2024-03-31,148896,2024-06-30,0.02275189970388973
30058,2024-06-30,153217,2024-09-30,0.007773881445135713
30058,2024-09-30,142214,2024-12-31,0.03228199251238069
30065,2024-03-31,17305,2024-06-30,0.02541854667827148
30065,2024-06-30,16928,2024-09-30,9.1019678689781e-06
30065,2024-09-30,17772,2024-12-31,0.03351696301439525
30067,2024-03-31,40670,2024-06-30,0.007597036680672788
30067,2024-06-30,39472,2024-09-30,0.012572952248822787
30067,2024-09-30,39623,2024-12-31,0.008682374861630052
30072,2024-03-31,104902,2024-06-30,-6.332159771873432e-05
30072,2024-06-30,105830,2024-09-30,0.0012284355351850525
30072,2024-09-30,107114,2024-12-31,0.0034121927308407023
30076,2024-03-31,2846480,2024-06-30,-0.011332164575223283
30076,2024-06-30,2854962,2024-09-30,-0.012367759585531312
30076,2024-09-30,2998509,2024-12-31,0.00022699432275560805
30084,2024-03-31,135284,2024-06-30,0.00625903345115467
30084,2024-06-30,135287,2024-09-30,0.01251294820819098
30084,2024-09-30,137603,2024-12-31,0.01358067865454807
30085,2024-03-31,348389,2024-06-30,0.03193635066495966
30085,2024-06-30,346960,2024-09-30,0.006812210748766093
30085,2024-09-30,354795,2024-12-31,0.005204832079152023
30103,2024-03-31,80956,2024-06-30,-0.0013700291111092607
30103,2024-06-30,84652,2024-09-30,0.00014680245814495797
30103,2024-09-30,83660,2024-12-31,0.004683263105648994
30111,2024-03-31,530452,2024-06-30,0.021534090858977676
30111,2024-06-30,534379,2024-09-30,0.0023748928502226904
30111,2024-09-30,526848,2024-12-31,-0.006691381994266485
30117,2024-03-31,522835,2024-06-30,0.02098588182291713
30117,2024-06-30,505855,2024-09-30,0.029200298545497622
30117,2024-09-30,521074,2024-12-31,0.028574386914196576
30119,2024-03-31,188853,2024-06-30,0.009261180051778114
30119,2024-06-30,188533,2024-09-30,0.0061179722368355635
30119,2024-09-30,186666,2024-12-31,0.015077772421198838
30121,2024-03-31,76003,2024-06-30,0.0003740697530145294
30121,2024-06-30,75004,2024-09-30,-0.0026303333046346455
30121,2024-09-30,71793,2024-12-31,-0.0008168258071248573
30128,2024-03-31,46961,2024-06-30,-0.010215026524509356
30128,2024-06-30,49875,2024-09-30,-0.006725587666438573
30128,2024-09-30,49161,2024-12-31,0.006200447022274001
30133,2024-03-31,203244,2024-06-30,0.005779430758773278
30133,2024-06-30,199692,2024-09-30,0.004669779736451436
30133,2024-09-30,191609,2024-12-31,-0.004765855515188597
30150,2024-03-31,138970,2024-06-30,-0.003329446554750718
30150,2024-06-30,142061,2024-09-30,-0.005000027525005958
30150,2024-09-30,138471,2024-12-31,-0.002330065406579793
30152,2024-03-31,25037,2024-06-30,0.016105139984438698
30152,2024-06-30,25745,2024-09-30,0.00797636021575329
30152,2024-09-30,24022,2024-12-31,0.009079777388041076
30154,2024-03-31,210672,2024-06-30,0.008926792931751193
30154,2024-06-30,209531,2024-09-30,0.005833804383291063
30154,2024-09-30,209979,2024-12-31,0.004229727514332364
30155,2024-03-31,418502,2024-06-30,0.013567667532300714
30155,2024-06-30,430245,2024-09-30,0.01549654535071503
30155,2024-09-30,419515,2024-12-31,0.0030114908409653563
30166,2024-03-31,81447,2024-06-30,0.01543293801517435
30166,2024-06-30,79468,2024-09-30,-0.011374181668974281
30166,2024-09-30,81141,2024-12-31,0.0084526258929355
30167,2024-03-31,288444,2024-06-30,0.012631219363571871
30167,2024-06-30,288302,2024-09-30,0.01870863951800673
30167,2024-09-30,298136,2024-12-31,0.013022240641952197
30176,2024-03-31,30929,2024-06-30,-0.003072428997984039
30176,2024-06-30,31626,2024-09-30,0.008941835397173217
30176,2024-09-30,31955,2024-12-31,0.0035010526433728807
30182,2024-03-31,1645383,2024-06-30,0.03163957867355155
30182,2024-06-30,1629279,2024-09-30,0.02847975434943287
30182,2024-09-30,1662401,2024-12-31,0.03157996473356006
30183,2024-03-31,140530,2024-06-30,0.0015116102985817607
30183,2024-06-30,140841,2024-09-30,0.0028707181469097686
30183,2024-09-30,138280,2024-12-31,0.003360900224510806
30219,2024-03-31,210163,2024-06-30,-0.011559489853619313
30219,2024-06-30,216501,2024-09-30,0.02098860737564069
30219,2024-09-30,211783,2024-12-31,0.020808759068441134
30220,2024-03-31,62346,2024-06-30,-0.00999375567968922
30220,2024-06-30,70440,2024-09-30,-0.015127904918200147
30220,2024-09-30,79906,2024-12-31,-5.489072933973205e-05
30260,2024-03-31,452024,2024-06-30,0.013036591836502274
30260,2024-06-30,456279,2024-09-30,0.018404633112826745
30260,2024-09-30,454358,2024-12-31,0.015540611821888105
30270,2024-03-31,258003,2024-06-30,0.007189011785396625
30270,2024-06-30,259171,2024-09-30,0.0035539538817604558
30270,2024-09-30,262706,2024-12-31,0.0036462744582054026
30291,2024-03-31,46053,2024-06-30,0.002001543770769406
30291,2024-06-30,46401,2024-09-30,-0.0034730690031848166
30291,2024-09-30,46187,2024-12-31,-0.0026989962547280207
30303,2024-03-31,1401818,2024-06-30,0.02836488299754329
30303,2024-06-30,1411729,2024-09-30,0.020623434116385515
30303,2024-09-30,1420902,2024-12-31,0.01813831099526955
30313,2024-03-31,231957,2024-06-30,0.002051433462498403
30313,2024-06-30,224789,2024-09-30,-0.01266827039209543
30313,2024-09-30,226171,2024-12-31,0.004596370915643728
30315,2024-03-31,369230,2024-06-30,0.020601489790736824
30315,2024-06-30,376432,2024-09-30,0.02039610189055521
30315,2024-09-30,366563,2024-12-31,0.008771245832261505
30332,2024-03-31,38439,2024-06-30,-0.008832146905413013
30332,2024-06-30,39069,2024-09-30,-0.005951978991469231
30332,2024-09-30,41505,2024-12-31,0.033294843151757125
30339,2024-03-31,62416,2024-06-30,0.032429867311974656
30339,2024-06-30,66852,2024-09-30,0.0037871864246531977
30339,2024-09-30,64364,2024-12-31,0.023971827937469044
30350,2024-03-31,445096,2024-06-30,0.01305838432324244
30350,2024-06-30,443952,2024-09-30,0.025005424217475373
30350,2024-09-30,462099,2024-12-31,0.016265934850503885
30357,2024-03-31,116244,2024-06-30,0.0021181606247787344
30357,2024-06-30,115335,2024-09-30,0.0030454586949992314
30357,2024-09-30,111848,2024-12-31,-0.0006721505667496996
30358,2024-03-31,44628,2024-06-30,0.018960049908408265
30358,2024-06-30,44108,2024-09-30,0.01757295584579004
30358,2024-09-30,45101,2024-12-31,0.028535659690804883
30367,2024-03-31,213621,2024-06-30,0.013143949869487973
30367,2024-06-30,217486,2024-09-30,0.013234697287809204
30367,2024-09-30,219399,2024-12-31,0.011425558825472006
30387,2024-03-31,16336935,2024-06-30,0.03903166457648981
30387,2024-06-30,16322558,2024-09-30,0.03641224880470607
30387,2024-09-30,16146621,2024-12-31,0.05391037709904154
30388,2024-03-31,82858,2024-06-30,0.00742016001704472
30388,2024-06-30,80928,2024-09-30,0.00917052262633389
30388,2024-09-30,83867,2024-12-31,0.0041695552777091666
30394,2024-03-31,656392,2024-06-30,-0.04599199944818545
30394,2024-06-30,647378,2024-09-30,-0.050115874477129035
30394,2024-09-30,657825,2024-12-31,-0.06866169912338059
30395,2024-03-31,36043,2024-06-30,0.012722083713459172
30395,2024-06-30,35965,2024-09-30,0.0019861759928034915
30395,2024-09-30,35200,2024-12-31,-0.00010380828513707977
30397,2024-03-31,458243,2024-06-30,-0.012905590978220178
30397,2024-06-30,471244,2024-09-30,-0.010771446698473599
30397,2024-09-30,464375,2024-12-31,-0.0041722655237330306
30401,2024-03-31,2207346,2024-06-30,-0.0005403221270196285
30401,2024-06-30,2246432,2024-09-30,0.004424668580393198
30401,2024-09-30,2274263,2024-12-31,-0.006427624511883105
30402,2024-03-31,293122,2024-06-30,0.0007674388669003566
30402,2024-06-30,291053,2024-09-30,0.006151946496504072
30402,2024-09-30,288859,2024-12-31,0.00468037873059751
30422,2024-03-31,249024,2024-06-30,-0.012630274833385517
30422,2024-06-30,232175,2024-09-30,0.018011990726693475
30422,2024-09-30,223849,2024-12-31,0.006489280852564043
30428,2024-03-31,519463,2024-06-30,0.004946712205559231
30428,2024-06-30,511257,2024-09-30,0.02079049644290159
30428,2024-09-30,507511,2024-12-31,0.031071718152388444
30429,2024-03-31,134164,2024-06-30,0.007561314094942177
30429,2024-06-30,136797,2024-09-30,0.0027097757445111712
30429,2024-09-30,140374,2024-12-31,0.006288664219009418
30431,2024-03-31,258069,2024-06-30,0.022021907790395392
30431,2024-06-30,259758,2024-09-30,0.012408059324753985
30431,2024-09-30,275134,2024-12-31,0.012972726423562762
30434,2024-03-31,70022,2024-06-30,-0.004003164905710416
30434,2024-06-30,70830,2024-09-30,0.014760578760799349
30434,2024-09-30,67829,2024-12-31,0.0057799515920199905
30441,2024-03-31,1000891,2024-06-30,0.006997959048863038
30441,2024-06-30,967447,2024-09-30,0.009118819204653274
30441,2024-09-30,976345,2024-12-31,0.012590181258850844
30447,2024-03-31,42138,2024-06-30,-0.006473222835723247
30447,2024-06-30,40040,2024-09-30,-0.017440380251397603
30447,2024-09-30,38241,2024-12-31,-0.01533466536240139
30470,2024-03-31,2605759,2024-06-30,0.029287259617438072
30470,2024-06-30,2610740,2024-09-30,0.053718737169349516
30470,2024-09-30,2634554,2024-12-31,0.061529239406125785
30492,2024-03-31,22517,2024-06-30,-1.3147801937818009e-05
30492,2024-06-30,21581,2024-09-30,-0.014958950828525133
30492,2024-09-30,22452,2024-12-31,0.005590293173165116
30516,2024-03-31,164095,2024-06-30,0.0317343849321639
30516,2024-06-30,172394,2024-09-30,0.03768401172465359
30516,2024-09-30,176884,2024-12-31,0.04586399818197643
30519,2024-03-31,184844,2024-06-30,-0.007710760370972224
30519,2024-06-30,182301,2024-09-30,-0.003227418296084812
30530,2024-03-31,599302,2024-06-30,0.009241819404584713
30530,2024-06-30,594456,2024-09-30,0.017966082117654023
30530,2024-09-30,590569,2024-12-31,0.021035436573007507
30544,2024-03-31,929614,2024-06-30,0.00823570296555174
30544,2024-06-30,929478,2024-09-30,0.015549929340979462
30544,2024-09-30,937884,2024-12-31,0.015344170171914138
30551,2024-03-31,124004,2024-06-30,0.004468585200604886
30551,2024-06-30,122154,2024-09-30,0.0046721085532400505
30551,2024-09-30,121698,2024-12-31,0.00697583955948805
30585,2024-03-31,59272,2024-06-30,0.014353452389809711
30585,2024-06-30,60370,2024-09-30,0.015691326592971303
30585,2024-09-30,60469,2024-12-31,0.024746439316920117
30595,2024-03-31,169642,2024-06-30,0.021093531130991296
30595,2024-06-30,163314,2024-09-30,0.027257902374219087
30595,2024-09-30,164346,2024-12-31,0.01922656219711154
30619,2024-03-31,105876,2024-06-30,0.014351468823039495
30619,2024-06-30,106007,2024-09-30,0.035925810794684175
30619,2024-09-30,106323,2024-12-31,0.03970552995177333
30637,2024-03-31,245543,2024-06-30,0.0013120247660219815
30637,2024-06-30,242352,2024-09-30,0.0019532583467397773
30637,2024-09-30,248411,2024-12-31,0.014427480939902421
30656,2024-03-31,60713,2024-06-30,0.008968307832293318
30656,2024-06-30,59611,2024-09-30,0.0067158695668032824
30656,2024-09-30,58275,2024-12-31,0.002779585114425448
30680,2024-03-31,296626,2024-06-30,0.017899504075768995
30680,2024-06-30,297436,2024-09-30,0.0062570337182617985
30680,2024-09-30,298278,2024-12-31,0.002908498441372083
30688,2024-03-31,77393,2024-06-30,-0.012524406169014627
30688,2024-06-30,78944,2024-09-30,-0.0004261947176533732
30688,2024-09-30,82050,2024-12-31,0.012270621875662226
30692,2024-03-31,136281,2024-06-30,0.01926751506665582
30692,2024-06-30,130320,2024-09-30,-0.004130527705728597
30692,2024-09-30,131896,2024-12-31,0.013157022449559757
30704,2024-03-31,782817,2024-06-30,0.010524113856640689
30704,2024-06-30,796892,2024-09-30,0.015579969256515763
30704,2024-09-30,802525,2024-12-31,0.00722604992759845
30707,2024-03-31,125773,2024-06-30,0.005190223192716717
30707,2024-06-30,124967,2024-09-30,0.0025032383098217035
30707,2024-09-30,123943,2024-12-31,0.0052629724641598844
30722,2024-03-31,259379,2024-06-30,0.02132887779229033
30722,2024-06-30,268171,2024-09-30,0.03025183466940714
30722,2024-09-30,245326,2024-12-31,-0.0010342485549954385
30776,2024-03-31,6374764,2024-06-30,0.054272776985930415
30776,2024-06-30,6434874,2024-09-30,0.08766732483752596
30776,2024-09-30,5877005,2024-12-31,0.13514242469822757
30788,2024-03-31,20576962,2024-06-30,0.011663136749876925
30788,2024-06-30,20264352,2024-09-30,0.007775218052514252
30788,2024-09-30,20884862,2024-12-31,0.029550508179679445
30812,2024-03-31,223657,2024-06-30,-0.0002714811968501229
30812,2024-06-30,224997,2024-09-30,0.0067159927185655695
30812,2024-09-30,234279,2024-12-31,0.012196240248447024
30819,2024-03-31,205737,2024-06-30,0.017832621729966015
30819,2024-06-30,203416,2024-09-30,0.017301439173305424
30819,2024-09-30,207236,2024-12-31,0.015979118994048743
30836,2024-03-31,1626465,2024-06-30,-0.004513582918637348
30836,2024-06-30,1603376,2024-09-30,-0.005627463281147582
30836,2024-09-30,1695928,2024-12-31,0.0022205298469864377
30864,2024-03-31,242242,2024-06-30,0.011636380021365054
30878,2024-03-31,74987,2024-06-30,-3.151522215742015e-05
30878,2024-06-30,76575,2024-09-30,0.00404325544624297
30878,2024-09-30,76246,2024-12-31,0.004839135878895363
30879,2024-03-31,917657,2024-06-30,-0.007933440289758288
30879,2024-06-30,894738,2024-09-30,-0.007005475165524562
30879,2024-09-30,877083,2024-12-31,-0.009349925323560944
30889,2024-03-31,65505,2024-06-30,0.003522529164286137
30889,2024-06-30,67804,2024-09-30,0.0058639309179363075
30889,2024-09-30,70763,2024-12-31,0.014861564381627558
30895,2024-03-31,2515727,2024-06-30,0.03707538269137634
30895,2024-06-30,2411567,2024-09-30,0.03083084055984523
30895,2024-09-30,2451774,2024-12-31,0.02626837227540072
30943,2024-03-31,98861,2024-06-30,-0.00388581915185572
30943,2024-06-30,96573,2024-09-30,-0.008743416559816112
30943,2024-09-30,97078,2024-12-31,-0.0016212509579992956
30953,2024-03-31,2125932,2024-06-30,-0.01386629472061999
30953,2024-06-30,2086692,2024-09-30,-0.003105454447026973
30953,2024-09-30,2086497,2024-12-31,0.007565959310687719
30969,2024-03-31,155920,2024-06-30,0.01211354677278906
30969,2024-06-30,161129,2024-09-30,0.018167581053670216
30969,2024-09-30,159168,2024-12-31,0.015473570144399703
30976,2024-03-31,165905,2024-06-30,-0.0009730809801090781
30976,2024-06-30,157153,2024-09-30,0.0038959246194471037
30976,2024-09-30,162825,2024-12-31,0.029439382037886867
30987,2024-03-31,115580,2024-06-30,-9.396076723804687e-05
30987,2024-06-30,115141,2024-09-30,0.005560821416075303
30987,2024-09-30,113798,2024-12-31,0.011388506669268038
30996,2024-03-31,568953,2024-06-30,0.03790198609035218
30996,2024-06-30,610527,2024-09-30,-0.0065313202666724395
30996,2024-09-30,570520,2024-12-31,0.029078830546666084
31028,2024-03-31,510235,2024-06-30,0.03820851521205977
31028,2024-06-30,525981,2024-09-30,0.0497374747032023
31028,2024-09-30,531835,2024-12-31,0.035719449628465724
31043,2024-03-31,243244,2024-06-30,0.013078446041808502
31043,2024-06-30,249787,2024-09-30,0.001278706795985908
31043,2024-09-30,249449,2024-12-31,0.003285844296154072
31077,2024-03-31,235689,2024-06-30,0.0024113336249588497
31077,2024-06-30,235744,2024-09-30,0.004842771349772527
31077,2024-09-30,229823,2024-12-31,-0.0036540728068789993
31083,2024-03-31,136474,2024-06-30,0.01573061059797882
31083,2024-06-30,138197,2024-09-30,0.013409874997744348
31083,2024-09-30,136364,2024-12-31,0.011907202541253539
31089,2024-03-31,110085,2024-06-30,0.01651496066560217
31089,2024-06-30,110015,2024-09-30,0.021588919207509657
31089,2024-09-30,110518,2024-12-31,0.01810674061182857
31090,2024-03-31,34698,2024-06-30,0.020532587367730466
31090,2024-06-30,34691,2024-09-30,0.013153465417897064
31090,2024-09-30,35414,2024-12-31,0.007485205820725745
31100,2024-03-31,1231924,2024-06-30,0.00768373261045919
31100,2024-06-30,1260393,2024-09-30,0.012787823112211954
31100,2024-09-30,1280523,2024-12-31,0.007981795516040327
31121,2024-03-31,199512,2024-06-30,0.04675823775685397
31121,2024-06-30,190751,2024-09-30,0.020987877747783594
31121,2024-09-30,192225,2024-12-31,0.027044039175955055
31127,2024-03-31,112563,2024-06-30,0.024673643775916968
31127,2024-06-30,123923,2024-09-30,0.012107479987383601
31127,2024-09-30,133725,2024-12-31,0.0037870160809908905
31146,2024-03-31,300606,2024-06-30,0.02135851120860986
31146,2024-06-30,297945,2024-09-30,0.015008524193182136
31146,2024-09-30,304947,2024-12-31,0.016851829682400236
31158,2024-03-31,228460,2024-06-30,0.003473254842442622
31158,2024-06-30,232659,2024-09-30,0.0004514171569455026
31158,2024-09-30,227894,2024-12-31,0.004466165852347617
31184,2024-03-31,300575,2024-06-30,-0.0034165618125496203
31184,2024-06-30,302426,2024-09-30,0.0017962408990473712
31184,2024-09-30,305489,2024-12-31,0.008340276600536238
31189,2024-03-31,1611631,2024-06-30,0.012494012341944855
31189,2024-06-30,1627977,2024-09-30,0.014037590235648902
31189,2024-09-30,1898733,2024-12-31,0.019145826899516237
31197,2024-03-31,47434,2024-06-30,0.0018843883297270066
31197,2024-06-30,54352,2024-09-30,0.01887041400485406
31197,2024-09-30,55072,2024-12-31,0.04325878098885704
31198,2024-03-31,140361,2024-06-30,-0.011882566158836438
31198,2024-06-30,142534,2024-09-30,0.0013068598080847264
31198,2024-09-30,146533,2024-12-31,0.007727047905100653
31217,2024-03-31,385798,2024-06-30,0.019798462324336262
31217,2024-06-30,395029,2024-09-30,0.013079081601991092
31217,2024-09-30,392675,2024-12-31,0.02224090150015259
31223,2024-03-31,1013787,2024-06-30,0.010868762615533736
31223,2024-06-30,1017728,2024-09-30,0.026832345048349353
31223,2024-09-30,1033876,2024-12-31,0.01836951353151809
31232,2024-03-31,59196,2024-06-30,-0.001987324331728323
31232,2024-06-30,59722,2024-09-30,-0.001508671039550153
31232,2024-09-30,58937,2024-12-31,-0.0034254761332188103
31236,2024-03-31,460284,2024-06-30,0.015722979337466473
31236,2024-06-30,471232,2024-09-30,0.023307041517317165
31236,2024-09-30,477203,2024-12-31,0.023011311224927694
31249,2024-03-31,152294,2024-06-30,-0.013690918705620957
31249,2024-06-30,148906,2024-09-30,-0.005852362923326533
31249,2024-09-30,148791,2024-12-31,0.011516050618770157
31266,2024-03-31,21569,2024-06-30,0.060113972904895216
31266,2024-06-30,21801,2024-09-30,0.046308966370987616
31266,2024-09-30,21967,2024-12-31,0.022402744305654847
31267,2024-03-31,44912,2024-06-30,0.026899261975511277
31267,2024-06-30,47615,2024-09-30,0.04188775367228104
31267,2024-09-30,49829,2024-12-31,0.05068539951473544
31272,2024-03-31,267104,2024-06-30,0.014197431813181819
31272,2024-06-30,283453,2024-09-30,0.042700714180636194
31272,2024-09-30,268942,2024-12-31,0.016745595625709243
31313,2024-03-31,3397025,2024-06-30,0.04804553282227947
31313,2024-06-30,3530461,2024-09-30,0.035861151789825296
31313,2024-09-30,3237626,2024-12-31,0.053212872301875346
31329,2024-03-31,67986,2024-06-30,0.021523910634203617
31329,2024-06-30,68925,2024-09-30,0.030000848896629382
31329,2024-09-30,68666,2024-12-31,0.020245764085894503
31345,2024-03-31,15498,2024-06-30,0.007632473188030222
31345,2024-06-30,15482,2024-09-30,0.0031338488815679175
31345,2024-09-30,15753,2024-12-31,-0.009069786999870646
31361,2024-03-31,674220,2024-06-30,0.018864516334660932
31361,2024-06-30,706597,2024-09-30,0.009239835414746624
31361,2024-09-30,714630,2024-12-31,0.0007361462318020796
31390,2024-03-31,752466,2024-06-30,-0.002502494266999341
31390,2024-06-30,753065,2024-09-30,-0.0047140528812526115
31390,2024-09-30,713217,2024-12-31,-0.008649427019422857
31406,2024-03-31,174807,2024-06-30,0.005906361603974242
31406,2024-06-30,179484,2024-09-30,0.01364966804997426
31406,2024-09-30,179593,2024-12-31,0.01579256884163835
31409,2024-03-31,26345,2024-06-30,0.00499200278933542
31409,2024-06-30,26854,2024-09-30,0.0032033871901406535
31409,2024-09-30,27399,2024-12-31,0.0008824612729189694
31410,2024-03-31,131620,2024-06-30,0.014008142726097465
31410,2024-06-30,133316,2024-09-30,0.012159702498664484
31410,2024-09-30,135449,2024-12-31,-0.0015118649174161282
31461,2024-03-31,665397,2024-06-30,0.01845891235956226
31461,2024-06-30,665268,2024-09-30,0.013956632791130245
31461,2024-09-30,669067,2024-12-31,0.015434447720210381
31469,2024-03-31,9561804,2024-06-30,0.01857347381538275
31469,2024-06-30,9615826,2024-09-30,0.008696483014929044
31469,2024-09-30,9619976,2024-12-31,0.014051061015538427
31479,2024-03-31,135023,2024-06-30,0.0010224448766268477
31479,2024-06-30,139661,2024-09-30,0.01760162231823032
31479,2024-09-30,136221,2024-12-31,0.009264721225233299
31485,2024-03-31,444338,2024-06-30,0.011215966109424455
31485,2024-06-30,450176,2024-09-30,0.013144470798286538
31485,2024-09-30,440362,2024-12-31,0.019662325099367793
31488,2024-03-31,152682,2024-06-30,0.01039028168105564
31488,2024-06-30,153507,2024-09-30,0.011161818632326183
31488,2024-09-30,150003,2024-12-31,0.00042611150926214093
31516,2024-03-31,521313,2024-06-30,0.013459799558877363
31516,2024-06-30,493944,2024-09-30,0.008362823148647187
31516,2024-09-30,528812,2024-12-31,0.001011741670401722
31539,2024-03-31,151860,2024-06-30,0.01646799132798242
31539,2024-06-30,206728,2024-09-30,0.024843925341802756
31539,2024-09-30,204323,2024-12-31,0.029864480114916322
31545,2024-03-31,117808,2024-06-30,0.016006137206577894
31545,2024-06-30,126341,2024-09-30,-0.004367338814287141
31545,2024-09-30,120713,2024-12-31,0.009157664939651701
31628,2024-03-31,55615906,2024-06-30,0.00910376568992744
31628,2024-06-30,56986522,2024-09-30,0.01981333392304929
31628,2024-09-30,58823367,2024-12-31,0.0270990469751873
31694,2024-03-31,302831,2024-06-30,-0.001473748552358865
31694,2024-06-30,307075,2024-09-30,0.011678037730863238
31694,2024-09-30,314327,2024-12-31,0.029056486622424032
31711,2024-03-31,92699,2024-06-30,0.0332468284333934
31711,2024-06-30,99496,2024-09-30,0.060068212066825714
31711,2024-09-30,120614,2024-12-31,0.13344688745908148
31723,2024-03-31,18989,2024-06-30,0.003624602359558705
31723,2024-06-30,18171,2024-09-30,0.013641721206242581
31723,2024-09-30,18329,2024-12-31,0.008733088284345427
31762,2024-03-31,135553,2024-06-30,0.02043990351120629
31762,2024-06-30,142583,2024-09-30,0.023972121037465082
31762,2024-09-30,141937,2024-12-31,0.030576716985751134
31774,2024-03-31,34296,2024-06-30,-0.011816875025283358
31774,2024-06-30,35284,2024-09-30,-0.01869731562582254
31774,2024-09-30,34795,2024-12-31,-0.006303228196553281
31823,2024-03-31,222543,2024-06-30,0.013880947583139113
31823,2024-06-30,227219,2024-09-30,0.011093256753297757
31823,2024-09-30,224783,2024-12-31,0.010649228274716257
31840,2024-03-31,757396,2024-06-30,0.022088146386199128
31840,2024-06-30,737482,2024-09-30,0.025860350871160242
31840,2024-09-30,793793,2024-12-31,0.03249988556906526
31864,2024-03-31,162885,2024-06-30,0.06205619602907415
31864,2024-06-30,183485,2024-09-30,0.07762915843836658
31864,2024-09-30,216675,2024-12-31,0.06492699188530222
31900,2024-03-31,112766,2024-06-30,0.0015803700332705534
31900,2024-06-30,116641,2024-09-30,0.007270101382097146
31900,2024-09-30,117471,2024-12-31,0.005657487756378471
31905,2024-03-31,182161,2024-06-30,-0.0027191241368848215
31905,2024-06-30,181884,2024-09-30,-0.00017200810523007137
31905,2024-09-30,182405,2024-12-31,0.0024332107403980765
31928,2024-03-31,351021,2024-06-30,0.015437863459952648
31928,2024-06-30,345946,2024-09-30,0.01662269730933417
31928,2024-09-30,350143,2024-12-31,0.018357957913778988
31936,2024-03-31,404581,2024-06-30,0.029252212106638118
31936,2024-06-30,417456,2024-09-30,0.058274581295765175
31936,2024-09-30,411366,2024-12-31,0.05458483924539471
31945,2024-03-31,5355182,2024-06-30,0.012948989493371506
31945,2024-06-30,5276981,2024-09-30,0.017008716915526023
31945,2024-09-30,5264205,2024-12-31,0.01262144582449095
31972,2024-03-31,40618,2024-06-30,0.007841668439000946
31972,2024-06-30,41244,2024-09-30,0.011204315602990154
31972,2024-09-30,43602,2024-12-31,0.0029934540272950967
31994,2024-03-31,154591,2024-06-30,0.010418054252684127
31994,2024-06-30,157914,2024-09-30,0.010678494434296628
31994,2024-09-30,158878,2024-12-31,0.005474894087975983
31999,2024-03-31,466591,2024-06-30,0.016000570039035454
31999,2024-06-30,457822,2024-09-30,-0.0039193171648961534
31999,2024-09-30,457829,2024-12-31,-0.011448443620817234
32018,2024-03-31,68248,2024-06-30,0.005620314424954005
32018,2024-06-30,72983,2024-09-30,0.0012271956734323346
32018,2024-09-30,72724,2024-12-31,-0.0023139897819954
32025,2024-03-31,236992,2024-06-30,0.020714057884505224
32025,2024-06-30,232797,2024-09-30,0.01405436264104561
32025,2024-09-30,238848,2024-12-31,0.014023393979857626
32082,2024-03-31,226971,2024-06-30,0.01566360888883499
32082,2024-06-30,217650,2024-09-30,0.02835745932232286
32082,2024-09-30,227276,2024-12-31,0.02659457471717837
32084,2024-03-31,815480,2024-06-30,0.013656555562152386
32084,2024-06-30,818016,2024-09-30,0.016012398846108455
32084,2024-09-30,839276,2024-12-31,0.020584381270143073
32135,2024-03-31,321421,2024-06-30,0.008534999632840157
32135,2024-06-30,319532,2024-09-30,0.007205389732369588
32135,2024-09-30,323266,2024-12-31,0.007259711330058488
32172,2024-03-31,15269562,2024-06-30,0.12062884928740135
32172,2024-06-30,14698309,2024-09-30,0.13997865334980258
32172,2024-09-30,14559529,2024-12-31,0.13585227821254034
32188,2024-03-31,100647000,2024-06-30,0.011579123493238579
32188,2024-06-30,98094000,2024-09-30,0.004721353218582947
32188,2024-09-30,95409000,2024-12-31,0.010125997760497005
32203,2024-03-31,939202,2024-06-30,0.005889828828093084
32203,2024-06-30,966587,2024-09-30,0.029203012389555923
32203,2024-09-30,1002771,2024-12-31,0.03239460750243472
32232,2024-03-31,2019283,2024-06-30,-0.025533643282872356
32232,2024-06-30,2028043,2024-09-30,-0.0013388078966202067
32232,2024-09-30,2075626,2024-12-31,0.029069715673071955
32242,2024-03-31,880780,2024-06-30,0.004527964990506253
32242,2024-06-30,840702,2024-09-30,0.030584019586944948
32242,2024-09-30,897166,2024-12-31,0.02005467801601661
32245,2024-03-31,9598637,2024-06-30,0.007917671049666621
32245,2024-06-30,9501226,2024-09-30,0.021108347164593592
32245,2024-09-30,9666412,2024-12-31,0.019034667687211786
32257,2024-03-31,270909,2024-06-30,0.02478139098269025
32257,2024-06-30,265128,2024-09-30,0.031270688723296435
32257,2024-09-30,259957,2024-12-31,0.010102156798476728
32277,2024-03-31,89712,2024-06-30,-0.0006692561768012152
32277,2024-06-30,88303,2024-09-30,-0.011397301856721513
32277,2024-09-30,95671,2024-12-31,0.02759592788677684
32282,2024-03-31,920279,2024-06-30,-0.002052856656476513
32282,2024-06-30,917730,2024-09-30,0.004573375847636942
32282,2024-09-30,909276,2024-12-31,0.0051292865151795165
32286,2024-03-31,70543,2024-06-30,-0.012365607472017951
32286,2024-06-30,72756,2024-09-30,-0.018228663865927155
32286,2024-09-30,73588,2024-12-31,-0.02456919034779027
32292,2024-03-31,101363,2024-06-30,0.019498712143050424
32292,2024-06-30,101459,2024-09-30,0.01910246570551815
32292,2024-09-30,99364,2024-12-31,0.01782759197897855
32293,2024-03-31,107096,2024-06-30,-0.00533860023624083
32293,2024-06-30,105678,2024-09-30,-0.002660606622703437
32293,2024-09-30,106020,2024-12-31,-0.006438928784335428
32296,2024-03-31,3110950,2024-06-30,0.02214641126554684
32296,2024-06-30,3165120,2024-09-30,0.0252173465138456
32296,2024-09-30,3281508,2024-12-31,0.03814221432806105
32306,2024-03-31,16363,2024-06-30,-0.007534216630138418
32306,2024-06-30,15789,2024-09-30,-0.00766879524333588
32306,2024-09-30,16246,2024-12-31,0.0009936817195357454
32307,2024-03-31,61526,2024-06-30,-0.0016095838639563086
32307,2024-06-30,60329,2024-09-30,-0.0031077901811046014
32307,2024-09-30,61759,2024-12-31,0.00888109566618121
32348,2024-03-31,145449,2024-06-30,0.030955652215508677
32348,2024-06-30,152204,2024-09-30,0.026661776860622714
32348,2024-09-30,160474,2024-12-31,0.02253205649016178
32360,2024-03-31,259842,2024-06-30,0.0376211688361224
32360,2024-06-30,259584,2024-09-30,0.01421867891407477
32360,2024-09-30,269382,2024-12-31,0.03378664753615789
32363,2024-03-31,736288,2024-06-30,0.020845021578218523
32363,2024-06-30,694904,2024-09-30,7.395301563557752e-05
32363,2024-09-30,762385,2024-12-31,0.030871650929496397
32441,2024-03-31,402714,2024-06-30,0.029135422696986567
32441,2024-06-30,403258,2024-09-30,0.04692675134230587
32441,2024-09-30,409891,2024-12-31,0.05683559473673782
32459,2024-03-31,464664,2024-06-30,0.02704647587110718
32459,2024-06-30,477597,2024-09-30,0.03571464598744461
32459,2024-09-30,491432,2024-12-31,0.028585678468722252
32489,2024-03-31,6513439,2024-06-30,0.028022575615402282
32489,2024-06-30,6554267,2024-09-30,0.023479432977758497
32489,2024-09-30,6459691,2024-12-31,0.017648345825567006
32526,2024-03-31,8049276,2024-06-30,-0.0034151629574534366
32526,2024-06-30,8091244,2024-09-30,0.016138032607497785
32526,2024-09-30,8044131,2024-12-31,0.019583461927757614
32527,2024-03-31,687041,2024-06-30,0.1419683887568935
32527,2024-06-30,691263,2024-09-30,0.13509754960187662
32527,2024-09-30,682812,2024-12-31,0.0652758192432571
32532,2024-03-31,197798,2024-06-30,0.008147844510091254
32532,2024-06-30,194207,2024-09-30,0.006804354909872222
32532,2024-09-30,195253,2024-12-31,0.014972311693803992
32541,2024-03-31,75528613,2024-06-30,0.03399926934844967
32541,2024-06-30,79682020,2024-09-30,0.05505011632266566
32541,2024-09-30,83625177,2024-12-31,0.07539245570973208
32551,2024-03-31,7630455,2024-06-30,0.029880637917036677
32551,2024-06-30,8215812,2024-09-30,0.08505359583810584
32551,2024-09-30,9532342,2024-12-31,0.15207677031785477
32574,2024-03-31,2400467,2024-06-30,0.04187601438643488
32574,2024-06-30,2402420,2024-09-30,0.07470806576012687
32574,2024-09-30,3529856,2024-12-31,0.0031820276553249888
32612,2024-03-31,3056465,2024-06-30,-0.008149889398540375
32612,2024-06-30,2997947,2024-09-30,0.007845541540941477
32612,2024-09-30,3125069,2024-12-31,0.02908389227826733
32629,2024-03-31,1144684,2024-06-30,0.02114850544809429
32629,2024-06-30,1168483,2024-09-30,0.01662405987147664
32629,2024-09-30,1181666,2024-12-31,0.032947802342342854
32647,2024-03-31,2072671,2024-06-30,0.013611131604321682
32647,2024-06-30,2471071,2024-09-30,0.02188948420877975
32647,2024-09-30,2499704,2024-12-31,0.04187026198200421
32718,2024-03-31,951976,2024-06-30,0.016054196511496935
32718,2024-06-30,929689,2024-09-30,0.006176681319850852
32718,2024-09-30,908056,2024-12-31,-0.011727124393900364
32773,2024-03-31,17813391,2024-06-30,0.006930653380886993
32773,2024-06-30,17684482,2024-09-30,0.0062814715413075164
32773,2024-09-30,21362712,2024-12-31,0.07902625904642416
32779,2024-03-31,3292791,2024-06-30,-0.0008818336246002199
32779,2024-06-30,3237045,2024-09-30,0.005814221444871059
32779,2024-09-30,3323328,2024-12-31,0.020405515067689974
32838,2024-03-31,579516,2024-06-30,0.018777860420785768
32908,2024-03-31,59866,2024-06-30,0.006633342149513067
32908,2024-06-30,61805,2024-09-30,0.0056115355020318995
32908,2024-09-30,64034,2024-12-31,-0.010025259651190237
32912,2024-03-31,1612430,2024-06-30,0.025342138446836564
32912,2024-06-30,1613392,2024-09-30,0.024846091751026398
32912,2024-09-30,1594465,2024-12-31,-0.001772850203579303
32941,2024-03-31,2507486,2024-06-30,0.01935819491367919
32941,2024-06-30,2711662,2024-09-30,0.018617060412022664
32941,2024-09-30,2713606,2024-12-31,0.01328388061015597
32968,2024-03-31,51451,2024-06-30,-0.007386767113025415
32968,2024-06-30,50690,2024-09-30,0.00748057000732652
32968,2024-09-30,59290,2024-12-31,0.0069076611308198565
32974,2024-03-31,2754213,2024-06-30,0.03245265835914015
32974,2024-06-30,2879531,2024-09-30,0.023833877417333515
32974,2024-09-30,2848778,2024-12-31,0.025282790303317343
32992,2024-03-31,175919000,2024-06-30,0.014741222602871772
32992,2024-06-30,172199000,2024-09-30,0.022032142555004436
32992,2024-09-30,180157000,2024-12-31,0.010504277750564842
33005,2024-03-31,1825408,2024-06-30,0.05681248838874293
33005,2024-06-30,1961347,2024-09-30,0.03716675918810701
33005,2024-09-30,1966532,2024-12-31,0.037830325333226764
33009,2024-03-31,497226,2024-06-30,-0.014536599413518224
33009,2024-06-30,515938,2024-09-30,0.036150992150451165
33009,2024-09-30,520402,2024-12-31,0.038992386808663786
33010,2024-03-31,290929,2024-06-30,-0.0024157368632744362
33010,2024-06-30,295075,2024-09-30,0.009338007489183474
33010,2024-09-30,291745,2024-12-31,0.03013091105810176
33013,2024-03-31,44474,2024-06-30,0.009201698705573446
33013,2024-06-30,46001,2024-09-30,-0.013340501806803665
33013,2024-09-30,45289,2024-12-31,1.9090558002123313e-05
33026,2024-03-31,185485,2024-06-30,0.004764808629443643
33026,2024-06-30,186492,2024-09-30,0.007438595711155139
33026,2024-09-30,184418,2024-12-31,0.01958586319790144
33103,2024-03-31,191603,2024-06-30,0.05747491488504812
33103,2024-06-30,193524,2024-09-30,0.03871838650980947
33103,2024-09-30,221431,2024-12-31,0.05952842154829303
33111,2024-03-31,1190629,2024-06-30,0.030586774337287178
33111,2024-06-30,1314041,2024-09-30,-0.006752357180524738
33111,2024-09-30,1444743,2024-12-31,-0.03250469646672635
33119,2024-03-31,1639049,2024-06-30,0.01926609009049841
33119,2024-06-30,1607490,2024-09-30,0.046252898774868365
33119,2024-09-30,1611384,2024-12-31,0.06078382885644122
33124,2024-03-31,363106000,2024-06-30,0.057954232581544377
33124,2024-06-30,356889000,2024-09-30,0.05437743313524776
33124,2024-09-30,370460000,2024-12-31,0.0572818283522518
33131,2024-03-31,102060,2024-06-30,-0.01338834323230358
33131,2024-06-30,105049,2024-09-30,0.005667714563374771
33131,2024-09-30,108760,2024-12-31,0.02498539543422743
33136,2024-03-31,523623,2024-06-30,0.00831261702161667
33136,2024-06-30,523637,2024-09-30,0.01888660491032799
33136,2024-09-30,538990,2024-12-31,0.026421491178612744
33183,2024-03-31,41013,2024-06-30,0.0022184477135956237
33183,2024-06-30,38947,2024-09-30,0.020785486078257465
33183,2024-09-30,44543,2024-12-31,-0.07586182072978112
33188,2024-03-31,1531713,2024-06-30,0.01708569763702472
33188,2024-06-30,1403105,2024-09-30,0.0061802058667662935
33188,2024-09-30,1494627,2024-12-31,0.014473672411420179
33204,2024-03-31,585265,2024-06-30,0.06273097610504437
33204,2024-06-30,602900,2024-09-30,0.014000511596793719
33204,2024-09-30,590491,2024-12-31,-0.002897856708307985
33216,2024-03-31,2449910,2024-06-30,0.014802050887330902
33216,2024-06-30,2480330,2024-09-30,0.022624921731758285
33216,2024-09-30,2642617,2024-12-31,0.027834525766773376
33306,2024-03-31,43630143,2024-06-30,0.01739212358819313
33306,2024-06-30,43791815,2024-09-30,0.02856020094750134
33306,2024-09-30,46874584,2024-12-31,0.028429509609760022
33380,2024-03-31,409061,2024-06-30,0.01337412819488203
33380,2024-06-30,403273,2024-09-30,0.010197412916306547
33380,2024-09-30,419309,2024-12-31,0.02839168916878763
33418,2024-03-31,783873,2024-06-30,0.07149381579629846
33418,2024-06-30,797623,2024-09-30,0.06602075280227293
33418,2024-09-30,826469,2024-12-31,0.04896322066174317
33440,2024-03-31,3310669,2024-06-30,0.023047869297667962
33440,2024-06-30,3269418,2024-09-30,0.022374261867627504
33440,2024-09-30,3315951,2024-12-31,0.024964271432421265
33450,2024-03-31,540006,2024-06-30,0.025226287501268676
33450,2024-06-30,541294,2024-09-30,0.025488311868853693
33450,2024-09-30,558143,2024-12-31,0.01825864590885376
33457,2024-03-31,1612826,2024-06-30,-0.00225904482844334
33457,2024-06-30,1645361,2024-09-30,0.016920010648102154
33457,2024-09-30,1690813,2024-12-31,0.018006443693734886
33470,2024-03-31,279161,2024-06-30,0.008353750754688092
33470,2024-06-30,290934,2024-09-30,0.03700894190104431
33470,2024-09-30,292131,2024-12-31,0.023122356494718773
33492,2024-03-31,1192081,2024-06-30,-0.043284027237294104
33492,2024-06-30,1147807,2024-09-30,-0.05205292954544747
33492,2024-09-30,1097550,2024-12-31,-0.05100039230592637
33497,2024-03-31,22056000,2024-06-30,0.41411350503050903
33497,2024-06-30,20197000,2024-09-30,0.5064501546314695
33497,2024-09-30,21486000,2024-12-31,0.32346583461795025
33503,2024-03-31,1961431,2024-06-30,-0.0009784781014745066
33503,2024-06-30,2010976,2024-09-30,0.016803018335716954
33503,2024-09-30,2046700,2024-12-31,0.010148591792758425
33506,2024-03-31,418215,2024-06-30,0.02229423549080084
33506,2024-06-30,441268,2024-09-30,0.02312602195218633
33506,2024-09-30,424409,2024-12-31,0.04513679165441855
33539,2024-03-31,5807301,2024-06-30,-0.0073509809797952875
33539,2024-06-30,5882233,2024-09-30,0.0051326074167511275
33539,2024-09-30,5873808,2024-12-31,0.0022265337123980084
33552,2024-03-31,164642,2024-06-30,-0.0957173702775452
33552,2024-06-30,148807,2024-09-30,0.027788358856786776
33552,2024-09-30,165375,2024-12-31,-0.05604969288849084
33555,2024-03-31,37313860,2024-06-30,0.10144246283203937
33555,2024-06-30,37195442,2024-09-30,0.20433723758784392
33555,2024-09-30,37751549,2024-12-31,0.16736253567891454
33565,2024-03-31,250084,2024-06-30,0.02448483564443706
33565,2024-06-30,243494,2024-09-30,0.022437828321950078
33565,2024-09-30,259911,2024-12-31,0.01641079707988029
33568,2024-03-31,46315,2024-06-30,0.009609444358445574
33568,2024-06-30,47461,2024-09-30,0.01293211541520427
33568,2024-09-30,47477,2024-12-31,0.004953153635730139
33645,2024-03-31,448064,2024-06-30,0.024452800889054535
33645,2024-06-30,451608,2024-09-30,0.03588721138368776
33645,2024-09-30,453827,2024-12-31,0.04125288698188963
33708,2024-03-31,826437,2024-06-30,0.007272247815593246
33708,2024-06-30,882415,2024-09-30,-0.0005515277439541291
33708,2024-09-30,911755,2024-12-31,0.01244771793213212
33739,2024-03-31,285765,2024-06-30,0.012206812010445718
33739,2024-06-30,286659,2024-09-30,0.02090060421317205
33739,2024-09-30,293136,2024-12-31,0.0344107179481011
33753,2024-03-31,367487,2024-06-30,0.009150521154613605
33753,2024-06-30,376325,2024-09-30,0.010429779278045866
33753,2024-09-30,387327,2024-12-31,0.012278788308793866
33758,2024-03-31,1569846,2024-06-30,0.005045215737498311
33758,2024-06-30,1513710,2024-09-30,0.005661497774148625
33758,2024-09-30,1512952,2024-12-31,0.01360816829155617
33761,2024-03-31,373441,2024-06-30,0.022237848024744666
33761,2024-06-30,372279,2024-09-30,0.04950166832704478
33761,2024-09-30,382039,2024-12-31,0.02759282315145487
33785,2024-03-31,842368,2024-06-30,0.27938076313561516
33785,2024-06-30,840972,2024-09-30,0.3315604383671572
33785,2024-09-30,844923,2024-12-31,0.34857429771856385
33794,2024-03-31,174697,2024-06-30,0.02177537952454825
33794,2024-06-30,176974,2024-09-30,0.007539666210489098
33794,2024-09-30,173498,2024-12-31,0.012296906641517549
33802,2024-03-31,65608,2024-06-30,0.006966583403006473
33802,2024-06-30,63379,2024-09-30,0.031131338088977663
33802,2024-09-30,65854,2024-12-31,0.033162581554297126
33803,2024-03-31,2634098,2024-06-30,0.014025434811020742
33803,2024-06-30,2913427,2024-09-30,0.028181161913323406
33803,2024-09-30,3061860,2024-12-31,0.02937185909591228
33805,2024-03-31,155240,2024-06-30,-0.015270954578746967
33805,2024-06-30,151730,2024-09-30,-0.012441489914312197
33805,2024-09-30,155639,2024-12-31,-0.003012770931190064
33812,2024-03-31,325301,2024-06-30,-0.0017326272279948977
33812,2024-06-30,326369,2024-09-30,-0.0034647117828082163
33812,2024-09-30,322706,2024-12-31,-0.004529292831783887
33818,2024-03-31,88561,2024-06-30,0.023384596773706554
33818,2024-06-30,86376,2024-09-30,0.00976478513429967
33818,2024-09-30,96076,2024-12-31,-0.004492330941729548
33823,2024-03-31,773873,2024-06-30,0.09809771136568612
33823,2024-06-30,802988,2024-09-30,0.10722326076787182
33823,2024-09-30,841378,2024-12-31,0.08266443419049081
33831,2024-03-31,15000,2024-06-30,0.10105918767079376
33831,2024-06-30,15000,2024-09-30,0.08396093570060004
33831,2024-09-30,15000,2024-12-31,0.18543059509779816
33832,2024-03-31,147868,2024-06-30,0.01341910432786615
33832,2024-06-30,153224,2024-09-30,0.011309274937740612
33849,2024-03-31,4258633,2024-06-30,0.030734249361132858
33849,2024-06-30,4282985,2024-09-30,0.0390909155909987
33849,2024-09-30,4366544,2024-12-31,0.023358711098343657
33851,2024-03-31,91830,2024-06-30,0.027548536139608653
33851,2024-06-30,90317,2024-09-30,0.018925473264553294
33851,2024-09-30,91100,2024-12-31,0.02545059035102349
33855,2024-03-31,500,2024-06-30,9.40216606584327e-08
33855,2024-06-30,500,2024-09-30,9.40216606584327e-08
33855,2024-09-30,500,2024-12-31,9.40216606584327e-08
33859,2024-03-31,536183,2024-06-30,-0.002912661091785025
33859,2024-06-30,506666,2024-09-30,0.042863905754526914
33859,2024-09-30,503069,2024-12-31,0.028749879985962835
33860,2024-03-31,2691881,2024-06-30,0.023899913651034225
33860,2024-06-30,2583417,2024-09-30,0.01399409823673645
33860,2024-09-30,2750321,2024-12-31,0.02705512730418153
33867,2024-03-31,2161516,2024-06-30,-0.010608728072660691
33867,2024-06-30,2100520,2024-09-30,0.0036974360236066805
33867,2024-09-30,2205468,2024-12-31,0.012043207715752546
33880,2024-03-31,147071,2024-06-30,0.007121939680291396
33880,2024-06-30,153125,2024-09-30,0.02045849780000441
33880,2024-09-30,146883,2024-12-31,0.010474970413348654
33893,2024-03-31,37315094,2024-06-30,0.027404904190993104
33893,2024-06-30,36947881,2024-09-30,0.036300684043704845
33893,2024-09-30,37592202,2024-12-31,0.03391755432431853
33905,2024-03-31,4464683,2024-06-30,0.02300251826022176
33905,2024-06-30,4463159,2024-09-30,0.03735594870474304
33905,2024-09-30,4747657,2024-12-31,0.022314787685419547
33922,2024-03-31,293239,2024-06-30,0.008898951400674893
33922,2024-06-30,283554,2024-09-30,0.021010437913939056
33922,2024-09-30,292376,2024-12-31,0.02129349753219984
33926,2024-03-31,215446,2024-06-30,-0.003820230355505584
33926,2024-06-30,218966,2024-09-30,3.936471239054623e-06
33926,2024-09-30,220511,2024-12-31,-0.0035380847502338455
33928,2024-03-31,862719,2024-06-30,0.02273701539753026
33928,2024-06-30,803884,2024-09-30,0.011604998343598013
33928,2024-09-30,828148,2024-12-31,0.014860051051618965
33935,2024-03-31,8208493,2024-06-30,0.017709405694134144
33935,2024-06-30,8297727,2024-09-30,0.05098826528220613
33935,2024-09-30,8332504,2024-12-31,0.047777246065916684
33947,2024-03-31,28653167,2024-06-30,-0.051397062398132444
33947,2024-06-30,27294648,2024-09-30,-0.05141801625424814
33947,2024-09-30,27619676,2024-12-31,-0.027379700083486565
33959,2024-03-31,159180,2024-06-30,0.017050380757739923
33959,2024-06-30,165919,2024-09-30,0.019173609359808837
33959,2024-09-30,185568,2024-12-31,-0.013145736957908303
34010,2024-03-31,681944,2024-06-30,0.05804756593444457
34010,2024-06-30,646058,2024-09-30,0.032901572267893635
34010,2024-09-30,644103,2024-12-31,0.02328703242815803
34011,2024-03-31,2169740,2024-06-30,0.01973250061450692
34011,2024-06-30,2383666,2024-09-30,0.03491907760008752
34011,2024-09-30,2381347,2024-12-31,0.0432157356395767
34014,2024-03-31,130702,2024-06-30,0.006507709090450375
34014,2024-06-30,125503,2024-09-30,0.00441156957428471
34014,2024-09-30,125490,2024-12-31,0.0038797226405776833
34020,2024-03-31,133095,2024-06-30,0.01958724732586564
34020,2024-06-30,137720,2024-09-30,0.01731174886404704
34020,2024-09-30,139518,2024-12-31,0.02195487821179839
34023,2024-03-31,267102,2024-06-30,0.0074781633552184
34023,2024-06-30,267003,2024-09-30,0.00986929257268747
34023,2024-09-30,263526,2024-12-31,0.021684239560124566
34038,2024-03-31,378241,2024-06-30,0.009426072838589393
34038,2024-06-30,379610,2024-09-30,0.024603430860027992
34038,2024-09-30,392522,2024-12-31,0.011565156439113156
34040,2024-03-31,208152,2024-06-30,0.031149553705458414
34040,2024-06-30,195089,2024-09-30,0.02474906602028797
34040,2024-09-30,195047,2024-12-31,0.02723119233166761
34047,2024-03-31,1582046,2024-06-30,0.014047647366598167
34047,2024-06-30,1610119,2024-09-30,0.01923513361092637
34047,2024-09-30,1649219,2024-12-31,0.010714973102518711
34052,2024-03-31,236111,2024-06-30,0.04361225622936172
34052,2024-06-30,235902,2024-09-30,0.02105077595035467
34052,2024-09-30,233111,2024-12-31,0.029222751561967956
34058,2024-03-31,318439,2024-06-30,-0.0029375280076990736
34058,2024-06-30,313939,2024-09-30,-0.0016105780761600016
34058,2024-09-30,319178,2024-12-31,0.007496794405111326
34068,2024-03-31,1509401,2024-06-30,0.0304797633517382
34068,2024-06-30,1522657,2024-09-30,0.043395930887650744
34068,2024-09-30,1573182,2024-12-31,0.03612740333525668
34069,2024-03-31,5939,2024-06-30,0.5625309384399284
34069,2024-06-30,5851,2024-09-30,0.40867896326877323
34069,2024-09-30,5846,2024-12-31,0.28652651461394163
34073,2024-03-31,2206694,2024-06-30,0.02207453596715514
34073,2024-06-30,2274121,2024-09-30,0.0367044192636435
34073,2024-09-30,2232469,2024-12-31,0.030161717620504125
34074,2024-03-31,508892,2024-06-30,0.001252672624192236
34074,2024-06-30,491800,2024-09-30,0.021104042598414263
34074,2024-09-30,519414,2024-12-31,0.026261821306673903
34108,2024-03-31,444640,2024-06-30,-0.0034103363241197813
34108,2024-06-30,441990,2024-09-30,0.0012491137905749738
34108,2024-09-30,457830,2024-12-31,0.002461502191299821
34120,2024-03-31,2543009,2024-06-30,0.00432265307976668
34120,2024-06-30,2458732,2024-09-30,0.014520379473916076
34120,2024-09-30,2635456,2024-12-31,0.03232321766015565
34146,2024-03-31,384954,2024-06-30,0.03830230948302783
34146,2024-06-30,407885,2024-09-30,0.03865279932496735
34146,2024-09-30,415804,2024-12-31,0.031158056311652634
34147,2024-03-31,2527150,2024-06-30,0.00816858268106299
34147,2024-06-30,2509222,2024-09-30,0.013681518980948083
34147,2024-09-30,2486314,2024-12-31,0.015833756495123787
34148,2024-03-31,326830,2024-06-30,0.0020865218995607506
34148,2024-06-30,331840,2024-09-30,0.030203553829130175
34148,2024-09-30,354230,2024-12-31,0.03408161265766469
34150,2024-03-31,500132,2024-06-30,0.018236331600475355
34150,2024-06-30,515366,2024-09-30,0.0325418072784273
34150,2024-09-30,512396,2024-12-31,0.033554892002390875
34160,2024-03-31,238835,2024-06-30,0.016924884144208282
34160,2024-06-30,229683,2024-09-30,0.01071464820233694
34160,2024-09-30,231501,2024-12-31,0.010079571613543652
34162,2024-03-31,249609,2024-06-30,0.007072982227134181
34162,2024-06-30,248144,2024-09-30,0.010455882419482278
34162,2024-09-30,255953,2024-12-31,0.009470823484811292
34171,2024-03-31,175564,2024-06-30,0.010437708981145738
34171,2024-06-30,188874,2024-09-30,0.03697723168229978
34171,2024-09-30,207581,2024-12-31,0.05422065469950565
34193,2024-03-31,170849,2024-06-30,-0.014157271985951387
34193,2024-06-30,172606,2024-09-30,-0.0035541895182935736
34193,2024-09-30,230293,2024-12-31,-0.06422865177599305
34207,2024-03-31,1504781,2024-06-30,0.022119690497975852
34207,2024-06-30,1511558,2024-09-30,0.009622379536697792
34207,2024-09-30,1509845,2024-12-31,0.01819422813502609
34210,2024-03-31,672554,2024-06-30,0.040897943520461
34210,2024-06-30,705588,2024-09-30,0.052116391010972575
34211,2024-03-31,902532,2024-06-30,0.022036335117703247
34211,2024-06-30,925010,2024-09-30,0.028249894396680738
34211,2024-09-30,911962,2024-12-31,0.02232675265785885
34217,2024-03-31,6720652,2024-06-30,0.053182680974799855
34217,2024-06-30,6634510,2024-09-30,0.07444146219510357
34217,2024-09-30,6566574,2024-12-31,0.08440259854048802
34221,2024-03-31,184259000,2024-06-30,0.012764434787133705
34221,2024-06-30,188563000,2024-09-30,0.04754572084980173
34221,2024-09-30,190353000,2024-12-31,0.03282173848515173
34229,2024-03-31,493684,2024-06-30,0.030378279584128236
34229,2024-06-30,498914,2024-09-30,0.03867258559716783
34229,2024-09-30,495735,2024-12-31,0.028044918987400046
34233,2024-03-31,595179,2024-06-30,0.04103511449009184
34233,2024-06-30,568167,2024-09-30,0.026938250814604495
34233,2024-09-30,566724,2024-12-31,0.040956204942134304
34240,2024-03-31,264866,2024-06-30,0.018463843135709392
34240,2024-06-30,262902,2024-09-30,0.02918773584397795
34240,2024-09-30,264785,2024-12-31,0.031085253857941385
34252,2024-03-31,476054,2024-06-30,-0.036447217371999
34252,2024-06-30,517976,2024-09-30,-0.05673554835127983
34252,2024-09-30,385573,2024-12-31,0.10940805570237194
34254,2024-03-31,1495612,2024-06-30,0.013908037129954873
34254,2024-06-30,1529925,2024-09-30,0.017270725522606434
34254,2024-09-30,1559050,2024-12-31,0.03423587037718953
34259,2024-03-31,397220,2024-06-30,0.015227380094786695
34259,2024-06-30,407276,2024-09-30,-0.0008936956570538066
34259,2024-09-30,418113,2024-12-31,-0.009825569801929779
34294,2024-03-31,4395016,2024-06-30,0.0052605821855256476
34294,2024-06-30,4490133,2024-09-30,0.0377535189049739
34294,2024-09-30,4570474,2024-12-31,0.05285391173507838
34313,2024-03-31,443957,2024-06-30,0.4197636282725124
34313,2024-06-30,506818,2024-09-30,0.6947178968436806
34313,2024-09-30,551886,2024-12-31,0.5126129666632443
34319,2024-03-31,993594,2024-06-30,0.013497013962772522
34319,2024-06-30,1066378,2024-09-30,0.022888187513032853
34319,2024-09-30,1077741,2024-12-31,0.023216792204879155
34331,2024-03-31,500,2024-06-30,9.40216606584327e-08
34331,2024-06-30,500,2024-09-30,9.40216606584327e-08
34331,2024-09-30,500,2024-12-31,9.40216606584327e-08
34334,2024-03-31,74537,2024-06-30,0.00995548016035249
34334,2024-06-30,74875,2024-09-30,0.007724179753121975
34334,2024-09-30,80667,2024-12-31,0.009451796213773034
34352,2024-03-31,773959,2024-06-30,0.021597488085049996
34352,2024-06-30,765575,2024-09-30,0.07444509892729653
34352,2024-09-30,749054,2024-12-31,0.10114319895835677
34363,2024-03-31,984020,2024-06-30,0.006573992913415859
34363,2024-06-30,927579,2024-09-30,0.0151359961999392
34363,2024-09-30,926665,2024-12-31,-0.002664764482527733
34383,2024-03-31,24171898,2024-06-30,0.06533806134353468
34383,2024-06-30,23972045,2024-09-30,0.07584366275743015
34383,2024-09-30,26011198,2024-12-31,0.09012889097451943
34384,2024-03-31,512733,2024-06-30,0.02818374570156995
34384,2024-06-30,518702,2024-09-30,0.0318757370514787
34384,2024-09-30,555580,2024-12-31,0.028181830356320138
34386,2024-03-31,59212,2024-06-30,0.02792753781708995
34386,2024-06-30,61331,2024-09-30,0.017216818671062485
34386,2024-09-30,61399,2024-12-31,-0.002094415426237356
34393,2024-03-31,85609,2024-06-30,0.018204531436467344
34393,2024-06-30,89812,2024-09-30,0.020062516180233168
34393,2024-09-30,89499,2024-12-31,0.024250006322466745
34394,2024-03-31,177428,2024-06-30,-0.0033030774033311404
34394,2024-06-30,187709,2024-09-30,0.009130473632036045
34394,2024-09-30,188735,2024-12-31,0.029888113249444064
34395,2024-03-31,3309813,2024-06-30,0.03265720813893861
34395,2024-06-30,3182400,2024-09-30,0.04498426804541171
34395,2024-09-30,3378645,2024-12-31,0.014455720325399872
34401,2024-03-31,1116020,2024-06-30,0.06805382211527568
34401,2024-06-30,1011825,2024-09-30,0.07501621734182276
34401,2024-09-30,1175023,2024-12-31,0.04501068078398334
34403,2024-03-31,3468370,2024-06-30,0.09617897238739072
34403,2024-06-30,3548828,2024-09-30,0.09896153918412369
34403,2024-09-30,3633226,2024-12-31,0.09801947334969545
34404,2024-03-31,1863857,2024-06-30,-0.008026680021499309
34404,2024-06-30,1792465,2024-09-30,0.0375253608630878
34404,2024-09-30,1734292,2024-12-31,0.006656799979479816
34407,2024-03-31,186525,2024-06-30,-0.002210520810431139
34407,2024-06-30,174912,2024-09-30,0.002643640002532418
34407,2024-09-30,176799,2024-12-31,-0.002162831215375264
34409,2024-03-31,347613,2024-06-30,0.031797792528241546
34409,2024-06-30,351021,2024-09-30,0.04132412381022715
34409,2024-09-30,348324,2024-12-31,0.03171952435103571
34415,2024-03-31,967621,2024-06-30,0.0024805912568110593
34415,2024-06-30,933951,2024-09-30,0.0022367347547164657
34415,2024-09-30,923095,2024-12-31,0.008640717845267272
34416,2024-03-31,190713,2024-06-30,-0.011377412465953345
34416,2024-06-30,202663,2024-09-30,0.004061832887024621
34422,2024-03-31,706708,2024-06-30,0.0200067256362563
34422,2024-06-30,736406,2024-09-30,-7.833111549770815e-05
34422,2024-09-30,753812,2024-12-31,0.003794846839656878
34441,2024-03-31,54869,2024-06-30,0.004627118678358742
34441,2024-06-30,61346,2024-09-30,0.035580116331238705
34441,2024-09-30,66902,2024-12-31,0.07230094995574966
34444,2024-03-31,18098803,2024-06-30,0.02423851539030346
34444,2024-06-30,17836965,2024-09-30,0.05775628755344687
34444,2024-09-30,18209863,2024-12-31,0.05905289099201127
34455,2024-03-31,85074,2024-06-30,0.010157938261958559
34455,2024-06-30,83900,2024-09-30,0.006484454933191877
34455,2024-09-30,82430,2024-12-31,-0.002171733654851637
34456,2024-03-31,758022,2024-06-30,0.09864205553378343
34456,2024-06-30,770588,2024-09-30,0.11322400868863661
34456,2024-09-30,789985,2024-12-31,0.09256542384180241
34457,2024-03-31,184430,2024-06-30,-0.0008860418174932621
34457,2024-06-30,182042,2024-09-30,-0.0019710796946768947
34457,2024-09-30,180141,2024-12-31,0.0034177063526708265
34460,2024-03-31,149169,2024-06-30,-0.014605624342810253
34460,2024-06-30,153404,2024-09-30,-0.0018960246414147222
34460,2024-09-30,157870,2024-12-31,-0.008002458546301957
34478,2024-03-31,2000,2024-06-30,9.783096944809749e-08
34478,2024-06-30,2000,2024-09-30,9.783096944809749e-08
34478,2024-09-30,2000,2024-12-31,9.783096944809749e-08
34488,2024-03-31,125137,2024-06-30,0.07255396913848156
34488,2024-06-30,119436,2024-09-30,0.09143516987238288
34488,2024-09-30,113744,2024-12-31,0.08321252274245414
34489,2024-03-31,400934,2024-06-30,-0.008535843370372158
34489,2024-06-30,373662,2024-09-30,-0.020648118553735675
34489,2024-09-30,362207,2024-12-31,-0.018686450397879154
34496,2024-03-31,626031,2024-06-30,0.0021131121043705225
34496,2024-06-30,618200,2024-09-30,0.013682378934835137
34496,2024-09-30,615102,2024-12-31,0.016612841922145294
34507,2024-03-31,7897608,2024-06-30,0.007333869268207929
34507,2024-06-30,8203452,2024-09-30,0.025769802613039183
34507,2024-09-30,8183686,2024-12-31,0.04444684913280007
34517,2024-03-31,345324,2024-06-30,0.03139109889078524
34517,2024-06-30,347265,2024-09-30,0.02327560734788239
34517,2024-09-30,361398,2024-12-31,0.029533957375703652
34519,2024-03-31,4730548,2024-06-30,0.01960367380440236
34519,2024-06-30,4774323,2024-09-30,0.020883559256960026
34519,2024-09-30,4558062,2024-12-31,0.029261785891592514
34526,2024-03-31,145341,2024-06-30,0.00479123181815098
34526,2024-06-30,150738,2024-09-30,0.011936621743176615
34526,2024-09-30,156912,2024-12-31,0.024386713653933075
34533,2024-03-31,2222577,2024-06-30,0.013608962446950389
34533,2024-06-30,2256488,2024-09-30,0.034896810969965324
34533,2024-09-30,2322229,2024-12-31,0.04174626306930315
34535,2024-03-31,245345,2024-06-30,0.014071070141246337
34535,2024-06-30,276277,2024-09-30,-0.011468143276780805
34535,2024-09-30,264199,2024-12-31,0.021618503153360637
34548,2024-03-31,119014,2024-06-30,0.004470344818604338
34548,2024-06-30,121528,2024-09-30,-0.011411776997012492
34548,2024-09-30,135240,2024-12-31,-0.0032318093797142045
34562,2024-03-31,3002102,2024-06-30,0.10973207390213334
34562,2024-06-30,2955606,2024-09-30,0.15489353637774217
34562,2024-09-30,3062192,2024-12-31,0.17213639503785752
34566,2024-03-31,297938,2024-06-30,0.009695291349957008
34566,2024-06-30,304759,2024-09-30,0.023047565239727008
34566,2024-09-30,314349,2024-12-31,0.02533066079528863
34585,2024-03-31,252639,2024-06-30,0.01177749600939355
34585,2024-06-30,242317,2024-09-30,0.009025612351399478
34585,2024-09-30,249543,2024-12-31,-0.0012773472195831783
34589,2024-03-31,17309097,2024-06-30,0.06421993283324086
34589,2024-06-30,20020244,2024-09-30,0.014420890690397425
34589,2024-09-30,20328862,2024-12-31,0.014263416847539038
34598,2024-03-31,4023068,2024-06-30,-0.0149405967971829
34598,2024-06-30,4163519,2024-09-30,-0.00889831722253352
34598,2024-09-30,4472580,2024-12-31,0.001876309308472312
34599,2024-03-31,712283,2024-06-30,0.007576930982716809
34599,2024-06-30,741561,2024-09-30,-0.005590796373836872
34599,2024-09-30,754769,2024-12-31,0.0063268473153334165
34603,2024-03-31,3154925,2024-06-30,0.040085764644539265
34603,2024-06-30,2891688,2024-09-30,0.0353251034743425
34603,2024-09-30,3008651,2024-12-31,0.02425955346298946
34606,2024-03-31,315537,2024-06-30,0.014350791342382697
34606,2024-06-30,310953,2024-09-30,0.008999053698494285
34606,2024-09-30,325425,2024-12-31,0.026785448182314597
34607,2024-03-31,4280753,2024-06-30,0.008800385851523247
34607,2024-06-30,4282106,2024-09-30,0.008132579646399534
34607,2024-09-30,4807361,2024-12-31,0.03933419992187143
34610,2024-03-31,242869,2024-06-30,0.015869421155172977
34610,2024-06-30,229190,2024-09-30,0.03499898306702769
34610,2024-09-30,234494,2024-12-31,0.03179406199198874
34618,2024-03-31,2292617,2024-06-30,-0.008894205176581828
34618,2024-06-30,2325418,2024-09-30,0.023436225240210277
34618,2024-09-30,2542828,2024-12-31,0.004667169957753913
34619,2024-03-31,500,2024-06-30,9.40216606584327e-08
34619,2024-06-30,500,2024-09-30,9.40216606584327e-08
34619,2024-09-30,500,2024-12-31,9.40216606584327e-08
34627,2024-03-31,549335,2024-06-30,0.029704052924721367
34627,2024-06-30,588351,2024-09-30,0.03235069686296161
34627,2024-09-30,603451,2024-12-31,0.023919269099718504
34643,2024-03-31,405630,2024-06-30,0.04835172717786405
34643,2024-06-30,452255,2024-09-30,0.0487916590433972
34643,2024-09-30,436502,2024-12-31,0.04266177730533619
34644,2024-03-31,90719,2024-06-30,0.02119323073054209
34644,2024-06-30,92470,2024-09-30,0.045564574168940136
34644,2024-09-30,97901,2024-12-31,0.03554010067794742
34656,2024-03-31,2272072,2024-06-30,-0.0013913319679892135
34656,2024-06-30,2304369,2024-09-30,0.003997891525575376
34656,2024-09-30,2388847,2024-12-31,0.007397097290368434
34662,2024-03-31,220140,2024-06-30,0.03173960861453841
34662,2024-06-30,217449,2024-09-30,0.03578544922186049
34662,2024-09-30,238288,2024-12-31,0.008759309369528985
34666,2024-03-31,150432,2024-06-30,0.004006884553438629
34666,2024-06-30,148218,2024-09-30,0.004456268658811049
34666,2024-09-30,144419,2024-12-31,0.009115521566753295
34681,2024-03-31,1341854,2024-06-30,0.02225100625658964
34681,2024-06-30,1495857,2024-09-30,0.013581500757838037
34681,2024-09-30,1460301,2024-12-31,0.014818847852165445
34685,2024-03-31,645978,2024-06-30,0.019342334033506173
34685,2024-06-30,659232,2024-09-30,0.034167345901358226
34685,2024-09-30,672924,2024-12-31,0.021483145606529197
34686,2024-03-31,182585,2024-06-30,0.010076471130063066
34686,2024-06-30,180069,2024-09-30,0.009365561223787958
34686,2024-09-30,175562,2024-12-31,0.0024443428720461223
34697,2024-03-31,5646886,2024-06-30,-0.002902732048567308
34697,2024-06-30,5669573,2024-09-30,-0.006554479969474339
34697,2024-09-30,5470800,2024-12-31,0.011535950216167047
34699,2024-03-31,6278630,2024-06-30,0.04680225201671879
34699,2024-06-30,6209943,2024-09-30,0.03680573612078199
34699,2024-09-30,6315617,2024-12-31,0.03269822050912598
34710,2024-03-31,500,2024-06-30,0.2200376514958686
34710,2024-06-30,500,2024-09-30,0.22433918204405778
34710,2024-09-30,500,2024-12-31,0.20466287870587668
34711,2024-03-31,88004,2024-06-30,0.012980067926762534
34711,2024-06-30,88812,2024-09-30,0.029841758427432107
34711,2024-09-30,88036,2024-12-31,0.025042734845747146
34717,2024-03-31,3345074,2024-06-30,0.008146299013260257
34717,2024-06-30,3386594,2024-09-30,0.0042052706798583915
34717,2024-09-30,3410071,2024-12-31,0.00735716004595319
34719,2024-03-31,382380,2024-06-30,0.02249046167069017
34719,2024-06-30,391532,2024-09-30,0.037541672185202865
34719,2024-09-30,405641,2024-12-31,0.04667000233607056
34728,2024-03-31,1175220,2024-06-30,0.019709599838023284
34728,2024-06-30,1267328,2024-09-30,0.01403290354040253
34728,2024-09-30,1307770,2024-12-31,0.017891482591035065
34742,2024-03-31,8537769,2024-06-30,0.021549488674332706
34742,2024-06-30,8304467,2024-09-30,0.03389880207647336
34742,2024-09-30,8568196,2024-12-31,0.0579686219535336
34748,2024-03-31,106097,2024-06-30,-0.0029547042258645587
34748,2024-06-30,106922,2024-09-30,0.006247974186942189
34748,2024-09-30,108808,2024-12-31,0.008691639280554428
34752,2024-03-31,100700,2024-06-30,0.007430084075391701
34752,2024-06-30,109732,2024-09-30,0.020362870697436614
34752,2024-09-30,97956,2024-12-31,0.02238511845166074
34755,2024-03-31,1432252,2024-06-30,0.04235570003092211
34755,2024-06-30,1374804,2024-09-30,0.06847809648670383
34755,2024-09-30,1380967,2024-12-31,0.08639556836298186
34759,2024-03-31,346211,2024-06-30,0.013575282556332469
34759,2024-06-30,344639,2024-09-30,0.01994687990866404
34759,2024-09-30,388815,2024-12-31,0.0304210685192938
34760,2024-03-31,448474,2024-06-30,0.02328297296958759
34760,2024-06-30,454017,2024-09-30,0.030420306383152938
34760,2024-09-30,459771,2024-12-31,0.02039329149067184
34775,2024-03-31,28818708,2024-06-30,0.043886658613767164
34775,2024-06-30,29316720,2024-09-30,0.04184831039631589
34775,2024-09-30,31045352,2024-12-31,0.06246169769201804
34778,2024-03-31,310786,2024-06-30,0.035459845728783274
34778,2024-06-30,299624,2024-09-30,0.0484910701690325
34778,2024-09-30,300578,2024-12-31,0.04172320516594402
34781,2024-03-31,1264038,2024-06-30,0.02367617761892888
34781,2024-06-30,1323288,2024-09-30,0.010714846946170187
34781,2024-09-30,1358927,2024-12-31,0.005329691713028859
34784,2024-03-31,264590,2024-06-30,0.01681518704395392
34784,2024-06-30,279288,2024-09-30,0.006113767529343693
34784,2024-09-30,295819,2024-12-31,0.00886592970944379
34786,2024-03-31,324398,2024-06-30,0.002033785187740143
34786,2024-06-30,326087,2024-09-30,-0.004126504052349016
34786,2024-09-30,342089,2024-12-31,-0.010758042269060332
34788,2024-03-31,3309015,2024-06-30,0.02431700299938292
34788,2024-06-30,3457207,2024-09-30,0.046662115684610816
34788,2024-09-30,3715339,2024-12-31,0.036957423494446986
34799,2024-03-31,2000,2024-06-30,9.783096944809749e-08
34799,2024-06-30,2000,2024-09-30,9.783096944809749e-08
34799,2024-09-30,2000,2024-12-31,9.783096944809749e-08
34803,2024-03-31,753161,2024-06-30,0.00026668930334159183
34803,2024-06-30,774558,2024-09-30,0.01473331039483321
34803,2024-09-30,785110,2024-12-31,0.01324547269667258
34805,2024-03-31,1418493,2024-06-30,0.03367890520266087
34805,2024-06-30,1486227,2024-09-30,0.054742620296689824
34805,2024-09-30,1609768,2024-12-31,0.03456487055934287
34811,2024-03-31,715554,2024-06-30,0.0021563978946396614
34811,2024-06-30,746944,2024-09-30,0.0007012384075031598
34811,2024-09-30,751363,2024-12-31,0.0018230205871680397
34836,2024-03-31,1114189,2024-06-30,0.03702695878539866
34836,2024-06-30,1074373,2024-09-30,0.029111030284219568
34836,2024-09-30,1111856,2024-12-31,0.061281157439749046
34847,2024-03-31,356972,2024-06-30,-0.006719636928095115
34847,2024-06-30,362830,2024-09-30,0.003217557992280595
34847,2024-09-30,372661,2024-12-31,0.006555988990026795
34849,2024-03-31,325132,2024-06-30,-0.006631196678719145
34849,2024-06-30,293446,2024-09-30,0.03867687604716877
34849,2024-09-30,297030,2024-12-31,0.025391801811785634
34857,2024-03-31,90226,2024-06-30,-0.005578269409945298
34857,2024-06-30,91824,2024-09-30,-0.005998179447168276
34857,2024-09-30,90420,2024-12-31,0.005932409612811127
34860,2024-03-31,115532,2024-06-30,-0.004201591023844369
34860,2024-06-30,128713,2024-09-30,0.00869160173804007
34860,2024-09-30,135729,2024-12-31,0.023639259765921017
34876,2024-03-31,476958,2024-06-30,-0.011387191642711266
34876,2024-06-30,470042,2024-09-30,-5.620402288744498e-05
34876,2024-09-30,470455,2024-12-31,0.006343988908573275
34885,2024-03-31,1902728,2024-06-30,0.03972259236351422
34885,2024-06-30,2052725,2024-09-30,0.048639549670247355
34885,2024-09-30,2162728,2024-12-31,0.03990164266645449
34888,2024-03-31,1566902,2024-06-30,0.018464913055171003
34888,2024-06-30,1500622,2024-09-30,0.021269194590331917
34888,2024-09-30,1562177,2024-12-31,0.03651675952802493
34890,2024-03-31,741980,2024-06-30,0.0041627238633339045
34890,2024-06-30,744424,2024-09-30,0.0061727045330713685
34890,2024-09-30,764349,2024-12-31,0.011445057250446795
34900,2024-03-31,61725,2024-06-30,0.02294511614989263
34900,2024-06-30,61694,2024-09-30,0.024541156891852777
34900,2024-09-30,62716,2024-12-31,0.020822305591118646
34908,2024-03-31,1675198,2024-06-30,0.09052828780928193
34908,2024-06-30,1658617,2024-09-30,0.10856442373065407
34908,2024-09-30,1744520,2024-12-31,0.11168420662030187
34918,2024-03-31,246657,2024-06-30,0.0032069476513730093
34918,2024-06-30,252969,2024-09-30,0.010433533608682516
34918,2024-09-30,261221,2024-12-31,0.002616055294842518
34930,2024-03-31,129010,2024-06-30,-0.008646874709340226
34930,2024-06-30,127912,2024-09-30,0.00630859081825226
34936,2024-03-31,755927,2024-06-30,0.010839367709505197
34936,2024-06-30,745479,2024-09-30,0.008861148291082201
34936,2024-09-30,749996,2024-12-31,0.01797747714300303
34938,2024-03-31,145206,2024-06-30,0.01330218622570522
34938,2024-06-30,142289,2024-09-30,0.01300844256122093
34938,2024-09-30,139843,2024-12-31,0.0186283359456344
34953,2024-03-31,2921830,2024-06-30,0.0324977699147312
34953,2024-06-30,3304687,2024-09-30,0.055804153629693765
34953,2024-09-30,3536838,2024-12-31,0.05135980962674701
34955,2024-03-31,486509,2024-06-30,0.01270195020344836
34955,2024-06-30,462862,2024-09-30,0.013877819351064836
34955,2024-09-30,458065,2024-12-31,0.013845830567381447
34966,2024-03-31,667066,2024-06-30,0.06021321387452873
34966,2024-06-30,730852,2024-09-30,0.06309872046986743
34966,2024-09-30,758072,2024-12-31,0.0564497965735695
34967,2024-03-31,11273059,2024-06-30,0.02849777365443191
34967,2024-06-30,11860837,2024-09-30,0.020586224971683175
34967,2024-09-30,11891061,2024-12-31,0.017320564097779805
34968,2024-03-31,53041000,2024-06-30,-0.0015613383479987277
34968,2024-06-30,54178000,2024-09-30,0.028534376954802723
34968,2024-09-30,52361000,2024-12-31,0.027881264700021356
34969,2024-03-31,851269,2024-06-30,-0.0005898115428315546
34969,2024-06-30,873668,2024-09-30,0.004864530245415331
34969,2024-09-30,857702,2024-12-31,-0.0009378740220417948
34973,2024-03-31,491608,2024-06-30,0.0012160687046949476
34973,2024-06-30,458590,2024-09-30,0.047425173366468065
34973,2024-09-30,525891,2024-12-31,-0.01882496723816989
34978,2024-03-31,1011479,2024-06-30,0.031105177922712803
34978,2024-06-30,1012774,2024-09-30,0.043690774604805
34978,2024-09-30,1016906,2024-12-31,0.04085654948393276
34980,2024-03-31,2752713,2024-06-30,0.008854551705375281
34980,2024-06-30,2723525,2024-09-30,0.020432028918524872
34980,2024-09-30,2752309,2024-12-31,0.029268516677218064
34995,2024-03-31,104281,2024-06-30,0.02073747150810433
34995,2024-06-30,103500,2024-09-30,0.014039556506917307
34995,2024-09-30,102441,2024-12-31,0.01180826644502013
34997,2024-03-31,1008228,2024-06-30,0.03291774584962191
34997,2024-06-30,1042958,2024-09-30,0.06809034486956309
34997,2024-09-30,1112684,2024-12-31,0.011705069443564071
34998,2024-03-31,946330,2024-06-30,0.041284089258702424
34998,2024-06-30,933064,2024-09-30,0.04929919117159997
34998,2024-09-30,994454,2024-12-31,0.030245737015372302
35014,2024-03-31,971258,2024-06-30,0.02474870111139074
35014,2024-06-30,891150,2024-09-30,0.05308323524683897
35014,2024-09-30,897899,2024-12-31,0.025445191386730806
35015,2024-03-31,442671,2024-06-30,0.031105627114817125
35015,2024-06-30,447174,2024-09-30,0.04856486740953425
35015,2024-09-30,440255,2024-12-31,0.05503282024160289
35019,2024-03-31,152491,2024-06-30,-0.012755039785728589
35019,2024-06-30,146449,2024-09-30,-0.04476582371327634
35019,2024-09-30,160379,2024-12-31,0.004870090059054662
35020,2024-03-31,611499,2024-06-30,0.019807721099207674
35020,2024-06-30,599541,2024-09-30,0.019128399863996032
35020,2024-09-30,593717,2024-12-31,0.02636830472700393
35029,2024-03-31,226379,2024-06-30,0.011928294437049588
35029,2024-06-30,220696,2024-09-30,0.022476276493095963
35029,2024-09-30,225367,2024-12-31,0.025395651433992625
35031,2024-03-31,207611,2024-06-30,-0.004720814536157947
35031,2024-06-30,197839,2024-09-30,0.008981445594639122
35031,2024-09-30,196455,2024-12-31,0.01959085748964751
35033,2024-03-31,201843,2024-06-30,0.037991413469254325
35033,2024-06-30,206978,2024-09-30,0.030433728058960004
35033,2024-09-30,227671,2024-12-31,0.03985059220024075
35052,2024-03-31,640018,2024-06-30,0.006448136466980765
35052,2024-06-30,627676,2024-09-30,0.011709265625942312
35052,2024-09-30,634159,2024-12-31,0.01158215626562202
35056,2024-03-31,161938,2024-06-30,0.0005939047867519891
35056,2024-06-30,167122,2024-09-30,0.013176546701200598
35056,2024-09-30,172294,2024-12-31,0.020440817129113904
35060,2024-03-31,106483,2024-06-30,-0.004485344158845582
35060,2024-06-30,105701,2024-09-30,-0.0031866269632008304
35060,2024-09-30,109387,2024-12-31,-0.0024608122141894498
35075,2024-03-31,5344,2024-06-30,0.03402477738909311
35075,2024-06-30,4912,2024-09-30,0.061172806711840846
35075,2024-09-30,5549,2024-12-31,-0.01741406000743365
35084,2024-03-31,192456,2024-06-30,-0.010892507089174452
35084,2024-06-30,191234,2024-09-30,-0.008826286644753864
35084,2024-09-30,195997,2024-12-31,-0.0018643207970959232
35094,2024-03-31,41528,2024-06-30,-0.018533703268909036
35094,2024-06-30,42830,2024-09-30,-0.005662866537141923
35094,2024-09-30,42817,2024-12-31,-0.003665393373450957
35095,2024-03-31,14253186,2024-06-30,0.024682529148204894
35095,2024-06-30,14402599,2024-09-30,0.03988949950731894
35095,2024-09-30,14469177,2024-12-31,0.028584334883501435
35101,2024-03-31,193987,2024-06-30,0.011581435802939109
35101,2024-06-30,193393,2024-09-30,0.009973302688922417
35101,2024-09-30,198413,2024-12-31,0.0074287397519993146
35103,2024-03-31,157129,2024-06-30,0.015406189484334394
35103,2024-06-30,155636,2024-09-30,0.013043165350216896
35103,2024-09-30,167020,2024-12-31,0.008434909569476371
35111,2024-03-31,621825,2024-06-30,0.0050750032844854255
35111,2024-06-30,630392,2024-09-30,0.033356619711058626
35111,2024-09-30,647618,2024-12-31,0.03638971921978842
35115,2024-03-31,346138,2024-06-30,0.02828481883929538
35115,2024-06-30,337805,2024-09-30,0.0398142003008523
35115,2024-09-30,354753,2024-12-31,0.02845699899586261
35117,2024-03-31,251528,2024-06-30,0.01463413592675414
35117,2024-06-30,253869,2024-09-30,0.02057229670936005
35117,2024-09-30,289082,2024-12-31,0.0484429392532842
35118,2024-03-31,95757,2024-06-30,0.010475481738988447
35118,2024-06-30,98076,2024-09-30,0.017302559522453683
35118,2024-09-30,99790,2024-12-31,0.015562697997378909
35131,2024-03-31,557962,2024-06-30,0.02150734295623334
35131,2024-06-30,580383,2024-09-30,0.014333289882260004
35131,2024-09-30,601683,2024-12-31,-0.014830570145738159
35138,2024-03-31,448212,2024-06-30,0.09123041205967941
35138,2024-06-30,469670,2024-09-30,0.13282457888161459
35138,2024-09-30,462335,2024-12-31,0.14736259144836475
35139,2024-03-31,786156,2024-06-30,0.08821222734325143
35139,2024-06-30,813781,2024-09-30,0.0662826336451564
35139,2024-09-30,845412,2024-12-31,0.07968108939494455
35141,2024-03-31,7604777,2024-06-30,0.017508132332514532
35141,2024-06-30,7733838,2024-09-30,0.00831093622492283
35141,2024-09-30,7613633,2024-12-31,0.014317335408520931
35151,2024-03-31,713054,2024-06-30,0.06812548199674502
35151,2024-06-30,748336,2024-09-30,0.05278601098675097
35151,2024-09-30,778380,2024-12-31,0.0428026867428231
35154,2024-03-31,302986,2024-06-30,0.062462952173737415
35154,2024-06-30,292619,2024-09-30,0.050312596085354294
35154,2024-09-30,300616,2024-12-31,0.0585311182926772
35157,2024-03-31,1066096,2024-06-30,0.011046701886137364
35157,2024-06-30,1057455,2024-09-30,-0.015213947039322084
35157,2024-09-30,1053872,2024-12-31,-0.018857772982482306
35161,2024-03-31,434688,2024-06-30,0.019693973650922285
35161,2024-06-30,443052,2024-09-30,0.024824480750999224
35161,2024-09-30,455828,2024-12-31,0.03887218907086351
35164,2024-03-31,500,2024-06-30,9.40216606584327e-08
35164,2024-06-30,500,2024-09-30,9.40216606584327e-08
35164,2024-09-30,500,2024-12-31,9.40216606584327e-08
35169,2024-03-31,328363,2024-06-30,0.007371990128516502
35169,2024-06-30,324035,2024-09-30,0.007633031763374419
35169,2024-09-30,321729,2024-12-31,0.020829846333656518
35206,2024-03-31,500,2024-06-30,9.40216606584327e-08
35206,2024-06-30,500,2024-09-30,9.40216606584327e-08
35206,2024-09-30,500,2024-12-31,9.40216606584327e-08
35207,2024-03-31,894898,2024-06-30,0.010392300117196471
35207,2024-06-30,887827,2024-09-30,0.02375538945616501
35207,2024-09-30,910498,2024-12-31,0.014691837625966127
35212,2024-03-31,224124,2024-06-30,-0.02029883693740212
35212,2024-06-30,232908,2024-09-30,0.00895154679048015
35212,2024-09-30,245452,2024-12-31,0.02404683424426088
35214,2024-03-31,884290,2024-06-30,0.019516910234380676
35214,2024-06-30,904314,2024-09-30,0.02740306608555464
35214,2024-09-30,957256,2024-12-31,0.014132862173919689
35220,2024-03-31,199024,2024-06-30,0.007380644952815305
35220,2024-06-30,207101,2024-09-30,0.024855415044726954
35220,2024-09-30,207250,2024-12-31,0.01877844280898285
35221,2024-03-31,478128,2024-06-30,0.010377096608321241
35221,2024-06-30,482843,2024-09-30,0.009529751124855183
35221,2024-09-30,485163,2024-12-31,0.008683634883319304
35223,2024-03-31,428750,2024-06-30,0.03456586313826078
35223,2024-06-30,429017,2024-09-30,0.05249393938348315
35223,2024-09-30,439756,2024-12-31,0.0434338374768913
35229,2024-03-31,125486,2024-06-30,-0.0021893945180545917
35229,2024-06-30,122828,2024-09-30,-0.013283496543458404
35229,2024-09-30,126485,2024-12-31,0.009132854859536634
35230,2024-03-31,1293429,2024-06-30,0.007546066513504688
35230,2024-06-30,1253299,2024-09-30,0.014702516390903584
35230,2024-09-30,1270293,2024-12-31,0.008442966675511112
35236,2024-03-31,300135,2024-06-30,0.013305123346101061
35237,2024-03-31,1281847,2024-06-30,0.1741360994259435
35237,2024-06-30,1549562,2024-09-30,0.01632128593574073
35237,2024-09-30,1634665,2024-12-31,-0.09352083507973226
35241,2024-03-31,461123,2024-06-30,0.0754185369127413
35241,2024-06-30,462777,2024-09-30,0.07738188437721331
35241,2024-09-30,520358,2024-12-31,0.07140596507828935
35261,2024-03-31,61542,2024-06-30,0.01156791858826677
35261,2024-06-30,63755,2024-09-30,0.029382077783338588
35261,2024-09-30,67337,2024-12-31,-0.005003887987551469
35274,2024-03-31,2471273,2024-06-30,0.09922136412460529
35274,2024-06-30,2373558,2024-09-30,0.13667306706444635
35274,2024-09-30,2387593,2024-12-31,0.18071929454281033
35276,2024-03-31,643582,2024-06-30,0.05479496772132583
35276,2024-06-30,629213,2024-09-30,0.055976030276162936
35276,2024-09-30,633151,2024-12-31,0.055132273245577464
35278,2024-03-31,2010294,2024-06-30,0.036609172496721784
35278,2024-06-30,2104343,2024-09-30,0.023959582478084315
35278,2024-09-30,2190316,2024-12-31,0.03562208456816121
35286,2024-03-31,294329,2024-06-30,-0.02481107891067154
35292,2024-03-31,315865,2024-06-30,-0.016991031083480292
35292,2024-06-30,335990,2024-09-30,0.010068369951582772
35292,2024-09-30,387580,2024-12-31,0.03620750082011872
35295,2024-03-31,3478524,2024-06-30,0.014677772228527544
35295,2024-06-30,3477688,2024-09-30,0.017149344393057306
35295,2024-09-30,3534974,2024-12-31,0.004954222555345364
35314,2024-03-31,15249,2024-06-30,0.0527538244784651
35314,2024-06-30,14950,2024-09-30,0.04657898749252633
35314,2024-09-30,15628,2024-12-31,0.04018844665818768
35320,2024-03-31,337582,2024-06-30,0.10007241013828734
35320,2024-06-30,324466,2024-09-30,0.10834057204690137
35320,2024-09-30,328725,2024-12-31,0.1012883658235706
35323,2024-03-31,459098,2024-06-30,0.03750053802171182
35323,2024-06-30,460431,2024-09-30,0.061878149912640894
35323,2024-09-30,518777,2024-12-31,0.054921839154560004
35331,2024-03-31,473729,2024-06-30,0.23610194934535791
35331,2024-06-30,464612,2024-09-30,0.3002790057994979
35331,2024-09-30,427639,2024-12-31,0.23217922812601594
35333,2024-03-31,403508,2024-06-30,0.013934725651575447
35333,2024-06-30,406540,2024-09-30,0.025865484493354393
35333,2024-09-30,419446,2024-12-31,0.01241460134131736
35361,2024-03-31,2964783,2024-06-30,0.03406002694192114
35361,2024-06-30,3158784,2024-09-30,0.05994257108170346
35361,2024-09-30,3408863,2024-12-31,0.04271509924349291
35365,2024-03-31,504528,2024-06-30,0.013569070656288443
35365,2024-06-30,515873,2024-09-30,0.012082087863593235
35365,2024-09-30,518111,2024-12-31,0.01228173512218011
35366,2024-03-31,341887,2024-06-30,0.01991445432002389
35366,2024-06-30,346571,2024-09-30,0.03444412072394182
35366,2024-09-30,373221,2024-12-31,0.005710151099921969
35377,2024-03-31,164941,2024-06-30,-0.0028857172879090216
35377,2024-06-30,158197,2024-09-30,-0.00034196356058169053
35377,2024-09-30,144974,2024-12-31,0.012663315552037301
35388,2024-03-31,500,2024-06-30,9.40216606584327e-08
35388,2024-06-30,500,2024-09-30,9.40216606584327e-08
35388,2024-09-30,500,2024-12-31,9.40216606584327e-08
35393,2024-03-31,110207,2024-06-30,0.0653478833068335
35393,2024-06-30,106203,2024-09-30,0.04169460549675208
35393,2024-09-30,111347,2024-12-31,0.056906145351621105
35394,2024-03-31,50500,2024-06-30,4.649368514104754e-07
35394,2024-06-30,50500,2024-09-30,4.649368514104754e-07
35394,2024-09-30,50500,2024-12-31,4.649368514104754e-07
35406,2024-03-31,481230,2024-06-30,0.02475764646218706
35406,2024-06-30,514502,2024-09-30,0.027746016180985208
35406,2024-09-30,525230,2024-12-31,0.02409634029335976
35407,2024-03-31,564067,2024-06-30,0.02561711115332047
35407,2024-06-30,552292,2024-09-30,0.026001493487183693
35407,2024-09-30,564766,2024-12-31,0.03826050417389918
35412,2024-03-31,876145,2024-06-30,0.035301356272359176
35412,2024-06-30,851585,2024-09-30,0.04346054243958779
35412,2024-09-30,900938,2024-12-31,0.03555182939863013
35417,2024-03-31,404672,2024-06-30,-0.0019033639132540608
35417,2024-06-30,415669,2024-09-30,0.012051553876878314
35417,2024-09-30,401457,2024-12-31,0.018896152655235764
35420,2024-03-31,318253,2024-06-30,0.019571436456737475
35420,2024-06-30,320323,2024-09-30,0.02387128825747165
35420,2024-09-30,331151,2024-12-31,0.015995025235967093
35427,2024-03-31,227297,2024-06-30,0.01443421947839426
35427,2024-06-30,217007,2024-09-30,0.004901009616903505
35427,2024-09-30,232956,2024-12-31,0.010665661353971878
35430,2024-03-31,800553,2024-06-30,0.09271829222110133
35430,2024-06-30,763422,2024-09-30,0.09468518630926781
35430,2024-09-30,807480,2024-12-31,0.10084645298805626
35439,2024-03-31,212343,2024-06-30,0.005869519383749693
35439,2024-06-30,204759,2024-09-30,0.008265641850294
35439,2024-09-30,201369,2024-12-31,0.014115921785920813
35441,2024-03-31,436400,2024-06-30,0.005078054749880662
35441,2024-06-30,446767,2024-09-30,0.01763146322739775
35441,2024-09-30,464896,2024-12-31,0.016336972778103285
35442,2024-03-31,76745,2024-06-30,0.0002888201800606601
35442,2024-06-30,79697,2024-09-30,-0.005739214507518337
35442,2024-09-30,76886,2024-12-31,0.009592062321048946
35444,2024-03-31,6897004,2024-06-30,-0.006567656236735105
35444,2024-06-30,7164537,2024-09-30,-0.00559793371713983
35444,2024-09-30,6934615,2024-12-31,0.0036602085453463565
35450,2024-03-31,167289,2024-06-30,-0.0005138149936183328
35450,2024-06-30,169543,2024-09-30,0.009690428240147472
35450,2024-09-30,172060,2024-12-31,0.01750421889295329
35455,2024-03-31,247533,2024-06-30,0.026135384263835885
35455,2024-06-30,245294,2024-09-30,0.022620221204679374
35455,2024-09-30,268239,2024-12-31,0.03592887023641011
35456,2024-03-31,672381,2024-06-30,-0.007570443584802515
35456,2024-06-30,655319,2024-09-30,-0.0019405894249359015
35456,2024-09-30,702229,2024-12-31,0.003472934188238455
35477,2024-03-31,246233,2024-06-30,0.004210141866213114
35477,2024-06-30,236738,2024-09-30,0.009526325307697345
35477,2024-09-30,247476,2024-12-31,0.016510765981147466
35480,2024-03-31,314819,2024-06-30,0.00833502200466592
35480,2024-06-30,330705,2024-09-30,0.02675065121648365
35480,2024-09-30,344511,2024-12-31,0.03941257951809428
35497,2024-03-31,678340,2024-06-30,0.056839742854450044
35497,2024-06-30,583158,2024-09-30,0.041539767723671586
35497,2024-09-30,588604,2024-12-31,0.02846638024379684
35506,2024-03-31,163410,2024-06-30,0.143807250701884
35506,2024-06-30,144564,2024-09-30,0.05931318887464596
35506,2024-09-30,147011,2024-12-31,-0.0002123621136606689
35510,2024-03-31,500,2024-06-30,9.40216606584327e-08
35510,2024-06-30,500,2024-09-30,9.40216606584327e-08
35510,2024-09-30,500,2024-12-31,9.40216606584327e-08
35513,2024-03-31,480095,2024-06-30,0.003228766153461233
35513,2024-06-30,473300,2024-09-30,0.0034383110994956187
35513,2024-09-30,484367,2024-12-31,0.017951877379021163
35518,2024-03-31,678822,2024-06-30,0.12739748170916254
35518,2024-06-30,714109,2024-09-30,0.14774552951798298
35518,2024-09-30,790563,2024-12-31,0.16426173872616173
35519,2024-03-31,1217253,2024-06-30,0.012406036332591637
35519,2024-06-30,1192153,2024-09-30,0.010685889451883935
35519,2024-09-30,1205444,2024-12-31,0.0028889446016609442
35521,2024-03-31,671832,2024-06-30,-0.007084307403584632
35521,2024-06-30,679785,2024-09-30,-0.0013931001853273923
35521,2024-09-30,718988,2024-12-31,0.0060315583800663606
35530,2024-03-31,2516646,2024-06-30,-0.019384739066750426
35530,2024-06-30,2537978,2024-09-30,0.018397998802759667
35530,2024-09-30,2601410,2024-12-31,0.018616500882706354
35533,2024-03-31,246981,2024-06-30,0.19959479900561228
35533,2024-06-30,310006,2024-09-30,0.25010645830788075
35533,2024-09-30,226412,2024-12-31,0.006624965768914537
35541,2024-03-31,2993149,2024-06-30,0.02595937005477323
35541,2024-06-30,2935829,2024-09-30,0.030607058031634292
35541,2024-09-30,2754205,2024-12-31,0.026646029571616377
35543,2024-03-31,336234,2024-06-30,0.01764564163209529
35543,2024-06-30,346758,2024-09-30,0.008049342370394867
35543,2024-09-30,351162,2024-12-31,0.00459960667107179
35546,2024-03-31,19228297,2024-06-30,0.026497536898491325
35546,2024-06-30,19491565,2024-09-30,0.00977836909658335
35546,2024-09-30,20177585,2024-12-31,0.04373480959625834
35558,2024-03-31,92568,2024-06-30,0.029102638525265342
35558,2024-06-30,94658,2024-09-30,0.00607638335279607
35558,2024-09-30,92298,2024-12-31,0.012564387760057139
35568,2024-03-31,692207,2024-06-30,0.02678358144961686
35568,2024-06-30,706781,2024-09-30,0.01625656018066527
35568,2024-09-30,718752,2024-12-31,0.013957971766393922
35583,2024-03-31,39603504,2024-06-30,0.03693246772110669
35583,2024-06-30,39970180,2024-09-30,0.05915660756811546
35583,2024-09-30,41155588,2024-12-31,0.05136556473710394
35585,2024-03-31,284780,2024-06-30,0.0216406761994706
35585,2024-06-30,295509,2024-09-30,0.02686872753741847
35585,2024-09-30,305997,2024-12-31,0.02325645007941008
35597,2024-03-31,132436,2024-06-30,0.017185219210855775
35597,2024-06-30,134213,2024-09-30,0.012969325418300495
35597,2024-09-30,147624,2024-12-31,0.033479647243483915
35602,2024-03-31,724,2024-06-30,0.008936792417512444
35602,2024-06-30,734,2024-09-30,0.013461069075714168
35602,2024-09-30,743,2024-12-31,0.014224888907236138
35604,2024-03-31,165312,2024-06-30,0.03575667414747252
35604,2024-06-30,162771,2024-09-30,0.020246153259121883
35604,2024-09-30,162766,2024-12-31,0.013456229227228713
55130,2024-03-31,425585,2024-06-30,0.1767088711670559
55130,2024-06-30,472962,2024-09-30,0.11314613253120037
55130,2024-09-30,534118,2024-12-31,0.1276457330484518
57022,2024-03-31,261972,2024-06-30,-0.0022659703730517665
57022,2024-06-30,272139,2024-09-30,0.007819430807660958
57022,2024-09-30,299298,2024-12-31,0.018232272469255188
57025,2024-03-31,115668,2024-06-30,0.012687782948569924
57025,2024-06-30,111668,2024-09-30,0.01689317707114461
57025,2024-09-30,114664,2024-12-31,0.01889481771705123
57031,2024-03-31,30822,2024-06-30,0.0032298078356622407
57031,2024-06-30,29595,2024-09-30,0.004965530044989115
57031,2024-09-30,28306,2024-12-31,-0.0068110613220846
57033,2024-03-31,312904,2024-06-30,0.017294435045464542
57033,2024-06-30,311592,2024-09-30,0.025573298627352036
57033,2024-09-30,343348,2024-12-31,0.024068026243693447
57034,2024-03-31,194466,2024-06-30,0.03033067905766104
57038,2024-03-31,7250479,2024-06-30,0.007274570540797478
57038,2024-06-30,7365685,2024-09-30,0.04408551577460369
57038,2024-09-30,7417456,2024-12-31,0.03735205689849947
57044,2024-03-31,1934673,2024-06-30,0.046587444131035785
57044,2024-06-30,1938655,2024-09-30,0.060888288679396635
57044,2024-09-30,3745500,2024-12-31,-0.007245584207041365
57056,2024-03-31,2155922,2024-06-30,0.05162200065514275
57056,2024-06-30,2265047,2024-09-30,0.0012989581144531306
57056,2024-09-30,2400655,2024-12-31,0.031753797649491815
57058,2024-03-31,197352,2024-06-30,0.02295215861731736
57058,2024-06-30,210404,2024-09-30,0.019280510160102838
57058,2024-09-30,218379,2024-12-31,0.028812371187806485
57061,2024-03-31,883609,2024-06-30,0.018127321564123864
57061,2024-06-30,886157,2024-09-30,0.04143555692887466
57061,2024-09-30,898743,2024-12-31,0.029982901943222777
57069,2024-03-31,748377,2024-06-30,0.039480808697283744
57069,2024-06-30,728952,2024-09-30,0.028111934090330637
57069,2024-09-30,737479,2024-12-31,0.03292690546250206
57071,2024-03-31,1418223,2024-06-30,0.0027071718542542008
57071,2024-06-30,1539613,2024-09-30,0.044533711407549956
57071,2024-09-30,1675343,2024-12-31,0.06144030542561755
57073,2024-03-31,343583,2024-06-30,-0.021687488127552567
57073,2024-06-30,357882,2024-09-30,0.01614836211292161
57073,2024-09-30,360067,2024-12-31,0.028774245128101984
57074,2024-03-31,198573,2024-06-30,0.011325187000307123
57074,2024-06-30,197254,2024-09-30,0.014754187704404361
57074,2024-09-30,203801,2024-12-31,0.009982957695309446
57077,2024-03-31,1875410,2024-06-30,-8.488871152012249e-05
57077,2024-06-30,1710491,2024-09-30,0.032868760540402484
57077,2024-09-30,1785348,2024-12-31,0.010153037454435274
57082,2024-03-31,4258409,2024-06-30,0.010017678202127182
57082,2024-06-30,4140279,2024-09-30,0.010174697378498758
57082,2024-09-30,4309789,2024-12-31,0.010670072434069271
57083,2024-03-31,4670784,2024-06-30,-0.8773203860470634
57083,2024-06-30,4603873,2024-09-30,-0.25295160219703006
57083,2024-09-30,4537928,2024-12-31,0.2182126594439346
57092,2024-03-31,265784,2024-06-30,0.026555542595784788
57092,2024-06-30,270462,2024-09-30,0.02230064908150094
57092,2024-09-30,272461,2024-12-31,0.025117635564382606
57093,2024-03-31,50500,2024-06-30,4.649368514104754e-07
57093,2024-06-30,50500,2024-09-30,4.649368514104754e-07
57093,2024-09-30,50500,2024-12-31,4.649368514104754e-07
57095,2024-03-31,1216619,2024-06-30,0.11246447777557224
57095,2024-06-30,1251895,2024-09-30,0.13460155811026278
57095,2024-09-30,1841347,2024-12-31,0.1323202309567991
57097,2024-03-31,882549,2024-06-30,-0.015790538341475646
57097,2024-06-30,878134,2024-09-30,0.0075769167031196115
57097,2024-09-30,921225,2024-12-31,0.004874514900944123
57101,2024-03-31,546883,2024-06-30,0.01864357078592169
57101,2024-06-30,507439,2024-09-30,0.01609155646978658
57101,2024-09-30,547830,2024-12-31,0.024188926924165105
57102,2024-03-31,636287,2024-06-30,0.00781353292528175
57102,2024-06-30,607382,2024-09-30,0.012452176725229165
57102,2024-09-30,611044,2024-12-31,0.011103194493160981
57103,2024-03-31,1731834,2024-06-30,0.04239833251673326
57103,2024-06-30,1857781,2024-09-30,0.04365472275954673
57103,2024-09-30,1856246,2024-12-31,0.034422278943410024
57109,2024-03-31,500,2024-06-30,9.40216606584327e-08
57109,2024-06-30,500,2024-09-30,9.40216606584327e-08
57109,2024-09-30,500,2024-12-31,9.40216606584327e-08
57123,2024-03-31,397065,2024-06-30,0.12284503364110574
57123,2024-06-30,348266,2024-09-30,0.17144024255864135
57123,2024-09-30,324358,2024-12-31,0.18472599957166017
57124,2024-03-31,576777,2024-06-30,0.02349479400281283
57124,2024-06-30,558707,2024-09-30,0.028308124523841887
57124,2024-09-30,570683,2024-12-31,0.03307841278373286
57127,2024-03-31,511825,2024-06-30,0.010447897742637656
57127,2024-06-30,501953,2024-09-30,0.012946187061547569
57127,2024-09-30,507184,2024-12-31,0.013826641162666522
57129,2024-03-31,776729,2024-06-30,0.031648326282663446
57129,2024-06-30,694502,2024-09-30,0.027675266924160384
57129,2024-09-30,731922,2024-12-31,0.03127337660183576
57134,2024-03-31,3713364,2024-06-30,0.07701186316838136
57134,2024-06-30,3681326,2024-09-30,0.04022169508232891
57134,2024-09-30,3662174,2024-12-31,0.05411122336285417
57137,2024-03-31,169288,2024-06-30,-0.029949750995917464
57137,2024-06-30,172935,2024-09-30,-0.002965563498889245
57137,2024-09-30,174151,2024-12-31,0.005850151391335911
57141,2024-03-31,67575,2024-06-30,0.014483630272852967
57141,2024-06-30,68021,2024-09-30,0.027075638561255038
57141,2024-09-30,71090,2024-12-31,0.04450421171960108
57160,2024-03-31,500,2024-06-30,9.40216606584327e-08
57160,2024-06-30,500,2024-09-30,9.40216606584327e-08
57160,2024-09-30,500,2024-12-31,9.40216606584327e-08
57167,2024-03-31,82467,2024-06-30,0.00822160505212193
57167,2024-06-30,77594,2024-09-30,0.012860768466797741
57176,2024-03-31,963325,2024-06-30,0.0560177749079531
57176,2024-06-30,991165,2024-09-30,0.055571608463458884
57176,2024-09-30,1033293,2024-12-31,0.07364021438047487
57184,2024-03-31,895081,2024-06-30,-0.003050453954215862
57184,2024-06-30,881203,2024-09-30,-0.004492428475883618
57184,2024-09-30,889669,2024-12-31,-0.023071055246123896
57192,2024-03-31,140099,2024-06-30,0.008209098720903592
57192,2024-06-30,132068,2024-09-30,0.06722641537239506
57192,2024-09-30,132875,2024-12-31,0.06690299648698733
57197,2024-03-31,813819,2024-06-30,0.00809686785838242
57197,2024-06-30,799834,2024-09-30,0.00911432839256236
57197,2024-09-30,803118,2024-12-31,0.003404000789281751
57203,2024-03-31,30599000,2024-06-30,0.002451046102015744
57203,2024-06-30,30179000,2024-09-30,-0.012238956213333969
57203,2024-09-30,32207000,2024-12-31,0.04041930869543106
57228,2024-03-31,1509644,2024-06-30,0.014405170285703794
57228,2024-06-30,1571240,2024-09-30,0.016451498865330337
57228,2024-09-30,1535771,2024-12-31,0.01998581934201198
57230,2024-03-31,259444,2024-06-30,0.031244705321750724
57230,2024-06-30,251376,2024-09-30,0.040886829187726216
57230,2024-09-30,253101,2024-12-31,0.031612222324275734
57244,2024-03-31,1757354,2024-06-30,-0.006574539779827968
57244,2024-06-30,1721565,2024-09-30,0.012192370267892584
57244,2024-09-30,1765967,2024-12-31,0.017789525326766756
57250,2024-03-31,298485,2024-06-30,0.050468457543323894
57250,2024-06-30,280383,2024-09-30,0.0169574879997846
57250,2024-09-30,350492,2024-12-31,0.07142372073409184
57252,2024-03-31,501120,2024-06-30,-0.007314961250480487
57252,2024-06-30,508561,2024-09-30,0.007622008402816002
57252,2024-09-30,510011,2024-12-31,0.01446357301023324
57265,2024-03-31,1543232,2024-06-30,0.004862342526880532
57265,2024-06-30,1534053,2024-09-30,0.026524644085743697
57265,2024-09-30,1536333,2024-12-31,0.040306951970391365
57269,2024-03-31,1089858,2024-06-30,0.012775225484925946
57269,2024-06-30,1058988,2024-09-30,0.03967324181418727
57269,2024-09-30,1062643,2024-12-31,0.04130274207511347
57273,2024-03-31,121935,2024-06-30,0.02462290949046738
57273,2024-06-30,115716,2024-09-30,0.04075054869165002
57273,2024-09-30,114537,2024-12-31,0.059890273019006075
57280,2024-03-31,272446,2024-06-30,0.005181477029009276
57280,2024-06-30,294033,2024-09-30,0.0014292160892874321
57280,2024-09-30,281115,2024-12-31,0.023242067240690216
57295,2024-03-31,609391,2024-06-30,-0.03685018621832081
57295,2024-06-30,550825,2024-09-30,0.021000949106411534
57295,2024-09-30,531097,2024-12-31,0.050707210775912365
57298,2024-03-31,559251,2024-06-30,0.02699243829601713
57298,2024-06-30,569873,2024-09-30,0.008209617299501972
57298,2024-09-30,518166,2024-12-31,0.025442425144510457
57301,2024-03-31,394812,2024-06-30,0.015971180163273528
57301,2024-06-30,394640,2024-09-30,0.009247918502043156
57301,2024-09-30,394215,2024-12-31,0.005817516628046199
57311,2024-03-31,16564202,2024-06-30,0.02126156081135028
57311,2024-06-30,16430962,2024-09-30,0.02443444681977965
57311,2024-09-30,17349098,2024-12-31,0.024397069011383908
57312,2024-03-31,158760,2024-06-30,-0.0075423850094315965
57312,2024-06-30,145557,2024-09-30,-0.007525803766611287
57312,2024-09-30,154032,2024-12-31,-0.012598940926652757
57335,2024-03-31,278359,2024-06-30,0.027639617223451287
57335,2024-06-30,281141,2024-09-30,0.02977856027543552
57335,2024-09-30,278122,2024-12-31,0.016359232662744798
57336,2024-03-31,199877,2024-06-30,0.025762904082693154
57336,2024-06-30,208383,2024-09-30,0.04565317512085127
57336,2024-09-30,220331,2024-12-31,0.04898067474565571
57348,2024-03-31,2570905,2024-06-30,-0.016595871520305446
57348,2024-06-30,2546368,2024-09-30,0.002448917320058345
57348,2024-09-30,2546520,2024-12-31,0.004846018647107918
57358,2024-03-31,9922758,2024-06-30,0.03617138389383151
57358,2024-06-30,9763891,2024-09-30,0.05214140535380543
57358,2024-09-30,9714861,2024-12-31,0.06895155094680724
57359,2024-03-31,348814,2024-06-30,0.025499253674618527
57359,2024-06-30,333922,2024-09-30,0.03046755344018323
57359,2024-09-30,350356,2024-12-31,0.025870744875568803
57363,2024-03-31,36478,2024-06-30,-0.006062643648061049
57363,2024-06-30,34499,2024-09-30,-0.015527945289837336
57363,2024-09-30,32662,2024-12-31,-0.015696928703499265
57368,2024-03-31,2684733,2024-06-30,-0.03145868552275869
57368,2024-06-30,2673482,2024-09-30,-0.006614923418921204
57368,2024-09-30,2700653,2024-12-31,0.0013968302301370211
57369,2024-03-31,2112234,2024-06-30,0.039835004042008196
57369,2024-06-30,2073662,2024-09-30,0.032983743481589986
57369,2024-09-30,2150720,2024-12-31,0.0282307081463982
57373,2024-03-31,360401,2024-06-30,-0.0030529697078984512
57373,2024-06-30,350934,2024-09-30,0.004986769627152814
57373,2024-09-30,368847,2024-12-31,0.009777798377425099
57377,2024-03-31,730273,2024-06-30,0.022193674293505286
57377,2024-06-30,737987,2024-09-30,0.037577993425472474
57377,2024-09-30,740027,2024-12-31,0.03608929847185792
57391,2024-03-31,111077,2024-06-30,0.009354319239428435
57391,2024-06-30,108338,2024-09-30,0.004082059445860067
57391,2024-09-30,108735,2024-12-31,0.0030967859783751954
57396,2024-03-31,182606,2024-06-30,0.012170318076794228
57396,2024-06-30,183698,2024-09-30,0.015305664366193116
57396,2024-09-30,186731,2024-12-31,0.02246846702857986
57408,2024-03-31,14464000,2024-06-30,0.006100788082878981
57408,2024-06-30,14181000,2024-09-30,0.017983310037218477
57408,2024-09-30,14558000,2024-12-31,0.01873097437486593
57414,2024-03-31,512205,2024-06-30,0.026802443034661012
57414,2024-06-30,522487,2024-09-30,0.05131514906141957
57414,2024-09-30,540390,2024-12-31,0.033184091431965046
57415,2024-03-31,1315272,2024-06-30,0.02845810971045386
57415,2024-06-30,1328726,2024-09-30,0.02617979024289164
57415,2024-09-30,1347743,2024-12-31,0.027355758305207704
57416,2024-03-31,411812,2024-06-30,0.007932110392259217
57416,2024-06-30,402930,2024-09-30,0.017767351881454115
57416,2024-09-30,383970,2024-12-31,0.03164163160905439
57417,2024-03-31,1997268,2024-06-30,0.047356585540340446
57417,2024-06-30,2027101,2024-09-30,0.04627774197296836
57417,2024-09-30,2062015,2024-12-31,0.05738753947582471
57420,2024-03-31,181485,2024-06-30,-0.0007031685303295648
57420,2024-06-30,183296,2024-09-30,0.011373588991482693
57420,2024-09-30,180606,2024-12-31,0.008549217016150556
57425,2024-03-31,799352,2024-06-30,0.03182592890635269
57425,2024-06-30,805040,2024-09-30,0.02616271641398988
57425,2024-09-30,780475,2024-12-31,0.0174069387437282
57429,2024-03-31,158917,2024-06-30,0.021367880835889728
57429,2024-06-30,155303,2024-09-30,0.04492248762648872
57429,2024-09-30,156269,2024-12-31,0.014597769941896202
57444,2024-03-31,274234,2024-06-30,0.015044745373975692
57444,2024-06-30,280362,2024-09-30,0.018460441955387662
57444,2024-09-30,290535,2024-12-31,0.020565636869468887
57449,2024-03-31,1883446,2024-06-30,0.003900972431805312
57449,2024-06-30,2011506,2024-09-30,0.03689294315763025
57449,2024-09-30,2112953,2024-12-31,0.04034100233474083
57450,2024-03-31,238272000,2024-06-30,-0.038936683280010466
57450,2024-06-30,224023000,2024-09-30,-0.03246662796231798
57450,2024-09-30,222165000,2024-12-31,0.0017126477412297576
57451,2024-03-31,922758,2024-06-30,-0.00014551151038289832
57451,2024-06-30,910613,2024-09-30,0.010237293182437811
57451,2024-09-30,934997,2024-12-31,0.003777992245845935
57463,2024-03-31,2411205,2024-06-30,0.004942237741192342
57463,2024-06-30,2414601,2024-09-30,-0.0026507975066828566
57463,2024-09-30,2468294,2024-12-31,0.0015549711107180992
57465,2024-03-31,583389,2024-06-30,0.002151833312929093
57465,2024-06-30,584565,2024-09-30,0.01634298626362246
57465,2024-09-30,591670,2024-12-31,0.01876425143329726
57468,2024-03-31,85802,2024-06-30,0.024225900081955864
57468,2024-06-30,82282,2024-09-30,0.012406062478890464
57468,2024-09-30,85800,2024-12-31,0.024061269624308334
57470,2024-03-31,500,2024-06-30,9.40216606584327e-08
57470,2024-06-30,500,2024-09-30,9.40216606584327e-08
57470,2024-09-30,500,2024-12-31,9.40216606584327e-08
57483,2024-03-31,888309,2024-06-30,0.02254534371891591
57483,2024-06-30,903034,2024-09-30,0.035262863327315826
57483,2024-09-30,917075,2024-12-31,0.0425912369670046
57488,2024-03-31,206796,2024-06-30,-0.012415844031683786
57488,2024-06-30,213729,2024-09-30,-0.01754667280739268
57488,2024-09-30,215447,2024-12-31,-0.017028394648461866
57491,2024-03-31,310340,2024-06-30,0.017242673200779855
57491,2024-06-30,308991,2024-09-30,0.027359501478143745
57491,2024-09-30,325690,2024-12-31,0.019676047485579353
57495,2024-03-31,156461,2024-06-30,-0.016744291317824796
57495,2024-06-30,162964,2024-09-30,-0.0061730723445267135
57495,2024-09-30,171149,2024-12-31,0.02418531060688086
57497,2024-03-31,1151767,2024-06-30,0.0026999229102854846
57497,2024-06-30,1104575,2024-09-30,0.01698951253703531
57497,2024-09-30,1204524,2024-12-31,-0.016846671276488777
57505,2024-03-31,420683,2024-06-30,0.014511128818060355
57505,2024-06-30,421986,2024-09-30,0.01789552922237377
57505,2024-09-30,412238,2024-12-31,0.03549557444751674
57510,2024-03-31,1757952,2024-06-30,0.019342654275385496
57510,2024-06-30,1739774,2024-09-30,0.019606315626094984
57510,2024-09-30,1902533,2024-12-31,0.012676408294388812
57511,2024-03-31,609136,2024-06-30,0.06953322902115776
57511,2024-06-30,644251,2024-09-30,0.06006667875045047
57511,2024-09-30,652578,2024-12-31,0.04737576617606157
57512,2024-03-31,62618307,2024-06-30,0.01507160024596175
57512,2024-06-30,66597570,2024-09-30,0.03183650256738253
57512,2024-09-30,68361131,2024-12-31,0.011786428807096986
57522,2024-03-31,919141,2024-06-30,0.00211047678826881
57522,2024-06-30,833626,2024-09-30,0.0311532224845065
57522,2024-09-30,836793,2024-12-31,0.03868176824580494
57540,2024-03-31,530932,2024-06-30,0.029594767815620735
57540,2024-06-30,532462,2024-09-30,0.02084674601451018
57540,2024-09-30,529246,2024-12-31,0.02048509888157747
57542,2024-03-31,4566277,2024-06-30,0.0824842565696757
57542,2024-06-30,4922739,2024-09-30,0.12538207965648354
57542,2024-09-30,5475906,2024-12-31,0.15101806196927536
57543,2024-03-31,441765,2024-06-30,0.02268865106100264
57543,2024-06-30,409264,2024-09-30,0.02409280049602763
57543,2024-09-30,442604,2024-12-31,0.01911204657672346
57548,2024-03-31,101326,2024-06-30,0.0178004315651386
57548,2024-06-30,103920,2024-09-30,0.023130345887602387
57548,2024-09-30,114853,2024-12-31,0.03166258945551751
57554,2024-03-31,661237,2024-06-30,0.04834914044375712
57554,2024-06-30,685774,2024-09-30,0.04906652083561933
57554,2024-09-30,706347,2024-12-31,0.03525344000073057
57565,2024-03-31,89863719,2024-06-30,0.022125923824040498
57565,2024-06-30,88128454,2024-09-30,0.037442149020979976
57565,2024-09-30,89732253,2024-12-31,0.060759985750807544
57569,2024-03-31,163746,2024-06-30,0.017629035823429832
57569,2024-06-30,165443,2024-09-30,0.030612708851454215
57569,2024-09-30,165776,2024-12-31,0.0326360316735085
57570,2024-03-31,9525543,2024-06-30,-0.0025401313045627966
57570,2024-06-30,9526270,2024-09-30,0.010614124972558975
57570,2024-09-30,9708845,2024-12-31,0.023078767892899664
57571,2024-03-31,130627,2024-06-30,0.019848292964586525
57571,2024-06-30,120095,2024-09-30,-0.006938720397421381
57571,2024-09-30,123474,2024-12-31,-0.007925417946525012
57576,2024-03-31,284369,2024-06-30,0.022932864216612895
57576,2024-06-30,305350,2024-09-30,0.041551836044081074
57576,2024-09-30,322833,2024-12-31,0.030440816598050896
57579,2024-03-31,170612,2024-06-30,0.011440878472990627
57579,2024-06-30,182918,2024-09-30,-0.019151499983719917
57579,2024-09-30,181648,2024-12-31,-0.014341412342182376
57585,2024-03-31,660190,2024-06-30,0.015448333729311578
57585,2024-06-30,698587,2024-09-30,0.029808571791946646
57585,2024-09-30,710094,2024-12-31,0.02966396850763938
57587,2024-03-31,292969,2024-06-30,0.013457277900892815
57587,2024-06-30,295200,2024-09-30,0.033425428968872406
57587,2024-09-30,313517,2024-12-31,0.010649992819287479
57591,2024-03-31,1456356,2024-06-30,0.05866732753025592
57591,2024-06-30,1432031,2024-09-30,0.07740928943360258
57591,2024-09-30,1527256,2024-12-31,0.06501733650317831
57598,2024-03-31,710352,2024-06-30,0.027150353895155813
57598,2024-06-30,736838,2024-09-30,0.047243597830509444
57598,2024-09-30,749471,2024-12-31,0.03399277267179065
57603,2024-03-31,795456,2024-06-30,0.06010684263138648
57603,2024-06-30,794412,2024-09-30,0.0776713623754235
57603,2024-09-30,802330,2024-12-31,0.10059356909621504
57607,2024-03-31,2552680,2024-06-30,0.03901342590306812
57607,2024-06-30,2431032,2024-09-30,0.020304468562335146
57607,2024-09-30,2520970,2024-12-31,0.049495199798602986
57610,2024-03-31,468285,2024-06-30,0.013750242683599695
57610,2024-06-30,461054,2024-09-30,0.038354776450745295
57610,2024-09-30,470934,2024-12-31,0.023690948690071205
57614,2024-03-31,5423273,2024-06-30,-0.06162356458234041
57614,2024-06-30,5593845,2024-09-30,-0.044138768682013156
57614,2024-09-30,5920530,2024-12-31,0.006501651837326924
57624,2024-03-31,201640,2024-06-30,0.011366014443022729
57624,2024-06-30,205578,2024-09-30,0.013822588806719879
57624,2024-09-30,210931,2024-12-31,0.024635921149888305
57626,2024-03-31,421721,2024-06-30,0.04361619645715062
57626,2024-06-30,427904,2024-09-30,0.06038348055836212
57626,2024-09-30,408729,2024-12-31,0.061706596686860744
57632,2024-03-31,213769,2024-06-30,0.008583861711051804
57632,2024-06-30,220136,2024-09-30,0.023389451212987033
57632,2024-09-30,218774,2024-12-31,0.017819889384101513
57633,2024-03-31,2487620,2024-06-30,0.022137046096364844
57633,2024-06-30,2402343,2024-09-30,0.03541169382794762
57633,2024-09-30,2446106,2024-12-31,0.05883643789644745
57640,2024-03-31,86288,2024-06-30,0.00844619645305064
57640,2024-06-30,85209,2024-09-30,0.00017169316643207274
57640,2024-09-30,85615,2024-12-31,-0.009672125673677309
57644,2024-03-31,232572,2024-06-30,0.013094457388758897
57644,2024-06-30,230461,2024-09-30,0.02232945299318714
57644,2024-09-30,235580,2024-12-31,0.025677049046074013
57656,2024-03-31,135356,2024-06-30,0.0011199544601242853
57656,2024-06-30,138599,2024-09-30,0.004067145626023963
57656,2024-09-30,139107,2024-12-31,0.007718918932906466
57665,2024-03-31,10659233,2024-06-30,0.1344148274392443
57665,2024-06-30,10767429,2024-09-30,0.13197044193151372
57665,2024-09-30,11062380,2024-12-31,0.13136697547749895
57672,2024-03-31,502974,2024-06-30,0.020999194482441644
57672,2024-06-30,526274,2024-09-30,0.03396562336664053
57672,2024-09-30,513991,2024-12-31,0.02893163988999142
57684,2024-03-31,250720,2024-06-30,0.000776247379542442
57684,2024-06-30,284899,2024-09-30,-0.0011373033196160865
57684,2024-09-30,296962,2024-12-31,0.011510693376639616
57686,2024-03-31,410836,2024-06-30,-0.003935967395685967
57686,2024-06-30,394627,2024-09-30,-0.0030916742244482304
57686,2024-09-30,423773,2024-12-31,0.01081920504939187
57694,2024-03-31,286301,2024-06-30,0.02572582772709351
57694,2024-06-30,283299,2024-09-30,0.022656759913976317
57694,2024-09-30,299644,2024-12-31,0.02269580866107259
57701,2024-03-31,1983631,2024-06-30,0.01598611844576069
57701,2024-06-30,2108300,2024-09-30,0.021366404280958942
57701,2024-09-30,2076340,2024-12-31,0.019928953585035564
57703,2024-03-31,625770,2024-06-30,0.017451784175632548
57703,2024-06-30,624085,2024-09-30,0.006158610302446851
57703,2024-09-30,691026,2024-12-31,0.011463179480411678
57706,2024-03-31,1022791,2024-06-30,0.010021855350288118
57706,2024-06-30,1021834,2024-09-30,0.05065685437633586
57706,2024-09-30,1137140,2024-12-31,0.023074122616867015
57710,2024-03-31,1161108,2024-06-30,0.017980528094491757
57710,2024-06-30,1044336,2024-09-30,0.09504781653793166
57710,2024-09-30,1143302,2024-12-31,0.01458430612940411
57716,2024-03-31,2148266,2024-06-30,0.05939630839520288
57716,2024-06-30,2175060,2024-09-30,0.038236816012398644
57716,2024-09-30,2147304,2024-12-31,0.04914067450554495
57733,2024-03-31,230939,2024-06-30,0.0022732217749111302
57734,2024-03-31,215593,2024-06-30,-0.01994822564705391
57734,2024-06-30,219029,2024-09-30,0.007055719068051202
57734,2024-09-30,223605,2024-12-31,0.027557467109563874
57740,2024-03-31,450295,2024-06-30,0.03321844589420474
57740,2024-06-30,460182,2024-09-30,0.022416541188584535
57740,2024-09-30,473212,2024-12-31,0.03278802685887984
57741,2024-03-31,369023,2024-06-30,0.02282114957946501
57741,2024-06-30,362984,2024-09-30,0.026348287003889064
57741,2024-09-30,362918,2024-12-31,0.026492842669821937
57742,2024-03-31,1736940,2024-06-30,0.03199556053340665
57742,2024-06-30,1757600,2024-09-30,0.05076067216017575
57742,2024-09-30,1894943,2024-12-31,0.028728293521282477
57754,2024-03-31,1374109,2024-06-30,0.07481881023525534
57754,2024-06-30,1365342,2024-09-30,0.09311524906665473
57754,2024-09-30,1411608,2024-12-31,0.06696333620492036
57756,2024-03-31,1751499,2024-06-30,0.037566761702146165
57756,2024-06-30,1807636,2024-09-30,0.04473820667575367
57756,2024-09-30,1809401,2024-12-31,0.05211779033593562
57777,2024-03-31,1901897,2024-06-30,0.06307944862945193
57777,2024-06-30,1918053,2024-09-30,0.06534707308244406
57777,2024-09-30,1979122,2024-12-31,0.05276349986108646
57784,2024-03-31,249785,2024-06-30,0.03410695465439503
57784,2024-06-30,250576,2024-09-30,0.039312060788614586
57784,2024-09-30,259997,2024-12-31,0.025839361987225886
57785,2024-03-31,152439,2024-06-30,0.01207910256097116
57785,2024-06-30,152060,2024-09-30,0.00467266206843568
57785,2024-09-30,153012,2024-12-31,0.0011821945702082336
57803,2024-03-31,159079000,2024-06-30,0.007171519744385999
57803,2024-06-30,155556000,2024-09-30,0.03208789792340285
57803,2024-09-30,155688000,2024-12-31,0.040929495728882964
57807,2024-03-31,586536,2024-06-30,0.09573950429988969
57807,2024-06-30,512349,2024-09-30,0.03590265809749932
57807,2024-09-30,564306,2024-12-31,0.013037055302271231
57813,2024-03-31,1198868,2024-06-30,0.05314658714928476
57813,2024-06-30,1187389,2024-09-30,0.04407170596330435
57813,2024-09-30,1230956,2024-12-31,0.047040401556736
57815,2024-03-31,2754313,2024-06-30,0.07422194316231794
57815,2024-06-30,2893840,2024-09-30,0.05266957295535551
57815,2024-09-30,2872027,2024-12-31,0.030674992987779145
57825,2024-03-31,861526,2024-06-30,0.012547839913177568
57825,2024-06-30,850286,2024-09-30,0.023100311416907267
57825,2024-09-30,896528,2024-12-31,0.020716335361746923
57833,2024-03-31,6017429,2024-06-30,-0.21377717984013994
57833,2024-06-30,9366777,2024-09-30,0.16527750523684362
57833,2024-09-30,9095142,2024-12-31,0.09307889822010629
57834,2024-03-31,500,2024-06-30,9.40216606584327e-08
57834,2024-06-30,500,2024-09-30,9.40216606584327e-08
57834,2024-09-30,500,2024-12-31,9.40216606584327e-08
57841,2024-03-31,513258,2024-06-30,0.013773394930837643
57841,2024-06-30,547746,2024-09-30,0.010197611143755007
57841,2024-09-30,583172,2024-12-31,-0.015291311592408124
57849,2024-03-31,559566,2024-06-30,-0.051314734016154016
57849,2024-06-30,438496,2024-09-30,0.2557352767009674
57857,2024-03-31,689782,2024-06-30,0.049408182343884985
57857,2024-06-30,703126,2024-09-30,0.057442889528239754
57857,2024-09-30,739324,2024-12-31,0.0557966877955677
57867,2024-03-31,207527,2024-06-30,0.023018935115791266
57867,2024-06-30,216571,2024-09-30,0.011451366182072037
57867,2024-09-30,220520,2024-12-31,0.003506762493290821
57869,2024-03-31,257302,2024-06-30,-0.01642686470296743
57869,2024-06-30,264229,2024-09-30,-0.01664925314496189
57869,2024-09-30,271846,2024-12-31,-0.006702803535141407
57872,2024-03-31,239787,2024-06-30,0.06969284351782555
57872,2024-06-30,247751,2024-09-30,0.060732640322941775
57872,2024-09-30,275649,2024-12-31,0.10114566629525985
57873,2024-03-31,1361172,2024-06-30,-0.0034312488189226966
57873,2024-06-30,1341449,2024-09-30,0.013413530592674531
57873,2024-09-30,1448547,2024-12-31,0.020169550396161272
57874,2024-03-31,703850,2024-06-30,0.02248163498899311
57874,2024-06-30,666070,2024-09-30,0.02390283419613302
57874,2024-09-30,710403,2024-12-31,0.03587074948665491
57882,2024-03-31,146199,2024-06-30,0.025607190309764136
57882,2024-06-30,148538,2024-09-30,0.019898235753042295
57882,2024-09-30,146964,2024-12-31,0.01357105367798849
57884,2024-03-31,68891,2024-06-30,0.03958153144631474
57884,2024-06-30,76591,2024-09-30,0.13315281925814848
57884,2024-09-30,84165,2024-12-31,0.24014680216222004
57890,2024-03-31,129548803,2024-06-30,-0.006051685902543033
57890,2024-06-30,124422083,2024-09-30,-0.008116546977921142
57890,2024-09-30,130683694,2024-12-31,0.01349238098714721
57892,2024-03-31,239898,2024-06-30,0.019635616100879785
57892,2024-06-30,233355,2024-09-30,0.013547388370124298
57892,2024-09-30,244926,2024-12-31,0.010681560739319777
57897,2024-03-31,194255,2024-06-30,0.09101682060894851
57897,2024-06-30,192431,2024-09-30,0.09328465297216249
57897,2024-09-30,187577,2024-12-31,0.12227573626667203
57899,2024-03-31,136250,2024-06-30,0.009475333706279877
57899,2024-06-30,149577,2024-09-30,-0.007014497875633176
57899,2024-09-30,162837,2024-12-31,-0.0005954011936955926
57901,2024-03-31,179318,2024-06-30,0.01948321425456501
57901,2024-06-30,173681,2024-09-30,0.010678816669721659
57901,2024-09-30,209516,2024-12-31,0.04354443120664667
57903,2024-03-31,4469254,2024-06-30,0.028358943129751176
57903,2024-06-30,4817328,2024-09-30,0.022067326753762787
57903,2024-09-30,5198620,2024-12-31,0.008540797221908224
57910,2024-03-31,54160,2024-06-30,0.0001109822389081575
57910,2024-06-30,54093,2024-09-30,-0.005067969307550386
57910,2024-09-30,55571,2024-12-31,-0.001179767352507327
57915,2024-03-31,226724,2024-06-30,0.017911072329853454
57915,2024-06-30,227864,2024-09-30,0.018687802206342186
57915,2024-09-30,225324,2024-12-31,0.014225911968515269
57919,2024-03-31,7622191,2024-06-30,-0.013677251317404873
57919,2024-06-30,7612620,2024-09-30,0.0002984307359571833
57919,2024-09-30,7560480,2024-12-31,0.003886551823547079
57920,2024-03-31,649268,2024-06-30,0.02221227610530291
57920,2024-06-30,667795,2024-09-30,0.02891153338620651
57920,2024-09-30,703987,2024-12-31,0.027970530970454287
57922,2024-03-31,576659,2024-06-30,0.09374948692231312
57922,2024-06-30,651709,2024-09-30,0.1152045869409947
57922,2024-09-30,672017,2024-12-31,0.12011716261262134
57923,2024-03-31,596944,2024-06-30,0.06583542807301264
57923,2024-06-30,613510,2024-09-30,0.08379347298943612
57923,2024-09-30,660988,2024-12-31,0.05359100380831928
57931,2024-03-31,246872,2024-06-30,0.029819371704810048
57931,2024-06-30,261597,2024-09-30,0.03566727671267021
57931,2024-09-30,308594,2024-12-31,0.07272387997308287
57933,2024-03-31,181706,2024-06-30,0.049863936896851715
57933,2024-06-30,180000,2024-09-30,0.06968926528567024
57933,2024-09-30,190189,2024-12-31,0.04622602434826814
57944,2024-03-31,1896319,2024-06-30,-0.016951138548573955
57944,2024-06-30,1940981,2024-09-30,-0.008590402175220157
57944,2024-09-30,2066214,2024-12-31,-0.007274003061460971
57952,2024-03-31,94229,2024-06-30,0.018076522510738047
57952,2024-06-30,89731,2024-09-30,0.01954425880321945
57952,2024-09-30,89663,2024-12-31,0.026590477230636855
57953,2024-03-31,913612,2024-06-30,0.031128932856344736
57953,2024-06-30,977221,2024-09-30,0.02409607917530074
57953,2024-09-30,966021,2024-12-31,0.01133443391312775
57957,2024-03-31,179546613,2024-06-30,0.044094224955263626
57957,2024-06-30,180066467,2024-09-30,0.05272116185891458
57957,2024-09-30,178987867,2024-12-31,0.05736549187531617
57967,2024-03-31,513309,2024-06-30,0.022056657968827376
57967,2024-06-30,536678,2024-09-30,0.03994337625892353
57967,2024-09-30,548388,2024-12-31,0.040376590371190534
57968,2024-03-31,3354363,2024-06-30,0.011005085674746676
57968,2024-06-30,3369002,2024-09-30,0.03012355774180882
57968,2024-09-30,3333029,2024-12-31,0.04458042395548681
57974,2024-03-31,42353,2024-06-30,-0.04273014565039744
57974,2024-06-30,45627,2024-09-30,-0.032493392457797254
57974,2024-09-30,46248,2024-12-31,0.003384689857689972
57978,2024-03-31,497716,2024-06-30,0.03604982605241674
57978,2024-06-30,497894,2024-09-30,0.05820844135099763
57978,2024-09-30,517705,2024-12-31,0.033391745192828795
57990,2024-03-31,215487,2024-06-30,0.02267802043599455
57990,2024-06-30,212716,2024-09-30,0.023634596705775557
57990,2024-09-30,216034,2024-12-31,0.012291136257015084
57993,2024-03-31,12774398,2024-06-30,0.015170142461414352
57993,2024-06-30,13282876,2024-09-30,0.04114615774839952
57993,2024-09-30,13169082,2024-12-31,0.04235406238519966
57997,2024-03-31,1944299,2024-06-30,0.004051234034819209
57997,2024-06-30,1967542,2024-09-30,0.011740059048267517
57997,2024-09-30,1947033,2024-12-31,0.03521865757286998
58010,2024-03-31,109474,2024-06-30,-0.00024713614942689443
58010,2024-06-30,113475,2024-09-30,0.016921180346374475
58010,2024-09-30,117951,2024-12-31,0.004934731724978623
58013,2024-03-31,1038746,2024-06-30,-0.008608358037717664
58013,2024-06-30,981854,2024-09-30,-0.009201924107133904
58013,2024-09-30,1011066,2024-12-31,0.012340144305307676
58018,2024-03-31,865193,2024-06-30,0.021767311478604813
58018,2024-06-30,845022,2024-09-30,0.006050849847624803
58018,2024-09-30,816502,2024-12-31,0.0021373023879575044
58025,2024-03-31,147138,2024-06-30,0.017028007208004473
58025,2024-06-30,141141,2024-09-30,0.013623360268482121
58025,2024-09-30,143173,2024-12-31,-0.006614608601537623
58029,2024-03-31,460321,2024-06-30,0.05202869540203724
58029,2024-06-30,459770,2024-09-30,0.04897498692562914
58029,2024-09-30,508180,2024-12-31,0.019219425161193494
58030,2024-03-31,337207,2024-06-30,-0.028458329220215312
58030,2024-06-30,348494,2024-09-30,-0.02233636050851129
58030,2024-09-30,426817,2024-12-31,-0.06572714067283522
58037,2024-03-31,80777,2024-06-30,-0.011411398003291082
58037,2024-06-30,83751,2024-09-30,-0.009655442395565652
58037,2024-09-30,89450,2024-12-31,0.012747071748447459
58039,2024-03-31,451021,2024-06-30,0.02142338294155297
58039,2024-06-30,468642,2024-09-30,0.02900269091614243
58039,2024-09-30,512094,2024-12-31,0.04039057887008985
58049,2024-03-31,377708,2024-06-30,0.03067471444849113
58049,2024-06-30,373451,2024-09-30,0.02515878369562519
58049,2024-09-30,358443,2024-12-31,0.00013362481001532534
58054,2024-03-31,1120370,2024-06-30,0.004705128491362474
58054,2024-06-30,1117790,2024-09-30,-0.000553387212683462
58054,2024-09-30,1110124,2024-12-31,0.009500201695501302
58057,2024-03-31,1648999,2024-06-30,0.005570210529078959
58057,2024-06-30,1741161,2024-09-30,0.026985362933110605
58057,2024-09-30,1807857,2024-12-31,0.03117891148790993
58060,2024-03-31,828805,2024-06-30,-0.0004770003340103889
58060,2024-06-30,832905,2024-09-30,0.0124491725401376
58060,2024-09-30,851871,2024-12-31,0.02386476020385528
58063,2024-03-31,173379,2024-06-30,0.027935743591242655
58063,2024-06-30,189760,2024-09-30,0.03162183951582951
58063,2024-09-30,195354,2024-12-31,0.0689053694251184
58069,2024-03-31,535213,2024-06-30,0.04483659916634802
58069,2024-06-30,533827,2024-09-30,0.06428130808032803
58069,2024-09-30,555116,2024-12-31,0.0261610390296311
58074,2024-03-31,274834,2024-06-30,0.01584785675874716
58074,2024-06-30,268296,2024-09-30,0.028776502352912743
58074,2024-09-30,261202,2024-12-31,0.03755300904239412
58079,2024-03-31,136720,2024-06-30,-0.009822967535083393
58079,2024-06-30,138050,2024-09-30,-0.002481437627459228
58079,2024-09-30,137836,2024-12-31,-0.0036387690980408264
58082,2024-03-31,262702,2024-06-30,0.11052200261259361
58082,2024-06-30,311070,2024-09-30,0.20403912178296935
58082,2024-09-30,340078,2024-12-31,0.22656025059450025
58088,2024-03-31,1393100,2024-06-30,0.041824913675878234
58088,2024-06-30,1496905,2024-09-30,0.04069164677619373
58088,2024-09-30,1626731,2024-12-31,0.024693004114060103
58090,2024-03-31,1202451,2024-06-30,0.057764524200777274
58090,2024-06-30,1169967,2024-09-30,0.09488572765966498
58090,2024-09-30,1289137,2024-12-31,0.06899531772321671
58095,2024-03-31,577097,2024-06-30,0.06118861616279173
58095,2024-06-30,588373,2024-09-30,0.07634805684291127
58095,2024-09-30,681152,2024-12-31,0.025066115103289596
58103,2024-03-31,176295,2024-06-30,0.004623664754025998
58103,2024-06-30,178451,2024-09-30,0.03463169439641441
58103,2024-09-30,200220,2024-12-31,0.028235090522941864
58106,2024-03-31,173103,2024-06-30,0.011726512317116045
58106,2024-06-30,178591,2024-09-30,0.03155449860398236
58106,2024-09-30,177708,2024-12-31,0.03523471866318316
58111,2024-03-31,379523,2024-06-30,0.02196206392214827
58111,2024-06-30,371068,2024-09-30,0.02772585543280213
58111,2024-09-30,381241,2024-12-31,0.03269309773685528
58113,2024-03-31,568588,2024-06-30,0.09323191651789542
58113,2024-06-30,574559,2024-09-30,0.08961476249712362
58113,2024-09-30,567653,2024-12-31,0.09466716933126293
58114,2024-03-31,372414,2024-06-30,0.0429492336124709
58114,2024-06-30,387441,2024-09-30,0.050000065934740434
58114,2024-09-30,397286,2024-12-31,0.044171620481946734
58115,2024-03-31,2087898,2024-06-30,0.010783493166580007
58115,2024-06-30,2397019,2024-09-30,0.001730433322402556
58115,2024-09-30,2502144,2024-12-31,0.012669863397622088
58121,2024-03-31,647080,2024-06-30,0.03378708643277475
58121,2024-06-30,682949,2024-09-30,0.026291081458490854
58121,2024-09-30,675663,2024-12-31,0.02796587901575956
58140,2024-03-31,1444885,2024-06-30,-0.0025791656194110164
58140,2024-06-30,1498267,2024-09-30,0.00010145237943297574
58140,2024-09-30,1547260,2024-12-31,0.004851485369736198
58148,2024-03-31,310592,2024-06-30,0.08828738068902464
58148,2024-06-30,331722,2024-09-30,0.04670030610974021
58148,2024-09-30,342358,2024-12-31,0.02894987278702255
58158,2024-03-31,121591,2024-06-30,0.012524803534562222
58158,2024-06-30,117679,2024-09-30,-0.008611040616924507
58158,2024-09-30,122943,2024-12-31,0.008599440096689644
58164,2024-03-31,280170,2024-06-30,0.021321317125436876
58164,2024-06-30,277277,2024-09-30,0.013064848825382346
58164,2024-09-30,290545,2024-12-31,0.007876537786183125
58165,2024-03-31,780702,2024-06-30,0.031916129756172834
58165,2024-06-30,790193,2024-09-30,0.05021195658482724
58165,2024-09-30,806237,2024-12-31,0.03913352603841412
58177,2024-03-31,21211915,2024-06-30,0.027219027220115988
58177,2024-06-30,21073781,2024-09-30,0.028315582628035293
58177,2024-09-30,21704835,2024-12-31,0.03392201055972231
58181,2024-03-31,2844969,2024-06-30,0.020856112531603674
58181,2024-06-30,2781178,2024-09-30,0.022316703468378753
58181,2024-09-30,2752981,2024-12-31,0.022390077653699263
58184,2024-03-31,364839,2024-06-30,0.03409127144684231
58184,2024-06-30,363322,2024-09-30,0.021947318069480328
58184,2024-09-30,331397,2024-12-31,0.057018261485019706
58188,2024-03-31,500,2024-06-30,-0.010436907499080812
58188,2024-06-30,500,2024-09-30,-0.011661099383711435
58188,2024-09-30,500,2024-12-31,-0.012819760398194997
58201,2024-03-31,413620,2024-06-30,0.019551180078000607
58201,2024-06-30,398143,2024-09-30,0.022658535767775764
58201,2024-09-30,384626,2024-12-31,0.017494434072165603
58203,2024-03-31,567345,2024-06-30,-0.0020386154201192455
58203,2024-06-30,560171,2024-09-30,0.014989329651910467
58203,2024-09-30,570410,2024-12-31,0.01503949279360409
58208,2024-03-31,598234,2024-06-30,0.02342591241879086
58208,2024-06-30,607936,2024-09-30,0.0060180262529039045
58208,2024-09-30,648345,2024-12-31,-0.003755111530647729
58210,2024-03-31,3828145,2024-06-30,-0.01585522530344341
58210,2024-06-30,3822514,2024-09-30,0.042171395362979945
58210,2024-09-30,3770097,2024-12-31,0.041102822080682506
58214,2024-03-31,104167,2024-06-30,-0.012598730739259035
58214,2024-06-30,115029,2024-09-30,-0.004714063019721014
58214,2024-09-30,124187,2024-12-31,0.012163982498498059
58216,2024-03-31,1000,2024-06-30,9.592631505145124e-08
58216,2024-06-30,1000,2024-09-30,9.592631505145124e-08
58216,2024-09-30,1000,2024-12-31,9.592631505145124e-08
58218,2024-03-31,350147,2024-06-30,0.02200155722975216
58218,2024-06-30,354228,2024-09-30,0.06038037225775558
58218,2024-09-30,342418,2024-12-31,0.057708667066039485
58220,2024-03-31,334143,2024-06-30,0.022976290348757446
58220,2024-06-30,336517,2024-09-30,0.04383185839639503
58220,2024-09-30,344408,2024-12-31,0.04647894961390883
58224,2024-03-31,412706,2024-06-30,0.001077972306279861
58224,2024-06-30,463677,2024-09-30,0.02298353740683165
58224,2024-09-30,590249,2024-12-31,0.023563774054880676
58228,2024-03-31,5583858,2024-06-30,0.055899674134696195
58228,2024-06-30,5580775,2024-09-30,0.09269108283021253
58228,2024-09-30,5650030,2024-12-31,0.08505729712159091
58230,2024-03-31,183266,2024-06-30,0.0017710093126046993
58230,2024-06-30,183251,2024-09-30,-0.002286940323065114
58230,2024-09-30,193174,2024-12-31,-0.004233860573661273
58234,2024-03-31,299108,2024-06-30,-0.009749640024842465
58234,2024-06-30,296508,2024-09-30,0.0071053977823856635
58234,2024-09-30,307878,2024-12-31,0.016551962039271558
58239,2024-03-31,822000,2024-06-30,0.029936206013106228
58239,2024-06-30,1059919,2024-09-30,0.03140100412896088
58239,2024-09-30,1090333,2024-12-31,0.02940823623982718
58243,2024-03-31,1905728,2024-06-30,0.02778492191001978
58243,2024-06-30,1917653,2024-09-30,0.04306957352545576
58243,2024-09-30,1940196,2024-12-31,0.04512310024351447
58255,2024-03-31,2897079,2024-06-30,0.0462312411085586
58255,2024-06-30,2945437,2024-09-30,0.04132347083187561
58255,2024-09-30,3041574,2024-12-31,0.049791864714103205
58257,2024-03-31,505294,2024-06-30,0.05052739285832479
58257,2024-06-30,525197,2024-09-30,0.038414507588716784
58257,2024-09-30,584816,2024-12-31,0.024634587220643146
58259,2024-03-31,799992,2024-06-30,0.019439948085738328
58259,2024-06-30,753934,2024-09-30,0.01904657169301924
58259,2024-09-30,766694,2024-12-31,0.013186601169159718
58263,2024-03-31,180345,2024-06-30,-0.009088136729200669
58263,2024-06-30,180924,2024-09-30,0.005949248497859199
58263,2024-09-30,187926,2024-12-31,0.013674936984162759
58264,2024-03-31,1639966,2024-06-30,0.014469194337786352
58264,2024-06-30,1665479,2024-09-30,0.026656381836969247
58264,2024-09-30,1689036,2024-12-31,0.043681052227164306
58271,2024-03-31,249736,2024-06-30,0.042468771815052965
58271,2024-06-30,252907,2024-09-30,0.04052063940951479
58271,2024-09-30,259977,2024-12-31,0.0217441688742178
58276,2024-03-31,508578,2024-06-30,0.002646986563328983
58276,2024-06-30,521567,2024-09-30,0.02598740275630028
58276,2024-09-30,539003,2024-12-31,0.032007109413661784
58278,2024-03-31,445058,2024-06-30,0.030991554965923707
58278,2024-06-30,450463,2024-09-30,0.050079809765077386
58278,2024-09-30,454554,2024-12-31,0.06495235653543108
58281,2024-03-31,1058798,2024-06-30,0.0025424252360802253
58281,2024-06-30,1075851,2024-09-30,0.035580774135325226
58281,2024-09-30,1140407,2024-12-31,0.036222007580730374
58282,2024-03-31,126237,2024-06-30,0.01123396836641247
58282,2024-06-30,130652,2024-09-30,0.020125851232899315
58282,2024-09-30,135040,2024-12-31,0.022759512457286746
58289,2024-03-31,271749,2024-06-30,0.02009299882654486
58289,2024-06-30,305306,2024-09-30,0.03491211863331816
58289,2024-09-30,318060,2024-12-31,0.041192937604986726
58291,2024-03-31,1907684,2024-06-30,0.04097403955379949
58291,2024-06-30,2004956,2024-09-30,0.04560958859125903
58291,2024-09-30,2110509,2024-12-31,0.05272022688029152
58297,2024-03-31,727391,2024-06-30,0.04279844430266985
58297,2024-06-30,740947,2024-09-30,0.06730283715627547
58297,2024-09-30,780878,2024-12-31,0.013763986555772706
58300,2024-03-31,146949,2024-06-30,0.010905763750402558
58300,2024-06-30,144203,2024-09-30,0.02384074443093213
58300,2024-09-30,155492,2024-12-31,0.003983737786662379
58303,2024-03-31,21330848,2024-06-30,0.2466450567887238
58303,2024-06-30,21468492,2024-09-30,0.29622103390358984
58303,2024-09-30,21733324,2024-12-31,0.30460960843280405
58307,2024-03-31,611538,2024-06-30,0.014261855096753635
58307,2024-06-30,621408,2024-09-30,0.01200142220718757
58307,2024-09-30,636667,2024-12-31,0.025367730599979675
58309,2024-03-31,2021776,2024-06-30,0.11365609920801034
58309,2024-06-30,2045371,2024-09-30,0.11716912169839183
58309,2024-09-30,2099772,2024-12-31,0.13274582901604062
58310,2024-03-31,1133767,2024-06-30,0.01801210219842322
58310,2024-06-30,1183207,2024-09-30,0.02363600418823416
58310,2024-09-30,1215780,2024-12-31,0.020828857471353872
58311,2024-03-31,277615,2024-06-30,0.02173761436705156
58311,2024-06-30,292431,2024-09-30,0.04472116171534087
58311,2024-09-30,297972,2024-12-31,0.041849138129342746
58314,2024-03-31,2426387,2024-06-30,0.028645636424415852
58314,2024-06-30,2522173,2024-09-30,0.019804632974981272
58314,2024-09-30,2548803,2024-12-31,0.01672413574044246
58316,2024-03-31,2209916,2024-06-30,0.03642394068142241
58316,2024-06-30,2211490,2024-09-30,0.047242248673415456
58316,2024-09-30,2289183,2024-12-31,0.04169036225354147
58322,2024-03-31,207869,2024-06-30,-0.007530439770840177
58322,2024-06-30,219238,2024-09-30,0.01874576475922416
58322,2024-09-30,236288,2024-12-31,0.004609076913186408
58324,2024-03-31,143825,2024-06-30,-0.002898074945296078
58324,2024-06-30,138973,2024-09-30,0.011607609311813795
58324,2024-09-30,143475,2024-12-31,0.004069546446205964
58341,2024-03-31,537483,2024-06-30,0.022535787397427533
58341,2024-06-30,547151,2024-09-30,0.027641118180509325
58341,2024-09-30,622334,2024-12-31,0.015975473060676176
58348,2024-03-31,412144,2024-06-30,0.08790920196643064
58348,2024-06-30,422761,2024-09-30,0.06774687583727512
58348,2024-09-30,440356,2024-12-31,0.05801774798108907
58357,2024-03-31,310991,2024-06-30,0.015417295784865564
58357,2024-06-30,310130,2024-09-30,0.009309859970489975
58357,2024-09-30,314249,2024-12-31,0.015585868873479012
58359,2024-03-31,167723,2024-06-30,0.005486488623963945
58359,2024-06-30,169011,2024-09-30,-0.004501976433150007
58359,2024-09-30,166719,2024-12-31,-0.01895825350222946
58371,2024-03-31,337263,2024-06-30,0.03374996759601013
58371,2024-06-30,355564,2024-09-30,0.05356791625718282
58371,2024-09-30,342361,2024-12-31,0.047053795411821316
58374,2024-03-31,1836859,2024-06-30,0.01278799882052141
58374,2024-06-30,1870766,2024-09-30,0.03002268981626238
58374,2024-09-30,1984881,2024-12-31,0.021692004974714223
58377,2024-03-31,257109,2024-06-30,0.016336808828441227
58377,2024-06-30,247257,2024-09-30,0.03362224616497677
58377,2024-09-30,264453,2024-12-31,0.02463095018364074
58396,2024-03-31,461470,2024-06-30,0.004646679892862948
58396,2024-06-30,448484,2024-09-30,0.019250430299171246
58396,2024-09-30,473637,2024-12-31,0.020257074527289337
58401,2024-03-31,460392,2024-06-30,-0.01065312244914831
58401,2024-06-30,441392,2024-09-30,0.00324548551476873
58401,2024-09-30,439100,2024-12-31,0.015596328381298782
58405,2024-03-31,302265,2024-06-30,0.028860714057571436
58405,2024-06-30,309136,2024-09-30,0.040214485278377746
58405,2024-09-30,336708,2024-12-31,0.021637196480282107
58407,2024-03-31,475018,2024-06-30,0.0006218762834745077
58407,2024-06-30,451957,2024-09-30,0.0017591231914404688
58407,2024-09-30,468495,2024-12-31,0.021017285553319335
58410,2024-03-31,6777032,2024-06-30,0.09873338619817211
58410,2024-06-30,7024369,2024-09-30,0.07619066721327813
58410,2024-09-30,6741808,2024-12-31,0.08941829370831421
58411,2024-03-31,590530,2024-06-30,0.03511075581129574
58411,2024-06-30,595929,2024-09-30,0.05343759874450246
58411,2024-09-30,589558,2024-12-31,0.05004293302078661
58413,2024-03-31,133124,2024-06-30,-0.012572024590474374
58413,2024-06-30,132834,2024-09-30,0.023290147431764267
58413,2024-09-30,143409,2024-12-31,0.05088341007942093
58423,2024-03-31,129233,2024-06-30,0.035579766913785664
58423,2024-06-30,147663,2024-09-30,0.024269099003179324
58423,2024-09-30,129674,2024-12-31,0.03705915744343497
58424,2024-03-31,1253349,2024-06-30,0.011578936445599259
58424,2024-06-30,1206127,2024-09-30,0.014299538926740081
58424,2024-09-30,1258559,2024-12-31,0.005290519084030651
58426,2024-03-31,59627,2024-06-30,-0.004539501453636463
58426,2024-06-30,55594,2024-09-30,-0.023932023868657695
58426,2024-09-30,51901,2024-12-31,-0.02995440138304491
58428,2024-03-31,250448,2024-06-30,0.04704179284693803
58428,2024-06-30,265605,2024-09-30,0.106279229020246
58428,2024-09-30,247725,2024-12-31,0.08480973258032483
58433,2024-03-31,1532063,2024-06-30,0.05018882621331073
58433,2024-06-30,1537741,2024-09-30,0.07091526397923946
58433,2024-09-30,1542861,2024-12-31,0.06321132637947918
58443,2024-03-31,187403,2024-06-30,-8.266330089623533e-05
58443,2024-06-30,200231,2024-09-30,0.02389178562214815
58443,2024-09-30,215075,2024-12-31,0.032118104620290085
58446,2024-03-31,535806,2024-06-30,0.05324312365818063
58446,2024-06-30,535439,2024-09-30,0.09055787113270228
58446,2024-09-30,568404,2024-12-31,0.06515223420119033
58450,2024-03-31,168952,2024-06-30,0.013918324136708505
58450,2024-06-30,175489,2024-09-30,0.018252001479049883
58450,2024-09-30,170315,2024-12-31,0.013703373609945066
58457,2024-03-31,17974443,2024-06-30,0.05322974117558388
58457,2024-06-30,17933649,2024-09-30,0.06130256277528816
58457,2024-09-30,18914194,2024-12-31,0.05421329715423186
58458,2024-03-31,16185381,2024-06-30,0.17621758182724082
58458,2024-06-30,15765196,2024-09-30,0.14061362439169312
58458,2024-09-30,15270583,2024-12-31,0.09983242114455605
58463,2024-03-31,4397341,2024-06-30,0.0388562705642987
58463,2024-06-30,4323525,2024-09-30,0.03710746149173128
58463,2024-09-30,4328537,2024-12-31,0.062057364885996294
58469,2024-03-31,547757,2024-06-30,0.029020252915084786
58469,2024-06-30,555640,2024-09-30,0.026703992596786925
58469,2024-09-30,610877,2024-12-31,0.0749121346003689
58470,2024-03-31,348516,2024-06-30,0.015803797041548894
58470,2024-06-30,346759,2024-09-30,0.03625434079721189
58470,2024-09-30,349751,2024-12-31,0.05098032866371954
58479,2024-03-31,1008125,2024-06-30,0.03263322614190566
58479,2024-06-30,1003333,2024-09-30,0.03526318007547275
58479,2024-09-30,1027032,2024-12-31,0.019287108660282663
58481,2024-03-31,2970262,2024-06-30,-0.02141971306838473
58481,2024-06-30,2967634,2024-09-30,0.00018400557558252364
58481,2024-09-30,3050070,2024-12-31,-0.0003933826455286924
58482,2024-03-31,278399,2024-06-30,0.022934823379370722
58482,2024-06-30,268393,2024-09-30,0.04052323169849503
58482,2024-09-30,285263,2024-12-31,0.05433652304380277
58483,2024-03-31,1122729,2024-06-30,0.03289487572698492
58483,2024-06-30,1158662,2024-09-30,0.03305064340883427
58483,2024-09-30,1295341,2024-12-31,0.04287838984655691
58484,2024-03-31,337233,2024-06-30,0.04923864053018901
58484,2024-06-30,342558,2024-09-30,0.04857649556965591
58484,2024-09-30,344857,2024-12-31,0.03628236035723379
58485,2024-03-31,885934,2024-06-30,-0.006691189200528067
58485,2024-06-30,892505,2024-09-30,0.007427561268308543
58486,2024-03-31,3079640,2024-06-30,0.017181990020582714
58486,2024-06-30,3010450,2024-09-30,0.015394709622693084
58486,2024-09-30,3085454,2024-12-31,0.015360179155968861
58490,2024-03-31,1540832,2024-06-30,0.021856339746328703
58490,2024-06-30,1519997,2024-09-30,0.039688380871782405
58490,2024-09-30,1617524,2024-12-31,0.046158214169051616
58500,2024-03-31,264018,2024-06-30,0.0387340208827208
58500,2024-06-30,265262,2024-09-30,0.03187194399173439
58500,2024-09-30,276314,2024-12-31,0.021155612792476103
58504,2024-03-31,991654,2024-06-30,0.03522589214241048
58504,2024-06-30,1090705,2024-09-30,0.06511628553280233
58504,2024-09-30,1095672,2024-12-31,0.08262914131385717
58508,2024-03-31,302079,2024-06-30,0.013203838615832469
58508,2024-06-30,294417,2024-09-30,0.020872432095775596
58508,2024-09-30,297691,2024-12-31,0.026796160492529465
58509,2024-03-31,683792,2024-06-30,0.02485673734987338
58509,2024-06-30,708222,2024-09-30,0.04444149473391765
58509,2024-09-30,725753,2024-12-31,0.03144291824623669
58511,2024-03-31,445391,2024-06-30,0.00854722843847696
58511,2024-06-30,508467,2024-09-30,0.04257585369502467
58511,2024-09-30,556214,2024-12-31,0.06265365588829398
58513,2024-03-31,1705876,2024-06-30,0.009242575448545858
58513,2024-06-30,1699653,2024-09-30,0.009483397145496083
58513,2024-09-30,2046615,2024-12-31,0.014113370525681677
58517,2024-03-31,167565,2024-06-30,0.026979864727224245
58517,2024-06-30,154210,2024-09-30,0.010112131792969744
58517,2024-09-30,158893,2024-12-31,0.006630073630969776
58523,2024-03-31,298375,2024-06-30,0.03831478972694027
58523,2024-06-30,314539,2024-09-30,0.03522723416915994
58523,2024-09-30,320127,2024-12-31,0.033804444731314165
58534,2024-03-31,1057086,2024-06-30,0.06308671201912296
58534,2024-06-30,941609,2024-09-30,0.05529220536206185
58534,2024-09-30,1017966,2024-12-31,0.08790413944258038
58536,2024-03-31,1758283,2024-06-30,0.012045508381804087
58536,2024-06-30,1721457,2024-09-30,0.012473102592080662
58536,2024-09-30,1710706,2024-12-31,0.011282480541544172
58537,2024-03-31,310036,2024-06-30,0.08340352958633857
58537,2024-06-30,283702,2024-09-30,0.04835749539549204
58537,2024-09-30,299037,2024-12-31,0.04655232536500006
58556,2024-03-31,362756,2024-06-30,0.006801090849092093
58556,2024-06-30,351577,2024-09-30,-0.000313220288530946
58556,2024-09-30,367079,2024-12-31,0.014020261065213728
58558,2024-03-31,2124053,2024-06-30,0.013165148860566077
58558,2024-06-30,2188543,2024-09-30,0.017352841982325912
58558,2024-09-30,2431396,2024-12-31,0.005352483985852913
58563,2024-03-31,425794,2024-06-30,0.018796866078483035
58563,2024-06-30,428862,2024-09-30,0.03183364805665893
58563,2024-09-30,434740,2024-12-31,0.04470349038036362
58564,2024-03-31,7338353,2024-06-30,0.004852820568736237
58564,2024-06-30,6985773,2024-09-30,0.012492167949990985
58564,2024-09-30,7637538,2024-12-31,0.023135770028972075
58581,2024-03-31,2028498,2024-06-30,0.0703018418717568
58581,2024-06-30,2048672,2024-09-30,0.06967236920948633
58581,2024-09-30,2089781,2024-12-31,0.06333325255716624
58583,2024-03-31,1642155,2024-06-30,0.0024344892616683577
58584,2024-03-31,319172,2024-06-30,0.05522216355727216
58584,2024-06-30,293578,2024-09-30,-0.0005096637610598663
58584,2024-09-30,325399,2024-12-31,0.01978623905528014
58586,2024-03-31,132523,2024-06-30,0.00944403092013314
58586,2024-06-30,136453,2024-09-30,0.1592038270836238
58586,2024-09-30,138504,2024-12-31,0.15306065728786195
58588,2024-03-31,389332,2024-06-30,0.02322226739097406
58588,2024-06-30,403659,2024-09-30,0.046971495292390725
58588,2024-09-30,404682,2024-12-31,0.04514881678596908
58590,2024-03-31,827973,2024-06-30,0.22276479196458426
58590,2024-06-30,817422,2024-09-30,0.2633217126682294
58590,2024-09-30,919103,2024-12-31,0.18830656064956078
58595,2024-03-31,1135877,2024-06-30,0.023533068946768577
58595,2024-06-30,1303526,2024-09-30,-0.009889850372896485
58595,2024-09-30,1433889,2024-12-31,-0.028231201432650725
58596,2024-03-31,3830920,2024-06-30,0.013206670136246693
58596,2024-06-30,3881771,2024-09-30,0.0075917798562657865
58596,2024-09-30,4085126,2024-12-31,0.022997063360784883
58597,2024-03-31,214877,2024-06-30,0.004786958809625034
58597,2024-06-30,227688,2024-09-30,0.005732649565788865
58597,2024-09-30,216011,2024-12-31,0.030654035810252108
58602,2024-03-31,231367,2024-06-30,0.007478318637592141
58602,2024-06-30,234280,2024-09-30,0.0421196479353215
58602,2024-09-30,236592,2024-12-31,0.03661623583463971
58615,2024-03-31,381785,2024-06-30,0.023409343408238203
58615,2024-06-30,384627,2024-09-30,0.014776481285883802
58615,2024-09-30,398213,2024-12-31,0.006804317991657031
58619,2024-03-31,613112,2024-06-30,0.025777931526822874
58619,2024-06-30,626321,2024-09-30,0.05985890539568441
58619,2024-09-30,618549,2024-12-31,0.10458438105282321
58626,2024-03-31,814532,2024-06-30,0.03609444129826021
58626,2024-06-30,847271,2024-09-30,0.04204885034013628
58626,2024-09-30,890351,2024-12-31,0.02444807209809624
58629,2024-03-31,8829915,2024-06-30,0.02627365509228112
58629,2024-06-30,8774463,2024-09-30,0.005848813402519613
58629,2024-09-30,8803380,2024-12-31,0.025473215243949767
58636,2024-03-31,167265,2024-06-30,0.021813812485698768
58636,2024-06-30,164339,2024-09-30,0.020839101822670417
58636,2024-09-30,172340,2024-12-31,0.025816189682327857
58644,2024-03-31,296385,2024-06-30,0.021391700290877367
58644,2024-06-30,284238,2024-09-30,0.01053736758925836
58644,2024-09-30,289813,2024-12-31,0.022863258467624884
58647,2024-03-31,10658136,2024-06-30,0.03503614069345274
58647,2024-06-30,10778801,2024-09-30,0.03073680474981865
58647,2024-09-30,10342390,2024-12-31,0.015907061143904413
58648,2024-03-31,6600845,2024-06-30,0.014183522573647056
58648,2024-06-30,6744006,2024-09-30,0.011149408520422429
58648,2024-09-30,6642849,2024-12-31,0.025472775127232693
58657,2024-03-31,614134,2024-06-30,0.013434378862121024
58657,2024-06-30,602684,2024-09-30,0.03591640066722654
58657,2024-09-30,629061,2024-12-31,0.03918270368503521
58658,2024-03-31,217348,2024-06-30,-0.015022628494064749
58658,2024-06-30,204814,2024-09-30,-0.0011047822338828965
58658,2024-09-30,226570,2024-12-31,0.0037160933023265047
58665,2024-03-31,10463812,2024-06-30,0.0284325081744604
58665,2024-06-30,10785317,2024-09-30,0.08421798529926051
58665,2024-09-30,11474355,2024-12-31,0.019625650385504415
58668,2024-03-31,323867,2024-06-30,0.023710616582323023
58668,2024-06-30,347007,2024-09-30,0.03519778194554825
58668,2024-09-30,351036,2024-12-31,0.046584018044699006
58675,2024-03-31,1917860,2024-06-30,-0.01247471061685755
58675,2024-06-30,1942654,2024-09-30,0.024952006349487334
58675,2024-09-30,1958991,2024-12-31,0.005048788319465316
58678,2024-03-31,161609,2024-06-30,0.005190988676600862
58678,2024-06-30,160913,2024-09-30,0.014590501874255916
58678,2024-09-30,163537,2024-12-31,0.0111843634485499
58680,2024-03-31,83672,2024-06-30,0.040291637137592644
58680,2024-06-30,94636,2024-09-30,0.047815118579473966
58680,2024-09-30,94662,2024-12-31,0.02333749961762702
58687,2024-03-31,443409,2024-06-30,0.01914956412140024
58687,2024-06-30,417880,2024-09-30,0.014264457156960973
58687,2024-09-30,401662,2024-12-31,0.05139849536671407
58689,2024-03-31,1345463,2024-06-30,0.06470934877990614
58689,2024-06-30,1417417,2024-09-30,0.057632659418203634
58689,2024-09-30,1476911,2024-12-31,0.014778618663661033
58691,2024-03-31,396464,2024-06-30,0.01852418230750731
58691,2024-06-30,404429,2024-09-30,0.019454980274608024
58691,2024-09-30,424359,2024-12-31,0.018881255218231703
58692,2024-03-31,481707,2024-06-30,0.016291561322375737
58692,2024-06-30,489768,2024-09-30,0.01569090547351079
58692,2024-09-30,484618,2024-12-31,0.007909137638796556
58694,2024-03-31,753280,2024-06-30,0.0337426998043859
58694,2024-06-30,791933,2024-09-30,0.04662308328212015
58694,2024-09-30,825823,2024-12-31,0.042281048366120635
58696,2024-03-31,1859503,2024-06-30,0.02961517433274666
58696,2024-06-30,1971416,2024-09-30,0.04067185450273813
58696,2024-09-30,1963418,2024-12-31,0.036328706007254276
58712,2024-03-31,592645,2024-06-30,0.012520240139267844
58712,2024-06-30,601410,2024-09-30,0.0026723530012109286
58712,2024-09-30,638804,2024-12-31,0.021502002129126636
58716,2024-03-31,4053528,2024-06-30,0.1043834805667983
58716,2024-06-30,3858631,2024-09-30,0.09204568999389647
58716,2024-09-30,3995245,2024-12-31,0.11183606930740504
58722,2024-03-31,1051145,2024-06-30,0.03877511176786612
58722,2024-06-30,1024056,2024-09-30,0.0391834364966507
58722,2024-09-30,1097185,2024-12-31,0.040051750823156804
58723,2024-03-31,411284,2024-06-30,0.013949364089833065
58723,2024-06-30,400123,2024-09-30,0.03789390575213428
58723,2024-09-30,403070,2024-12-31,0.049207606151453365
58724,2024-03-31,160637,2024-06-30,0.06757265293073249
58724,2024-06-30,161295,2024-09-30,0.03809001339897541
58724,2024-09-30,164923,2024-12-31,0.028310402547913567
58727,2024-03-31,820752,2024-06-30,0.0501669569427538
58727,2024-06-30,833250,2024-09-30,0.048949978197948496
58727,2024-09-30,805909,2024-12-31,0.08983756708356867
58732,2024-03-31,145957,2024-06-30,0.015664575201220308
58732,2024-06-30,142214,2024-09-30,0.012456812474322643
58732,2024-09-30,151340,2024-12-31,0.009540000410372253
58739,2024-03-31,934917,2024-06-30,0.04269814430302846
58739,2024-06-30,948765,2024-09-30,0.04859699322473987
58739,2024-09-30,941185,2024-12-31,0.029250368729639445
58741,2024-03-31,752666,2024-06-30,0.007149372144589017
58741,2024-06-30,915407,2024-09-30,0.03504506727433472
58741,2024-09-30,903764,2024-12-31,0.04068813268339356
58745,2024-03-31,134661,2024-06-30,0.010574158681975709
58745,2024-06-30,127569,2024-09-30,-0.007522920908497438
58745,2024-09-30,131740,2024-12-31,0.007742282507476798
58752,2024-03-31,1103560,2024-06-30,0.013595755281108752
58752,2024-06-30,1063037,2024-09-30,0.023127587024852327
58752,2024-09-30,1096960,2024-12-31,0.011878513799575666
58764,2024-03-31,359114,2024-06-30,-0.012261866136702104
58764,2024-06-30,353010,2024-09-30,0.020200140428986296
58764,2024-09-30,347043,2024-12-31,0.021182115514647378
58768,2024-03-31,218212,2024-06-30,-0.015319443717276452
58768,2024-06-30,215455,2024-09-30,0.0015497043346253284
58768,2024-09-30,221578,2024-12-31,0.009740178373931737
58772,2024-03-31,153434,2024-06-30,-0.003593699865188914
58772,2024-06-30,142107,2024-09-30,0.029631523161525154
58778,2024-03-31,140842,2024-06-30,0.0009974765337334955
58778,2024-06-30,147369,2024-09-30,0.013770517988927198
58778,2024-09-30,147498,2024-12-31,0.006402824307253947
58780,2024-03-31,277071,2024-06-30,0.019080706913253958
58780,2024-06-30,281647,2024-09-30,0.022299336207725638
58780,2024-09-30,284186,2024-12-31,0.02463075137613022
58783,2024-03-31,1439211,2024-06-30,-0.008329910564361016
58783,2024-06-30,1404454,2024-09-30,0.022649557540045405
58783,2024-09-30,1534136,2024-12-31,0.048363763013516255
58789,2024-03-31,474642,2024-06-30,0.0321244718191868
58789,2024-06-30,462149,2024-09-30,0.07137045086987406
58789,2024-09-30,471744,2024-12-31,0.06094429145717998
58796,2024-03-31,852797,2024-06-30,0.02026493616880945
58796,2024-06-30,876749,2024-09-30,0.04342170153830759
58796,2024-09-30,934869,2024-12-31,0.04399348751555687
58806,2024-03-31,120381,2024-06-30,0.04931380231412014
58806,2024-06-30,120722,2024-09-30,0.03610719636490772
58806,2024-09-30,132693,2024-12-31,0.02869578036056831
58811,2024-03-31,1532825,2024-06-30,0.13095722308612778
58811,2024-06-30,1623507,2024-09-30,0.1369221006296714
58811,2024-09-30,1636317,2024-12-31,0.11550727512626627
58816,2024-03-31,3072206,2024-06-30,0.05127714093562808
58816,2024-06-30,3056529,2024-09-30,0.05580791505534073
58816,2024-09-30,3128662,2024-12-31,0.07499897921121898
58826,2024-03-31,200478,2024-06-30,0.024845546568790903
58826,2024-06-30,197975,2024-09-30,0.049829702580101255
58826,2024-09-30,228362,2024-12-31,5.393580362995798e-05
58827,2024-03-31,498647,2024-06-30,0.03485834925547107
58827,2024-06-30,527966,2024-09-30,0.06230820002964574
58827,2024-09-30,569697,2024-12-31,0.0793159638437464
58852,2024-03-31,322411,2024-06-30,0.0015116592928996922
58852,2024-06-30,365496,2024-09-30,0.0018221137821901204
58852,2024-09-30,359079,2024-12-31,0.021578690807309998
58857,2024-03-31,123438,2024-06-30,0.025106726846665924
58857,2024-06-30,111031,2024-09-30,0.047266113162755016
58857,2024-09-30,130729,2024-12-31,0.02692560686539055
58859,2024-03-31,178118,2024-06-30,0.01629404250169971
58859,2024-06-30,186881,2024-09-30,0.01863282499751734
58859,2024-09-30,188560,2024-12-31,0.005636263620383353
58864,2024-03-31,879435,2024-06-30,0.017990433592240642
58864,2024-06-30,974854,2024-09-30,0.018607311981269307
58864,2024-09-30,1002709,2024-12-31,0.035631846457263264
58892,2024-03-31,1744144,2024-06-30,0.018066723712835377
58892,2024-06-30,1791735,2024-09-30,0.03696956162307432
58892,2024-09-30,1779295,2024-12-31,0.03437059453510022
58935,2024-03-31,896462,2024-06-30,0.028121868175144782
58935,2024-06-30,901095,2024-09-30,0.054852264719522856
58935,2024-09-30,888758,2024-12-31,0.053106678480216524
58952,2024-03-31,144777,2024-06-30,-0.0015543110523069308
58952,2024-06-30,138561,2024-09-30,0.027867648392995048
58952,2024-09-30,138011,2024-12-31,0.018488014372645557
58961,2024-03-31,246445,2024-06-30,0.004540208827425792
58961,2024-06-30,252484,2024-09-30,0.032892279173130805
58961,2024-09-30,263337,2024-12-31,0.03675582736630186
58979,2024-03-31,27311025,2024-06-30,0.008240894169266473
58979,2024-06-30,28037211,2024-09-30,0.004880310553741275
58979,2024-09-30,28194371,2024-12-31,0.01770795087016239
59043,2024-03-31,295668,2024-06-30,0.0023249058519781048
59043,2024-06-30,263202,2024-09-30,-0.0062114094370845085
59043,2024-09-30,270412,2024-12-31,-0.010677274071301583
59052,2024-03-31,8635371,2024-06-30,0.00968071525676144
59052,2024-06-30,8505473,2024-09-30,0.02344805973006702
59052,2024-09-30,8617006,2024-12-31,0.02064998965016687
59070,2024-03-31,4432193,2024-06-30,0.017252394252485502
59070,2024-06-30,4488937,2024-09-30,0.015939315225859407
59070,2024-09-30,4562100,2024-12-31,0.029692274209812124
59074,2024-03-31,1126618,2024-06-30,-0.009687180581962851
59074,2024-06-30,1206939,2024-09-30,-0.032132645330766936
59074,2024-09-30,1306750,2024-12-31,-0.03625015623512296
59086,2024-03-31,594743,2024-06-30,0.18386055431974763
59086,2024-06-30,602024,2024-09-30,0.24187555180595752
59086,2024-09-30,614764,2024-12-31,0.19941541614549826
59093,2024-03-31,1131667,2024-06-30,0.0005942994222804905
59093,2024-06-30,1127307,2024-09-30,-0.012065315492647548
59093,2024-09-30,1139216,2024-12-31,-0.012540218592906745
59098,2024-03-31,266284,2024-06-30,0.042733615640539346
59098,2024-06-30,257711,2024-09-30,0.10606829437738528
59098,2024-09-30,277853,2024-12-31,0.08156799954372683
59099,2024-03-31,494267,2024-06-30,0.016508543660572084
59099,2024-06-30,520201,2024-09-30,0.00863882770290926
59099,2024-09-30,578795,2024-12-31,-0.03338019113258597
59101,2024-03-31,458444,2024-06-30,0.005840686757332017
59105,2024-03-31,677193,2024-06-30,0.03590308401009395
59105,2024-06-30,694231,2024-09-30,0.01928527970457618
59105,2024-09-30,735592,2024-12-31,0.00862536157870261
59106,2024-03-31,507884,2024-06-30,0.014899248439495957
59106,2024-06-30,544212,2024-09-30,-0.025126742516772382
59106,2024-09-30,587963,2024-12-31,-0.033926751303912234
59108,2024-03-31,9396000,2024-06-30,0.44688985905627787
59108,2024-06-30,8628000,2024-09-30,0.38393478964565536
59108,2024-09-30,8679260,2024-12-31,0.25438063248439174
59112,2024-03-31,760953,2024-06-30,0.09049823595983729
59112,2024-06-30,787263,2024-09-30,0.026154177840175645
59112,2024-09-30,803977,2024-12-31,0.043148289393178885
59113,2024-03-31,752571,2024-06-30,0.17749190867381726
59113,2024-06-30,769706,2024-09-30,0.1098232891468845
59113,2024-09-30,802556,2024-12-31,0.1216210481742389
59114,2024-03-31,549942,2024-06-30,0.053916708684480896
59114,2024-06-30,564004,2024-09-30,-0.0014548988928931013
59114,2024-09-30,606523,2024-12-31,-0.021553459609067172
59117,2024-03-31,231263,2024-06-30,0.12488669714987519
59117,2024-06-30,260941,2024-09-30,0.03356641178839395
59117,2024-09-30,258415,2024-12-31,0.03430794470604478
59138,2024-03-31,205887,2024-06-30,0.061042226955389224
59138,2024-06-30,206443,2024-09-30,0.03507549485784215
59138,2024-09-30,215796,2024-12-31,0.03071221389490844
59140,2024-03-31,268559,2024-06-30,0.06994565077163234
59140,2024-06-30,257667,2024-09-30,0.10780066897095276
59140,2024-09-30,253495,2024-12-31,0.0931404552660816
59143,2024-03-31,280161,2024-06-30,0.14159232962963425
59143,2024-06-30,287901,2024-09-30,0.09108765467583534
59143,2024-09-30,292179,2024-12-31,0.04074543484523573
59144,2024-03-31,370455,2024-06-30,0.016135840999781322
59144,2024-06-30,370407,2024-09-30,0.017998993509018735
59144,2024-09-30,390989,2024-12-31,0.03634236522045139
59148,2024-03-31,268647,2024-06-30,0.030789849650109186
59148,2024-06-30,292168,2024-09-30,0.0076822981935087305
59148,2024-09-30,314908,2024-12-31,0.0032288962601171394
59149,2024-03-31,9088,2024-06-30,0.04101393764682995
59149,2024-06-30,10417,2024-09-30,0.06978305938795416
59149,2024-09-30,8625,2024-12-31,0.07984874096695675
59154,2024-03-31,468794,2024-06-30,0.25516626897814265
59154,2024-06-30,424092,2024-09-30,0.24767379998927172
59154,2024-09-30,420788,2024-12-31,0.1607573022558726
59157,2024-03-31,148825,2024-06-30,0.10274551562660653
59157,2024-06-30,158742,2024-09-30,0.04314609918742891
59157,2024-09-30,163130,2024-12-31,0.05493246341856639
59176,2024-03-31,182535,2024-06-30,0.33777305226436066
59176,2024-06-30,190049,2024-09-30,0.22840995689050925
59176,2024-09-30,192544,2024-12-31,0.1321863971953003
59177,2024-03-31,229296,2024-06-30,-0.022918421526231008
59177,2024-06-30,255933,2024-09-30,0.007976787689285642
59177,2024-09-30,291350,2024-12-31,0.003707652849948353
59178,2024-03-31,195521,2024-06-30,0.05769120102788832
59178,2024-06-30,199864,2024-09-30,0.01935613155801747
59178,2024-09-30,203625,2024-12-31,0.002320032866960007
59181,2024-03-31,129903,2024-06-30,0.25843678972858447
59181,2024-06-30,120704,2024-09-30,0.18975004181101193
59181,2024-09-30,141444,2024-12-31,0.12723120508411517
59182,2024-03-31,136422,2024-06-30,0.1380272304095339
59182,2024-06-30,134601,2024-09-30,0.09536562017442556
59182,2024-09-30,135913,2024-12-31,0.07474975319458173
59183,2024-03-31,669692,2024-06-30,0.09563370386435549
59183,2024-06-30,693142,2024-09-30,0.05127399424594369
59183,2024-09-30,765131,2024-12-31,0.0041787559963285086
59185,2024-03-31,412883,2024-06-30,0.1499397860446119
59185,2024-06-30,376949,2024-09-30,0.25745910766319385
59185,2024-09-30,391805,2024-12-31,0.19880980971960033
59188,2024-03-31,477589,2024-06-30,0.1381399840444295
59188,2024-06-30,444467,2024-09-30,0.21254367673264915
59188,2024-09-30,477327,2024-12-31,0.15545619389837756
59190,2024-03-31,379143,2024-06-30,0.26734631195754927
59190,2024-06-30,339216,2024-09-30,0.32727577605665825
59190,2024-09-30,302422,2024-12-31,0.18156774033160578
59193,2024-03-31,238448,2024-06-30,0.18188813888101232
59193,2024-06-30,244223,2024-09-30,0.10238503169253738
59193,2024-09-30,259283,2024-12-31,0.08535820906997979
59195,2024-03-31,123345,2024-06-30,0.36295970863054944
59195,2024-06-30,133545,2024-09-30,0.34461038450188564
59195,2024-09-30,146219,2024-12-31,0.1425953805619235
59199,2024-03-31,141640,2024-06-30,-0.05406466547595886
59199,2024-06-30,156050,2024-09-30,-0.020866147357523786
59199,2024-09-30,182578,2024-12-31,0.0014948260790955516
59203,2024-03-31,39519,2024-06-30,0.534473115417875
59203,2024-06-30,39724,2024-09-30,0.45956150621255576
59203,2024-09-30,53027,2024-12-31,0.4579079115820251
59204,2024-03-31,47972,2024-06-30,0.5701286334238153
59204,2024-06-30,57292,2024-09-30,0.8931459864664725
59204,2024-09-30,55383,2024-12-31,0.5146864259698715
59205,2024-03-31,960633,2024-06-30,0.07254364102997164
59205,2024-06-30,1033457,2024-09-30,0.06537305090350351
59205,2024-09-30,1148466,2024-12-31,0.20028707144837296
59206,2024-03-31,207629,2024-06-30,-0.03647406918589224
59206,2024-06-30,233908,2024-09-30,0.022134092530158092
59206,2024-09-30,246090,2024-12-31,0.08882252461391865
59209,2024-03-31,193316,2024-06-30,0.006223449781341961
59209,2024-06-30,212825,2024-09-30,0.01554640211117414
59209,2024-09-30,206667,2024-12-31,0.12896849073685399
59219,2024-03-31,189283,2024-06-30,0.053471799411352154
59219,2024-06-30,195785,2024-09-30,0.0608097528614936
59219,2024-09-30,212135,2024-12-31,0.16954028672033863
59239,2024-03-31,42599,2024-06-30,0.3956238135150893
59239,2024-06-30,46653,2024-09-30,0.4114094519963139
59239,2024-09-30,52777,2024-12-31,0.3948775222902029
59245,2024-03-31,134674,2024-06-30,0.25001955182827
59245,2024-06-30,133745,2024-09-30,0.06686821941179492
59245,2024-09-30,141653,2024-12-31,0.011729586691390362
59249,2024-03-31,118932,2024-06-30,0.04626315546964625
59249,2024-06-30,132080,2024-09-30,-0.03988157159016195
59249,2024-09-30,147667,2024-12-31,-0.022119462106065114
59257,2024-03-31,554232,2024-06-30,0.2775922892946454
59257,2024-06-30,620887,2024-09-30,0.02508301415543168
59257,2024-09-30,781865,2024-12-31,0.11871995550820008
59262,2024-03-31,57666,2024-06-30,0.09946758078571485
59262,2024-06-30,53749,2024-09-30,0.08317537865115451
59262,2024-09-30,54122,2024-12-31,0.11325770300101135
59265,2024-03-31,154973,2024-06-30,0.2827729984048775
59265,2024-06-30,188147,2024-09-30,0.3156310807222899
59265,2024-09-30,221410,2024-12-31,0.15459809701646085
59273,2024-03-31,34667,2024-06-30,0.11489053321065387
59273,2024-06-30,29029,2024-09-30,0.19288913409226138
59273,2024-09-30,31399,2024-12-31,0.16525255973070355
59278,2024-03-31,170029,2024-06-30,0.3884800329427034
59278,2024-06-30,199598,2024-09-30,0.4729666385163036
59278,2024-09-30,224352,2024-12-31,0.38166047618569127
59281,2024-03-31,68004,2024-06-30,0.24555359743197824
59281,2024-06-30,73841,2024-09-30,0.48110099578696963
59281,2024-09-30,84699,2024-12-31,0.34048130935721027
59283,2024-03-31,43075,2024-06-30,0.3725581265061997
59283,2024-06-30,47917,2024-09-30,0.29755992116196206
59283,2024-09-30,76657,2024-12-31,0.43237218720035847
59285,2024-03-31,71783,2024-06-30,0.11080566328337012
59285,2024-06-30,83276,2024-09-30,0.2766934771729768
59285,2024-09-30,82093,2024-12-31,0.20708065186577423
59287,2024-03-31,194934,2024-06-30,0.6154246023810782
59287,2024-06-30,233608,2024-09-30,0.6051173320419415
59287,2024-09-30,297103,2024-12-31,0.5110571574179393
59289,2024-03-31,74106,2024-06-30,0.6191579417997805
59289,2024-06-30,86145,2024-09-30,0.5860504615518722
59289,2024-09-30,102833,2024-12-31,0.303633453220375
59290,2024-03-31,41014,2024-06-30,0.28085418487046565
59290,2024-06-30,61338,2024-09-30,0.3468472846641352
59290,2024-09-30,75823,2024-12-31,0.3481126302889527
59292,2024-03-31,28320,2024-06-30,0.32385288924315087
59292,2024-06-30,30601,2024-09-30,0.48930070326818875
59292,2024-09-30,42240,2024-12-31,0.5643028725410756
59296,2024-03-31,138487,2024-06-30,0.18991997371801825
59296,2024-06-30,161049,2024-09-30,0.27040152692557823
59296,2024-09-30,183865,2024-12-31,0.2696758802024482
59298,2024-03-31,142779,2024-06-30,0.3152483995225059
59298,2024-06-30,191471,2024-09-30,0.2096045286620796
59298,2024-09-30,230108,2024-12-31,0.45423245203185175
59304,2024-03-31,188398,2024-06-30,0.45878407804832694
59304,2024-06-30,197503,2024-09-30,0.23170553338163324
59304,2024-09-30,207169,2024-12-31,0.4304106671328556
59305,2024-03-31,12121,2024-06-30,1.1113423447296158
59305,2024-06-30,23772,2024-09-30,0.8545660195541546
59305,2024-09-30,27260,2024-12-31,1.3700392693688945
59306,2024-03-31,97110,2024-06-30,0.3405249401100737
59306,2024-06-30,139971,2024-09-30,0.5508185164125107
59306,2024-09-30,144872,2024-12-31,0.38145773973603125
59312,2024-03-31,25620,2024-06-30,-0.004965616820675328
59312,2024-06-30,17427,2024-09-30,0.07878754056538834
59312,2024-09-30,21414,2024-12-31,-0.019524439050426785
59314,2024-03-31,20745,2024-06-30,0.16445618889257124
59314,2024-06-30,35284,2024-09-30,0.3523869575756944
59314,2024-09-30,57912,2024-12-31,0.4535000525864318
59318,2024-03-31,42945,2024-06-30,-0.12461080078773532
59318,2024-06-30,39466,2024-09-30,0.08320114548304994
59318,2024-09-30,41932,2024-12-31,0.04903195108347102
59324,2024-03-31,79243,2024-06-30,2.0287140267645594
59324,2024-06-30,102079,2024-09-30,1.6759506611096182
59324,2024-09-30,108518,2024-12-31,0.7666667348195835
59326,2024-06-30,5476,2024-09-30,-0.18478661685066147
59326,2024-09-30,10037,2024-12-31,0.19258156656197614
90040,2024-03-31,173532,2024-06-30,0.011068245975529084
90040,2024-06-30,175203,2024-09-30,0.031184027755341986
90040,2024-09-30,185415,2024-12-31,0.019268400662221647
90140,2024-03-31,812700,2024-06-30,0.01815172113449475
90140,2024-06-30,808695,2024-09-30,0.011867728524236287
90140,2024-09-30,799335,2024-12-31,0.02167703755553271
90141,2024-03-31,1350138,2024-06-30,0.023171199974579157
90141,2024-06-30,1282654,2024-09-30,0.024880418853129145
90141,2024-09-30,1306475,2024-12-31,0.025831712530859665
90146,2024-03-31,509134,2024-06-30,0.028630158597038123
90146,2024-06-30,511138,2024-09-30,0.03145808487628691
90146,2024-09-30,525132,2024-12-31,0.016308634813468406
90169,2024-03-31,1215864,2024-06-30,0.07136172555363761
90169,2024-06-30,1222532,2024-09-30,0.07577356934395064
90169,2024-09-30,1316666,2024-12-31,0.07727251349604682
90173,2024-03-31,1290418,2024-06-30,-0.004362323248496518
90173,2024-06-30,1265819,2024-09-30,-0.004560003346290794
90173,2024-09-30,1277311,2024-12-31,0.004577394225976499
90175,2024-03-31,659254,2024-06-30,-0.01809279799173906
90175,2024-06-30,654075,2024-09-30,-0.006456817485473281
90175,2024-09-30,627083,2024-12-31,-0.016553766353217873
90181,2024-03-31,581453,2024-06-30,0.021312989096085595
90181,2024-06-30,592285,2024-09-30,0.016229325435994202
90181,2024-09-30,592718,2024-12-31,0.010806613592822723
90183,2024-03-31,4984437,2024-06-30,0.015406902618589768
90183,2024-06-30,5048424,2024-09-30,0.01766835127557947
90183,2024-09-30,5152786,2024-12-31,0.028006749919071577
90188,2024-03-31,1611983,2024-06-30,0.024174993298641274
90188,2024-06-30,1699399,2024-09-30,0.017648044003468404
90188,2024-09-30,1687600,2024-12-31,-0.003087399081517511
90190,2024-03-31,1053704,2024-06-30,0.010497004474395331
90190,2024-06-30,1023610,2024-09-30,0.021261944513815773
90190,2024-09-30,1046828,2024-12-31,0.023233605229868854
90191,2024-03-31,551909,2024-06-30,0.0026867863763443156
90191,2024-06-30,527042,2024-09-30,0.007402940378877226
90191,2024-09-30,544469,2024-12-31,0.0066106649986442875
90196,2024-03-31,2415196,2024-06-30,0.043381140756956794
90196,2024-06-30,2388416,2024-09-30,0.03753544838645088
90196,2024-09-30,2404524,2024-12-31,0.04272620637043792
90203,2024-03-31,742071,2024-06-30,0.017621217428436198
90203,2024-06-30,743155,2024-09-30,0.03300624968341348
90203,2024-09-30,761125,2024-12-31,0.029626229713127707
90206,2024-03-31,1012341,2024-06-30,0.008316021966546922
90206,2024-06-30,1039118,2024-09-30,0.017311366450825358
90206,2024-09-30,1024322,2024-12-31,0.018674408299490717
90208,2024-03-31,803498,2024-06-30,-0.00440552198446327
90208,2024-06-30,787869,2024-09-30,-0.0023639301806405635
90208,2024-09-30,834546,2024-12-31,0.007198783384043448
90211,2024-03-31,2407321,2024-06-30,0.009905890211570496
90211,2024-06-30,2433603,2024-09-30,0.029971021540381296
90211,2024-09-30,2476155,2024-12-31,0.018258801054508094
90213,2024-03-31,3434370,2024-06-30,0.011473171985513345
90213,2024-06-30,3625766,2024-09-30,0.004844490406857369
90213,2024-09-30,3654512,2024-12-31,0.011259004270778604
90215,2024-03-31,2014889,2024-06-30,0.023733346699261963
90215,2024-06-30,2035303,2024-09-30,0.013236307666332357
90215,2024-09-30,2054896,2024-12-31,0.007435940024417417
90227,2024-03-31,1419027,2024-06-30,0.014958108643524957
90227,2024-06-30,1452157,2024-09-30,0.028658322125755684
90227,2024-09-30,1417692,2024-12-31,0.01826410590497745
90229,2024-03-31,230123,2024-06-30,0.009356647760272199
90229,2024-06-30,229248,2024-09-30,0.011694241252450006
90229,2024-09-30,229401,2024-12-31,0.007787899653952089
90234,2024-03-31,226752,2024-06-30,-0.010933350438955948
90234,2024-06-30,236352,2024-09-30,0.01810522439158051
90234,2024-09-30,225804,2024-12-31,0.004773503271469611
90235,2024-03-31,1377194,2024-06-30,-0.032300452578066914
90235,2024-06-30,1356026,2024-09-30,0.027530515727922648
90235,2024-09-30,1290428,2024-12-31,0.07735842129271141
90245,2024-03-31,605437,2024-06-30,0.026406198206810262
90245,2024-06-30,644463,2024-09-30,0.016925686221123774
90245,2024-09-30,648964,2024-12-31,0.01712266114648883
90250,2024-03-31,3133088,2024-06-30,0.0008227695832284022
90250,2024-06-30,3136572,2024-09-30,0.023715303608062253
90250,2024-09-30,3133418,2024-12-31,0.02753182199032526
90251,2024-03-31,1224001,2024-06-30,0.02622036804833772
90251,2024-06-30,1272771,2024-09-30,0.040365582432003236
90251,2024-09-30,1321558,2024-12-31,0.04875517180324193
90253,2024-03-31,764370,2024-06-30,-0.015966282165250454
90253,2024-06-30,761603,2024-09-30,-0.002802012681686276
90253,2024-09-30,760031,2024-12-31,0.001227484138206034
90258,2024-03-31,362015,2024-06-30,0.011048279367895117
90258,2024-06-30,357329,2024-09-30,0.011510825044606248
90258,2024-09-30,358697,2024-12-31,0.012785248950102282
90259,2024-03-31,1411263,2024-06-30,0.013498425958632081
90259,2024-06-30,1431565,2024-09-30,0.016458418614662344
90259,2024-09-30,1436058,2024-12-31,0.01839432170529975
90268,2024-03-31,388637,2024-06-30,8.142309767618642e-05
90268,2024-06-30,387763,2024-09-30,0.0009676437738250263
90268,2024-09-30,425604,2024-12-31,-0.013534629447518093
90282,2024-03-31,1301761,2024-06-30,-0.0016143398100098955
90282,2024-06-30,1280258,2024-09-30,0.03588557300156023
90282,2024-09-30,1287671,2024-12-31,0.04555950612037627
90290,2024-03-31,2263908,2024-06-30,0.023901382351291155
90290,2024-06-30,2398542,2024-09-30,-0.013109402211239648
90290,2024-09-30,2195389,2024-12-31,0.006134425768136631
90291,2024-03-31,727563,2024-06-30,0.007788996578386895
90291,2024-06-30,709895,2024-09-30,0.01516317591983298
90291,2024-09-30,704044,2024-12-31,0.013990709204015819
90297,2024-03-31,962378,2024-06-30,0.008507441302126502
90297,2024-06-30,968316,2024-09-30,0.020890873133386643
90297,2024-09-30,975538,2024-12-31,0.017833900538234616
90300,2024-03-31,2147346,2024-06-30,0.0043085855354502
90300,2024-06-30,2175169,2024-09-30,0.06451792998672966
90300,2024-09-30,2226013,2024-12-31,0.05540397914061807
90303,2024-03-31,1938548,2024-06-30,0.026609785695736098
90303,2024-06-30,1930972,2024-09-30,0.029750429561430904
90303,2024-09-30,1972102,2024-12-31,0.03104824854360247
90308,2024-03-31,608887,2024-06-30,0.008639660815336302
90308,2024-06-30,637397,2024-09-30,0.009712926410075826
90308,2024-09-30,644342,2024-12-31,0.015278230346966319
90311,2024-03-31,481339,2024-06-30,0.01959841727266341
90311,2024-06-30,491452,2024-09-30,0.01424943270730923
90311,2024-09-30,488080,2024-12-31,0.013257883386827124
90384,2024-03-31,326831,2024-06-30,0.005632361576439693
90384,2024-06-30,324220,2024-09-30,0.020241633508725383
90384,2024-09-30,339061,2024-12-31,0.008552723938223043
91005,2024-03-31,316727,2024-06-30,0.04193976307091998
91005,2024-06-30,316748,2024-09-30,0.05656241316728773
91005,2024-09-30,299147,2024-12-31,0.06393918426018712
91280,2024-03-31,257575,2024-06-30,0.0009313917869493485
91280,2024-06-30,249194,2024-09-30,0.005522919668424864
91280,2024-09-30,248223,2024-12-31,0.015595722933247722
91325,2024-03-31,806,2024-06-30,-0.06538728619153415
91325,2024-06-30,629,2024-09-30,0.05888834106106488
91325,2024-09-30,639,2024-12-31,0.04676912418682728
