CERT,date,DEPDOM,target_date,Prediction
14,2024-03-31,190845000,2024-06-30,-0.03661429492815502
14,2024-06-30,179519000,2024-09-30,0.006113599033211277
14,2024-09-30,182432000,2024-12-31,-0.001082114018634231
35,2024-03-31,900850,2024-06-30,0.020249340965074785
35,2024-06-30,947493,2024-09-30,0.018146998879004034
35,2024-09-30,902761,2024-12-31,0.014685449139080578
39,2024-03-31,414927,2024-06-30,0.016599437205395518
39,2024-06-30,417790,2024-09-30,0.014731623685802081
39,2024-09-30,414388,2024-12-31,0.01519463701915797
41,2024-03-31,276535,2024-06-30,0.02553138166818542
41,2024-06-30,273966,2024-09-30,0.00961443137779715
41,2024-09-30,280279,2024-12-31,0.059490397211095135
49,2024-03-31,67944,2024-06-30,0.00233443334359347
49,2024-06-30,67850,2024-09-30,0.0056537391288193455
49,2024-09-30,68811,2024-12-31,0.03105316899665483
50,2024-03-31,181741,2024-06-30,0.02100708852147424
50,2024-06-30,188135,2024-09-30,0.005900112214419112
50,2024-09-30,188930,2024-12-31,0.01604215234800721
51,2024-03-31,277398,2024-06-30,0.028905955484843305
51,2024-06-30,279396,2024-09-30,0.012996314656179652
51,2024-09-30,298472,2024-12-31,0.015330852424515234
52,2024-03-31,269241,2024-06-30,0.028520623504175408
52,2024-06-30,227954,2024-09-30,-0.0017088058597225432
52,2024-09-30,229797,2024-12-31,0.013120184837242914
54,2024-03-31,324626,2024-06-30,0.014817889357701718
54,2024-06-30,328413,2024-09-30,0.00847773846614959
54,2024-09-30,324623,2024-12-31,0.010071956608757378
58,2024-03-31,1008343,2024-06-30,0.024566213790593174
58,2024-06-30,1005866,2024-09-30,0.02411977675696647
58,2024-09-30,1154084,2024-12-31,0.012729847823526886
70,2024-03-31,86306,2024-06-30,0.026901555940263226
70,2024-06-30,87671,2024-09-30,0.004096065807917482
70,2024-09-30,88137,2024-12-31,-0.0015137645460768
72,2024-03-31,549647,2024-06-30,0.03232207485364429
72,2024-06-30,568260,2024-09-30,0.027549927276891647
72,2024-09-30,619857,2024-12-31,0.023273075954447473
77,2024-03-31,166093,2024-06-30,-0.0023379583846591077
77,2024-06-30,160583,2024-09-30,-0.0042326386494717805
77,2024-09-30,162233,2024-12-31,-0.004113171957016134
81,2024-03-31,115967,2024-06-30,-0.012926366146197554
81,2024-06-30,115211,2024-09-30,-0.0038411536963542893
81,2024-09-30,118874,2024-12-31,-0.011544544627092371
88,2024-03-31,762841,2024-06-30,0.026896741783317215
88,2024-06-30,758658,2024-09-30,0.026322661043187978
88,2024-09-30,799400,2024-12-31,0.017008663365699065
89,2024-03-31,1013636,2024-06-30,0.028969880256451752
89,2024-06-30,1018556,2024-09-30,0.031989569140841494
89,2024-09-30,1039252,2024-12-31,0.02741893857394627
90,2024-03-31,232271,2024-06-30,0.008409745208180532
90,2024-06-30,337665,2024-09-30,-0.033906054756520226
90,2024-09-30,335448,2024-12-31,-0.018339116836361333
93,2024-03-31,51784,2024-06-30,-0.0006063892340477963
93,2024-06-30,50553,2024-09-30,0.011073491626898106
93,2024-09-30,51018,2024-12-31,0.005303651030805053
99,2024-03-31,137568,2024-06-30,0.028724446433126116
99,2024-06-30,137906,2024-09-30,0.03559400194019919
99,2024-09-30,145605,2024-12-31,0.026381151276330318
105,2024-03-31,153456,2024-06-30,0.01940295356651926
105,2024-06-30,156973,2024-09-30,0.019478140674441275
105,2024-09-30,155068,2024-12-31,0.0158088791237223
107,2024-03-31,44785,2024-06-30,-0.004228644730432153
107,2024-06-30,44769,2024-09-30,-0.016476496767333156
107,2024-09-30,45663,2024-12-31,0.016058082568614192
109,2024-03-31,268970,2024-06-30,0.011354981492912418
109,2024-06-30,266360,2024-09-30,0.020637007613759327
109,2024-09-30,268048,2024-12-31,0.02165256591463889
110,2024-03-31,29406070,2024-06-30,0.06026234100702049
110,2024-06-30,29943663,2024-09-30,-0.015050700703438932
110,2024-09-30,30571613,2024-12-31,0.0285720018989667
131,2024-03-31,12020707,2024-06-30,0.0735085188649394
131,2024-06-30,12120841,2024-09-30,0.06468257869777282
131,2024-09-30,12249580,2024-12-31,0.06609638837966539
147,2024-03-31,323272,2024-06-30,0.007388956532598735
147,2024-06-30,311760,2024-09-30,0.005241921750467965
147,2024-09-30,313569,2024-12-31,0.014429570738035472
148,2024-03-31,372669,2024-06-30,0.013236582635180431
148,2024-06-30,371625,2024-09-30,0.013723343782004932
148,2024-09-30,371974,2024-12-31,0.010049289150007256
149,2024-03-31,109602,2024-06-30,0.009333524999526875
149,2024-06-30,108591,2024-09-30,0.003737520765005684
149,2024-09-30,106325,2024-12-31,0.0030489903389175127
155,2024-03-31,211434,2024-06-30,0.02757992898439715
155,2024-06-30,203157,2024-09-30,0.019662623194638497
155,2024-09-30,202245,2024-12-31,0.020898158457659976
160,2024-03-31,330529,2024-06-30,0.014236383513427093
160,2024-06-30,318712,2024-09-30,0.004275547091503992
160,2024-09-30,318692,2024-12-31,0.003248216470311615
169,2024-03-31,329097,2024-06-30,-0.0006192773736137825
169,2024-06-30,323570,2024-09-30,0.0013992941852988133
169,2024-09-30,312901,2024-12-31,-0.006959849118555337
170,2024-03-31,161986,2024-06-30,0.029163587327891115
170,2024-06-30,162368,2024-09-30,0.04638207383261318
170,2024-09-30,167261,2024-12-31,0.04777275417251982
172,2024-03-31,1898426,2024-06-30,0.00419219158142409
172,2024-06-30,1879115,2024-09-30,0.0016516905013891602
172,2024-09-30,1829411,2024-12-31,-0.0015270685346710337
175,2024-03-31,377124,2024-06-30,0.02483653026099431
175,2024-06-30,382397,2024-09-30,0.029652727951512095
175,2024-09-30,383538,2024-12-31,0.07181967685853763
178,2024-03-31,50413,2024-06-30,-0.013246234355973796
178,2024-06-30,50426,2024-09-30,-0.006972551590826479
178,2024-09-30,46459,2024-12-31,-0.001263762264953394
183,2024-03-31,115941,2024-06-30,0.0076484587368764005
183,2024-06-30,122458,2024-09-30,-0.0166555224786712
183,2024-09-30,117731,2024-12-31,-0.014139985181993497
197,2024-03-31,358251,2024-06-30,-0.0021092772339586607
197,2024-06-30,359725,2024-09-30,-0.005725162442154941
197,2024-09-30,363496,2024-12-31,0.0010299902287531112
210,2024-03-31,237142,2024-06-30,0.014963271375308262
210,2024-06-30,240793,2024-09-30,0.0008502781051149632
210,2024-09-30,246895,2024-12-31,0.008161348862434711
214,2024-03-31,489516,2024-06-30,0.01825683073057572
214,2024-06-30,489380,2024-09-30,0.007970345631041178
214,2024-09-30,492521,2024-12-31,0.010093540821953424
226,2024-03-31,209059,2024-06-30,-0.007992909606409805
226,2024-06-30,209064,2024-09-30,0.00993392201359103
226,2024-09-30,210623,2024-12-31,0.01165530980765188
228,2024-03-31,1130523,2024-06-30,0.00842815094666296
228,2024-06-30,1125833,2024-09-30,0.010872018356193851
228,2024-09-30,1192743,2024-12-31,0.020303686605022415
230,2024-03-31,285714,2024-06-30,0.004811794695198555
230,2024-06-30,276826,2024-09-30,0.01799144623029203
230,2024-09-30,278673,2024-12-31,0.018057535768295586
231,2024-03-31,249961,2024-06-30,0.019744421211948627
231,2024-06-30,252170,2024-09-30,0.02462836742160227
231,2024-09-30,258190,2024-12-31,0.020928392736268966
232,2024-03-31,93919,2024-06-30,-0.007946052084921235
232,2024-06-30,95664,2024-09-30,0.010508131838746895
232,2024-09-30,90359,2024-12-31,-0.004495173994221522
234,2024-03-31,85429,2024-06-30,-0.055349145483389886
234,2024-06-30,79626,2024-09-30,0.06049428988991612
234,2024-09-30,90730,2024-12-31,-0.108327261233137
235,2024-03-31,305152,2024-06-30,0.022553697785632747
235,2024-06-30,290437,2024-09-30,0.04316050723741181
235,2024-09-30,282314,2024-12-31,0.032686792481548196
245,2024-03-31,415660,2024-06-30,0.019609587546684876
245,2024-06-30,398591,2024-09-30,0.02839340248641107
245,2024-09-30,401730,2024-12-31,0.03380029042613742
248,2024-03-31,169193,2024-06-30,0.00611078370791354
248,2024-06-30,165447,2024-09-30,0.025913202952639946
248,2024-09-30,170386,2024-12-31,0.01645745903397586
251,2024-03-31,67644,2024-06-30,-0.04458944915541724
251,2024-06-30,64448,2024-09-30,-0.035372689335389305
251,2024-09-30,55202,2024-12-31,0.05735752583176426
252,2024-03-31,260011,2024-06-30,0.007843036432618036
252,2024-06-30,253786,2024-09-30,0.008908236318101911
252,2024-09-30,254469,2024-12-31,0.0034845069846769915
253,2024-03-31,1818028,2024-06-30,0.03701838939207749
253,2024-06-30,1752933,2024-09-30,0.04032008607367324
253,2024-09-30,1746714,2024-12-31,0.034260747595963655
254,2024-03-31,251189,2024-06-30,0.008048796906634006
254,2024-06-30,239423,2024-09-30,0.032840252541986026
254,2024-09-30,247334,2024-12-31,0.017828905154370883
258,2024-03-31,6613540,2024-06-30,0.02078602141546342
258,2024-06-30,6570369,2024-09-30,0.01731285346572936
258,2024-09-30,6726823,2024-12-31,0.0220446388452273
262,2024-03-31,174857,2024-06-30,0.012674028273730212
262,2024-06-30,182769,2024-09-30,0.005046083443809341
262,2024-09-30,206661,2024-12-31,0.0041612180534258214
267,2024-03-31,226791,2024-06-30,0.004739594618667529
267,2024-06-30,229825,2024-09-30,0.008903119406286445
267,2024-09-30,233587,2024-12-31,0.011503202349600089
275,2024-03-31,295574,2024-06-30,0.02028201124661393
275,2024-06-30,297566,2024-09-30,0.010147051247563143
275,2024-09-30,309366,2024-12-31,0.023629646619771603
281,2024-03-31,129944,2024-06-30,0.003443518577134491
281,2024-06-30,129840,2024-09-30,-0.0025648103815965905
281,2024-09-30,134605,2024-12-31,-0.000387357589878429
284,2024-03-31,118528,2024-06-30,0.009578254021053207
284,2024-06-30,119657,2024-09-30,0.009530497691601624
284,2024-09-30,120872,2024-12-31,0.026719402748126998
287,2024-03-31,1252650,2024-06-30,0.009243125193362048
287,2024-06-30,1241088,2024-09-30,0.007826693992563664
287,2024-09-30,1265816,2024-12-31,0.01204249200257282
288,2024-03-31,58845,2024-06-30,0.0011890381602280683
288,2024-06-30,60249,2024-09-30,0.003303796025633088
288,2024-09-30,58202,2024-12-31,0.00525795156782497
289,2024-03-31,212355,2024-06-30,0.007979003304647717
289,2024-06-30,214697,2024-09-30,0.008330772561588462
289,2024-09-30,209715,2024-12-31,0.012703811397727253
291,2024-03-31,109968,2024-06-30,-0.0005341197604112642
291,2024-06-30,109459,2024-09-30,0.00415471701015754
291,2024-09-30,109723,2024-12-31,-0.0013842188957938683
292,2024-03-31,925503,2024-06-30,0.0018554320627648404
292,2024-06-30,917854,2024-09-30,0.0019778996758546704
292,2024-09-30,916250,2024-12-31,0.0011603183224769744
296,2024-03-31,240000,2024-06-30,-0.0052787571414933355
296,2024-06-30,239879,2024-09-30,-0.006129522140391371
296,2024-09-30,242394,2024-12-31,-4.631130572106415e-05
297,2024-03-31,152475,2024-06-30,0.013580510011019372
297,2024-06-30,157040,2024-09-30,0.011425403110743564
297,2024-09-30,161365,2024-12-31,0.01189520146077543
303,2024-03-31,359520,2024-06-30,0.0055190325587544
303,2024-06-30,352042,2024-09-30,0.005021808599740385
303,2024-09-30,362579,2024-12-31,0.0073281243112605626
304,2024-03-31,55430,2024-06-30,0.008117179905117879
304,2024-06-30,54199,2024-09-30,0.015776354129640718
304,2024-09-30,56390,2024-12-31,0.0007528796052167709
306,2024-03-31,364133,2024-06-30,0.02153027069800959
306,2024-06-30,363853,2024-09-30,0.020276858119110557
306,2024-09-30,357551,2024-12-31,-0.012435401293864615
307,2024-03-31,189061,2024-06-30,0.009076154062186254
307,2024-06-30,183332,2024-09-30,-0.003660317542051363
307,2024-09-30,179212,2024-12-31,0.001754569940892019
314,2024-03-31,43640,2024-06-30,0.016140801368356376
314,2024-06-30,41970,2024-09-30,0.014496148223715604
314,2024-09-30,41661,2024-12-31,0.007621854614559231
321,2024-03-31,129268,2024-06-30,-0.02133757896951512
321,2024-06-30,127391,2024-09-30,0.003861184072296482
321,2024-09-30,126921,2024-12-31,0.013700746107310067
324,2024-03-31,394090,2024-06-30,0.013311442468562276
324,2024-06-30,396489,2024-09-30,0.003450782554584688
324,2024-09-30,416791,2024-12-31,0.006137397547232562
327,2024-03-31,159456,2024-06-30,0.007121889141174211
327,2024-06-30,155456,2024-09-30,-0.005735336997490258
327,2024-09-30,176923,2024-12-31,-0.017902802780702307
340,2024-03-31,811592,2024-06-30,-0.07241439983521761
340,2024-06-30,675843,2024-09-30,-0.013349757481358197
340,2024-09-30,666984,2024-12-31,-0.06325096498949997
342,2024-03-31,600142,2024-06-30,-0.00025216087792368966
342,2024-06-30,606268,2024-09-30,0.005591122524289184
342,2024-09-30,619724,2024-12-31,0.009687274943615288
352,2024-03-31,141443,2024-06-30,0.004552158001737812
352,2024-06-30,139956,2024-09-30,-0.009765730924575191
352,2024-09-30,135311,2024-12-31,-0.005064148426516247
358,2024-03-31,38051,2024-06-30,0.026022619056919022
358,2024-06-30,37539,2024-09-30,0.012313438847730125
358,2024-09-30,37757,2024-12-31,0.01756170605582871
363,2024-03-31,421057,2024-06-30,-0.01337668024798596
363,2024-06-30,426742,2024-09-30,0.026213740843723257
363,2024-09-30,430387,2024-12-31,-0.008231744387248652
384,2024-03-31,1156756,2024-06-30,0.018487032637045965
384,2024-06-30,1184261,2024-09-30,0.03284220283339386
384,2024-09-30,1267331,2024-12-31,0.017984743824750803
389,2024-03-31,54229,2024-06-30,-0.006075137183307552
389,2024-06-30,54482,2024-09-30,-0.005122677843705564
389,2024-09-30,49009,2024-12-31,0.007039567792771763
399,2024-03-31,24181,2024-06-30,-0.004019944516353458
399,2024-06-30,24121,2024-09-30,-0.002843298696114856
399,2024-09-30,25437,2024-12-31,-0.013965487081037913
402,2024-03-31,277466,2024-06-30,0.013169683490262218
402,2024-06-30,269168,2024-09-30,0.007252019242767719
402,2024-09-30,272768,2024-12-31,0.006861833098087172
404,2024-03-31,168454,2024-06-30,0.009983085100165103
404,2024-06-30,169879,2024-09-30,0.0072840757156535235
404,2024-09-30,168535,2024-12-31,0.007077384306893278
406,2024-03-31,96021,2024-06-30,0.008565452221838467
406,2024-06-30,99062,2024-09-30,-0.0052905493411838965
406,2024-09-30,97305,2024-12-31,-0.012762361600794995
414,2024-03-31,258551,2024-06-30,-0.01866587331009028
414,2024-06-30,245178,2024-09-30,-0.05138005001814544
414,2024-09-30,241053,2024-12-31,0.019240602967067
418,2024-03-31,157164,2024-06-30,0.021363032275822327
418,2024-06-30,150310,2024-09-30,0.029778238730298463
418,2024-09-30,159926,2024-12-31,0.03901788865325101
420,2024-03-31,29927,2024-06-30,-0.003277831418918304
420,2024-06-30,28957,2024-09-30,-0.03905112650825759
420,2024-09-30,29292,2024-12-31,0.0016022468615477104
421,2024-03-31,227488,2024-06-30,-0.007217534125419472
421,2024-06-30,227035,2024-09-30,0.0008133845161754255
421,2024-09-30,222863,2024-12-31,0.003422327235453011
428,2024-03-31,81876,2024-06-30,0.020624550353667885
428,2024-06-30,82236,2024-09-30,0.005320385999814488
428,2024-09-30,78180,2024-12-31,-0.004032296617298503
432,2024-03-31,116189,2024-06-30,0.006309251504840296
432,2024-06-30,113847,2024-09-30,0.006960011625650603
432,2024-09-30,114585,2024-12-31,0.008631056337011502
444,2024-03-31,471151,2024-06-30,0.024935412705621458
444,2024-06-30,481344,2024-09-30,0.022865055443108545
444,2024-09-30,487886,2024-12-31,0.02251751538219663
445,2024-03-31,491019,2024-06-30,0.012159656921201134
445,2024-06-30,494581,2024-09-30,0.015911623150199533
445,2024-09-30,499856,2024-12-31,0.010530921218725026
485,2024-03-31,274773,2024-06-30,0.030912444033656734
485,2024-06-30,271058,2024-09-30,0.020847909021680065
485,2024-09-30,263187,2024-12-31,0.027053109874384012
492,2024-03-31,66668,2024-06-30,0.0324104219194122
492,2024-06-30,67401,2024-09-30,-0.003841885283307368
492,2024-09-30,63810,2024-12-31,0.06261924843643742
496,2024-03-31,242350,2024-06-30,0.012608962846520234
496,2024-06-30,244774,2024-09-30,0.020903514305493975
496,2024-09-30,264234,2024-12-31,0.012334152803888386
501,2024-03-31,118226,2024-06-30,0.06835184100788444
501,2024-06-30,121871,2024-09-30,0.03753414375179584
501,2024-09-30,130228,2024-12-31,0.0012609476154651807
505,2024-03-31,113376,2024-06-30,0.009641015329007796
505,2024-06-30,113466,2024-09-30,0.017215239294400823
505,2024-09-30,120247,2024-12-31,0.01039969614349948
526,2024-03-31,25686,2024-06-30,0.021049031731160635
526,2024-06-30,25915,2024-09-30,0.009234286883159153
526,2024-09-30,26809,2024-12-31,-0.0080287869410482
529,2024-03-31,187049,2024-06-30,0.0015288841851586505
529,2024-06-30,183792,2024-09-30,-0.006032659178817263
529,2024-09-30,183444,2024-12-31,-0.002905009524481955
588,2024-03-31,170491317,2024-06-30,0.014783446226309574
588,2024-06-30,163689914,2024-09-30,0.004781821148084516
588,2024-09-30,167630859,2024-12-31,0.007118728990668772
597,2024-03-31,2488372,2024-06-30,-0.007505485598670274
597,2024-06-30,2421997,2024-09-30,0.008624658757360218
597,2024-09-30,2456740,2024-12-31,-0.006453475029522092
609,2024-03-31,6476162,2024-06-30,-0.0032553385614208247
609,2024-06-30,6323593,2024-09-30,-0.00363970584814297
609,2024-09-30,6616031,2024-12-31,0.010124010784415887
618,2024-03-31,265185,2024-06-30,-0.032611778752467846
618,2024-06-30,257796,2024-09-30,0.05258536989893393
618,2024-09-30,264902,2024-12-31,-0.011686484869042191
622,2024-03-31,7347804,2024-06-30,0.03292547131023993
622,2024-06-30,7478989,2024-09-30,0.03380774910441412
622,2024-09-30,7616985,2024-12-31,0.03162023446711216
623,2024-03-31,26750000,2024-06-30,0.006066557888991102
623,2024-06-30,27997000,2024-09-30,-0.00029571150421955764
623,2024-09-30,27432000,2024-12-31,0.007890531852861937
628,2024-03-31,2061107000,2024-06-30,0.015291868785786417
628,2024-06-30,2008751000,2024-09-30,0.00644968415041411
628,2024-09-30,2032340000,2024-12-31,0.012893555011926837
639,2024-03-31,212250000,2024-06-30,-0.03396559014865893
639,2024-06-30,202091000,2024-09-30,-0.003992842573178049
639,2024-09-30,195220000,2024-12-31,0.01560054973638848
659,2024-03-31,5415139,2024-06-30,-0.006763235860223688
659,2024-06-30,5150319,2024-09-30,0.05593215528878488
659,2024-09-30,5324628,2024-12-31,-0.011783598946417728
660,2024-03-31,1414733,2024-06-30,0.012371996063806278
660,2024-06-30,1388285,2024-09-30,0.02601972361617827
660,2024-09-30,1428908,2024-12-31,0.016001925061956402
686,2024-03-31,1214472,2024-06-30,-0.013724629047798956
686,2024-06-30,1266624,2024-09-30,0.030991869807871164
686,2024-09-30,1291424,2024-12-31,0.009467431597046078
698,2024-03-31,1840606,2024-06-30,0.05363135385714112
698,2024-06-30,1811865,2024-09-30,0.01028067089873823
698,2024-09-30,1857281,2024-12-31,0.043009217176530105
713,2024-03-31,2709396,2024-06-30,0.024460982233835336
713,2024-06-30,2714804,2024-09-30,0.02315664658088928
713,2024-09-30,4666890,2024-12-31,0.04745276207459392
737,2024-03-31,222579,2024-06-30,0.0022842925585193283
737,2024-06-30,228739,2024-09-30,0.00860548492712233
737,2024-09-30,237006,2024-12-31,0.016828786487524873
763,2024-03-31,647812,2024-06-30,0.0153171679943159
763,2024-06-30,658942,2024-09-30,0.013973618391126114
763,2024-09-30,657401,2024-12-31,0.017346378021409745
769,2024-03-31,399976,2024-06-30,0.0160011386136322
769,2024-06-30,403524,2024-09-30,0.011738640803106295
769,2024-09-30,402531,2024-12-31,0.00712028984701015
803,2024-03-31,13732310,2024-06-30,0.020870148190739422
803,2024-06-30,13651212,2024-09-30,0.005114781995881293
803,2024-09-30,14240160,2024-12-31,0.02452690287106874
823,2024-03-31,488964,2024-06-30,0.0021195043361904465
823,2024-06-30,483960,2024-09-30,-0.0010414416945106148
823,2024-09-30,467049,2024-12-31,-0.00676693579996792
845,2024-03-31,274591,2024-06-30,0.0020571949076214394
845,2024-06-30,275186,2024-09-30,0.011158031789843943
845,2024-09-30,270275,2024-12-31,0.014480719197214184
847,2024-03-31,68740,2024-06-30,-0.0028267340475707278
847,2024-06-30,66691,2024-09-30,-0.0020711511940374344
847,2024-09-30,67237,2024-12-31,-0.0039867490284207574
855,2024-03-31,103385,2024-06-30,0.003586403732615858
855,2024-06-30,102993,2024-09-30,-0.012378420607390115
855,2024-09-30,108015,2024-12-31,0.03827629872860232
861,2024-03-31,320136,2024-06-30,-0.0042585096686663096
861,2024-06-30,317046,2024-09-30,5.021953211999461e-06
861,2024-09-30,320555,2024-12-31,0.009070849263788101
872,2024-03-31,223924,2024-06-30,-0.01495579678328536
872,2024-06-30,212049,2024-09-30,-0.02837769815157674
872,2024-09-30,207096,2024-12-31,0.019954200280457992
873,2024-03-31,51179997,2024-06-30,0.004119683117979711
873,2024-06-30,50744903,2024-09-30,0.0007128794259578815
873,2024-09-30,50697977,2024-12-31,0.0021646567762875417
876,2024-03-31,125317,2024-06-30,-0.011920951687394576
876,2024-06-30,125684,2024-09-30,-0.033635772793118066
876,2024-09-30,130950,2024-12-31,0.005105599220059037
877,2024-03-31,175381,2024-06-30,-0.008985376677279272
877,2024-06-30,173089,2024-09-30,-0.00827265624253547
877,2024-09-30,167889,2024-12-31,-0.010045765061828747
879,2024-03-31,152308,2024-06-30,-0.018097610281879138
879,2024-06-30,147592,2024-09-30,-0.02168225825417281
879,2024-09-30,149894,2024-12-31,0.021503401420284576
889,2024-03-31,183393,2024-06-30,0.042883350410131256
889,2024-06-30,184175,2024-09-30,0.04467243343097446
889,2024-09-30,187640,2024-12-31,0.04223913346657338
893,2024-03-31,670706,2024-06-30,0.01601319445152758
893,2024-06-30,686415,2024-09-30,0.009135630268283004
893,2024-09-30,670143,2024-12-31,0.011438048199001625
898,2024-03-31,226457,2024-06-30,0.015116785490268517
898,2024-06-30,225013,2024-09-30,0.016785827150576776
898,2024-09-30,228088,2024-12-31,0.016317888782485503
899,2024-03-31,82173,2024-06-30,-0.008354710610521319
899,2024-06-30,76909,2024-09-30,0.011021295753929362
899,2024-09-30,82105,2024-12-31,-0.017048953087863788
902,2024-03-31,314692,2024-06-30,0.038787581506889074
902,2024-06-30,328819,2024-09-30,0.017068490895568816
902,2024-09-30,334831,2024-12-31,-0.02964214272584021
903,2024-03-31,959734,2024-06-30,0.02774625745253764
903,2024-06-30,1023709,2024-09-30,-0.08980943461576565
903,2024-09-30,984809,2024-12-31,0.2582830121123857
913,2024-03-31,49223919,2024-06-30,0.0031415579889080393
913,2024-06-30,48160674,2024-09-30,-0.021777223134784456
913,2024-09-30,44869342,2024-12-31,-0.027474949281560777
925,2024-03-31,94050,2024-06-30,0.0012568985372957608
925,2024-06-30,93372,2024-09-30,0.0027471219640509657
925,2024-09-30,96836,2024-12-31,-0.003947255587309734
926,2024-03-31,493757,2024-06-30,0.004134732367637753
926,2024-06-30,500311,2024-09-30,0.006388660198123323
926,2024-09-30,513061,2024-12-31,0.013733316032999085
931,2024-03-31,52761,2024-06-30,-0.06662640316453405
931,2024-06-30,48365,2024-09-30,-0.010484897005527936
931,2024-09-30,47952,2024-12-31,0.04040209411610384
950,2024-03-31,346097,2024-06-30,0.002628237817765859
950,2024-06-30,335148,2024-09-30,0.010052050122711273
950,2024-09-30,346644,2024-12-31,0.026969888510850085
951,2024-03-31,216884,2024-06-30,-0.008436622203817247
951,2024-06-30,211958,2024-09-30,0.018249573844807767
951,2024-09-30,217276,2024-12-31,0.007905120391226088
953,2024-03-31,5144374,2024-06-30,0.025892489347583498
953,2024-06-30,5149640,2024-09-30,0.03193714832176425
953,2024-09-30,5268707,2024-12-31,0.02831156315904858
954,2024-03-31,215883,2024-06-30,-0.044370120594899226
954,2024-06-30,219716,2024-09-30,-0.04113672545436702
954,2024-09-30,211080,2024-12-31,0.023407922009894205
955,2024-03-31,424266,2024-06-30,0.024147555184936127
955,2024-06-30,416118,2024-09-30,0.050262576383977284
955,2024-09-30,423520,2024-12-31,0.027849455721665077
956,2024-03-31,293270,2024-06-30,-0.02393778271080465
956,2024-06-30,271672,2024-09-30,0.06759355339792067
956,2024-09-30,286063,2024-12-31,-0.01599412572770558
958,2024-03-31,1885354,2024-06-30,0.006282239536301688
958,2024-06-30,1849956,2024-09-30,0.023265559662957326
958,2024-09-30,1896695,2024-12-31,0.01639614434614197
963,2024-03-31,241217,2024-06-30,0.0011139800105146468
963,2024-06-30,235212,2024-09-30,0.009228819717930268
963,2024-09-30,243100,2024-12-31,-0.0006027496957527928
966,2024-03-31,41532,2024-06-30,-0.011567723863193826
966,2024-06-30,46704,2024-09-30,-0.04508790397479854
966,2024-09-30,46113,2024-12-31,-0.006398216831135043
968,2024-03-31,259537,2024-06-30,-0.026604609524050405
968,2024-06-30,241862,2024-09-30,0.060059619893802256
968,2024-09-30,259114,2024-12-31,-0.006253041343572563
969,2024-03-31,133195,2024-06-30,0.007241222747038516
969,2024-06-30,133549,2024-09-30,0.008205949520501434
969,2024-09-30,132312,2024-12-31,0.01155242959338732
976,2024-03-31,104681,2024-06-30,-0.006221415628592974
976,2024-06-30,102995,2024-09-30,0.001105843239908708
976,2024-09-30,102179,2024-12-31,0.0282931463476736
977,2024-03-31,480115,2024-06-30,-0.023176646164960218
977,2024-06-30,483856,2024-09-30,0.013822570353926386
977,2024-09-30,496271,2024-12-31,0.014385949514201609
982,2024-03-31,471712,2024-06-30,0.02565429141667322
982,2024-06-30,462843,2024-09-30,0.02857009116397143
982,2024-09-30,499149,2024-12-31,0.02610402914024092
983,2024-03-31,64859000,2024-06-30,0.0005570715538028011
983,2024-06-30,63611000,2024-09-30,-0.009896537834503732
983,2024-09-30,64250000,2024-12-31,-0.017227549058644022
999,2024-03-31,114985,2024-06-30,0.008137665592406682
999,2024-06-30,91523,2024-09-30,-0.007171159353689284
999,2024-09-30,93285,2024-12-31,0.01405206347612303
1005,2024-03-31,1796752,2024-06-30,0.007950769055349917
1005,2024-06-30,1754172,2024-09-30,0.022744038407485657
1005,2024-09-30,1815520,2024-12-31,0.009542801924794508
1008,2024-03-31,96746,2024-06-30,0.022188360245992026
1008,2024-06-30,106164,2024-09-30,0.032393231323558994
1008,2024-09-30,111121,2024-12-31,0.014333280013018848
1014,2024-03-31,2198207,2024-06-30,0.01817007045725217
1014,2024-06-30,2131382,2024-09-30,0.015844308390545545
1014,2024-09-30,2245330,2024-12-31,0.013829455708565102
1022,2024-03-31,279360,2024-06-30,-0.02806678274344473
1022,2024-06-30,270248,2024-09-30,-0.018131752470191394
1022,2024-09-30,259202,2024-12-31,0.016474070431503382
1027,2024-03-31,370730,2024-06-30,0.009831279635704767
1027,2024-06-30,371812,2024-09-30,0.006579604999619934
1027,2024-09-30,391388,2024-12-31,0.018499695203167337
1028,2024-03-31,218883,2024-06-30,0.014187057017464354
1028,2024-06-30,221198,2024-09-30,0.011999717183972714
1028,2024-09-30,221892,2024-12-31,0.012399629475281757
1040,2024-03-31,6329349,2024-06-30,0.022479572269721665
1040,2024-06-30,6124643,2024-09-30,0.016706636696894494
1040,2024-09-30,6262217,2024-12-31,0.02471119198130062
1047,2024-03-31,418524,2024-06-30,-0.0008722672257500824
1047,2024-06-30,498457,2024-09-30,0.029908609736778384
1047,2024-09-30,493214,2024-12-31,0.008052101507221132
1049,2024-03-31,213379,2024-06-30,-0.033648067179625374
1049,2024-06-30,208116,2024-09-30,0.012478462655822356
1049,2024-09-30,216140,2024-12-31,-0.047525990147250834
1058,2024-03-31,2267728,2024-06-30,0.012250727199784067
1058,2024-06-30,2319210,2024-09-30,0.015401137479438292
1058,2024-09-30,2286540,2024-12-31,0.01604723365635949
1060,2024-03-31,1055662,2024-06-30,0.034765468117974846
1060,2024-06-30,1053326,2024-09-30,0.0016500397450214966
1060,2024-09-30,1067955,2024-12-31,0.042606831552252006
1068,2024-03-31,1148528,2024-06-30,0.06440331955374534
1068,2024-06-30,1101207,2024-09-30,0.0842164437552801
1068,2024-09-30,1121426,2024-12-31,0.049964005510586273
1073,2024-03-31,667176,2024-06-30,0.0014557706894677467
1073,2024-06-30,664887,2024-09-30,-0.0019958590288227584
1073,2024-09-30,679721,2024-12-31,0.008245839218297418
1086,2024-03-31,258200,2024-06-30,0.01376858181241947
1086,2024-06-30,266073,2024-09-30,-0.0018887327692461168
1086,2024-09-30,263328,2024-12-31,0.01353249908996066
1090,2024-03-31,260160,2024-06-30,-0.0026389339897706864
1090,2024-06-30,267898,2024-09-30,0.0021834308745155152
1090,2024-09-30,272107,2024-12-31,0.018595467187595683
1092,2024-03-31,136503,2024-06-30,0.016360645804597458
1092,2024-06-30,136610,2024-09-30,0.0153699262784908
1092,2024-09-30,136739,2024-12-31,0.015485457992162844
1095,2024-03-31,421135,2024-06-30,0.004859914422529885
1095,2024-06-30,420554,2024-09-30,0.06424096406803957
1095,2024-09-30,434971,2024-12-31,-0.0019441106402030668
1098,2024-03-31,79548,2024-06-30,0.0025867428755703735
1098,2024-06-30,77934,2024-09-30,-0.0015581204466556951
1098,2024-09-30,74738,2024-12-31,-0.008162739077632208
1100,2024-03-31,314348,2024-06-30,0.07336187109324917
1100,2024-06-30,326818,2024-09-30,0.03726043480049435
1100,2024-09-30,344216,2024-12-31,0.032837873659092895
1105,2024-03-31,23080700,2024-06-30,0.005802255984475754
1105,2024-06-30,23144335,2024-09-30,0.015958429740738887
1105,2024-09-30,23140174,2024-12-31,0.01461501296000324
1117,2024-03-31,1557525,2024-06-30,0.03334084992357157
1117,2024-06-30,1532327,2024-09-30,0.049209106619281615
1117,2024-09-30,1630751,2024-12-31,0.03232992588477883
1118,2024-03-31,124377,2024-06-30,0.0008766818665436457
1118,2024-06-30,121825,2024-09-30,-0.005746845074185503
1118,2024-09-30,118134,2024-12-31,-0.007661767174030322
1122,2024-03-31,571665,2024-06-30,-0.023502962663643948
1122,2024-06-30,562305,2024-09-30,-0.01491488756850543
1122,2024-09-30,562988,2024-12-31,0.021565740353996454
1125,2024-03-31,173938,2024-06-30,0.01328607930207017
1125,2024-06-30,176772,2024-09-30,0.004551530740195914
1125,2024-09-30,173453,2024-12-31,0.02922326496420907
1141,2024-03-31,160781,2024-06-30,0.01435687528389454
1141,2024-06-30,165072,2024-09-30,0.033997391713420415
1141,2024-09-30,182221,2024-12-31,-0.013161458645198335
1147,2024-03-31,448453,2024-06-30,0.0025812876761702164
1147,2024-06-30,438384,2024-09-30,-0.004709631598162324
1147,2024-09-30,438063,2024-12-31,0.030526012157401437
1150,2024-03-31,133245,2024-06-30,0.05529634526857067
1150,2024-06-30,127032,2024-09-30,0.07400335014409373
1150,2024-09-30,124308,2024-12-31,0.060004408389898296
1163,2024-03-31,97226,2024-06-30,0.04254547604290148
1163,2024-06-30,97626,2024-09-30,0.030181203092361844
1163,2024-09-30,95658,2024-12-31,0.03177179788219387
1164,2024-03-31,691847,2024-06-30,-0.005229027564824917
1164,2024-06-30,692386,2024-09-30,-0.015602158929945703
1164,2024-09-30,691376,2024-12-31,-0.00011187795752883618
1165,2024-03-31,118236,2024-06-30,0.03675214981832326
1165,2024-06-30,116975,2024-09-30,0.037443736880132854
1165,2024-09-30,114855,2024-12-31,0.03991242826295399
1167,2024-03-31,236106,2024-06-30,0.026475894963304065
1167,2024-06-30,220600,2024-09-30,0.02415505254581952
1167,2024-09-30,207404,2024-12-31,0.013313552150851943
1169,2024-03-31,217140,2024-06-30,0.011768453630560708
1169,2024-06-30,212193,2024-09-30,0.02272154563996519
1169,2024-09-30,211309,2024-12-31,0.08400743919896193
1184,2024-03-31,492014,2024-06-30,-0.0031224563679860978
1184,2024-06-30,482384,2024-09-30,-0.0036871233074004884
1184,2024-09-30,481222,2024-12-31,-0.0068035748710911295
1198,2024-03-31,264888,2024-06-30,0.018815418807149948
1198,2024-06-30,260431,2024-09-30,0.018518571930937325
1198,2024-09-30,253093,2024-12-31,0.015332040473994044
1208,2024-03-31,2637746,2024-06-30,0.017773684601953898
1208,2024-06-30,2626799,2024-09-30,0.01211789072271763
1208,2024-09-30,2675733,2024-12-31,0.019427840415398055
1209,2024-03-31,1299207,2024-06-30,0.0208228843770472
1209,2024-06-30,1301780,2024-09-30,0.01543057883224104
1209,2024-09-30,1336458,2024-12-31,0.020439447551297733
1210,2024-03-31,1980760,2024-06-30,0.05321490753171336
1210,2024-06-30,1945539,2024-09-30,0.040888076665679826
1210,2024-09-30,2118406,2024-12-31,0.061976778505203826
1213,2024-03-31,1167366,2024-06-30,0.03982569338980391
1213,2024-06-30,1335498,2024-09-30,0.05224193375491817
1213,2024-09-30,1581313,2024-12-31,0.10151743510539828
1218,2024-03-31,163650,2024-06-30,-0.015266683692583417
1218,2024-06-30,159779,2024-09-30,-0.007588544694399153
1218,2024-09-30,155528,2024-12-31,0.018083206175404373
1219,2024-03-31,518993,2024-06-30,0.020194390468187964
1219,2024-06-30,518322,2024-09-30,0.020215375707399383
1219,2024-09-30,530548,2024-12-31,0.060461385892265844
1225,2024-03-31,8597629,2024-06-30,0.00938031457266782
1225,2024-06-30,8813285,2024-09-30,0.022224549594021707
1225,2024-09-30,8771794,2024-12-31,0.012480790561147042
1237,2024-03-31,319316,2024-06-30,0.0033504930333748545
1237,2024-06-30,319838,2024-09-30,0.007845615544021942
1237,2024-09-30,327857,2024-12-31,0.010991763983381102
1265,2024-03-31,1784838,2024-06-30,0.00029198731595082584
1265,2024-06-30,1772472,2024-09-30,0.010684731955785245
1265,2024-09-30,1824986,2024-12-31,0.01289785729019169
1281,2024-03-31,7990445,2024-06-30,0.012607082742749
1281,2024-06-30,7984153,2024-09-30,0.024771075800411123
1281,2024-09-30,8663700,2024-12-31,0.018264425267310664
1291,2024-03-31,2497602,2024-06-30,0.024740919167103585
1291,2024-06-30,2593324,2024-09-30,0.022905014270258043
1291,2024-09-30,2552640,2024-12-31,0.02768784294916923
1294,2024-03-31,612866,2024-06-30,0.018074660583757438
1294,2024-06-30,631562,2024-09-30,0.020441090979844343
1294,2024-09-30,682559,2024-12-31,0.018902777632119422
1296,2024-03-31,249398,2024-06-30,0.0011949168551759265
1296,2024-06-30,248467,2024-09-30,-0.019079047240396114
1296,2024-09-30,243245,2024-12-31,0.028351946556900907
1299,2024-03-31,1120308,2024-06-30,-0.0015188659440257969
1299,2024-06-30,1142680,2024-09-30,0.01735209211804043
1299,2024-09-30,1180823,2024-12-31,0.019764710890511756
1331,2024-03-31,4962013,2024-06-30,0.03719119479489886
1331,2024-06-30,4600442,2024-09-30,0.07562117065706964
1331,2024-09-30,4712269,2024-12-31,0.056333022942900324
1365,2024-03-31,894909,2024-06-30,0.007734486672590495
1365,2024-06-30,894736,2024-09-30,0.0029069341993451414
1365,2024-09-30,884264,2024-12-31,-0.003627239471825165
1373,2024-03-31,918631,2024-06-30,0.03812491397719906
1373,2024-06-30,976805,2024-09-30,0.03419480050778175
1373,2024-09-30,1068300,2024-12-31,0.027132390849900066
1374,2024-03-31,66391,2024-06-30,-0.09611638254450741
1374,2024-06-30,65172,2024-09-30,-0.08002349603682045
1374,2024-09-30,60228,2024-12-31,0.17801843241953463
1376,2024-03-31,389761,2024-06-30,0.022142821631333225
1376,2024-06-30,382019,2024-09-30,0.03637051859406389
1376,2024-09-30,398326,2024-12-31,0.06143521996264695
1380,2024-03-31,130423,2024-06-30,0.013544805089387674
1380,2024-06-30,135515,2024-09-30,0.009535842464512221
1380,2024-09-30,135283,2024-12-31,-0.0031513339129131948
1386,2024-03-31,42194,2024-06-30,0.09224015362048327
1386,2024-06-30,41412,2024-09-30,0.01752461926190246
1391,2024-03-31,59193,2024-06-30,-0.0038186331748833444
1391,2024-06-30,58082,2024-09-30,-0.004112264369681754
1391,2024-09-30,54413,2024-12-31,-0.005033644074280099
1399,2024-03-31,2897379,2024-06-30,0.0144410083712631
1399,2024-06-30,2935382,2024-09-30,0.01570619115089887
1399,2024-09-30,2977454,2024-12-31,0.01904649312357836
1402,2024-03-31,1318025,2024-06-30,0.01593593554559131
1402,2024-06-30,1327095,2024-09-30,0.019518275389648867
1402,2024-09-30,1310850,2024-12-31,0.0389236121873697
1409,2024-03-31,350444,2024-06-30,0.01684499118377663
1409,2024-06-30,350013,2024-09-30,0.0246818266909212
1409,2024-09-30,366589,2024-12-31,0.03492827714274571
1413,2024-03-31,132410,2024-06-30,0.0007439507579478574
1413,2024-06-30,130345,2024-09-30,-0.008668566174822635
1413,2024-09-30,127696,2024-12-31,-0.010755035648638264
1415,2024-03-31,122305,2024-06-30,0.023953790416122476
1415,2024-06-30,122127,2024-09-30,0.025075629274173995
1415,2024-09-30,125044,2024-12-31,0.010295732949060223
1417,2024-03-31,320645,2024-06-30,0.03727441961858953
1417,2024-06-30,312385,2024-09-30,0.03614132766499972
1417,2024-09-30,320054,2024-12-31,0.020391267605588147
1418,2024-03-31,193949,2024-06-30,-0.0022418067337181455
1418,2024-06-30,192858,2024-09-30,0.007007958469453972
1418,2024-09-30,189375,2024-12-31,0.015137650318246671
1426,2024-03-31,643464,2024-06-30,0.006648161616286723
1426,2024-06-30,619759,2024-09-30,0.01504539762826394
1426,2024-09-30,626834,2024-12-31,0.01989371460554332
1427,2024-03-31,76965,2024-06-30,0.013476942764650642
1427,2024-06-30,74643,2024-09-30,0.007460940948581877
1427,2024-09-30,71713,2024-12-31,0.002485728657509458
1434,2024-03-31,186764,2024-06-30,-0.0010829551791079767
1434,2024-06-30,188666,2024-09-30,-0.014416517729705723
1434,2024-09-30,183199,2024-12-31,0.009094154893712875
1435,2024-03-31,1132295,2024-06-30,0.02201820319591572
1435,2024-06-30,1138061,2024-09-30,0.02525911992283037
1435,2024-09-30,1172494,2024-12-31,0.02631067621470644
1438,2024-03-31,92396,2024-06-30,-0.037018234620384144
1438,2024-06-30,92797,2024-09-30,-0.024145547621200403
1438,2024-09-30,91232,2024-12-31,0.034099391929384645
1439,2024-03-31,81317,2024-06-30,0.029092136827577345
1439,2024-06-30,117523,2024-09-30,-0.09145816122315749
1439,2024-09-30,103186,2024-12-31,-0.044285927170697105
1464,2024-03-31,214122,2024-06-30,0.020204062970798062
1464,2024-06-30,215308,2024-09-30,0.012083365850687844
1464,2024-09-30,214851,2024-12-31,0.0004792398975718424
1468,2024-03-31,251927,2024-06-30,0.004494019409818528
1468,2024-06-30,247766,2024-09-30,0.035029492059188524
1468,2024-09-30,248436,2024-12-31,0.03997500188288844
1475,2024-03-31,132513,2024-06-30,0.031937698751380285
1475,2024-06-30,132832,2024-09-30,0.02055818665776837
1475,2024-09-30,133794,2024-12-31,0.01524853309056052
1484,2024-03-31,481248,2024-06-30,0.028471965785269143
1484,2024-06-30,496774,2024-09-30,0.023809051464807992
1484,2024-09-30,495556,2024-12-31,0.023331786520752077
1487,2024-03-31,1567086,2024-06-30,0.0005085820650367976
1487,2024-06-30,1524081,2024-09-30,0.000377799893545691
1487,2024-09-30,1603675,2024-12-31,0.022078376341373183
1497,2024-03-31,796559,2024-06-30,0.006431275834238959
1497,2024-06-30,793751,2024-09-30,-0.0014608952724858785
1497,2024-09-30,776116,2024-12-31,0.06467744417120712
1513,2024-03-31,502577,2024-06-30,0.04913820727418759
1513,2024-06-30,510251,2024-09-30,0.044573698969287576
1513,2024-09-30,514576,2024-12-31,0.05335238209357048
1527,2024-03-31,741232,2024-06-30,0.026088952621511837
1527,2024-06-30,730242,2024-09-30,0.027537543703035006
1527,2024-09-30,741100,2024-12-31,0.02398306421892142
1528,2024-03-31,2020021,2024-06-30,0.011854384667752727
1528,2024-06-30,2014032,2024-09-30,0.0069559404990746955
1528,2024-09-30,2100968,2024-12-31,0.01894192332326087
1536,2024-03-31,3606804,2024-06-30,0.020347539617635312
1536,2024-06-30,3523674,2024-09-30,0.026822975364202525
1536,2024-09-30,3498147,2024-12-31,0.016490300414816278
1545,2024-03-31,936347,2024-06-30,0.02980208596713454
1545,2024-06-30,935488,2024-09-30,0.026560781662154215
1545,2024-09-30,904967,2024-12-31,0.028635523668578328
1547,2024-03-31,153687,2024-06-30,0.0007988819074029213
1547,2024-06-30,150410,2024-09-30,-0.006398159905092419
1547,2024-09-30,150731,2024-12-31,-0.012818405945711443
1550,2024-03-31,372943,2024-06-30,0.009406027522158106
1550,2024-06-30,368183,2024-09-30,0.007779967327672288
1550,2024-09-30,381338,2024-12-31,0.01729393196377335
1552,2024-03-31,1366163,2024-06-30,0.016386387381793488
1552,2024-06-30,1349308,2024-09-30,0.007142042891321644
1552,2024-09-30,1332095,2024-12-31,0.006587653190932427
1553,2024-03-31,494258,2024-06-30,0.0028988088211972397
1553,2024-06-30,495754,2024-09-30,-0.003966806061507424
1553,2024-09-30,505498,2024-12-31,0.006608280414803249
1556,2024-03-31,70591,2024-06-30,0.04625505066718944
1556,2024-06-30,74007,2024-09-30,0.03741472174696238
1556,2024-09-30,84083,2024-12-31,0.0712667256737816
1562,2024-03-31,155721,2024-06-30,0.05306723452781573
1562,2024-06-30,151482,2024-09-30,0.021340391881893295
1562,2024-09-30,153814,2024-12-31,0.02928275511507153
1566,2024-03-31,112902,2024-06-30,-0.03736797993530491
1566,2024-06-30,109493,2024-09-30,-0.044634329790858567
1566,2024-09-30,106188,2024-12-31,0.04512672214902664
1596,2024-03-31,524,2024-06-30,-0.025063931838883977
1596,2024-06-30,520,2024-09-30,-0.002905716581488263
1596,2024-09-30,549,2024-12-31,-0.05422852609655312
1600,2024-03-31,78881,2024-06-30,0.004927471783314646
1600,2024-06-30,71579,2024-09-30,0.030513617299591338
1600,2024-09-30,76900,2024-12-31,-0.02835481139587158
1604,2024-03-31,221076,2024-06-30,0.015433138959378362
1604,2024-06-30,220962,2024-09-30,0.029034288430567493
1604,2024-09-30,230243,2024-12-31,0.010110018668160288
1607,2024-03-31,621594,2024-06-30,0.011068761837805422
1607,2024-06-30,612098,2024-09-30,0.010542970045861843
1607,2024-09-30,638016,2024-12-31,0.008110122474792557
1609,2024-03-31,195072,2024-06-30,0.011740134007393863
1609,2024-06-30,188246,2024-09-30,0.02694610142467354
1609,2024-09-30,196211,2024-12-31,0.019012620673311994
1610,2024-03-31,281834,2024-06-30,0.009738042739702529
1610,2024-06-30,286726,2024-09-30,0.012957774435765184
1610,2024-09-30,286095,2024-12-31,0.010250859069013846
1611,2024-03-31,178010,2024-06-30,-0.01632960243518204
1611,2024-06-30,172589,2024-09-30,-0.01876566510839229
1611,2024-09-30,179114,2024-12-31,0.015891808160614498
1612,2024-03-31,63424,2024-06-30,0.012024617873673912
1612,2024-06-30,62700,2024-09-30,0.0014364127976541896
1612,2024-09-30,63391,2024-12-31,-0.0056561648346656135
1616,2024-03-31,330689,2024-06-30,0.00934188474270527
1616,2024-06-30,329534,2024-09-30,0.017859698199166274
1616,2024-09-30,351454,2024-12-31,0.044240251604872556
1617,2024-03-31,2430178,2024-06-30,0.028413145575232206
1617,2024-06-30,2528392,2024-09-30,0.03666438848787565
1617,2024-09-30,2513287,2024-12-31,0.02544138040251516
1622,2024-03-31,51647,2024-06-30,0.007479611770053982
1622,2024-06-30,52571,2024-09-30,-0.0024870846795303
1622,2024-09-30,51060,2024-12-31,0.004833145017397702
1639,2024-03-31,166819,2024-06-30,-0.0006995446000957928
1639,2024-06-30,167469,2024-09-30,0.004361524001004158
1639,2024-09-30,164953,2024-12-31,0.0031917351276710857
1654,2024-03-31,301428,2024-06-30,0.016188373465136466
1654,2024-06-30,294838,2024-09-30,0.006803391876191294
1654,2024-09-30,292662,2024-12-31,0.23643690214996094
1655,2024-03-31,702169,2024-06-30,0.038333118064839085
1655,2024-06-30,749892,2024-09-30,0.048526563728773627
1655,2024-09-30,775328,2024-12-31,0.036596204212341145
1660,2024-03-31,333766,2024-06-30,-0.09716999703265607
1660,2024-06-30,347032,2024-09-30,-0.08515652911928895
1660,2024-09-30,337429,2024-12-31,0.4057282726567963
1673,2024-03-31,942109,2024-06-30,0.011704990525718292
1673,2024-06-30,952381,2024-09-30,0.005092520430775466
1673,2024-09-30,993311,2024-12-31,-0.04826198444149243
1675,2024-03-31,40065,2024-06-30,-0.03721317278273591
1675,2024-06-30,37788,2024-09-30,-0.03662645741561627
1675,2024-09-30,36407,2024-12-31,-0.029365922976523486
1678,2024-03-31,919444,2024-06-30,0.015196721779123734
1678,2024-06-30,955048,2024-09-30,0.020039405158395935
1678,2024-09-30,1013802,2024-12-31,0.016884349145404036
1686,2024-03-31,236758,2024-06-30,0.010199921508074946
1686,2024-06-30,226494,2024-09-30,0.007131301167266056
1686,2024-09-30,222730,2024-12-31,0.006644673195551858
1687,2024-03-31,54000,2024-06-30,-0.01546538235710436
1687,2024-06-30,55674,2024-09-30,-0.031784408240918965
1687,2024-09-30,55325,2024-12-31,-0.03536979044293164
1693,2024-03-31,129393,2024-06-30,0.034729381182001626
1693,2024-06-30,134662,2024-09-30,0.026485657988842642
1693,2024-09-30,142834,2024-12-31,0.05183465646456835
1696,2024-03-31,717436,2024-06-30,0.014010820347750868
1696,2024-06-30,734964,2024-09-30,0.019414177591483332
1696,2024-09-30,745945,2024-12-31,0.018223211336305487
1700,2024-03-31,589968,2024-06-30,0.015913470042372698
1700,2024-06-30,610292,2024-09-30,0.019945605583631894
1700,2024-09-30,619223,2024-12-31,0.02555725242428436
1705,2024-03-31,173636,2024-06-30,0.02829346895600915
1705,2024-06-30,171966,2024-09-30,0.018560542035029905
1705,2024-09-30,204875,2024-12-31,-0.00227130114968361
1711,2024-03-31,1372621,2024-06-30,0.019179817456794174
1711,2024-06-30,1360210,2024-09-30,0.010805128417168767
1711,2024-09-30,1363200,2024-12-31,0.010945455320839709
1713,2024-03-31,195719,2024-06-30,0.023427950186203483
1713,2024-06-30,196612,2024-09-30,0.01923732018670326
1713,2024-09-30,202938,2024-12-31,0.009878597852769323
1715,2024-03-31,537675,2024-06-30,-0.008899289995529759
1715,2024-06-30,537305,2024-09-30,0.005320799259617867
1715,2024-09-30,529116,2024-12-31,0.015681574594608696
1720,2024-03-31,635171,2024-06-30,0.029409157115410724
1720,2024-06-30,638755,2024-09-30,0.026490680484841066
1720,2024-09-30,699644,2024-12-31,0.029121964551624368
1730,2024-03-31,102754,2024-06-30,-0.0018204516878133866
1730,2024-06-30,95349,2024-09-30,-0.02463901656993073
1730,2024-09-30,105501,2024-12-31,-0.019335984823391526
1735,2024-03-31,256482,2024-06-30,0.01449131792177619
1735,2024-06-30,259149,2024-09-30,0.01815387778201557
1735,2024-09-30,257191,2024-12-31,0.05444982266429647
1745,2024-03-31,93448,2024-06-30,0.007429383252597352
1745,2024-06-30,88371,2024-09-30,0.0325902095975717
1745,2024-09-30,83164,2024-12-31,0.025717229223082252
1753,2024-03-31,283270,2024-06-30,0.0002284722629940925
1753,2024-06-30,272909,2024-09-30,0.007566022160277202
1753,2024-09-30,279337,2024-12-31,0.009818549166597378
1756,2024-03-31,513374,2024-06-30,0.03911669930242753
1756,2024-06-30,531609,2024-09-30,0.03471509083097249
1756,2024-09-30,561253,2024-12-31,0.04069301124467545
1768,2024-03-31,14166703,2024-06-30,0.0012338664055173186
1768,2024-06-30,14104511,2024-09-30,-0.0018689783152394217
1768,2024-09-30,14112029,2024-12-31,0.003000590777224048
1778,2024-03-31,111439,2024-06-30,0.021233030180950702
1778,2024-06-30,109543,2024-09-30,0.021596137573557966
1778,2024-09-30,106768,2024-12-31,0.03216703350151937
1779,2024-03-31,187669,2024-06-30,0.027886695982882386
1779,2024-06-30,187695,2024-09-30,0.032968914447878306
1779,2024-09-30,204793,2024-12-31,-0.00902236296633308
1780,2024-03-31,316900,2024-06-30,0.01861155817158423
1780,2024-06-30,321208,2024-09-30,0.016348206445078527
1780,2024-09-30,318986,2024-12-31,0.016161031852848885
1781,2024-03-31,175668,2024-06-30,-0.005821347264435104
1781,2024-06-30,173007,2024-09-30,-0.009918019510566001
1781,2024-09-30,173663,2024-12-31,-0.024154872864806547
1786,2024-03-31,528046,2024-06-30,0.030561721211488552
1786,2024-06-30,525454,2024-09-30,0.023803287101038257
1786,2024-09-30,545916,2024-12-31,0.025706847366631046
1808,2024-03-31,430286,2024-06-30,0.01947408212531616
1808,2024-06-30,431227,2024-09-30,0.010046663751133923
1808,2024-09-30,411631,2024-12-31,0.015173028813827183
1821,2024-03-31,167308,2024-06-30,0.008772001065052269
1821,2024-06-30,160749,2024-09-30,0.005485216515075653
1821,2024-09-30,156471,2024-12-31,0.009654253479120795
1829,2024-03-31,49131,2024-06-30,-0.005197660679536601
1829,2024-06-30,48206,2024-09-30,-0.0017859516255838638
1829,2024-09-30,47701,2024-12-31,0.011377014383913085
1833,2024-03-31,710232,2024-06-30,0.01399563810294016
1833,2024-06-30,738424,2024-09-30,0.013645247897687313
1833,2024-09-30,733460,2024-12-31,0.014153633881309769
1839,2024-03-31,158412,2024-06-30,0.012210644902843012
1839,2024-06-30,162904,2024-09-30,0.003779036328101961
1839,2024-09-30,157860,2024-12-31,0.03511447551423958
1843,2024-03-31,177718,2024-06-30,0.009619217069890646
1843,2024-06-30,188266,2024-09-30,0.01687556114127054
1843,2024-09-30,178952,2024-12-31,0.010661830833497222
1847,2024-03-31,298293,2024-06-30,0.02824024357956984
1847,2024-06-30,319595,2024-09-30,0.026274013428303187
1847,2024-09-30,320450,2024-12-31,0.026855085460634233
1849,2024-03-31,199416,2024-06-30,0.007491847551009214
1849,2024-06-30,199939,2024-09-30,0.006573284904777756
1849,2024-09-30,205868,2024-12-31,0.0060066972419568765
1852,2024-03-31,510228,2024-06-30,0.004001466262697226
1852,2024-06-30,495164,2024-09-30,0.006377337914221777
1852,2024-09-30,496842,2024-12-31,0.02051369032138552
1857,2024-03-31,341690,2024-06-30,-0.008224816967207617
1857,2024-06-30,330534,2024-09-30,0.02618908018757809
1857,2024-09-30,350058,2024-12-31,-0.0013973615140690345
1860,2024-03-31,50439,2024-06-30,-0.007164108399863908
1860,2024-06-30,46367,2024-09-30,0.029561848937533764
1860,2024-09-30,47037,2024-12-31,-0.004307902540569708
1862,2024-03-31,103464,2024-06-30,-0.0025697603984634254
1865,2024-03-31,72590,2024-06-30,0.013584662352552845
1865,2024-06-30,71937,2024-09-30,0.004023091185706428
1865,2024-09-30,71101,2024-12-31,0.005845119982772542
1867,2024-03-31,195969,2024-06-30,0.011884279139071282
1867,2024-06-30,196948,2024-09-30,0.005387255928376236
1867,2024-09-30,191421,2024-12-31,0.04714783508452566
1868,2024-03-31,381219,2024-06-30,0.008887693122802942
1868,2024-06-30,386821,2024-09-30,0.01146504988589157
1868,2024-09-30,403303,2024-12-31,0.013380670255427846
1869,2024-03-31,554584,2024-06-30,0.014185969750604002
1869,2024-06-30,534381,2024-09-30,0.023289112303457517
1869,2024-09-30,553422,2024-12-31,0.008311186782003191
1874,2024-03-31,900237,2024-06-30,0.01828654561398983
1874,2024-06-30,899943,2024-09-30,0.02106334061189305
1874,2024-09-30,915589,2024-12-31,0.021597677312193274
1895,2024-03-31,657386,2024-06-30,0.0180509274673468
1895,2024-06-30,652399,2024-09-30,0.009592857875075562
1895,2024-09-30,674799,2024-12-31,0.01208155776813089
1900,2024-03-31,425792,2024-06-30,-0.0019484448915141565
1900,2024-06-30,412653,2024-09-30,-0.008371028931709103
1900,2024-09-30,404955,2024-12-31,-0.005023474441086749
1903,2024-03-31,102174,2024-06-30,0.01251151793942177
1903,2024-06-30,100679,2024-09-30,0.020205601089944927
1903,2024-09-30,102579,2024-12-31,0.014900192173415422
1905,2024-03-31,443975,2024-06-30,0.011942378463394984
1905,2024-06-30,453880,2024-09-30,0.004224047402004365
1905,2024-09-30,445197,2024-12-31,0.015647128168495356
1906,2024-03-31,83802,2024-06-30,0.004826718550957927
1906,2024-06-30,77925,2024-09-30,0.004896685957811644
1906,2024-09-30,76552,2024-12-31,0.03271315850062982
1908,2024-03-31,160852,2024-06-30,0.0048557383958271055
1908,2024-06-30,153528,2024-09-30,-0.004385135282846843
1908,2024-09-30,154900,2024-12-31,0.0002229787977966226
1913,2024-03-31,230643,2024-06-30,0.013035884025740683
1913,2024-06-30,224132,2024-09-30,0.019999164926256488
1913,2024-09-30,233874,2024-12-31,0.012830886599532175
1929,2024-03-31,67100,2024-06-30,-1.2435370246048508e-05
1929,2024-06-30,63012,2024-09-30,0.004388158992114996
1929,2024-09-30,60060,2024-12-31,0.014708934621584744
1931,2024-03-31,163512,2024-06-30,-0.0023957447412090893
1931,2024-06-30,164357,2024-09-30,0.003640080568865488
1931,2024-09-30,163182,2024-12-31,-0.0012082990671711269
1933,2024-03-31,110373,2024-06-30,0.015389442220275242
1933,2024-06-30,116705,2024-09-30,0.010093253483290487
1933,2024-09-30,117445,2024-12-31,0.009255729649402081
1936,2024-03-31,259180,2024-06-30,0.009840980471568393
1936,2024-06-30,250151,2024-09-30,-0.019752184969937966
1936,2024-09-30,254791,2024-12-31,0.06675401828401079
1937,2024-03-31,130636,2024-06-30,-0.0039362973719034985
1937,2024-06-30,127353,2024-09-30,-0.0023415960593371928
1937,2024-09-30,128373,2024-12-31,-0.006361721791067485
1941,2024-03-31,149378,2024-06-30,0.015740754987361796
1941,2024-06-30,151711,2024-09-30,0.01037471356251692
1941,2024-09-30,155085,2024-12-31,0.008427838037291604
1945,2024-03-31,87797,2024-06-30,0.003882622293935332
1945,2024-06-30,87857,2024-09-30,0.002620304527868242
1945,2024-09-30,91612,2024-12-31,-0.0011740192238614937
1946,2024-03-31,188422,2024-06-30,0.018658095121284763
1946,2024-06-30,198573,2024-09-30,0.007028922762818335
1946,2024-09-30,221222,2024-12-31,-0.015197479230691074
1956,2024-03-31,187323,2024-06-30,0.018111193749692
1956,2024-06-30,187962,2024-09-30,0.016654034506104306
1956,2024-09-30,190877,2024-12-31,0.01811428114305124
1964,2024-03-31,202095,2024-06-30,0.009915999100371045
1964,2024-06-30,216651,2024-09-30,0.016228419955336977
1964,2024-09-30,215499,2024-12-31,0.017192675888553954
1972,2024-03-31,114672,2024-06-30,-0.0043377522489855295
1972,2024-06-30,113902,2024-09-30,-0.011020169396702587
1972,2024-09-30,110819,2024-12-31,0.020099163049433575
1978,2024-03-31,981994,2024-06-30,0.008758446375069232
1978,2024-06-30,975020,2024-09-30,0.016185010397382203
1978,2024-09-30,1006640,2024-12-31,0.015055010433305205
1980,2024-03-31,178628,2024-06-30,0.016625503069334895
1980,2024-06-30,179526,2024-09-30,0.05072360492630644
1980,2024-09-30,183524,2024-12-31,0.017140925128134782
1982,2024-03-31,146518,2024-06-30,0.010200290150534431
1982,2024-06-30,147211,2024-09-30,-0.020695269381559526
1982,2024-09-30,153436,2024-12-31,0.058294880091256385
1983,2024-03-31,147823,2024-06-30,0.02741677511521091
1983,2024-06-30,151161,2024-09-30,0.02537042332399733
1983,2024-09-30,147593,2024-12-31,0.03633514790486405
1986,2024-03-31,49169,2024-06-30,-0.002693409860850798
1986,2024-06-30,48317,2024-09-30,0.000875785110797595
1986,2024-09-30,48790,2024-12-31,0.0010274384254616044
1992,2024-03-31,213199,2024-06-30,0.007468421036031663
1992,2024-06-30,226535,2024-09-30,0.015463319096835699
1992,2024-09-30,223467,2024-12-31,0.00817999227013916
1993,2024-03-31,62148,2024-06-30,-0.00017024876382370303
1993,2024-06-30,62307,2024-09-30,0.013956439300485683
1993,2024-09-30,63196,2024-12-31,0.011060195372122926
2036,2024-03-31,796487,2024-06-30,0.009213550209849907
2036,2024-06-30,768233,2024-09-30,0.00660691115843436
2036,2024-09-30,763956,2024-12-31,0.002458856651143399
2057,2024-03-31,160146,2024-06-30,-0.022640583710150593
2057,2024-06-30,158847,2024-09-30,-0.011730655379144854
2057,2024-09-30,157025,2024-12-31,0.02172719494550428
2068,2024-03-31,256237,2024-06-30,0.008330821752063398
2068,2024-06-30,255238,2024-09-30,0.01706542539882616
2068,2024-09-30,272808,2024-12-31,0.005630859574607857
2093,2024-03-31,584365,2024-06-30,0.010238398023157989
2093,2024-06-30,609974,2024-09-30,0.013738842668526395
2093,2024-09-30,607740,2024-12-31,0.019208494386074765
2102,2024-03-31,1505832,2024-06-30,0.01066925194961945
2102,2024-06-30,1532170,2024-09-30,0.010979906341676827
2102,2024-09-30,1563477,2024-12-31,0.005055582793665119
2107,2024-03-31,253762,2024-06-30,0.009733313076962407
2107,2024-06-30,257232,2024-09-30,0.010495954090317356
2107,2024-09-30,257357,2024-12-31,0.010338477227519129
2138,2024-03-31,1888716,2024-06-30,0.01625506595244732
2138,2024-06-30,1820747,2024-09-30,0.017596035248716398
2138,2024-09-30,1838904,2024-12-31,0.022133392019991628
2145,2024-03-31,133624,2024-06-30,-0.0009258338433762061
2145,2024-06-30,133409,2024-09-30,-0.007013167569552376
2145,2024-09-30,133969,2024-12-31,0.0009445295654583839
2154,2024-03-31,203811,2024-06-30,0.022270948168549017
2154,2024-06-30,187120,2024-09-30,0.022844796392664093
2154,2024-09-30,186319,2024-12-31,0.020857032478583008
2157,2024-03-31,89569,2024-06-30,-0.013531094652267806
2157,2024-06-30,88120,2024-09-30,-0.017301046651988877
2157,2024-09-30,85391,2024-12-31,0.05518228949749187
2160,2024-03-31,174575,2024-06-30,0.01513337737325209
2160,2024-06-30,170612,2024-09-30,-0.01821272611149026
2160,2024-09-30,169225,2024-12-31,0.06641775029877567
2205,2024-03-31,204210,2024-06-30,0.008713075331119261
2205,2024-06-30,202666,2024-09-30,0.01610521129281783
2205,2024-09-30,208888,2024-12-31,0.020143614161812602
2208,2024-03-31,718899,2024-06-30,0.02647738236851932
2208,2024-06-30,705900,2024-09-30,0.023967233663344616
2208,2024-09-30,759571,2024-12-31,0.028406496086519895
2224,2024-03-31,690288,2024-06-30,0.019699015001952626
2224,2024-06-30,685837,2024-09-30,0.02431612461311608
2224,2024-09-30,682370,2024-12-31,0.02800958755706729
2228,2024-03-31,238719,2024-06-30,0.013221526416511233
2228,2024-06-30,239283,2024-09-30,0.01788055519205587
2228,2024-09-30,238355,2024-12-31,0.012925978124193787
2229,2024-03-31,359038,2024-06-30,-0.005864088002275152
2229,2024-06-30,338452,2024-09-30,-0.007876562613987434
2229,2024-09-30,338209,2024-12-31,0.007999054817490274
2232,2024-03-31,1159380,2024-06-30,0.007972036108988475
2232,2024-06-30,1153226,2024-09-30,0.01824595049827711
2232,2024-09-30,1168943,2024-12-31,0.008845665653316815
2240,2024-03-31,1563062,2024-06-30,0.00569832990685096
2240,2024-06-30,1545843,2024-09-30,0.003892433831407466
2240,2024-09-30,1510654,2024-12-31,0.00800540960691969
2241,2024-03-31,786328,2024-06-30,0.010462017799188643
2241,2024-06-30,765913,2024-09-30,0.02091372869609952
2241,2024-09-30,793585,2024-12-31,0.018159060998857578
2244,2024-03-31,333516,2024-06-30,-0.01110047977151099
2244,2024-06-30,330846,2024-09-30,0.00598737140267624
2244,2024-09-30,334602,2024-12-31,0.018832219732924118
2247,2024-03-31,158730,2024-06-30,-0.02065167089509602
2247,2024-06-30,160049,2024-09-30,0.01433252974184243
2247,2024-09-30,162614,2024-12-31,-0.035073373175808074
2249,2024-03-31,249394,2024-06-30,0.0007155411671644503
2249,2024-06-30,255282,2024-09-30,-0.01722240910032677
2249,2024-09-30,246530,2024-12-31,0.030379951236625864
2270,2024-03-31,74709976,2024-06-30,0.0007799085958385471
2270,2024-06-30,74224024,2024-09-30,0.004553860647225376
2270,2024-09-30,75910705,2024-12-31,0.005557080434861381
2273,2024-03-31,115367,2024-06-30,0.012388669045521074
2273,2024-06-30,113947,2024-09-30,0.008726963516173756
2273,2024-09-30,112196,2024-12-31,0.0025041638623680054
2284,2024-03-31,262979,2024-06-30,0.04092523068608076
2284,2024-06-30,277595,2024-09-30,0.026300723935633385
2284,2024-09-30,283437,2024-12-31,0.02618001597665176
2285,2024-03-31,543065,2024-06-30,0.019753755249149012
2285,2024-06-30,575694,2024-09-30,0.0252441903796695
2285,2024-09-30,599656,2024-12-31,0.023356126148484566
2286,2024-03-31,370659,2024-06-30,0.05454107685586147
2286,2024-06-30,383518,2024-09-30,0.05950100317974432
2286,2024-09-30,383517,2024-12-31,0.05109223053677534
2289,2024-03-31,87811,2024-06-30,0.0015061744075573328
2289,2024-06-30,88669,2024-09-30,0.03436724596044615
2290,2024-03-31,235769,2024-06-30,-0.005689998721431506
2290,2024-06-30,234073,2024-09-30,-0.0042332079447863265
2290,2024-09-30,231303,2024-12-31,-0.0028041514616609325
2300,2024-03-31,90138,2024-06-30,0.0121694672202279
2300,2024-06-30,85692,2024-09-30,0.03704079250517318
2300,2024-09-30,87769,2024-12-31,0.017035727017443072
2301,2024-03-31,113365,2024-06-30,0.004341612259569296
2301,2024-06-30,125952,2024-09-30,-0.02291807696340246
2301,2024-09-30,125203,2024-12-31,0.00292364286447374
2308,2024-03-31,51923,2024-06-30,-0.010408106275539897
2308,2024-06-30,52332,2024-09-30,-0.032566807208573974
2308,2024-09-30,50549,2024-12-31,-0.02279828137182717
2315,2024-03-31,2296648,2024-06-30,0.004295952906052104
2315,2024-06-30,2262376,2024-09-30,-0.002882220424513734
2315,2024-09-30,2226560,2024-12-31,-0.002277285614242658
2317,2024-03-31,93718,2024-06-30,0.03804823194466953
2317,2024-06-30,93400,2024-09-30,0.0008789311894602547
2317,2024-09-30,97464,2024-12-31,0.05370288318401414
2320,2024-03-31,136474,2024-06-30,0.021087907081489006
2320,2024-06-30,134488,2024-09-30,-0.00041707262114392194
2320,2024-09-30,134173,2024-12-31,0.01109843686123435
2326,2024-03-31,444788,2024-06-30,0.030079840058464473
2326,2024-06-30,456615,2024-09-30,0.025865715801578253
2326,2024-09-30,462441,2024-12-31,0.029426920509752135
2327,2024-03-31,280041,2024-06-30,0.010165926042476191
2327,2024-06-30,292790,2024-09-30,0.01318945638545837
2327,2024-09-30,330589,2024-12-31,0.022888064767959317
2328,2024-03-31,79444,2024-06-30,0.00042131301526846193
2328,2024-06-30,79564,2024-09-30,0.01421446653092158
2328,2024-09-30,77618,2024-12-31,0.0322455748130447
2331,2024-03-31,32309,2024-06-30,-0.005373416013406297
2331,2024-06-30,32412,2024-09-30,-0.0122563630291594
2331,2024-09-30,31729,2024-12-31,-0.010801630465055773
2359,2024-03-31,604514,2024-06-30,0.008876319864162692
2359,2024-06-30,615690,2024-09-30,0.019814473133973096
2359,2024-09-30,622801,2024-12-31,0.016844416479799715
2379,2024-03-31,104171,2024-06-30,-0.004534818143828203
2379,2024-06-30,103538,2024-09-30,-0.0036912872117383674
2379,2024-09-30,103718,2024-12-31,0.0011707335457734071
2380,2024-03-31,456004,2024-06-30,0.025011047382686058
2380,2024-06-30,452930,2024-09-30,0.008432402425442081
2380,2024-09-30,471823,2024-12-31,0.046112231332482496
2391,2024-03-31,181603,2024-06-30,0.02219425101588789
2391,2024-06-30,179180,2024-09-30,0.02518804907430454
2391,2024-09-30,179995,2024-12-31,0.01948092360916809
2443,2024-03-31,798442,2024-06-30,0.008073095396010935
2443,2024-06-30,812139,2024-09-30,0.009407001350088111
2443,2024-09-30,811723,2024-12-31,0.01047634183659778
2444,2024-03-31,105239,2024-06-30,0.015443997216819851
2444,2024-06-30,106061,2024-09-30,0.013689423521218326
2444,2024-09-30,114721,2024-12-31,0.0007591043285164741
2448,2024-03-31,142763,2024-06-30,0.0017745686356897953
2448,2024-06-30,143968,2024-09-30,0.003264683499934928
2448,2024-09-30,143006,2024-12-31,0.004019050955748154
2452,2024-03-31,236348,2024-06-30,0.017522580224131872
2452,2024-06-30,231838,2024-09-30,0.02062509019352122
2452,2024-09-30,238173,2024-12-31,0.025570933000993733
2453,2024-03-31,176323,2024-06-30,-0.0053001938015035084
2453,2024-06-30,177960,2024-09-30,-0.0006202736962503591
2453,2024-09-30,178662,2024-12-31,0.005238095700766839
2455,2024-03-31,254598,2024-06-30,0.015321564627280007
2455,2024-06-30,256246,2024-09-30,0.018394212669520533
2455,2024-09-30,263943,2024-12-31,0.018105929397466976
2467,2024-03-31,187993,2024-06-30,0.03126559182386993
2467,2024-06-30,200038,2024-09-30,-0.003594636968306236
2467,2024-09-30,193810,2024-12-31,0.04564536447718493
2468,2024-03-31,540435,2024-06-30,0.017558695621101423
2468,2024-06-30,543789,2024-09-30,0.01816299067864738
2468,2024-09-30,534502,2024-12-31,0.016640243435641983
2469,2024-03-31,162527,2024-06-30,0.010393968123785489
2469,2024-06-30,159454,2024-09-30,0.017541882972713037
2469,2024-09-30,162146,2024-12-31,0.014749088820920951
2477,2024-03-31,190484,2024-06-30,-0.0017128810028946694
2477,2024-06-30,191740,2024-09-30,0.005095106931034264
2477,2024-09-30,194197,2024-12-31,0.008774609639360368
2482,2024-03-31,221431,2024-06-30,-0.018950954409161426
2482,2024-06-30,220329,2024-09-30,-0.011768848527129018
2482,2024-09-30,231951,2024-12-31,0.019397506766452407
2496,2024-03-31,259379,2024-06-30,0.012841705987191657
2496,2024-06-30,247907,2024-09-30,0.029331456891608577
2496,2024-09-30,266693,2024-12-31,0.011131860539898859
2608,2024-03-31,353694,2024-06-30,0.0009154776707778825
2608,2024-06-30,352717,2024-09-30,0.002126062446109822
2608,2024-09-30,360743,2024-12-31,0.007015177878161851
2616,2024-03-31,102768,2024-06-30,0.013416344959934373
2616,2024-06-30,105180,2024-09-30,0.012136515057098504
2616,2024-09-30,105857,2024-12-31,0.009178863594097685
2682,2024-03-31,67021,2024-06-30,0.001240761117727299
2682,2024-06-30,67426,2024-09-30,0.0012709801633349592
2682,2024-09-30,63781,2024-12-31,0.03471118044982289
2691,2024-03-31,662932,2024-06-30,0.015263303754121946
2691,2024-06-30,660130,2024-09-30,0.020883293139767122
2691,2024-09-30,667583,2024-12-31,0.016810827484200836
2695,2024-03-31,286775,2024-06-30,0.01018020911793384
2695,2024-06-30,290256,2024-09-30,0.011802457210501084
2695,2024-09-30,325049,2024-12-31,0.0216245023150667
2700,2024-03-31,1093560,2024-06-30,0.0065273782221994345
2700,2024-06-30,1093755,2024-09-30,0.008499056779804729
2700,2024-09-30,1070146,2024-12-31,0.0095572329582078
2708,2024-03-31,210718,2024-06-30,0.008267976582480767
2708,2024-06-30,194987,2024-09-30,-0.03700643241952483
2708,2024-09-30,218810,2024-12-31,0.011607685579987186
2710,2024-03-31,357791,2024-06-30,0.003106335318589892
2710,2024-06-30,359500,2024-09-30,0.005847362758329426
2710,2024-09-30,348072,2024-12-31,-0.003756498536248455
2711,2024-03-31,1986391,2024-06-30,0.030972403549009687
2711,2024-06-30,1975537,2024-09-30,0.031858973221940826
2711,2024-09-30,1960761,2024-12-31,0.028697411258416915
2718,2024-03-31,584022,2024-06-30,0.022112314907355067
2718,2024-06-30,570465,2024-09-30,0.012794146645514556
2718,2024-09-30,586561,2024-12-31,0.013154026550304844
2720,2024-03-31,4790891,2024-06-30,0.007711406895163298
2720,2024-06-30,4740917,2024-09-30,0.015800181841424947
2720,2024-09-30,4845183,2024-12-31,0.008078593557066796
2723,2024-03-31,106725,2024-06-30,-0.007903326039786624
2723,2024-06-30,107604,2024-09-30,-0.011941551147389207
2723,2024-09-30,111694,2024-12-31,-0.009823195151159097
2725,2024-03-31,514748,2024-06-30,0.0077606948240291716
2725,2024-06-30,518882,2024-09-30,0.010709160567295392
2725,2024-09-30,528959,2024-12-31,0.013226340788819018
2733,2024-03-31,85264,2024-06-30,0.009101465806019608
2733,2024-06-30,90085,2024-09-30,0.010441866797350178
2733,2024-09-30,90204,2024-12-31,0.011655588491018934
2735,2024-03-31,191146,2024-06-30,0.023541054805035138
2735,2024-06-30,191349,2024-09-30,0.0217475218347121
2735,2024-09-30,188957,2024-12-31,0.019323692664716192
2738,2024-03-31,581860,2024-06-30,-3.4570568842585905e-05
2738,2024-06-30,577085,2024-09-30,-0.000822367973296475
2738,2024-09-30,561101,2024-12-31,0.0005574905126564077
2740,2024-03-31,922534,2024-06-30,-0.005294104688244318
2740,2024-06-30,858640,2024-09-30,0.009884721015274095
2740,2024-09-30,882551,2024-12-31,0.05837325041599047
2750,2024-03-31,368964,2024-06-30,0.016892770575161514
2750,2024-06-30,358508,2024-09-30,0.020058770555182102
2750,2024-09-30,355766,2024-12-31,0.013443572363926683
2753,2024-03-31,149619,2024-06-30,0.014011802645475602
2753,2024-06-30,149173,2024-09-30,-0.01585292638052857
2753,2024-09-30,136961,2024-12-31,0.0493253299231505
2754,2024-03-31,119432,2024-06-30,-0.012958987385332363
2754,2024-06-30,115592,2024-09-30,0.0013986904041187536
2754,2024-09-30,121487,2024-12-31,-0.014227818022619122
2759,2024-03-31,627364,2024-06-30,0.003744514166208273
2759,2024-06-30,607425,2024-09-30,0.0039552462683047915
2759,2024-09-30,602812,2024-12-31,0.03151992249557211
2765,2024-03-31,187877,2024-06-30,0.0005528012011708303
2765,2024-06-30,187031,2024-09-30,-0.020074847558542677
2765,2024-09-30,184010,2024-12-31,0.031098275055972964
2767,2024-03-31,316080,2024-06-30,0.016711069264375548
2767,2024-06-30,321647,2024-09-30,0.014449130978111313
2767,2024-09-30,326639,2024-12-31,0.01898399113563561
2777,2024-03-31,592350,2024-06-30,0.022041343222481417
2777,2024-06-30,623774,2024-09-30,0.012090358714947028
2777,2024-09-30,595175,2024-12-31,0.055555038368704596
2779,2024-03-31,199107,2024-06-30,0.014284628204229701
2779,2024-06-30,198278,2024-09-30,0.010455530066661212
2779,2024-09-30,203377,2024-12-31,0.011911951616431247
2784,2024-03-31,197879,2024-06-30,0.048206606783439285
2784,2024-06-30,200857,2024-09-30,0.025357383257545857
2784,2024-09-30,196901,2024-12-31,0.0026882471206862565
2787,2024-03-31,129957,2024-06-30,-0.004038558081947003
2787,2024-06-30,151990,2024-09-30,-0.000621557497276248
2787,2024-09-30,144633,2024-12-31,-0.010175662722823641
2794,2024-03-31,41413,2024-06-30,-0.0032320927221387305
2794,2024-06-30,41914,2024-09-30,-0.0019291096136389832
2794,2024-09-30,41630,2024-12-31,0.0013946020683850806
2804,2024-03-31,129214,2024-06-30,0.002643154448544116
2804,2024-06-30,133597,2024-09-30,-0.004842781964433509
2804,2024-09-30,139202,2024-12-31,-0.010855510726592216
2805,2024-03-31,207661,2024-06-30,0.03471392458819848
2805,2024-06-30,206920,2024-09-30,0.03870260095224452
2805,2024-09-30,208596,2024-12-31,0.04391223518131424
2828,2024-03-31,168154,2024-06-30,0.023167928004287328
2828,2024-06-30,176599,2024-09-30,0.027177694272008463
2828,2024-09-30,178895,2024-12-31,0.019232838364027772
2829,2024-03-31,730305,2024-06-30,0.005340790516877397
2829,2024-06-30,744872,2024-09-30,0.003724152974570654
2829,2024-09-30,748978,2024-12-31,0.00834355205000119
2832,2024-03-31,949625,2024-06-30,0.0324492490900834
2832,2024-06-30,980092,2024-09-30,0.01894636061005493
2832,2024-09-30,996733,2024-12-31,0.030902974056531946
2838,2024-03-31,284511,2024-06-30,0.007109798625123868
2838,2024-06-30,281257,2024-09-30,0.006506668126455564
2838,2024-09-30,306521,2024-12-31,0.018367351021235493
2850,2024-03-31,509388,2024-06-30,-0.013005596457405363
2850,2024-06-30,494054,2024-09-30,0.01347296294292372
2850,2024-09-30,501530,2024-12-31,0.037300852515976035
2945,2024-03-31,183538,2024-06-30,0.03981293311156279
2945,2024-06-30,195036,2024-09-30,0.03179285209991506
2945,2024-09-30,194936,2024-12-31,0.023224355784783785
2987,2024-03-31,613887,2024-06-30,-0.010178863442126755
2987,2024-06-30,593226,2024-09-30,-0.0074475535892182245
2987,2024-09-30,590422,2024-12-31,-0.012395167743962878
3017,2024-03-31,327053,2024-06-30,0.02851265342223841
3017,2024-06-30,335201,2024-09-30,0.016543226509875067
3017,2024-09-30,345572,2024-12-31,0.019213876596190838
3018,2024-03-31,23970,2024-06-30,-0.00457176311020304
3018,2024-06-30,25387,2024-09-30,-0.013535507891095233
3018,2024-09-30,24803,2024-12-31,0.010752058185144143
3019,2024-03-31,100926,2024-06-30,0.0007933278079059623
3019,2024-06-30,98594,2024-09-30,-0.004439700997791008
3019,2024-09-30,102898,2024-12-31,-0.0038236503448796145
3029,2024-03-31,126865,2024-06-30,0.018435022743936654
3029,2024-06-30,136521,2024-09-30,-0.010979685079054396
3029,2024-09-30,129778,2024-12-31,0.013228336277713066
3031,2024-03-31,695443,2024-06-30,-0.004367292106196063
3031,2024-06-30,699820,2024-09-30,0.005413978518084251
3031,2024-09-30,695937,2024-12-31,-0.0016504446307812031
3034,2024-03-31,489252,2024-06-30,0.01046726679859903
3034,2024-06-30,496721,2024-09-30,0.006164311104019907
3034,2024-09-30,503938,2024-12-31,0.010370701051253543
3063,2024-03-31,197700,2024-06-30,-0.0026499223194639005
3063,2024-06-30,198999,2024-09-30,-0.016184519556757943
3063,2024-09-30,189429,2024-12-31,0.03653755608782715
3066,2024-03-31,11434029,2024-06-30,0.02003185466934141
3066,2024-06-30,11531350,2024-09-30,0.021525957840437114
3066,2024-09-30,11887831,2024-12-31,0.024780296025554028
3067,2024-03-31,712512,2024-06-30,-0.0008979812851896003
3067,2024-06-30,732832,2024-09-30,-0.0007985690858315817
3067,2024-09-30,748812,2024-12-31,0.0013560700168977159
3075,2024-03-31,185832,2024-06-30,0.004877105456959726
3075,2024-06-30,186374,2024-09-30,0.019380729273066364
3075,2024-09-30,190131,2024-12-31,0.028021342317425278
3076,2024-03-31,15676900,2024-06-30,0.013806960145476199
3076,2024-06-30,15846465,2024-09-30,0.019797015304075617
3076,2024-09-30,16020982,2024-12-31,0.02227338408822472
3078,2024-03-31,63764,2024-06-30,0.037705956486217586
3078,2024-06-30,62647,2024-09-30,-0.00504472163646272
3078,2024-09-30,63628,2024-12-31,0.004113282095037113
3079,2024-03-31,107285,2024-06-30,-0.013525019486326105
3079,2024-06-30,112242,2024-09-30,0.007059772080468747
3079,2024-09-30,113428,2024-12-31,0.0028632986737370195
3087,2024-03-31,229100,2024-06-30,0.013180362062400629
3087,2024-06-30,232543,2024-09-30,0.012169062919191734
3087,2024-09-30,233102,2024-12-31,0.02109396502588544
3091,2024-03-31,879303,2024-06-30,0.012628528053286153
3091,2024-06-30,875112,2024-09-30,0.02263882050607368
3091,2024-09-30,908268,2024-12-31,0.030716450895589185
3098,2024-03-31,159350,2024-06-30,0.025892447530349694
3098,2024-06-30,167335,2024-09-30,0.018411026865145046
3098,2024-09-30,188728,2024-12-31,-0.03199107351877979
3099,2024-03-31,771002,2024-06-30,0.004228347698152865
3099,2024-06-30,736713,2024-09-30,0.025201124508216016
3099,2024-09-30,731139,2024-12-31,0.019043250194524318
3103,2024-03-31,517511,2024-06-30,-0.0145990911943374
3103,2024-06-30,497184,2024-09-30,0.0194412241932274
3103,2024-09-30,491778,2024-12-31,0.0434233669361888
3108,2024-03-31,978548,2024-06-30,0.019552120755085153
3108,2024-06-30,990302,2024-09-30,0.011120107074048447
3108,2024-09-30,1002719,2024-12-31,0.011515606191962546
3109,2024-03-31,136192,2024-06-30,0.013286624542742657
3109,2024-06-30,127132,2024-09-30,0.049227030477771536
3109,2024-09-30,130575,2024-12-31,0.03895335482580797
3110,2024-03-31,243186,2024-06-30,-0.01352154961419235
3110,2024-06-30,288273,2024-09-30,0.048156582974270966
3110,2024-09-30,281279,2024-12-31,-0.007633849965206872
3113,2024-03-31,441810,2024-06-30,0.027754435568717015
3113,2024-06-30,438474,2024-09-30,0.02979474954657533
3113,2024-09-30,455056,2024-12-31,0.018582725993846184
3121,2024-03-31,540994,2024-06-30,0.022730509842220945
3121,2024-06-30,549214,2024-09-30,0.030890986848464547
3121,2024-09-30,554438,2024-12-31,0.015097566614471805
3126,2024-03-31,617281,2024-06-30,0.03124141673268078
3126,2024-06-30,597973,2024-09-30,0.014411915043168142
3126,2024-09-30,593290,2024-12-31,0.009970768268948665
3127,2024-03-31,545457,2024-06-30,0.006547275441561923
3127,2024-06-30,537306,2024-09-30,0.009056342190679205
3127,2024-09-30,545009,2024-12-31,0.011684943920302013
3133,2024-03-31,73333,2024-06-30,0.014754749721013857
3133,2024-06-30,71301,2024-09-30,0.01459833802193233
3133,2024-09-30,72583,2024-12-31,0.017481970802526708
3140,2024-03-31,209967,2024-06-30,0.013312205126482637
3140,2024-06-30,209125,2024-09-30,0.015330451270881944
3140,2024-09-30,214406,2024-12-31,0.014486735956367664
3144,2024-03-31,225200,2024-06-30,0.009961832106347792
3144,2024-06-30,226612,2024-09-30,0.008647927626617306
3144,2024-09-30,231359,2024-12-31,0.00957241431819016
3149,2024-03-31,48078,2024-06-30,-0.014939527000443851
3149,2024-06-30,46667,2024-09-30,0.00616242765721953
3149,2024-09-30,44251,2024-12-31,0.017686474834586005
3158,2024-03-31,56734,2024-06-30,0.0092982598949368
3158,2024-06-30,53075,2024-09-30,0.0021777007498092094
3158,2024-09-30,53792,2024-12-31,0.04121720499354695
3161,2024-03-31,553092,2024-06-30,0.048284216026804314
3161,2024-06-30,612114,2024-09-30,0.06003583411887589
3161,2024-09-30,749856,2024-12-31,0.10958792581953751
3170,2024-03-31,141509,2024-06-30,0.025505695822714433
3170,2024-06-30,140977,2024-09-30,0.02262516928621034
3170,2024-09-30,145341,2024-12-31,0.029769506082908286
3178,2024-03-31,532379,2024-06-30,-0.014103500656639139
3178,2024-06-30,606953,2024-09-30,0.03531669394814768
3178,2024-09-30,577240,2024-12-31,0.046435755330095835
3179,2024-03-31,131298,2024-06-30,-0.006539715002772622
3179,2024-06-30,129187,2024-09-30,0.00603392863271106
3179,2024-09-30,144938,2024-12-31,0.004683453319697744
3182,2024-03-31,986321,2024-06-30,-0.008010386740754404
3182,2024-06-30,929886,2024-09-30,-0.05120099285664548
3182,2024-09-30,927051,2024-12-31,-0.045965880762983635
3183,2024-03-31,805512,2024-06-30,0.029949521331479635
3183,2024-06-30,806520,2024-09-30,0.029956058508118
3183,2024-09-30,792414,2024-12-31,0.023130406479489246
3184,2024-03-31,81833,2024-06-30,-0.042689510157912926
3184,2024-06-30,78906,2024-09-30,-0.011094211321280894
3184,2024-09-30,79384,2024-12-31,-0.002656338834132106
3190,2024-03-31,149726,2024-06-30,0.022721751783974366
3190,2024-06-30,155954,2024-09-30,0.03240289134009098
3190,2024-09-30,161383,2024-12-31,0.03311935189513611
3193,2024-03-31,490365,2024-06-30,0.015396116490595576
3193,2024-06-30,488116,2024-09-30,0.01734848486487986
3193,2024-09-30,488543,2024-12-31,0.03598141411864243
3195,2024-03-31,656366,2024-06-30,0.037919557595299004
3195,2024-06-30,651197,2024-09-30,0.022675691426767494
3195,2024-09-30,639025,2024-12-31,0.035750722259153316
3197,2024-03-31,131802,2024-06-30,-0.04181039374530803
3197,2024-06-30,131047,2024-09-30,-0.03100932352329474
3197,2024-09-30,148773,2024-12-31,0.17906391680114186
3206,2024-03-31,607795,2024-06-30,0.012765299517878788
3206,2024-06-30,618715,2024-09-30,0.008788915301677478
3206,2024-09-30,629257,2024-12-31,0.002935780421116188
3210,2024-03-31,1426749,2024-06-30,0.013197381660515583
3210,2024-06-30,1398633,2024-09-30,0.01387583786729529
3210,2024-09-30,1490165,2024-12-31,0.0173240451820672
3217,2024-03-31,278038,2024-06-30,0.014070199070280776
3217,2024-06-30,283545,2024-09-30,0.01500216068942534
3217,2024-09-30,286160,2024-12-31,0.016552894438334624
3218,2024-03-31,487811,2024-06-30,0.020916799393856045
3218,2024-06-30,488700,2024-09-30,0.019186957899341644
3218,2024-09-30,503995,2024-12-31,0.02018319516032555
3219,2024-03-31,285225,2024-06-30,-0.012432739122931606
3219,2024-06-30,303238,2024-09-30,-0.008358919238506046
3219,2024-09-30,318463,2024-12-31,-0.012470777872106304
3225,2024-03-31,539072,2024-06-30,0.07058640971804786
3225,2024-06-30,524583,2024-09-30,0.025116940020604592
3225,2024-09-30,615053,2024-12-31,0.04913123402714683
3226,2024-03-31,787183,2024-06-30,0.01848475041533405
3226,2024-06-30,776221,2024-09-30,0.01718760674508612
3226,2024-09-30,807822,2024-12-31,0.016101845953309848
3228,2024-03-31,820551,2024-06-30,0.01264850115245149
3228,2024-06-30,798638,2024-09-30,0.011153831736483611
3228,2024-09-30,807140,2024-12-31,0.018295798342840532
3230,2024-03-31,548800,2024-06-30,0.027313408779698463
3230,2024-06-30,579759,2024-09-30,0.027452344930273997
3230,2024-09-30,584517,2024-12-31,0.03405969765968466
3232,2024-03-31,44547,2024-06-30,-0.02795565672348047
3232,2024-06-30,37686,2024-09-30,-0.0013232039540691171
3232,2024-09-30,40670,2024-12-31,-0.00857284833865129
3237,2024-03-31,33562,2024-06-30,0.029694383339714085
3237,2024-06-30,34752,2024-09-30,0.009406481596201997
3237,2024-09-30,36028,2024-12-31,-0.014802522976503661
3248,2024-03-31,74947,2024-06-30,-0.029583415227632498
3248,2024-06-30,72107,2024-09-30,-0.01369171565424907
3248,2024-09-30,70636,2024-12-31,0.009067785273761298
3250,2024-03-31,3654690,2024-06-30,0.015422166969477092
3250,2024-06-30,3643055,2024-09-30,0.017772775356750606
3250,2024-09-30,3778164,2024-12-31,0.025767509527656263
3255,2024-03-31,197760,2024-06-30,-0.012094688009723773
3255,2024-06-30,202517,2024-09-30,0.03886130868483228
3255,2024-09-30,204723,2024-12-31,0.05437773336042757
3256,2024-03-31,1986697,2024-06-30,0.08885064523294334
3256,2024-06-30,2051092,2024-09-30,0.07025715660761088
3256,2024-09-30,2098717,2024-12-31,0.04617293036397159
3268,2024-03-31,289492,2024-06-30,0.017535518517930167
3268,2024-06-30,273461,2024-09-30,0.04240201110255007
3268,2024-09-30,263523,2024-12-31,0.043114604533351183
3269,2024-03-31,469479,2024-06-30,0.008588040799661243
3269,2024-06-30,453956,2024-09-30,0.006628298808261424
3269,2024-09-30,455774,2024-12-31,-0.006113933189241488
3275,2024-03-31,267848,2024-06-30,-0.0005513387688248754
3275,2024-06-30,259563,2024-09-30,-0.0026884156752931647
3275,2024-09-30,256516,2024-12-31,-0.009324004050926813
3276,2024-03-31,2390745,2024-06-30,0.008724940117536446
3276,2024-06-30,2377809,2024-09-30,0.012080280191628523
3276,2024-09-30,2460059,2024-12-31,0.009371013848376356
3279,2024-03-31,429288,2024-06-30,-0.02025817615695197
3279,2024-06-30,446040,2024-09-30,0.014052476032339575
3279,2024-09-30,434791,2024-12-31,0.036802910345413414
3285,2024-03-31,3708264,2024-06-30,-0.013933043818388044
3285,2024-06-30,3690793,2024-09-30,-0.012177753583521122
3285,2024-09-30,3617850,2024-12-31,-0.006583978083051233
3286,2024-03-31,655899,2024-06-30,0.010891210819548499
3286,2024-06-30,629843,2024-09-30,0.01914364114163203
3286,2024-09-30,621621,2024-12-31,0.015977438633819296
3289,2024-03-31,176943,2024-06-30,0.007603750211635641
3289,2024-06-30,175805,2024-09-30,0.007047185478228871
3289,2024-09-30,179119,2024-12-31,0.007301608798043873
3292,2024-03-31,362759,2024-06-30,-0.0007201009115274936
3292,2024-06-30,345864,2024-09-30,0.047428920302583416
3292,2024-09-30,352030,2024-12-31,0.09491068309683175
3293,2024-03-31,185550,2024-06-30,0.013647826817496662
3293,2024-06-30,187536,2024-09-30,0.01708092895180938
3293,2024-09-30,192817,2024-12-31,0.010090557689623894
3301,2024-03-31,403372,2024-06-30,0.008493264547643405
3301,2024-06-30,419157,2024-09-30,0.004740695106136259
3301,2024-09-30,409744,2024-12-31,0.013132236832155855
3302,2024-03-31,233479,2024-06-30,0.02494328479082689
3302,2024-06-30,241213,2024-09-30,0.016727364931957766
3302,2024-09-30,245868,2024-12-31,0.01729286370801887
3303,2024-03-31,24399,2024-06-30,0.03916569226259969
3303,2024-06-30,24214,2024-09-30,0.034240004300695306
3303,2024-09-30,24163,2024-12-31,0.028128949327397765
3305,2024-03-31,409609,2024-06-30,0.006343901133298615
3305,2024-06-30,399945,2024-09-30,0.006778567248400189
3305,2024-09-30,396311,2024-12-31,0.005376946258455816
3320,2024-03-31,135089,2024-06-30,0.02752809344657605
3320,2024-06-30,138825,2024-09-30,0.019627586651132435
3320,2024-09-30,136028,2024-12-31,0.02233060974657987
3325,2024-03-31,1286938,2024-06-30,0.01770284633697542
3325,2024-06-30,1315642,2024-09-30,0.0200430766320589
3325,2024-09-30,1376957,2024-12-31,0.018558777850820687
3327,2024-03-31,118804,2024-06-30,0.023722024323833066
3327,2024-06-30,117728,2024-09-30,0.02760346000939894
3327,2024-09-30,116857,2024-12-31,0.02197086158749556
3330,2024-03-31,800149,2024-06-30,0.05687742146401892
3330,2024-06-30,808282,2024-09-30,0.05206021060335014
3330,2024-09-30,853641,2024-12-31,0.051869637349348977
3335,2024-03-31,62703,2024-06-30,-0.05133100443410258
3335,2024-06-30,57866,2024-09-30,-0.03695760774049686
3335,2024-09-30,54985,2024-12-31,0.07912973116812552
3336,2024-03-31,80644,2024-06-30,0.006325998559479821
3336,2024-06-30,75328,2024-09-30,0.03552613424863897
3336,2024-09-30,79919,2024-12-31,0.02598755191535259
3337,2024-03-31,675298,2024-06-30,0.06714168387535502
3337,2024-06-30,727831,2024-09-30,0.05541357196546042
3337,2024-09-30,767400,2024-12-31,0.05292549227585516
3339,2024-03-31,445793,2024-06-30,0.019750792354413627
3339,2024-06-30,443725,2024-09-30,0.025831069406349823
3339,2024-09-30,457189,2024-12-31,0.027382960753987533
3342,2024-03-31,218956,2024-06-30,0.025311811981296735
3342,2024-06-30,220269,2024-09-30,0.02467823492142003
3342,2024-09-30,215519,2024-12-31,0.03468792680807636
3351,2024-03-31,56203,2024-06-30,-0.033036842385056865
3351,2024-06-30,41884,2024-09-30,-0.02234761991317988
3351,2024-09-30,41550,2024-12-31,-0.012423607264383884
3368,2024-03-31,124838,2024-06-30,-0.0055288155657871735
3368,2024-06-30,130016,2024-09-30,-0.017661812913921184
3368,2024-09-30,126650,2024-12-31,-0.007458345173270839
3376,2024-03-31,285225,2024-06-30,0.01563496808342192
3376,2024-06-30,285810,2024-09-30,0.012617049616309188
3376,2024-09-30,285879,2024-12-31,0.0068968565755398005
3384,2024-03-31,383283,2024-06-30,0.0029611029484416626
3384,2024-06-30,375721,2024-09-30,0.017401729901349992
3384,2024-09-30,371352,2024-12-31,0.01709673579489978
3387,2024-03-31,1556026,2024-06-30,0.011539643461794596
3387,2024-06-30,1509643,2024-09-30,0.027305390707882113
3387,2024-09-30,1566382,2024-12-31,0.02712462123433017
3388,2024-03-31,166364,2024-06-30,-0.04998637292345672
3388,2024-06-30,159938,2024-09-30,-0.008538260835694148
3388,2024-09-30,154902,2024-12-31,-0.002980316503719715
3389,2024-03-31,998831,2024-06-30,0.03072621616325529
3389,2024-06-30,962420,2024-09-30,0.031014762364329946
3389,2024-09-30,927670,2024-12-31,0.020085510240068074
3399,2024-03-31,77018,2024-06-30,0.03710246579750141
3399,2024-06-30,88674,2024-09-30,-0.01465995406299479
3399,2024-09-30,85043,2024-12-31,0.018155622768657793
3400,2024-03-31,347987,2024-06-30,0.05370906663049739
3400,2024-06-30,363522,2024-09-30,0.04992817762079434
3400,2024-09-30,373619,2024-12-31,0.03795093606932135
3401,2024-03-31,127101,2024-06-30,0.014416345600149903
3401,2024-06-30,121971,2024-09-30,0.020565470204397956
3401,2024-09-30,121685,2024-12-31,0.03791868658117322
3405,2024-03-31,3648776,2024-06-30,0.08843790622844676
3405,2024-06-30,3820259,2024-09-30,0.0839325380119122
3405,2024-09-30,3990425,2024-12-31,0.09644036847893314
3430,2024-03-31,5358036,2024-06-30,-0.004791037960770769
3430,2024-06-30,5134386,2024-09-30,-0.016922580096614393
3430,2024-09-30,5068935,2024-12-31,-0.016192216636352993
3440,2024-03-31,1710433,2024-06-30,0.020343521434763034
3440,2024-06-30,1710490,2024-09-30,0.020527504638058455
3440,2024-09-30,1734045,2024-12-31,0.017913473297269295
3510,2024-03-31,1929388000,2024-06-30,0.011328161555940488
3510,2024-06-30,1901769000,2024-09-30,0.0059748057776967825
3510,2024-09-30,1892511000,2024-12-31,0.0014863875525607105
3511,2024-03-31,1414352000,2024-06-30,0.011868172793067039
3511,2024-06-30,1403197000,2024-09-30,0.007332201712033654
3511,2024-09-30,1397345000,2024-12-31,0.007968561779859785
3579,2024-03-31,363037,2024-06-30,0.032822751737694306
3579,2024-06-30,329196,2024-09-30,0.008400769771332995
3579,2024-09-30,319488,2024-12-31,-0.0014783322758553682
3599,2024-03-31,129367,2024-06-30,-0.008265454278146605
3599,2024-06-30,125879,2024-09-30,0.0005455678668503178
3599,2024-09-30,125127,2024-12-31,0.0014963679982699619
3600,2024-03-31,21326,2024-06-30,0.012952622916453453
3600,2024-06-30,21704,2024-09-30,0.0023617471582241902
3600,2024-09-30,22155,2024-12-31,-0.015442648148343566
3601,2024-03-31,60610,2024-06-30,-0.006545049215241781
3601,2024-06-30,62246,2024-09-30,-0.005080350276194432
3601,2024-09-30,61934,2024-12-31,-0.0023153579215611105
3603,2024-03-31,4641368,2024-06-30,0.002195329104013185
3603,2024-06-30,4552459,2024-09-30,-0.009136540467802585
3603,2024-09-30,4518028,2024-12-31,-0.001994711427334447
3607,2024-03-31,153640,2024-06-30,0.019729140290425235
3607,2024-06-30,150695,2024-09-30,0.024367179436205314
3612,2024-03-31,548231,2024-06-30,0.03783301933003929
3612,2024-06-30,575853,2024-09-30,-0.010046417795479231
3612,2024-09-30,567892,2024-12-31,-0.007180357925136435
3614,2024-03-31,427321,2024-06-30,0.016283798036812385
3614,2024-06-30,439685,2024-09-30,0.017134522575625442
3614,2024-09-30,437914,2024-12-31,0.014921487984487556
3639,2024-03-31,377195,2024-06-30,0.010247350240359892
3639,2024-06-30,380076,2024-09-30,0.011065118212408541
3639,2024-09-30,393011,2024-12-31,0.0201520559447028
3657,2024-03-31,4815573,2024-06-30,0.010176332405175167
3657,2024-06-30,4877353,2024-09-30,0.013944528334233923
3657,2024-09-30,4991809,2024-12-31,0.014161666507089492
3661,2024-03-31,319820,2024-06-30,-0.0016336109772703113
3661,2024-06-30,312965,2024-09-30,0.005344414998626684
3661,2024-09-30,321261,2024-12-31,-0.005936366096620147
3664,2024-03-31,1940863,2024-06-30,0.04466629245088026
3664,2024-06-30,2039316,2024-09-30,0.03164972400979533
3664,2024-09-30,2098639,2024-12-31,0.030127365769459093
3674,2024-03-31,315997,2024-06-30,0.03788808966065587
3674,2024-06-30,323513,2024-09-30,0.03750269634914742
3674,2024-09-30,324186,2024-12-31,0.03608671304026107
3677,2024-03-31,227871,2024-06-30,-0.026148442275084595
3677,2024-06-30,237424,2024-09-30,-0.013581931874091678
3677,2024-09-30,212751,2024-12-31,-0.0011944080863736375
3688,2024-03-31,77708,2024-06-30,0.1467091363371879
3688,2024-06-30,92988,2024-09-30,-0.10226961131184016
3688,2024-09-30,87460,2024-12-31,-0.05762408622162607
3691,2024-03-31,272306,2024-06-30,0.009843422962060635
3691,2024-06-30,272548,2024-09-30,0.010208044199225996
3691,2024-09-30,286010,2024-12-31,0.0016489913677887194
3693,2024-03-31,45036,2024-06-30,0.00975004891506064
3693,2024-06-30,44893,2024-09-30,0.0007851089140945663
3693,2024-09-30,43989,2024-12-31,0.006930748308359692
3698,2024-03-31,106797,2024-06-30,-0.04719491163696997
3698,2024-06-30,103828,2024-09-30,0.01837857984785685
3698,2024-09-30,106346,2024-12-31,0.00045992237278742667
3701,2024-03-31,710969,2024-06-30,0.01095839885158806
3701,2024-06-30,730140,2024-09-30,0.015686932377244958
3701,2024-09-30,752996,2024-12-31,0.02294465533688047
3702,2024-03-31,222446,2024-06-30,0.04829315376543262
3702,2024-06-30,233757,2024-09-30,0.017592103872747747
3702,2024-09-30,247022,2024-12-31,-0.033011377438691175
3705,2024-03-31,6279773,2024-06-30,0.029649766021003148
3705,2024-06-30,6158120,2024-09-30,0.014871995830407811
3705,2024-09-30,6122376,2024-12-31,0.024531454685482474
3711,2024-03-31,519091,2024-06-30,0.013582469580079689
3711,2024-06-30,532332,2024-09-30,0.016852334135216734
3711,2024-09-30,533647,2024-12-31,0.015580760744739578
3713,2024-03-31,294520,2024-06-30,0.1069289470619972
3713,2024-06-30,309077,2024-09-30,-0.01564037333125787
3713,2024-09-30,351659,2024-12-31,-0.16289832207624555
3719,2024-03-31,1356876,2024-06-30,0.07702547196557895
3719,2024-06-30,1439400,2024-09-30,0.026698471963015526
3719,2024-09-30,1484225,2024-12-31,0.002810740172461296
3720,2024-03-31,275742,2024-06-30,0.015158712352972468
3720,2024-06-30,283158,2024-09-30,0.015324685131075527
3720,2024-09-30,286944,2024-12-31,0.019278901383591358
3722,2024-03-31,560501,2024-06-30,0.019100331244586034
3722,2024-06-30,541824,2024-09-30,0.012509997658135992
3722,2024-09-30,607834,2024-12-31,0.025180182374215716
3732,2024-03-31,594818,2024-06-30,0.01158818386165182
3732,2024-06-30,590757,2024-09-30,0.011019629425927383
3732,2024-09-30,589705,2024-12-31,0.012046941867223404
3745,2024-03-31,103089,2024-06-30,0.010525740849662133
3745,2024-06-30,106235,2024-09-30,0.02870276616928337
3745,2024-09-30,104845,2024-12-31,0.020126420560426614
3747,2024-03-31,500845,2024-06-30,0.023272251746965497
3747,2024-06-30,519047,2024-09-30,0.01721855114938268
3747,2024-09-30,514601,2024-12-31,0.03236127050527822
3749,2024-03-31,137434,2024-06-30,-0.027856148609965607
3749,2024-06-30,145476,2024-09-30,-0.017682697881497633
3749,2024-09-30,149341,2024-12-31,-0.028426696060632858
3759,2024-03-31,204576,2024-06-30,-0.008822302617189057
3759,2024-06-30,203188,2024-09-30,-0.007623379227866841
3759,2024-09-30,208278,2024-12-31,-0.014647163694410645
3761,2024-03-31,66530,2024-06-30,-0.0008298899981127463
3761,2024-06-30,65290,2024-09-30,-0.004679722356397249
3761,2024-09-30,66085,2024-12-31,0.014724916372239955
3762,2024-03-31,141167,2024-06-30,-0.004092826150609559
3762,2024-06-30,140388,2024-09-30,-0.010719678429994803
3762,2024-09-30,139365,2024-12-31,0.0024413445591981234
3770,2024-03-31,49742,2024-06-30,-0.01272163126216553
3770,2024-06-30,50306,2024-09-30,-0.019977091082422047
3770,2024-09-30,49103,2024-12-31,0.033177427266482366
3775,2024-03-31,1453393,2024-06-30,0.006381062946848138
3775,2024-06-30,1451236,2024-09-30,0.009014591530766003
3775,2024-09-30,1466326,2024-12-31,0.006433399302220742
3777,2024-03-31,546149,2024-06-30,-0.025653322613367356
3777,2024-06-30,526859,2024-09-30,-0.016206441656893063
3777,2024-09-30,517981,2024-12-31,-0.005480927807822924
3787,2024-03-31,1131976,2024-06-30,0.004223859334580163
3787,2024-06-30,1263974,2024-09-30,0.004442542225928296
3787,2024-09-30,1176445,2024-12-31,0.020230566517389668
3792,2024-03-31,426371,2024-06-30,0.0016474064917413199
3792,2024-06-30,418734,2024-09-30,0.003013332774662669
3792,2024-09-30,419683,2024-12-31,0.013220826280723037
3799,2024-03-31,496443,2024-06-30,0.0010361590808839753
3799,2024-06-30,486304,2024-09-30,0.009550602259832543
3799,2024-09-30,515606,2024-12-31,0.01123871390659911
3805,2024-03-31,56962,2024-06-30,0.0016009335172564097
3805,2024-06-30,56578,2024-09-30,0.03402681444032848
3805,2024-09-30,57229,2024-12-31,0.007783328700782472
3807,2024-03-31,115125,2024-06-30,-0.010853082955758276
3807,2024-06-30,107833,2024-09-30,-0.006349508026691663
3807,2024-09-30,105622,2024-12-31,-0.016783155843511893
3808,2024-03-31,119215,2024-06-30,0.006511460581427232
3808,2024-06-30,113817,2024-09-30,0.008769276566262234
3808,2024-09-30,112405,2024-12-31,0.03202095876378895
3809,2024-03-31,1519715,2024-06-30,0.027954529283180415
3809,2024-06-30,1542493,2024-09-30,0.0225701851305797
3809,2024-09-30,1628215,2024-12-31,0.010243877726096905
3814,2024-03-31,349396,2024-06-30,-0.0070573546575444235
3814,2024-06-30,349500,2024-09-30,-0.007469255180716949
3814,2024-09-30,351443,2024-12-31,-0.0020090460340371065
3818,2024-03-31,85081,2024-06-30,0.014858219773922387
3818,2024-06-30,84556,2024-09-30,0.02039907961147105
3818,2024-09-30,81462,2024-12-31,0.0380479563593128
3821,2024-03-31,221384,2024-06-30,0.011413720992160349
3821,2024-06-30,226556,2024-09-30,0.014679975429785686
3821,2024-09-30,247841,2024-12-31,0.009416799315330522
3826,2024-03-31,63434,2024-06-30,-0.07768153682374752
3826,2024-06-30,60829,2024-09-30,-0.0151546982131222
3826,2024-09-30,54913,2024-12-31,0.05266194729231043
3827,2024-03-31,71854,2024-06-30,0.020188756113732217
3827,2024-06-30,71074,2024-09-30,0.019015969782726384
3827,2024-09-30,74183,2024-12-31,0.053276686159433935
3830,2024-03-31,159134,2024-06-30,-0.016087402734517264
3830,2024-06-30,155050,2024-09-30,-0.01651247392472508
3830,2024-09-30,157482,2024-12-31,-0.02473311905529484
3832,2024-03-31,38020718,2024-06-30,0.009214748179327109
3832,2024-06-30,40443363,2024-09-30,0.020087185475593534
3832,2024-09-30,41127369,2024-12-31,0.027760463322103232
3834,2024-03-31,79113,2024-06-30,0.012700576602511896
3834,2024-06-30,80734,2024-09-30,0.015611928366056268
3834,2024-09-30,86098,2024-12-31,0.01242059748664564
3837,2024-03-31,90290,2024-06-30,-0.0007656381754362375
3837,2024-06-30,85144,2024-09-30,-4.569441885921885e-06
3837,2024-09-30,86368,2024-12-31,-0.0035959542662343373
3840,2024-03-31,411888,2024-06-30,-0.007870901853903486
3840,2024-06-30,421025,2024-09-30,0.0032301213685133915
3840,2024-09-30,414302,2024-12-31,0.006871393960505158
3842,2024-03-31,771694,2024-06-30,0.008623555244885818
3842,2024-06-30,764561,2024-09-30,0.004936981011050034
3842,2024-09-30,770907,2024-12-31,0.005737111164210737
3846,2024-03-31,230216,2024-06-30,0.0028085627577618976
3846,2024-06-30,223866,2024-09-30,-0.00010023477215922584
3846,2024-09-30,220408,2024-12-31,-0.0007689649205398239
3850,2024-03-31,49445,2024-06-30,0.015618337100511524
3850,2024-06-30,49234,2024-09-30,0.011782543470221186
3850,2024-09-30,49821,2024-12-31,0.00915285030672428
3854,2024-03-31,253202,2024-06-30,0.002330931939079151
3854,2024-06-30,263573,2024-09-30,0.011478532269247011
3854,2024-09-30,258144,2024-12-31,0.023888464861188567
3863,2024-03-31,495338,2024-06-30,0.003446292684182736
3863,2024-06-30,487533,2024-09-30,0.01111957150689988
3863,2024-09-30,488065,2024-12-31,0.01990974882737461
3864,2024-03-31,1847420,2024-06-30,0.010752533993330244
3864,2024-06-30,1853669,2024-09-30,0.011733439992799393
3864,2024-09-30,1849640,2024-12-31,0.008152032125872087
3869,2024-03-31,912005,2024-06-30,0.008737687934143796
3869,2024-06-30,920424,2024-09-30,0.00875469262203976
3869,2024-09-30,956395,2024-12-31,0.019848883508338126
3873,2024-03-31,414204,2024-06-30,-0.0037869104962344976
3873,2024-06-30,420379,2024-09-30,-0.0008334612714741993
3873,2024-09-30,412407,2024-12-31,0.006405930490977335
3887,2024-03-31,2011439,2024-06-30,0.02418642113863326
3887,2024-06-30,1973658,2024-09-30,0.0293917571495197
3887,2024-09-30,2020583,2024-12-31,0.020886437022230333
3890,2024-03-31,22508765,2024-06-30,0.017350582201014708
3890,2024-06-30,22121441,2024-09-30,0.006590530712879677
3890,2024-09-30,22227733,2024-12-31,0.003406333292718721
3896,2024-03-31,268253,2024-06-30,0.010362943681898974
3896,2024-06-30,265113,2024-09-30,0.004725892985616275
3896,2024-09-30,264330,2024-12-31,0.022717319366585973
3902,2024-03-31,145974,2024-06-30,-0.03657806789541112
3902,2024-06-30,141662,2024-09-30,-0.04728260050284681
3902,2024-09-30,131747,2024-12-31,0.03660607497483715
3919,2024-03-31,59134,2024-06-30,-0.04610460730416017
3919,2024-06-30,57656,2024-09-30,-0.013776214698614639
3919,2024-09-30,56293,2024-12-31,0.02091856049154767
3931,2024-03-31,3353461,2024-06-30,0.024201246650116248
3931,2024-06-30,3366799,2024-09-30,0.02727254204532543
3931,2024-09-30,3391092,2024-12-31,0.041753658110627936
3934,2024-03-31,58434,2024-06-30,0.02757938465768559
3934,2024-06-30,60313,2024-09-30,0.03234211994585935
3934,2024-09-30,57888,2024-12-31,0.053704644577827004
3973,2024-03-31,3924245,2024-06-30,0.024952397170996815
3973,2024-06-30,3801991,2024-09-30,0.021759570974299428
3973,2024-09-30,3916000,2024-12-31,0.025773233137950418
3977,2024-03-31,99380,2024-06-30,0.031862546929564105
3977,2024-06-30,98376,2024-09-30,0.03777320291329033
3977,2024-09-30,100050,2024-12-31,0.04840936268536019
3985,2024-03-31,24585,2024-06-30,0.03666116638918686
3985,2024-06-30,25913,2024-09-30,0.0019773410800592753
3985,2024-09-30,26814,2024-12-31,0.11393138724823078
3999,2024-03-31,317190,2024-06-30,-0.0051687491519360005
3999,2024-06-30,314864,2024-09-30,-0.012251705011566381
3999,2024-09-30,323169,2024-12-31,0.09580616094480995
4009,2024-03-31,1374783,2024-06-30,0.023448564949953267
4009,2024-06-30,1394107,2024-09-30,0.020613016198157433
4009,2024-09-30,1517663,2024-12-31,0.021313528906566275
4016,2024-03-31,1593705,2024-06-30,0.028426260680161925
4016,2024-06-30,1535857,2024-09-30,0.021166704903757286
4016,2024-09-30,1545559,2024-12-31,0.056364874664456985
4028,2024-03-31,2639487,2024-06-30,0.0315363118458975
4028,2024-06-30,2606380,2024-09-30,0.030465009563429752
4028,2024-09-30,2616270,2024-12-31,0.03161118470310768
4029,2024-03-31,839558,2024-06-30,0.005948402663328467
4029,2024-06-30,852180,2024-09-30,0.0032360864140735033
4029,2024-09-30,805914,2024-12-31,0.030869134651391898
4031,2024-03-31,342224,2024-06-30,0.030312300598638407
4031,2024-06-30,325170,2024-09-30,0.016835147455847774
4031,2024-09-30,317085,2024-12-31,0.07153281859191216
4032,2024-03-31,790936,2024-06-30,0.019074165099667365
4032,2024-06-30,795240,2024-09-30,0.020260025451962604
4032,2024-09-30,794181,2024-12-31,0.01678777107014464
4033,2024-03-31,272751,2024-06-30,-0.003190724936495425
4033,2024-06-30,265650,2024-09-30,-0.0189348524423924
4033,2024-09-30,245948,2024-12-31,-0.002180814052599908
4037,2024-03-31,526011,2024-06-30,0.006721274724764339
4037,2024-06-30,529025,2024-09-30,0.009089601142178537
4037,2024-09-30,530385,2024-12-31,0.005684637204914561
4041,2024-03-31,125235,2024-06-30,-0.007812130334732662
4041,2024-06-30,144286,2024-09-30,-0.0425508431456536
4041,2024-09-30,146964,2024-12-31,0.03292145701275967
4042,2024-03-31,533607,2024-06-30,-0.004777671812756562
4042,2024-06-30,543334,2024-09-30,-0.0022994113147927807
4042,2024-09-30,538408,2024-12-31,-0.004071391922210694
4048,2024-03-31,689740,2024-06-30,-0.00946887179948541
4048,2024-06-30,678211,2024-09-30,-0.0002441699338743082
4048,2024-09-30,687383,2024-12-31,-0.011731199515087087
4049,2024-03-31,173564,2024-06-30,0.01910958061008638
4049,2024-06-30,165490,2024-09-30,0.03901210220377944
4049,2024-09-30,173145,2024-12-31,0.019734141532934214
4050,2024-03-31,206765,2024-06-30,0.05132819211138847
4050,2024-06-30,199994,2024-09-30,0.028497196931401108
4050,2024-09-30,200010,2024-12-31,-0.013245068292332036
4051,2024-03-31,55441,2024-06-30,0.00248459314059326
4051,2024-06-30,60943,2024-09-30,0.004898780367172045
4051,2024-09-30,58358,2024-12-31,-0.03118894736886603
4054,2024-03-31,71057,2024-06-30,0.006256817362373027
4054,2024-06-30,73661,2024-09-30,0.005813158491488314
4054,2024-09-30,73038,2024-12-31,0.013655658899169842
4059,2024-03-31,141413,2024-06-30,-0.002970206505793322
4059,2024-06-30,139629,2024-09-30,-0.019477003281877476
4059,2024-09-30,132498,2024-12-31,0.001219676551990776
4061,2024-03-31,115588,2024-06-30,-0.0026982132056198086
4061,2024-06-30,113217,2024-09-30,-0.0002636704188584124
4061,2024-09-30,110147,2024-12-31,0.014939518042887782
4062,2024-03-31,894868,2024-06-30,0.020532694517571896
4062,2024-06-30,879501,2024-09-30,0.01528474562556407
4062,2024-09-30,864523,2024-12-31,0.020452989541751086
4063,2024-03-31,24393478,2024-06-30,0.04524445781822776
4063,2024-06-30,23008973,2024-09-30,0.016187800089294366
4063,2024-09-30,24215890,2024-12-31,0.028479928125484454
4067,2024-03-31,164353,2024-06-30,0.0013460539722897446
4067,2024-06-30,162647,2024-09-30,-0.021108959131876427
4067,2024-09-30,157527,2024-12-31,0.048405603397706776
4071,2024-03-31,100986,2024-06-30,0.006663823761791233
4071,2024-06-30,97859,2024-09-30,0.004670998608445352
4071,2024-09-30,99649,2024-12-31,0.010446032154303966
4076,2024-03-31,68304,2024-06-30,0.00023728798604680167
4076,2024-06-30,66849,2024-09-30,0.005072740584243076
4076,2024-09-30,66060,2024-12-31,0.001402284558728657
4084,2024-03-31,339221,2024-06-30,0.007028703946295572
4084,2024-06-30,352968,2024-09-30,0.005739455825973591
4084,2024-09-30,351561,2024-12-31,0.004019433918917065
4086,2024-03-31,291117,2024-06-30,-0.007020533237625351
4086,2024-06-30,287704,2024-09-30,0.00014059051463015127
4086,2024-09-30,285614,2024-12-31,-0.0006039717323618484
4087,2024-03-31,342007,2024-06-30,0.025666446974127777
4087,2024-06-30,347538,2024-09-30,0.017552563302397007
4087,2024-09-30,344099,2024-12-31,0.0318607076186464
4091,2024-03-31,4284185,2024-06-30,-0.019368713506876554
4091,2024-06-30,3722345,2024-09-30,0.07643890000089003
4091,2024-09-30,3429177,2024-12-31,0.15214027651082315
4092,2024-03-31,90518,2024-06-30,0.01662605261983435
4092,2024-06-30,89781,2024-09-30,0.006339840335980225
4092,2024-09-30,86778,2024-12-31,-0.0007210748707176974
4094,2024-03-31,97333,2024-06-30,0.0038400528524472595
4094,2024-06-30,94036,2024-09-30,-0.01659092260930776
4094,2024-09-30,89348,2024-12-31,0.04706310680330049
4097,2024-03-31,113498,2024-06-30,-0.0003497595946870088
4097,2024-06-30,107084,2024-09-30,0.025433613772534683
4097,2024-09-30,103476,2024-12-31,0.0811973141100202
4098,2024-03-31,20160,2024-06-30,0.00010815695425183697
4098,2024-06-30,20209,2024-09-30,-0.03384279120447614
4098,2024-09-30,19733,2024-12-31,-0.019048601119686346
4111,2024-03-31,88109,2024-06-30,0.011632992686197415
4111,2024-06-30,86878,2024-09-30,0.009672850103178069
4111,2024-09-30,88524,2024-12-31,0.01085060117704322
4122,2024-03-31,39607,2024-06-30,-0.008385264795002198
4122,2024-06-30,40226,2024-09-30,-0.0032777760406690784
4122,2024-09-30,44326,2024-12-31,-0.0023577362183708987
4123,2024-03-31,77413,2024-06-30,-0.04507294503064224
4123,2024-06-30,73988,2024-09-30,-0.05432329371685113
4123,2024-09-30,74809,2024-12-31,0.040661820291792466
4132,2024-03-31,372090,2024-06-30,-0.002487039862077418
4132,2024-06-30,369833,2024-09-30,0.005830200396604433
4132,2024-09-30,367368,2024-12-31,-0.01696340109996686
4134,2024-03-31,96645,2024-06-30,0.013314436919839355
4134,2024-06-30,97515,2024-09-30,0.01587171508425097
4144,2024-03-31,22378,2024-06-30,-0.025463969041818624
4144,2024-06-30,21831,2024-09-30,-0.02075037369080928
4144,2024-09-30,21878,2024-12-31,-0.00222655734474124
4145,2024-03-31,489040,2024-06-30,-0.00043941259061137976
4145,2024-06-30,491946,2024-09-30,0.0028255977015996573
4145,2024-09-30,480627,2024-12-31,0.003085934497775255
4146,2024-03-31,416626,2024-06-30,-0.028730122294661254
4146,2024-06-30,406839,2024-09-30,-0.03610373761654862
4146,2024-09-30,394797,2024-12-31,0.024832298119085716
4147,2024-03-31,1580212,2024-06-30,0.02268270211075532
4147,2024-06-30,1481357,2024-09-30,0.024277094113272273
4147,2024-09-30,1524256,2024-12-31,0.033315656036576366
4148,2024-03-31,194482,2024-06-30,0.011614949135018633
4148,2024-06-30,185988,2024-09-30,0.017949710450479408
4148,2024-09-30,176123,2024-12-31,0.01427309256903941
4160,2024-03-31,1488028,2024-06-30,0.04496589896847655
4160,2024-06-30,1453987,2024-09-30,0.057690531484077025
4160,2024-09-30,1524435,2024-12-31,0.0597737584422839
4161,2024-03-31,63087,2024-06-30,-0.016473026085077256
4161,2024-06-30,60619,2024-09-30,-0.00867608630180528
4170,2024-03-31,260902,2024-06-30,-0.007568335028403185
4170,2024-06-30,254600,2024-09-30,-0.002056147039080986
4170,2024-09-30,253322,2024-12-31,0.00027229326907425767
4173,2024-03-31,307124,2024-06-30,0.010552432290840666
4173,2024-06-30,310628,2024-09-30,0.004954654752194035
4173,2024-09-30,302054,2024-12-31,-0.0007184274781750511
4178,2024-03-31,746711,2024-06-30,0.013399589853447415
4178,2024-06-30,745475,2024-09-30,0.008094266800289032
4178,2024-09-30,756637,2024-12-31,0.009484484308805835
4185,2024-03-31,397450,2024-06-30,0.02781094246259052
4185,2024-06-30,404641,2024-09-30,0.031477388367911106
4185,2024-09-30,406875,2024-12-31,0.03751202257780306
4187,2024-03-31,246619,2024-06-30,0.012884329257408575
4187,2024-06-30,240173,2024-09-30,0.018646857659964943
4187,2024-09-30,240308,2024-12-31,0.02018074417445201
4190,2024-03-31,1212655,2024-06-30,-0.0013485519590460738
4190,2024-06-30,1204457,2024-09-30,-0.00017277071747596686
4190,2024-09-30,1190451,2024-12-31,-0.0019268407512976317
4193,2024-03-31,170037,2024-06-30,0.008565590297787744
4193,2024-06-30,173925,2024-09-30,0.005269631407075112
4193,2024-09-30,168959,2024-12-31,0.02067120767705223
4196,2024-03-31,121540,2024-06-30,0.011615508174983087
4196,2024-06-30,120539,2024-09-30,0.011303750236185541
4196,2024-09-30,120362,2024-12-31,0.011315193758442756
4208,2024-03-31,294249,2024-06-30,-0.0026994837324904285
4208,2024-06-30,283164,2024-09-30,0.0020983699727928334
4208,2024-09-30,287737,2024-12-31,0.03786506236099109
4209,2024-03-31,44082,2024-06-30,0.008744895044733471
4209,2024-06-30,44100,2024-09-30,-0.02208957235035131
4209,2024-09-30,43295,2024-12-31,-0.001892896863535507
4211,2024-03-31,701176,2024-06-30,0.02955336071453267
4211,2024-06-30,683500,2024-09-30,0.040813099220756675
4211,2024-09-30,709675,2024-12-31,0.03332031541363916
4214,2024-03-31,35671838,2024-06-30,0.021952156998224545
4214,2024-06-30,36520082,2024-09-30,0.018789240810018846
4214,2024-09-30,37489165,2024-12-31,0.020103832155393367
4217,2024-03-31,69373,2024-06-30,-0.012271292686577461
4217,2024-06-30,66892,2024-09-30,-0.02550004348438589
4217,2024-09-30,63568,2024-12-31,-0.030322525067227258
4222,2024-03-31,45293,2024-06-30,-0.011278526593710586
4222,2024-06-30,44876,2024-09-30,-0.018347968100439777
4222,2024-09-30,44646,2024-12-31,0.047530448404781205
4228,2024-03-31,243805,2024-06-30,0.0072629846841296706
4228,2024-06-30,247846,2024-09-30,0.009213551357990641
4228,2024-09-30,241817,2024-12-31,0.015201964901567657
4232,2024-03-31,96376,2024-06-30,0.003239843237809115
4232,2024-06-30,96255,2024-09-30,-0.022590910609830723
4232,2024-09-30,98029,2024-12-31,-0.0011194684898366343
4235,2024-03-31,235724,2024-06-30,0.008563951483606317
4235,2024-06-30,230866,2024-09-30,0.012607662240587904
4235,2024-09-30,243157,2024-12-31,-0.0014171578899253774
4236,2024-03-31,403149,2024-06-30,0.015145438889098068
4236,2024-06-30,403976,2024-09-30,-0.002709253050816148
4236,2024-09-30,392681,2024-12-31,0.013313103085563303
4239,2024-03-31,12812005,2024-06-30,0.028330039631818547
4239,2024-06-30,12125998,2024-09-30,0.039404436792247824
4239,2024-09-30,12379707,2024-12-31,0.021520544009776387
4241,2024-03-31,236089,2024-06-30,0.004057835045943358
4241,2024-06-30,230622,2024-09-30,-0.0019385935718406566
4241,2024-09-30,228965,2024-12-31,0.0012905735359140134
4255,2024-03-31,4586176,2024-06-30,0.01594740483493833
4255,2024-06-30,4547560,2024-09-30,0.01323185294073844
4255,2024-09-30,4609875,2024-12-31,0.023839855938635985
4256,2024-03-31,2549402,2024-06-30,0.03978995610390641
4256,2024-06-30,2578790,2024-09-30,0.029149911771575887
4256,2024-09-30,2703552,2024-12-31,0.014237359053930128
4288,2024-03-31,479420,2024-06-30,0.020695653184638133
4288,2024-06-30,487996,2024-09-30,0.00936000498425277
4288,2024-09-30,475423,2024-12-31,0.012570772215380471
4290,2024-03-31,413025,2024-06-30,0.00939997069323095
4290,2024-06-30,399445,2024-09-30,0.0035181572596032426
4290,2024-09-30,430438,2024-12-31,0.04713824617992268
4297,2024-03-31,374089715,2024-06-30,0.006029353582474177
4297,2024-06-30,372464078,2024-09-30,0.008125574986903217
4297,2024-09-30,379885907,2024-12-31,0.012638195811286475
4318,2024-03-31,288237,2024-06-30,0.018659517468848988
4318,2024-06-30,284005,2024-09-30,0.019198546555229797
4318,2024-09-30,290636,2024-12-31,0.018692361328432164
4319,2024-03-31,710088,2024-06-30,0.006836659552460218
4319,2024-06-30,712929,2024-09-30,0.007962741363074883
4319,2024-09-30,748359,2024-12-31,0.008967809259951163
4324,2024-03-31,374514,2024-06-30,0.02444977767994458
4324,2024-06-30,379686,2024-09-30,-0.0063631809964638224
4324,2024-09-30,375344,2024-12-31,0.029013387426143664
4360,2024-03-31,5650837,2024-06-30,0.004074200809110258
4360,2024-06-30,5701882,2024-09-30,0.020217359144342913
4360,2024-09-30,5800550,2024-12-31,0.02206780919700076
4364,2024-03-31,347866,2024-06-30,-0.003543879407448083
4364,2024-06-30,363320,2024-09-30,0.00883193376052255
4364,2024-09-30,360948,2024-12-31,0.025827779919160403
4365,2024-03-31,14956079,2024-06-30,0.025118752425708733
4365,2024-06-30,14623477,2024-09-30,0.015404462274218187
4365,2024-09-30,14441602,2024-12-31,0.002160227491130258
4382,2024-03-31,4135733,2024-06-30,-0.008401668926429105
4382,2024-06-30,4212339,2024-09-30,0.004894714310373582
4382,2024-09-30,4727172,2024-12-31,0.02384480047835081
4398,2024-03-31,124312,2024-06-30,0.07768454015675375
4398,2024-06-30,142077,2024-09-30,-0.05144597799731961
4398,2024-09-30,128347,2024-12-31,0.11243838858637605
4419,2024-03-31,523800,2024-06-30,0.037394871471084896
4419,2024-06-30,535767,2024-09-30,0.028890228300513052
4419,2024-09-30,549897,2024-12-31,0.02820640851754476
4432,2024-03-31,379407,2024-06-30,-0.042685907241064636
4432,2024-06-30,366948,2024-09-30,-0.03258093775543565
4432,2024-09-30,352616,2024-12-31,0.0027276673085185887
4433,2024-03-31,1581824,2024-06-30,-0.012338491069997607
4433,2024-06-30,1601910,2024-09-30,0.0017388037550933012
4433,2024-09-30,1663439,2024-12-31,-0.010017094409377248
4439,2024-03-31,384284,2024-06-30,-0.0870355507453359
4439,2024-06-30,347696,2024-09-30,0.0554240343424119
4439,2024-09-30,352797,2024-12-31,-0.07014539244828384
4457,2024-03-31,52969,2024-06-30,-6.362282005494197e-05
4457,2024-06-30,58248,2024-09-30,-0.020998041067197486
4457,2024-09-30,56416,2024-12-31,-0.0045265492814574645
4464,2024-03-31,199391,2024-06-30,-0.011820042511980976
4464,2024-06-30,189778,2024-09-30,0.04300467396806256
4464,2024-09-30,218986,2024-12-31,-0.03680378479364757
4465,2024-03-31,558041,2024-06-30,0.023820282918357635
4465,2024-06-30,555970,2024-09-30,0.00893579568219294
4465,2024-09-30,542684,2024-12-31,0.045373037592824905
4476,2024-03-31,73085,2024-06-30,0.037511199062074695
4476,2024-06-30,70047,2024-09-30,0.052055244240613883
4476,2024-09-30,71585,2024-12-31,0.04150330844784687
4477,2024-03-31,66771,2024-06-30,-0.00044821212581400404
4477,2024-06-30,68620,2024-09-30,-0.03166861936594552
4477,2024-09-30,66391,2024-12-31,0.02791755201472419
4482,2024-03-31,91706,2024-06-30,0.01414759692186061
4482,2024-06-30,91014,2024-09-30,0.010421586791299108
4482,2024-09-30,90960,2024-12-31,0.0035813379605444825
4494,2024-03-31,34226,2024-06-30,-0.04887080860589609
4494,2024-06-30,32821,2024-09-30,-0.004411569750595
4494,2024-09-30,31991,2024-12-31,-0.0009198113448542483
4506,2024-03-31,1230241,2024-06-30,-0.005077133593336624
4506,2024-06-30,1178685,2024-09-30,0.004821849735650343
4506,2024-09-30,1202119,2024-12-31,0.008525954359650933
4511,2024-03-31,207062,2024-06-30,-0.00978359798711038
4511,2024-06-30,203462,2024-09-30,-0.006983458017074667
4511,2024-09-30,200629,2024-12-31,0.010356349702276042
4514,2024-03-31,114299,2024-06-30,-0.0706340616191197
4514,2024-06-30,120840,2024-09-30,-0.0008291641124999654
4514,2024-09-30,114904,2024-12-31,0.015505901085603449
4519,2024-03-31,585619,2024-06-30,0.008255905104249504
4519,2024-06-30,592039,2024-09-30,0.01748671134940248
4519,2024-09-30,606739,2024-12-31,0.0011193645186108846
4526,2024-03-31,341432,2024-06-30,0.0217957926779039
4526,2024-06-30,303701,2024-09-30,0.029129816281331277
4526,2024-09-30,307580,2024-12-31,0.0142708904517939
4539,2024-03-31,421415,2024-06-30,-0.001748736617350426
4539,2024-06-30,430457,2024-09-30,0.006001419684952215
4539,2024-09-30,426263,2024-12-31,0.04477140578088855
4540,2024-03-31,739669,2024-06-30,0.011039094277009082
4540,2024-06-30,768442,2024-09-30,0.019874789653071843
4540,2024-09-30,790550,2024-12-31,0.018851497093047932
4549,2024-03-31,610447,2024-06-30,0.02779292439210732
4549,2024-06-30,640914,2024-09-30,0.016518806010737092
4549,2024-09-30,675201,2024-12-31,0.015164752004560732
4556,2024-03-31,88442,2024-06-30,0.026865881461942798
4556,2024-06-30,85144,2024-09-30,0.02488380693403132
4556,2024-09-30,83120,2024-12-31,0.035132236392799755
4598,2024-03-31,99290,2024-06-30,-0.00392512220684409
4598,2024-06-30,96998,2024-09-30,-0.005324365731339301
4598,2024-09-30,96967,2024-12-31,-0.0026740931613804483
4611,2024-03-31,130832,2024-06-30,0.0023337793602134717
4611,2024-06-30,128557,2024-09-30,0.012467279882012723
4611,2024-09-30,125439,2024-12-31,-0.0014165869669266501
4619,2024-03-31,497638,2024-06-30,0.005144824370124216
4619,2024-06-30,485888,2024-09-30,-0.006942966133560208
4619,2024-09-30,490180,2024-12-31,0.05000947045372459
4621,2024-03-31,138294,2024-06-30,-0.04320260115911407
4621,2024-06-30,134573,2024-09-30,-0.035423370843544945
4621,2024-09-30,133943,2024-12-31,0.1237529292177212
4624,2024-03-31,124054,2024-06-30,0.005579720934194599
4624,2024-06-30,130287,2024-09-30,-0.05617020770818932
4624,2024-09-30,121471,2024-12-31,0.09578470016846699
4630,2024-03-31,86358,2024-06-30,-0.008571879811252875
4630,2024-06-30,85774,2024-09-30,-0.023476896102580098
4630,2024-09-30,81933,2024-12-31,0.05666857970977247
4636,2024-03-31,227506,2024-06-30,0.03240035981777941
4636,2024-06-30,227154,2024-09-30,0.031043157007377795
4636,2024-09-30,239846,2024-12-31,0.02245295936606501
4638,2024-03-31,126871,2024-06-30,0.0053566961606148576
4638,2024-06-30,126855,2024-09-30,-0.04427774278802655
4638,2024-09-30,124744,2024-12-31,0.1621566975981864
4649,2024-03-31,83120,2024-06-30,-0.011636711266521372
4649,2024-06-30,91900,2024-09-30,-0.02081736733648878
4649,2024-09-30,90007,2024-12-31,-0.00043800012484993017
4652,2024-03-31,36707,2024-06-30,-0.02864737818114513
4652,2024-06-30,35645,2024-09-30,-0.02569365300893026
4652,2024-09-30,35276,2024-12-31,0.0065104864357610846
4654,2024-03-31,63420,2024-06-30,-0.01264458356358574
4654,2024-06-30,62854,2024-09-30,-0.010737704410643055
4654,2024-09-30,61569,2024-12-31,-0.00977637910011215
4660,2024-03-31,211565,2024-06-30,0.019402908618176493
4660,2024-06-30,206509,2024-09-30,0.017923603264370463
4660,2024-09-30,205256,2024-12-31,0.01576075150905994
4664,2024-03-31,137903,2024-06-30,0.014311129690611648
4664,2024-06-30,155542,2024-09-30,0.019583036903522828
4664,2024-09-30,150185,2024-12-31,0.01731455495680271
4666,2024-03-31,1173909,2024-06-30,-0.014774378849387489
4666,2024-06-30,1175917,2024-09-30,-0.006453319307678917
4666,2024-09-30,1170465,2024-12-31,-0.002133779715095406
4668,2024-03-31,51134,2024-06-30,0.02598977872659767
4668,2024-06-30,52157,2024-09-30,0.025895857616154674
4668,2024-09-30,52796,2024-12-31,0.02225541578330238
4673,2024-03-31,772716,2024-06-30,0.01267571296939934
4673,2024-06-30,764097,2024-09-30,0.012974859634649722
4673,2024-09-30,761095,2024-12-31,0.027460737714369292
4678,2024-03-31,206548,2024-06-30,-0.01388376866729805
4678,2024-06-30,201332,2024-09-30,-0.03915114204153037
4678,2024-09-30,193609,2024-12-31,0.008517537037014281
4683,2024-03-31,14323,2024-06-30,-0.006622101551579963
4683,2024-06-30,14039,2024-09-30,0.00499198141171241
4683,2024-09-30,14388,2024-12-31,-0.0001694590348110653
4690,2024-03-31,70222,2024-06-30,-0.00022291376709374216
4690,2024-06-30,70501,2024-09-30,-0.0034098774041956804
4690,2024-09-30,70572,2024-12-31,0.00021546597322136566
4693,2024-03-31,67174,2024-06-30,-0.03313275789583615
4693,2024-06-30,64998,2024-09-30,-0.013293232615749896
4693,2024-09-30,63118,2024-12-31,0.06235032471453453
4697,2024-03-31,964874,2024-06-30,0.014524914934569429
4697,2024-06-30,972938,2024-09-30,-0.0077604878037571615
4697,2024-09-30,987596,2024-12-31,0.03555049479782839
4702,2024-03-31,1123268,2024-06-30,0.012891494583443379
4702,2024-06-30,1115108,2024-09-30,-0.010389791195340267
4702,2024-09-30,1085109,2024-12-31,0.08121351888207731
4705,2024-03-31,2854160,2024-06-30,-0.016056223444937845
4705,2024-06-30,2861307,2024-09-30,0.0003088308791711895
4705,2024-09-30,2939959,2024-12-31,-0.007293278388580228
4707,2024-03-31,455391,2024-06-30,0.00591102987746347
4707,2024-06-30,459151,2024-09-30,-0.003641398673862486
4707,2024-09-30,442862,2024-12-31,-0.0028661766262403723
4722,2024-03-31,151068,2024-06-30,0.02768601051187973
4722,2024-06-30,141243,2024-09-30,0.03195417560057309
4722,2024-09-30,144079,2024-12-31,0.02442974527853667
4728,2024-03-31,24060,2024-06-30,0.0036989349890220982
4728,2024-06-30,23931,2024-09-30,-0.00033122749303598234
4728,2024-09-30,23356,2024-12-31,0.008649646003124463
4735,2024-03-31,153952,2024-06-30,0.0014380947455119376
4735,2024-06-30,157755,2024-09-30,0.006254764301067416
4735,2024-09-30,155598,2024-12-31,0.005583438055619763
4746,2024-03-31,622838,2024-06-30,0.0043364330524030175
4746,2024-06-30,641055,2024-09-30,-0.021915803204617747
4746,2024-09-30,597711,2024-12-31,0.11035600464343524
4752,2024-03-31,81794,2024-06-30,0.0063832983974472365
4752,2024-06-30,79505,2024-09-30,0.02731127892479813
4752,2024-09-30,77948,2024-12-31,0.035953003076426016
4756,2024-03-31,243517,2024-06-30,-0.0030046499118748186
4756,2024-06-30,238667,2024-09-30,-0.0030515169684155875
4756,2024-09-30,226919,2024-12-31,0.035127267456714434
4766,2024-03-31,192657,2024-06-30,0.006168393540171361
4766,2024-06-30,186666,2024-09-30,0.00535599745045605
4766,2024-09-30,189068,2024-12-31,0.03927264090349382
4767,2024-03-31,6554671,2024-06-30,0.016710805978117464
4767,2024-06-30,6729655,2024-09-30,0.01568476283314726
4767,2024-09-30,6760556,2024-12-31,0.014095711289068395
4769,2024-03-31,135266,2024-06-30,-0.006189050682865266
4769,2024-06-30,132487,2024-09-30,-0.02067616079809009
4769,2024-09-30,129676,2024-12-31,0.04893333242645765
4770,2024-03-31,46881,2024-06-30,-0.003928552898334023
4770,2024-06-30,47146,2024-09-30,-0.0052210419509481935
4770,2024-09-30,45240,2024-12-31,0.001309420392779512
4773,2024-03-31,138874,2024-06-30,-0.0008840460976038609
4773,2024-06-30,136667,2024-09-30,0.0013842736462391883
4773,2024-09-30,136547,2024-12-31,0.0014693702072391625
4774,2024-03-31,42091,2024-06-30,0.05671676307208578
4774,2024-06-30,45274,2024-09-30,0.011130181802379267
4774,2024-09-30,48498,2024-12-31,0.33992699115018565
4775,2024-03-31,119088,2024-06-30,-0.013235157609101097
4775,2024-06-30,118686,2024-09-30,-0.036443143865849494
4775,2024-09-30,117883,2024-12-31,-0.000920438958086259
4778,2024-03-31,211928,2024-06-30,0.003384555806806876
4778,2024-06-30,218165,2024-09-30,0.014833634540163378
4778,2024-09-30,211588,2024-12-31,0.026384600107092156
4779,2024-03-31,572977,2024-06-30,-0.004408294542762071
4779,2024-06-30,579697,2024-09-30,0.00871906748680016
4779,2024-09-30,591404,2024-12-31,0.02343117320344397
4789,2024-03-31,2157612,2024-06-30,0.004654336221411327
4789,2024-06-30,2133472,2024-09-30,0.0001955257844849011
4789,2024-09-30,2262730,2024-12-31,0.005283290513597959
4791,2024-03-31,391791,2024-06-30,0.021909730405664
4791,2024-06-30,388947,2024-09-30,0.009410324378389559
4791,2024-09-30,393244,2024-12-31,0.017207986673255665
4792,2024-03-31,60798,2024-06-30,-0.0011075336392154086
4792,2024-06-30,53737,2024-09-30,0.0051287070002979445
4792,2024-09-30,56602,2024-12-31,0.040737673574468336
4794,2024-03-31,82667,2024-06-30,0.011945740186923152
4794,2024-06-30,85531,2024-09-30,0.000726941627311381
4794,2024-09-30,81440,2024-12-31,0.0223407495561087
4796,2024-03-31,105369,2024-06-30,0.010964883965835956
4796,2024-06-30,108633,2024-09-30,-0.0035268554972306184
4796,2024-09-30,99795,2024-12-31,0.058392962842092895
4799,2024-03-31,6525518,2024-06-30,0.012050052206807183
4799,2024-06-30,6548935,2024-09-30,0.010469276249560778
4799,2024-09-30,6647811,2024-12-31,0.0494258408015299
4801,2024-03-31,474809,2024-06-30,0.00456163017288008
4801,2024-06-30,456837,2024-09-30,0.017008425809410952
4801,2024-09-30,460308,2024-12-31,0.008765071338679799
4832,2024-03-31,5188640,2024-06-30,0.004599219867573145
4832,2024-06-30,5153053,2024-09-30,0.011864063514080331
4832,2024-09-30,5231603,2024-12-31,0.021808325278473827
4857,2024-03-31,1575713,2024-06-30,0.004331830336036445
4857,2024-06-30,1545561,2024-09-30,0.0008862542603260019
4857,2024-09-30,1547358,2024-12-31,0.003610856832000175
4865,2024-03-31,11351989,2024-06-30,0.01623414484603965
4865,2024-06-30,11464121,2024-09-30,0.013927517672279503
4865,2024-09-30,11854192,2024-12-31,0.02372667787606048
4931,2024-03-31,1595850,2024-06-30,0.035238343952826746
4931,2024-06-30,1561036,2024-09-30,0.05301540054180685
4931,2024-09-30,1558154,2024-12-31,0.0705661179039341
4945,2024-03-31,173543,2024-06-30,0.002427824056641873
4945,2024-06-30,173784,2024-09-30,0.004352018019991948
4945,2024-09-30,173988,2024-12-31,0.0032978427558053402
4952,2024-03-31,751589,2024-06-30,-0.0004600562712761435
4952,2024-06-30,754681,2024-09-30,-0.004387221099844212
4952,2024-09-30,752559,2024-12-31,0.009426463145179156
4958,2024-03-31,293632,2024-06-30,0.0062273365059342485
4958,2024-06-30,287944,2024-09-30,-0.002459299133186203
4958,2024-09-30,287827,2024-12-31,-0.0019995553783344324
4960,2024-03-31,204476,2024-06-30,0.004171256647659152
4960,2024-06-30,200237,2024-09-30,0.0066273394223676
4960,2024-09-30,195756,2024-12-31,0.013208483544711857
4972,2024-03-31,2057724,2024-06-30,0.020875514978126033
4972,2024-06-30,2093254,2024-09-30,0.015432308181368266
4972,2024-09-30,2076004,2024-12-31,0.014393622326135351
4977,2024-03-31,66653093,2024-06-30,0.015012510967875245
4977,2024-06-30,65403394,2024-09-30,0.008673374385664524
4977,2024-09-30,67395008,2024-12-31,0.027475588308002293
4988,2024-03-31,15417228,2024-06-30,0.011931145788076195
4988,2024-06-30,15540064,2024-09-30,0.0044360960567033925
4988,2024-09-30,15321323,2024-12-31,0.009522528257586621
4993,2024-03-31,1435559,2024-06-30,0.010107249597502015
4993,2024-06-30,1446435,2024-09-30,0.010448108465825357
4993,2024-09-30,1441460,2024-12-31,0.012291092236967257
5005,2024-03-31,647968,2024-06-30,0.01500787051925758
5005,2024-06-30,646718,2024-09-30,0.011960169404064495
5005,2024-09-30,664577,2024-12-31,0.020065707427420795
5006,2024-03-31,446194,2024-06-30,-0.016189138182468307
5006,2024-06-30,445923,2024-09-30,-0.0023265407256320985
5006,2024-09-30,437284,2024-12-31,0.008313535717369756
5015,2024-03-31,414756,2024-06-30,0.007787463704655228
5015,2024-06-30,409458,2024-09-30,0.013947222422935815
5015,2024-09-30,403808,2024-12-31,0.017412747989310147
5018,2024-03-31,422048,2024-06-30,-0.02300394157616424
5018,2024-06-30,412189,2024-09-30,0.0563153703298402
5018,2024-09-30,460854,2024-12-31,-0.03411744053414733
5019,2024-03-31,1215898,2024-06-30,0.01002778644531002
5019,2024-06-30,1209935,2024-09-30,0.030880450328392598
5019,2024-09-30,1271520,2024-12-31,0.008825469108132715
5033,2024-03-31,1050525,2024-06-30,0.05039025550012541
5033,2024-06-30,1108269,2024-09-30,0.0492783557478654
5033,2024-09-30,1139084,2024-12-31,0.041978669048261204
5058,2024-03-31,850197,2024-06-30,0.014077754509338425
5058,2024-06-30,836986,2024-09-30,0.030427858517066742
5058,2024-09-30,860127,2024-12-31,-0.016489252674626604
5062,2024-03-31,338941,2024-06-30,0.005748253863506574
5062,2024-06-30,342636,2024-09-30,0.014258878690098696
5062,2024-09-30,365859,2024-12-31,-0.009134292445189988
5072,2024-03-31,510261,2024-06-30,-0.015409056906396918
5072,2024-06-30,493334,2024-09-30,0.11436559923768241
5072,2024-09-30,534849,2024-12-31,-0.021378936031841093
5074,2024-03-31,291959,2024-06-30,0.019548246845484268
5074,2024-06-30,297000,2024-09-30,0.14900209599998052
5074,2024-09-30,343896,2024-12-31,-0.07386080262907749
5076,2024-03-31,49966,2024-06-30,-0.0042239945342771815
5076,2024-06-30,50120,2024-09-30,0.009629154974023496
5076,2024-09-30,50898,2024-12-31,-0.02600230532153325
5087,2024-03-31,103526,2024-06-30,0.018837470804299813
5087,2024-06-30,103543,2024-09-30,0.025205813701571662
5087,2024-09-30,107358,2024-12-31,0.0046513336469942565
5093,2024-03-31,783513,2024-06-30,0.0033757771922555435
5093,2024-06-30,793420,2024-09-30,0.006982631440813423
5093,2024-09-30,789911,2024-12-31,0.0014746275839478966
5095,2024-03-31,344845,2024-06-30,0.010046906625312052
5095,2024-06-30,389320,2024-09-30,0.024838838463033072
5095,2024-09-30,382871,2024-12-31,0.014216488244088934
5097,2024-03-31,249608,2024-06-30,0.049990446624892396
5097,2024-06-30,252651,2024-09-30,0.023092254781614873
5097,2024-09-30,262288,2024-12-31,0.030267750038687258
5105,2024-03-31,64156,2024-06-30,-0.016610061195888804
5105,2024-06-30,73612,2024-09-30,-0.002564336711115881
5105,2024-09-30,72661,2024-12-31,0.008080105014001035
5107,2024-03-31,70677,2024-06-30,-0.02202782783346869
5107,2024-06-30,69559,2024-09-30,-0.012038255499930402
5107,2024-09-30,68764,2024-12-31,0.00928270256006799
5110,2024-03-31,30357,2024-06-30,0.04804223580796906
5110,2024-06-30,36169,2024-09-30,-0.08807517495378728
5110,2024-09-30,33265,2024-12-31,-0.019463384774560975
5113,2024-03-31,72129,2024-06-30,-0.0396537819824647
5113,2024-06-30,68444,2024-09-30,0.016227091892634604
5113,2024-09-30,72550,2024-12-31,0.006997282342327506
5115,2024-03-31,105350,2024-06-30,0.02722229663379247
5115,2024-06-30,107572,2024-09-30,0.018997911472471287
5115,2024-09-30,110993,2024-12-31,0.01954080008799046
5116,2024-03-31,255394,2024-06-30,0.003087733692251261
5116,2024-06-30,251697,2024-09-30,0.017544779695875704
5116,2024-09-30,256369,2024-12-31,0.02443046173264967
5117,2024-03-31,94209,2024-06-30,0.0347141891491249
5117,2024-06-30,93292,2024-09-30,0.039595921824933
5117,2024-09-30,98380,2024-12-31,0.018538169656311016
5123,2024-03-31,845239,2024-06-30,0.0010003509284355063
5123,2024-06-30,865847,2024-09-30,0.004785020573877899
5123,2024-09-30,1055628,2024-12-31,0.00467881132339075
5131,2024-03-31,104682,2024-06-30,-0.0025754338132451884
5131,2024-06-30,99198,2024-09-30,0.0048948975373972
5131,2024-09-30,104458,2024-12-31,-0.0041274107657164605
5136,2024-03-31,278124,2024-06-30,-0.01603524570845088
5136,2024-06-30,279411,2024-09-30,-0.0072562455487879055
5136,2024-09-30,281897,2024-12-31,-0.0041101516930156234
5141,2024-03-31,80751,2024-06-30,-0.0044285188544902696
5141,2024-06-30,75475,2024-09-30,0.0746191385514644
5141,2024-09-30,82711,2024-12-31,0.017342291876276197
5142,2024-03-31,23634,2024-06-30,-0.0055297032363863016
5142,2024-06-30,22972,2024-09-30,-0.0029140630969688277
5142,2024-09-30,23627,2024-12-31,-0.0011683195634200484
5146,2024-03-31,2864803,2024-06-30,-0.03417303831006594
5146,2024-06-30,2776761,2024-09-30,-0.022953377027269416
5146,2024-09-30,2918821,2024-12-31,-0.014578505965408476
5150,2024-03-31,61778,2024-06-30,0.012088639493343198
5150,2024-06-30,63949,2024-09-30,0.02983388850527618
5150,2024-09-30,68445,2024-12-31,0.03069745099358936
5162,2024-03-31,324934,2024-06-30,0.03196904083972878
5162,2024-06-30,332769,2024-09-30,0.013485838339629838
5162,2024-09-30,341002,2024-12-31,0.01342690663624127
5170,2024-03-31,1106134,2024-06-30,0.027265601529046037
5170,2024-06-30,1139034,2024-09-30,0.025669754552492964
5170,2024-09-30,1173679,2024-12-31,0.022990967917987416
5175,2024-03-31,54840,2024-06-30,0.0259926260973438
5175,2024-06-30,64740,2024-09-30,-0.03322052196580732
5175,2024-09-30,64960,2024-12-31,0.040816462603083824
5180,2024-03-31,142259,2024-06-30,-0.00732918938587515
5180,2024-06-30,132966,2024-09-30,0.011428764162503385
5180,2024-09-30,136320,2024-12-31,0.02254660949115086
5186,2024-03-31,197652,2024-06-30,-0.01140498835148055
5186,2024-06-30,192794,2024-09-30,0.0013205430269532293
5186,2024-09-30,194456,2024-12-31,0.05633557032516105
5193,2024-03-31,722860,2024-06-30,0.00981997008315838
5193,2024-06-30,714404,2024-09-30,0.013329135793641235
5193,2024-09-30,760044,2024-12-31,0.02105483450756562
5196,2024-03-31,28128,2024-06-30,-0.029243788284346168
5196,2024-06-30,28195,2024-09-30,-0.007641388971449115
5196,2024-09-30,27595,2024-12-31,0.010194498157369317
5197,2024-03-31,101025,2024-06-30,0.009241077496408736
5197,2024-06-30,100505,2024-09-30,0.007300849135182525
5197,2024-09-30,103922,2024-12-31,-0.005703339204202362
5198,2024-03-31,241865,2024-06-30,0.012238735677424516
5198,2024-06-30,246248,2024-09-30,0.03529615925037013
5198,2024-09-30,251420,2024-12-31,0.009455410933209257
5214,2024-03-31,110833,2024-06-30,0.03281453255701342
5214,2024-06-30,107369,2024-09-30,0.05827394717783185
5214,2024-09-30,112623,2024-12-31,0.02350481293923708
5219,2024-03-31,325106,2024-06-30,0.02180197594409348
5219,2024-06-30,319587,2024-09-30,0.01904839337860471
5219,2024-09-30,312843,2024-12-31,0.015213071850551962
5221,2024-03-31,73431,2024-06-30,-0.007294528823711393
5221,2024-06-30,73486,2024-09-30,0.002597367440722375
5221,2024-09-30,76109,2024-12-31,0.005647099456483375
5223,2024-03-31,284561,2024-06-30,0.0664672852428549
5223,2024-06-30,302654,2024-09-30,-0.0013517978354187683
5223,2024-09-30,300111,2024-12-31,-0.0016824980741200512
5229,2024-03-31,288599,2024-06-30,0.048961434152194325
5229,2024-06-30,304547,2024-09-30,0.032293098249930076
5229,2024-09-30,330414,2024-12-31,0.009799557795842094
5232,2024-03-31,28776,2024-06-30,0.012066386051258336
5232,2024-06-30,28158,2024-09-30,0.017204300906596717
5232,2024-09-30,28578,2024-12-31,0.008045637858688039
5247,2024-03-31,382601,2024-06-30,0.03007678145985224
5247,2024-06-30,383882,2024-09-30,0.010201548348928067
5247,2024-09-30,381115,2024-12-31,0.008651128173580625
5249,2024-03-31,247839,2024-06-30,0.014144326089155416
5249,2024-06-30,243996,2024-09-30,0.024722462628451757
5249,2024-09-30,252230,2024-12-31,0.09125905212070258
5252,2024-03-31,156522,2024-06-30,0.07380040528632961
5252,2024-06-30,156133,2024-09-30,0.02498837701030456
5252,2024-09-30,164630,2024-12-31,0.022659209892925143
5269,2024-03-31,638763,2024-06-30,0.043281060777604484
5269,2024-06-30,651403,2024-09-30,0.0559929031140803
5269,2024-09-30,692615,2024-12-31,0.013258542699315453
5270,2024-03-31,162392,2024-06-30,0.004491329220491201
5270,2024-06-30,160204,2024-09-30,0.018488983416434884
5270,2024-09-30,160819,2024-12-31,0.022693074540942985
5278,2024-03-31,48081,2024-06-30,0.012328324341094632
5278,2024-06-30,48052,2024-09-30,0.017287921107363595
5278,2024-09-30,49180,2024-12-31,0.013462604562038906
5280,2024-03-31,461502,2024-06-30,0.0007932013356302232
5280,2024-06-30,467719,2024-09-30,0.01416908775133767
5280,2024-09-30,475972,2024-12-31,0.02151426295091661
5283,2024-03-31,171461,2024-06-30,-0.0014661177790856838
5283,2024-06-30,169773,2024-09-30,0.007114528750680521
5283,2024-09-30,179601,2024-12-31,0.009387509398445501
5285,2024-03-31,1223557,2024-06-30,0.0038547334205268047
5285,2024-06-30,1216043,2024-09-30,0.00761099237447767
5285,2024-09-30,1267246,2024-12-31,0.01752111545265511
5286,2024-03-31,495613,2024-06-30,0.039344221632109565
5286,2024-06-30,497181,2024-09-30,0.03697775861358534
5286,2024-09-30,509391,2024-12-31,0.028871345352398603
5295,2024-03-31,457811,2024-06-30,0.02601353661888435
5295,2024-06-30,451497,2024-09-30,0.028813183894502197
5295,2024-09-30,461554,2024-12-31,0.037687031620480746
5296,2024-03-31,33733530,2024-06-30,0.00016082252998173715
5296,2024-06-30,32764058,2024-09-30,0.021168669080766096
5296,2024-09-30,33823377,2024-12-31,0.009081364015759437
5297,2024-03-31,296743,2024-06-30,0.015941926608887085
5297,2024-06-30,295449,2024-09-30,0.008435317487528866
5297,2024-09-30,312479,2024-12-31,-0.0014840629122034124
5304,2024-03-31,3459776,2024-06-30,0.018885914094272264
5304,2024-06-30,3447471,2024-09-30,0.017414874875640265
5304,2024-09-30,3547038,2024-12-31,0.02630046284812263
5306,2024-03-31,599879,2024-06-30,0.015907724576360374
5306,2024-06-30,569007,2024-09-30,0.03279276027526252
5306,2024-09-30,570133,2024-12-31,0.014841386668613841
5317,2024-03-31,230589,2024-06-30,0.006646515036422177
5317,2024-06-30,229359,2024-09-30,0.014163744196351356
5317,2024-09-30,234142,2024-12-31,0.021096023714773916
5335,2024-03-31,536853,2024-06-30,0.02694990655530999
5335,2024-06-30,533108,2024-09-30,0.031006961459230126
5335,2024-09-30,549519,2024-12-31,0.020312884602313116
5336,2024-03-31,196977,2024-06-30,-0.0074324569975752425
5336,2024-06-30,189036,2024-09-30,-0.023169844624050983
5336,2024-09-30,194778,2024-12-31,-0.002645554628559369
5337,2024-03-31,205316,2024-06-30,-0.009566987460892304
5337,2024-06-30,206572,2024-09-30,-0.01039785999815052
5337,2024-09-30,208165,2024-12-31,0.08988767041405064
5357,2024-03-31,283281,2024-06-30,0.013456264193868262
5357,2024-06-30,282757,2024-09-30,0.013083650583437988
5357,2024-09-30,284391,2024-12-31,0.014671233425722895
5364,2024-03-31,289004,2024-06-30,0.0008100513963584183
5364,2024-06-30,282657,2024-09-30,0.021077959814807333
5364,2024-09-30,275236,2024-12-31,0.01564963042208174
5369,2024-03-31,97750,2024-06-30,-0.011783152907739328
5369,2024-06-30,97251,2024-09-30,-0.004677631373949134
5369,2024-09-30,98248,2024-12-31,-0.006157385060974165
5377,2024-03-31,104471,2024-06-30,0.015245711660095616
5377,2024-06-30,110591,2024-09-30,-0.011504180724522198
5377,2024-09-30,113684,2024-12-31,-0.003704638806785839
5380,2024-03-31,25975,2024-06-30,0.008094466814411616
5380,2024-06-30,25211,2024-09-30,0.03043246265096049
5380,2024-09-30,24246,2024-12-31,0.006552549147927787
5384,2024-03-31,212385,2024-06-30,-0.0041595830991996065
5384,2024-06-30,228920,2024-09-30,-0.022195186368890587
5384,2024-09-30,236340,2024-12-31,0.009795290699277624
5394,2024-03-31,295519,2024-06-30,-0.013962987173349458
5394,2024-06-30,284885,2024-09-30,-0.013448727763138973
5394,2024-09-30,295040,2024-12-31,-0.008932454821533539
5396,2024-03-31,240959,2024-06-30,-0.007787195263065644
5396,2024-06-30,268660,2024-09-30,-0.0169467998213304
5396,2024-09-30,286056,2024-12-31,-0.0019416663689935294
5401,2024-03-31,104119,2024-06-30,3.780637979626579e-05
5401,2024-06-30,110241,2024-09-30,-0.011804093035824956
5401,2024-09-30,112770,2024-12-31,-0.004796280376301089
5405,2024-03-31,79175,2024-06-30,-0.02336969378826626
5405,2024-06-30,79717,2024-09-30,-0.0339241663130446
5405,2024-09-30,75593,2024-12-31,0.08793561253141402
5408,2024-03-31,55810,2024-06-30,0.002293488791492206
5408,2024-06-30,55217,2024-09-30,0.004084542075417574
5408,2024-09-30,54142,2024-12-31,0.010507970533166953
5410,2024-03-31,313282,2024-06-30,0.006755221751439271
5410,2024-06-30,279774,2024-09-30,0.028528116416796145
5410,2024-09-30,311605,2024-12-31,-7.185193571206461e-05
5415,2024-03-31,1651297,2024-06-30,0.018274612440312858
5415,2024-06-30,1489268,2024-09-30,0.07963637703511404
5415,2024-09-30,1594293,2024-12-31,0.038144573711359354
5422,2024-03-31,75974,2024-06-30,-0.010685316773570964
5422,2024-06-30,73881,2024-09-30,-0.011376196378834417
5422,2024-09-30,70139,2024-12-31,-0.00808259730169829
5424,2024-03-31,270776,2024-06-30,0.01987430362113578
5424,2024-06-30,271146,2024-09-30,0.017144061776163375
5424,2024-09-30,265635,2024-12-31,0.02657316710665214
5425,2024-03-31,33364,2024-06-30,-0.27963091522385
5425,2024-06-30,43548,2024-09-30,-0.14716615925006526
5425,2024-09-30,59187,2024-12-31,-0.03606299598264531
5432,2024-03-31,353413,2024-06-30,-0.003792320751053171
5432,2024-06-30,360192,2024-09-30,-0.016492572005612043
5432,2024-09-30,358322,2024-12-31,0.0030823766693956222
5434,2024-03-31,485035,2024-06-30,0.0045256915436015935
5434,2024-06-30,479977,2024-09-30,0.009022073081666481
5434,2024-09-30,480131,2024-12-31,0.004662408616380395
5438,2024-03-31,76263,2024-06-30,-0.060713969294522746
5438,2024-06-30,75164,2024-09-30,-0.02877944743802353
5438,2024-09-30,69893,2024-12-31,0.04532937853451727
5439,2024-03-31,146292,2024-06-30,-0.040764883992093805
5439,2024-06-30,138283,2024-09-30,-0.04490521214782717
5439,2024-09-30,136247,2024-12-31,0.002193869667131773
5442,2024-03-31,598084,2024-06-30,0.026666473799693773
5442,2024-06-30,598096,2024-09-30,0.03874071744135401
5442,2024-09-30,614246,2024-12-31,0.029340429224407116
5452,2024-03-31,26578972,2024-06-30,0.01348320252824523
5452,2024-06-30,26318099,2024-09-30,0.01755721415032321
5452,2024-09-30,26517640,2024-12-31,0.02727822624390523
5460,2024-03-31,134801,2024-06-30,0.0019368914656491324
5460,2024-06-30,131939,2024-09-30,-0.00986600460498281
5460,2024-09-30,129103,2024-12-31,-0.005055909019137831
5469,2024-03-31,183052,2024-06-30,0.025646785715010705
5469,2024-06-30,192973,2024-09-30,0.028190283253551097
5469,2024-09-30,189048,2024-12-31,0.019024461851473738
5472,2024-03-31,325198,2024-06-30,0.018400245467732387
5472,2024-06-30,329862,2024-09-30,0.014055659450325806
5472,2024-09-30,323089,2024-12-31,0.03400911911674522
5473,2024-03-31,349659,2024-06-30,-0.00527549865367468
5473,2024-06-30,346478,2024-09-30,-0.007144456818730627
5473,2024-09-30,343450,2024-12-31,-0.0005951272857385052
5478,2024-03-31,55287,2024-06-30,-0.010906612031358998
5478,2024-06-30,54892,2024-09-30,-0.00010180456060362483
5478,2024-09-30,53091,2024-12-31,0.01679050401511091
5486,2024-03-31,334455,2024-06-30,0.017845294243119335
5486,2024-06-30,337538,2024-09-30,0.01918235309966982
5486,2024-09-30,352075,2024-12-31,0.012099672198589264
5490,2024-03-31,217413,2024-06-30,-0.009992339266055826
5490,2024-06-30,203628,2024-09-30,0.03769910961245529
5490,2024-09-30,208662,2024-12-31,0.013601686089960588
5495,2024-03-31,508449,2024-06-30,0.012344499591685255
5495,2024-06-30,513048,2024-09-30,0.008016127649984705
5495,2024-09-30,522248,2024-12-31,0.014794474719767935
5496,2024-03-31,2275628,2024-06-30,0.0011557888505152832
5496,2024-06-30,2308049,2024-09-30,0.009110243004584543
5496,2024-09-30,2404305,2024-12-31,0.015161330852189972
5510,2024-03-31,41246014,2024-06-30,0.007615949283259155
5510,2024-06-30,40746370,2024-09-30,0.009714659703274018
5510,2024-09-30,42170008,2024-12-31,0.01960719749960435
5518,2024-03-31,89075,2024-06-30,-0.018160808820953844
5518,2024-06-30,80937,2024-09-30,-0.009430425730843668
5518,2024-09-30,75062,2024-12-31,0.030410744683209
5520,2024-03-31,53570,2024-06-30,0.0019959877054190993
5520,2024-06-30,56835,2024-09-30,-0.01031116840168567
5520,2024-09-30,60217,2024-12-31,-0.005387382377290487
5529,2024-03-31,867636,2024-06-30,-0.004120729447847325
5529,2024-06-30,847881,2024-09-30,-0.003182151318662676
5529,2024-09-30,821484,2024-12-31,0.03262947894548359
5531,2024-03-31,536910,2024-06-30,0.023093210081704865
5531,2024-06-30,528313,2024-09-30,0.012191370013350678
5531,2024-09-30,541083,2024-12-31,0.0173777039770884
5536,2024-03-31,327583,2024-06-30,0.008572405393194716
5536,2024-06-30,326548,2024-09-30,0.04372483020370779
5536,2024-09-30,358224,2024-12-31,0.08377157400895266
5538,2024-03-31,236981,2024-06-30,-0.0016151374549120189
5538,2024-06-30,213450,2024-09-30,0.0590875180299405
5538,2024-09-30,210990,2024-12-31,0.08190795113480148
5544,2024-03-31,1105869,2024-06-30,0.01695975842164017
5544,2024-06-30,1101797,2024-09-30,0.014217011401466135
5544,2024-09-30,1122114,2024-12-31,0.01813653841685186
5548,2024-03-31,222034,2024-06-30,-0.014324381043181
5548,2024-06-30,214974,2024-09-30,-0.019789368959058706
5548,2024-09-30,217459,2024-12-31,-0.0092894884986648
5551,2024-03-31,1841752,2024-06-30,0.023887823384229522
5551,2024-06-30,1955808,2024-09-30,0.014396166172715589
5551,2024-09-30,1950151,2024-12-31,0.018778566699091878
5557,2024-03-31,124419,2024-06-30,0.027905140069322758
5557,2024-06-30,125053,2024-09-30,0.020164051023237057
5557,2024-09-30,129059,2024-12-31,0.021358779935441462
5558,2024-03-31,277600,2024-06-30,0.0022589339225955784
5558,2024-06-30,295627,2024-09-30,0.024904545266074586
5558,2024-09-30,297861,2024-12-31,0.014673334484232086
5559,2024-03-31,82411,2024-06-30,0.005268594110847238
5559,2024-06-30,82854,2024-09-30,0.006566051345086818
5559,2024-09-30,84872,2024-12-31,0.012428917823750536
5564,2024-03-31,152184,2024-06-30,0.0034845826110022843
5564,2024-06-30,155363,2024-09-30,0.006855744396716829
5564,2024-09-30,151968,2024-12-31,0.0026583998474693582
5568,2024-03-31,438635,2024-06-30,-0.01663734146267475
5568,2024-06-30,437627,2024-09-30,0.005471044944239066
5568,2024-09-30,439957,2024-12-31,-0.007972066221557035
5569,2024-03-31,288236,2024-06-30,0.05276443596512036
5569,2024-06-30,282408,2024-09-30,0.03269360915454793
5569,2024-09-30,276822,2024-12-31,0.012274939413836705
5574,2024-03-31,1569227,2024-06-30,0.053077004548948654
5574,2024-06-30,1675600,2024-09-30,0.05717022051884105
5574,2024-09-30,1696185,2024-12-31,0.01858987331044336
5575,2024-03-31,928592,2024-06-30,0.013151847597670678
5575,2024-06-30,915427,2024-09-30,0.008633724355405643
5575,2024-09-30,937772,2024-12-31,0.015502235524925127
5589,2024-03-31,132227,2024-06-30,0.028033731591112047
5589,2024-06-30,132535,2024-09-30,0.024893739600346906
5589,2024-09-30,133364,2024-12-31,0.022197316620730594
5590,2024-03-31,118282,2024-06-30,-0.0013739956115296932
5590,2024-06-30,116172,2024-09-30,-0.00447092986331452
5590,2024-09-30,118653,2024-12-31,-0.006093947221142798
5595,2024-03-31,256908,2024-06-30,-0.005846007514453011
5595,2024-06-30,265207,2024-09-30,0.0024348881358167225
5595,2024-09-30,268267,2024-12-31,0.0017779813487956314
5598,2024-03-31,1360408,2024-06-30,0.010816093107769402
5598,2024-06-30,1332503,2024-09-30,0.006015572748754243
5598,2024-09-30,1334358,2024-12-31,0.008860668426072764
5602,2024-03-31,203087,2024-06-30,0.0001955552191129981
5602,2024-06-30,209540,2024-09-30,0.00011003577886047305
5602,2024-09-30,203485,2024-12-31,0.01771421238452227
5605,2024-03-31,38481,2024-06-30,0.022623982720960015
5605,2024-06-30,37752,2024-09-30,0.009901896011556024
5605,2024-09-30,36359,2024-12-31,0.020931585513718726
5615,2024-03-31,1079647,2024-06-30,0.011250836359417586
5615,2024-06-30,1085872,2024-09-30,0.007430843251197153
5615,2024-09-30,1149720,2024-12-31,0.00469689307787545
5619,2024-03-31,34879,2024-06-30,-0.007355863740977735
5619,2024-06-30,41610,2024-09-30,0.0014909483365748008
5619,2024-09-30,46857,2024-12-31,0.012235928857101465
5623,2024-03-31,195080,2024-06-30,-0.009702306791850544
5623,2024-06-30,192410,2024-09-30,-0.0003896201447799266
5623,2024-09-30,194358,2024-12-31,-0.0010534973110890606
5624,2024-03-31,210883,2024-06-30,0.019069160838318628
5624,2024-06-30,220407,2024-09-30,0.025770619370400722
5624,2024-09-30,213173,2024-12-31,-0.0006826053676493083
5628,2024-03-31,114329,2024-06-30,0.006904276831736974
5628,2024-06-30,114798,2024-09-30,-0.009287244291651594
5628,2024-09-30,107940,2024-12-31,0.05607338615891259
5632,2024-03-31,91539,2024-06-30,0.008052753995645399
5632,2024-06-30,92257,2024-09-30,0.0011532094547138747
5632,2024-09-30,93284,2024-12-31,0.010773419815470765
5633,2024-03-31,6235536,2024-06-30,0.010899124929716467
5633,2024-06-30,6221406,2024-09-30,0.008993817581328693
5633,2024-09-30,6398202,2024-12-31,0.012146025431593271
5634,2024-03-31,101152,2024-06-30,-0.006419354788253865
5634,2024-06-30,104265,2024-09-30,0.00784051659889931
5634,2024-09-30,103573,2024-12-31,0.0023983512024136487
5635,2024-03-31,434004,2024-06-30,0.032106735851331676
5635,2024-06-30,449703,2024-09-30,0.03210900458671746
5635,2024-09-30,448400,2024-12-31,0.030182201049925597
5649,2024-03-31,113886215,2024-06-30,0.018335760376025828
5649,2024-06-30,112081206,2024-09-30,0.018291313640545096
5649,2024-09-30,114517386,2024-12-31,0.021398260358017274
5673,2024-03-31,1273147,2024-06-30,0.01932236412282033
5673,2024-06-30,1298300,2024-09-30,0.01250529724900217
5673,2024-09-30,1276527,2024-12-31,0.012564349422167193
5676,2024-03-31,879754,2024-06-30,0.0032452410109972472
5676,2024-06-30,883528,2024-09-30,0.012063469363898814
5676,2024-09-30,869389,2024-12-31,0.00970824409521189
5685,2024-03-31,539269,2024-06-30,0.004229520699755807
5685,2024-06-30,510561,2024-09-30,0.003580135130655486
5685,2024-09-30,516569,2024-12-31,0.03937277579212004
5686,2024-03-31,77920,2024-06-30,-0.01362182919535992
5686,2024-06-30,75067,2024-09-30,-0.010500817876088217
5686,2024-09-30,74653,2024-12-31,0.022270283958812535
5694,2024-03-31,1103985,2024-06-30,0.025018878478326692
5694,2024-06-30,1127709,2024-09-30,0.024099829423391166
5694,2024-09-30,1145072,2024-12-31,0.02005413895225539
5699,2024-03-31,82969,2024-06-30,0.02543804081932795
5699,2024-06-30,83858,2024-09-30,-0.010779476399576755
5699,2024-09-30,82311,2024-12-31,-0.008146145680938527
5704,2024-03-31,244173,2024-06-30,0.01964129203119331
5704,2024-06-30,254204,2024-09-30,0.022321083135653074
5704,2024-09-30,242648,2024-12-31,0.017165148546265496
5709,2024-03-31,148601,2024-06-30,-0.05017011677164363
5709,2024-06-30,137416,2024-09-30,-0.08374625671019018
5709,2024-09-30,119619,2024-12-31,0.31122390981432374
5716,2024-03-31,617321,2024-06-30,0.008280276237004235
5716,2024-06-30,620499,2024-09-30,-0.004599001602037339
5716,2024-09-30,601910,2024-12-31,0.0005647586317418277
5722,2024-03-31,117032,2024-06-30,-0.0003522691702936579
5722,2024-06-30,107675,2024-09-30,-0.0039771305701329735
5722,2024-09-30,107288,2024-12-31,0.014805500273542839
5730,2024-03-31,72747,2024-06-30,0.011311339087588412
5730,2024-06-30,74533,2024-09-30,0.011964017835652829
5730,2024-09-30,72275,2024-12-31,0.018079892993059715
5740,2024-03-31,154393,2024-06-30,0.004661409866822515
5740,2024-06-30,158305,2024-09-30,0.009801669674347292
5740,2024-09-30,156596,2024-12-31,0.006712763751941529
5744,2024-03-31,1656553,2024-06-30,0.04500599499114805
5744,2024-06-30,1791800,2024-09-30,0.023668403892294847
5744,2024-09-30,1788604,2024-12-31,0.017849974022914526
5749,2024-03-31,298046,2024-06-30,0.01477972235046866
5749,2024-06-30,305895,2024-09-30,0.011138981741459546
5749,2024-09-30,302320,2024-12-31,0.015004407226268062
5753,2024-03-31,128857,2024-06-30,-0.007827510586965706
5753,2024-06-30,133498,2024-09-30,-0.03252974996324809
5753,2024-09-30,148322,2024-12-31,0.008790144352283964
5768,2024-03-31,583556,2024-06-30,0.020372879706143862
5768,2024-06-30,586184,2024-09-30,0.01561135962623259
5768,2024-09-30,600905,2024-12-31,0.02009214300728046
5779,2024-03-31,280737,2024-06-30,0.006366964097529307
5779,2024-06-30,280831,2024-09-30,0.011584148058301942
5779,2024-09-30,279612,2024-12-31,0.022463957370432296
5786,2024-03-31,113052,2024-06-30,-0.013061520126083415
5786,2024-06-30,109149,2024-09-30,-0.003743388073391161
5786,2024-09-30,107069,2024-12-31,-0.0036046079075029483
5791,2024-03-31,103602,2024-06-30,-0.014120278227067875
5791,2024-06-30,102498,2024-09-30,-0.013415095591876492
5791,2024-09-30,102116,2024-12-31,0.01998125296943965
5792,2024-03-31,80942,2024-06-30,0.007125164214586958
5792,2024-06-30,79985,2024-09-30,0.026377448917181384
5792,2024-09-30,79625,2024-12-31,0.035639695185184526
5796,2024-03-31,334059,2024-06-30,0.007117121926027114
5796,2024-06-30,329099,2024-09-30,-0.003943213797725081
5796,2024-09-30,328214,2024-12-31,0.012886986027864677
5797,2024-03-31,195429,2024-06-30,0.009594380805210821
5797,2024-06-30,182754,2024-09-30,0.019778624782924695
5797,2024-09-30,171580,2024-12-31,0.009753796165749307
5800,2024-03-31,430000,2024-06-30,-0.011996249406356315
5800,2024-06-30,434425,2024-09-30,0.007078814356098677
5800,2024-09-30,411422,2024-12-31,0.07534903914160397
5814,2024-03-31,120328,2024-06-30,0.015058679960588248
5814,2024-06-30,119605,2024-09-30,0.012478716995236646
5814,2024-09-30,124470,2024-12-31,0.003913036852187174
5817,2024-03-31,291066,2024-06-30,-0.030870111523840917
5817,2024-06-30,280143,2024-09-30,0.019778735446908745
5817,2024-09-30,291286,2024-12-31,0.004860185326169089
5820,2024-03-31,45419,2024-06-30,-0.009683681397602999
5820,2024-06-30,44423,2024-09-30,0.0006751336338424196
5820,2024-09-30,40547,2024-12-31,0.011577374339460315
5821,2024-03-31,249819,2024-06-30,0.010733234031160577
5821,2024-06-30,258461,2024-09-30,0.004900986345372316
5821,2024-09-30,286854,2024-12-31,0.005959972462568122
5826,2024-03-31,1301197,2024-06-30,0.008390409540693176
5826,2024-06-30,1257317,2024-09-30,0.008328769019039712
5826,2024-09-30,1285544,2024-12-31,0.01747035067670596
5830,2024-03-31,79342,2024-06-30,-0.025059983845865542
5830,2024-06-30,75894,2024-09-30,-0.03449474561195795
5830,2024-09-30,72166,2024-12-31,0.006588976708060547
5835,2024-03-31,412410,2024-06-30,0.03787388201032752
5835,2024-06-30,431071,2024-09-30,0.009619453793306802
5835,2024-09-30,425081,2024-12-31,0.019228670551890974
5838,2024-03-31,54085,2024-06-30,0.0029850853596016668
5838,2024-06-30,53864,2024-09-30,0.003266751326848903
5838,2024-09-30,51174,2024-12-31,0.01284211405711807
5847,2024-03-31,101830,2024-06-30,0.005471066328196308
5847,2024-06-30,104636,2024-09-30,0.010380706908507516
5847,2024-09-30,106048,2024-12-31,0.010363091330926225
5854,2024-03-31,1640803,2024-06-30,0.01870001434694133
5854,2024-06-30,1600294,2024-09-30,0.0023354269305231787
5854,2024-09-30,1658568,2024-12-31,0.013236452698636589
5867,2024-03-31,545379,2024-06-30,0.1072041035274753
5867,2024-06-30,570366,2024-09-30,0.09385261155711805
5867,2024-09-30,613905,2024-12-31,-0.045460897471992424
5873,2024-03-31,398523,2024-06-30,0.013106332220313288
5873,2024-06-30,418066,2024-09-30,0.01601614010037653
5873,2024-09-30,429932,2024-12-31,0.017640159507087947
5874,2024-03-31,753746,2024-06-30,0.04655824886695773
5874,2024-06-30,785797,2024-09-30,0.046221052585699446
5874,2024-09-30,841797,2024-12-31,-0.018804622867128678
5885,2024-03-31,441778,2024-06-30,0.01820052969313581
5885,2024-06-30,442165,2024-09-30,0.0012967747428461317
5885,2024-09-30,446816,2024-12-31,-0.006877185842911295
5892,2024-03-31,109962,2024-06-30,0.011480885344333877
5892,2024-06-30,109463,2024-09-30,0.006414100098069308
5892,2024-09-30,106549,2024-12-31,0.017471963068997235
5902,2024-03-31,294964,2024-06-30,0.007611196413940551
5902,2024-06-30,286786,2024-09-30,0.00285128371077458
5902,2024-09-30,296079,2024-12-31,0.0072141473723251566
5903,2024-03-31,6650583,2024-06-30,0.013029823649889746
5903,2024-06-30,6663029,2024-09-30,0.012795584051906278
5903,2024-09-30,6796518,2024-12-31,0.016170365634182657
5907,2024-03-31,482265,2024-06-30,-0.004049346394955252
5907,2024-06-30,488738,2024-09-30,-0.01117624739982305
5907,2024-09-30,472805,2024-12-31,-0.011236130174802041
5956,2024-03-31,1453848,2024-06-30,0.011036828813195766
5956,2024-06-30,1477523,2024-09-30,0.015604056774400826
5956,2024-09-30,1481527,2024-12-31,0.013024456868562266
5962,2024-03-31,1868683,2024-06-30,0.10671536527399388
5962,2024-06-30,1965978,2024-09-30,0.07892832173479282
5962,2024-09-30,1319681,2024-12-31,0.3852157259177746
5969,2024-03-31,2625471,2024-06-30,0.015330682884284658
5969,2024-06-30,2645108,2024-09-30,0.014248168375425951
5969,2024-09-30,2688328,2024-12-31,0.016475468358993422
5981,2024-03-31,544564,2024-06-30,0.020850995481788814
5981,2024-06-30,561505,2024-09-30,0.013680389322607046
5981,2024-09-30,609476,2024-12-31,-0.023260371714676275
5994,2024-03-31,269830,2024-06-30,0.03136969231556034
5994,2024-06-30,308936,2024-09-30,0.017226758347361478
5994,2024-09-30,345748,2024-12-31,0.035976345784481105
5999,2024-03-31,20842,2024-06-30,0.03838424748952684
5999,2024-06-30,22031,2024-09-30,-0.011522938228300385
5999,2024-09-30,21133,2024-12-31,-0.009286974279019434
6051,2024-03-31,148449,2024-06-30,-0.00793495846784016
6051,2024-06-30,150682,2024-09-30,0.019615259980529466
6051,2024-09-30,149844,2024-12-31,-0.026480638160539933
6063,2024-03-31,1361072,2024-06-30,-0.003978494319925494
6063,2024-06-30,1293282,2024-09-30,0.011766550076041465
6063,2024-09-30,1299370,2024-12-31,0.009759159782462808
6064,2024-03-31,46948,2024-06-30,-0.03932413819030817
6064,2024-06-30,43044,2024-09-30,0.03655825250504475
6064,2024-09-30,42791,2024-12-31,0.060240663398786
6078,2024-03-31,322866,2024-06-30,0.02528357793753696
6078,2024-06-30,285633,2024-09-30,0.014548929118030714
6078,2024-09-30,284265,2024-12-31,-0.0028314281435480354
6084,2024-03-31,31556,2024-06-30,-0.020252259570312882
6084,2024-06-30,31570,2024-09-30,-0.018707576800911667
6084,2024-09-30,32547,2024-12-31,-0.017313496751855652
6085,2024-03-31,2630826,2024-06-30,0.005040311390820783
6085,2024-06-30,2571085,2024-09-30,0.018654582062302895
6085,2024-09-30,2569251,2024-12-31,0.026855722577201886
6088,2024-03-31,202748,2024-06-30,-0.004092576508396614
6088,2024-06-30,204645,2024-09-30,-0.00019120344148167785
6088,2024-09-30,204688,2024-12-31,-0.00042983743782117886
6091,2024-03-31,640867,2024-06-30,0.014391103779208525
6091,2024-06-30,642270,2024-09-30,0.009575197823078722
6091,2024-09-30,649224,2024-12-31,0.018194093853458302
6100,2024-03-31,294452,2024-06-30,0.1040645938257403
6100,2024-06-30,248459,2024-09-30,-0.01665150917383624
6100,2024-09-30,190949,2024-12-31,-0.15558443079464146
6101,2024-03-31,255377,2024-06-30,0.026704692657397628
6101,2024-06-30,256657,2024-09-30,0.02546042642001272
6101,2024-09-30,252243,2024-12-31,0.011190891292795069
6110,2024-03-31,97842,2024-06-30,0.011465131982293004
6110,2024-06-30,101737,2024-09-30,0.014069655439216889
6110,2024-09-30,98646,2024-12-31,0.022915419665407572
6123,2024-03-31,1474369,2024-06-30,0.009954495061648954
6123,2024-06-30,1489111,2024-09-30,0.010691116711329635
6123,2024-09-30,1546645,2024-12-31,0.02016748061767851
6137,2024-03-31,701400,2024-06-30,0.018711310927305144
6137,2024-06-30,687913,2024-09-30,0.014345081744166766
6137,2024-09-30,708771,2024-12-31,0.01865208191769751
6139,2024-03-31,563278,2024-06-30,0.007841116941868493
6139,2024-06-30,552529,2024-09-30,0.002855785362864898
6156,2024-03-31,50095,2024-06-30,0.022783126850428954
6156,2024-06-30,47595,2024-09-30,0.040903075143256265
6156,2024-09-30,48633,2024-12-31,0.02207099693610351
6158,2024-03-31,2073220,2024-06-30,-7.21506230543006e-05
6158,2024-06-30,2090104,2024-09-30,0.00687709780299989
6158,2024-09-30,2110299,2024-12-31,0.008305096031644385
6161,2024-03-31,1363565,2024-06-30,-0.0016427227528837826
6161,2024-06-30,1353154,2024-09-30,-0.0013896803615546561
6161,2024-09-30,1362106,2024-12-31,0.0029537152461433422
6176,2024-03-31,646262,2024-06-30,0.012822942810797506
6176,2024-06-30,651560,2024-09-30,0.006557183687307392
6176,2024-09-30,667123,2024-12-31,0.0020617515876995758
6180,2024-03-31,200140,2024-06-30,0.008646387598898726
6180,2024-06-30,200684,2024-09-30,0.013624771936433
6180,2024-09-30,211421,2024-12-31,0.007051905641064635
6186,2024-03-31,224845,2024-06-30,0.006765553392720355
6186,2024-06-30,228693,2024-09-30,0.0025417082893138994
6186,2024-09-30,245476,2024-12-31,0.013523137937740777
6194,2024-03-31,374235,2024-06-30,0.0069961919481339825
6194,2024-06-30,385894,2024-09-30,0.019726602890248527
6194,2024-09-30,378255,2024-12-31,0.0367518612592822
6195,2024-03-31,293202,2024-06-30,0.011884437354085389
6195,2024-06-30,297227,2024-09-30,0.01409414042039459
6195,2024-09-30,297542,2024-12-31,0.012424642022770544
6198,2024-03-31,35847,2024-06-30,0.0130279654868535
6198,2024-06-30,35042,2024-09-30,0.023095940547992334
6198,2024-09-30,36321,2024-12-31,0.033744018761839405
6271,2024-03-31,884850,2024-06-30,-0.011209144115359008
6271,2024-06-30,850097,2024-09-30,0.06291701828847314
6271,2024-09-30,930724,2024-12-31,0.022514276296298742
6275,2024-03-31,481992,2024-06-30,0.012184416206875706
6275,2024-06-30,475950,2024-09-30,0.025735823454556335
6275,2024-09-30,473501,2024-12-31,0.018574340438372226
6280,2024-03-31,68177,2024-06-30,0.004365172120486293
6280,2024-06-30,71124,2024-09-30,0.01508637221060455
6280,2024-09-30,75614,2024-12-31,0.02691450070949296
6354,2024-03-31,568611,2024-06-30,0.0010418979468092425
6354,2024-06-30,559635,2024-09-30,-0.00039033009065122945
6354,2024-09-30,587762,2024-12-31,0.013530154979536073
6384,2024-03-31,431863200,2024-06-30,0.0074336069120239595
6384,2024-06-30,422760181,2024-09-30,-0.0032861690808062946
6384,2024-09-30,429848646,2024-12-31,0.00545526267958941
6423,2024-03-31,2200651,2024-06-30,0.015292039838901214
6423,2024-06-30,2140626,2024-09-30,0.01572327851588357
6423,2024-09-30,2229138,2024-12-31,0.01604609907915816
6442,2024-03-31,170489,2024-06-30,-0.00024816262327594286
6442,2024-06-30,164916,2024-09-30,-0.007575117598678865
6442,2024-09-30,164458,2024-12-31,-0.004042251441188088
6464,2024-03-31,325342,2024-06-30,0.021227296926439366
6464,2024-06-30,347345,2024-09-30,0.019116588863490637
6464,2024-09-30,344389,2024-12-31,0.012355077698336148
6528,2024-03-31,271604,2024-06-30,0.0025704067329911486
6528,2024-06-30,257395,2024-09-30,0.06783680681972569
6528,2024-09-30,274436,2024-12-31,-0.014755009944570676
6530,2024-03-31,69231,2024-06-30,-0.012890410890622922
6530,2024-06-30,68297,2024-09-30,0.006602292506921688
6530,2024-09-30,68000,2024-12-31,0.00058008716448498
6531,2024-03-31,782904,2024-06-30,0.014078222818010357
6531,2024-06-30,782745,2024-09-30,0.017362946196393385
6531,2024-09-30,809971,2024-12-31,0.008931479803618496
6540,2024-03-31,4248699,2024-06-30,0.034305553187679715
6540,2024-06-30,4258222,2024-09-30,0.025847854721799044
6540,2024-09-30,4417842,2024-12-31,0.03147763827502746
6544,2024-03-31,7365854,2024-06-30,0.016591766821583344
6544,2024-06-30,7341526,2024-09-30,0.01614102799054427
6544,2024-09-30,7520758,2024-12-31,0.017350299238251675
6548,2024-03-31,532825419,2024-06-30,0.012181283147893601
6548,2024-06-30,527189102,2024-09-30,0.0144242996062289
6548,2024-09-30,522481635,2024-12-31,0.022237383823020363
6560,2024-03-31,157649840,2024-06-30,0.017545241003106577
6560,2024-06-30,159226531,2024-09-30,0.022368937488530836
6560,2024-09-30,162822191,2024-12-31,0.023046222153792022
6574,2024-03-31,257619,2024-06-30,0.007850857458893148
6574,2024-06-30,258046,2024-09-30,0.005590282413382086
6574,2024-09-30,264091,2024-12-31,0.004814078156105316
6584,2024-03-31,55882,2024-06-30,-0.031052105094142544
6584,2024-06-30,53190,2024-09-30,-0.0076311580972727245
6584,2024-09-30,52779,2024-12-31,-0.010609882163816442
6592,2024-03-31,83484,2024-06-30,-0.0004981109027448836
6592,2024-06-30,80470,2024-09-30,0.009105191666206774
6592,2024-09-30,78566,2024-12-31,0.014604193324205197
6600,2024-03-31,13616628,2024-06-30,0.023381849057980283
6600,2024-06-30,13842539,2024-09-30,0.022581866617489937
6600,2024-09-30,14150314,2024-12-31,0.02373069010114289
6605,2024-03-31,1118277,2024-06-30,0.007388406260580844
6605,2024-06-30,1097874,2024-09-30,0.006634504616683127
6605,2024-09-30,1107460,2024-12-31,0.006233477617596277
6616,2024-03-31,500609,2024-06-30,0.025525285399775683
6616,2024-06-30,510260,2024-09-30,0.029430488357066877
6616,2024-09-30,524583,2024-12-31,0.024466046702776925
6623,2024-03-31,1858949,2024-06-30,0.016439841874958214
6623,2024-06-30,1944382,2024-09-30,0.016356892148132865
6623,2024-09-30,1918153,2024-12-31,0.011729655808168383
6636,2024-03-31,1268205,2024-06-30,-0.0033751558967252213
6636,2024-06-30,1270569,2024-09-30,0.02677479303104063
6636,2024-09-30,1316568,2024-12-31,-0.003106932873810664
6637,2024-03-31,173875,2024-06-30,0.0039690271687760625
6637,2024-06-30,174953,2024-09-30,0.00360913417865909
6637,2024-09-30,168425,2024-12-31,0.01036798552960823
6638,2024-03-31,89834,2024-06-30,-0.010757340292663004
6638,2024-06-30,88869,2024-09-30,0.012158064040114349
6638,2024-09-30,93010,2024-12-31,-0.021446735760636
6646,2024-03-31,248264,2024-06-30,0.03434716866564049
6646,2024-06-30,245050,2024-09-30,0.038044381912631806
6646,2024-09-30,256800,2024-12-31,0.02803855360026615
6653,2024-03-31,8604707,2024-06-30,0.03193454873712083
6653,2024-06-30,8607658,2024-09-30,0.020744552603139097
6653,2024-09-30,8502301,2024-12-31,0.014625001175376903
6659,2024-03-31,204197,2024-06-30,0.0069212946411330144
6659,2024-06-30,208271,2024-09-30,0.003961748183659707
6659,2024-09-30,217317,2024-12-31,-0.008569334149083348
6662,2024-03-31,248000,2024-06-30,0.015297888955543501
6662,2024-06-30,244372,2024-09-30,0.021276012073785676
6662,2024-09-30,263325,2024-12-31,0.02335280681843092
6671,2024-03-31,234287,2024-06-30,0.01755837389125014
6671,2024-06-30,242665,2024-09-30,0.00942906543743081
6671,2024-09-30,251283,2024-12-31,0.02442009187423598
6672,2024-03-31,174856000,2024-06-30,0.012472781093066926
6672,2024-06-30,172042000,2024-09-30,0.01072877607905247
6672,2024-09-30,172890000,2024-12-31,0.012295598838184346
6680,2024-03-31,70938,2024-06-30,0.018822958383919293
6680,2024-06-30,72847,2024-09-30,0.014389356377077969
6680,2024-09-30,78938,2024-12-31,0.014155173768117278
6700,2024-03-31,226031,2024-06-30,0.002026579083904755
6700,2024-06-30,223667,2024-09-30,0.002051939955977812
6700,2024-09-30,224973,2024-12-31,0.0026198713404670176
6706,2024-03-31,178474,2024-06-30,0.01031934553331595
6706,2024-06-30,188152,2024-09-30,0.016525663638567122
6706,2024-09-30,194339,2024-12-31,0.016015352068595695
6725,2024-03-31,178799,2024-06-30,-0.019823785070546766
6725,2024-06-30,171619,2024-09-30,0.005759286891898733
6725,2024-09-30,191374,2024-12-31,-0.023426236390265545
6728,2024-03-31,95709,2024-06-30,0.0009273578071622272
6728,2024-06-30,95502,2024-09-30,-0.0001227522609298892
6728,2024-09-30,97660,2024-12-31,-0.003591762861488233
6732,2024-03-31,133394,2024-06-30,-0.0016064531855125074
6732,2024-06-30,134804,2024-09-30,0.013638807727334739
6732,2024-09-30,133647,2024-12-31,0.004509834420533797
6760,2024-03-31,576179,2024-06-30,0.009905770670533212
6760,2024-06-30,582331,2024-09-30,0.01716036444949176
6760,2024-09-30,590892,2024-12-31,0.020838428945665243
6762,2024-03-31,137538,2024-06-30,-0.01139396131722061
6762,2024-06-30,132132,2024-09-30,0.03784872738975796
6762,2024-09-30,131663,2024-12-31,-0.03980211130119311
6786,2024-03-31,170152,2024-06-30,0.012265900068931041
6786,2024-06-30,167805,2024-09-30,0.017859471776882237
6786,2024-09-30,172332,2024-12-31,0.006835722732268868
6787,2024-03-31,77035,2024-06-30,0.01157057124394181
6787,2024-06-30,76974,2024-09-30,0.005577910217301979
6787,2024-09-30,76159,2024-12-31,-1.228538936788032e-05
6794,2024-03-31,224832,2024-06-30,0.010519551224494671
6794,2024-06-30,222954,2024-09-30,0.007810777626715823
6794,2024-09-30,221764,2024-12-31,0.007923892697909945
6800,2024-03-31,135295,2024-06-30,-0.013623652963064127
6800,2024-06-30,134889,2024-09-30,0.0001685395518113756
6800,2024-09-30,131163,2024-12-31,0.007369154561098498
6803,2024-03-31,303715,2024-06-30,0.003948416556466303
6803,2024-06-30,301420,2024-09-30,0.0028379944880972813
6803,2024-09-30,297856,2024-12-31,-0.0031565164585017924
6805,2024-03-31,108649,2024-06-30,-0.0008895166591945525
6805,2024-06-30,107636,2024-09-30,-0.0012540334219681786
6805,2024-09-30,109660,2024-12-31,0.0028008251751972147
6811,2024-03-31,914961,2024-06-30,-0.0005604371961959222
6811,2024-06-30,910347,2024-09-30,0.0008676006560652694
6811,2024-09-30,921392,2024-12-31,0.009053737100929393
6813,2024-03-31,311201,2024-06-30,0.0072454652562560645
6813,2024-06-30,307546,2024-09-30,0.008078856544820347
6813,2024-09-30,314643,2024-12-31,0.010450281298409508
6821,2024-03-31,1549073,2024-06-30,0.01639490674788994
6821,2024-06-30,1648992,2024-09-30,0.010694092396092293
6821,2024-09-30,1605033,2024-12-31,0.03992018841648147
6861,2024-03-31,930540,2024-06-30,0.003191703477385826
6861,2024-06-30,948206,2024-09-30,0.012755130168159181
6861,2024-09-30,1086019,2024-12-31,0.07253757272803134
6862,2024-03-31,1341065,2024-06-30,0.029223468122175533
6862,2024-06-30,1367429,2024-09-30,0.022696421344989618
6862,2024-09-30,1413403,2024-12-31,0.02676156819146572
6863,2024-03-31,434513,2024-06-30,0.014870589004620608
6863,2024-06-30,422458,2024-09-30,-0.010620822597390736
6863,2024-09-30,427961,2024-12-31,0.016468660715896945
6892,2024-03-31,1231792,2024-06-30,0.006021956040096982
6892,2024-06-30,1240293,2024-09-30,0.009025848794238045
6892,2024-09-30,1283627,2024-12-31,0.013608776941155159
6913,2024-03-31,273430,2024-06-30,0.01781972080774879
6913,2024-06-30,271266,2024-09-30,0.016808526188845544
6913,2024-09-30,274876,2024-12-31,0.017101048575961356
6917,2024-03-31,1276965,2024-06-30,0.014230777618774624
6917,2024-06-30,1284048,2024-09-30,0.008494738687481568
6917,2024-09-30,1272571,2024-12-31,0.006324863323981863
6947,2024-03-31,1904646,2024-06-30,0.02280355647129674
6947,2024-06-30,1896320,2024-09-30,0.011736077415458955
6947,2024-09-30,1904797,2024-12-31,0.0037488253950708015
6954,2024-03-31,259867,2024-06-30,0.02329247329327408
6954,2024-06-30,259661,2024-09-30,0.019796533906938522
6954,2024-09-30,249326,2024-12-31,0.02586047231539228
6959,2024-03-31,732754,2024-06-30,-0.04466251643194862
6959,2024-06-30,703418,2024-09-30,0.11041715049257926
6959,2024-09-30,766577,2024-12-31,-0.021707071261787808
6976,2024-03-31,10919188,2024-06-30,0.024184620470881657
6976,2024-06-30,11066608,2024-09-30,0.023891528983642094
6976,2024-09-30,11457619,2024-12-31,0.027976054233958367
6985,2024-03-31,3727497,2024-06-30,0.012191098470404333
6985,2024-06-30,3709016,2024-09-30,0.012308669500166677
6985,2024-09-30,3722493,2024-12-31,0.009779385354832665
6989,2024-03-31,13550610,2024-06-30,0.021981519451293632
6989,2024-06-30,13337931,2024-09-30,0.01831576143489581
6989,2024-09-30,13695237,2024-12-31,0.027349982900105388
6990,2024-03-31,129551,2024-06-30,0.0013997190303651939
6990,2024-06-30,125841,2024-09-30,0.035335644438106356
6990,2024-09-30,138249,2024-12-31,-0.0845438346949293
7018,2024-03-31,435786,2024-06-30,-0.020390887947044956
7018,2024-06-30,430848,2024-09-30,0.07007538556805876
7018,2024-09-30,472523,2024-12-31,-0.021889765132202685
7025,2024-03-31,339481,2024-06-30,-0.014328345837998052
7025,2024-06-30,330609,2024-09-30,0.008277541506837564
7025,2024-09-30,321922,2024-12-31,0.009301715724638593
7031,2024-03-31,210697,2024-06-30,0.011407060742225123
7031,2024-06-30,202540,2024-09-30,0.02596235350226653
7031,2024-09-30,195459,2024-12-31,-0.004829599620544547
7072,2024-03-31,3328612,2024-06-30,0.019842339538316937
7072,2024-06-30,3365362,2024-09-30,0.00398757760877572
7072,2024-09-30,3327369,2024-12-31,0.006034975125265893
7074,2024-03-31,3041446,2024-06-30,0.002551897694066585
7074,2024-06-30,2943580,2024-09-30,0.05066865949325174
7074,2024-09-30,3118165,2024-12-31,-0.008189136160977127
7085,2024-03-31,179158,2024-06-30,0.00863654543532372
7085,2024-06-30,169921,2024-09-30,0.011194445198404452
7085,2024-09-30,168518,2024-12-31,0.010847146299011965
7123,2024-03-31,583990,2024-06-30,-0.0001876055782064301
7123,2024-06-30,579848,2024-09-30,-0.007569246421871719
7123,2024-09-30,541173,2024-12-31,-0.028328151703629532
7151,2024-03-31,1731956,2024-06-30,0.03179886349552438
7151,2024-06-30,1740219,2024-09-30,0.015452878523920889
7151,2024-09-30,1781570,2024-12-31,0.007287516996697734
7213,2024-03-31,764688000,2024-06-30,0.009559737534680783
7213,2024-06-30,738654000,2024-09-30,0.012472413917049677
7213,2024-09-30,766194000,2024-12-31,0.007738753697327386
7230,2024-03-31,11384172,2024-06-30,-0.00028651897879112447
7230,2024-06-30,11472237,2024-09-30,0.019115826818121857
7230,2024-09-30,11798648,2024-12-31,0.0003351922642261373
7274,2024-03-31,124464,2024-06-30,-0.06173418393905585
7274,2024-06-30,113369,2024-09-30,0.08953834418299904
7274,2024-09-30,124373,2024-12-31,-0.09838915237235808
7356,2024-03-31,405338,2024-06-30,-0.021929873813477146
7356,2024-06-30,388531,2024-09-30,0.07044109686574707
7356,2024-09-30,432966,2024-12-31,-0.019212628290850367
7404,2024-03-31,990228,2024-06-30,0.012454930284034462
7404,2024-06-30,991552,2024-09-30,0.039955669053282836
7404,2024-09-30,1026334,2024-12-31,0.011769663146763636
7468,2024-03-31,9508752,2024-06-30,0.00963154681198834
7468,2024-06-30,9493254,2024-09-30,0.008065644311396374
7468,2024-09-30,9836248,2024-12-31,0.010282104662086084
7472,2024-03-31,1481896,2024-06-30,0.029828286572666438
7493,2024-03-31,1723964,2024-06-30,0.011206145524327388
7493,2024-06-30,1756152,2024-09-30,0.01098691468909287
7493,2024-09-30,1816556,2024-12-31,0.019656839895901234
7506,2024-03-31,1852208,2024-06-30,-0.01890344120959196
7506,2024-06-30,1855293,2024-09-30,3.197440919220087e-05
7506,2024-09-30,1809155,2024-12-31,-0.013455075611776208
7514,2024-03-31,3205185,2024-06-30,0.020963447911215162
7514,2024-06-30,3065685,2024-09-30,0.01809550597506412
7514,2024-09-30,4637787,2024-12-31,0.007176062440973725
7526,2024-03-31,823816,2024-06-30,0.00795142240186478
7526,2024-06-30,836168,2024-09-30,0.0072516099010285365
7526,2024-09-30,898000,2024-12-31,0.015581563364732076
7542,2024-03-31,1178546,2024-06-30,0.006061338128157281
7542,2024-06-30,1172082,2024-09-30,0.010570276718174879
7542,2024-09-30,1191870,2024-12-31,0.007725333139742549
7551,2024-03-31,21955672,2024-06-30,0.007736593807187224
7551,2024-06-30,25761661,2024-09-30,0.03634065216163576
7551,2024-09-30,26319816,2024-12-31,0.016140994947036545
7586,2024-03-31,519933,2024-06-30,0.014437829979641083
7586,2024-06-30,543697,2024-09-30,0.013286147884024947
7586,2024-09-30,568905,2024-12-31,0.015112362670094049
7590,2024-03-31,181468,2024-06-30,0.009474188353370498
7590,2024-06-30,169759,2024-09-30,0.03491874266578297
7590,2024-09-30,180441,2024-12-31,0.007432583900495877
7593,2024-03-31,2307639,2024-06-30,0.0040094577748983765
7593,2024-06-30,2279035,2024-09-30,0.00897935137892362
7593,2024-09-30,2454214,2024-12-31,0.028505216304822546
7599,2024-03-31,220581,2024-06-30,-0.008012297287046466
7599,2024-06-30,222396,2024-09-30,0.05398373101655392
7599,2024-09-30,246209,2024-12-31,-0.009491795372008229
7613,2024-03-31,589364,2024-06-30,0.029789340924255437
7613,2024-06-30,584555,2024-09-30,-0.005084159102018265
7613,2024-09-30,565828,2024-12-31,-0.010174447683415888
7614,2024-03-31,738563,2024-06-30,0.006480118769522496
7614,2024-06-30,745279,2024-09-30,0.012933702485748072
7614,2024-09-30,753000,2024-12-31,0.01486733600256937
7631,2024-03-31,154930,2024-06-30,0.014488920257059749
7631,2024-06-30,154361,2024-09-30,0.017981874095187787
7631,2024-09-30,155599,2024-12-31,0.0026266547069131807
7646,2024-03-31,373485,2024-06-30,0.010359693552738452
7646,2024-06-30,371916,2024-09-30,0.010394687606225932
7646,2024-09-30,374425,2024-12-31,0.009712607453652886
7658,2024-03-31,1003288,2024-06-30,-0.0004308354527184537
7658,2024-06-30,994760,2024-09-30,-0.010984503812313261
7658,2024-09-30,943993,2024-12-31,-0.009824353826235763
7659,2024-03-31,554912,2024-06-30,0.011830686557211971
7659,2024-06-30,562188,2024-09-30,0.02613447314998476
7659,2024-09-30,564422,2024-12-31,0.010863209466457562
7666,2024-03-31,620435,2024-06-30,0.030335978493698016
7666,2024-06-30,611850,2024-09-30,0.013987345048239641
7666,2024-09-30,612484,2024-12-31,0.0014173934684946047
7675,2024-03-31,767778,2024-06-30,0.008913704030543193
7675,2024-06-30,753665,2024-09-30,0.07865431522689251
7675,2024-09-30,823065,2024-12-31,-0.044360801522606165
7714,2024-03-31,1536188,2024-06-30,0.0023567326601274087
7714,2024-06-30,1572839,2024-09-30,0.026402369250300126
7714,2024-09-30,1626284,2024-12-31,-0.000339308824530526
7759,2024-03-31,6511847,2024-06-30,0.03204350633073691
7759,2024-06-30,6603270,2024-09-30,0.0415036607721853
7759,2024-09-30,6962125,2024-12-31,0.03245747906723208
7789,2024-03-31,162860,2024-06-30,0.006976887798180795
7789,2024-06-30,160716,2024-09-30,0.006914312890429009
7789,2024-09-30,162440,2024-12-31,0.007908517609688947
7799,2024-03-31,2012167,2024-06-30,0.0030660005013852898
7799,2024-06-30,2074806,2024-09-30,0.0031257691207064943
7799,2024-09-30,2152136,2024-12-31,0.0010827793569575484
7848,2024-03-31,1277503,2024-06-30,0.009868540043930868
7848,2024-06-30,1364500,2024-09-30,0.020632228456563532
7848,2024-09-30,1368214,2024-12-31,0.010426218555982686
7886,2024-03-31,329859,2024-06-30,0.011689599796811286
7886,2024-06-30,331383,2024-09-30,-0.0015876385021011481
7886,2024-09-30,347860,2024-12-31,-0.006575368265896534
7888,2024-03-31,35079451,2024-06-30,0.02173919056798106
7888,2024-06-30,35375939,2024-09-30,0.018366291985093455
7888,2024-09-30,37129326,2024-12-31,0.02330108327896721
7900,2024-03-31,2256770,2024-06-30,0.0020725021764984182
7900,2024-06-30,2241363,2024-09-30,0.008861586983866934
7900,2024-09-30,2428779,2024-12-31,0.004038118263895961
7909,2024-03-31,364756,2024-06-30,0.005331884037620058
7909,2024-06-30,366626,2024-09-30,0.006065586036848478
7909,2024-09-30,366991,2024-12-31,0.0035689088644918266
7946,2024-03-31,25734000,2024-06-30,0.04160844922185695
7946,2024-06-30,25646000,2024-09-30,0.03491482476082366
7946,2024-09-30,25131000,2024-12-31,0.07867994614299079
8011,2024-03-31,1017446,2024-06-30,0.0009574569906861099
8011,2024-06-30,992848,2024-09-30,-0.003021850170609284
8011,2024-09-30,1009993,2024-12-31,0.008465915983085865
8018,2024-03-31,871115,2024-06-30,0.027083224087741106
8018,2024-06-30,935686,2024-09-30,0.03450276838467879
8018,2024-09-30,952130,2024-12-31,0.021976759158745137
8021,2024-03-31,1952934,2024-06-30,-0.0016200936027027763
8021,2024-06-30,1916815,2024-09-30,0.0084252882004466
8021,2024-09-30,1882090,2024-12-31,0.01641119844433083
8028,2024-03-31,145599,2024-06-30,-0.006388901772632099
8028,2024-06-30,145598,2024-09-30,0.004385485393507086
8028,2024-09-30,150467,2024-12-31,-0.006058205071381369
8033,2024-03-31,641929,2024-06-30,-0.007459880512532972
8033,2024-06-30,661674,2024-09-30,0.008951455918726496
8033,2024-09-30,672193,2024-12-31,0.011283004656833776
8035,2024-03-31,277058,2024-06-30,0.020001678819888357
8035,2024-06-30,287085,2024-09-30,0.022160139437703542
8035,2024-09-30,280115,2024-12-31,0.010636114873911709
8056,2024-03-31,14018401,2024-06-30,0.08928283233854012
8056,2024-06-30,14966530,2024-09-30,0.07711129662247283
8056,2024-09-30,12939577,2024-12-31,0.17061336243716851
8063,2024-03-31,575618,2024-06-30,0.027559604270626675
8063,2024-06-30,581878,2024-09-30,0.03571467710932327
8063,2024-09-30,574957,2024-12-31,0.03047302776003011
8067,2024-03-31,110665,2024-06-30,0.02169409037240858
8067,2024-06-30,110881,2024-09-30,0.014228978466337916
8067,2024-09-30,116375,2024-12-31,0.022532406246017225
8074,2024-03-31,296532,2024-06-30,0.0344314397689266
8074,2024-06-30,293978,2024-09-30,-0.018003714240006772
8074,2024-09-30,285424,2024-12-31,0.0718056891296723
8083,2024-03-31,219919,2024-06-30,0.007292833223965962
8083,2024-06-30,215441,2024-09-30,0.013141267472990699
8083,2024-09-30,216369,2024-12-31,0.016693476237166535
8094,2024-03-31,383093,2024-06-30,0.0038193782139206126
8094,2024-06-30,380582,2024-09-30,0.015600323758918675
8094,2024-09-30,402231,2024-12-31,-0.0024655525302712034
8101,2024-03-31,623412,2024-06-30,0.016522317475295343
8101,2024-06-30,616991,2024-09-30,0.02479899685413612
8101,2024-09-30,626595,2024-12-31,0.024993243972853914
8108,2024-03-31,48046,2024-06-30,-0.004057521567670731
8108,2024-06-30,47077,2024-09-30,-0.015276555903123785
8108,2024-09-30,49782,2024-12-31,0.01023435182605759
8110,2024-03-31,53089,2024-06-30,0.11956932047977659
8110,2024-06-30,55247,2024-09-30,0.005854206008758671
8110,2024-09-30,49306,2024-12-31,0.05665616339821655
8117,2024-03-31,297869,2024-06-30,0.0020937429144769117
8117,2024-06-30,298051,2024-09-30,0.0029279210793778047
8117,2024-09-30,298812,2024-12-31,0.004926180118174794
8118,2024-03-31,180130,2024-06-30,0.011650333393040817
8118,2024-06-30,185099,2024-09-30,0.006488580281490445
8118,2024-09-30,179630,2024-12-31,0.009755012059752882
8120,2024-03-31,413063,2024-06-30,0.02858886146208948
8120,2024-06-30,389404,2024-09-30,0.04271227771711717
8120,2024-09-30,376497,2024-12-31,0.045197925364142674
8121,2024-03-31,63138,2024-06-30,-0.0007487421059716615
8121,2024-06-30,61900,2024-09-30,0.01448062892775763
8121,2024-09-30,59431,2024-12-31,0.027839233266176544
8122,2024-03-31,200879,2024-06-30,-0.011111270912322078
8122,2024-06-30,199206,2024-09-30,-0.008537544597309762
8122,2024-09-30,190901,2024-12-31,0.0332936799213462
8126,2024-03-31,131711,2024-06-30,-0.0011771377374476986
8126,2024-06-30,128381,2024-09-30,-0.001905912949834737
8126,2024-09-30,124055,2024-12-31,-0.0012342015712082436
8136,2024-03-31,3053951,2024-06-30,0.07515515058098121
8136,2024-06-30,2936642,2024-09-30,0.09257193305428676
8136,2024-09-30,2993172,2024-12-31,0.06722574932949768
8140,2024-03-31,142679,2024-06-30,0.016389449000239236
8140,2024-06-30,135869,2024-09-30,0.036596893359477474
8140,2024-09-30,131333,2024-12-31,0.04585498543952406
8141,2024-03-31,1177088,2024-06-30,0.004994045681911244
8141,2024-06-30,1195024,2024-09-30,0.00881753195447264
8141,2024-09-30,1180357,2024-12-31,0.013839766773680802
8144,2024-03-31,57656,2024-06-30,-0.02806287037236069
8144,2024-06-30,56892,2024-09-30,-0.009270597112873993
8144,2024-09-30,56348,2024-12-31,-0.007691748792922955
8149,2024-03-31,1195099,2024-06-30,0.0045847968705689975
8149,2024-06-30,1183729,2024-09-30,0.005905622411317326
8149,2024-09-30,1173870,2024-12-31,0.017907468573969677
8152,2024-03-31,4206568,2024-06-30,0.018265081394259995
8162,2024-03-31,325101,2024-06-30,0.0505922864955667
8162,2024-06-30,324951,2024-09-30,0.053241618990908034
8162,2024-09-30,370829,2024-12-31,0.022221217942944432
8165,2024-03-31,345012,2024-06-30,0.012655223655038439
8165,2024-06-30,354135,2024-09-30,0.018978500619269402
8165,2024-09-30,381009,2024-12-31,-0.008638964532457605
8172,2024-03-31,378712,2024-06-30,0.03515027626609827
8172,2024-06-30,378830,2024-09-30,0.03380593028827369
8172,2024-09-30,383649,2024-12-31,0.03134846538628644
8183,2024-03-31,235058,2024-06-30,0.049223533584271874
8183,2024-06-30,261873,2024-09-30,0.08268650198217688
8183,2024-09-30,283191,2024-12-31,0.0551000677990916
8191,2024-03-31,76651,2024-06-30,-0.006570188296971387
8191,2024-06-30,76396,2024-09-30,-0.012658278353688455
8191,2024-09-30,77786,2024-12-31,0.010483092508050525
8197,2024-03-31,54699,2024-06-30,0.04419454761740607
8197,2024-06-30,54123,2024-09-30,0.02140502921015473
8197,2024-09-30,60996,2024-12-31,0.024495342726049293
8200,2024-03-31,502942,2024-06-30,0.018467517218283033
8200,2024-06-30,478037,2024-09-30,0.026343609203447617
8200,2024-09-30,477985,2024-12-31,0.020689135658129028
8205,2024-03-31,140571,2024-06-30,0.0063044668530509345
8205,2024-06-30,140406,2024-09-30,0.0035563481557570067
8205,2024-09-30,145016,2024-12-31,-0.0010996096207226249
8207,2024-03-31,88019,2024-06-30,-0.009221874816449056
8207,2024-06-30,86322,2024-09-30,-0.012102493273036837
8207,2024-09-30,88592,2024-12-31,-0.0018824597230587383
8210,2024-03-31,147511,2024-06-30,0.012016424753317228
8210,2024-06-30,148771,2024-09-30,0.0144576570060292
8210,2024-09-30,152658,2024-12-31,0.014208292952264003
8214,2024-03-31,163894,2024-06-30,0.04751339597505622
8214,2024-06-30,180135,2024-09-30,0.04843938814293208
8214,2024-09-30,174769,2024-12-31,-0.006712202864514179
8218,2024-03-31,19769,2024-06-30,0.006166485072324178
8218,2024-06-30,20819,2024-09-30,0.00504075824598706
8218,2024-09-30,20076,2024-12-31,0.008470540535088049
8231,2024-03-31,274486,2024-06-30,0.004646522866737852
8231,2024-06-30,272270,2024-09-30,0.009055594731414813
8231,2024-09-30,274907,2024-12-31,0.009139469239028305
8232,2024-03-31,464723,2024-06-30,0.009540392455859678
8232,2024-06-30,461069,2024-09-30,0.027734429926171377
8232,2024-09-30,471252,2024-12-31,0.023141636967268883
8234,2024-03-31,362859,2024-06-30,-0.0008535254976442558
8234,2024-06-30,358490,2024-09-30,0.004813894390535638
8234,2024-09-30,347331,2024-12-31,0.027835965412958883
8235,2024-03-31,1625064,2024-06-30,0.0037033400970639253
8235,2024-06-30,1673250,2024-09-30,-0.005712348114131413
8235,2024-09-30,1694131,2024-12-31,0.016517597240154582
8243,2024-03-31,171084,2024-06-30,0.016362657601026547
8243,2024-06-30,154247,2024-09-30,0.03870016864237108
8243,2024-09-30,146910,2024-12-31,0.04784603535574573
8250,2024-03-31,172369,2024-06-30,-0.0015349227453943263
8250,2024-06-30,176568,2024-09-30,-0.004419466336546092
8250,2024-09-30,179273,2024-12-31,-0.00125107139240689
8251,2024-03-31,154215,2024-06-30,-0.0020872347536167566
8251,2024-06-30,154437,2024-09-30,-0.0017849254097999578
8251,2024-09-30,153213,2024-12-31,0.008088567044655333
8252,2024-03-31,1341346,2024-06-30,0.04776228023238154
8252,2024-06-30,1278427,2024-09-30,0.03429896772045131
8252,2024-09-30,1428557,2024-12-31,0.04408548741887865
8255,2024-03-31,1005546,2024-06-30,-0.00020324032785347282
8255,2024-06-30,994370,2024-09-30,-0.0024047834269555137
8255,2024-09-30,1003113,2024-12-31,0.0034832006527675324
8268,2024-03-31,64929,2024-06-30,-0.0033367740875462192
8268,2024-06-30,66005,2024-09-30,-0.0020275940112673206
8268,2024-09-30,65279,2024-12-31,-0.0032095640655728334
8273,2024-03-31,37046616,2024-06-30,0.026182496850146515
8273,2024-06-30,36685911,2024-09-30,0.045920790581996294
8273,2024-09-30,39843709,2024-12-31,0.02673142745000112
8274,2024-03-31,213567,2024-06-30,0.00721828652366227
8274,2024-06-30,205446,2024-09-30,-0.015757711338913828
8274,2024-09-30,217267,2024-12-31,0.018400504738769564
8276,2024-03-31,102774,2024-06-30,-0.012313408805808534
8276,2024-06-30,104574,2024-09-30,0.006597585574990425
8276,2024-09-30,107821,2024-12-31,0.026114431776249447
8282,2024-03-31,223943,2024-06-30,0.01559397827228706
8282,2024-06-30,225137,2024-09-30,0.0062646137430533815
8282,2024-09-30,227778,2024-12-31,0.008620545379635495
8283,2024-03-31,873593,2024-06-30,0.030039126512847004
8283,2024-06-30,867909,2024-09-30,0.05443846040599616
8283,2024-09-30,949161,2024-12-31,0.00810705118881824
8295,2024-03-31,251676,2024-06-30,0.014750447400912373
8295,2024-06-30,261099,2024-09-30,0.002135063376264211
8295,2024-09-30,260196,2024-12-31,0.015058360904318654
8296,2024-03-31,234276,2024-06-30,0.013156621825878977
8296,2024-06-30,237021,2024-09-30,-0.0074100556815736175
8296,2024-09-30,230537,2024-12-31,0.02266710563283821
8317,2024-03-31,122942,2024-06-30,-0.02681817918973217
8317,2024-06-30,124850,2024-09-30,-0.005543789843015977
8317,2024-09-30,133553,2024-12-31,0.007373244105247
8321,2024-03-31,479216,2024-06-30,0.01663419430672536
8321,2024-06-30,455947,2024-09-30,0.009124611977626608
8321,2024-09-30,453720,2024-12-31,-0.01081148168665242
8322,2024-03-31,216475,2024-06-30,0.04565422138915987
8322,2024-06-30,228972,2024-09-30,0.007245758437922039
8322,2024-09-30,226939,2024-12-31,0.0218396300037873
8323,2024-03-31,40334,2024-06-30,0.0013426067257682776
8323,2024-06-30,38982,2024-09-30,-0.03539504143136835
8323,2024-09-30,37567,2024-12-31,-0.021835729612616112
8333,2024-03-31,62838,2024-06-30,-0.01051789988310737
8333,2024-06-30,61426,2024-09-30,-0.019321608771328748
8333,2024-09-30,60035,2024-12-31,-0.01954592188536922
8383,2024-03-31,84770,2024-06-30,-0.020797488317182054
8383,2024-06-30,82760,2024-09-30,-0.013989088183335531
8383,2024-09-30,81022,2024-12-31,0.01595980078866723
8386,2024-03-31,388645,2024-06-30,-0.0066707374622422926
8386,2024-06-30,386257,2024-09-30,0.0018437789460412032
8386,2024-09-30,400574,2024-12-31,0.012020297173831128
8387,2024-03-31,448073,2024-06-30,-0.05549158146846596
8387,2024-06-30,423413,2024-09-30,-0.009136186859970351
8387,2024-09-30,434116,2024-12-31,0.11001505379066469
8390,2024-03-31,100209,2024-06-30,-0.025300218442498957
8390,2024-06-30,95402,2024-09-30,-0.021042563651040704
8390,2024-09-30,99541,2024-12-31,0.022830873522359622
8397,2024-03-31,50195,2024-06-30,0.009296133148838492
8397,2024-06-30,48884,2024-09-30,0.0070375164254378305
8397,2024-09-30,48467,2024-12-31,-0.01105290134597213
8403,2024-03-31,70736,2024-06-30,-0.033787405828893564
8403,2024-06-30,73113,2024-09-30,-0.011954830954518441
8403,2024-09-30,75527,2024-12-31,-0.0012057125045065768
8405,2024-03-31,1569531,2024-06-30,0.016504942867731777
8405,2024-06-30,1596620,2024-09-30,0.015258767798466365
8405,2024-09-30,1733480,2024-12-31,0.011101949089685322
8421,2024-03-31,486196,2024-06-30,0.03338880465066065
8421,2024-06-30,488616,2024-09-30,0.031352515997094994
8421,2024-09-30,494855,2024-12-31,0.026642919595370903
8426,2024-03-31,1199779,2024-06-30,0.010049746107933362
8426,2024-06-30,1201819,2024-09-30,0.024460405067791777
8426,2024-09-30,1209848,2024-12-31,0.006819024896778897
8432,2024-03-31,1433499,2024-06-30,0.010988841679893264
8432,2024-06-30,1450292,2024-09-30,0.01671437430494772
8432,2024-09-30,1467233,2024-12-31,0.014809384384450355
8439,2024-03-31,606065,2024-06-30,0.009683990228643169
8439,2024-06-30,629497,2024-09-30,0.02265171402504258
8439,2024-09-30,640658,2024-12-31,0.01958479222293774
8468,2024-03-31,2809292,2024-06-30,0.005717325985011103
8468,2024-06-30,2775961,2024-09-30,0.0026033447410189195
8468,2024-09-30,2817445,2024-12-31,0.016830562440492438
8487,2024-03-31,141424,2024-06-30,0.011713693143255152
8487,2024-06-30,144823,2024-09-30,0.009572549516737153
8487,2024-09-30,143436,2024-12-31,0.018411842576228698
8491,2024-03-31,181444,2024-06-30,0.011174501090657863
8491,2024-06-30,177985,2024-09-30,0.000550516377608295
8491,2024-09-30,180956,2024-12-31,0.0135176252780204
8499,2024-03-31,104837,2024-06-30,-0.07129363172256246
8499,2024-06-30,110898,2024-09-30,0.010833117784912987
8499,2024-09-30,109626,2024-12-31,0.02267112947832807
8503,2024-03-31,64866,2024-06-30,-0.01612378004356709
8503,2024-06-30,62676,2024-09-30,-0.0064710593830310595
8503,2024-09-30,61822,2024-12-31,0.0016562746985763997
8506,2024-03-31,267812,2024-06-30,0.011011863443261093
8506,2024-06-30,265986,2024-09-30,0.015637830675170366
8506,2024-09-30,269244,2024-12-31,0.01415335743794237
8507,2024-03-31,67198,2024-06-30,-0.008342439474932862
8507,2024-06-30,65908,2024-09-30,-0.0392995267313303
8507,2024-09-30,64974,2024-12-31,0.0225442275431657
8510,2024-03-31,123953,2024-06-30,-0.013484238304697322
8510,2024-06-30,128879,2024-09-30,-0.03640908240117279
8510,2024-09-30,125155,2024-12-31,0.0016505175781495892
8511,2024-03-31,256070,2024-06-30,0.0015842917639054329
8511,2024-06-30,250392,2024-09-30,-0.005235918679986592
8511,2024-09-30,249827,2024-12-31,0.005484366613704287
8513,2024-03-31,67951,2024-06-30,-0.004139934825804435
8513,2024-06-30,67899,2024-09-30,-0.01039529600961797
8513,2024-09-30,68018,2024-12-31,-0.01808253541478115
8519,2024-03-31,88576,2024-06-30,0.030015697383462842
8519,2024-06-30,90293,2024-09-30,0.018160699404636257
8519,2024-09-30,89670,2024-12-31,0.015780664442387654
8522,2024-03-31,105641,2024-06-30,0.008090745627207453
8522,2024-06-30,108419,2024-09-30,0.009124121197804433
8522,2024-09-30,108213,2024-12-31,0.009220582103745493
8527,2024-03-31,569837,2024-06-30,0.0001578519653627099
8527,2024-06-30,553175,2024-09-30,-0.012575523324239793
8527,2024-09-30,555276,2024-12-31,-0.0018056118837798622
8531,2024-03-31,228513,2024-06-30,-0.05666422092648985
8531,2024-06-30,219513,2024-09-30,-0.021422349451297996
8531,2024-09-30,219573,2024-12-31,0.035498443945019956
8532,2024-03-31,96987,2024-06-30,-0.000970367613795817
8532,2024-06-30,96205,2024-09-30,0.000705845973418053
8532,2024-09-30,94836,2024-12-31,0.01217693088273921
8533,2024-03-31,144495,2024-06-30,0.0009697379365384926
8533,2024-06-30,151364,2024-09-30,0.026033409223245284
8533,2024-09-30,157111,2024-12-31,-0.0262942509844408
8534,2024-03-31,271712,2024-06-30,-0.01603207354062271
8534,2024-06-30,273242,2024-09-30,-0.010261917023409162
8534,2024-09-30,264715,2024-12-31,-0.007238632143576702
8535,2024-03-31,74812,2024-06-30,0.017710152948858776
8535,2024-06-30,73999,2024-09-30,0.015603782176137244
8535,2024-09-30,74772,2024-12-31,0.012661995672534716
8536,2024-03-31,344259,2024-06-30,0.053673942210307864
8536,2024-06-30,355445,2024-09-30,0.05330067948246491
8536,2024-09-30,344038,2024-12-31,0.20351974763583666
8537,2024-03-31,341434,2024-06-30,0.0045947381335624225
8537,2024-06-30,336273,2024-09-30,0.02110979564748957
8537,2024-09-30,335495,2024-12-31,0.004389468594720587
8541,2024-03-31,125876,2024-06-30,-0.004766603614351321
8541,2024-06-30,123540,2024-09-30,0.007757701660992526
8541,2024-09-30,122212,2024-12-31,0.011839689261392993
8544,2024-03-31,304783,2024-06-30,0.012025332313574064
8544,2024-06-30,307225,2024-09-30,-0.0028452583271877697
8544,2024-09-30,320501,2024-12-31,-0.0007576444697269346
8546,2024-03-31,274659,2024-06-30,0.00941895890787646
8546,2024-06-30,272629,2024-09-30,0.021698371701751092
8546,2024-09-30,277404,2024-12-31,0.019688810406046264
8552,2024-03-31,317758,2024-06-30,0.006543577456140653
8552,2024-06-30,311654,2024-09-30,0.013706575666899616
8552,2024-09-30,309932,2024-12-31,0.015794790685389165
8560,2024-03-31,146574,2024-06-30,0.02087326182568022
8560,2024-06-30,146634,2024-09-30,0.014564419976365052
8560,2024-09-30,147105,2024-12-31,0.018399613229630702
8564,2024-03-31,84380,2024-06-30,0.0381694071741702
8564,2024-06-30,86535,2024-09-30,0.020486935985538014
8564,2024-09-30,85710,2024-12-31,0.018618895950350104
8569,2024-03-31,219286,2024-06-30,0.005925348096212565
8569,2024-06-30,223091,2024-09-30,0.010125772440068683
8569,2024-09-30,226542,2024-12-31,0.01378120948623843
8572,2024-03-31,106390,2024-06-30,0.014197435488075495
8572,2024-06-30,104532,2024-09-30,0.02475026641459645
8572,2024-09-30,108896,2024-12-31,0.009071967525433608
8576,2024-03-31,524822,2024-06-30,0.011057584357297482
8576,2024-06-30,516836,2024-09-30,0.0011922994795672474
8576,2024-09-30,504570,2024-12-31,0.007219739700937666
8584,2024-03-31,60602,2024-06-30,-0.00037007836313994837
8584,2024-06-30,61559,2024-09-30,-0.001722179407262512
8584,2024-09-30,60284,2024-12-31,-0.00020634751407925088
8594,2024-03-31,46781,2024-06-30,-0.0004285222342582662
8594,2024-06-30,47734,2024-09-30,-0.0037398339218217007
8594,2024-09-30,46844,2024-12-31,-0.009723387005129857
8595,2024-03-31,159625,2024-06-30,0.014782019803363853
8595,2024-06-30,171260,2024-09-30,0.07704595714208795
8595,2024-09-30,178695,2024-12-31,0.024253903450966445
8604,2024-03-31,41871,2024-06-30,-0.0062104880207651415
8604,2024-06-30,42213,2024-09-30,-0.02419606158083082
8604,2024-09-30,40368,2024-12-31,0.019697310842705464
8632,2024-03-31,63552,2024-06-30,-0.023566911906643263
8632,2024-06-30,63174,2024-09-30,-0.03806367753673158
8632,2024-09-30,61699,2024-12-31,0.008154174984271274
8637,2024-03-31,325258,2024-06-30,0.002823276132495748
8637,2024-06-30,342715,2024-09-30,-0.014689973435524663
8637,2024-09-30,353019,2024-12-31,0.03666258691042882
8640,2024-03-31,102873,2024-06-30,-0.0032802839333791215
8640,2024-06-30,101301,2024-09-30,-0.012574883688915614
8640,2024-09-30,97824,2024-12-31,-0.01621161398475506
8647,2024-03-31,157534,2024-06-30,0.0146480211445141
8647,2024-06-30,159046,2024-09-30,0.011825306429934752
8647,2024-09-30,165742,2024-12-31,0.020803140340605562
8660,2024-03-31,930960,2024-06-30,0.003449889036523665
8660,2024-06-30,951997,2024-09-30,0.01264896240092211
8660,2024-09-30,957511,2024-12-31,0.010168257073925685
8661,2024-03-31,44979,2024-06-30,0.0046102837119118304
8661,2024-06-30,54048,2024-09-30,0.0012701573804685226
8661,2024-09-30,61688,2024-12-31,0.015288228267632167
8663,2024-03-31,10525725,2024-06-30,0.030853978351809603
8663,2024-06-30,10486032,2024-09-30,0.028569533763826344
8663,2024-09-30,10994165,2024-12-31,0.03481210849959617
8668,2024-03-31,1161231,2024-06-30,0.015376166560392878
8668,2024-06-30,1191700,2024-09-30,0.01903887413001003
8668,2024-09-30,1222393,2024-12-31,0.022691891861332823
8672,2024-03-31,52136,2024-06-30,0.02006990199575137
8672,2024-06-30,50541,2024-09-30,0.01633152689351349
8672,2024-09-30,51018,2024-12-31,0.01660108350707391
8681,2024-03-31,52374,2024-06-30,-0.0918098278593792
8681,2024-06-30,51531,2024-09-30,0.028917966062424756
8681,2024-09-30,56947,2024-12-31,0.05082576846738732
8693,2024-03-31,105865,2024-06-30,0.010304336359785062
8693,2024-06-30,107926,2024-09-30,0.011148996993632017
8693,2024-09-30,120815,2024-12-31,0.020158176455728254
8695,2024-03-31,276482,2024-06-30,-0.015056051865811954
8695,2024-06-30,248754,2024-09-30,0.08087981323129682
8695,2024-09-30,283595,2024-12-31,0.005985157017152618
8698,2024-03-31,823733,2024-06-30,-0.0005269118760971148
8698,2024-06-30,819441,2024-09-30,-0.004731243564379212
8698,2024-09-30,818830,2024-12-31,0.06094451682260565
8700,2024-03-31,99496,2024-06-30,0.016254319006591016
8700,2024-06-30,103666,2024-09-30,0.01924753689889365
8700,2024-09-30,106747,2024-12-31,0.039115486500946546
8714,2024-03-31,525674,2024-06-30,0.020069685938697894
8714,2024-06-30,530449,2024-09-30,0.015193162189480913
8714,2024-09-30,541094,2024-12-31,0.01428798004173294
8718,2024-03-31,273140,2024-06-30,0.03411499173782225
8718,2024-06-30,269593,2024-09-30,0.09051847894009299
8718,2024-09-30,297168,2024-12-31,-0.0011620790827344487
8725,2024-03-31,41002,2024-06-30,-0.00834973765128985
8725,2024-06-30,41795,2024-09-30,-0.0034325454268824434
8725,2024-09-30,44298,2024-12-31,-0.0008127791947259778
8728,2024-03-31,23099351,2024-06-30,0.029127005462467815
8728,2024-06-30,22978268,2024-09-30,0.014623150781296555
8728,2024-09-30,23242492,2024-12-31,0.016674023326206308
8730,2024-03-31,139681,2024-06-30,0.04528794197238985
8730,2024-06-30,140945,2024-09-30,0.04224090190458859
8730,2024-09-30,147412,2024-12-31,0.03508735265191527
8735,2024-03-31,199661,2024-06-30,0.052744115019960236
8735,2024-06-30,210902,2024-09-30,0.02895055657398034
8735,2024-09-30,217327,2024-12-31,0.0029516114844940185
8738,2024-03-31,466645,2024-06-30,0.0017282653785581595
8738,2024-06-30,480001,2024-09-30,0.004126914261188075
8738,2024-09-30,468780,2024-12-31,0.017181548372425637
8745,2024-03-31,615969,2024-06-30,0.02423653367382974
8745,2024-06-30,612877,2024-09-30,0.0249985426411397
8745,2024-09-30,632519,2024-12-31,0.021608884663886864
8751,2024-03-31,240185,2024-06-30,-0.029441110629728432
8751,2024-06-30,228581,2024-09-30,-0.014182178607368609
8751,2024-09-30,228072,2024-12-31,0.0023067348824987355
8752,2024-03-31,209503,2024-06-30,0.018499168866792086
8752,2024-06-30,215306,2024-09-30,0.012757047433717309
8752,2024-09-30,222963,2024-12-31,0.018335516165051538
8760,2024-03-31,122823,2024-06-30,0.005150270905833865
8760,2024-06-30,117201,2024-09-30,0.004408464413956104
8760,2024-09-30,117543,2024-12-31,-0.005021705448600249
8761,2024-03-31,291434,2024-06-30,0.00802505220435756
8761,2024-06-30,276493,2024-09-30,0.00433697360937773
8761,2024-09-30,275614,2024-12-31,0.0041778385789976585
8762,2024-03-31,129436,2024-06-30,0.012107024842191352
8762,2024-06-30,125077,2024-09-30,-0.004282366271381315
8762,2024-09-30,127222,2024-12-31,0.014143793200996452
8772,2024-03-31,321160,2024-06-30,0.003148666311670578
8772,2024-06-30,324116,2024-09-30,0.006918256124241274
8772,2024-09-30,327651,2024-12-31,0.008974883301616431
8774,2024-03-31,1274696,2024-06-30,0.0284933567311217
8774,2024-06-30,1266517,2024-09-30,0.013237549086202383
8774,2024-09-30,1232147,2024-12-31,0.008851263352753557
8775,2024-03-31,179441,2024-06-30,0.010379073076179956
8775,2024-06-30,185390,2024-09-30,0.011981250805589578
8775,2024-09-30,186983,2024-12-31,0.01428698450571421
8785,2024-03-31,468189,2024-06-30,0.012136976655545357
8785,2024-06-30,461794,2024-09-30,0.013207259767932055
8785,2024-09-30,457024,2024-12-31,0.01749530102768821
8798,2024-03-31,427192,2024-06-30,0.007663245048307459
8798,2024-06-30,431031,2024-09-30,0.010987917568993704
8798,2024-09-30,447777,2024-12-31,0.010048480890534235
8799,2024-03-31,51764,2024-06-30,-0.051453963022199234
8799,2024-06-30,51134,2024-09-30,-0.006138824372118979
8799,2024-09-30,45751,2024-12-31,0.3234317344072028
8811,2024-03-31,625917,2024-06-30,0.002383573055221989
8811,2024-06-30,644546,2024-09-30,0.0050857760363907725
8811,2024-09-30,649965,2024-12-31,0.010004443665252744
8816,2024-03-31,601031,2024-06-30,-0.0033632493885358524
8816,2024-06-30,589250,2024-09-30,0.0050874123587958545
8816,2024-09-30,595391,2024-12-31,-0.0023988531772354505
8821,2024-03-31,169803,2024-06-30,0.0070431942495618235
8821,2024-06-30,165140,2024-09-30,0.014367674755690082
8821,2024-09-30,165928,2024-12-31,0.01125692234441597
8822,2024-03-31,51174,2024-06-30,0.024627750603861312
8822,2024-06-30,45525,2024-09-30,0.09010211976012857
8822,2024-09-30,48907,2024-12-31,0.029741332637804024
8824,2024-03-31,192855,2024-06-30,0.014855024139700542
8824,2024-06-30,188867,2024-09-30,0.023042487473806054
8824,2024-09-30,182108,2024-12-31,0.012116809411837253
8831,2024-03-31,122652,2024-06-30,0.004287812493736537
8831,2024-06-30,122560,2024-09-30,0.006492914571746477
8831,2024-09-30,130899,2024-12-31,0.008156912991850746
8833,2024-03-31,77573,2024-06-30,0.04460471518806105
8833,2024-06-30,84175,2024-09-30,0.000224314084352311
8833,2024-09-30,83838,2024-12-31,0.008662959652856836
8840,2024-03-31,56484,2024-06-30,0.003120199979994862
8840,2024-06-30,53425,2024-09-30,0.006693183399152617
8840,2024-09-30,52215,2024-12-31,0.022241907586576293
8842,2024-03-31,101151,2024-06-30,0.03415145959316349
8842,2024-06-30,102978,2024-09-30,0.020758489093288608
8842,2024-09-30,117272,2024-12-31,-0.05873292174373519
8843,2024-03-31,468247,2024-06-30,0.0190437315078987
8843,2024-06-30,467723,2024-09-30,0.042186509364774326
8843,2024-09-30,494017,2024-12-31,0.027826519982983532
8845,2024-03-31,51642,2024-06-30,-0.03437116159863189
8845,2024-06-30,51102,2024-09-30,-0.016483698963062888
8845,2024-09-30,49409,2024-12-31,-0.005218986305316221
8848,2024-03-31,74132,2024-06-30,0.016759017904801988
8848,2024-06-30,74400,2024-09-30,0.0045972574058054175
8848,2024-09-30,71359,2024-12-31,0.04531311628871315
8850,2024-03-31,394290,2024-06-30,0.015901702550365972
8850,2024-06-30,399143,2024-09-30,0.011966841660862357
8850,2024-09-30,407939,2024-12-31,0.011996026525762999
8851,2024-03-31,1180785,2024-06-30,0.08629375609117917
8851,2024-06-30,1143100,2024-09-30,0.04703755734841781
8851,2024-09-30,1166189,2024-12-31,0.03618948200499237
8853,2024-03-31,452152,2024-06-30,0.01711607064619582
8853,2024-06-30,459496,2024-09-30,0.016991454540187027
8853,2024-09-30,459643,2024-12-31,0.01890546385976844
8857,2024-03-31,38187,2024-06-30,0.015388980775501528
8857,2024-06-30,42437,2024-09-30,0.016628755535900756
8857,2024-09-30,40778,2024-12-31,0.0022867937685805526
8858,2024-03-31,58737,2024-06-30,-0.02958631430476011
8858,2024-06-30,54120,2024-09-30,0.02295805070079666
8858,2024-09-30,56036,2024-12-31,0.036526167952813535
8863,2024-03-31,127412,2024-06-30,0.03381778945715282
8863,2024-06-30,133829,2024-09-30,0.022469617968875873
8863,2024-09-30,137572,2024-12-31,0.02082350991540233
8865,2024-03-31,83838,2024-06-30,0.014900118578399159
8865,2024-06-30,84399,2024-09-30,0.014494510675416966
8865,2024-09-30,90181,2024-12-31,0.010871901456262618
8866,2024-03-31,2227844,2024-06-30,0.02171863558921036
8866,2024-06-30,2254580,2024-09-30,0.01688750432386161
8866,2024-09-30,2330318,2024-12-31,0.019717335609212457
8867,2024-03-31,235442,2024-06-30,0.0057690430432610915
8867,2024-06-30,242994,2024-09-30,0.012735767220837078
8867,2024-09-30,256072,2024-12-31,0.007641991964805503
8870,2024-03-31,2327100,2024-06-30,0.0045430491942004825
8870,2024-06-30,2324197,2024-09-30,0.002218637786751593
8870,2024-09-30,2357261,2024-12-31,0.010211190835451226
8879,2024-03-31,4319962,2024-06-30,0.00497327110862931
8879,2024-06-30,4220075,2024-09-30,0.0023870362257117353
8879,2024-09-30,4268779,2024-12-31,-0.0015459855779317484
8888,2024-03-31,1672002,2024-06-30,0.0023567955924241094
8888,2024-06-30,1738509,2024-09-30,0.018026175207464138
8888,2024-09-30,1819885,2024-12-31,0.024260087576567214
8889,2024-03-31,939831,2024-06-30,0.024516948229694534
8889,2024-06-30,950607,2024-09-30,0.037906836371567144
8889,2024-09-30,972407,2024-12-31,0.04159243421957743
8892,2024-03-31,939543,2024-06-30,0.0331919818394212
8892,2024-06-30,992137,2024-09-30,0.033516763050916644
8892,2024-09-30,1025811,2024-12-31,0.03313248902132389
8893,2024-03-31,40841,2024-06-30,-0.006531850748397071
8893,2024-06-30,39661,2024-09-30,0.008162915392545265
8893,2024-09-30,41590,2024-12-31,0.005150021954458431
8896,2024-03-31,119342,2024-06-30,0.018839795294059908
8896,2024-06-30,118537,2024-09-30,0.017263016166075732
8896,2024-09-30,118160,2024-12-31,0.014282519377463724
8898,2024-03-31,283725,2024-06-30,-0.014735601515863108
8898,2024-06-30,284328,2024-09-30,-0.011173812457564583
8898,2024-09-30,274116,2024-12-31,-0.007780779984260824
8903,2024-03-31,719580,2024-06-30,-0.003319435814088555
8903,2024-06-30,732508,2024-09-30,-0.005128060336038361
8903,2024-09-30,719247,2024-12-31,0.08561592049319453
8904,2024-03-31,1221454,2024-06-30,0.009765324304805046
8904,2024-06-30,1235279,2024-09-30,0.007726217673967592
8904,2024-09-30,1231886,2024-12-31,0.0043769275623653
8941,2024-03-31,864578,2024-06-30,0.01665134783516546
8941,2024-06-30,832447,2024-09-30,0.018406434996250918
8941,2024-09-30,843582,2024-12-31,0.03317215979826801
8942,2024-03-31,297174,2024-06-30,0.011103396018795016
8942,2024-06-30,290082,2024-09-30,0.011245632801526337
8942,2024-09-30,281834,2024-12-31,0.01111698098076625
8943,2024-03-31,216098,2024-06-30,0.008822059927247348
8943,2024-06-30,207770,2024-09-30,-0.0050973275677883186
8943,2024-09-30,211932,2024-12-31,0.052435103464605344
8946,2024-03-31,42238,2024-06-30,-0.13048967695289412
8946,2024-06-30,35734,2024-09-30,-0.0698047600185214
8946,2024-09-30,34291,2024-12-31,0.08814952217356353
8975,2024-03-31,100304,2024-06-30,0.010105143755927344
8975,2024-06-30,101331,2024-09-30,-0.00131407546016431
8975,2024-09-30,99572,2024-12-31,0.004387155682938368
8980,2024-03-31,293727,2024-06-30,0.06950638580242406
8980,2024-06-30,288073,2024-09-30,0.07355205170494317
8980,2024-09-30,294412,2024-12-31,0.048162778290763715
9005,2024-03-31,121935,2024-06-30,-0.01930130512817454
9005,2024-06-30,117202,2024-09-30,0.0035085129700934145
9005,2024-09-30,115821,2024-12-31,0.04161238769602538
9007,2024-03-31,127397,2024-06-30,0.023862296478766174
9007,2024-06-30,117864,2024-09-30,0.012040933357821932
9007,2024-09-30,114685,2024-12-31,0.05886880403232115
9023,2024-03-31,763028,2024-06-30,0.027127876248590137
9023,2024-06-30,740180,2024-09-30,0.04385026679871197
9023,2024-09-30,749804,2024-12-31,0.038481523498602774
9024,2024-03-31,162984,2024-06-30,-0.005157170213666321
9024,2024-06-30,162184,2024-09-30,-0.003197424001533184
9024,2024-09-30,167496,2024-12-31,0.008090531488859227
9030,2024-03-31,136177,2024-06-30,0.005244405045794634
9030,2024-06-30,131061,2024-09-30,0.0040331296186615195
9030,2024-09-30,125878,2024-12-31,0.013163858705508957
9035,2024-03-31,76155,2024-06-30,0.036531737290486976
9035,2024-06-30,74981,2024-09-30,0.029630930220731967
9035,2024-09-30,81965,2024-12-31,-0.003986765819958078
9036,2024-03-31,93592,2024-06-30,0.01920007622081938
9036,2024-06-30,94301,2024-09-30,0.01309832901560007
9036,2024-09-30,97591,2024-12-31,0.005173764037660595
9037,2024-03-31,421529,2024-06-30,0.008120036142956864
9037,2024-06-30,425643,2024-09-30,0.01420566910936307
9037,2024-09-30,431239,2024-12-31,0.02129300184845884
9047,2024-03-31,466589,2024-06-30,0.015309465840796226
9047,2024-06-30,462756,2024-09-30,0.018078204276470833
9047,2024-09-30,489725,2024-12-31,0.002527971106297216
9057,2024-03-31,110420,2024-06-30,-0.022932358541031254
9057,2024-06-30,109385,2024-09-30,0.007284478723940588
9057,2024-09-30,109266,2024-12-31,-0.03378461602757164
9064,2024-03-31,388991,2024-06-30,0.010568463148994902
9064,2024-06-30,389069,2024-09-30,0.010292637915754355
9064,2024-09-30,384075,2024-12-31,0.016138026528188663
9068,2024-03-31,364187,2024-06-30,0.004102548278208633
9068,2024-06-30,367316,2024-09-30,0.004406522099677148
9068,2024-09-30,375019,2024-12-31,0.02655543805544606
9069,2024-03-31,233753,2024-06-30,0.00036553531547719846
9069,2024-06-30,239772,2024-09-30,-0.005387256043200997
9069,2024-09-30,285084,2024-12-31,-0.0227716773051994
9070,2024-03-31,67766,2024-06-30,0.023498234601437566
9070,2024-06-30,67299,2024-09-30,0.01207891491785965
9070,2024-09-30,67334,2024-12-31,-0.007935731858023412
9079,2024-03-31,270529,2024-06-30,0.009791578881041048
9079,2024-06-30,274518,2024-09-30,0.006336855898719487
9079,2024-09-30,285649,2024-12-31,0.0019225559461283727
9080,2024-03-31,248739,2024-06-30,0.008544597752737547
9080,2024-06-30,236518,2024-09-30,-0.009367953651001343
9080,2024-09-30,231489,2024-12-31,-0.00601038300016244
9087,2024-03-31,7055813,2024-06-30,0.031489658328972776
9087,2024-06-30,7196427,2024-09-30,0.02021805548962818
9087,2024-09-30,7126574,2024-12-31,0.028471620406738698
9096,2024-03-31,123038,2024-06-30,0.008271553181221676
9096,2024-06-30,122979,2024-09-30,-0.011234011736638277
9096,2024-09-30,124725,2024-12-31,0.036503971763369454
9099,2024-03-31,463156,2024-06-30,0.03171888460059947
9099,2024-06-30,443924,2024-09-30,0.03467457553736456
9099,2024-09-30,451218,2024-12-31,0.05793828311076903
9100,2024-03-31,756900,2024-06-30,0.005617530130586311
9100,2024-06-30,762681,2024-09-30,0.008476322037700879
9100,2024-09-30,909649,2024-12-31,-0.0072504612743596614
9105,2024-03-31,136801,2024-06-30,0.02142640553082673
9105,2024-06-30,142325,2024-09-30,0.0028728857945002615
9105,2024-09-30,138784,2024-12-31,0.01795811966275356
9106,2024-03-31,58291,2024-06-30,-0.03260102516249672
9106,2024-06-30,60388,2024-09-30,-0.05947250475960781
9106,2024-09-30,60006,2024-12-31,0.026356930902932816
9120,2024-03-31,38077,2024-06-30,-0.014134219143493188
9120,2024-06-30,38152,2024-09-30,-0.02152856886609072
9120,2024-09-30,37329,2024-12-31,-0.0004012979949256913
9121,2024-03-31,89491,2024-06-30,-0.01483175736357489
9121,2024-06-30,92876,2024-09-30,0.006645815615938911
9121,2024-09-30,93519,2024-12-31,0.027726991607952927
9123,2024-03-31,1942862,2024-06-30,0.02318502817234203
9123,2024-06-30,1933632,2024-09-30,0.02217399485789801
9123,2024-09-30,1989115,2024-12-31,0.02617866579887524
9128,2024-03-31,40217,2024-06-30,0.020775991492741376
9128,2024-06-30,38150,2024-09-30,0.022531822107638103
9137,2024-03-31,341379,2024-06-30,0.05237753439534273
9137,2024-06-30,406691,2024-09-30,0.028853380354667998
9137,2024-09-30,428333,2024-12-31,0.021174162074309937
9139,2024-03-31,1010499,2024-06-30,0.0022423022167654353
9139,2024-06-30,1024293,2024-09-30,0.004159620149584133
9139,2024-09-30,1071091,2024-12-31,0.005601640210594136
9155,2024-03-31,567807,2024-06-30,0.007911963062560912
9155,2024-06-30,561882,2024-09-30,0.00600887138652393
9155,2024-09-30,579144,2024-12-31,0.01745572788551428
9168,2024-03-31,415558,2024-06-30,0.011774635484747567
9168,2024-06-30,432937,2024-09-30,0.012167248436036721
9168,2024-09-30,447952,2024-12-31,0.011414605437393725
9172,2024-03-31,1056996,2024-06-30,0.03633748674902701
9172,2024-06-30,1036390,2024-09-30,0.02886191822132563
9172,2024-09-30,1016883,2024-12-31,0.020591906463246292
9176,2024-03-31,992154,2024-06-30,0.06297051876991402
9176,2024-06-30,952225,2024-09-30,0.06026259841976212
9176,2024-09-30,925746,2024-12-31,0.030453748693863907
9179,2024-03-31,81611,2024-06-30,-0.019654312644423074
9179,2024-06-30,83841,2024-09-30,-0.0129086933746613
9179,2024-09-30,83840,2024-12-31,-0.01163467119911893
9189,2024-03-31,40908,2024-06-30,-0.009173398605206495
9189,2024-06-30,42923,2024-09-30,0.01267752821419251
9189,2024-09-30,43350,2024-12-31,0.009686404844864266
9196,2024-03-31,141097,2024-06-30,0.0072575756171754215
9196,2024-06-30,133686,2024-09-30,-0.03751911508711589
9196,2024-09-30,129121,2024-12-31,0.047896920586565646
9204,2024-03-31,1476908,2024-06-30,0.015092349832949539
9204,2024-06-30,1512534,2024-09-30,0.01953820865951564
9204,2024-09-30,1521472,2024-12-31,0.01694632110254852
9244,2024-03-31,345180,2024-06-30,0.0037599783435700754
9244,2024-06-30,335953,2024-09-30,0.007603927966080106
9244,2024-09-30,340268,2024-12-31,0.008915278575941864
9245,2024-03-31,365892,2024-06-30,-0.00776463926539425
9245,2024-06-30,368060,2024-09-30,-0.04454428874882695
9245,2024-09-30,340254,2024-12-31,0.11623304572956378
9259,2024-03-31,150591,2024-06-30,-0.007262040502112401
9259,2024-06-30,150848,2024-09-30,-0.023624667788336707
9259,2024-09-30,145122,2024-12-31,0.0013018116330709788
9263,2024-03-31,533470,2024-06-30,0.00573316477501556
9263,2024-06-30,529158,2024-09-30,0.007000993966081323
9263,2024-09-30,520807,2024-12-31,0.009689002638508594
9265,2024-03-31,112785,2024-06-30,-0.025602516621805668
9265,2024-06-30,111782,2024-09-30,0.002355384253592928
9265,2024-09-30,105880,2024-12-31,0.03198453091261445
9273,2024-03-31,73780,2024-06-30,-0.014376934956687496
9273,2024-06-30,71511,2024-09-30,-0.021868264738638864
9273,2024-09-30,71228,2024-12-31,-0.009690780934684015
9274,2024-03-31,46240,2024-06-30,0.020531210800231302
9274,2024-06-30,47280,2024-09-30,-0.009278918489165044
9274,2024-09-30,51567,2024-12-31,-0.011414462513911096
9288,2024-03-31,925079,2024-06-30,0.029235675036267
9288,2024-06-30,942429,2024-09-30,0.012892337440422034
9288,2024-09-30,960312,2024-12-31,0.03739530738490426
9295,2024-03-31,31073,2024-06-30,-0.03934089372748571
9295,2024-06-30,30185,2024-09-30,-0.02876973064096854
9295,2024-09-30,28995,2024-12-31,0.03244993930266097
9298,2024-03-31,539224,2024-06-30,-0.004311657323490601
9298,2024-06-30,500751,2024-09-30,-0.0018789549431983547
9298,2024-09-30,549982,2024-12-31,-0.03486944437375971
9299,2024-03-31,248037,2024-06-30,-0.036359317962700234
9299,2024-06-30,237373,2024-09-30,0.012471052343986305
9299,2024-09-30,233912,2024-12-31,-0.004402723424559463
9300,2024-03-31,99227,2024-06-30,0.006945443115113567
9300,2024-06-30,102465,2024-09-30,-0.003976810584244867
9300,2024-09-30,101140,2024-12-31,0.013684094413832061
9306,2024-03-31,169168,2024-06-30,0.005245636424908682
9306,2024-06-30,164512,2024-09-30,0.0027939247504570864
9306,2024-09-30,166865,2024-12-31,0.038077859660950474
9309,2024-03-31,278081,2024-06-30,-0.010641589543748492
9309,2024-06-30,281298,2024-09-30,-0.006253831774844354
9309,2024-09-30,290168,2024-12-31,0.02320117720773635
9310,2024-03-31,162375,2024-06-30,0.01743146137670224
9310,2024-06-30,173784,2024-09-30,0.026314075340437452
9310,2024-09-30,174122,2024-12-31,0.017797668155156824
9313,2024-03-31,134492,2024-06-30,0.004860626576435496
9313,2024-06-30,137719,2024-09-30,0.011434548417570807
9313,2024-09-30,137198,2024-12-31,0.010155702580509456
9315,2024-03-31,130296,2024-06-30,0.009344560426952822
9315,2024-06-30,130673,2024-09-30,0.00019590605010621906
9315,2024-09-30,128079,2024-12-31,0.006934395869306209
9319,2024-03-31,412085,2024-06-30,0.015645720949426165
9319,2024-06-30,425821,2024-09-30,0.014964822617417268
9319,2024-09-30,466690,2024-12-31,0.009615619770042137
9320,2024-03-31,199893,2024-06-30,-0.011045694452976875
9320,2024-06-30,191181,2024-09-30,-0.0038306756589549266
9320,2024-09-30,196384,2024-12-31,-0.0030072674746123517
9322,2024-03-31,474163,2024-06-30,0.04815687031562044
9322,2024-06-30,495444,2024-09-30,0.0108387681136755
9322,2024-09-30,501049,2024-12-31,0.019149717280321627
9323,2024-03-31,140465,2024-06-30,0.011407536124190562
9323,2024-06-30,141490,2024-09-30,-0.043244587231361466
9323,2024-09-30,139716,2024-12-31,-0.009928461660736252
9325,2024-03-31,731278,2024-06-30,0.0519725419178679
9325,2024-06-30,745174,2024-09-30,0.05662936409762232
9325,2024-09-30,770474,2024-12-31,0.04730234456203955
9326,2024-03-31,266859,2024-06-30,0.012189786013189315
9326,2024-06-30,263404,2024-09-30,-0.007448821012526564
9326,2024-09-30,267094,2024-12-31,-0.0011031215674863154
9327,2024-03-31,331826,2024-06-30,-0.005124179911214405
9327,2024-06-30,332707,2024-09-30,-0.0027410940406436967
9327,2024-09-30,325781,2024-12-31,-0.010796454916005751
9328,2024-03-31,74091,2024-06-30,-0.00021210468208172713
9328,2024-06-30,73354,2024-09-30,-0.0067555891475920785
9328,2024-09-30,72254,2024-12-31,-0.007307388626568308
9330,2024-03-31,89209,2024-06-30,0.0370306007499749
9330,2024-06-30,89738,2024-09-30,0.031095336247214448
9330,2024-09-30,86826,2024-12-31,0.04218219295953324
9332,2024-03-31,84255,2024-06-30,0.011917077053442698
9332,2024-06-30,75060,2024-09-30,0.023120571598115095
9332,2024-09-30,74615,2024-12-31,0.03901443733583431
9336,2024-03-31,43316,2024-06-30,-0.0015172973541301476
9336,2024-06-30,43604,2024-09-30,0.012151598401522369
9336,2024-09-30,45168,2024-12-31,0.018189107440302735
9337,2024-03-31,106859,2024-06-30,0.008520084840176249
9337,2024-06-30,104742,2024-09-30,0.01423490945345713
9337,2024-09-30,104524,2024-12-31,0.012055796234422437
9340,2024-03-31,72059,2024-06-30,-0.002538077012316459
9340,2024-06-30,70330,2024-09-30,0.01222274413173023
9340,2024-09-30,67687,2024-12-31,0.008900695433112676
9349,2024-03-31,35705,2024-06-30,-0.0036358922726927112
9349,2024-06-30,35665,2024-09-30,-0.004561563027787581
9349,2024-09-30,35402,2024-12-31,-0.006413833994665536
9351,2024-03-31,41213,2024-06-30,-0.00224844661448084
9351,2024-06-30,38997,2024-09-30,0.003289324699678984
9351,2024-09-30,39790,2024-12-31,0.007463189610629719
9354,2024-03-31,31675,2024-06-30,-0.024932300848453194
9354,2024-06-30,30278,2024-09-30,0.005963484919655226
9354,2024-09-30,30079,2024-12-31,0.014526954487429501
9356,2024-03-31,229850,2024-06-30,0.008231697647216246
9356,2024-06-30,233148,2024-09-30,-0.030040276252634637
9356,2024-09-30,227583,2024-12-31,0.018428341983842893
9359,2024-03-31,848753,2024-06-30,0.01955218945647771
9359,2024-06-30,819758,2024-09-30,0.057575837769807674
9359,2024-09-30,818527,2024-12-31,0.0472640472636501
9366,2024-03-31,409554,2024-06-30,0.009278985304154469
9366,2024-06-30,409649,2024-09-30,0.014784954008342843
9366,2024-09-30,403956,2024-12-31,0.020700269822228726
9369,2024-03-31,423359,2024-06-30,0.008367756448393
9369,2024-06-30,423165,2024-09-30,0.008656880368868141
9369,2024-09-30,417445,2024-12-31,0.037793455554964696
9378,2024-03-31,316352,2024-06-30,0.01942673561919825
9378,2024-06-30,322079,2024-09-30,0.010034226613188086
9378,2024-09-30,331893,2024-12-31,0.02575522715106873
9385,2024-03-31,96503,2024-06-30,0.006658569145892955
9385,2024-06-30,92625,2024-09-30,0.01155152954316537
9385,2024-09-30,92182,2024-12-31,0.01598537007904218
9388,2024-03-31,160301,2024-06-30,0.005389725973977796
9388,2024-06-30,166799,2024-09-30,0.008648807953219746
9388,2024-09-30,163520,2024-12-31,0.014711314444131833
9392,2024-03-31,182174,2024-06-30,0.004908245289206348
9392,2024-06-30,184486,2024-09-30,0.005774096866573132
9392,2024-09-30,189070,2024-12-31,0.008770261394317384
9396,2024-03-31,49290841,2024-06-30,0.028988481528415593
9396,2024-06-30,50325509,2024-09-30,0.026173095298428675
9396,2024-09-30,50677794,2024-12-31,0.03888279758339649
9406,2024-03-31,30899,2024-06-30,-0.13195190794767458
9406,2024-06-30,25963,2024-09-30,0.15045085757171542
9406,2024-09-30,26745,2024-12-31,-0.06654230154087919
9410,2024-03-31,502401,2024-06-30,-0.002489335415341899
9410,2024-06-30,509608,2024-09-30,0.02053987577155077
9410,2024-09-30,499077,2024-12-31,0.011480075856481397
9417,2024-03-31,38265,2024-06-30,-0.06767792060487732
9417,2024-06-30,35659,2024-09-30,-0.03890871737553636
9417,2024-09-30,35580,2024-12-31,0.06305078966274279
9420,2024-03-31,254400,2024-06-30,0.008131275377393143
9420,2024-06-30,253022,2024-09-30,0.007302119907956682
9420,2024-09-30,263592,2024-12-31,0.014512383434490598
9422,2024-03-31,52023,2024-06-30,-0.07348395278691064
9422,2024-06-30,49054,2024-09-30,-0.0805856786463467
9422,2024-09-30,52546,2024-12-31,0.009231594444791361
9423,2024-03-31,4243378,2024-06-30,0.04013277578409453
9423,2024-06-30,4366586,2024-09-30,0.037891258214351485
9423,2024-09-30,4609780,2024-12-31,0.03976426183842601
9437,2024-03-31,907529,2024-06-30,0.022767047053458826
9437,2024-06-30,988020,2024-09-30,0.009077969266534364
9437,2024-09-30,978491,2024-12-31,0.02355335132499848
9438,2024-03-31,19373,2024-06-30,-0.022872596170103326
9438,2024-06-30,19594,2024-09-30,-0.014559760382489425
9438,2024-09-30,19495,2024-12-31,0.0022648500052282316
9439,2024-03-31,59408,2024-06-30,-0.02105034017103045
9439,2024-06-30,58351,2024-09-30,-0.012987000990222207
9439,2024-09-30,57593,2024-12-31,-0.008777436875517792
9440,2024-03-31,37497,2024-06-30,0.013396097474244193
9440,2024-06-30,37834,2024-09-30,0.014952443877276326
9443,2024-03-31,1641754,2024-06-30,0.03230808115593483
9443,2024-06-30,1656899,2024-09-30,0.03169920423100753
9443,2024-09-30,1718781,2024-12-31,0.02876672059075209
9450,2024-03-31,222322,2024-06-30,0.0038755522580514157
9450,2024-06-30,220486,2024-09-30,0.0013822158631410263
9450,2024-09-30,218791,2024-12-31,-7.391080043447588e-05
9457,2024-03-31,823928,2024-06-30,0.023690056242649075
9457,2024-06-30,814076,2024-09-30,0.020239665789599473
9457,2024-09-30,908846,2024-12-31,0.017792438689258117
9462,2024-03-31,250335,2024-06-30,0.01658601781568491
9462,2024-06-30,280975,2024-09-30,0.01428459303606324
9462,2024-09-30,279618,2024-12-31,0.021499552973598957
9463,2024-03-31,637663,2024-06-30,0.007724012226514277
9463,2024-06-30,635675,2024-09-30,0.007324474417406434
9463,2024-09-30,629253,2024-12-31,0.002482194366861705
9465,2024-03-31,422837,2024-06-30,0.018463098776074896
9465,2024-06-30,405754,2024-09-30,0.021345035594424522
9465,2024-09-30,411512,2024-12-31,0.026757788149711914
9467,2024-03-31,221250,2024-06-30,0.05574044972824082
9467,2024-06-30,229671,2024-09-30,0.046709646228453174
9467,2024-09-30,235043,2024-12-31,0.042223569786827356
9472,2024-03-31,365980,2024-06-30,0.009598009771500928
9472,2024-06-30,357207,2024-09-30,0.02111396060655108
9472,2024-09-30,357975,2024-12-31,0.024054191240028867
9486,2024-03-31,231196,2024-06-30,0.012759515166784828
9486,2024-06-30,231498,2024-09-30,0.006409954272195555
9486,2024-09-30,231481,2024-12-31,0.005985822233576747
9489,2024-03-31,318110,2024-06-30,0.024047439548404964
9489,2024-06-30,326364,2024-09-30,0.021696113129315193
9489,2024-09-30,320489,2024-12-31,0.023498102862820287
9499,2024-03-31,636126,2024-06-30,0.08137082486394853
9499,2024-06-30,647338,2024-09-30,0.04187828864399073
9499,2024-09-30,618144,2024-12-31,0.019052186794657044
9502,2024-03-31,136740,2024-06-30,0.029535405291365644
9502,2024-06-30,132710,2024-09-30,0.0014226897222428332
9502,2024-09-30,132341,2024-12-31,0.014867900332829712
9507,2024-03-31,480270,2024-06-30,-0.0014875735640619391
9507,2024-06-30,491100,2024-09-30,0.00032951567876557836
9507,2024-09-30,507147,2024-12-31,0.02042216829087166
9517,2024-03-31,181546,2024-06-30,0.02461097370608386
9517,2024-06-30,178353,2024-09-30,0.026075079958724764
9517,2024-09-30,188120,2024-12-31,0.019896488288338968
9523,2024-03-31,118298,2024-06-30,0.01663099678933226
9523,2024-06-30,117849,2024-09-30,0.010593707763554746
9523,2024-09-30,132427,2024-12-31,0.0342024443243864
9526,2024-03-31,119508,2024-06-30,0.020447657749650294
9526,2024-06-30,121037,2024-09-30,0.020060880068607203
9526,2024-09-30,122678,2024-12-31,0.01947550308413718
9529,2024-03-31,201132,2024-06-30,0.022834044805137378
9529,2024-06-30,207895,2024-09-30,0.01009348962452637
9529,2024-09-30,223166,2024-12-31,0.010957028702448045
9536,2024-03-31,565023,2024-06-30,0.0058914802861302394
9536,2024-06-30,554829,2024-09-30,-0.0017214091526259125
9536,2024-09-30,564812,2024-12-31,0.011713568658601268
9614,2024-03-31,41744,2024-06-30,0.08863074856853871
9614,2024-06-30,44553,2024-09-30,0.02551970593458874
9614,2024-09-30,46134,2024-12-31,0.03254860266728448
9615,2024-03-31,111835,2024-06-30,-0.002209275202365928
9615,2024-06-30,113054,2024-09-30,-0.00042027082743236285
9615,2024-09-30,116567,2024-12-31,0.006064736339420208
9620,2024-03-31,657289,2024-06-30,0.009302895863120874
9620,2024-06-30,662062,2024-09-30,-0.01685573724216448
9620,2024-09-30,657355,2024-12-31,0.019018828005424142
9622,2024-03-31,3723559,2024-06-30,-0.006502492706461525
9622,2024-06-30,3684337,2024-09-30,-0.01811667315623517
9622,2024-09-30,3660205,2024-12-31,0.04573345246835606
9631,2024-03-31,361426,2024-06-30,-0.0007141820590402785
9631,2024-06-30,358038,2024-09-30,-0.0002731442408362376
9631,2024-09-30,361478,2024-12-31,0.008975978475094602
9632,2024-03-31,612466,2024-06-30,0.004875594839162516
9632,2024-06-30,627014,2024-09-30,0.013282696722422879
9632,2024-09-30,642579,2024-12-31,0.015450560380659124
9647,2024-03-31,587963,2024-06-30,0.014458953372862862
9647,2024-06-30,592853,2024-09-30,0.01768593727310026
9647,2024-09-30,573984,2024-12-31,0.02556812045933232
9658,2024-03-31,74289,2024-06-30,0.01991784804279035
9658,2024-06-30,76513,2024-09-30,-0.01321334680138631
9658,2024-09-30,74358,2024-12-31,-0.017939185220595608
9659,2024-03-31,116905,2024-06-30,-0.013057485300207072
9659,2024-06-30,109734,2024-09-30,-0.008118474443772106
9659,2024-09-30,113961,2024-12-31,0.003935298242966418
9661,2024-03-31,52736,2024-06-30,0.0041378847428197515
9661,2024-06-30,51953,2024-09-30,0.005833836961467733
9661,2024-09-30,49637,2024-12-31,0.006417365503579375
9665,2024-03-31,260400,2024-06-30,0.0018884772348869785
9665,2024-06-30,253075,2024-09-30,0.0033820829426671685
9665,2024-09-30,256575,2024-12-31,-0.000716851084667687
9669,2024-03-31,85491,2024-06-30,-0.007461726761966709
9669,2024-06-30,85619,2024-09-30,-0.004033813172103617
9669,2024-09-30,89805,2024-12-31,0.023500097222718487
9672,2024-03-31,83869,2024-06-30,0.0016082336334012788
9672,2024-06-30,84812,2024-09-30,-0.008969948981522221
9672,2024-09-30,84668,2024-12-31,0.012396487887979705
9678,2024-03-31,887378,2024-06-30,0.020599329676462084
9678,2024-06-30,899225,2024-09-30,0.012509735508554342
9678,2024-09-30,915047,2024-12-31,0.019600337627660586
9712,2024-03-31,15095349,2024-06-30,0.014754771507312777
9712,2024-06-30,15481757,2024-09-30,0.018196603710794956
9712,2024-09-30,15532683,2024-12-31,0.01818345000280603
9719,2024-03-31,781949,2024-06-30,0.031658783428717606
9719,2024-06-30,705458,2024-09-30,0.04424958867159824
9719,2024-09-30,759556,2024-12-31,0.040396765223869056
9727,2024-03-31,71034,2024-06-30,-0.023593622205494352
9727,2024-06-30,67834,2024-09-30,-0.0023908810924498794
9727,2024-09-30,65898,2024-12-31,-0.004221591921132251
9728,2024-03-31,95410,2024-06-30,0.008236179400381217
9728,2024-06-30,112959,2024-09-30,-0.07595283090153165
9728,2024-09-30,112848,2024-12-31,-0.007354628143763761
9733,2024-03-31,58353,2024-06-30,0.10414103629150041
9733,2024-06-30,53166,2024-09-30,0.1400104469392634
9733,2024-09-30,57626,2024-12-31,0.09345563301704708
9735,2024-03-31,79669,2024-06-30,-0.0342018410793107
9735,2024-06-30,74602,2024-09-30,0.01643420536010927
9735,2024-09-30,76037,2024-12-31,0.0161868060350985
9737,2024-03-31,623392,2024-06-30,0.01454238220469916
9737,2024-06-30,624587,2024-09-30,0.01369601468537429
9737,2024-09-30,669330,2024-12-31,0.00766766983310271
9745,2024-03-31,173074,2024-06-30,0.010189392302992043
9745,2024-06-30,173318,2024-09-30,0.006899726645784557
9745,2024-09-30,171602,2024-12-31,0.014940720736059952
9746,2024-03-31,146194,2024-06-30,0.01727737383609314
9746,2024-06-30,139280,2024-09-30,0.034691134476739736
9746,2024-09-30,139110,2024-12-31,0.03136188513662163
9747,2024-03-31,46723,2024-06-30,-0.0003838591790973617
9747,2024-06-30,47179,2024-09-30,-0.0006708740120787354
9747,2024-09-30,46992,2024-12-31,-0.001432607415402845
9751,2024-03-31,615440,2024-06-30,0.03060725672181785
9751,2024-06-30,572061,2024-09-30,0.02839361293144484
9751,2024-09-30,591913,2024-12-31,0.026566958418048677
9752,2024-03-31,33456,2024-06-30,-0.002907837246310456
9752,2024-06-30,33509,2024-09-30,-0.005517311077273148
9752,2024-09-30,33087,2024-12-31,0.007047477612006126
9760,2024-03-31,438325,2024-06-30,0.02037798278192165
9760,2024-06-30,443958,2024-09-30,0.020083561294180322
9760,2024-09-30,453196,2024-12-31,0.03148890043937604
9769,2024-03-31,113974,2024-06-30,0.00124794805920444
9769,2024-06-30,121693,2024-09-30,0.012527450815499833
9769,2024-09-30,125307,2024-12-31,0.014871952233184386
9770,2024-03-31,327736,2024-06-30,0.026499430356765063
9770,2024-06-30,328535,2024-09-30,0.0050755381093301405
9770,2024-09-30,340853,2024-12-31,0.06530256836678462
9773,2024-03-31,130111,2024-06-30,0.0157998799237287
9773,2024-06-30,131680,2024-09-30,0.016320154411674028
9773,2024-09-30,130395,2024-12-31,0.008182027693576703
9775,2024-03-31,300459,2024-06-30,0.004103563064585624
9775,2024-06-30,297250,2024-09-30,0.003415645345987898
9775,2024-09-30,291609,2024-12-31,0.010009781219621549
9777,2024-03-31,86895,2024-06-30,-0.02697717624269941
9777,2024-06-30,83327,2024-09-30,-0.007688973368002836
9777,2024-09-30,83145,2024-12-31,0.04534297319752034
9788,2024-03-31,313868,2024-06-30,0.009803830488921684
9788,2024-06-30,314478,2024-09-30,0.012354320029056096
9788,2024-09-30,330629,2024-12-31,0.009677179563577413
9791,2024-03-31,141281,2024-06-30,-0.07191465352147204
9791,2024-06-30,134184,2024-09-30,-0.017484982054303683
9791,2024-09-30,130524,2024-12-31,-0.03165489722645252
9794,2024-03-31,265846,2024-06-30,0.011916625021512627
9794,2024-06-30,266235,2024-09-30,0.007411065090765359
9794,2024-09-30,266716,2024-12-31,0.019308731765509964
9797,2024-03-31,1003332,2024-06-30,0.057061139615381055
9797,2024-06-30,990564,2024-09-30,0.04514899282492604
9797,2024-09-30,1018784,2024-12-31,0.005852069527585236
9803,2024-03-31,466286,2024-06-30,0.008230185840493573
9803,2024-06-30,469511,2024-09-30,-0.005040492095926548
9803,2024-09-30,478567,2024-12-31,0.007783297239822066
9812,2024-03-31,52944,2024-06-30,0.006081211711153615
9812,2024-06-30,54359,2024-09-30,-0.006929456291311165
9812,2024-09-30,55734,2024-12-31,-0.057989714082867364
9818,2024-03-31,83525,2024-06-30,0.038692434150425066
9818,2024-06-30,85499,2024-09-30,0.031068008490060802
9818,2024-09-30,85225,2024-12-31,0.02380720649848506
9819,2024-03-31,49973,2024-06-30,0.013286873015453476
9819,2024-06-30,52935,2024-09-30,-0.018582457622963476
9819,2024-09-30,53337,2024-12-31,-0.012146455888775932
9822,2024-03-31,98080,2024-06-30,0.034877217931623725
9822,2024-06-30,101052,2024-09-30,0.030234416379189506
9822,2024-09-30,108938,2024-12-31,0.021776665649322537
9831,2024-03-31,355496,2024-06-30,0.013125735708359662
9831,2024-06-30,356497,2024-09-30,0.010704058333990426
9831,2024-09-30,357648,2024-12-31,0.01242506949407992
9846,2024-03-31,406143000,2024-06-30,-0.0019358284388925314
9846,2024-06-30,397412000,2024-09-30,-0.013601791636341634
9846,2024-09-30,400419000,2024-12-31,0.00025701367098475013
9860,2024-03-31,55984,2024-06-30,0.0262656682658275
9860,2024-06-30,54281,2024-09-30,0.027985032360933474
9860,2024-09-30,55506,2024-12-31,-0.005899691176559181
9865,2024-03-31,51517,2024-06-30,0.013845469039208283
9865,2024-06-30,51835,2024-09-30,0.006917709270683095
9865,2024-09-30,50736,2024-12-31,0.01926979253089979
9871,2024-03-31,340271,2024-06-30,0.03997994387206564
9871,2024-06-30,343093,2024-09-30,0.02274267621214888
9871,2024-09-30,376452,2024-12-31,0.001466843388874286
9875,2024-03-31,50301,2024-06-30,-0.0024454088245228797
9875,2024-06-30,51862,2024-09-30,0.00015615306069178246
9875,2024-09-30,53667,2024-12-31,-0.000643614987589716
9879,2024-03-31,45908,2024-06-30,0.09600560002500587
9879,2024-06-30,55534,2024-09-30,-0.14964808993944956
9879,2024-09-30,42571,2024-12-31,-0.017898251367791634
9881,2024-03-31,125773,2024-06-30,-0.0008367195849236544
9881,2024-06-30,126536,2024-09-30,0.00722652823847273
9881,2024-09-30,132588,2024-12-31,-0.0010617004439199987
9888,2024-03-31,846936,2024-06-30,0.009088837068405641
9888,2024-06-30,875449,2024-09-30,0.017068975896558893
9888,2024-09-30,884183,2024-12-31,0.014486000438840647
9889,2024-03-31,4385615,2024-06-30,0.03365401491160015
9889,2024-06-30,4506755,2024-09-30,0.0477530537747977
9889,2024-09-30,4717558,2024-12-31,0.05054707152294356
9923,2024-03-31,1738506,2024-06-30,0.021976318561086186
9923,2024-06-30,1683697,2024-09-30,0.04321909339161077
9923,2024-09-30,1786527,2024-12-31,0.019690483240837074
9932,2024-03-31,223088,2024-06-30,0.02300318697864807
9932,2024-06-30,226277,2024-09-30,0.01451654833479889
9932,2024-09-30,224035,2024-12-31,0.02178659708234076
9935,2024-03-31,260136,2024-06-30,0.025257974749292946
9935,2024-06-30,269417,2024-09-30,0.0236599307925758
9935,2024-09-30,263062,2024-12-31,0.01952044181214392
9963,2024-03-31,1617555,2024-06-30,0.027888131727529936
9963,2024-06-30,1522168,2024-09-30,0.06232728516049764
9963,2024-09-30,1469526,2024-12-31,0.0541681585154147
9967,2024-03-31,833955,2024-06-30,0.0068864956093907985
9967,2024-06-30,797896,2024-09-30,-0.016749091960948082
9967,2024-09-30,803419,2024-12-31,0.005655361418692058
9978,2024-03-31,1762770,2024-06-30,0.014689179542461071
9978,2024-06-30,1725749,2024-09-30,0.016917599019982098
9978,2024-09-30,1687887,2024-12-31,0.013965242814317718
9986,2024-03-31,72811,2024-06-30,0.010869624280288249
9986,2024-06-30,73886,2024-09-30,-0.02706343009699615
9986,2024-09-30,72099,2024-12-31,0.012103594716357712
9997,2024-03-31,458129,2024-06-30,0.008233708327843235
9997,2024-06-30,468570,2024-09-30,0.029535801723055696
9997,2024-09-30,515030,2024-12-31,0.0024233266449847973
9998,2024-03-31,196263,2024-06-30,0.01291356457969307
9998,2024-06-30,197404,2024-09-30,0.004718232372094713
9998,2024-09-30,190504,2024-12-31,0.0028548706869206647
10004,2024-03-31,181883,2024-06-30,0.021188247680235722
10004,2024-06-30,188452,2024-09-30,0.02215267778596921
10004,2024-09-30,202952,2024-12-31,0.018775789590821393
10011,2024-03-31,339219,2024-06-30,0.018947031086319826
10011,2024-06-30,343530,2024-09-30,0.01361356158885158
10011,2024-09-30,344870,2024-12-31,0.015913717305784086
10012,2024-03-31,176745,2024-06-30,0.0153777046294917
10012,2024-06-30,164529,2024-09-30,0.06299832990437527
10012,2024-09-30,173856,2024-12-31,0.021961598789575126
10015,2024-03-31,157280,2024-06-30,0.0035436257083377447
10015,2024-06-30,162502,2024-09-30,0.013497915030145602
10015,2024-09-30,172964,2024-12-31,0.015312797843335908
10044,2024-03-31,2242027,2024-06-30,0.009318129401350066
10044,2024-06-30,2236697,2024-09-30,0.02172197671036826
10044,2024-09-30,2323421,2024-12-31,0.023945712873202157
10055,2024-03-31,290918,2024-06-30,0.012096020254657351
10055,2024-06-30,285867,2024-09-30,-0.005161205548401218
10055,2024-09-30,279664,2024-12-31,-0.0015137605314434579
10057,2024-03-31,65927,2024-06-30,-0.004082315865352214
10057,2024-06-30,66016,2024-09-30,-0.017067428360092732
10057,2024-09-30,65804,2024-12-31,0.014738615299097474
10072,2024-03-31,120271,2024-06-30,-0.005034799838739126
10072,2024-06-30,118137,2024-09-30,-0.0006220870529611303
10072,2024-09-30,121861,2024-12-31,-0.00607184655622924
10074,2024-03-31,54788,2024-06-30,-0.038350859460053774
10074,2024-06-30,55826,2024-09-30,-0.014379471886613466
10074,2024-09-30,55565,2024-12-31,-0.0005630673454148338
10075,2024-03-31,34602,2024-06-30,0.0003587149925567672
10075,2024-06-30,38112,2024-09-30,-0.04382291140473044
10075,2024-09-30,39274,2024-12-31,-0.034019915134691214
10077,2024-03-31,26740,2024-06-30,0.0124821720364918
10077,2024-06-30,26846,2024-09-30,0.008778783402733142
10077,2024-09-30,25979,2024-12-31,-0.00946493063243051
10101,2024-03-31,386423,2024-06-30,0.008705637681724583
10101,2024-06-30,395973,2024-09-30,0.011638816534741123
10101,2024-09-30,397402,2024-12-31,0.012264837053904958
10111,2024-03-31,344640,2024-06-30,0.015469642283889194
10111,2024-06-30,339117,2024-09-30,0.025767437522935407
10111,2024-09-30,365896,2024-12-31,0.009470633356281812
10118,2024-03-31,222856,2024-06-30,0.020980825499046438
10118,2024-06-30,225815,2024-09-30,0.010494936410008225
10118,2024-09-30,217048,2024-12-31,0.024844933512068516
10120,2024-03-31,27613,2024-06-30,0.009753594967576187
10120,2024-06-30,25350,2024-09-30,-0.0062068053971475615
10120,2024-09-30,27412,2024-12-31,0.012440679052187327
10121,2024-03-31,130566,2024-06-30,-0.01132476820482845
10121,2024-06-30,143143,2024-09-30,-0.03019556523896808
10121,2024-09-30,142737,2024-12-31,-0.004529102086151465
10122,2024-03-31,197089,2024-06-30,-0.0778986411998999
10122,2024-06-30,179725,2024-09-30,0.04720862490582106
10122,2024-09-30,197343,2024-12-31,-0.06404956572313901
10123,2024-03-31,48318,2024-06-30,0.012544676411858944
10123,2024-06-30,52094,2024-09-30,-0.1236435372183338
10123,2024-09-30,37771,2024-12-31,0.24141466198916592
10125,2024-03-31,146728,2024-06-30,-0.034206762636466
10125,2024-06-30,138115,2024-09-30,0.03313682076328449
10125,2024-09-30,154282,2024-12-31,-0.0508263185998677
10127,2024-03-31,228032,2024-06-30,0.02903218714402853
10127,2024-06-30,220649,2024-09-30,0.04049162162136278
10127,2024-09-30,229126,2024-12-31,0.03669103636392851
10132,2024-03-31,108747,2024-06-30,-0.005219633831490577
10132,2024-06-30,105578,2024-09-30,-0.011283495247233502
10132,2024-09-30,106137,2024-12-31,-0.008469816163561588
10137,2024-03-31,195511,2024-06-30,0.007448719319867855
10137,2024-06-30,196831,2024-09-30,0.008733416443015793
10137,2024-09-30,201981,2024-12-31,0.008915473869308547
10145,2024-03-31,17792,2024-06-30,-0.006340274354116644
10145,2024-06-30,17887,2024-09-30,-0.009459653335060278
10145,2024-09-30,16808,2024-12-31,-0.018648304707673043
10157,2024-03-31,312115,2024-06-30,0.006432982370863518
10157,2024-06-30,310680,2024-09-30,0.005185157198100091
10157,2024-09-30,314987,2024-12-31,0.005209395904590986
10159,2024-03-31,364771,2024-06-30,0.010693012947489491
10159,2024-06-30,343445,2024-09-30,0.03734050986788872
10159,2024-09-30,364651,2024-12-31,0.02870741135089033
10160,2024-03-31,54061,2024-06-30,0.005596342251529981
10160,2024-06-30,53893,2024-09-30,0.0015236626104287048
10160,2024-09-30,63469,2024-12-31,0.06381431055865647
10162,2024-03-31,80826,2024-06-30,-0.009742080748797925
10162,2024-06-30,82005,2024-09-30,9.596670446836768e-05
10162,2024-09-30,84016,2024-12-31,0.007074212852308014
10163,2024-03-31,180714,2024-06-30,0.018637113222307714
10163,2024-06-30,184372,2024-09-30,0.020201142122080178
10163,2024-09-30,192080,2024-12-31,0.018969173137471238
10165,2024-03-31,282404,2024-06-30,0.013399518375005552
10165,2024-06-30,291216,2024-09-30,0.026481875905212025
10165,2024-09-30,312659,2024-12-31,0.031197308800248544
10167,2024-03-31,254810,2024-06-30,0.010031345752514333
10167,2024-06-30,251549,2024-09-30,-0.012840785946014899
10167,2024-09-30,244778,2024-12-31,0.004428953326229162
10168,2024-03-31,399297,2024-06-30,0.009968683755568222
10168,2024-06-30,398033,2024-09-30,0.008108183818558995
10168,2024-09-30,395954,2024-12-31,0.010307644288236146
10169,2024-03-31,215457,2024-06-30,0.023811941865181176
10169,2024-06-30,224627,2024-09-30,0.03569209939886299
10169,2024-09-30,236812,2024-12-31,0.032729874476223615
10174,2024-03-31,94500,2024-06-30,0.02085094567553121
10174,2024-06-30,94084,2024-09-30,0.024426400685243505
10174,2024-09-30,96460,2024-12-31,0.023514395902625267
10175,2024-03-31,137376,2024-06-30,-0.00015278637762722745
10175,2024-06-30,135362,2024-09-30,0.007109254693393813
10175,2024-09-30,144796,2024-12-31,0.0008503871045984371
10178,2024-03-31,99356,2024-06-30,-0.025613514143774985
10178,2024-06-30,98296,2024-09-30,-0.0071673866495390575
10178,2024-09-30,96903,2024-12-31,-0.011389640995897232
10185,2024-03-31,54989,2024-06-30,0.01408866276198616
10185,2024-06-30,54691,2024-09-30,0.008395816208884292
10185,2024-09-30,57815,2024-12-31,0.008551189337085704
10187,2024-03-31,44284,2024-06-30,-0.06708571195429476
10187,2024-06-30,41837,2024-09-30,-0.06680141492433801
10187,2024-09-30,39039,2024-12-31,0.19613780871222802
10191,2024-03-31,159732,2024-06-30,0.011043022850121488
10191,2024-06-30,158283,2024-09-30,0.01232092620080248
10191,2024-09-30,156945,2024-12-31,0.024829846111189078
10194,2024-03-31,154076,2024-06-30,0.037724021323550995
10194,2024-06-30,158802,2024-09-30,0.03326560876218465
10194,2024-09-30,166235,2024-12-31,0.003338186938988581
10197,2024-03-31,78172,2024-06-30,0.0753556771283487
10197,2024-06-30,77305,2024-09-30,0.014901656861725098
10197,2024-09-30,81407,2024-12-31,0.024340413206060427
10200,2024-03-31,31500,2024-06-30,-0.010518195203876665
10200,2024-06-30,30784,2024-09-30,-0.01754745270610992
10200,2024-09-30,32250,2024-12-31,-0.018643873688106518
10202,2024-03-31,65479,2024-06-30,0.003475903079383901
10202,2024-06-30,64564,2024-09-30,0.03026118779794815
10202,2024-09-30,67856,2024-12-31,0.012151481206620934
10212,2024-03-31,173523,2024-06-30,0.009177603370657253
10212,2024-06-30,175959,2024-09-30,0.002412338388563402
10212,2024-09-30,176589,2024-12-31,0.007108926613743482
10214,2024-03-31,743701,2024-06-30,0.011145782677992067
10214,2024-06-30,723731,2024-09-30,0.011616955266570878
10214,2024-09-30,739631,2024-12-31,0.010032844327786273
10218,2024-03-31,293117,2024-06-30,0.008104849450349484
10218,2024-06-30,290499,2024-09-30,0.004153095818631899
10218,2024-09-30,277005,2024-12-31,0.00460431440223835
10236,2024-03-31,148828,2024-06-30,-0.037773883044526176
10236,2024-06-30,139439,2024-09-30,-0.00905850083856875
10236,2024-09-30,148082,2024-12-31,0.022023741418938318
10243,2024-03-31,103961,2024-06-30,0.009112676147913331
10243,2024-06-30,104579,2024-09-30,0.0017975866413189913
10243,2024-09-30,100405,2024-12-31,-0.019234650744710254
10248,2024-03-31,4633996,2024-06-30,0.039023862691489365
10248,2024-06-30,4835905,2024-09-30,0.04316466975630809
10248,2024-09-30,4783075,2024-12-31,0.04672452818774391
10250,2024-03-31,128302,2024-06-30,0.005435445989588312
10250,2024-06-30,134842,2024-09-30,0.011135741271859184
10250,2024-09-30,140860,2024-12-31,0.017797984548945284
10253,2024-03-31,66305,2024-06-30,-0.03618694489784374
10253,2024-06-30,62231,2024-09-30,-0.033560682359297454
10253,2024-09-30,61003,2024-12-31,0.03128140956035098
10255,2024-03-31,785714,2024-06-30,0.02704626702823147
10255,2024-06-30,779825,2024-09-30,0.027509440163786467
10255,2024-09-30,781517,2024-12-31,0.01749620428220128
10266,2024-03-31,260326,2024-06-30,0.00505132870653428
10266,2024-06-30,265402,2024-09-30,0.005666854000161916
10266,2024-09-30,274365,2024-12-31,0.009043607928164454
10280,2024-03-31,106586,2024-06-30,0.006201255540331132
10280,2024-06-30,110152,2024-09-30,0.0006799713412083643
10280,2024-09-30,114597,2024-12-31,0.005585646242243425
10307,2024-03-31,1594359,2024-06-30,0.0051172026551094115
10307,2024-06-30,1612259,2024-09-30,0.008326903560815647
10307,2024-09-30,1656970,2024-12-31,0.00965375105832597
10308,2024-03-31,772615,2024-06-30,0.02562668096975702
10308,2024-06-30,787622,2024-09-30,0.026140425999601667
10308,2024-09-30,827807,2024-12-31,0.038196656491879
10315,2024-03-31,131339,2024-06-30,-0.013834018761600883
10315,2024-06-30,126106,2024-09-30,-0.0013869203253506614
10315,2024-09-30,117943,2024-12-31,0.15134736928883932
10317,2024-03-31,235399,2024-06-30,-0.007873444718525633
10317,2024-06-30,235089,2024-09-30,-0.0016216319825757696
10317,2024-09-30,230622,2024-12-31,0.005469217433028379
10319,2024-03-31,154966,2024-06-30,0.013042949395596897
10319,2024-06-30,160656,2024-09-30,0.021072736107664594
10319,2024-09-30,162356,2024-12-31,0.011379062259395924
10327,2024-03-31,60493,2024-06-30,-0.02194238306673771
10327,2024-06-30,59904,2024-09-30,-0.010105961414699391
10327,2024-09-30,61528,2024-12-31,-0.014346374885868826
10330,2024-03-31,104413,2024-06-30,0.026950902044704475
10330,2024-06-30,102495,2024-09-30,0.018266266460700353
10330,2024-09-30,99937,2024-12-31,0.013617348576441046
10334,2024-03-31,727019,2024-06-30,-0.024218932717969027
10334,2024-06-30,736036,2024-09-30,-0.040417569486066784
10344,2024-03-31,765041,2024-06-30,0.02840827108121965
10344,2024-06-30,771243,2024-09-30,0.030295742509567545
10344,2024-09-30,783823,2024-12-31,0.034132247029596864
10345,2024-03-31,163487,2024-06-30,-0.0007881883235502437
10345,2024-06-30,163083,2024-09-30,0.003898176927822544
10345,2024-09-30,158381,2024-12-31,0.03147921881906563
10352,2024-03-31,42302,2024-06-30,0.03064409818963551
10352,2024-06-30,45075,2024-09-30,-0.03629003096681406
10352,2024-09-30,39761,2024-12-31,0.10680216609320023
10363,2024-03-31,2101571,2024-06-30,0.004892229104533343
10363,2024-06-30,2117630,2024-09-30,-0.0005156054075519062
10363,2024-09-30,2146199,2024-12-31,0.00896964006603946
10374,2024-03-31,100897,2024-06-30,0.0011592665427544236
10374,2024-06-30,104297,2024-09-30,0.007603361721599864
10374,2024-09-30,102909,2024-12-31,0.008846886198820573
10378,2024-03-31,402247,2024-06-30,0.02919300436525039
10378,2024-06-30,591622,2024-09-30,-0.1532234435632092
10378,2024-09-30,581021,2024-12-31,-0.03290994345002852
10380,2024-03-31,314095,2024-06-30,0.01879775557509862
10380,2024-06-30,316745,2024-09-30,0.01675879539280512
10380,2024-09-30,326693,2024-12-31,0.01970886897960137
10382,2024-03-31,141651,2024-06-30,-0.013054157570214804
10382,2024-06-30,137214,2024-09-30,-0.005050225607785771
10382,2024-09-30,140327,2024-12-31,0.0035957336651733338
10383,2024-03-31,392220,2024-06-30,0.01490473833153613
10383,2024-06-30,372112,2024-09-30,0.03752934413209094
10383,2024-09-30,412226,2024-12-31,-0.004088614145066958
10384,2024-03-31,272188,2024-06-30,-0.004059547337879928
10384,2024-06-30,275578,2024-09-30,0.0026993180475549973
10384,2024-09-30,276493,2024-12-31,0.0006657081534438031
10407,2024-03-31,92742,2024-06-30,-0.0003598998728444297
10407,2024-06-30,92428,2024-09-30,-0.002608918745580396
10407,2024-09-30,91333,2024-12-31,-0.002170597847144811
10434,2024-03-31,264355,2024-06-30,-0.009928559274448781
10434,2024-06-30,255871,2024-09-30,-0.012985878980062385
10434,2024-09-30,260356,2024-12-31,-0.007466400119180592
10437,2024-03-31,64157,2024-06-30,0.004112546498493241
10437,2024-06-30,64862,2024-09-30,0.00616139486779439
10437,2024-09-30,65750,2024-12-31,0.004011176306871472
10438,2024-03-31,231698,2024-06-30,0.020940886744227196
10438,2024-06-30,227398,2024-09-30,0.00019967013935784885
10438,2024-09-30,222705,2024-12-31,0.014514441610767521
10446,2024-03-31,160907,2024-06-30,-0.0035843246259088402
10446,2024-06-30,160624,2024-09-30,0.018094311285386532
10446,2024-09-30,159696,2024-12-31,0.00425031297541492
10458,2024-03-31,113340,2024-06-30,-0.007536080544829111
10458,2024-06-30,115395,2024-09-30,0.003194359074527368
10458,2024-09-30,113587,2024-12-31,0.01583321155919734
10460,2024-03-31,189719,2024-06-30,0.02352690921785198
10460,2024-06-30,186943,2024-09-30,0.031000125859345896
10460,2024-09-30,182386,2024-12-31,0.03670409356800346
10463,2024-03-31,36947,2024-06-30,0.028233580906497316
10463,2024-06-30,35744,2024-09-30,0.04481741629257616
10463,2024-09-30,36473,2024-12-31,0.019951058239642085
10464,2024-03-31,100391,2024-06-30,-0.015322594276086723
10464,2024-06-30,98488,2024-09-30,0.059912904884689026
10464,2024-09-30,97943,2024-12-31,0.0333059219364587
10467,2024-03-31,165376,2024-06-30,-0.009671861159611501
10467,2024-06-30,163950,2024-09-30,-0.01836133072431583
10467,2024-09-30,161496,2024-12-31,-0.001887914284909524
10469,2024-03-31,43184,2024-06-30,-0.027100349082633063
10469,2024-06-30,41619,2024-09-30,-0.008087245652822584
10469,2024-09-30,41746,2024-12-31,-0.020117137777844425
10471,2024-03-31,50525,2024-06-30,0.004159512381138879
10471,2024-06-30,50148,2024-09-30,0.012247054253450544
10471,2024-09-30,51947,2024-12-31,0.012683090263782403
10473,2024-03-31,195304,2024-06-30,0.029050308292755043
10473,2024-06-30,183217,2024-09-30,0.039256294037974544
10473,2024-09-30,184350,2024-12-31,0.04641750776500718
10474,2024-03-31,363342,2024-06-30,0.014569304761937638
10474,2024-06-30,367515,2024-09-30,0.013426946997491796
10474,2024-09-30,391562,2024-12-31,0.004292159182663358
10489,2024-03-31,28738,2024-06-30,-0.0012462444381789316
10489,2024-06-30,27695,2024-09-30,-0.0016079576147071646
10489,2024-09-30,27054,2024-12-31,0.03683319193685474
10492,2024-03-31,104053,2024-06-30,-0.005662527657007967
10492,2024-06-30,103425,2024-09-30,0.0011004493532564975
10492,2024-09-30,100285,2024-12-31,0.007015380458860062
10494,2024-03-31,152862,2024-06-30,0.023835703927286143
10494,2024-06-30,159912,2024-09-30,0.02021836424032848
10494,2024-09-30,148440,2024-12-31,0.03717722797350895
10497,2024-03-31,173697,2024-06-30,0.0064058437746804245
10497,2024-06-30,172697,2024-09-30,-0.0005340608276868596
10497,2024-09-30,170483,2024-12-31,0.01328504061061485
10500,2024-03-31,101114,2024-06-30,-0.001014084574295869
10500,2024-06-30,101815,2024-09-30,0.0036828589171244864
10500,2024-09-30,100205,2024-12-31,-0.006813300817355234
10502,2024-03-31,122267,2024-06-30,0.032581187580489036
10502,2024-06-30,121621,2024-09-30,0.030430635846086792
10502,2024-09-30,118740,2024-12-31,0.027485740545729206
10503,2024-03-31,66312,2024-06-30,-0.025385236741511066
10503,2024-06-30,64697,2024-09-30,-0.047910649759849044
10503,2024-09-30,70224,2024-12-31,0.034596233302405806
10505,2024-03-31,169819,2024-06-30,0.04910260940971304
10505,2024-06-30,180886,2024-09-30,-0.04961221838426855
10505,2024-09-30,157550,2024-12-31,0.17266678131526755
10520,2024-03-31,168267,2024-06-30,0.019786235006376104
10520,2024-06-30,177529,2024-09-30,0.011908317517806112
10520,2024-09-30,174962,2024-12-31,0.022919630958233014
10523,2024-03-31,319809,2024-06-30,-0.020509436415488778
10523,2024-06-30,324178,2024-09-30,-0.03603792165406619
10523,2024-09-30,311885,2024-12-31,0.06465878426380664
10528,2024-03-31,171360,2024-06-30,0.030781936403358315
10528,2024-06-30,169356,2024-09-30,-0.02370568886238986
10528,2024-09-30,161698,2024-12-31,0.01799053712851266
10531,2024-03-31,238050,2024-06-30,0.026517797443973104
10531,2024-06-30,267648,2024-09-30,-0.0019702779150856573
10531,2024-09-30,264756,2024-12-31,0.01254614520635681
10532,2024-03-31,260712,2024-06-30,0.006287938190418267
10532,2024-06-30,271725,2024-09-30,0.009661095626048331
10532,2024-09-30,281842,2024-12-31,0.015133662278279881
10533,2024-03-31,285896,2024-06-30,0.01906769888249966
10533,2024-06-30,288567,2024-09-30,0.01993797745480203
10533,2024-09-30,281838,2024-12-31,0.01813135184154136
10561,2024-03-31,183966,2024-06-30,0.027268211700413058
10561,2024-06-30,187332,2024-09-30,0.027500185887098547
10561,2024-09-30,177357,2024-12-31,0.07277323177650954
10567,2024-03-31,44344,2024-06-30,0.011699005590528
10567,2024-06-30,45765,2024-09-30,0.01082101554044631
10567,2024-09-30,44699,2024-12-31,0.01849479691293942
10568,2024-03-31,172679,2024-06-30,-0.0018854040071093598
10571,2024-03-31,39349,2024-06-30,-0.06758267912398218
10571,2024-06-30,37566,2024-09-30,-0.05948271666431579
10571,2024-09-30,39943,2024-12-31,0.08155629392135298
10576,2024-03-31,104113,2024-06-30,0.01940340326228454
10576,2024-06-30,102582,2024-09-30,0.009351373159807316
10576,2024-09-30,110335,2024-12-31,0.034871348008294355
10594,2024-03-31,205359,2024-06-30,0.004835728316725713
10594,2024-06-30,207674,2024-09-30,0.006414875553266245
10594,2024-09-30,206348,2024-12-31,0.014442394763777658
10595,2024-03-31,222769,2024-06-30,0.01863541836738953
10595,2024-06-30,223010,2024-09-30,0.010561086318636781
10595,2024-09-30,217530,2024-12-31,0.04054717199242423
10597,2024-03-31,95000,2024-06-30,-0.08880202174332863
10597,2024-06-30,100494,2024-09-30,-0.01192794156232232
10597,2024-09-30,100548,2024-12-31,0.027546731454118546
10608,2024-03-31,441960,2024-06-30,0.015148407895602319
10608,2024-06-30,447513,2024-09-30,0.014542799180556199
10608,2024-09-30,456925,2024-12-31,0.021019101659386218
10618,2024-03-31,907511,2024-06-30,-0.003873861210544663
10618,2024-06-30,903930,2024-09-30,-0.010161022464129274
10618,2024-09-30,916094,2024-12-31,0.024569436519766584
10619,2024-03-31,1536894,2024-06-30,0.022281650682504865
10619,2024-06-30,1556740,2024-09-30,0.022313196103837106
10619,2024-09-30,1517308,2024-12-31,0.02359162656708648
10623,2024-03-31,138643,2024-06-30,0.016234332801013784
10623,2024-06-30,134309,2024-09-30,0.014688640502035928
10623,2024-09-30,132476,2024-12-31,0.011214940911225624
10626,2024-03-31,31953,2024-06-30,0.002380662356521333
10626,2024-06-30,31453,2024-09-30,-0.008170734563574325
10626,2024-09-30,29890,2024-12-31,0.002411406897462902
10628,2024-03-31,130211,2024-06-30,-0.014054489670828263
10628,2024-06-30,128466,2024-09-30,-0.012107791213363464
10628,2024-09-30,125871,2024-12-31,-0.012371569565480989
10634,2024-03-31,7008606,2024-06-30,0.02110428040490302
10634,2024-06-30,7053281,2024-09-30,0.01958265186599429
10634,2024-09-30,7304711,2024-12-31,0.01757960255031649
10635,2024-03-31,15277,2024-06-30,-0.029478249536713467
10635,2024-06-30,15397,2024-09-30,-0.02303851108354422
10635,2024-09-30,16675,2024-12-31,0.011148616968729836
10637,2024-03-31,113787,2024-06-30,0.0014244587149574708
10637,2024-06-30,113090,2024-09-30,0.012400952385588122
10637,2024-09-30,108768,2024-12-31,0.04156241335233506
10639,2024-03-31,254858,2024-06-30,-0.001976238892628961
10639,2024-06-30,264389,2024-09-30,0.009534483407163948
10639,2024-09-30,264005,2024-12-31,0.021823365445650476
10641,2024-03-31,468618,2024-06-30,0.029773032293950938
10641,2024-06-30,466957,2024-09-30,0.00565865708733093
10641,2024-09-30,455175,2024-12-31,-0.0037823554698123646
10643,2024-03-31,528439,2024-06-30,0.05025040486927862
10643,2024-06-30,536213,2024-09-30,0.03995123446264112
10643,2024-09-30,586388,2024-12-31,0.03437920090619339
10647,2024-03-31,55578,2024-06-30,-0.036260053674192515
10647,2024-06-30,50596,2024-09-30,-0.04707644100553862
10647,2024-09-30,51005,2024-12-31,0.04045724170950056
10663,2024-03-31,521000,2024-06-30,0.003149446803888837
10663,2024-06-30,529743,2024-09-30,0.008363123719119491
10663,2024-09-30,547121,2024-12-31,0.012764617853633477
10667,2024-03-31,1637919,2024-06-30,0.01773448086003724
10667,2024-06-30,1580696,2024-09-30,0.033886386246107215
10667,2024-09-30,1622601,2024-12-31,0.029592306623342127
10672,2024-03-31,133427,2024-06-30,-0.016015326453722518
10672,2024-06-30,137774,2024-09-30,-0.018644494766344694
10672,2024-09-30,131143,2024-12-31,0.00613051605871074
10674,2024-03-31,134113,2024-06-30,-0.012503513351060085
10674,2024-06-30,136695,2024-09-30,-0.011691160597836885
10674,2024-09-30,136837,2024-12-31,-0.006502850459927044
10677,2024-03-31,752609,2024-06-30,0.02222402309841174
10677,2024-06-30,750542,2024-09-30,0.015831233393929094
10677,2024-09-30,767838,2024-12-31,0.01959715281501591
10685,2024-03-31,467219,2024-06-30,0.0326762543698835
10685,2024-06-30,479663,2024-09-30,0.02525616885649098
10685,2024-09-30,496655,2024-12-31,0.011707833050342264
10693,2024-03-31,637408,2024-06-30,0.00804928759553687
10704,2024-03-31,31671,2024-06-30,0.03964566899590403
10704,2024-06-30,29394,2024-09-30,-0.004719295918370613
10704,2024-09-30,30422,2024-12-31,0.011443715334976064
10709,2024-03-31,297278,2024-06-30,-0.0026327766464595407
10709,2024-06-30,295162,2024-09-30,0.0034793773580269094
10709,2024-09-30,308889,2024-12-31,0.021285535637326537
10719,2024-03-31,348185,2024-06-30,0.00949787819647742
10719,2024-06-30,330302,2024-09-30,0.015975429400633144
10719,2024-09-30,347852,2024-12-31,0.0018982514703760752
10741,2024-03-31,65846,2024-06-30,-0.0009125109890415348
10741,2024-06-30,63886,2024-09-30,-0.0005672237541118573
10741,2024-09-30,68216,2024-12-31,-0.016537115051806137
10788,2024-03-31,126417,2024-06-30,0.026995903041212344
10788,2024-06-30,123413,2024-09-30,0.03308800781661875
10788,2024-09-30,123338,2024-12-31,0.029205075302504838
10791,2024-03-31,181657,2024-06-30,0.01361892707162169
10791,2024-06-30,184605,2024-09-30,0.013988166817100177
10791,2024-09-30,190116,2024-12-31,0.007183095901563179
10799,2024-03-31,132273,2024-06-30,0.005058916386249304
10799,2024-06-30,133085,2024-09-30,0.0019291814477202529
10799,2024-09-30,136404,2024-12-31,0.003614572912458613
10803,2024-03-31,23868,2024-06-30,0.01087597255388548
10803,2024-06-30,23696,2024-09-30,0.002836835490359861
10803,2024-09-30,25254,2024-12-31,-0.01125638868775317
10804,2024-03-31,124833,2024-06-30,-0.08655035666326125
10804,2024-06-30,119702,2024-09-30,-0.03589350182520563
10804,2024-09-30,124203,2024-12-31,0.016488855086399523
10809,2024-03-31,40180,2024-06-30,-0.001735008939114077
10809,2024-06-30,40209,2024-09-30,0.0003477627062887054
10809,2024-09-30,41025,2024-12-31,-0.009386670742968402
10816,2024-03-31,22027,2024-06-30,-0.030204081643630327
10816,2024-06-30,18823,2024-09-30,-0.058703089812364016
10816,2024-09-30,17907,2024-12-31,-0.03864058392524031
10820,2024-03-31,52903,2024-06-30,-0.008045428291243037
10820,2024-06-30,51723,2024-09-30,0.008386181269814398
10820,2024-09-30,51809,2024-12-31,0.014745469302155768
10821,2024-03-31,95645,2024-06-30,-0.014516892619773795
10821,2024-06-30,92760,2024-09-30,0.009074178241460706
10821,2024-09-30,90660,2024-12-31,0.0024469474996578772
10829,2024-03-31,281983,2024-06-30,0.02002811862006715
10829,2024-06-30,273823,2024-09-30,0.02381074635246091
10829,2024-09-30,267617,2024-12-31,0.01831258382370153
10831,2024-03-31,259809,2024-06-30,-0.007647796611279015
10831,2024-06-30,269341,2024-09-30,-0.007571851132523435
10831,2024-09-30,278095,2024-12-31,-0.003773324785133004
10840,2024-03-31,23846,2024-06-30,-5.848745737632337e-05
10840,2024-06-30,23640,2024-09-30,-0.0006240563178910596
10840,2024-09-30,23186,2024-12-31,0.004859230800580402
10843,2024-03-31,33096,2024-06-30,-0.015317914686823647
10843,2024-06-30,33130,2024-09-30,-0.020025119009224625
10843,2024-09-30,35120,2024-12-31,0.03135972268461217
10844,2024-03-31,250501,2024-06-30,-0.00746032754185998
10844,2024-06-30,248279,2024-09-30,-0.002136277391038281
10844,2024-09-30,255233,2024-12-31,0.0016053333212917762
10845,2024-03-31,199138,2024-06-30,0.0034805643073684417
10845,2024-06-30,197289,2024-09-30,0.016691487063771326
10845,2024-09-30,195706,2024-12-31,0.022122531722862545
10849,2024-03-31,265023,2024-06-30,0.011039006493045522
10849,2024-06-30,257873,2024-09-30,0.007171222208907993
10849,2024-09-30,257113,2024-12-31,0.012909199341294688
10853,2024-03-31,191512,2024-06-30,0.0014292972217873313
10853,2024-06-30,191015,2024-09-30,-0.0008813854608094718
10853,2024-09-30,198145,2024-12-31,0.0034124244420385254
10855,2024-03-31,148174,2024-06-30,0.032766907226770864
10855,2024-06-30,148331,2024-09-30,0.01865331905250315
10855,2024-09-30,149728,2024-12-31,0.011815502753709347
10858,2024-03-31,90801,2024-06-30,-0.018642761363122994
10858,2024-06-30,90821,2024-09-30,0.003992588866470249
10858,2024-09-30,94475,2024-12-31,-0.036621833204036114
10860,2024-03-31,163234,2024-06-30,0.010374251464621178
10860,2024-06-30,161884,2024-09-30,0.011274755194663325
10860,2024-09-30,161440,2024-12-31,0.012370827051111366
10871,2024-03-31,84962,2024-06-30,-0.015033070397906937
10871,2024-06-30,85433,2024-09-30,-0.011775605612309269
10871,2024-09-30,84963,2024-12-31,0.0023427276595987547
10872,2024-03-31,21663,2024-06-30,-0.009231380395846926
10872,2024-06-30,21795,2024-09-30,-0.004935159314639951
10872,2024-09-30,21726,2024-12-31,0.002300246446515831
10878,2024-03-31,123754,2024-06-30,0.025890182535161614
10878,2024-06-30,125694,2024-09-30,0.03314658657948808
10878,2024-09-30,125909,2024-12-31,0.026471201283492223
10883,2024-03-31,50291,2024-06-30,0.0040279647362151255
10883,2024-06-30,49380,2024-09-30,0.006119105028342308
10883,2024-09-30,51123,2024-12-31,-0.0026498604171344775
10886,2024-03-31,575183,2024-06-30,0.0019502683984604248
10886,2024-06-30,566280,2024-09-30,-0.0031342167268019355
10886,2024-09-30,560534,2024-12-31,-0.00932085205008453
10903,2024-03-31,426669,2024-06-30,0.007380304878969086
10903,2024-06-30,451500,2024-09-30,0.0012804272184392227
10903,2024-09-30,460549,2024-12-31,0.01097260663875505
10906,2024-03-31,90901,2024-06-30,-0.004530187114667612
10906,2024-06-30,93000,2024-09-30,-0.011172777713352303
10906,2024-09-30,90712,2024-12-31,0.018558294412676504
10907,2024-03-31,307398,2024-06-30,0.02286528240901356
10907,2024-06-30,297921,2024-09-30,0.03983360297685604
10907,2024-09-30,301693,2024-12-31,0.031854952900805644
10918,2024-03-31,253319,2024-06-30,-0.0007103309982337778
10918,2024-06-30,251961,2024-09-30,-0.023755179713262038
10918,2024-09-30,247198,2024-12-31,0.06441121118061348
10919,2024-03-31,97972,2024-06-30,-0.0009299932927442409
10919,2024-06-30,96041,2024-09-30,0.0018278571950619384
10919,2024-09-30,95068,2024-12-31,0.007529131248484415
10920,2024-03-31,154788,2024-06-30,-0.00992751664801772
10920,2024-06-30,157414,2024-09-30,-0.007425067756630811
10920,2024-09-30,143634,2024-12-31,0.00013178122277654507
10928,2024-03-31,121025,2024-06-30,-0.03937076101844325
10928,2024-06-30,116045,2024-09-30,0.01555138915204516
10928,2024-09-30,127740,2024-12-31,-0.024810438459426282
10956,2024-03-31,368366,2024-06-30,0.007258180469760804
10956,2024-06-30,370488,2024-09-30,0.00885781500872969
10956,2024-09-30,384998,2024-12-31,0.009831728649783496
10958,2024-03-31,730798,2024-06-30,0.004008399073603965
10958,2024-06-30,759077,2024-09-30,0.009681858011931926
10958,2024-09-30,767189,2024-12-31,0.007075435053395939
10960,2024-03-31,71569,2024-06-30,0.029332510811646034
10960,2024-06-30,71528,2024-09-30,0.0030418569150912752
10960,2024-09-30,68977,2024-12-31,0.029934259171295483
10962,2024-03-31,214577,2024-06-30,0.005190448803684287
10962,2024-06-30,215587,2024-09-30,-0.0006621034227040388
10962,2024-09-30,225002,2024-12-31,-0.010221917718219951
10965,2024-03-31,133491,2024-06-30,0.006200807754283589
10965,2024-06-30,126110,2024-09-30,0.00920062156556718
10965,2024-09-30,124753,2024-12-31,0.008336031377322212
10967,2024-03-31,175269,2024-06-30,0.021488270073854034
10967,2024-06-30,176040,2024-09-30,0.02165143636709147
10967,2024-09-30,182560,2024-12-31,0.023897534312576286
10969,2024-03-31,53771,2024-06-30,0.027124169054981224
10969,2024-06-30,52853,2024-09-30,0.029531057749763934
10969,2024-09-30,53063,2024-12-31,0.029614482363123362
10971,2024-03-31,113878,2024-06-30,0.04144056489544876
10971,2024-06-30,115721,2024-09-30,0.025304028453874493
10971,2024-09-30,113689,2024-12-31,0.02898523419044936
10973,2024-03-31,634629,2024-06-30,-0.01258858252406924
10973,2024-06-30,592307,2024-09-30,0.01011312444651796
10973,2024-09-30,668897,2024-12-31,-0.03108003937682334
10976,2024-03-31,214239,2024-06-30,-0.003598860051913058
10976,2024-06-30,213023,2024-09-30,-0.003464323935384869
10976,2024-09-30,219271,2024-12-31,-0.007897903156367765
10980,2024-03-31,140352,2024-06-30,0.015379521850713432
10980,2024-06-30,144253,2024-09-30,0.017333704046617934
10980,2024-09-30,148249,2024-12-31,0.020546351747814582
10982,2024-03-31,37005,2024-06-30,-0.008248407856852916
10982,2024-06-30,36550,2024-09-30,-0.018675757011335996
10982,2024-09-30,36695,2024-12-31,0.005576585267826556
10984,2024-03-31,127802,2024-06-30,0.019420238531780085
10984,2024-06-30,123693,2024-09-30,0.015693780848340298
10984,2024-09-30,121400,2024-12-31,0.03184188901886317
10988,2024-03-31,2328866,2024-06-30,0.006367363375317535
10988,2024-06-30,2377776,2024-09-30,0.0009997060145392248
10988,2024-09-30,2501432,2024-12-31,-0.003665599586240514
10989,2024-03-31,191983,2024-06-30,0.003145366905708704
10989,2024-06-30,238388,2024-09-30,-0.012401426957681889
10989,2024-09-30,243042,2024-12-31,-0.026133150165731315
10991,2024-03-31,91364,2024-06-30,-0.014542944545467555
10991,2024-06-30,88645,2024-09-30,0.01518710333798998
10991,2024-09-30,90166,2024-12-31,0.0023659201421911283
10993,2024-03-31,63738,2024-06-30,0.02300287879746062
10993,2024-06-30,61461,2024-09-30,0.029969143871276274
10993,2024-09-30,58435,2024-12-31,0.028932696418099903
10998,2024-03-31,565983,2024-06-30,0.040687135275212796
10998,2024-06-30,574654,2024-09-30,0.041971565282766035
10998,2024-09-30,567032,2024-12-31,0.010319979276976955
11002,2024-03-31,176713,2024-06-30,0.009946209763442319
11002,2024-06-30,175688,2024-09-30,0.0027356915178785475
11002,2024-09-30,175516,2024-12-31,0.02042048051909814
11003,2024-03-31,88539,2024-06-30,-0.009953476509320141
11003,2024-06-30,87184,2024-09-30,-0.03573595906874298
11003,2024-09-30,93240,2024-12-31,0.046537859624668276
11013,2024-03-31,117806,2024-06-30,-0.022170891664805393
11013,2024-06-30,123751,2024-09-30,0.014229704447213276
11013,2024-09-30,123846,2024-12-31,0.015951261664522005
11035,2024-03-31,5499497,2024-06-30,0.016891571126171182
11035,2024-06-30,5676494,2024-09-30,0.019732240310291468
11035,2024-09-30,5955459,2024-12-31,0.027619451707012077
11063,2024-03-31,149905000,2024-06-30,0.0020597618619579445
11063,2024-06-30,151387000,2024-09-30,-0.0010923071666505285
11063,2024-09-30,151931000,2024-12-31,0.001718820273199135
11112,2024-03-31,1844826,2024-06-30,0.011610178775743527
11112,2024-06-30,1869636,2024-09-30,0.01768821652491982
11112,2024-09-30,1904029,2024-12-31,0.0007961024589484099
11113,2024-03-31,319416,2024-06-30,-0.00790029500081307
11113,2024-06-30,322010,2024-09-30,-0.0015229297410373254
11113,2024-09-30,327643,2024-12-31,0.003810944817797394
11124,2024-03-31,7622473,2024-06-30,0.014971683554232128
11124,2024-06-30,7713462,2024-09-30,0.016661515639552288
11124,2024-09-30,7689406,2024-12-31,0.015196889079172738
11133,2024-03-31,55669,2024-06-30,-0.05597555451563782
11133,2024-06-30,55638,2024-09-30,-0.025500706955822044
11133,2024-09-30,55055,2024-12-31,-0.03309499669820844
11159,2024-03-31,305530,2024-06-30,0.0035237498257350173
11159,2024-06-30,324802,2024-09-30,-0.015255340505154445
11159,2024-09-30,328054,2024-12-31,-0.014233417219965792
11175,2024-03-31,70095,2024-06-30,0.040109554905882916
11175,2024-06-30,71279,2024-09-30,0.04666598037812704
11175,2024-09-30,69069,2024-12-31,0.04090611364793536
11178,2024-03-31,730491,2024-06-30,0.035310757793197624
11178,2024-06-30,757137,2024-09-30,0.07564703033920343
11178,2024-09-30,757975,2024-12-31,0.0676591311380077
11181,2024-03-31,122119,2024-06-30,-0.00978690626997429
11181,2024-06-30,120477,2024-09-30,-0.008047136545818553
11181,2024-09-30,116707,2024-12-31,0.030217961271709132
11225,2024-03-31,130064,2024-06-30,0.006887876265409003
11225,2024-06-30,131975,2024-09-30,0.0160018328269953
11225,2024-09-30,132494,2024-12-31,0.023899633554873272
11228,2024-03-31,310327,2024-06-30,0.015661567952593276
11228,2024-06-30,302811,2024-09-30,0.01636376740525489
11228,2024-09-30,322887,2024-12-31,0.041532542847053364
11232,2024-03-31,170677,2024-06-30,0.0206544332992896
11232,2024-06-30,175830,2024-09-30,0.013487838664668126
11232,2024-09-30,173513,2024-12-31,0.04415513778511042
11235,2024-03-31,93537,2024-06-30,0.018163868859915853
11235,2024-06-30,100071,2024-09-30,0.02786848244521329
11235,2024-09-30,98174,2024-12-31,0.017196582778718168
11236,2024-03-31,1298339,2024-06-30,0.03198051121734751
11236,2024-06-30,1333490,2024-09-30,0.0214805491643071
11236,2024-09-30,1382883,2024-12-31,0.021677702120120056
11241,2024-03-31,17357506,2024-06-30,0.018190822737357122
11241,2024-06-30,17460094,2024-09-30,0.01540861963065729
11241,2024-09-30,17216508,2024-12-31,0.004819614592714251
11242,2024-03-31,135151,2024-06-30,-0.04468886399591024
11242,2024-06-30,126689,2024-09-30,-0.03659814223091827
11242,2024-09-30,117907,2024-12-31,0.11774982861830756
11243,2024-03-31,162158,2024-06-30,0.008326672655846353
11243,2024-06-30,164086,2024-09-30,0.009300627513998926
11243,2024-09-30,217781,2024-12-31,0.037876026908235876
11252,2024-03-31,144693,2024-06-30,0.009791778914444695
11252,2024-06-30,145130,2024-09-30,0.0073168667243278815
11252,2024-09-30,151420,2024-12-31,0.011264697378268913
11259,2024-03-31,188359,2024-06-30,0.007684335117954804
11259,2024-06-30,189721,2024-09-30,0.06842228613292096
11259,2024-09-30,198756,2024-12-31,-6.229137076774439e-05
11261,2024-03-31,56360,2024-06-30,0.02676600870247912
11261,2024-06-30,59111,2024-09-30,0.032066986480904155
11261,2024-09-30,62428,2024-12-31,0.03288329904628704
11295,2024-03-31,299668,2024-06-30,0.019354003813909924
11295,2024-06-30,303298,2024-09-30,0.01270259057602738
11295,2024-09-30,315152,2024-12-31,0.023694923531031722
11299,2024-03-31,316070,2024-06-30,0.01330296264194562
11299,2024-06-30,315553,2024-09-30,0.008188954579730047
11299,2024-09-30,327323,2024-12-31,0.020951330148761146
11300,2024-03-31,21696,2024-06-30,-0.009033048107692388
11300,2024-06-30,22648,2024-09-30,-0.0622505199328824
11300,2024-09-30,21194,2024-12-31,-0.029819725030705842
11302,2024-03-31,25677,2024-06-30,-0.0029806481036524974
11302,2024-06-30,25082,2024-09-30,-0.0019046145742315133
11302,2024-09-30,24294,2024-12-31,0.00789751025016154
11306,2024-03-31,536795,2024-06-30,0.0007720430198009193
11306,2024-06-30,509158,2024-09-30,0.011163333009199701
11306,2024-09-30,516740,2024-12-31,0.00014140016486423912
11307,2024-03-31,276472,2024-06-30,0.0041288090887390575
11307,2024-06-30,269591,2024-09-30,0.013022853101150363
11307,2024-09-30,269552,2024-12-31,0.019631824283403636
11310,2024-03-31,313851,2024-06-30,-0.0012925448959674457
11310,2024-06-30,314972,2024-09-30,0.007252356870646233
11310,2024-09-30,305706,2024-12-31,0.007794625812646604
11317,2024-03-31,111374,2024-06-30,0.02430627476505753
11317,2024-06-30,104139,2024-09-30,0.03997653791785229
11317,2024-09-30,103916,2024-12-31,0.034687672215609505
11319,2024-03-31,79846,2024-06-30,-0.005386010951271229
11319,2024-06-30,83598,2024-09-30,0.0077476363617101
11319,2024-09-30,89142,2024-12-31,-0.0032737862284678795
11324,2024-03-31,83477,2024-06-30,0.01323076681941851
11324,2024-06-30,77670,2024-09-30,0.023722107432737793
11324,2024-09-30,80675,2024-12-31,0.05704525469253567
11343,2024-03-31,43888,2024-06-30,-0.0052222967800557435
11343,2024-06-30,44038,2024-09-30,-0.01155517437736428
11343,2024-09-30,42465,2024-12-31,-0.0057156591493694
11347,2024-03-31,359213,2024-06-30,0.013386839638948522
11347,2024-06-30,348156,2024-09-30,0.01896360442733805
11347,2024-09-30,344338,2024-12-31,0.015069998238623256
11352,2024-03-31,66527,2024-06-30,-0.025893748881828684
11352,2024-06-30,63658,2024-09-30,0.010391416329513353
11352,2024-09-30,65959,2024-12-31,0.01112189876569177
11355,2024-03-31,93889,2024-06-30,-0.018755491592418395
11355,2024-06-30,94585,2024-09-30,-0.007402313827359563
11355,2024-09-30,94952,2024-12-31,-0.0002502835664325483
11358,2024-03-31,295513,2024-06-30,0.020384597136384214
11358,2024-06-30,306738,2024-09-30,0.014488951424818724
11358,2024-09-30,315978,2024-12-31,0.01200621999126595
11406,2024-03-31,1438943,2024-06-30,0.02741933845188301
11406,2024-06-30,1427428,2024-09-30,0.0245308512546936
11406,2024-09-30,1470704,2024-12-31,0.025611284357818242
11407,2024-03-31,545710,2024-06-30,-0.009903475760788535
11407,2024-06-30,492123,2024-09-30,0.06878559628953046
11407,2024-09-30,586935,2024-12-31,-0.034220658416254233
11409,2024-03-31,118424,2024-06-30,0.013072983964225307
11409,2024-06-30,119258,2024-09-30,0.013426937739553729
11409,2024-09-30,120308,2024-12-31,0.014356420459662553
11411,2024-03-31,91627,2024-06-30,0.006744669315998704
11411,2024-06-30,89385,2024-09-30,-0.01625247526514724
11411,2024-09-30,92676,2024-12-31,0.012766616532350316
11415,2024-03-31,210450,2024-06-30,-0.003355649166616472
11415,2024-06-30,209918,2024-09-30,-0.005327765077680215
11415,2024-09-30,211083,2024-12-31,0.040263179335392724
11417,2024-03-31,36146,2024-06-30,0.05483915753156714
11417,2024-06-30,33914,2024-09-30,0.08175414775903138
11417,2024-09-30,35320,2024-12-31,0.0527315834955293
11431,2024-03-31,285920,2024-06-30,-0.020263751292392947
11431,2024-06-30,267233,2024-09-30,-0.002912942616414641
11431,2024-09-30,274532,2024-12-31,0.0015091216849471003
11445,2024-03-31,137519,2024-06-30,-0.013866805850198833
11445,2024-06-30,144314,2024-09-30,-0.05236478698389821
11445,2024-09-30,138317,2024-12-31,-0.029356394155345605
11446,2024-03-31,254666,2024-06-30,0.0010867933855274816
11446,2024-06-30,240561,2024-09-30,0.003467812645535864
11446,2024-09-30,231634,2024-12-31,0.0006325237948601323
11448,2024-03-31,453186,2024-06-30,0.013601850937886026
11448,2024-06-30,472937,2024-09-30,0.013505403299062023
11448,2024-09-30,478626,2024-12-31,0.014260417877810395
11459,2024-03-31,840466,2024-06-30,-0.013497529474748615
11459,2024-06-30,769667,2024-09-30,0.024908618344361234
11459,2024-09-30,789582,2024-12-31,0.027637661924676964
11462,2024-03-31,142740,2024-06-30,-0.011116654960404504
11462,2024-06-30,136963,2024-09-30,-0.003202153156492433
11462,2024-09-30,129076,2024-12-31,0.08699737614806101
11463,2024-03-31,153291,2024-06-30,0.006639174077033181
11463,2024-06-30,156703,2024-09-30,-0.019218209194537587
11463,2024-09-30,157519,2024-12-31,-0.0032904691183711482
11465,2024-03-31,50475,2024-06-30,-0.004524727437041319
11465,2024-06-30,49126,2024-09-30,-0.002052713049181806
11465,2024-09-30,48340,2024-12-31,0.008608368109191286
11466,2024-03-31,102462,2024-06-30,-0.014940632865638782
11466,2024-06-30,103542,2024-09-30,-0.041554497367092734
11466,2024-09-30,101634,2024-12-31,0.001494008102409627
11475,2024-03-31,60801,2024-06-30,0.0020823995739853982
11475,2024-06-30,60738,2024-09-30,-0.006049526078319574
11475,2024-09-30,60860,2024-12-31,0.01753871391030254
11477,2024-03-31,223148,2024-06-30,0.009311240402133627
11477,2024-06-30,222204,2024-09-30,0.005575069065236435
11477,2024-09-30,224135,2024-12-31,0.010597355938901758
11482,2024-03-31,373363,2024-06-30,-0.0015545957424107368
11482,2024-06-30,377781,2024-09-30,0.004324383789623113
11482,2024-09-30,390568,2024-12-31,0.01295133799403296
11491,2024-03-31,436033,2024-06-30,0.014257448395812793
11491,2024-06-30,437704,2024-09-30,0.00807831008918794
11491,2024-09-30,435816,2024-12-31,0.008146309390706744
11492,2024-03-31,1130303,2024-06-30,0.013625194867555394
11492,2024-06-30,1121205,2024-09-30,0.014582955232202465
11492,2024-09-30,1163586,2024-12-31,0.013272813007696272
11501,2024-03-31,590760,2024-06-30,0.017104194534301228
11501,2024-06-30,600536,2024-09-30,0.04315130011940754
11501,2024-09-30,607570,2024-12-31,-0.02622051149551128
11507,2024-03-31,3515013,2024-06-30,0.004041084924969862
11507,2024-06-30,3568211,2024-09-30,0.0007833243486086259
11507,2024-09-30,3670073,2024-12-31,0.014943597568754177
11519,2024-03-31,211226,2024-06-30,0.006136657410854974
11519,2024-06-30,207599,2024-09-30,0.00017716624048084883
11519,2024-09-30,214838,2024-12-31,0.02284661354922256
11521,2024-03-31,420805,2024-06-30,0.05630682732966562
11521,2024-06-30,383448,2024-09-30,0.02904605159022373
11521,2024-09-30,378542,2024-12-31,0.01735948346966467
11522,2024-03-31,1110623,2024-06-30,0.031161501711763212
11522,2024-06-30,1139979,2024-09-30,0.028963990484377044
11522,2024-09-30,1107798,2024-12-31,0.03685089408580042
11526,2024-03-31,308509,2024-06-30,0.010834840802812546
11526,2024-06-30,312491,2024-09-30,-0.01511063079489372
11526,2024-09-30,320113,2024-12-31,0.02333893461523181
11527,2024-03-31,48390,2024-06-30,-0.01664939718312903
11527,2024-06-30,47313,2024-09-30,0.0019065970055803904
11527,2024-09-30,47598,2024-12-31,-0.00929119488005616
11539,2024-03-31,442854,2024-06-30,-0.002936598939487831
11539,2024-06-30,445679,2024-09-30,-0.0023599205565072775
11539,2024-09-30,442675,2024-12-31,-0.004026734306485579
11557,2024-03-31,284536,2024-06-30,0.0005634487046955233
11557,2024-06-30,272283,2024-09-30,-0.013337345952927744
11557,2024-09-30,265184,2024-12-31,-0.015590872646970105
11559,2024-03-31,505433,2024-06-30,-0.04771030042943951
11559,2024-06-30,466452,2024-09-30,-0.060558783900958334
11559,2024-09-30,452868,2024-12-31,0.05279880808837401
11569,2024-03-31,1203583,2024-06-30,0.005693353938662168
11569,2024-06-30,1191577,2024-09-30,0.0001433233392398006
11569,2024-09-30,1201195,2024-12-31,0.00853873703256306
11570,2024-03-31,108395,2024-06-30,0.05397880365324215
11570,2024-06-30,122410,2024-09-30,0.07402109781080032
11570,2024-09-30,155692,2024-12-31,0.09696002844156702
11578,2024-03-31,2991808,2024-06-30,0.0031434247279739837
11578,2024-06-30,6663550,2024-09-30,0.11286569993000958
11578,2024-09-30,6614486,2024-12-31,-0.012733411839301361
11580,2024-03-31,521743,2024-06-30,-0.023060695579602896
11580,2024-06-30,534639,2024-09-30,-0.023399475749264053
11580,2024-09-30,494754,2024-12-31,0.008361754181955469
11582,2024-03-31,219542,2024-06-30,-0.005080223362108054
11582,2024-06-30,218440,2024-09-30,0.0024673778911141727
11582,2024-09-30,217547,2024-12-31,0.0070230805359599545
11595,2024-03-31,504894,2024-06-30,0.010586248529798099
11595,2024-06-30,502373,2024-09-30,0.011071901298957645
11595,2024-09-30,497907,2024-12-31,-0.0011425629905300809
11601,2024-03-31,244487,2024-06-30,0.006194302303768047
11601,2024-06-30,246148,2024-09-30,0.019190858102817634
11601,2024-09-30,258528,2024-12-31,0.022717737206057367
11608,2024-03-31,338164,2024-06-30,0.019802760248812886
11608,2024-06-30,334146,2024-09-30,0.019248152129943234
11608,2024-09-30,352034,2024-12-31,0.02004848218717009
11623,2024-03-31,504392,2024-06-30,0.014812600869487347
11623,2024-06-30,500931,2024-09-30,0.005101839514622251
11623,2024-09-30,558308,2024-12-31,0.021149845379875264
11666,2024-03-31,2618809,2024-06-30,0.01989197062911138
11666,2024-06-30,2653905,2024-09-30,0.016595982085432028
11666,2024-09-30,2756534,2024-12-31,0.02731759071001694
11667,2024-03-31,139143,2024-06-30,-0.01019541122696622
11667,2024-06-30,139187,2024-09-30,-0.004709624107635889
11667,2024-09-30,137074,2024-12-31,-0.001889872534510702
11669,2024-03-31,250084,2024-06-30,0.031111842648639344
11669,2024-06-30,248692,2024-09-30,0.035137444805917906
11669,2024-09-30,249750,2024-12-31,0.02764584723542321
11670,2024-03-31,962920,2024-06-30,0.032908652107821124
11670,2024-06-30,1058134,2024-09-30,0.005968035210343666
11670,2024-09-30,1030481,2024-12-31,0.03237922341680657
11671,2024-03-31,142875,2024-06-30,-0.05138358496662666
11671,2024-06-30,138982,2024-09-30,0.029429260963040802
11671,2024-09-30,142840,2024-12-31,-0.034887237195877836
11674,2024-03-31,222545,2024-06-30,0.016678767599580462
11674,2024-06-30,216202,2024-09-30,-0.006600895232543401
11674,2024-09-30,215374,2024-12-31,-0.0016722893168484789
11680,2024-03-31,141492,2024-06-30,-0.01576242048220461
11680,2024-06-30,138983,2024-09-30,-0.0007198482159594576
11680,2024-09-30,143835,2024-12-31,-0.008098218388903119
11681,2024-03-31,40635,2024-06-30,0.018626609090708787
11681,2024-06-30,45496,2024-09-30,0.021085879637217666
11681,2024-09-30,49209,2024-12-31,0.03250945188145197
11682,2024-03-31,91241,2024-06-30,0.010543953555501424
11682,2024-06-30,89266,2024-09-30,0.006721054232444173
11682,2024-09-30,90670,2024-12-31,0.013003263991264018
11686,2024-03-31,104572,2024-06-30,0.007801194572637183
11686,2024-06-30,104444,2024-09-30,0.006208237566518013
11686,2024-09-30,101904,2024-12-31,0.005417633619006246
11699,2024-03-31,186167,2024-06-30,0.00905200719281328
11699,2024-06-30,182934,2024-09-30,0.015553689822338814
11699,2024-09-30,192987,2024-12-31,0.017370211591759062
11702,2024-03-31,317980,2024-06-30,-0.017791076751622018
11702,2024-06-30,313186,2024-09-30,-0.0011190695322493762
11702,2024-09-30,320351,2024-12-31,-0.004001108795443794
11706,2024-03-31,62035,2024-06-30,-0.015749742129283366
11706,2024-06-30,58780,2024-09-30,0.011677640989457219
11706,2024-09-30,57404,2024-12-31,0.024736295460146534
11708,2024-03-31,285077,2024-06-30,0.018030421437268466
11708,2024-06-30,294299,2024-09-30,0.002722046991990692
11708,2024-09-30,298596,2024-12-31,0.01173465629601605
11711,2024-03-31,200651,2024-06-30,0.0018419018745714395
11711,2024-06-30,197534,2024-09-30,0.002633198608086421
11711,2024-09-30,205660,2024-12-31,-0.010552025657999588
11715,2024-03-31,75214,2024-06-30,4.24470254290899e-05
11715,2024-06-30,74050,2024-09-30,-0.003698185388188773
11715,2024-09-30,77143,2024-12-31,0.004705916936471932
11716,2024-03-31,15211,2024-06-30,0.046069801164834855
11716,2024-06-30,15336,2024-09-30,0.041915337029579613
11716,2024-09-30,16627,2024-12-31,-0.013014967716952826
11719,2024-03-31,109874,2024-06-30,0.004947927997261379
11719,2024-06-30,106493,2024-09-30,0.020364035726682904
11719,2024-09-30,115120,2024-12-31,-0.00709290000512986
11722,2024-03-31,570301,2024-06-30,0.013666217969790088
11722,2024-06-30,574769,2024-09-30,0.012208493046930245
11722,2024-09-30,578592,2024-12-31,0.01363297820292957
11729,2024-03-31,780726,2024-06-30,-0.0007452178799467236
11729,2024-06-30,777409,2024-09-30,-0.0005579613423821226
11729,2024-09-30,755303,2024-12-31,0.007086640723850894
11731,2024-03-31,33765,2024-06-30,-0.022750090304639228
11731,2024-06-30,31758,2024-09-30,0.004927436094829171
11731,2024-09-30,31935,2024-12-31,0.0032957831744281013
11732,2024-03-31,191791,2024-06-30,0.03851558504631811
11732,2024-06-30,202498,2024-09-30,0.015850947070960446
11732,2024-09-30,203050,2024-12-31,0.021213280375868785
11734,2024-03-31,260327,2024-06-30,0.0043307746446941365
11734,2024-06-30,256362,2024-09-30,0.014118621580032735
11734,2024-09-30,253008,2024-12-31,0.033332748725512965
11739,2024-03-31,542726,2024-06-30,0.04122388223777486
11739,2024-06-30,544099,2024-09-30,-0.00489958349030802
11739,2024-09-30,541710,2024-12-31,-0.01664275758353896
11741,2024-03-31,390707,2024-06-30,-0.0015988350561823453
11741,2024-06-30,394857,2024-09-30,0.010621927222147247
11741,2024-09-30,400983,2024-12-31,0.018697736692645912
11746,2024-03-31,144672,2024-06-30,0.01946524392714051
11746,2024-06-30,145173,2024-09-30,0.015087977894057362
11746,2024-09-30,140431,2024-12-31,0.02345543561865455
11747,2024-03-31,197196,2024-06-30,-0.016960360010920456
11747,2024-06-30,189415,2024-09-30,-0.01348892286980556
11747,2024-09-30,189499,2024-12-31,0.0029757515306750144
11750,2024-03-31,103354,2024-06-30,-0.0035980644712862143
11750,2024-06-30,100978,2024-09-30,-0.007814785373441054
11750,2024-09-30,98233,2024-12-31,-0.007852405841575521
11759,2024-03-31,97010,2024-06-30,-0.006626614281219897
11759,2024-06-30,95080,2024-09-30,-0.006324761336734777
11759,2024-09-30,97581,2024-12-31,0.03630673472544991
11763,2024-03-31,683655,2024-06-30,0.0175914645793519
11763,2024-06-30,701572,2024-09-30,0.01379073067751065
11763,2024-09-30,737384,2024-12-31,0.016097660982742543
11764,2024-03-31,92688,2024-06-30,-0.015246018480573555
11764,2024-06-30,91544,2024-09-30,0.0006075169954903868
11764,2024-09-30,93033,2024-12-31,0.013128400344669238
11767,2024-03-31,388784,2024-06-30,-0.003603310709034725
11767,2024-06-30,365402,2024-09-30,0.003149785323375628
11767,2024-09-30,365810,2024-12-31,-0.0034925037111772856
11771,2024-03-31,1333628,2024-06-30,0.027828814209346506
11771,2024-06-30,1333190,2024-09-30,0.03478968229663336
11771,2024-09-30,1351638,2024-12-31,0.026442993949810485
11777,2024-03-31,323482,2024-06-30,-0.0009918475295680094
11777,2024-06-30,326755,2024-09-30,-0.0184367343911862
11777,2024-09-30,313712,2024-12-31,0.00922742993931446
11778,2024-03-31,189145,2024-06-30,0.0021913928524658496
11778,2024-06-30,191348,2024-09-30,-0.023307513214455518
11778,2024-09-30,186082,2024-12-31,0.08336124998853016
11782,2024-03-31,176241,2024-06-30,-2.734816012206126e-05
11782,2024-06-30,175493,2024-09-30,-0.014366712587869061
11782,2024-09-30,181819,2024-12-31,-0.008994021313902947
11785,2024-03-31,215082,2024-06-30,-0.0032556695361796993
11785,2024-06-30,251356,2024-09-30,0.02419875876568928
11785,2024-09-30,264427,2024-12-31,0.018577873890724017
11788,2024-03-31,168552,2024-06-30,0.02164986208135692
11788,2024-06-30,164073,2024-09-30,0.018977047494153472
11788,2024-09-30,161873,2024-12-31,0.008446440320842252
11792,2024-03-31,189169,2024-06-30,-0.016784044560872985
11792,2024-06-30,182900,2024-09-30,0.007501558380478473
11792,2024-09-30,183102,2024-12-31,0.06370307345782783
11807,2024-03-31,835172,2024-06-30,0.005560235578708225
11807,2024-06-30,829164,2024-09-30,0.01877221116725885
11807,2024-09-30,823929,2024-12-31,0.02263206382311671
11810,2024-03-31,278058,2024-06-30,0.01000167667761797
11810,2024-06-30,273664,2024-09-30,0.09550864806638279
11810,2024-09-30,303197,2024-12-31,-0.06133830566745692
11813,2024-03-31,38120226,2024-06-30,0.0015283467154578565
11813,2024-06-30,37858659,2024-09-30,0.001507087328444876
11813,2024-09-30,38844360,2024-12-31,0.01641766557868566
11817,2024-03-31,44062,2024-06-30,0.0031039361001930373
11817,2024-06-30,43445,2024-09-30,0.00024669996316105115
11817,2024-09-30,43488,2024-12-31,0.001921905048157994
11821,2024-03-31,202590,2024-06-30,0.01991316002730471
11821,2024-06-30,228402,2024-09-30,0.05544111566844968
11821,2024-09-30,244652,2024-12-31,0.03683084903670223
11823,2024-03-31,225042,2024-06-30,0.038906686267090616
11823,2024-06-30,227335,2024-09-30,0.009896186288288387
11823,2024-09-30,222297,2024-12-31,-0.003722991779286536
11860,2024-03-31,691340,2024-06-30,0.00010422462753883072
11860,2024-06-30,705838,2024-09-30,0.007955682525974672
11860,2024-09-30,727849,2024-12-31,0.01194556029931146
11862,2024-03-31,154026,2024-06-30,-0.024044019986626787
11862,2024-06-30,161303,2024-09-30,-0.012126812525851183
11862,2024-09-30,157814,2024-12-31,-0.005519761194212912
11868,2024-03-31,2217985,2024-06-30,0.008550250903711549
11868,2024-06-30,2170998,2024-09-30,0.011236624752306707
11868,2024-09-30,2344279,2024-12-31,0.010158897083897937
11891,2024-03-31,37491,2024-06-30,-0.06280669150835425
11891,2024-06-30,37298,2024-09-30,0.011011493831559324
11891,2024-09-30,39377,2024-12-31,0.0320595269261561
11902,2024-03-31,131416,2024-06-30,0.01837251067428713
11902,2024-06-30,125517,2024-09-30,0.02591991116846207
11902,2024-09-30,126090,2024-12-31,0.014995069606469328
11903,2024-03-31,188771,2024-06-30,0.02984589016651685
11903,2024-06-30,182132,2024-09-30,0.03544362158880183
11903,2024-09-30,184782,2024-12-31,0.026985337583171416
11904,2024-03-31,159787,2024-06-30,0.004390780563428175
11904,2024-06-30,161419,2024-09-30,0.008441669446531219
11904,2024-09-30,158540,2024-12-31,0.00516726633012971
11905,2024-03-31,170164,2024-06-30,-0.00500420374273447
11905,2024-06-30,164778,2024-09-30,0.01139936075007028
11905,2024-09-30,169368,2024-12-31,-0.004295520808128808
11907,2024-03-31,242557,2024-06-30,-0.00841721913636093
11907,2024-06-30,235707,2024-09-30,0.05428165021943591
11907,2024-09-30,252601,2024-12-31,0.13246479147048648
11916,2024-03-31,96713,2024-06-30,0.006300231651613206
11916,2024-06-30,97813,2024-09-30,0.009145828632451601
11916,2024-09-30,101540,2024-12-31,0.013299557123790363
11922,2024-03-31,252640,2024-06-30,0.014145101771597099
11922,2024-06-30,243909,2024-09-30,0.0212911782506772
11922,2024-09-30,262042,2024-12-31,0.03135591858330451
11932,2024-03-31,156451,2024-06-30,0.008131197611296402
11932,2024-06-30,155651,2024-09-30,0.011114655375378249
11932,2024-09-30,154223,2024-12-31,0.01124332252467344
11934,2024-03-31,450510,2024-06-30,0.0027403105521859846
11934,2024-06-30,462239,2024-09-30,0.007513671720290022
11934,2024-09-30,482328,2024-12-31,-0.00313612987859623
11935,2024-03-31,761635,2024-06-30,0.013159464847812578
11935,2024-06-30,788755,2024-09-30,0.01832652557236715
11935,2024-09-30,779505,2024-12-31,0.011314477091597532
11952,2024-03-31,514027,2024-06-30,0.0155142983341463
11952,2024-06-30,530601,2024-09-30,0.01822957005922401
11952,2024-09-30,550196,2024-12-31,0.024484043734533084
11953,2024-03-31,287717,2024-06-30,0.009548694088630214
11953,2024-06-30,291701,2024-09-30,0.005313701704725454
11953,2024-09-30,301316,2024-12-31,0.0076417501979215135
11971,2024-03-31,3137892,2024-06-30,0.00759113275151821
11971,2024-06-30,3147483,2024-09-30,0.009523367084233875
11971,2024-09-30,3269616,2024-12-31,0.011034365489209308
12010,2024-03-31,10149254,2024-06-30,-0.019273510886720073
12010,2024-06-30,18450227,2024-09-30,0.13139241438632057
12010,2024-09-30,18466400,2024-12-31,0.025157323101630588
12013,2024-03-31,1477541,2024-06-30,0.004086161451193874
12013,2024-06-30,1499785,2024-09-30,0.008481050362968348
12013,2024-09-30,1519920,2024-12-31,0.008106278970258068
12079,2024-03-31,175058,2024-06-30,0.02051272119921943
12079,2024-06-30,172342,2024-09-30,0.003581286629533702
12079,2024-09-30,168752,2024-12-31,0.005961757040983464
12086,2024-03-31,12135,2024-06-30,0.0004364079457530491
12086,2024-06-30,11534,2024-09-30,-0.002007800994688367
12086,2024-09-30,11197,2024-12-31,-0.0008929071048219982
12087,2024-03-31,175341,2024-06-30,-0.004540835104343348
12087,2024-06-30,173621,2024-09-30,-0.004018802760815563
12087,2024-09-30,173862,2024-12-31,-0.0015313900467892273
12098,2024-03-31,29140,2024-06-30,-0.014854485786758838
12098,2024-06-30,28324,2024-09-30,0.008384435755369075
12098,2024-09-30,27547,2024-12-31,0.020326462446645963
12107,2024-03-31,58053,2024-06-30,-0.0032032418502688487
12107,2024-06-30,58637,2024-09-30,-8.484085787975456e-05
12107,2024-09-30,62997,2024-12-31,-0.01846608428044635
12113,2024-03-31,386107,2024-06-30,0.004278581968704297
12113,2024-06-30,384434,2024-09-30,0.004019396561059231
12113,2024-09-30,389279,2024-12-31,0.004651011602564034
12121,2024-03-31,46286,2024-06-30,-0.022695441973277126
12121,2024-06-30,45311,2024-09-30,-0.022155759401242623
12121,2024-09-30,44712,2024-12-31,-0.01086004900257598
12126,2024-03-31,205227,2024-06-30,0.02399320740683854
12126,2024-06-30,201289,2024-09-30,0.0322244553677014
12126,2024-09-30,205193,2024-12-31,0.022541836610136177
12128,2024-03-31,111054,2024-06-30,-0.0006356447900576129
12128,2024-06-30,115045,2024-09-30,0.00246103985682854
12128,2024-09-30,116367,2024-12-31,0.005633687543690738
12135,2024-03-31,74900,2024-06-30,-0.01034949612534901
12135,2024-06-30,76457,2024-09-30,-0.015067647311433412
12135,2024-09-30,75209,2024-12-31,-0.0034024241509423864
12136,2024-03-31,105815,2024-06-30,-0.003281965805652092
12136,2024-06-30,104391,2024-09-30,0.009010535843703236
12136,2024-09-30,104019,2024-12-31,0.00752137326705982
12139,2024-03-31,48593,2024-06-30,-0.015883539334559774
12139,2024-06-30,47539,2024-09-30,-0.04482778807786963
12139,2024-09-30,45843,2024-12-31,0.019940193981448383
12149,2024-03-31,267072,2024-06-30,0.012187264079513755
12149,2024-06-30,272589,2024-09-30,0.011652525605812043
12149,2024-09-30,269599,2024-12-31,0.02282645719670278
12162,2024-03-31,162126,2024-06-30,0.00891241325653993
12162,2024-06-30,167061,2024-09-30,0.009012709684299175
12162,2024-09-30,160406,2024-12-31,0.02546801419390124
12163,2024-03-31,252266,2024-06-30,0.006020207446344245
12163,2024-06-30,254628,2024-09-30,-0.0015557175762052854
12163,2024-09-30,263866,2024-12-31,0.014113446195508639
12166,2024-03-31,368287,2024-06-30,0.030233337090936188
12166,2024-06-30,367239,2024-09-30,0.029567499506096755
12166,2024-09-30,406379,2024-12-31,0.03460814801456583
12201,2024-03-31,304146,2024-06-30,-0.01170399270567442
12201,2024-06-30,296860,2024-09-30,0.001905465469989602
12201,2024-09-30,292686,2024-12-31,0.023637445814742173
12203,2024-03-31,518471,2024-06-30,-0.011729940488884757
12203,2024-06-30,621566,2024-09-30,-0.10049474963638355
12203,2024-09-30,614770,2024-12-31,-0.07628665815635592
12204,2024-03-31,1210622,2024-06-30,0.010493002399412693
12204,2024-06-30,1169875,2024-09-30,0.0262233976147744
12204,2024-09-30,1092863,2024-12-31,0.04965314407410112
12207,2024-03-31,130088,2024-06-30,0.011821679571966472
12207,2024-06-30,126246,2024-09-30,0.012257938242875997
12207,2024-09-30,116942,2024-12-31,0.03738522357143537
12208,2024-03-31,409963,2024-06-30,0.010114189764258407
12208,2024-06-30,414329,2024-09-30,0.012966728695581383
12208,2024-09-30,428421,2024-12-31,0.01421012215365501
12214,2024-03-31,247889,2024-06-30,0.004113018153459848
12214,2024-06-30,242981,2024-09-30,0.011621919954569652
12214,2024-09-30,241960,2024-12-31,0.001407246984158544
12219,2024-03-31,384014,2024-06-30,0.03289074363951751
12219,2024-06-30,385306,2024-09-30,0.025217378192456452
12219,2024-09-30,407262,2024-12-31,0.0034491934137315917
12220,2024-03-31,116203,2024-06-30,0.01186160665261924
12220,2024-06-30,113660,2024-09-30,-0.018301617175002394
12220,2024-09-30,113778,2024-12-31,-0.003566536043629944
12223,2024-03-31,399038,2024-06-30,0.01616097319592625
12223,2024-06-30,397076,2024-09-30,0.003433305137002255
12223,2024-09-30,412162,2024-12-31,-0.013108555175552402
12225,2024-03-31,51133,2024-06-30,-0.06381319378996034
12225,2024-06-30,49457,2024-09-30,-0.07097255139682326
12225,2024-09-30,39165,2024-12-31,-0.014285203199579537
12226,2024-03-31,67619,2024-06-30,-0.0006209166792405452
12226,2024-06-30,67981,2024-09-30,0.004992618298654145
12226,2024-09-30,69934,2024-12-31,0.00048227244190208416
12229,2024-03-31,5634072,2024-06-30,0.0015958031983856406
12229,2024-06-30,5680631,2024-09-30,-0.0005211960171107293
12229,2024-09-30,5865040,2024-12-31,-0.0029448901397501814
12230,2024-03-31,231899,2024-06-30,0.012703905536825637
12230,2024-06-30,224804,2024-09-30,0.006044011098989565
12230,2024-09-30,219607,2024-12-31,0.04263872720567595
12232,2024-03-31,124420,2024-06-30,-0.013551171757425056
12232,2024-06-30,126548,2024-09-30,-0.012121636483485966
12232,2024-09-30,124836,2024-12-31,0.05411776174574701
12241,2024-03-31,484629,2024-06-30,0.03074017758725913
12241,2024-06-30,482486,2024-09-30,0.039587513452760514
12241,2024-09-30,500524,2024-12-31,0.026961095653014428
12244,2024-03-31,98360,2024-06-30,0.022637925126219132
12244,2024-06-30,96742,2024-09-30,0.009080066309308799
12244,2024-09-30,123150,2024-12-31,-0.00017488300584390874
12246,2024-03-31,53863,2024-06-30,0.08942578054636614
12246,2024-06-30,54786,2024-09-30,0.05963380777070586
12246,2024-09-30,49961,2024-12-31,0.11424023986176235
12248,2024-03-31,310986,2024-06-30,-0.002144692640376911
12248,2024-06-30,308933,2024-09-30,-0.0023728558860317515
12248,2024-09-30,302572,2024-12-31,0.007273019487470444
12258,2024-03-31,393449,2024-06-30,0.01702903595757267
12258,2024-06-30,433999,2024-09-30,0.005891224228023496
12258,2024-09-30,440683,2024-12-31,0.015097237097776033
12259,2024-03-31,591135,2024-06-30,0.008026687851833237
12259,2024-06-30,582327,2024-09-30,0.019154003772410052
12259,2024-09-30,635674,2024-12-31,0.009809542144855509
12266,2024-03-31,361437,2024-06-30,0.0031912550345321485
12266,2024-06-30,384119,2024-09-30,0.0031920118030354795
12266,2024-09-30,411410,2024-12-31,-0.008323455598598208
12283,2024-03-31,117615,2024-06-30,-0.01865880141418717
12283,2024-06-30,114891,2024-09-30,-0.047883148506130326
12283,2024-09-30,112578,2024-12-31,0.1292027822664025
12284,2024-03-31,15180,2024-06-30,-0.001276974242091401
12284,2024-06-30,16269,2024-09-30,-0.008715593138137153
12284,2024-09-30,16027,2024-12-31,-0.005768640403532223
12285,2024-03-31,399637,2024-06-30,0.028496273957914053
12285,2024-06-30,405389,2024-09-30,0.02477711825527209
12285,2024-09-30,411533,2024-12-31,0.02632164186967658
12293,2024-03-31,16912,2024-06-30,-0.0027731468303368277
12293,2024-06-30,16007,2024-09-30,-0.008232416605255245
12293,2024-09-30,16128,2024-12-31,-0.002569347221802939
12298,2024-03-31,84789,2024-06-30,0.00979929669236735
12298,2024-06-30,81957,2024-09-30,0.01916475830985375
12298,2024-09-30,87122,2024-12-31,0.03173961169296595
12299,2024-03-31,929041,2024-06-30,0.01768589362480896
12299,2024-06-30,907325,2024-09-30,0.014146761927725958
12299,2024-09-30,918747,2024-12-31,0.01802498340654141
12303,2024-03-31,291727,2024-06-30,0.021489440355387666
12303,2024-06-30,291142,2024-09-30,0.02121750827284304
12303,2024-09-30,305368,2024-12-31,0.025362208021455775
12305,2024-03-31,127570,2024-06-30,-0.028136614820891775
12305,2024-06-30,139755,2024-09-30,0.037659630729111486
12305,2024-09-30,147238,2024-12-31,0.022775008910607172
12309,2024-03-31,116683,2024-06-30,-0.008858148765893746
12309,2024-06-30,116619,2024-09-30,-0.0029829554029699237
12309,2024-09-30,114369,2024-12-31,-0.006471599719686958
12315,2024-03-31,128499,2024-06-30,-0.011783006097182261
12315,2024-06-30,125070,2024-09-30,-0.0032214074423902585
12315,2024-09-30,125593,2024-12-31,0.013428416988831822
12322,2024-03-31,520802,2024-06-30,0.02322611197907687
12322,2024-06-30,516937,2024-09-30,0.0289180211389848
12322,2024-09-30,528490,2024-12-31,0.025268809001700775
12325,2024-03-31,109405,2024-06-30,0.010488717248443745
12325,2024-06-30,108388,2024-09-30,0.01517034919266592
12325,2024-09-30,111869,2024-12-31,0.012963735792748034
12327,2024-03-31,331574,2024-06-30,0.0055339033018162054
12327,2024-06-30,342330,2024-09-30,0.00979593835051039
12327,2024-09-30,336343,2024-12-31,0.008264722151092476
12331,2024-03-31,398551,2024-06-30,0.05061385126759154
12331,2024-06-30,404507,2024-09-30,0.0372295813947886
12331,2024-09-30,400471,2024-12-31,0.04475551544361408
12349,2024-03-31,161187,2024-06-30,0.008111037851783569
12349,2024-06-30,169218,2024-09-30,0.015133933239494414
12349,2024-09-30,178033,2024-12-31,0.019305492220023923
12354,2024-03-31,54323,2024-06-30,-0.00119965956393744
12354,2024-06-30,54616,2024-09-30,-0.005380559003040803
12354,2024-09-30,54859,2024-12-31,-0.0016781845455864407
12365,2024-03-31,341482,2024-06-30,0.010217532916787559
12365,2024-06-30,338823,2024-09-30,0.01988501001854844
12365,2024-09-30,332652,2024-12-31,0.03300871540684074
12368,2024-03-31,131273000,2024-06-30,0.0038673281016177946
12368,2024-06-30,128943000,2024-09-30,-0.010933767346650384
12368,2024-09-30,128575000,2024-12-31,-0.01047440555304057
12372,2024-03-31,108827,2024-06-30,0.011881650852053945
12372,2024-06-30,107146,2024-09-30,0.014194766049373649
12372,2024-09-30,104837,2024-12-31,0.019711102656866708
12383,2024-03-31,3172846,2024-06-30,0.029624164455521303
12383,2024-06-30,3075201,2024-09-30,0.0178006013421001
12383,2024-09-30,3152876,2024-12-31,0.027576560015258968
12384,2024-03-31,149696,2024-06-30,0.0214644492617119
12384,2024-06-30,147053,2024-09-30,0.06949759180532351
12384,2024-09-30,156013,2024-12-31,-0.03816318583672806
12386,2024-03-31,272413,2024-06-30,0.01291548913833239
12386,2024-06-30,281065,2024-09-30,0.002020671428834479
12386,2024-09-30,286635,2024-12-31,0.009630293020876422
12388,2024-03-31,89709,2024-06-30,0.018674524914078054
12388,2024-06-30,88543,2024-09-30,0.0022764927826221778
12388,2024-09-30,87765,2024-12-31,-0.021958210018406202
12395,2024-03-31,84647,2024-06-30,0.0010208173239467319
12395,2024-06-30,83940,2024-09-30,-0.002074285166379569
12395,2024-09-30,82813,2024-12-31,0.002662870584727342
12402,2024-03-31,84772,2024-06-30,0.01722074905502713
12402,2024-06-30,88540,2024-09-30,-0.001766653739687882
12402,2024-09-30,96228,2024-12-31,-0.02930964743555796
12410,2024-03-31,141702,2024-06-30,-0.0003736438500397897
12410,2024-06-30,148606,2024-09-30,0.012969445631208438
12410,2024-09-30,149600,2024-12-31,0.006313740084348373
12417,2024-03-31,75813,2024-06-30,-0.00617706932645155
12417,2024-06-30,73999,2024-09-30,-0.013348888740428702
12417,2024-09-30,74617,2024-12-31,-0.006567625356976037
12422,2024-03-31,46937,2024-06-30,0.00116770190739036
12422,2024-06-30,46487,2024-09-30,0.002323216537728613
12422,2024-09-30,43935,2024-12-31,0.006558228248066374
12425,2024-03-31,16954,2024-06-30,0.03503133315820468
12425,2024-06-30,17259,2024-09-30,0.03470756129843592
12425,2024-09-30,16862,2024-12-31,0.03519277091474775
12432,2024-03-31,17002,2024-06-30,0.020594688328690464
12432,2024-06-30,16880,2024-09-30,0.012576370864088738
12432,2024-09-30,18249,2024-12-31,0.024419690288157606
12437,2024-03-31,14403467,2024-06-30,0.014254394191171117
12437,2024-06-30,14422649,2024-09-30,0.017389769984781218
12437,2024-09-30,14895589,2024-12-31,0.01582242912395952
12441,2024-03-31,30032352,2024-06-30,-0.015123163984769103
12441,2024-06-30,29457447,2024-09-30,-0.01662917964681771
12441,2024-09-30,29245213,2024-12-31,-0.012471433875672858
12444,2024-03-31,79359,2024-06-30,0.032779231977878756
12444,2024-06-30,82521,2024-09-30,0.01683064536661956
12444,2024-09-30,79514,2024-12-31,0.019749652724812952
12457,2024-03-31,82698,2024-06-30,0.00043272797608402485
12457,2024-06-30,86196,2024-09-30,-0.021829224806916476
12457,2024-09-30,83986,2024-12-31,0.030549805159310897
12484,2024-03-31,943091,2024-06-30,0.02434606465042251
12484,2024-06-30,968523,2024-09-30,0.028675953683736977
12484,2024-09-30,970213,2024-12-31,0.019863052489434242
12485,2024-03-31,200502,2024-06-30,0.011607782711462884
12485,2024-06-30,204271,2024-09-30,0.010618469595783706
12485,2024-09-30,205797,2024-12-31,0.016630894700551714
12493,2024-03-31,276772,2024-06-30,0.006856727980887195
12493,2024-06-30,288771,2024-09-30,0.007301899056143476
12493,2024-09-30,280022,2024-12-31,0.02622163714193156
12501,2024-03-31,1267180,2024-06-30,0.03746981272034897
12501,2024-06-30,1212321,2024-09-30,0.006926413966466204
12501,2024-09-30,1171143,2024-12-31,0.034989586436832074
12506,2024-03-31,858301,2024-06-30,0.007870067348582033
12506,2024-06-30,803610,2024-09-30,0.0066367239946068255
12506,2024-09-30,790976,2024-12-31,0.04407385809268642
12511,2024-03-31,188456,2024-06-30,0.00631310084062433
12511,2024-06-30,184264,2024-09-30,0.0069272677567116395
12511,2024-09-30,182722,2024-12-31,0.006332890265216313
12512,2024-03-31,88066,2024-06-30,0.010527840425734082
12512,2024-06-30,86226,2024-09-30,0.00559648922230298
12512,2024-09-30,84321,2024-12-31,0.05401190387957313
12513,2024-03-31,218005,2024-06-30,0.019313175945887363
12513,2024-06-30,214851,2024-09-30,0.008510742755966482
12513,2024-09-30,226235,2024-12-31,0.009719020431852313
12514,2024-03-31,535734,2024-06-30,0.027547402343111135
12514,2024-06-30,542413,2024-09-30,0.019393667393233616
12514,2024-09-30,539896,2024-12-31,0.015178437707466505
12517,2024-03-31,1667264,2024-06-30,-0.005852700241316654
12517,2024-06-30,1690658,2024-09-30,0.012933954425925723
12517,2024-09-30,1782941,2024-12-31,0.015173619334135928
12531,2024-03-31,155264,2024-06-30,0.01495913367302916
12531,2024-06-30,150278,2024-09-30,0.010349172427035142
12531,2024-09-30,149941,2024-12-31,0.011316149774405357
12549,2024-03-31,91114,2024-06-30,0.017815842501233095
12549,2024-06-30,89084,2024-09-30,-0.0037608487815569878
12549,2024-09-30,88207,2024-12-31,0.007367469655903111
12585,2024-03-31,24170,2024-06-30,-0.005335451004908385
12585,2024-06-30,23791,2024-09-30,-0.00485480724957527
12585,2024-09-30,25173,2024-12-31,-0.008839872888021556
12591,2024-03-31,861147,2024-06-30,0.020415766990736713
12591,2024-06-30,844383,2024-09-30,0.01866657730923887
12591,2024-09-30,825052,2024-12-31,0.06055743490939641
12592,2024-03-31,366967,2024-06-30,0.008826054252974794
12592,2024-06-30,357929,2024-09-30,0.004449052223960051
12592,2024-09-30,361074,2024-12-31,0.006481663387482475
12594,2024-03-31,536555,2024-06-30,0.0052706414531202275
12594,2024-06-30,520152,2024-09-30,0.0018082149382842787
12594,2024-09-30,532071,2024-12-31,0.009599640540771502
12602,2024-03-31,132762,2024-06-30,0.006782496535776567
12602,2024-06-30,131736,2024-09-30,0.004722212155896785
12602,2024-09-30,137830,2024-12-31,-0.01722008071174428
12608,2024-03-31,295007,2024-06-30,-0.07435805871215673
12608,2024-06-30,274428,2024-09-30,-0.07984689003294938
12608,2024-09-30,269853,2024-12-31,0.06793715639043556
12609,2024-03-31,285983,2024-06-30,-0.002295086632182252
12609,2024-06-30,278588,2024-09-30,0.017436238129729404
12609,2024-09-30,272854,2024-12-31,0.1176454587707352
12611,2024-03-31,784127,2024-06-30,0.012822991434846243
12611,2024-06-30,811359,2024-09-30,0.016587344153679844
12611,2024-09-30,811428,2024-12-31,0.009890745144739236
12614,2024-03-31,8568551,2024-06-30,0.025215506859688132
12614,2024-06-30,8557838,2024-09-30,0.02425370716280722
12614,2024-09-30,8548386,2024-12-31,0.017057372592048134
12616,2024-03-31,431347,2024-06-30,0.026274778578146887
12616,2024-06-30,443868,2024-09-30,0.02607775818209117
12616,2024-09-30,434524,2024-12-31,0.027236564725054136
12627,2024-03-31,876110,2024-06-30,-0.007119781646054706
12627,2024-06-30,855452,2024-09-30,-0.00472528293440144
12627,2024-09-30,844870,2024-12-31,-0.005582154165427472
12633,2024-03-31,15297455,2024-06-30,0.03233850135427016
12633,2024-06-30,14946507,2024-09-30,0.01752862915467759
12633,2024-09-30,14798037,2024-12-31,0.02017933013994112
12661,2024-03-31,121453,2024-06-30,0.017050856952371136
12661,2024-06-30,118493,2024-09-30,0.02546377025720217
12661,2024-09-30,120469,2024-12-31,0.02747255587367912
12694,2024-03-31,112969,2024-06-30,-0.0016105132721556331
12694,2024-06-30,109950,2024-09-30,0.0026666220543186993
12694,2024-09-30,112925,2024-12-31,-0.008195128828681744
12706,2024-03-31,240377,2024-06-30,0.007496483067983893
12706,2024-06-30,252430,2024-09-30,0.01266348592459083
12706,2024-09-30,244572,2024-12-31,0.005814867328799391
12717,2024-03-31,99726,2024-06-30,0.0013157043656531232
12717,2024-06-30,100235,2024-09-30,0.012183767287008153
12717,2024-09-30,107011,2024-12-31,0.018355516537705577
12722,2024-03-31,62216,2024-06-30,0.01781484932029565
12722,2024-06-30,65649,2024-09-30,0.003544004827324562
12722,2024-09-30,68035,2024-12-31,0.0023626726399772857
12745,2024-03-31,34906,2024-06-30,0.020234805532102954
12745,2024-06-30,34934,2024-09-30,0.02340403332004828
12745,2024-09-30,36240,2024-12-31,0.014830130356281687
12757,2024-03-31,88614,2024-06-30,0.04430643254116686
12757,2024-06-30,86577,2024-09-30,0.023637399870526897
12757,2024-09-30,89030,2024-12-31,0.03362232766193018
12758,2024-03-31,46723,2024-06-30,0.004304986945940336
12758,2024-06-30,48960,2024-09-30,-0.027306770342102906
12758,2024-09-30,45919,2024-12-31,-0.016532842362953024
12761,2024-03-31,653960,2024-06-30,0.004049813433254701
12761,2024-06-30,646444,2024-09-30,0.00926188807200716
12761,2024-09-30,644163,2024-12-31,0.05274568156287774
12769,2024-03-31,1815054,2024-06-30,-0.01211672800656241
12769,2024-06-30,1733902,2024-09-30,0.009512904243522514
12769,2024-09-30,1762097,2024-12-31,0.03174743948533714
12788,2024-03-31,421846,2024-06-30,-0.005293296798080864
12788,2024-06-30,426983,2024-09-30,-0.012553863360313517
12788,2024-09-30,450507,2024-12-31,-0.008990185652206955
12814,2024-03-31,758735,2024-06-30,0.005277081856694901
12814,2024-06-30,752526,2024-09-30,0.0014248956439751109
12814,2024-09-30,768226,2024-12-31,0.012199417254548652
12815,2024-03-31,656434,2024-06-30,-0.01048789220812597
12815,2024-06-30,642119,2024-09-30,-0.010589294743071704
12815,2024-09-30,635359,2024-12-31,-0.007043080958494442
12828,2024-03-31,737073,2024-06-30,0.010676269759674749
12828,2024-06-30,764032,2024-09-30,0.017425729341345612
12828,2024-09-30,779018,2024-12-31,-0.01285818687210574
12836,2024-03-31,137078,2024-06-30,-0.004688821441269635
12836,2024-06-30,138190,2024-09-30,-0.0025783223202395867
12836,2024-09-30,137876,2024-12-31,-0.001081584480773779
12839,2024-03-31,2728746,2024-06-30,-0.010297413203527464
12839,2024-06-30,2634427,2024-09-30,0.030431258577106428
12839,2024-09-30,2831952,2024-12-31,0.000379633673435033
12854,2024-03-31,7143140,2024-06-30,0.025063387003082676
12854,2024-06-30,7429174,2024-09-30,0.02558610540046491
12854,2024-09-30,7642335,2024-12-31,0.028747563345426556
12855,2024-03-31,1207464,2024-06-30,0.04863709041009272
12855,2024-06-30,1198855,2024-09-30,0.038171983632296534
12855,2024-09-30,1205683,2024-12-31,0.022343579874737226
12857,2024-03-31,187795,2024-06-30,0.005528657389783577
12857,2024-06-30,184171,2024-09-30,0.00978272893491161
12857,2024-09-30,191229,2024-12-31,0.010769532833566317
12858,2024-03-31,533198,2024-06-30,-0.024364800751112817
12858,2024-06-30,524974,2024-09-30,0.012225304589479348
12858,2024-09-30,537955,2024-12-31,-0.001156392586810102
12865,2024-03-31,44802,2024-06-30,-0.08337649178384333
12865,2024-06-30,43086,2024-09-30,-0.07518349366504838
12865,2024-09-30,41509,2024-12-31,0.028053834579835558
12869,2024-03-31,622756,2024-06-30,0.03745157818140819
12869,2024-06-30,604008,2024-09-30,0.02066356590045121
12869,2024-09-30,578874,2024-12-31,0.03852007406233697
12874,2024-03-31,876882,2024-06-30,0.01761133953492057
12874,2024-06-30,862144,2024-09-30,0.023238575965283274
12874,2024-09-30,886959,2024-12-31,0.01751879059475695
12885,2024-03-31,269459,2024-06-30,-0.004872960979097168
12885,2024-06-30,269570,2024-09-30,0.012455608446055396
12885,2024-09-30,258821,2024-12-31,-0.013873241263401594
12893,2024-03-31,43371,2024-06-30,-0.036245257229059434
12893,2024-06-30,42906,2024-09-30,0.007880749298402455
12893,2024-09-30,42580,2024-12-31,-0.008962585241743282
12899,2024-03-31,84352,2024-06-30,-0.01068791063339785
12899,2024-06-30,86157,2024-09-30,-0.014739560870300244
12899,2024-09-30,88133,2024-12-31,-0.001763608573933538
12923,2024-03-31,13006620,2024-06-30,-0.018848731139811444
12923,2024-06-30,12798770,2024-09-30,-0.0209948239575032
12923,2024-09-30,13450461,2024-12-31,-0.02654249341435768
12944,2024-03-31,2153147,2024-06-30,0.06649756013409787
12944,2024-06-30,2203692,2024-09-30,0.03198205192237379
12944,2024-09-30,2145064,2024-12-31,-0.002621930390404731
12956,2024-03-31,166436,2024-06-30,-0.0049046837210123964
12956,2024-06-30,159485,2024-09-30,0.004426893277879657
12956,2024-09-30,169305,2024-12-31,-0.031020710444828663
12959,2024-03-31,334805,2024-06-30,0.011819918916843043
12959,2024-06-30,321478,2024-09-30,0.017171408522237024
12959,2024-09-30,317493,2024-12-31,0.017827612967670266
12969,2024-03-31,949022,2024-06-30,0.02091245265536903
12969,2024-06-30,1030435,2024-09-30,0.02096760257416325
12969,2024-09-30,1107578,2024-12-31,0.020393754564478905
12978,2024-03-31,1109779,2024-06-30,0.014435576533312375
12978,2024-06-30,1049674,2024-09-30,0.03245368235065517
12978,2024-09-30,1113330,2024-12-31,0.01851201884295269
12980,2024-03-31,66473,2024-06-30,0.0008092292174285243
12980,2024-06-30,66932,2024-09-30,-0.017963566356456004
12980,2024-09-30,65182,2024-12-31,0.027387234447344026
12982,2024-03-31,2990716,2024-06-30,0.01261084703857505
12982,2024-06-30,2985405,2024-09-30,0.00031427893020561997
12982,2024-09-30,3225003,2024-12-31,-0.012312718683027971
12985,2024-03-31,306706,2024-06-30,0.015597719278615094
12985,2024-06-30,306689,2024-09-30,0.022506649376913344
12985,2024-09-30,310700,2024-12-31,0.017114953396632476
13000,2024-03-31,308211,2024-06-30,0.0601112196695138
13000,2024-06-30,312385,2024-09-30,0.06153341538664498
13000,2024-09-30,318706,2024-12-31,0.04973489830876959
13006,2024-03-31,292418,2024-06-30,0.010858737252169674
13006,2024-06-30,297548,2024-09-30,0.016512067594698886
13006,2024-09-30,295402,2024-12-31,0.04619234726923954
13012,2024-03-31,2701975,2024-06-30,0.003936385302975735
13012,2024-06-30,2711348,2024-09-30,0.0032452098200088293
13012,2024-09-30,2665757,2024-12-31,-0.000924690773074191
13018,2024-03-31,57410,2024-06-30,0.0041864831820293425
13018,2024-06-30,57043,2024-09-30,0.006468951666027423
13018,2024-09-30,57405,2024-12-31,0.017745186079074216
13020,2024-03-31,330588,2024-06-30,-0.004426179974165229
13020,2024-06-30,339712,2024-09-30,0.013157538780380586
13020,2024-09-30,340870,2024-12-31,0.0142090673708708
13025,2024-03-31,364484,2024-06-30,0.005189248987645528
13025,2024-06-30,360765,2024-09-30,0.003235623301119634
13025,2024-09-30,360689,2024-12-31,0.0420077365866565
13030,2024-03-31,99838,2024-06-30,0.011899367348337303
13030,2024-06-30,101137,2024-09-30,0.012127996604544588
13030,2024-09-30,100693,2024-12-31,0.015907651454587095
13032,2024-03-31,272536,2024-06-30,0.018265369987467077
13032,2024-06-30,276405,2024-09-30,0.016729079345731455
13032,2024-09-30,285418,2024-12-31,0.01941725850668875
13033,2024-03-31,216263,2024-06-30,0.0013510354644853252
13033,2024-06-30,212968,2024-09-30,0.016041120463116332
13033,2024-09-30,220301,2024-12-31,0.03961389807545957
13054,2024-03-31,56227,2024-06-30,0.02123611894216061
13054,2024-06-30,53104,2024-09-30,0.03541238366067677
13054,2024-09-30,55601,2024-12-31,0.026333408876777747
13055,2024-03-31,928208,2024-06-30,0.011979255865234417
13055,2024-06-30,911033,2024-09-30,0.012113380325240779
13055,2024-09-30,916117,2024-12-31,0.007131321593100121
13058,2024-03-31,566260,2024-06-30,0.03282967513585099
13058,2024-06-30,565251,2024-09-30,0.029282051002104625
13058,2024-09-30,580023,2024-12-31,0.02673399742970256
13063,2024-03-31,1572488,2024-06-30,0.029482568957979294
13063,2024-06-30,1607298,2024-09-30,0.057895745049386764
13063,2024-09-30,1649721,2024-12-31,-0.021238827355781528
13068,2024-03-31,367713,2024-06-30,-0.0006914417799632727
13068,2024-06-30,368871,2024-09-30,-0.008532404047775905
13068,2024-09-30,365186,2024-12-31,0.0016374880741214946
13071,2024-03-31,603851,2024-06-30,0.0016264645193734754
13071,2024-06-30,605679,2024-09-30,-0.0039645616843325265
13071,2024-09-30,614652,2024-12-31,0.005563052660030209
13080,2024-03-31,123332,2024-06-30,-0.016225221206219786
13083,2024-03-31,558341,2024-06-30,0.019648331376596363
13083,2024-06-30,551150,2024-09-30,0.025396423271209067
13083,2024-09-30,591648,2024-12-31,0.02488107203752399
13102,2024-03-31,5621074,2024-06-30,0.028231671474694
13102,2024-06-30,5766873,2024-09-30,0.030899272571582325
13102,2024-09-30,5840835,2024-12-31,0.026263578662581295
13107,2024-03-31,673027,2024-06-30,0.0030551401758034252
13107,2024-06-30,680288,2024-09-30,0.004083952507570007
13107,2024-09-30,683782,2024-12-31,0.0037232376587131516
13109,2024-03-31,772713,2024-06-30,0.01583972428469429
13109,2024-06-30,794645,2024-09-30,0.017092829781123167
13109,2024-09-30,781135,2024-12-31,0.02204048601918481
13111,2024-03-31,211643,2024-06-30,-0.0008836255428809943
13111,2024-06-30,209661,2024-09-30,0.013458407910691967
13111,2024-09-30,210711,2024-12-31,0.01004345524178987
13112,2024-03-31,289019,2024-06-30,0.011957170198072095
13112,2024-06-30,295001,2024-09-30,0.0004189174941499579
13112,2024-09-30,296087,2024-12-31,0.02337666807014714
13113,2024-03-31,207017,2024-06-30,0.005452229313951346
13113,2024-06-30,198914,2024-09-30,0.012653054318098635
13113,2024-09-30,198716,2024-12-31,0.01756634007117529
13130,2024-03-31,477247,2024-06-30,0.022901385885303095
13130,2024-06-30,487503,2024-09-30,9.622297123053319e-05
13130,2024-09-30,472230,2024-12-31,0.0040109459874087625
13157,2024-03-31,242489,2024-06-30,-0.008573233137541906
13157,2024-06-30,239487,2024-09-30,0.005971443161042228
13157,2024-09-30,232004,2024-12-31,0.06679880708619033
13167,2024-03-31,143325,2024-06-30,0.005345664250552058
13167,2024-06-30,142957,2024-09-30,0.005287925527486922
13167,2024-09-30,134337,2024-12-31,-0.014920758673642676
13179,2024-03-31,357927,2024-06-30,0.02307180843074516
13179,2024-06-30,343578,2024-09-30,0.028496638661187203
13179,2024-09-30,352241,2024-12-31,0.012089752695111736
13195,2024-03-31,203352,2024-06-30,0.02486276697419554
13195,2024-06-30,207089,2024-09-30,0.019751356446020267
13195,2024-09-30,208589,2024-12-31,0.019102182099236517
13196,2024-03-31,63835,2024-06-30,-0.02170646061918308
13196,2024-06-30,63983,2024-09-30,-0.005984279249015487
13196,2024-09-30,60999,2024-12-31,0.0305644445397399
13198,2024-03-31,1381541,2024-06-30,0.007251120780637568
13198,2024-06-30,1379692,2024-09-30,0.007489675624041983
13198,2024-09-30,1453653,2024-12-31,0.02024384582758458
13209,2024-03-31,217723,2024-06-30,0.0046509013299493715
13209,2024-06-30,218796,2024-09-30,0.007934923665963106
13209,2024-09-30,227105,2024-12-31,0.004029071089857265
13216,2024-03-31,442853,2024-06-30,-0.007030840323630218
13216,2024-06-30,466235,2024-09-30,0.013569858954237143
13216,2024-09-30,449494,2024-12-31,0.020744789970995794
13220,2024-03-31,631657,2024-06-30,0.023899041947338415
13220,2024-06-30,726188,2024-09-30,-0.02939662135918275
13220,2024-09-30,749982,2024-12-31,-0.015070748885919588
13232,2024-03-31,499807,2024-06-30,-0.00741150844472743
13232,2024-06-30,505575,2024-09-30,0.012412927084487185
13232,2024-09-30,514841,2024-12-31,0.017133722493493243
13242,2024-03-31,170821,2024-06-30,0.016114717766613367
13242,2024-06-30,171080,2024-09-30,0.014496104302645236
13242,2024-09-30,176194,2024-12-31,0.014366319549609806
13249,2024-03-31,140221,2024-06-30,-0.001985475370983713
13249,2024-06-30,140942,2024-09-30,0.03472135025541768
13249,2024-09-30,140802,2024-12-31,0.009482478836757501
13251,2024-03-31,59839,2024-06-30,0.032234137579628466
13251,2024-06-30,61142,2024-09-30,0.023341263011802258
13251,2024-09-30,59297,2024-12-31,0.03229408659909068
13255,2024-03-31,892539,2024-06-30,0.01578319810729705
13255,2024-06-30,904650,2024-09-30,0.01800048943613857
13255,2024-09-30,959715,2024-12-31,0.01174764720611834
13264,2024-03-31,575764,2024-06-30,0.02322176704398897
13264,2024-06-30,581727,2024-09-30,0.020994533448753298
13264,2024-09-30,585752,2024-12-31,0.022682204312553612
13274,2024-03-31,179953,2024-06-30,-0.011473598567786946
13274,2024-06-30,178581,2024-09-30,-0.014010812969422403
13274,2024-09-30,170389,2024-12-31,-0.0027618621500056844
13297,2024-03-31,1043545,2024-06-30,0.006597393004697917
13297,2024-06-30,1052445,2024-09-30,0.024152921253068817
13297,2024-09-30,1139447,2024-12-31,-0.034668003221738825
13303,2024-03-31,311273,2024-06-30,-0.002574978098341356
13303,2024-06-30,293992,2024-09-30,-0.012310119867032825
13303,2024-09-30,301055,2024-12-31,-0.0011378820376644844
13305,2024-03-31,492123,2024-06-30,0.01920451608173655
13305,2024-06-30,507801,2024-09-30,0.021861169560131847
13305,2024-09-30,515377,2024-12-31,0.02219119942926018
13339,2024-03-31,1119549,2024-06-30,0.0162891444242225
13339,2024-06-30,1120067,2024-09-30,0.017891491274215212
13339,2024-09-30,1168013,2024-12-31,0.02138864615376888
13341,2024-03-31,917082,2024-06-30,0.001864500531383662
13341,2024-06-30,924864,2024-09-30,0.0032458252692656943
13341,2024-09-30,934948,2024-12-31,0.004186788573471277
13366,2024-03-31,358725,2024-06-30,0.007247817263808204
13366,2024-06-30,356019,2024-09-30,0.006613832390191881
13366,2024-09-30,361357,2024-12-31,0.008017140246421302
13381,2024-03-31,127686,2024-06-30,0.009619492251108322
13381,2024-06-30,127149,2024-09-30,0.004272774475183744
13381,2024-09-30,127311,2024-12-31,0.010229241586851175
13382,2024-03-31,122656,2024-06-30,-0.01787675437751728
13382,2024-06-30,119219,2024-09-30,0.005739834878481151
13382,2024-09-30,122056,2024-12-31,0.006360384692132601
13397,2024-03-31,948232,2024-06-30,-0.015106904024390461
13397,2024-06-30,956607,2024-09-30,-0.011739147372984296
13397,2024-09-30,985229,2024-12-31,0.0014203104104124576
13407,2024-03-31,311729,2024-06-30,-0.0016175829109593
13407,2024-06-30,302755,2024-09-30,-0.004462069010122814
13407,2024-09-30,297184,2024-12-31,-0.01030410844605129
13413,2024-03-31,67103,2024-06-30,0.035318442561108554
13413,2024-06-30,68644,2024-09-30,-0.006799187698579737
13413,2024-09-30,65140,2024-12-31,0.015095263579930934
13415,2024-03-31,63060,2024-06-30,-0.010250793361274099
13415,2024-06-30,63083,2024-09-30,0.0007206781739562044
13415,2024-09-30,62317,2024-12-31,0.0032180262257107423
13416,2024-03-31,54325,2024-06-30,-0.011854202632511334
13416,2024-06-30,52966,2024-09-30,-0.005295345504086916
13416,2024-09-30,52375,2024-12-31,0.0007771237668979002
13421,2024-03-31,6670686,2024-06-30,0.023755048161339255
13421,2024-06-30,6588750,2024-09-30,0.009941678519491933
13421,2024-09-30,6929538,2024-12-31,0.05789194757365359
13430,2024-03-31,184634,2024-06-30,0.0030748870536801733
13430,2024-06-30,181389,2024-09-30,-0.01074203363276582
13430,2024-09-30,185651,2024-12-31,0.007174734361327883
13450,2024-03-31,55532,2024-06-30,0.015353864299690758
13450,2024-06-30,72823,2024-09-30,-0.1206020849338157
13450,2024-09-30,71735,2024-12-31,-0.08694395379471058
13454,2024-03-31,651131,2024-06-30,0.015167522390392272
13454,2024-06-30,655578,2024-09-30,0.013704685101519875
13454,2024-09-30,656189,2024-12-31,0.018356840280227136
13551,2024-03-31,101402,2024-06-30,0.008923756892723254
13551,2024-06-30,97235,2024-09-30,0.005961157235749379
13551,2024-09-30,100577,2024-12-31,0.01840129087579392
13561,2024-03-31,352289,2024-06-30,0.016603545977988875
13561,2024-06-30,360880,2024-09-30,0.013465249056029005
13561,2024-09-30,356288,2024-12-31,0.017344681386425517
13565,2024-03-31,593776,2024-06-30,0.04792476966419788
13565,2024-06-30,583402,2024-09-30,0.04639168784449329
13565,2024-09-30,645834,2024-12-31,0.014436967703992913
13582,2024-03-31,33807,2024-06-30,-0.013357974006928916
13582,2024-06-30,34830,2024-09-30,0.02879425810646335
13582,2024-09-30,35308,2024-12-31,-0.01796333430982641
13584,2024-03-31,50008,2024-06-30,-0.01823811525587058
13584,2024-06-30,46808,2024-09-30,-0.024233337724216403
13584,2024-09-30,52344,2024-12-31,-0.04317131777985632
13599,2024-03-31,339096,2024-06-30,0.010243850925535392
13599,2024-06-30,347530,2024-09-30,0.037461830092040155
13599,2024-09-30,345519,2024-12-31,0.026622837300790656
13600,2024-03-31,122017,2024-06-30,-0.009327670781671774
13600,2024-06-30,120321,2024-09-30,-0.01419814676943128
13600,2024-09-30,121527,2024-12-31,-0.0011668910796581564
13611,2024-03-31,31897,2024-06-30,-0.03270900493052416
13611,2024-06-30,32669,2024-09-30,-0.006729909678672755
13611,2024-09-30,32715,2024-12-31,-0.00931106492129257
13616,2024-03-31,82222,2024-06-30,-0.0018735789774082287
13616,2024-06-30,81647,2024-09-30,-0.015632844174528638
13616,2024-09-30,82629,2024-12-31,0.029111666945211848
13622,2024-03-31,774236,2024-06-30,0.04406287862568495
13622,2024-06-30,788006,2024-09-30,0.03730780854786387
13622,2024-09-30,846868,2024-12-31,0.043438943610063493
13632,2024-03-31,461565,2024-06-30,0.02151541114084876
13632,2024-06-30,475069,2024-09-30,0.02493082086796205
13632,2024-09-30,491338,2024-12-31,0.02573764476506548
13652,2024-03-31,207463,2024-06-30,0.017941171329167508
13652,2024-06-30,205632,2024-09-30,0.0021646801499650065
13652,2024-09-30,212199,2024-12-31,-0.00015259896432847145
13656,2024-03-31,224803,2024-06-30,0.006953647649657543
13656,2024-06-30,226647,2024-09-30,0.01109326470139127
13656,2024-09-30,224527,2024-12-31,0.032453437033569184
13662,2024-03-31,165854,2024-06-30,-0.010155693287181158
13662,2024-06-30,175273,2024-09-30,-0.0058891920230831445
13662,2024-09-30,162956,2024-12-31,0.009161200279889307
13692,2024-03-31,141998,2024-06-30,0.03282144819258145
13692,2024-06-30,144247,2024-09-30,0.0212507784361619
13692,2024-09-30,142094,2024-12-31,0.0353582430404392
13696,2024-03-31,17396,2024-06-30,0.015465448821125978
13696,2024-06-30,18043,2024-09-30,0.005360806803545784
13696,2024-09-30,17198,2024-12-31,0.028061012333108714
13703,2024-03-31,503452,2024-06-30,0.005850872458590482
13703,2024-06-30,508179,2024-09-30,0.018571366640534964
13703,2024-09-30,529512,2024-12-31,0.011050029876468238
13712,2024-03-31,312087,2024-06-30,-0.012847682695065582
13712,2024-06-30,308321,2024-09-30,-0.0088448667945748
13712,2024-09-30,304684,2024-12-31,-0.008717544134695445
13715,2024-03-31,74646,2024-06-30,-0.00594540919464962
13715,2024-06-30,75780,2024-09-30,0.0015970675940919392
13715,2024-09-30,75197,2024-12-31,-0.005045008613906602
13716,2024-03-31,1450628,2024-06-30,0.014180150819877679
13716,2024-06-30,1472488,2024-09-30,0.01879693635393905
13716,2024-09-30,1516664,2024-12-31,0.019849148550754998
13729,2024-03-31,12412,2024-06-30,0.0021339683229141177
13729,2024-06-30,12165,2024-09-30,0.0007426435746096411
13729,2024-09-30,12856,2024-12-31,-0.009525355127160611
13735,2024-03-31,233332,2024-06-30,0.008875384300149064
13735,2024-06-30,229868,2024-09-30,0.007808607119106019
13735,2024-09-30,240372,2024-12-31,0.01270682272760482
13736,2024-03-31,90178,2024-06-30,-0.045056517876096464
13736,2024-06-30,89309,2024-09-30,-0.01866443569811426
13736,2024-09-30,91144,2024-12-31,-0.002397891557430278
13737,2024-03-31,215146,2024-06-30,-0.02746531268953473
13737,2024-06-30,202925,2024-09-30,0.014818000061856082
13737,2024-09-30,202823,2024-12-31,-0.01577486230968042
13748,2024-03-31,204464,2024-06-30,0.030025216684998322
13748,2024-06-30,185524,2024-09-30,-0.0126471307764969
13748,2024-09-30,187300,2024-12-31,0.035565026370288695
13753,2024-03-31,192954,2024-06-30,-0.00024609157767511086
13753,2024-06-30,191395,2024-09-30,0.008325189607723115
13753,2024-09-30,193089,2024-12-31,0.006456668357194518
13774,2024-03-31,37773,2024-06-30,-0.00330311358174095
13774,2024-06-30,37420,2024-09-30,-0.005545409578317996
13774,2024-09-30,36832,2024-12-31,-0.002602348481830201
13775,2024-03-31,185360,2024-06-30,-0.010791982098092694
13775,2024-06-30,171808,2024-09-30,-0.010692631583073453
13775,2024-09-30,178514,2024-12-31,0.012563952536784655
13784,2024-03-31,162552,2024-06-30,0.0017709502459940562
13784,2024-06-30,160526,2024-09-30,-0.0007754155721046727
13784,2024-09-30,159630,2024-12-31,-0.012709431957002807
13788,2024-03-31,100720,2024-06-30,0.006373574805179158
13788,2024-06-30,100098,2024-09-30,0.004381755128126125
13788,2024-09-30,102569,2024-12-31,-0.002733347209994845
13794,2024-03-31,98739,2024-06-30,-0.01586000709598657
13794,2024-06-30,99939,2024-09-30,-0.04567366651841858
13794,2024-09-30,94128,2024-12-31,0.021943740619207296
13798,2024-03-31,85383,2024-06-30,-0.0066232011829671115
13798,2024-06-30,86759,2024-09-30,-0.03738885079106513
13798,2024-09-30,88303,2024-12-31,0.03005185221266196
13801,2024-03-31,233982,2024-06-30,0.01419750216925947
13801,2024-06-30,237025,2024-09-30,0.022839316478617158
13801,2024-09-30,233052,2024-12-31,0.02424703334149645
13802,2024-03-31,118065,2024-06-30,0.028307052946994114
13802,2024-06-30,120879,2024-09-30,0.023919196029980435
13802,2024-09-30,125184,2024-12-31,0.013512807194853703
13809,2024-03-31,183634,2024-06-30,0.020651360893430934
13809,2024-06-30,173971,2024-09-30,0.02503199211012604
13809,2024-09-30,173771,2024-12-31,0.09789448797133692
13813,2024-03-31,115531,2024-06-30,0.027593719596943716
13813,2024-06-30,122796,2024-09-30,0.01811613216350321
13813,2024-09-30,118578,2024-12-31,0.03072404341540571
13816,2024-03-31,127461,2024-06-30,-0.02736116912046859
13816,2024-06-30,127733,2024-09-30,-0.0024663377803923582
13816,2024-09-30,140439,2024-12-31,0.002279076051834875
13819,2024-03-31,199968,2024-06-30,0.020290304875278598
13819,2024-06-30,202439,2024-09-30,0.02439416531483695
13819,2024-09-30,216989,2024-12-31,0.020667473144303346
13821,2024-03-31,374143,2024-06-30,0.01758921746961535
13821,2024-06-30,400138,2024-09-30,0.006822844599136477
13821,2024-09-30,400024,2024-12-31,0.02063948950227266
13832,2024-03-31,38116,2024-06-30,0.018124765547947008
13832,2024-06-30,34358,2024-09-30,-0.03012930164977772
13832,2024-09-30,35051,2024-12-31,-0.007309637881113928
13838,2024-03-31,686231,2024-06-30,0.0378322864423714
13838,2024-06-30,657713,2024-09-30,0.012655039707063102
13838,2024-09-30,665716,2024-12-31,0.018368994869829083
13843,2024-03-31,289439,2024-06-30,0.0005341607679778057
13843,2024-06-30,289114,2024-09-30,-0.001255175795183873
13843,2024-09-30,302308,2024-12-31,-0.018861845556249396
13868,2024-03-31,820089,2024-06-30,0.01878064132069268
13868,2024-06-30,831624,2024-09-30,0.02012422570953988
13868,2024-09-30,880966,2024-12-31,0.024312749661526526
13876,2024-03-31,5139268,2024-06-30,0.012537674268076384
13876,2024-06-30,5212854,2024-09-30,0.013259799941157766
13876,2024-09-30,5320639,2024-12-31,0.02013805305036205
13879,2024-03-31,1920933,2024-06-30,0.012898185402025468
13883,2024-03-31,147784,2024-06-30,0.008733726212155202
13883,2024-06-30,144482,2024-09-30,0.023517802689232366
13883,2024-09-30,143215,2024-12-31,0.02026649325531082
13887,2024-03-31,250698,2024-06-30,0.015898499050032676
13887,2024-06-30,248790,2024-09-30,0.012402161175806892
13887,2024-09-30,248845,2024-12-31,0.01575336915462096
13892,2024-03-31,304452,2024-06-30,0.02410261440893587
13892,2024-06-30,301183,2024-09-30,0.02255556499686593
13892,2024-09-30,322280,2024-12-31,0.030454288426600733
13897,2024-03-31,333855,2024-06-30,0.010004106727009243
13897,2024-06-30,328008,2024-09-30,-0.0033950374117965704
13897,2024-09-30,325489,2024-12-31,0.01291128419360751
13902,2024-03-31,20151,2024-06-30,-0.002787870471560705
13902,2024-06-30,19492,2024-09-30,-0.0011213160169649787
13902,2024-09-30,18536,2024-12-31,0.009783368009902382
13905,2024-03-31,199837,2024-06-30,0.009588243215391567
13905,2024-06-30,201792,2024-09-30,0.01026500592707877
13905,2024-09-30,203551,2024-12-31,0.009796176752668775
13919,2024-03-31,485184,2024-06-30,0.021867631184730535
13919,2024-06-30,465037,2024-09-30,0.028513407424962237
13919,2024-09-30,475906,2024-12-31,0.028018528767229964
13926,2024-03-31,26540,2024-06-30,0.003401541418467828
13926,2024-06-30,26882,2024-09-30,0.021314359123543788
13926,2024-09-30,27997,2024-12-31,-0.05918715596101573
13931,2024-03-31,34007,2024-06-30,-0.008176829813290817
13931,2024-06-30,35772,2024-09-30,-0.08004413075814602
13931,2024-09-30,37156,2024-12-31,-0.0072292865879091004
13946,2024-03-31,206280,2024-06-30,0.0012388628307370012
13946,2024-06-30,204134,2024-09-30,0.0041590781743685015
13946,2024-09-30,205892,2024-12-31,0.0007597966817116058
13947,2024-03-31,296603,2024-06-30,0.06585597491284835
13947,2024-06-30,299238,2024-09-30,0.062403171695538384
13947,2024-09-30,304895,2024-12-31,0.01756757900600065
13951,2024-03-31,765482,2024-06-30,0.0037805265218473555
13951,2024-06-30,735536,2024-09-30,0.014341555082749981
13951,2024-09-30,729635,2024-12-31,0.09235170051206008
13953,2024-03-31,814098,2024-06-30,0.013912315265263762
13953,2024-06-30,838882,2024-09-30,0.007882036945042895
13953,2024-09-30,824035,2024-12-31,0.014325681041774443
13955,2024-03-31,173148,2024-06-30,-0.0026010488350008635
13955,2024-06-30,170806,2024-09-30,-0.013951405971338534
13955,2024-09-30,170207,2024-12-31,0.026002951728122874
13957,2024-03-31,45407,2024-06-30,-0.00102799253078667
13959,2024-03-31,64821,2024-06-30,0.13636893536909625
13959,2024-06-30,58750,2024-09-30,0.18801222333271816
13959,2024-09-30,48622,2024-12-31,0.2393190186533764
13960,2024-03-31,46093,2024-06-30,-0.012384984751505072
13960,2024-06-30,47572,2024-09-30,-0.00026330719768290125
13960,2024-09-30,49436,2024-12-31,-4.2610756839339986e-05
13962,2024-03-31,120397,2024-06-30,0.0298857618273904
13962,2024-06-30,123930,2024-09-30,0.008289308754041552
13962,2024-09-30,118703,2024-12-31,0.017744895232921835
13983,2024-03-31,101174,2024-06-30,0.004993549510280424
13983,2024-06-30,98471,2024-09-30,0.006236588089892708
13983,2024-09-30,101286,2024-12-31,0.009537064015358416
13986,2024-03-31,5107,2024-06-30,-0.048496901977257284
13986,2024-06-30,5004,2024-09-30,-0.04492743202914169
13986,2024-09-30,4805,2024-12-31,-0.04904930797822484
13990,2024-03-31,43788,2024-06-30,0.003942239846460439
13990,2024-06-30,44883,2024-09-30,0.007035591686761518
13990,2024-09-30,43214,2024-12-31,0.012760666885082003
13999,2024-03-31,31736,2024-06-30,0.011767173910147415
13999,2024-06-30,31303,2024-09-30,-0.03598916389897064
13999,2024-09-30,30194,2024-12-31,0.03270487046404848
14009,2024-03-31,373448,2024-06-30,-0.02509151586308347
14009,2024-06-30,363970,2024-09-30,-0.009046384749171667
14009,2024-09-30,349000,2024-12-31,0.019155173241681474
14017,2024-03-31,906275,2024-06-30,0.053267475858317544
14017,2024-06-30,931093,2024-09-30,0.054128943342749904
14017,2024-09-30,933543,2024-12-31,0.05008186075089808
14024,2024-03-31,50706,2024-06-30,0.006668126336854205
14024,2024-06-30,51252,2024-09-30,0.006620449322751615
14024,2024-09-30,50333,2024-12-31,0.020019690683011904
14025,2024-03-31,417165,2024-06-30,0.021212570020792205
14025,2024-06-30,416691,2024-09-30,0.03242302006316335
14025,2024-09-30,408818,2024-12-31,0.0480299054945811
14026,2024-03-31,69370,2024-06-30,0.011111852147691467
14026,2024-06-30,69206,2024-09-30,-0.01252252635415204
14026,2024-09-30,65374,2024-12-31,0.014609397829648273
14028,2024-03-31,3070242,2024-06-30,0.022606219432607676
14028,2024-06-30,3050279,2024-09-30,0.01897039796738667
14028,2024-09-30,3435417,2024-12-31,0.02481458363891916
14029,2024-03-31,598546,2024-06-30,0.027424897266499926
14029,2024-06-30,607781,2024-09-30,0.030630992060043195
14029,2024-09-30,617586,2024-12-31,0.03067610105866179
14036,2024-03-31,375770,2024-06-30,0.011019272707936378
14036,2024-06-30,371655,2024-09-30,-0.005409358812358911
14036,2024-09-30,373986,2024-12-31,0.04421633286975082
14056,2024-03-31,302232,2024-06-30,0.010540489555756255
14056,2024-06-30,297444,2024-09-30,0.007199648374054809
14056,2024-09-30,298212,2024-12-31,-0.0030752489645372396
14058,2024-03-31,271862,2024-06-30,0.03617300256124154
14058,2024-06-30,294628,2024-09-30,0.04730344743253345
14058,2024-09-30,309616,2024-12-31,0.04220154684832049
14065,2024-03-31,1918210,2024-06-30,0.02106974835983555
14065,2024-06-30,1929660,2024-09-30,0.01380177272459112
14065,2024-09-30,1888466,2024-12-31,0.025577236339996437
14069,2024-03-31,51072,2024-06-30,0.037138976288603694
14069,2024-06-30,46785,2024-09-30,0.0469599964164069
14069,2024-09-30,47671,2024-12-31,0.056669905178986145
14073,2024-03-31,1088447,2024-06-30,0.027555770803812375
14073,2024-06-30,1047491,2024-09-30,0.03920060501362986
14073,2024-09-30,1047619,2024-12-31,0.02992223183504316
14079,2024-03-31,520676,2024-06-30,0.009194940777504872
14079,2024-06-30,499993,2024-09-30,0.032340225297461576
14079,2024-09-30,507173,2024-12-31,-0.002339759750826189
14083,2024-03-31,62897,2024-06-30,0.037871555145421135
14083,2024-06-30,77456,2024-09-30,0.04470306163936105
14083,2024-09-30,81397,2024-12-31,0.03821924508893717
14095,2024-03-31,70484,2024-06-30,-0.02643748744337131
14095,2024-06-30,68633,2024-09-30,-0.02673456608641211
14095,2024-09-30,66496,2024-12-31,0.042626228082683244
14096,2024-03-31,44566,2024-06-30,-0.058388811356539734
14096,2024-06-30,43396,2024-09-30,-0.07568114690528849
14096,2024-09-30,41934,2024-12-31,-0.025944580098925144
14113,2024-03-31,393332,2024-06-30,0.04670527653555949
14113,2024-06-30,404335,2024-09-30,-0.0033580858125025785
14113,2024-09-30,401475,2024-12-31,0.014559972115097805
14134,2024-03-31,674131,2024-06-30,0.007841213598146296
14134,2024-06-30,661992,2024-09-30,0.007868757169065318
14134,2024-09-30,697247,2024-12-31,0.007408765977359209
14136,2024-03-31,196243,2024-06-30,0.004684925242798384
14136,2024-06-30,196106,2024-09-30,0.0115544998437203
14136,2024-09-30,200050,2024-12-31,0.005220698062944901
14140,2024-03-31,1223701,2024-06-30,0.021849166913735497
14140,2024-06-30,1198797,2024-09-30,0.03568761859762245
14140,2024-09-30,1238363,2024-12-31,0.025584422325354995
14158,2024-03-31,1175239,2024-06-30,-0.004600373468830883
14158,2024-06-30,1057053,2024-09-30,0.14900581316314088
14158,2024-09-30,1176600,2024-12-31,0.09341966039538585
14168,2024-03-31,323430,2024-06-30,0.009437979503039953
14168,2024-06-30,330926,2024-09-30,0.006486836103010376
14168,2024-09-30,328030,2024-12-31,0.004581099196274607
14178,2024-03-31,77088,2024-06-30,0.013518096268087369
14178,2024-06-30,81698,2024-09-30,-0.015282414058547716
14178,2024-09-30,80986,2024-12-31,-0.006929183353229074
14184,2024-03-31,299519,2024-06-30,0.009057529951266744
14184,2024-06-30,313221,2024-09-30,0.01468148313907101
14184,2024-09-30,323111,2024-12-31,-0.015735672674835378
14185,2024-03-31,482647,2024-06-30,0.0517617571561339
14185,2024-06-30,505465,2024-09-30,-0.00604042836490563
14185,2024-09-30,508745,2024-12-31,0.027094567172097694
14195,2024-03-31,295081,2024-06-30,-0.005579720926710566
14195,2024-06-30,289623,2024-09-30,0.012160767120200774
14195,2024-09-30,290522,2024-12-31,0.014194921862697748
14207,2024-03-31,1608929,2024-06-30,0.054227246623920644
14207,2024-06-30,1535578,2024-09-30,0.048178678339078185
14207,2024-09-30,1559600,2024-12-31,0.036501122859684466
14208,2024-03-31,165987,2024-06-30,-0.0017627286657642574
14208,2024-06-30,166276,2024-09-30,-0.0004424778709209729
14208,2024-09-30,155629,2024-12-31,0.01712853593996496
14209,2024-03-31,816905,2024-06-30,0.016087113359587814
14209,2024-06-30,852899,2024-09-30,-0.016510031038949127
14209,2024-09-30,823081,2024-12-31,0.03338065838620358
14222,2024-03-31,744342,2024-06-30,0.02123672714011869
14222,2024-06-30,729562,2024-09-30,0.0377101984015495
14222,2024-09-30,764722,2024-12-31,0.01789687154697589
14225,2024-03-31,148075,2024-06-30,0.01177562703707151
14225,2024-06-30,152276,2024-09-30,0.0025484008466520394
14225,2024-09-30,151190,2024-12-31,0.009674611745534849
14230,2024-03-31,176613,2024-06-30,0.018202797566955316
14230,2024-06-30,183087,2024-09-30,0.01880956920223226
14230,2024-09-30,185560,2024-12-31,0.017282789426291863
14240,2024-03-31,983728,2024-06-30,0.016278665909213934
14240,2024-06-30,1022140,2024-09-30,0.012826458693811101
14240,2024-09-30,1013911,2024-12-31,0.009257934810083726
14247,2024-03-31,183810,2024-06-30,-0.001536663985836464
14247,2024-06-30,178165,2024-09-30,0.008015339366121857
14247,2024-09-30,174136,2024-12-31,0.012924775548052289
14260,2024-03-31,54000,2024-06-30,-0.0026194870147536425
14260,2024-06-30,53417,2024-09-30,-0.010946047884193824
14260,2024-09-30,48463,2024-12-31,0.0017326178915695032
14264,2024-03-31,795262,2024-06-30,0.04354975168284631
14264,2024-06-30,820774,2024-09-30,0.03300442302484933
14264,2024-09-30,805552,2024-12-31,0.04589047519124677
14266,2024-03-31,1158416,2024-06-30,0.022907606896144135
14266,2024-06-30,1174060,2024-09-30,0.020087481834717133
14266,2024-09-30,1237787,2024-12-31,0.018771239299028415
14269,2024-03-31,344539,2024-06-30,-0.014091168243762421
14269,2024-06-30,328351,2024-09-30,0.012599560276954642
14269,2024-09-30,333971,2024-12-31,0.0169900124713014
14275,2024-03-31,117761,2024-06-30,0.026938371474181804
14275,2024-06-30,122766,2024-09-30,0.021998783451093417
14275,2024-09-30,138640,2024-12-31,-0.00467072070939461
14276,2024-03-31,501438,2024-06-30,0.0024055021192354773
14276,2024-06-30,501661,2024-09-30,0.0017821942079218383
14276,2024-09-30,518351,2024-12-31,0.02270560334489622
14281,2024-03-31,62106,2024-06-30,0.028696046785774816
14281,2024-06-30,60679,2024-09-30,0.030861590787851195
14281,2024-09-30,61119,2024-12-31,0.027299010791683644
14291,2024-03-31,113724,2024-06-30,0.020978812788974073
14291,2024-06-30,110328,2024-09-30,0.005401546498001206
14291,2024-09-30,115614,2024-12-31,0.004210784565779107
14293,2024-03-31,106573,2024-06-30,-0.027517562229675416
14293,2024-06-30,100941,2024-09-30,-0.0208493922433107
14293,2024-09-30,89709,2024-12-31,0.07646637317145817
14311,2024-03-31,149606,2024-06-30,-0.028902842655630288
14311,2024-06-30,148080,2024-09-30,-0.013713260981244042
14311,2024-09-30,145871,2024-12-31,-0.00040218398455045366
14312,2024-03-31,451457,2024-06-30,0.04526471369517363
14312,2024-06-30,452842,2024-09-30,0.043997555004471
14312,2024-09-30,447338,2024-12-31,0.05087589365334341
14316,2024-03-31,73235,2024-06-30,0.004212329047749781
14316,2024-06-30,76949,2024-09-30,-0.014078023241347699
14316,2024-09-30,80463,2024-12-31,-0.004674917008891736
14327,2024-03-31,358671,2024-06-30,0.002611068563705037
14327,2024-06-30,378114,2024-09-30,0.0005025170720145089
14327,2024-09-30,376673,2024-12-31,0.003264568871083065
14331,2024-03-31,542630,2024-06-30,0.024370243239077667
14331,2024-06-30,542421,2024-09-30,0.0004899172889857509
14331,2024-09-30,542056,2024-12-31,0.006365372530730776
14333,2024-03-31,327325,2024-06-30,-0.004501025258895699
14333,2024-06-30,309173,2024-09-30,0.008007117345760406
14333,2024-09-30,310519,2024-12-31,0.005852128669494064
14334,2024-03-31,476044,2024-06-30,0.01159325812930073
14334,2024-06-30,483589,2024-09-30,0.003251140998908942
14334,2024-09-30,480641,2024-12-31,0.012475237472979852
14344,2024-03-31,29211,2024-06-30,-0.005593490729422747
14344,2024-06-30,29020,2024-09-30,0.006500396806560437
14344,2024-09-30,30371,2024-12-31,-0.008058526073917705
14349,2024-03-31,124433,2024-06-30,0.005797778843607843
14349,2024-06-30,128426,2024-09-30,-0.0023308089608593194
14349,2024-09-30,129712,2024-12-31,0.00430111328323634
14352,2024-03-31,128248,2024-06-30,-0.03257541489905774
14352,2024-06-30,121770,2024-09-30,0.021477271129966755
14352,2024-09-30,134774,2024-12-31,0.03126144440735813
14355,2024-03-31,310103,2024-06-30,0.014104419525664089
14355,2024-06-30,306960,2024-09-30,0.019003001117349295
14355,2024-09-30,318930,2024-12-31,0.018520683296577897
14359,2024-03-31,1100279,2024-06-30,0.026536074918281256
14359,2024-06-30,1105538,2024-09-30,0.025674017651996787
14359,2024-09-30,1132885,2024-12-31,0.013486414203639432
14382,2024-03-31,1620923,2024-06-30,0.011887518704405924
14382,2024-06-30,1655164,2024-09-30,0.01349282494211238
14382,2024-09-30,1648396,2024-12-31,0.012504958633248407
14392,2024-03-31,139324,2024-06-30,-0.008090167643502545
14392,2024-06-30,136339,2024-09-30,-0.0020015558138211527
14392,2024-09-30,136418,2024-12-31,0.02876704212832128
14399,2024-03-31,66235,2024-06-30,-0.004558389426439171
14399,2024-06-30,66674,2024-09-30,-2.068324020738769e-05
14399,2024-09-30,67847,2024-12-31,-0.005048322455353112
14400,2024-03-31,24881,2024-06-30,-0.053465672899601135
14400,2024-06-30,25102,2024-09-30,-0.018636168876989094
14400,2024-09-30,23849,2024-12-31,-0.003926407355797128
14404,2024-03-31,50935,2024-06-30,0.016878684388393343
14404,2024-06-30,48822,2024-09-30,0.007830878978761896
14404,2024-09-30,46255,2024-12-31,0.009435461276093099
14410,2024-03-31,655165,2024-06-30,0.035048466902110054
14410,2024-06-30,634908,2024-09-30,0.053854323800182693
14410,2024-09-30,651228,2024-12-31,0.051829571106273085
14413,2024-03-31,204348,2024-06-30,0.003126622437986327
14413,2024-06-30,211404,2024-09-30,0.0017465815718752176
14413,2024-09-30,207970,2024-12-31,0.01760689423854702
14415,2024-03-31,136067,2024-06-30,0.030688310210578877
14415,2024-06-30,137269,2024-09-30,-0.009647435788280022
14415,2024-09-30,139854,2024-12-31,0.05104979348268124
14420,2024-03-31,221855,2024-06-30,-0.004276767975282226
14420,2024-06-30,215156,2024-09-30,-0.02013458983532936
14420,2024-09-30,212631,2024-12-31,0.007232400741318211
14427,2024-03-31,353698,2024-06-30,0.00964172222341135
14427,2024-06-30,343285,2024-09-30,0.009978787512189316
14427,2024-09-30,339424,2024-12-31,0.0696223061980074
14445,2024-03-31,400764,2024-06-30,-0.004793275731010939
14445,2024-06-30,392892,2024-09-30,0.024185397921919736
14445,2024-09-30,404828,2024-12-31,0.043578914832507
14488,2024-03-31,282201,2024-06-30,0.019875076681406728
14488,2024-06-30,273790,2024-09-30,0.010271147980697766
14488,2024-09-30,284468,2024-12-31,0.013245057461919629
14491,2024-03-31,153692,2024-06-30,0.018182272697947546
14491,2024-06-30,164986,2024-09-30,0.014602094695137817
14491,2024-09-30,172766,2024-12-31,0.020532639701178378
14492,2024-03-31,493507,2024-06-30,0.03097001393996397
14492,2024-06-30,513293,2024-09-30,0.015387799101681171
14492,2024-09-30,521272,2024-12-31,0.03411148525265936
14507,2024-03-31,550813,2024-06-30,0.014343969298781059
14507,2024-06-30,551379,2024-09-30,0.016979621018834833
14507,2024-09-30,567462,2024-12-31,0.018568533327577304
14513,2024-03-31,561082,2024-06-30,0.01121653331610129
14513,2024-06-30,549240,2024-09-30,0.00023336793588021195
14513,2024-09-30,539397,2024-12-31,0.00914992395576628
14521,2024-03-31,1725754,2024-06-30,0.008931679889947457
14521,2024-06-30,1698901,2024-09-30,0.004427425237575707
14521,2024-09-30,1758645,2024-12-31,0.0168936433454246
14522,2024-03-31,290203,2024-06-30,0.006198747726747594
14522,2024-06-30,290226,2024-09-30,-0.018762959796643157
14522,2024-09-30,298461,2024-12-31,0.01145313337003585
14523,2024-03-31,140808,2024-06-30,-0.005510757893848581
14523,2024-06-30,136885,2024-09-30,0.030066396568472365
14523,2024-09-30,139689,2024-12-31,0.007425930634195024
14531,2024-03-31,8166480,2024-06-30,0.02935399162717855
14531,2024-06-30,8113408,2024-09-30,0.025259453864530535
14531,2024-09-30,8311537,2024-12-31,0.024520023861282336
14546,2024-03-31,373004,2024-06-30,0.0085433901450984
14546,2024-06-30,365112,2024-09-30,0.007376207227039859
14546,2024-09-30,360215,2024-12-31,0.0015672876863983012
14556,2024-03-31,78512,2024-06-30,0.014413550373642435
14556,2024-06-30,78455,2024-09-30,0.01545071590002443
14556,2024-09-30,83531,2024-12-31,0.0022249134115421444
14560,2024-03-31,91807,2024-06-30,0.0459448077930217
14560,2024-06-30,92262,2024-09-30,0.036801153466205494
14560,2024-09-30,92328,2024-12-31,0.036983266427065155
14561,2024-03-31,78356,2024-06-30,0.009102385622500205
14561,2024-06-30,77570,2024-09-30,0.0073644502074278
14561,2024-09-30,80744,2024-12-31,0.01366710487267148
14567,2024-03-31,397806,2024-06-30,0.008287192684346812
14567,2024-06-30,401682,2024-09-30,0.011129491334049318
14567,2024-09-30,403236,2024-12-31,0.00931071429623758
14574,2024-03-31,62644,2024-06-30,0.009469770971015177
14574,2024-06-30,64032,2024-09-30,0.013094497629895256
14574,2024-09-30,68113,2024-12-31,0.006707699957189202
14578,2024-03-31,1034160,2024-06-30,0.044278722941040516
14578,2024-06-30,1089255,2024-09-30,0.0036872674693347466
14578,2024-09-30,1060808,2024-12-31,0.05954262489336422
14581,2024-03-31,60005,2024-06-30,-0.012934440394354716
14581,2024-06-30,62408,2024-09-30,-0.03911812737726006
14581,2024-09-30,62682,2024-12-31,-0.01800891481292727
14584,2024-03-31,230144,2024-06-30,-0.005288531957425821
14584,2024-06-30,232346,2024-09-30,0.005521564960248457
14584,2024-09-30,234034,2024-12-31,0.008131927515765757
14587,2024-03-31,742419,2024-06-30,0.1176940900311723
14587,2024-06-30,813033,2024-09-30,0.05320725159325094
14587,2024-09-30,816864,2024-12-31,0.013211882263454384
14597,2024-03-31,540998,2024-06-30,-0.09872230116510401
14597,2024-06-30,554639,2024-09-30,-0.0038610491768662015
14597,2024-09-30,564971,2024-12-31,0.013611129214784783
14604,2024-03-31,168480,2024-06-30,0.01955334154651276
14604,2024-06-30,173013,2024-09-30,0.011644810659052953
14604,2024-09-30,173642,2024-12-31,0.013440648619724566
14619,2024-03-31,164204,2024-06-30,0.01037944864796631
14619,2024-06-30,157871,2024-09-30,0.022284481734618965
14619,2024-09-30,166607,2024-12-31,0.0011619024718604778
14633,2024-03-31,467962,2024-06-30,0.014482854455338635
14633,2024-06-30,462741,2024-09-30,0.00982699471003334
14633,2024-09-30,456265,2024-12-31,0.02573956860549494
14636,2024-03-31,45993,2024-06-30,-0.01061893537919889
14636,2024-06-30,42255,2024-09-30,0.03672811920007501
14636,2024-09-30,43801,2024-12-31,0.02830960040332087
14642,2024-03-31,230916,2024-06-30,0.0017174928974561321
14642,2024-06-30,228205,2024-09-30,0.004799597183937173
14642,2024-09-30,227684,2024-12-31,-0.005624746601465804
14644,2024-03-31,533500,2024-06-30,0.014028308462516195
14644,2024-06-30,546310,2024-09-30,0.010533519899419518
14644,2024-09-30,548878,2024-12-31,0.013655564555192115
14646,2024-03-31,803843,2024-06-30,-0.010536429228975608
14646,2024-06-30,817465,2024-09-30,0.025264615663172143
14646,2024-09-30,830136,2024-12-31,0.014299697978787228
14649,2024-03-31,113581,2024-06-30,-0.03709098403904316
14649,2024-06-30,113533,2024-09-30,-0.023727599584670647
14649,2024-09-30,109971,2024-12-31,0.02069927565015685
14650,2024-03-31,3364147,2024-06-30,-0.0013698718704239104
14650,2024-06-30,3235088,2024-09-30,0.04631539960968035
14650,2024-09-30,3378354,2024-12-31,0.010183070384356799
14660,2024-03-31,502843,2024-06-30,0.013854115233099895
14660,2024-06-30,502873,2024-09-30,0.012269122847601528
14660,2024-09-30,513677,2024-12-31,0.058362460545326796
14662,2024-03-31,493780,2024-06-30,0.04075594401634431
14662,2024-06-30,486784,2024-09-30,0.02370410413103518
14662,2024-09-30,496497,2024-12-31,0.030484603237459388
14674,2024-03-31,253415,2024-06-30,0.01025905883014351
14674,2024-06-30,255514,2024-09-30,0.01587961870683402
14674,2024-09-30,249780,2024-12-31,0.015186361443069429
14679,2024-03-31,606630,2024-06-30,0.009077469531956392
14679,2024-06-30,628488,2024-09-30,0.010277851657053484
14679,2024-09-30,632193,2024-12-31,0.0074479387561573445
14690,2024-03-31,242948,2024-06-30,-0.011636577015269534
14690,2024-06-30,246435,2024-09-30,0.0029985741096042557
14690,2024-09-30,241590,2024-12-31,0.03350642856538189
14692,2024-03-31,402313,2024-06-30,0.013673673317163631
14692,2024-06-30,401093,2024-09-30,0.019529090153597196
14692,2024-09-30,411875,2024-12-31,0.014587108624130665
14694,2024-03-31,103258,2024-06-30,-0.008588158255704746
14694,2024-06-30,104256,2024-09-30,0.016485956250513276
14694,2024-09-30,97002,2024-12-31,0.05833582127291853
14695,2024-03-31,316369,2024-06-30,-0.005875688167027159
14695,2024-06-30,316534,2024-09-30,-0.0014180723791158245
14695,2024-09-30,325703,2024-12-31,0.01750219246296563
14701,2024-03-31,109081,2024-06-30,-0.08409801249886623
14701,2024-06-30,102728,2024-09-30,-0.061333158062182806
14701,2024-09-30,99212,2024-12-31,0.08187686461130739
14705,2024-03-31,207330,2024-06-30,0.019153854010217988
14705,2024-06-30,210598,2024-09-30,0.016745246965664977
14705,2024-09-30,210227,2024-12-31,0.022271524202332887
14712,2024-03-31,1235681,2024-06-30,0.0033809508726867603
14712,2024-06-30,1221870,2024-09-30,0.00120898800340347
14712,2024-09-30,1207280,2024-12-31,-0.0006310856780487598
14722,2024-03-31,285154,2024-06-30,-0.005088537509862182
14722,2024-06-30,287117,2024-09-30,0.0016454826077427999
14722,2024-09-30,297206,2024-12-31,0.006585430445651319
14730,2024-03-31,364359,2024-06-30,0.020814869430800586
14730,2024-06-30,354453,2024-09-30,0.009115272324597487
14730,2024-09-30,349032,2024-12-31,0.017362410581585806
14731,2024-03-31,110744,2024-06-30,-0.011007890076124781
14731,2024-06-30,106314,2024-09-30,-0.02720551225552068
14731,2024-09-30,110644,2024-12-31,0.012848358681545846
14735,2024-03-31,386649,2024-06-30,0.021773278698664682
14735,2024-06-30,406618,2024-09-30,0.019756234632056825
14735,2024-09-30,406181,2024-12-31,0.011408991619020429
14744,2024-03-31,200705,2024-06-30,0.005784908858838758
14744,2024-06-30,200733,2024-09-30,0.009210943118204126
14744,2024-09-30,198197,2024-12-31,0.010826070526541278
14761,2024-03-31,242694,2024-06-30,0.009716651082958192
14761,2024-06-30,252442,2024-09-30,0.02529752754535358
14761,2024-09-30,254473,2024-12-31,0.015577171906214132
14769,2024-03-31,647373,2024-06-30,0.005799140225031495
14769,2024-06-30,566392,2024-09-30,-0.013101771498724922
14769,2024-09-30,577223,2024-12-31,0.04285014013742393
14772,2024-03-31,149599,2024-06-30,-0.005541996172082335
14772,2024-06-30,149054,2024-09-30,-0.008227980684678886
14772,2024-09-30,148836,2024-12-31,-0.00371586891193239
14773,2024-03-31,157762,2024-06-30,-0.017528873720575718
14773,2024-06-30,151496,2024-09-30,0.03607465216297813
14773,2024-09-30,159853,2024-12-31,0.012385108213586956
14779,2024-03-31,246226,2024-06-30,0.021722863466076034
14779,2024-06-30,250703,2024-09-30,0.009970199952300965
14779,2024-09-30,242858,2024-12-31,0.02949472008397566
14785,2024-03-31,63224,2024-06-30,0.013376509643776409
14785,2024-06-30,63457,2024-09-30,-0.012881440769694297
14785,2024-09-30,59131,2024-12-31,0.03144638136100873
14801,2024-03-31,458981,2024-06-30,-5.239966743189758e-05
14801,2024-06-30,457348,2024-09-30,-0.004286692666076516
14801,2024-09-30,469988,2024-12-31,-0.0003475205114876041
14807,2024-03-31,200825,2024-06-30,0.03390315627920481
14807,2024-06-30,200978,2024-09-30,0.029785372060312405
14807,2024-09-30,203937,2024-12-31,0.019582703771430444
14809,2024-03-31,197961,2024-06-30,0.008236544214839433
14809,2024-06-30,199660,2024-09-30,0.0038212795747060695
14809,2024-09-30,194562,2024-12-31,0.018579968149779694
14812,2024-03-31,425668,2024-06-30,-0.0111645047048807
14812,2024-06-30,430111,2024-09-30,-0.0004421042287255423
14812,2024-09-30,422480,2024-12-31,0.0005762740847294152
14820,2024-03-31,26149,2024-06-30,0.0032791101632351624
14820,2024-06-30,23976,2024-09-30,0.08961738795272461
14820,2024-09-30,25543,2024-12-31,0.01719927084321929
14836,2024-03-31,376400,2024-06-30,0.027055566289463904
14836,2024-06-30,394169,2024-09-30,0.012596409341528723
14836,2024-09-30,399265,2024-12-31,0.011778229761064223
14843,2024-03-31,5588266,2024-06-30,-0.007836053918143654
14843,2024-06-30,5420280,2024-09-30,0.0072061714368619224
14843,2024-09-30,5375181,2024-12-31,0.000902786373408057
14851,2024-03-31,1050511,2024-06-30,0.014025694630429294
14851,2024-06-30,1021715,2024-09-30,0.011125075805901177
14851,2024-09-30,1035158,2024-12-31,0.02421003118662633
14853,2024-03-31,34349,2024-06-30,-0.04292057342261
14853,2024-06-30,32889,2024-09-30,-0.03793819582868746
14853,2024-09-30,33208,2024-12-31,0.005077068537324542
14857,2024-03-31,293777,2024-06-30,0.0032629801974270907
14857,2024-06-30,292046,2024-09-30,0.006017245496192625
14857,2024-09-30,295577,2024-12-31,0.026755858277283974
14863,2024-03-31,2395517,2024-06-30,-0.01024665394143358
14863,2024-06-30,2462065,2024-09-30,0.021444790047797844
14863,2024-09-30,2468192,2024-12-31,0.012337421316636175
14864,2024-03-31,92036,2024-06-30,-0.005955638887041564
14864,2024-06-30,94115,2024-09-30,-0.011206604880535542
14864,2024-09-30,91309,2024-12-31,0.006027254971227009
14867,2024-03-31,383846,2024-06-30,0.017157399578080726
14867,2024-06-30,382277,2024-09-30,0.029705858172479928
14867,2024-09-30,386625,2024-12-31,0.030716701709207567
14868,2024-03-31,138177,2024-06-30,0.013149699736020936
14868,2024-06-30,135582,2024-09-30,0.00019874945267899392
14868,2024-09-30,129379,2024-12-31,-0.004116369466146436
14883,2024-03-31,402710,2024-06-30,0.04030912494354919
14883,2024-06-30,442039,2024-09-30,0.003086774443303635
14883,2024-09-30,438157,2024-12-31,0.03443212851643417
14885,2024-03-31,753927,2024-06-30,0.035899781029953136
14885,2024-06-30,772277,2024-09-30,0.057026515219101084
14885,2024-09-30,824259,2024-12-31,-0.021886953222778976
14894,2024-03-31,214400,2024-06-30,0.025367346039745893
14894,2024-06-30,210567,2024-09-30,0.02636019024656558
14894,2024-09-30,205327,2024-12-31,0.027542474815198736
14899,2024-03-31,992495,2024-06-30,0.030553953624200207
14899,2024-06-30,1032549,2024-09-30,0.02736313232294467
14899,2024-09-30,1021792,2024-12-31,0.013009090657798907
14904,2024-03-31,102328,2024-06-30,0.0012745641142607746
14904,2024-06-30,97778,2024-09-30,-0.007999882419501924
14904,2024-09-30,97619,2024-12-31,0.024883889824457342
14907,2024-03-31,82052,2024-06-30,0.03644339470649293
14907,2024-06-30,83225,2024-09-30,0.014110691137335969
14907,2024-09-30,85745,2024-12-31,0.03208262833728938
14911,2024-03-31,270704,2024-06-30,0.01866784644950428
14911,2024-06-30,280324,2024-09-30,0.019421619540452673
14911,2024-09-30,291692,2024-12-31,0.021757187241774955
14912,2024-03-31,111536,2024-06-30,0.00559367729312119
14912,2024-06-30,109178,2024-09-30,0.0015641481088670645
14912,2024-09-30,110675,2024-12-31,0.018066415970826148
14914,2024-03-31,198476,2024-06-30,0.02303301169836345
14914,2024-06-30,203727,2024-09-30,0.02310313760399762
14914,2024-09-30,218957,2024-12-31,0.03392932242413698
14920,2024-03-31,93163,2024-06-30,0.0012972048456628635
14920,2024-06-30,93772,2024-09-30,0.0004742554673552526
14920,2024-09-30,95838,2024-12-31,0.004020739759898993
14922,2024-03-31,295769,2024-06-30,0.00690629159116665
14922,2024-06-30,292350,2024-09-30,0.019007447566175503
14922,2024-09-30,305456,2024-12-31,0.02908273113907026
14926,2024-03-31,45750,2024-06-30,-0.00432749627386767
14926,2024-06-30,43808,2024-09-30,-0.0030748797261726563
14929,2024-03-31,600443,2024-06-30,0.0065116041060930985
14929,2024-06-30,672885,2024-09-30,0.12519255391481643
14929,2024-09-30,704118,2024-12-31,-0.011291700703476846
14930,2024-03-31,318089,2024-06-30,0.0020538235047876463
14930,2024-06-30,303939,2024-09-30,-0.007421485553682235
14930,2024-09-30,336937,2024-12-31,-0.013908635447021632
14952,2024-03-31,166922,2024-06-30,-0.01971204154726009
14952,2024-06-30,163077,2024-09-30,0.003908305184934543
14952,2024-09-30,166666,2024-12-31,-0.01298753663411056
14960,2024-03-31,114914,2024-06-30,-0.05116437848293869
14960,2024-06-30,101330,2024-09-30,-0.0019973484593107196
14960,2024-09-30,120142,2024-12-31,0.006123693704404965
14966,2024-03-31,345708,2024-06-30,-0.0245366842012002
14966,2024-06-30,346700,2024-09-30,-0.040004645542223355
14966,2024-09-30,342049,2024-12-31,0.021743985623243516
14969,2024-03-31,1195666,2024-06-30,0.021680925121065533
14969,2024-06-30,1272741,2024-09-30,0.015205527648825908
14969,2024-09-30,1297094,2024-12-31,0.022580422382068782
14974,2024-03-31,412404,2024-06-30,0.01753584947603797
14974,2024-06-30,421390,2024-09-30,-0.017485513684238375
14974,2024-09-30,411355,2024-12-31,0.0065001923022074675
14982,2024-03-31,134363,2024-06-30,-0.02492814415325182
14982,2024-06-30,120929,2024-09-30,0.05626005081871799
14982,2024-09-30,136423,2024-12-31,-0.01715155392798925
14991,2024-03-31,199108,2024-06-30,0.015715043483842693
14991,2024-06-30,201418,2024-09-30,0.01823738540603255
14991,2024-09-30,203540,2024-12-31,0.018851011553896246
14995,2024-03-31,766134,2024-06-30,-0.003525275769762915
14995,2024-06-30,743897,2024-09-30,-0.006773566814165491
14995,2024-09-30,733847,2024-12-31,-0.010589406732761389
14999,2024-03-31,54075,2024-06-30,0.006533242386113113
14999,2024-06-30,56303,2024-09-30,0.038118509381398456
14999,2024-09-30,57931,2024-12-31,0.025988369591478436
15010,2024-03-31,176364,2024-06-30,0.014640872460831277
15010,2024-06-30,182183,2024-09-30,0.01682864378117247
15010,2024-09-30,185787,2024-12-31,0.020965396563571007
15019,2024-03-31,10327275,2024-06-30,0.021886445033279255
15019,2024-06-30,10509132,2024-09-30,0.022009158219208905
15019,2024-09-30,10534756,2024-12-31,0.017995995230877214
15032,2024-03-31,1031225,2024-06-30,0.01618002994239339
15032,2024-06-30,1078852,2024-09-30,0.019066911181619777
15032,2024-09-30,1149572,2024-12-31,-0.032005957830387136
15035,2024-03-31,126287,2024-06-30,0.026794015819000056
15035,2024-06-30,131292,2024-09-30,0.01198841500538911
15035,2024-09-30,125577,2024-12-31,0.03908961598168037
15038,2024-03-31,159951,2024-06-30,0.007832829909021993
15038,2024-06-30,156149,2024-09-30,0.0007563029688849281
15038,2024-09-30,163524,2024-12-31,-0.001071437249934424
15046,2024-03-31,314851,2024-06-30,0.0004894535561968701
15046,2024-06-30,312134,2024-09-30,0.002166264953427391
15046,2024-09-30,324277,2024-12-31,0.0046136174390161684
15050,2024-03-31,253214,2024-06-30,-0.006620688934883265
15050,2024-06-30,259152,2024-09-30,-0.0025688888844930466
15050,2024-09-30,274572,2024-12-31,6.338980422685415e-05
15059,2024-03-31,396513,2024-06-30,0.004994146649399927
15059,2024-06-30,406083,2024-09-30,0.003517110886518975
15059,2024-09-30,400159,2024-12-31,0.015503574622584025
15078,2024-03-31,80664,2024-06-30,0.01869523177747253
15078,2024-06-30,81725,2024-09-30,0.022337731804898342
15078,2024-09-30,80766,2024-12-31,0.02358866340203174
15085,2024-03-31,689691,2024-06-30,0.004658412049330897
15085,2024-06-30,664104,2024-09-30,0.005820626805177856
15085,2024-09-30,684468,2024-12-31,0.0017375744164248247
15091,2024-03-31,2446860,2024-06-30,0.018659458742392696
15091,2024-06-30,2452443,2024-09-30,0.009427116962204335
15091,2024-09-30,2487525,2024-12-31,0.0028787229926058324
15092,2024-03-31,93676,2024-06-30,-0.0010597190901937943
15092,2024-06-30,92710,2024-09-30,-0.00991317597873888
15092,2024-09-30,90797,2024-12-31,0.006685885396841177
15098,2024-03-31,33085,2024-06-30,0.01365969305140187
15098,2024-06-30,33212,2024-09-30,0.00582758266443612
15098,2024-09-30,33986,2024-12-31,0.010972120660828259
15101,2024-03-31,85722,2024-06-30,-0.021247759424178295
15101,2024-06-30,80447,2024-09-30,-0.04848583850230933
15101,2024-09-30,78266,2024-12-31,0.14003410038812147
15104,2024-03-31,257612,2024-06-30,0.025555854062294252
15104,2024-06-30,253337,2024-09-30,0.037038179120762085
15104,2024-09-30,253016,2024-12-31,0.026717752928587676
15105,2024-03-31,73749,2024-06-30,-0.0012314423291091
15105,2024-06-30,68478,2024-09-30,0.0008854037294729239
15105,2024-09-30,66649,2024-12-31,0.002821659783631879
15111,2024-03-31,282924,2024-06-30,0.0011699922292742618
15111,2024-06-30,276642,2024-09-30,-0.011545820984518642
15111,2024-09-30,277596,2024-12-31,0.031748427476489066
15113,2024-03-31,116760,2024-06-30,0.0116076838518621
15113,2024-06-30,120869,2024-09-30,0.01038430325262387
15113,2024-09-30,122742,2024-12-31,0.012300511945317949
15118,2024-03-31,1176813,2024-06-30,0.02711804605462226
15118,2024-06-30,1199764,2024-09-30,0.07265661616766557
15118,2024-09-30,1189972,2024-12-31,0.04813454259429611
15136,2024-03-31,848472,2024-06-30,0.00562845531979705
15136,2024-06-30,831841,2024-09-30,0.034409094581745195
15136,2024-09-30,841331,2024-12-31,0.018687868656360396
15146,2024-03-31,121751,2024-06-30,0.014867299889258768
15146,2024-06-30,124485,2024-09-30,0.017945869611411994
15146,2024-09-30,130523,2024-12-31,0.018797612848335907
15152,2024-03-31,80217,2024-06-30,0.04223133977230615
15152,2024-06-30,80376,2024-09-30,0.020824560359607343
15152,2024-09-30,80388,2024-12-31,0.03871880210840482
15164,2024-03-31,197849,2024-06-30,0.01440955484645921
15164,2024-06-30,198869,2024-09-30,0.008918910796869352
15164,2024-09-30,191381,2024-12-31,0.04065705235155252
15165,2024-03-31,152779,2024-06-30,0.004030538376246012
15165,2024-06-30,151887,2024-09-30,0.069873114777998
15165,2024-09-30,155612,2024-12-31,-0.03969691532705251
15194,2024-03-31,274940,2024-06-30,-0.0031392926793748694
15194,2024-06-30,270219,2024-09-30,-0.006010488265786597
15194,2024-09-30,268834,2024-12-31,0.04745523554576477
15200,2024-03-31,606821,2024-06-30,0.01656598084308604
15200,2024-06-30,621235,2024-09-30,0.017562187812399495
15200,2024-09-30,606542,2024-12-31,0.04234601590232111
15205,2024-03-31,379108,2024-06-30,-0.04246888976237104
15205,2024-06-30,387352,2024-09-30,-0.013821366355496063
15205,2024-09-30,373377,2024-12-31,-0.05856784218086358
15206,2024-03-31,632331,2024-06-30,0.010276716208660299
15206,2024-06-30,625442,2024-09-30,0.0012848860527006106
15206,2024-09-30,608904,2024-12-31,0.029679337834486032
15214,2024-03-31,75543,2024-06-30,-0.025293327287770354
15214,2024-06-30,73609,2024-09-30,-0.02597581207031478
15214,2024-09-30,72188,2024-12-31,-0.0002643540314521254
15216,2024-03-31,143011,2024-06-30,0.03232230098870418
15216,2024-06-30,142876,2024-09-30,0.031507758134239304
15216,2024-09-30,142836,2024-12-31,0.03519503233260654
15228,2024-03-31,128572,2024-06-30,0.04423358455391078
15228,2024-06-30,130362,2024-09-30,0.049274044659963795
15228,2024-09-30,141355,2024-12-31,0.01755111041864214
15229,2024-03-31,2758688,2024-06-30,0.024434337556151462
15229,2024-06-30,2887035,2024-09-30,0.021123055828826225
15229,2024-09-30,2976859,2024-12-31,0.02095654729166563
15237,2024-03-31,79589,2024-06-30,-0.02594775364547969
15237,2024-06-30,79903,2024-09-30,-0.03354334973168156
15237,2024-09-30,76180,2024-12-31,0.04404766933468662
15242,2024-03-31,283753,2024-06-30,0.010657580728203924
15242,2024-06-30,275539,2024-09-30,-0.0038340004405233706
15242,2024-09-30,275692,2024-12-31,0.004106294706605755
15243,2024-03-31,544413,2024-06-30,-0.0027971865397522842
15243,2024-06-30,540182,2024-09-30,0.018275114235979967
15243,2024-09-30,571178,2024-12-31,-0.009654075542397372
15249,2024-03-31,182647,2024-06-30,0.026688566384189098
15249,2024-06-30,186976,2024-09-30,0.02911002841961707
15249,2024-09-30,185399,2024-12-31,0.021996203575563793
15254,2024-03-31,59697,2024-06-30,0.023397931884442766
15254,2024-06-30,62849,2024-09-30,0.040094558126555074
15254,2024-09-30,63833,2024-12-31,0.01957865074193777
15255,2024-03-31,114551,2024-06-30,0.02454026653757493
15255,2024-06-30,119231,2024-09-30,0.03238701778582708
15255,2024-09-30,122910,2024-12-31,0.0328579450503927
15258,2024-03-31,63215,2024-06-30,-0.00224949137033438
15258,2024-06-30,65681,2024-09-30,-0.011893886322869326
15258,2024-09-30,60946,2024-12-31,0.04310872797920925
15259,2024-03-31,99893,2024-06-30,0.021826201254450336
15259,2024-06-30,94286,2024-09-30,0.018107493543549832
15259,2024-09-30,100670,2024-12-31,0.014702677756204114
15261,2024-03-31,121401,2024-06-30,-0.04327618724405246
15261,2024-06-30,108376,2024-09-30,-0.06289826506482367
15261,2024-09-30,112101,2024-12-31,0.06519898736379776
15264,2024-03-31,548299,2024-06-30,0.012873522979040621
15264,2024-06-30,542782,2024-09-30,-0.0019988482941821328
15264,2024-09-30,548848,2024-12-31,0.04862816557148349
15270,2024-03-31,325478,2024-06-30,0.05383321977487396
15270,2024-06-30,341400,2024-09-30,0.05933801123156318
15270,2024-09-30,367188,2024-12-31,0.04433333290392222
15271,2024-03-31,469379,2024-06-30,-0.004191043496013265
15271,2024-06-30,454607,2024-09-30,-0.0065656670480991825
15271,2024-09-30,450347,2024-12-31,-0.0014457253380971776
15272,2024-03-31,563042,2024-06-30,0.014239954551076964
15272,2024-06-30,550637,2024-09-30,-0.03412366802798
15272,2024-09-30,560217,2024-12-31,0.038690447393977666
15282,2024-03-31,224304,2024-06-30,0.015639538002061408
15282,2024-06-30,227543,2024-09-30,0.026672776959832185
15282,2024-09-30,239777,2024-12-31,0.03487801265441047
15286,2024-03-31,418762,2024-06-30,0.023444743033459135
15286,2024-06-30,395255,2024-09-30,0.0458890576329074
15286,2024-09-30,389840,2024-12-31,0.03975573540976236
15305,2024-03-31,363034,2024-06-30,0.007201294083517329
15305,2024-06-30,370407,2024-09-30,0.00805983506017289
15305,2024-09-30,365936,2024-12-31,0.011229463883753383
15306,2024-03-31,283437,2024-06-30,-0.013185026092615562
15306,2024-06-30,273372,2024-09-30,-0.02178036436480538
15306,2024-09-30,267835,2024-12-31,0.00548585376357407
15310,2024-03-31,2250181,2024-06-30,0.009068245874279957
15310,2024-06-30,2225754,2024-09-30,0.0056300857986280595
15310,2024-09-30,2260300,2024-12-31,0.009409114170905725
15311,2024-03-31,139276,2024-06-30,0.0024803941149216815
15311,2024-06-30,141405,2024-09-30,-0.0010263895698045197
15311,2024-09-30,143283,2024-12-31,-0.0012106938767646599
15321,2024-03-31,497486,2024-06-30,0.040508273679553
15321,2024-06-30,481730,2024-09-30,0.053963848023085126
15321,2024-09-30,499964,2024-12-31,0.03849085059340301
15323,2024-03-31,365953,2024-06-30,0.0371976360235003
15323,2024-06-30,398345,2024-09-30,-0.03716582095244898
15323,2024-09-30,371295,2024-12-31,-0.0038153495793919415
15324,2024-03-31,746049,2024-06-30,0.011465662854691418
15324,2024-06-30,1035668,2024-09-30,0.029027502950931382
15324,2024-09-30,1046806,2024-12-31,0.018724529461449292
15326,2024-03-31,44151,2024-06-30,-0.004342342254384454
15326,2024-06-30,43271,2024-09-30,-0.005898465141338601
15326,2024-09-30,42791,2024-12-31,-0.0003342820494374834
15334,2024-03-31,360657,2024-06-30,0.000996392016699249
15334,2024-06-30,373004,2024-09-30,-0.015568022271336327
15334,2024-09-30,369946,2024-12-31,0.036196811143434954
15336,2024-03-31,251468,2024-06-30,-0.01354688612965299
15336,2024-06-30,241237,2024-09-30,-0.023171956581962316
15336,2024-09-30,231449,2024-12-31,-0.009786238034711504
15345,2024-03-31,572571,2024-06-30,0.008459974719168472
15345,2024-06-30,556789,2024-09-30,-0.0033772310400968903
15345,2024-09-30,548391,2024-12-31,-0.004649962636927476
15346,2024-03-31,48001,2024-06-30,-0.012529105968336585
15346,2024-06-30,48725,2024-09-30,-0.0047146119266796935
15346,2024-09-30,50217,2024-12-31,0.012715578833154701
15347,2024-03-31,128872,2024-06-30,-0.010295986422664858
15347,2024-06-30,127543,2024-09-30,-0.0005000221141741015
15347,2024-09-30,129658,2024-12-31,0.05513023084248209
15348,2024-03-31,46303,2024-06-30,0.0010532614892951534
15348,2024-06-30,45783,2024-09-30,-0.0006222055473558985
15348,2024-09-30,49578,2024-12-31,-0.0011345092643727222
15355,2024-03-31,120402,2024-06-30,0.03299555075276113
15355,2024-06-30,125432,2024-09-30,0.022238317506576056
15355,2024-09-30,121324,2024-12-31,0.03037537775228747
15359,2024-03-31,4152523,2024-06-30,0.006031669904621133
15359,2024-06-30,4186281,2024-09-30,0.008841956744744176
15359,2024-09-30,4384994,2024-12-31,0.019165637381429363
15362,2024-03-31,62714,2024-06-30,-0.02539542642357869
15362,2024-06-30,62569,2024-09-30,-0.022527374765200735
15362,2024-09-30,67113,2024-12-31,0.006498214615376415
15364,2024-03-31,52612,2024-06-30,0.02500519071590486
15364,2024-06-30,52036,2024-09-30,0.026888833304213197
15364,2024-09-30,52717,2024-12-31,0.021612366322078864
15367,2024-03-31,160526,2024-06-30,0.0008964763092900639
15367,2024-06-30,165286,2024-09-30,0.010514565554454368
15367,2024-09-30,162130,2024-12-31,0.005628222555977794
15399,2024-03-31,3289591,2024-06-30,0.015802387945552027
15399,2024-06-30,3264357,2024-09-30,0.00540465913244351
15399,2024-09-30,3368614,2024-12-31,0.019752600349773993
15405,2024-03-31,183326,2024-06-30,-0.01612195085356634
15405,2024-06-30,174829,2024-09-30,-0.006628768451214731
15405,2024-09-30,188155,2024-12-31,-0.025629555879902427
15415,2024-03-31,118463,2024-06-30,-0.021493290971866644
15415,2024-06-30,121901,2024-09-30,-0.0085457072465066
15415,2024-09-30,119466,2024-12-31,0.04579676367986624
15423,2024-03-31,662304,2024-06-30,0.060576604979814194
15423,2024-06-30,689007,2024-09-30,0.06466380100648592
15423,2024-09-30,714746,2024-12-31,0.06284751519767551
15427,2024-03-31,167143,2024-06-30,0.00922293417410819
15427,2024-06-30,171218,2024-09-30,-0.0007791672691958361
15427,2024-09-30,168234,2024-12-31,0.006993263551667405
15442,2024-03-31,43092,2024-06-30,-0.03966273059140842
15442,2024-06-30,40512,2024-09-30,-0.046952392424279406
15442,2024-09-30,36799,2024-12-31,0.021324795287624692
15443,2024-03-31,437533,2024-06-30,0.002412289742676573
15443,2024-06-30,438846,2024-09-30,0.0050753650033113305
15443,2024-09-30,446638,2024-12-31,0.014469496560506799
15444,2024-03-31,559060,2024-06-30,-0.0035171041910669076
15444,2024-06-30,540375,2024-09-30,-0.005688378536882079
15444,2024-09-30,546207,2024-12-31,0.0009953144079055964
15460,2024-03-31,80602,2024-06-30,0.021563513747161433
15460,2024-06-30,82730,2024-09-30,0.017372517848779277
15460,2024-09-30,91485,2024-12-31,0.03194204441012634
15463,2024-03-31,393798,2024-06-30,0.022702601460730804
15463,2024-06-30,387396,2024-09-30,0.027304613931076024
15463,2024-09-30,387917,2024-12-31,0.030963234099735705
15465,2024-03-31,787320,2024-06-30,0.0031781283172302496
15465,2024-06-30,769166,2024-09-30,0.0014643565389389252
15465,2024-09-30,746055,2024-12-31,-4.025893765409166e-05
15469,2024-03-31,40764,2024-06-30,-0.008140436671256381
15469,2024-06-30,38156,2024-09-30,-0.01463547155618772
15469,2024-09-30,38634,2024-12-31,0.011657169636349336
15471,2024-03-31,62020,2024-06-30,-0.01167642397116951
15471,2024-06-30,63130,2024-09-30,-0.021234262655434825
15471,2024-09-30,67972,2024-12-31,-0.04409927797492086
15472,2024-03-31,580255,2024-06-30,0.0026194806721045643
15472,2024-06-30,562639,2024-09-30,0.007332038958349192
15472,2024-09-30,606313,2024-12-31,0.008466656977876791
15477,2024-03-31,395824,2024-06-30,0.02157199378679009
15477,2024-06-30,386201,2024-09-30,0.030394901431651637
15477,2024-09-30,387563,2024-12-31,0.04341073312783528
15478,2024-03-31,571353,2024-06-30,0.005715015397359446
15478,2024-06-30,554411,2024-09-30,0.004704727465596214
15478,2024-09-30,573315,2024-12-31,0.016994187480854413
15480,2024-03-31,186249,2024-06-30,0.021282592242818487
15480,2024-06-30,189453,2024-09-30,0.019708875108413564
15480,2024-09-30,192252,2024-12-31,0.019273830034919226
15489,2024-03-31,606971,2024-06-30,0.019635919927720104
15489,2024-06-30,615255,2024-09-30,0.015978210120353713
15489,2024-09-30,604884,2024-12-31,0.02241651165478897
15496,2024-03-31,497164,2024-06-30,0.004439790359157986
15496,2024-06-30,500379,2024-09-30,0.007030461325715113
15496,2024-09-30,519635,2024-12-31,-0.013690705147875739
15501,2024-03-31,102012,2024-06-30,0.010690930958591444
15501,2024-06-30,99235,2024-09-30,0.009151224598731996
15501,2024-09-30,94444,2024-12-31,0.022076966614789806
15510,2024-03-31,370554,2024-06-30,0.019852987006504362
15510,2024-06-30,398749,2024-09-30,0.004436033942785937
15510,2024-09-30,376923,2024-12-31,0.026592414264988384
15511,2024-03-31,1582168,2024-06-30,0.015475218466167985
15511,2024-06-30,1529927,2024-09-30,0.036186308680027375
15511,2024-09-30,1551108,2024-12-31,0.02905513522221476
15519,2024-03-31,211231,2024-06-30,0.02900701271591003
15519,2024-06-30,206349,2024-09-30,0.06789724129129876
15519,2024-09-30,215918,2024-12-31,0.0538619325784529
15523,2024-03-31,175894,2024-06-30,-0.004982990677602183
15523,2024-06-30,175800,2024-09-30,0.014222598451461548
15523,2024-09-30,175775,2024-12-31,0.06610528830570346
15532,2024-03-31,84957,2024-06-30,0.0028103256439102387
15532,2024-06-30,81357,2024-09-30,-0.0033690442560572772
15532,2024-09-30,84557,2024-12-31,0.008188536240994197
15539,2024-03-31,306389,2024-06-30,0.005873199603026769
15539,2024-06-30,311848,2024-09-30,-0.012080766500685305
15539,2024-09-30,324015,2024-12-31,0.03237346740474529
15545,2024-03-31,1030545,2024-06-30,0.032358428080650745
15545,2024-06-30,1034001,2024-09-30,0.032809851839884455
15545,2024-09-30,1029395,2024-12-31,0.029943021250093925
15546,2024-03-31,132998,2024-06-30,-0.00882651411667878
15546,2024-06-30,124758,2024-09-30,-0.01707053530070718
15546,2024-09-30,125807,2024-12-31,0.00877089083039721
15547,2024-03-31,75645,2024-06-30,-0.002129205188572773
15547,2024-06-30,69964,2024-09-30,0.03983434087158795
15547,2024-09-30,68895,2024-12-31,0.03325192899699918
15555,2024-03-31,1812590,2024-06-30,0.016603943028127302
15555,2024-06-30,1804446,2024-09-30,0.020605094465903136
15555,2024-09-30,1823966,2024-12-31,0.01770453882348445
15562,2024-03-31,849223,2024-06-30,0.008736992196661129
15562,2024-06-30,821400,2024-09-30,0.008478012041025301
15562,2024-09-30,816562,2024-12-31,0.029309715682494387
15565,2024-03-31,883538,2024-06-30,0.0040736993606546035
15565,2024-06-30,889302,2024-09-30,0.009067825366436697
15565,2024-09-30,936331,2024-12-31,0.004200257777732783
15566,2024-03-31,296191,2024-06-30,0.021138057700144458
15566,2024-06-30,306121,2024-09-30,0.021232746901226108
15566,2024-09-30,304308,2024-12-31,0.025014316192576522
15572,2024-03-31,1265864,2024-06-30,0.004636300569062924
15572,2024-06-30,1260243,2024-09-30,-0.0019390438125983088
15572,2024-09-30,1253203,2024-12-31,0.022629056723512085
15578,2024-03-31,76794,2024-06-30,-0.025292692554425875
15578,2024-06-30,74820,2024-09-30,-0.01400133025867193
15578,2024-09-30,76290,2024-12-31,-0.014679787849703186
15580,2024-03-31,186117,2024-06-30,0.011313707955342336
15580,2024-06-30,193351,2024-09-30,-0.045385830493499084
15580,2024-09-30,194008,2024-12-31,0.11727427141744538
15584,2024-03-31,831394,2024-06-30,0.012174013006473207
15584,2024-06-30,843009,2024-09-30,0.014008014973220125
15584,2024-09-30,856996,2024-12-31,0.012637722082853537
15585,2024-03-31,133259,2024-06-30,0.01770333981055654
15585,2024-06-30,132021,2024-09-30,0.019071766017885607
15585,2024-09-30,131163,2024-12-31,0.02377366362763684
15590,2024-03-31,197187,2024-06-30,0.03092517744435692
15590,2024-06-30,205926,2024-09-30,0.00782124043875183
15590,2024-09-30,205679,2024-12-31,0.009305822601315506
15593,2024-03-31,56906,2024-06-30,-0.002632739272387246
15593,2024-06-30,56991,2024-09-30,-0.05476207897276354
15593,2024-09-30,53660,2024-12-31,0.02988805681395062
15597,2024-03-31,61722,2024-06-30,-7.935436612315539e-05
15597,2024-06-30,59703,2024-09-30,-0.015847608462340887
15597,2024-09-30,58550,2024-12-31,0.011168365034923185
15598,2024-03-31,163835,2024-06-30,0.019917321983927923
15598,2024-06-30,157865,2024-09-30,0.04050334301029662
15598,2024-09-30,164935,2024-12-31,0.020483878176718567
15606,2024-03-31,99175,2024-06-30,0.0054270627006241644
15606,2024-06-30,97235,2024-09-30,-0.01248589387371618
15606,2024-09-30,95664,2024-12-31,0.012274200062994895
15610,2024-03-31,204019,2024-06-30,0.012780058109758671
15610,2024-06-30,209556,2024-09-30,-0.002778657716297945
15610,2024-09-30,211669,2024-12-31,0.011879580446850058
15614,2024-03-31,3070735,2024-06-30,0.02144210274493124
15614,2024-06-30,3186276,2024-09-30,0.0193478540434838
15614,2024-09-30,3283888,2024-12-31,0.020580240634554183
15621,2024-03-31,74320,2024-06-30,0.05830331491829374
15621,2024-06-30,72673,2024-09-30,0.06008089544795701
15621,2024-09-30,77863,2024-12-31,0.036382920011790894
15629,2024-03-31,181392,2024-06-30,0.006592339863776575
15629,2024-06-30,187072,2024-09-30,0.007492336506911331
15629,2024-09-30,188252,2024-12-31,0.025049419674136392
15632,2024-03-31,713546,2024-06-30,0.03038191476618973
15632,2024-06-30,728883,2024-09-30,0.029591822061557693
15632,2024-09-30,703780,2024-12-31,0.045126435577721474
15651,2024-03-31,179614,2024-06-30,0.018892783100594678
15651,2024-06-30,172870,2024-09-30,-0.011280839327685624
15651,2024-09-30,175472,2024-12-31,0.011414938687674145
15657,2024-03-31,842432,2024-06-30,0.05187450356445978
15657,2024-06-30,797799,2024-09-30,0.04446695508651294
15657,2024-09-30,831813,2024-12-31,0.032116370360295715
15663,2024-03-31,793964,2024-06-30,0.00691858053488611
15663,2024-06-30,773497,2024-09-30,0.003611999346630092
15663,2024-09-30,782995,2024-12-31,0.014177961866538386
15664,2024-03-31,177899,2024-06-30,0.0011965083362285287
15664,2024-06-30,188149,2024-09-30,0.01157977506187442
15664,2024-09-30,183523,2024-12-31,0.008513217846027894
15669,2024-03-31,368130,2024-06-30,0.003388669041426595
15669,2024-06-30,362020,2024-09-30,0.001922496830507085
15669,2024-09-30,366459,2024-12-31,0.0026917923783776813
15671,2024-03-31,343688,2024-06-30,-0.0022049404419441027
15671,2024-06-30,345245,2024-09-30,-0.007346885653191573
15671,2024-09-30,350850,2024-12-31,0.03684201739015692
15673,2024-03-31,240854,2024-06-30,-0.030711673109660855
15673,2024-06-30,233915,2024-09-30,-0.027742475184353965
15675,2024-03-31,292863,2024-06-30,0.014861094429962887
15675,2024-06-30,288576,2024-09-30,0.015792360990773264
15675,2024-09-30,285165,2024-12-31,0.011251536239009822
15687,2024-03-31,251239,2024-06-30,0.006352767473891545
15687,2024-06-30,254019,2024-09-30,0.007725218898016942
15687,2024-09-30,272184,2024-12-31,0.011361282627170441
15690,2024-03-31,518342,2024-06-30,0.018390329698712533
15690,2024-06-30,524852,2024-09-30,0.003680447290494293
15690,2024-09-30,515906,2024-12-31,0.03950033280264548
15699,2024-03-31,421236,2024-06-30,0.03912092402319044
15699,2024-06-30,433002,2024-09-30,0.02291004611271021
15699,2024-09-30,435009,2024-12-31,0.013441806126145857
15701,2024-03-31,178107,2024-06-30,-0.01168466334733637
15701,2024-06-30,179386,2024-09-30,-0.006687968037460907
15701,2024-09-30,186413,2024-12-31,0.002047101892008406
15703,2024-03-31,352069,2024-06-30,0.009090632020303954
15703,2024-06-30,351031,2024-09-30,0.008209575306740501
15703,2024-09-30,342087,2024-12-31,0.0074389054013208715
15708,2024-03-31,276319,2024-06-30,0.0023745084485598737
15708,2024-06-30,290729,2024-09-30,0.01755199389516422
15708,2024-09-30,294797,2024-12-31,0.011298145966851348
15728,2024-03-31,1155285,2024-06-30,0.011353884065042905
15728,2024-06-30,1122953,2024-09-30,0.009036996785675494
15728,2024-09-30,1109979,2024-12-31,0.003014934527474889
15729,2024-03-31,357010,2024-06-30,0.0099131951818913
15729,2024-06-30,358126,2024-09-30,0.010641874619619487
15729,2024-09-30,354819,2024-12-31,0.00971676094486211
15731,2024-03-31,114298,2024-06-30,0.03907329796667781
15731,2024-06-30,114819,2024-09-30,0.02320025008103087
15731,2024-09-30,117300,2024-12-31,0.03472324665553758
15734,2024-03-31,441127,2024-06-30,-0.0048050899299307585
15734,2024-06-30,460293,2024-09-30,0.017270634476079752
15734,2024-09-30,457992,2024-12-31,0.013497930641185292
15741,2024-03-31,111240,2024-06-30,-0.054108424790729436
15741,2024-06-30,102472,2024-09-30,0.0013217747486552831
15741,2024-09-30,100502,2024-12-31,0.0491809975767101
15749,2024-03-31,48705,2024-06-30,0.012953176495235554
15749,2024-06-30,49985,2024-09-30,-0.002664076524055335
15749,2024-09-30,47800,2024-12-31,0.02618273613167737
15751,2024-03-31,35837,2024-06-30,-0.022808909515296464
15751,2024-06-30,55939,2024-09-30,-0.2835256905896249
15751,2024-09-30,68944,2024-12-31,-0.19829035519662994
15752,2024-03-31,1285870,2024-06-30,0.01415926619323225
15752,2024-06-30,1268936,2024-09-30,0.012036349756341184
15752,2024-09-30,1258138,2024-12-31,0.014338953673480022
15760,2024-03-31,279203,2024-06-30,-0.005210216124642073
15760,2024-06-30,276002,2024-09-30,-0.007660419105635255
15760,2024-09-30,282485,2024-12-31,-0.008166734657041852
15762,2024-03-31,32206,2024-06-30,-0.02475990366646695
15762,2024-06-30,30062,2024-09-30,-0.0019799308305876316
15762,2024-09-30,30191,2024-12-31,0.0024203772026791153
15763,2024-03-31,158364,2024-06-30,-0.007654287736445526
15763,2024-06-30,160417,2024-09-30,-0.009569014154392236
15763,2024-09-30,162271,2024-12-31,-0.007577127702912279
15767,2024-03-31,39673,2024-06-30,0.038559464723285065
15767,2024-06-30,36789,2024-09-30,0.04730917661775629
15767,2024-09-30,36314,2024-12-31,0.04133335666743583
15771,2024-03-31,541774,2024-06-30,0.006856550248980737
15771,2024-06-30,538306,2024-09-30,-0.0022197934749826924
15771,2024-09-30,535387,2024-12-31,0.044995202543470586
15772,2024-03-31,203754,2024-06-30,0.018936633654527482
15772,2024-06-30,207237,2024-09-30,0.018901622888484557
15772,2024-09-30,206115,2024-12-31,0.025757103108721913
15778,2024-03-31,48674,2024-06-30,-0.010339518697543841
15778,2024-06-30,48004,2024-09-30,-0.016988935707175717
15778,2024-09-30,46789,2024-12-31,-0.012475444917558214
15779,2024-03-31,743050,2024-06-30,0.028102182074456094
15779,2024-06-30,766783,2024-09-30,0.03153686415109823
15779,2024-09-30,764097,2024-12-31,0.01595563086335971
15784,2024-03-31,74007,2024-06-30,0.007058194413232434
15784,2024-06-30,75644,2024-09-30,0.009213526737283588
15784,2024-09-30,74737,2024-12-31,0.011293432616829484
15792,2024-03-31,62018,2024-06-30,0.01131706319507762
15792,2024-06-30,62720,2024-09-30,0.010293830266449354
15792,2024-09-30,61285,2024-12-31,0.0014575622739870404
15797,2024-03-31,5062311,2024-06-30,0.01574908794921192
15797,2024-06-30,5191787,2024-09-30,0.0177954436800403
15797,2024-09-30,5244756,2024-12-31,0.015625601180082032
15799,2024-03-31,437495,2024-06-30,0.02358008212603968
15799,2024-06-30,451172,2024-09-30,0.008581341032009943
15799,2024-09-30,468548,2024-12-31,0.019204259994067212
15801,2024-03-31,447428,2024-06-30,-0.0214422712429447
15801,2024-06-30,435945,2024-09-30,0.00791431207311542
15801,2024-09-30,424163,2024-12-31,0.03218456819077138
15808,2024-03-31,358984,2024-06-30,0.02260358715391476
15808,2024-06-30,364955,2024-09-30,0.007942213999683888
15808,2024-09-30,358675,2024-12-31,0.004085894238292016
15809,2024-03-31,1647434,2024-06-30,0.010881277959784306
15809,2024-06-30,1682360,2024-09-30,0.018986856271134358
15809,2024-09-30,1661186,2024-12-31,0.021020895171327898
15815,2024-03-31,2751861,2024-06-30,0.009604896365919569
15815,2024-06-30,2753545,2024-09-30,0.011475026081415216
15815,2024-09-30,2787778,2024-12-31,0.01650942894881252
15817,2024-03-31,45577,2024-06-30,0.05267590045501996
15817,2024-06-30,49774,2024-09-30,0.05639028501378231
15817,2024-09-30,55068,2024-12-31,0.04999537663129022
15820,2024-03-31,105955,2024-06-30,0.016953024966139523
15820,2024-06-30,105808,2024-09-30,0.023225623129187533
15820,2024-09-30,104537,2024-12-31,0.010243470767907185
15826,2024-03-31,154118,2024-06-30,-0.009748465995921078
15826,2024-06-30,156667,2024-09-30,-0.010220382812241215
15826,2024-09-30,162067,2024-12-31,0.002420111545921754
15830,2024-03-31,211948,2024-06-30,-0.006014762656811849
15830,2024-06-30,206115,2024-09-30,-0.001626300405936591
15839,2024-03-31,83993,2024-06-30,-0.05010531796789939
15839,2024-06-30,88849,2024-09-30,0.036340570377849164
15839,2024-09-30,95462,2024-12-31,-0.021116559114766894
15847,2024-03-31,56096,2024-06-30,-0.04408153622806567
15847,2024-06-30,58043,2024-09-30,-0.02664715200502014
15847,2024-09-30,57097,2024-12-31,-0.00977742936503556
15853,2024-03-31,22465,2024-06-30,-0.004004488126650528
15853,2024-06-30,21151,2024-09-30,-0.03330474377175898
15853,2024-09-30,20429,2024-12-31,-0.014150152594954803
15871,2024-03-31,455683,2024-06-30,0.011562669083910434
15871,2024-06-30,459505,2024-09-30,0.010175263292557156
15871,2024-09-30,469458,2024-12-31,0.01356436774839889
15873,2024-03-31,134522,2024-06-30,0.024422878438840483
15873,2024-06-30,136456,2024-09-30,0.01935439593924997
15873,2024-09-30,142257,2024-12-31,0.010726088677070457
15883,2024-03-31,447776,2024-06-30,0.0074984394237523075
15883,2024-06-30,458695,2024-09-30,0.002978599169535675
15883,2024-09-30,446425,2024-12-31,0.02145068518843654
15898,2024-03-31,648895,2024-06-30,-0.07383171638559681
15898,2024-06-30,610228,2024-09-30,-0.05267386255033338
15898,2024-09-30,597434,2024-12-31,0.0033077629351905492
15899,2024-03-31,188618,2024-06-30,-0.0043326932475670835
15899,2024-06-30,163559,2024-09-30,0.016193894743577398
15899,2024-09-30,158918,2024-12-31,0.0400945485316945
15904,2024-03-31,76110,2024-06-30,0.010176572893850419
15904,2024-06-30,76437,2024-09-30,0.007729220022462784
15904,2024-09-30,76627,2024-12-31,0.0058049142175860945
15907,2024-03-31,106597,2024-06-30,-9.708100436799304e-05
15907,2024-06-30,106735,2024-09-30,-0.0016069891356075964
15908,2024-03-31,153334,2024-06-30,0.005670900822888769
15908,2024-06-30,154564,2024-09-30,0.003966322315953842
15908,2024-09-30,153091,2024-12-31,0.012030533087070262
15912,2024-03-31,1140431,2024-06-30,0.02332753426743751
15912,2024-06-30,1148954,2024-09-30,0.01599510882571338
15912,2024-09-30,1196036,2024-12-31,0.010914543510974175
15913,2024-03-31,165757,2024-06-30,-0.003967992341650821
15913,2024-06-30,180855,2024-09-30,-0.005420499747168766
15913,2024-09-30,175323,2024-12-31,-0.0028261272817071206
15928,2024-03-31,121446,2024-06-30,0.005820784565392964
15928,2024-06-30,118626,2024-09-30,0.021849466628416345
15928,2024-09-30,129398,2024-12-31,0.013520985883661766
15930,2024-03-31,21991,2024-06-30,0.018790774687373054
15930,2024-06-30,23088,2024-09-30,-0.01083438746524132
15930,2024-09-30,22846,2024-12-31,-0.013243764148360622
15932,2024-03-31,872528,2024-06-30,0.00567378848293339
15932,2024-06-30,900708,2024-09-30,0.016702468057794722
15932,2024-09-30,904525,2024-12-31,0.012226729766675841
15939,2024-03-31,127139,2024-06-30,-0.010065335255818523
15939,2024-06-30,122730,2024-09-30,-0.014122559793583272
15939,2024-09-30,124213,2024-12-31,0.01651268225919801
15945,2024-03-31,284881,2024-06-30,0.011176134716462624
15945,2024-06-30,278247,2024-09-30,0.01603635103442689
15945,2024-09-30,285002,2024-12-31,0.009022880551930035
15947,2024-03-31,321403,2024-06-30,0.0010919258578128352
15947,2024-06-30,318456,2024-09-30,-0.0066958616824347545
15947,2024-09-30,322881,2024-12-31,0.0053686946751649745
15953,2024-03-31,2113603,2024-06-30,0.01421072111048812
15953,2024-06-30,2059640,2024-09-30,0.004434197511079051
15953,2024-09-30,2264016,2024-12-31,0.040557226991583935
15966,2024-03-31,293742,2024-06-30,-0.005762745114343227
15966,2024-06-30,294297,2024-09-30,-0.008759511957484027
15966,2024-09-30,286541,2024-12-31,-0.011330102670701695
15969,2024-03-31,461857,2024-06-30,0.030885879038655233
15969,2024-06-30,438451,2024-09-30,0.037962598763046015
15969,2024-09-30,439989,2024-12-31,0.03678851285822582
15970,2024-03-31,1101208,2024-06-30,0.018146441246741748
15970,2024-06-30,1131985,2024-09-30,0.010647191283108846
15970,2024-09-30,1155237,2024-12-31,0.01610027561891922
15987,2024-03-31,769225,2024-06-30,0.025309778236636583
15987,2024-06-30,796939,2024-09-30,0.010647779005026314
15987,2024-09-30,793477,2024-12-31,0.0022341350828647562
15990,2024-03-31,774156,2024-06-30,0.012053699587000555
15990,2024-06-30,759959,2024-09-30,0.03142038937867841
15990,2024-09-30,776465,2024-12-31,-0.01633898764837387
15995,2024-03-31,1681955,2024-06-30,0.025152397332635676
15995,2024-06-30,1714703,2024-09-30,0.017041927343296
15995,2024-09-30,1718428,2024-12-31,0.018649936056656123
16026,2024-03-31,5559007,2024-06-30,0.003279796679782078
16026,2024-06-30,5560107,2024-09-30,0.00258973136365214
16026,2024-09-30,5631071,2024-12-31,0.006214932899165652
16030,2024-03-31,260960,2024-06-30,0.014975725148390273
16030,2024-06-30,259792,2024-09-30,0.006955857552694883
16030,2024-09-30,256829,2024-12-31,0.0022097348656364116
16032,2024-03-31,1053474,2024-06-30,0.009588567151286916
16032,2024-06-30,1053187,2024-09-30,0.0024301909020351814
16032,2024-09-30,1058823,2024-12-31,0.006820741039285391
16039,2024-03-31,242631,2024-06-30,0.024161258998647427
16039,2024-06-30,242651,2024-09-30,0.02520645817644193
16039,2024-09-30,237342,2024-12-31,0.026765784226577615
16040,2024-03-31,347472,2024-06-30,0.011869399987566205
16040,2024-06-30,344302,2024-09-30,0.016331790461899788
16040,2024-09-30,336432,2024-12-31,0.016232311550069437
16068,2024-03-31,14810939,2024-06-30,-0.0017274495356689862
16068,2024-06-30,14546884,2024-09-30,-0.0010293117793713556
16068,2024-09-30,14234005,2024-12-31,-0.012736237220317182
16075,2024-03-31,444847,2024-06-30,0.00506999692164727
16075,2024-06-30,436591,2024-09-30,0.01822808617221226
16075,2024-09-30,441991,2024-12-31,0.004737214676098066
16079,2024-03-31,160939,2024-06-30,-0.005108805034871796
16079,2024-06-30,156126,2024-09-30,-0.027036204129526734
16079,2024-09-30,153655,2024-12-31,0.016077801916116994
16094,2024-03-31,44435,2024-06-30,-0.007617895901499843
16094,2024-06-30,49038,2024-09-30,-0.004424412752008171
16094,2024-09-30,46255,2024-12-31,-0.003818438153369542
16101,2024-03-31,507075,2024-06-30,0.013736123798580928
16101,2024-06-30,513127,2024-09-30,0.0004612642409651256
16101,2024-09-30,504951,2024-12-31,0.008041853673731645
16103,2024-03-31,71428,2024-06-30,0.03731550577029046
16103,2024-06-30,71987,2024-09-30,0.03175766645737649
16103,2024-09-30,70163,2024-12-31,0.043010270356473985
16110,2024-03-31,49410,2024-06-30,-0.02112366352503869
16110,2024-06-30,48494,2024-09-30,-0.006873538285375118
16110,2024-09-30,48341,2024-12-31,0.0048959090362509965
16111,2024-03-31,659985,2024-06-30,0.009958464070915185
16111,2024-06-30,654198,2024-09-30,0.009659791018697877
16111,2024-09-30,662605,2024-12-31,0.008456665394857428
16114,2024-03-31,151622,2024-06-30,0.025061457649532732
16114,2024-06-30,152872,2024-09-30,0.014280941753728078
16114,2024-09-30,149120,2024-12-31,0.016733781182576513
16116,2024-03-31,380889,2024-06-30,0.053443439309532645
16116,2024-06-30,383406,2024-09-30,0.03385111310463562
16116,2024-09-30,375773,2024-12-31,0.028445555047454642
16120,2024-03-31,99508,2024-06-30,0.007245815571208751
16120,2024-06-30,101427,2024-09-30,-0.005441829627210984
16120,2024-09-30,97175,2024-12-31,-0.0019184710202030343
16125,2024-03-31,562655,2024-06-30,0.01714584772851921
16125,2024-06-30,562836,2024-09-30,0.016988462283878007
16125,2024-09-30,559789,2024-12-31,0.01658512263469833
16126,2024-03-31,171151,2024-06-30,-0.026272375587279836
16126,2024-06-30,167345,2024-09-30,-0.022259863315741993
16126,2024-09-30,168507,2024-12-31,-0.026060449572604227
16127,2024-03-31,430474,2024-06-30,-0.0206738022940839
16127,2024-06-30,418261,2024-09-30,-0.040102481239552054
16127,2024-09-30,399965,2024-12-31,0.011467793155320125
16130,2024-03-31,3665066,2024-06-30,-0.007338077312417175
16130,2024-06-30,3698631,2024-09-30,2.370041063077406e-05
16130,2024-09-30,3728181,2024-12-31,-0.0036519890811059813
16151,2024-03-31,66201,2024-06-30,-0.006777909006171922
16151,2024-06-30,67736,2024-09-30,-0.02606630625959065
16151,2024-09-30,69070,2024-12-31,-0.010323365406616377
16152,2024-03-31,206188,2024-06-30,0.02327996221072362
16152,2024-06-30,214846,2024-09-30,0.027184845976225246
16152,2024-09-30,220030,2024-12-31,0.021663455000475312
16154,2024-03-31,65399,2024-06-30,-0.0029279425389552196
16154,2024-06-30,64359,2024-09-30,-0.01892717751688001
16154,2024-09-30,64517,2024-12-31,0.06961218329477831
16160,2024-03-31,1219491,2024-06-30,0.0006940713015314605
16160,2024-06-30,1183128,2024-09-30,0.03111072277543162
16160,2024-09-30,1218495,2024-12-31,0.020963214266252063
16161,2024-03-31,135381,2024-06-30,-0.0379772924020397
16161,2024-06-30,140250,2024-09-30,-0.023794365109372093
16161,2024-09-30,145822,2024-12-31,0.0021858079027866086
16162,2024-03-31,194897,2024-06-30,-0.017199775634977887
16162,2024-06-30,205964,2024-09-30,-0.01771237027880458
16162,2024-09-30,213594,2024-12-31,-0.007780946472478638
16167,2024-03-31,88135,2024-06-30,0.02189154292298065
16167,2024-06-30,86851,2024-09-30,0.031138364756265798
16167,2024-09-30,90082,2024-12-31,0.019922846221181376
16175,2024-03-31,773136,2024-06-30,0.008278718010823104
16175,2024-06-30,774607,2024-09-30,0.013202235751183428
16175,2024-09-30,786573,2024-12-31,0.013447322265381858
16176,2024-03-31,120728,2024-06-30,0.014465501103712001
16176,2024-06-30,121943,2024-09-30,0.014064986052520538
16176,2024-09-30,122368,2024-12-31,0.010021763429459625
16177,2024-03-31,116982,2024-06-30,-0.003959771139966566
16177,2024-06-30,109574,2024-09-30,-0.05548766431764515
16177,2024-09-30,105278,2024-12-31,0.02061725088609978
16185,2024-03-31,94524,2024-06-30,0.029244957723111312
16185,2024-06-30,95492,2024-09-30,0.029035287155295478
16185,2024-09-30,95842,2024-12-31,0.021890119806879216
16191,2024-03-31,5108684,2024-06-30,0.015097666052153258
16191,2024-06-30,5103780,2024-09-30,0.021848162922055672
16191,2024-09-30,5362812,2024-12-31,0.02914405374378123
16198,2024-03-31,75048,2024-06-30,-0.02241074457859964
16198,2024-06-30,69425,2024-09-30,0.032932038169117564
16198,2024-09-30,69964,2024-12-31,-0.003635590875707894
16201,2024-03-31,208440,2024-06-30,0.02126819317789762
16201,2024-06-30,209443,2024-09-30,0.01558003442497383
16201,2024-09-30,207362,2024-12-31,0.0160911867042906
16216,2024-03-31,1460397,2024-06-30,0.0075209212515196956
16216,2024-06-30,1469903,2024-09-30,0.01820193352204936
16216,2024-09-30,1487662,2024-12-31,0.0200147998625373
16221,2024-03-31,642523,2024-06-30,0.01969171443926183
16221,2024-06-30,643375,2024-09-30,0.015453341421184243
16221,2024-09-30,649574,2024-12-31,0.017496999911879786
16222,2024-03-31,77940,2024-06-30,0.017441612424617524
16222,2024-06-30,79869,2024-09-30,0.008687431114102152
16222,2024-09-30,79717,2024-12-31,0.02025780528658618
16228,2024-03-31,126812,2024-06-30,-0.010749176620672924
16228,2024-06-30,158597,2024-09-30,-0.0037994566694710685
16228,2024-09-30,149332,2024-12-31,-0.04818203144450422
16231,2024-03-31,319628,2024-06-30,-0.026535831348046067
16231,2024-06-30,315108,2024-09-30,-0.008071059078456518
16231,2024-09-30,321508,2024-12-31,0.062460800012319725
16243,2024-03-31,762857,2024-06-30,0.026537399389666965
16243,2024-06-30,753834,2024-09-30,0.02518571653635456
16243,2024-09-30,742384,2024-12-31,0.03189601883461781
16246,2024-03-31,317293,2024-06-30,0.013742243559864394
16246,2024-06-30,316816,2024-09-30,0.014356871433853563
16246,2024-09-30,329344,2024-12-31,0.012485305252436109
16247,2024-03-31,53845,2024-06-30,0.01662940200897503
16247,2024-06-30,53782,2024-09-30,0.020282927077379064
16247,2024-09-30,53873,2024-12-31,0.022225254835523685
16249,2024-03-31,343643,2024-06-30,0.03417139605065492
16249,2024-06-30,334023,2024-09-30,0.011501547226463451
16249,2024-09-30,329868,2024-12-31,0.008024517573374407
16250,2024-03-31,1724045,2024-06-30,0.004370559674276722
16250,2024-06-30,1750093,2024-09-30,0.0053891815496374664
16250,2024-09-30,1729045,2024-12-31,0.00652645137090588
16265,2024-03-31,813516,2024-06-30,0.006176366043073357
16265,2024-06-30,844844,2024-09-30,0.015741468629071987
16265,2024-09-30,882197,2024-12-31,0.02148943328776345
16275,2024-03-31,151830,2024-06-30,0.019567127294615568
16275,2024-06-30,154133,2024-09-30,0.02125779002722718
16275,2024-09-30,162248,2024-12-31,0.02177449723402208
16276,2024-03-31,546494,2024-06-30,0.014876571777275173
16276,2024-06-30,552786,2024-09-30,0.008058058563889524
16276,2024-09-30,583463,2024-12-31,0.00912603336615363
16281,2024-03-31,22771,2024-06-30,0.025022510386894417
16281,2024-06-30,24971,2024-09-30,-0.0006199651394078091
16281,2024-09-30,26665,2024-12-31,-0.032300260350020135
16282,2024-03-31,61244,2024-06-30,0.06570726516722104
16282,2024-06-30,63040,2024-09-30,-0.03114528866393692
16282,2024-09-30,53772,2024-12-31,-0.034871000662431935
16283,2024-03-31,209911,2024-06-30,0.021013041200324777
16283,2024-06-30,227509,2024-09-30,0.009911342994201322
16283,2024-09-30,217095,2024-12-31,0.03529901087600676
16288,2024-03-31,271728,2024-06-30,0.02982079103441709
16288,2024-06-30,274924,2024-09-30,0.024615886107398142
16288,2024-09-30,285436,2024-12-31,0.040238357836566575
16307,2024-03-31,632420,2024-06-30,0.002747821427833444
16307,2024-06-30,664396,2024-09-30,0.007048275171772376
16307,2024-09-30,621085,2024-12-31,0.017704087111136708
16318,2024-03-31,61345,2024-06-30,0.015165850359469931
16318,2024-06-30,61753,2024-09-30,0.01041387280252661
16318,2024-09-30,63983,2024-12-31,0.00757418061786499
16330,2024-03-31,34073,2024-06-30,0.04898856612736599
16330,2024-06-30,36391,2024-09-30,-0.060495239292993615
16330,2024-09-30,35704,2024-12-31,-0.008184221842764386
16332,2024-03-31,447658,2024-06-30,-0.013529249509589584
16332,2024-06-30,445886,2024-09-30,0.004722851567310385
16332,2024-09-30,440339,2024-12-31,-0.0038063518224372523
16333,2024-03-31,177836,2024-06-30,-0.007848030758428676
16333,2024-06-30,182103,2024-09-30,0.0032370659159336444
16333,2024-09-30,185926,2024-12-31,0.013025766466933004
16334,2024-03-31,156462,2024-06-30,-0.005508473989227499
16334,2024-06-30,164787,2024-09-30,0.0595086487002097
16334,2024-09-30,176119,2024-12-31,0.0016162895093933605
16339,2024-03-31,188062,2024-06-30,0.019257016781045567
16339,2024-06-30,189938,2024-09-30,0.009410332296237464
16339,2024-09-30,190558,2024-12-31,0.026936348000312884
16344,2024-03-31,74817,2024-06-30,0.023927986673051235
16344,2024-06-30,81471,2024-09-30,-0.011410849209311982
16344,2024-09-30,72765,2024-12-31,0.01264276667104805
16363,2024-03-31,240609,2024-06-30,0.24748221271415238
16363,2024-06-30,289255,2024-09-30,0.14044439041636012
16363,2024-09-30,388805,2024-12-31,0.19794090012654555
16369,2024-03-31,222299,2024-06-30,0.022036904160808994
16369,2024-06-30,219638,2024-09-30,0.030937877015432335
16369,2024-09-30,211981,2024-12-31,0.04497580483231436
16370,2024-03-31,171739,2024-06-30,-0.0026792869323004963
16370,2024-06-30,173155,2024-09-30,-0.001202185693339473
16370,2024-09-30,187348,2024-12-31,0.005642638011526883
16386,2024-03-31,98063,2024-06-30,0.008347707964301645
16386,2024-06-30,98348,2024-09-30,0.009369432669007253
16386,2024-09-30,100690,2024-12-31,0.011618200974967617
16389,2024-03-31,1279589,2024-06-30,0.02084161204482072
16389,2024-06-30,1286253,2024-09-30,0.011446799433732753
16389,2024-09-30,1277633,2024-12-31,0.0023100691682378764
16394,2024-03-31,41637,2024-06-30,-0.0049145402700317775
16394,2024-06-30,40044,2024-09-30,-0.013283089189646272
16394,2024-09-30,39275,2024-12-31,-0.00552085486799288
16395,2024-03-31,54037,2024-06-30,-0.00842015859263257
16396,2024-03-31,206233,2024-06-30,0.02146856180924213
16396,2024-06-30,207692,2024-09-30,0.017741411573715893
16396,2024-09-30,203655,2024-12-31,0.006018978368364941
16402,2024-03-31,835537,2024-06-30,0.0036496945036158554
16402,2024-06-30,823023,2024-09-30,0.00297753795346622
16402,2024-09-30,816241,2024-12-31,0.004056524291578589
16410,2024-03-31,174044,2024-06-30,0.020748656003034643
16410,2024-06-30,180998,2024-09-30,0.029147055983052682
16410,2024-09-30,193909,2024-12-31,0.023170605777252953
16413,2024-03-31,73292,2024-06-30,-0.01046024983872402
16413,2024-06-30,73618,2024-09-30,-0.04008409304809175
16413,2024-09-30,72272,2024-12-31,-0.002079396426930355
16416,2024-03-31,379612,2024-06-30,-0.005629098001549641
16416,2024-06-30,371321,2024-09-30,-0.00692415861088281
16416,2024-09-30,359477,2024-12-31,0.003408156694049298
16417,2024-03-31,153020,2024-06-30,0.013886684677319345
16417,2024-06-30,156140,2024-09-30,0.004611296198165012
16417,2024-09-30,156350,2024-12-31,0.00019156262531654902
16418,2024-03-31,1104484,2024-06-30,0.036145649458639746
16418,2024-06-30,1137852,2024-09-30,0.03895694195276955
16418,2024-09-30,1151337,2024-12-31,0.03711474371363736
16436,2024-03-31,296291,2024-06-30,-0.015988015402645932
16436,2024-06-30,285272,2024-09-30,-0.05227244269271363
16436,2024-09-30,291537,2024-12-31,0.01789734318567525
16440,2024-03-31,147177,2024-06-30,-0.019069609397503663
16440,2024-06-30,143023,2024-09-30,-0.0054029926435417265
16440,2024-09-30,139745,2024-12-31,0.05297865914566402
16448,2024-03-31,89095,2024-06-30,0.024804984564074758
16448,2024-06-30,90510,2024-09-30,0.016188575966461262
16448,2024-09-30,90234,2024-12-31,0.01545948225845088
16450,2024-03-31,10035740,2024-06-30,0.005833221187048194
16450,2024-06-30,10035836,2024-09-30,0.013762644254628588
16450,2024-09-30,10015555,2024-12-31,0.012482605574508261
16453,2024-03-31,125246,2024-06-30,0.007229227435026466
16453,2024-06-30,122431,2024-09-30,0.008573417889279874
16453,2024-09-30,121956,2024-12-31,0.01016375397330198
16464,2024-03-31,288743,2024-06-30,-0.0032235004269815814
16464,2024-06-30,288056,2024-09-30,-0.0014835002988507707
16464,2024-09-30,281994,2024-12-31,0.0016890107340100135
16470,2024-03-31,2592473,2024-06-30,0.02661004106137608
16470,2024-06-30,2610762,2024-09-30,0.034326044379744625
16470,2024-09-30,2592565,2024-12-31,0.04141704057026106
16471,2024-03-31,124332,2024-06-30,-0.0010577214724746473
16471,2024-06-30,132847,2024-09-30,0.001087611962296863
16471,2024-09-30,130257,2024-12-31,0.019879706587152535
16473,2024-03-31,116086,2024-06-30,0.0038486995457706133
16473,2024-06-30,116491,2024-09-30,0.003453491898035165
16473,2024-09-30,116851,2024-12-31,0.00377844624179311
16477,2024-03-31,55119,2024-06-30,-0.033267632344916295
16477,2024-06-30,56647,2024-09-30,-0.016320922022300753
16477,2024-09-30,54440,2024-12-31,-0.022326812672890686
16501,2024-03-31,965149,2024-06-30,0.019390806946197832
16501,2024-06-30,964836,2024-09-30,0.02023510483740448
16501,2024-09-30,973673,2024-12-31,0.016851607968786344
16516,2024-03-31,15155,2024-06-30,-0.005440670857060798
16516,2024-06-30,16313,2024-09-30,-0.022229309524003656
16516,2024-09-30,15492,2024-12-31,-0.007548431032479867
16539,2024-03-31,494581,2024-06-30,0.0026491847835310237
16539,2024-06-30,498402,2024-09-30,0.005901818261380653
16539,2024-09-30,517333,2024-12-31,0.015106272936216605
16546,2024-03-31,1004174,2024-06-30,-0.013936669449032093
16546,2024-06-30,1014701,2024-09-30,-0.004552654609224652
16546,2024-09-30,1019409,2024-12-31,0.0009754880714760232
16547,2024-03-31,121932,2024-06-30,-0.022193741937998678
16547,2024-06-30,116605,2024-09-30,-0.009941556908577452
16547,2024-09-30,115051,2024-12-31,-0.005620616096907507
16553,2024-03-31,1041359,2024-06-30,0.00044545612729192787
16553,2024-06-30,1034562,2024-09-30,0.003565003767674558
16553,2024-09-30,1051287,2024-12-31,0.014833227657226873
16561,2024-03-31,23451,2024-06-30,0.002136986693949347
16561,2024-06-30,22850,2024-09-30,-0.010523768306590135
16561,2024-09-30,22060,2024-12-31,0.0007363252538803034
16571,2024-03-31,207987820,2024-06-30,0.0065869561206497555
16571,2024-06-30,206803226,2024-09-30,0.006887691459058186
16571,2024-09-30,209730248,2024-12-31,0.015467186565024585
16581,2024-03-31,67322,2024-06-30,-0.0027318967798512267
16581,2024-06-30,62853,2024-09-30,0.0025500311324842357
16581,2024-09-30,64296,2024-12-31,0.021512351134787718
16583,2024-03-31,10706,2024-06-30,0.006168311957827238
16583,2024-06-30,10912,2024-09-30,-0.06353203387904985
16583,2024-09-30,10130,2024-12-31,-0.05777186866951009
16584,2024-03-31,65674,2024-06-30,0.01513311719580188
16584,2024-06-30,70867,2024-09-30,-0.013604368635628203
16584,2024-09-30,73585,2024-12-31,-0.01122957812651116
16585,2024-03-31,18063,2024-06-30,-0.01845893211474882
16585,2024-06-30,18796,2024-09-30,0.006755489331173978
16585,2024-09-30,20456,2024-12-31,0.030896159897691764
16595,2024-03-31,567464,2024-06-30,0.015425437265697482
16595,2024-06-30,594147,2024-09-30,0.00416262327409145
16595,2024-09-30,624761,2024-12-31,-0.003170908385902101
16600,2024-03-31,165135,2024-06-30,0.03294269364225797
16600,2024-06-30,157980,2024-09-30,0.04329686342897895
16600,2024-09-30,162932,2024-12-31,0.0344556982303448
16601,2024-03-31,178624,2024-06-30,-0.004397941234227705
16601,2024-06-30,175299,2024-09-30,0.0015566005742946414
16601,2024-09-30,179219,2024-12-31,0.07461820268619632
16603,2024-03-31,111497,2024-06-30,0.020683296774006373
16603,2024-06-30,113061,2024-09-30,0.024141335781747538
16603,2024-09-30,117986,2024-12-31,0.034082550388116827
16604,2024-03-31,2332394,2024-06-30,0.017429986654200962
16604,2024-06-30,2312900,2024-09-30,0.024376428328737685
16604,2024-09-30,2327771,2024-12-31,0.021815866662426787
16609,2024-03-31,55972,2024-06-30,0.021307515357771846
16609,2024-06-30,60490,2024-09-30,0.0245577529249464
16609,2024-09-30,60998,2024-12-31,0.03322364370443972
16612,2024-03-31,227121,2024-06-30,-0.009890503863392644
16612,2024-06-30,240107,2024-09-30,0.006959967453531009
16612,2024-09-30,245000,2024-12-31,0.00012996679406530274
16620,2024-03-31,361430,2024-06-30,-3.981179370216879e-05
16620,2024-06-30,334405,2024-09-30,0.06064973685264321
16620,2024-09-30,401689,2024-12-31,-0.05450898220544555
16629,2024-03-31,292968,2024-06-30,0.012232079956694397
16629,2024-06-30,296584,2024-09-30,0.021120161510848456
16629,2024-09-30,293033,2024-12-31,0.016208750557514584
16635,2024-03-31,167635,2024-06-30,0.029037742998319103
16635,2024-06-30,193800,2024-09-30,0.031801980956505806
16635,2024-09-30,185631,2024-12-31,0.06677940230979568
16636,2024-03-31,750634,2024-06-30,-0.0014231119246356741
16636,2024-06-30,744402,2024-09-30,-0.003596836748224822
16636,2024-09-30,724739,2024-12-31,-0.0014831722073906804
16643,2024-03-31,59867,2024-06-30,-0.016497269144172846
16643,2024-06-30,53367,2024-09-30,0.025643246686866353
16643,2024-09-30,51080,2024-12-31,0.07002023999933134
16652,2024-03-31,595324,2024-06-30,0.039392888877711855
16652,2024-06-30,587655,2024-09-30,0.03611762167757909
16652,2024-09-30,635857,2024-12-31,0.011399961119579935
16656,2024-03-31,98041,2024-06-30,0.01856968683972072
16656,2024-06-30,99249,2024-09-30,-0.010058786724873744
16656,2024-09-30,102217,2024-12-31,-0.01012912651913666
16659,2024-03-31,683813,2024-06-30,0.014050342438775244
16659,2024-06-30,679740,2024-09-30,0.010750569416087223
16659,2024-09-30,702959,2024-12-31,0.01116825121885978
16664,2024-03-31,765188,2024-06-30,0.01174185171685632
16664,2024-06-30,775680,2024-09-30,0.017968884305954492
16664,2024-09-30,777998,2024-12-31,0.018511872581556708
16666,2024-03-31,684007,2024-06-30,0.00940509389332985
16666,2024-06-30,682479,2024-09-30,0.011519373499487897
16666,2024-09-30,700801,2024-12-31,0.010466421736938432
16667,2024-03-31,73338,2024-06-30,-0.036299722905673355
16667,2024-06-30,69611,2024-09-30,0.1144734221115436
16667,2024-09-30,74107,2024-12-31,0.007928789948629748
16689,2024-03-31,423919,2024-06-30,0.02301126782267748
16689,2024-06-30,426291,2024-09-30,0.022630010777533772
16689,2024-09-30,430574,2024-12-31,0.06672426876122041
16695,2024-03-31,314531,2024-06-30,-0.0011091087157452692
16695,2024-06-30,302322,2024-09-30,0.02357906826554458
16695,2024-09-30,286727,2024-12-31,0.049741763667037045
16704,2024-03-31,228385,2024-06-30,0.013345242200438647
16704,2024-06-30,217152,2024-09-30,0.005144071523980254
16704,2024-09-30,224227,2024-12-31,0.013760298839988687
16707,2024-03-31,163073,2024-06-30,-0.0029720993768945735
16707,2024-06-30,150013,2024-09-30,0.021737106740012713
16707,2024-09-30,143711,2024-12-31,0.036477376713448445
16720,2024-03-31,331278,2024-06-30,0.0011280843745549859
16720,2024-06-30,313849,2024-09-30,0.032235964818835484
16720,2024-09-30,340357,2024-12-31,-0.0004627172789357795
16723,2024-03-31,617047,2024-06-30,-0.004956066816695405
16723,2024-06-30,626859,2024-09-30,0.006034361074001548
16723,2024-09-30,635585,2024-12-31,0.013054201631445675
16733,2024-03-31,327116,2024-06-30,0.007539820375835865
16733,2024-06-30,342687,2024-09-30,0.006924518101387158
16733,2024-09-30,358765,2024-12-31,0.0070769280509318565
16744,2024-03-31,13449,2024-06-30,-0.03719309704181552
16744,2024-06-30,13236,2024-09-30,-0.024733153678709274
16744,2024-09-30,14173,2024-12-31,-0.04706882878636227
16752,2024-03-31,110133,2024-06-30,0.0030350326201075027
16752,2024-06-30,109407,2024-09-30,0.017214175333706432
16752,2024-09-30,112588,2024-12-31,0.023136813055541074
16753,2024-03-31,938026,2024-06-30,0.0198356477870323
16753,2024-06-30,945295,2024-09-30,0.026572220607795582
16753,2024-09-30,949591,2024-12-31,0.026559908101585566
16757,2024-03-31,259102,2024-06-30,-0.014309335300306725
16757,2024-06-30,250480,2024-09-30,-0.015196628481145554
16757,2024-09-30,246595,2024-12-31,-0.01854652896994272
16778,2024-03-31,36332,2024-06-30,0.00966590316217528
16778,2024-06-30,37227,2024-09-30,0.002697033476053282
16778,2024-09-30,36843,2024-12-31,0.014582622797126861
16780,2024-03-31,345534,2024-06-30,0.028754000228296293
16780,2024-06-30,347597,2024-09-30,0.021545870706981614
16780,2024-09-30,347057,2024-12-31,0.06005500542105223
16788,2024-03-31,60261,2024-06-30,0.010461546466857817
16788,2024-06-30,60006,2024-09-30,0.016429222960825034
16788,2024-09-30,59674,2024-12-31,0.018769627189458394
16795,2024-03-31,84195,2024-06-30,0.09148355869568431
16795,2024-06-30,79532,2024-09-30,-0.035945024984438516
16795,2024-09-30,85124,2024-12-31,0.04729117057869693
16810,2024-03-31,747075,2024-06-30,0.018336597088730394
16810,2024-06-30,764401,2024-09-30,0.013660890839386538
16810,2024-09-30,770487,2024-12-31,0.011067186082213784
16817,2024-03-31,417108,2024-06-30,-0.003029379651244237
16817,2024-06-30,404666,2024-09-30,-0.011762677805059475
16817,2024-09-30,413117,2024-12-31,0.0012739709841188972
16820,2024-03-31,309263,2024-06-30,0.009914048612057687
16820,2024-06-30,305904,2024-09-30,0.002345586171764676
16820,2024-09-30,314321,2024-12-31,0.004998926851505921
16825,2024-03-31,325150,2024-06-30,0.017018923936574153
16825,2024-06-30,327248,2024-09-30,0.004496521274321828
16825,2024-09-30,322522,2024-12-31,0.07212635770417959
16835,2024-03-31,27253865,2024-06-30,-0.010946303013866761
16835,2024-06-30,28030434,2024-09-30,-0.0030866414736063735
16835,2024-09-30,28204778,2024-12-31,0.0018047108056689946
16840,2024-03-31,116575,2024-06-30,0.013599649820913717
16840,2024-06-30,118860,2024-09-30,0.011987199330227346
16840,2024-09-30,119223,2024-12-31,0.008797268108682237
16849,2024-03-31,898258,2024-06-30,0.030409303441265762
16849,2024-06-30,934674,2024-09-30,0.0021589152831262815
16849,2024-09-30,950987,2024-12-31,0.02011353490026757
16852,2024-03-31,245709,2024-06-30,0.004635270014526014
16852,2024-06-30,248353,2024-09-30,0.016200257850844942
16852,2024-09-30,252461,2024-12-31,0.015346255052294784
16854,2024-03-31,190544,2024-06-30,0.006009096469203799
16854,2024-06-30,223333,2024-09-30,0.03126769046577857
16854,2024-09-30,238621,2024-12-31,0.04653830085880652
16858,2024-03-31,726491,2024-06-30,0.007598835119009053
16858,2024-06-30,697036,2024-09-30,0.010080629870228588
16858,2024-09-30,690110,2024-12-31,-0.0007812107866653241
16863,2024-03-31,281029,2024-06-30,-0.007261482048924324
16863,2024-06-30,263070,2024-09-30,0.0005080202782942485
16863,2024-09-30,267412,2024-12-31,0.001629220191109349
16866,2024-03-31,249554,2024-06-30,0.018354435331970766
16866,2024-06-30,257571,2024-09-30,0.02818517375006677
16866,2024-09-30,268793,2024-12-31,0.034639016755772474
16868,2024-03-31,30612,2024-06-30,-0.006627937752349526
16868,2024-06-30,30857,2024-09-30,-0.04151567753125001
16868,2024-09-30,31756,2024-12-31,-0.04399334554484894
16889,2024-03-31,23734126,2024-06-30,0.010943987020880707
16889,2024-06-30,23414583,2024-09-30,0.009207512528206918
16889,2024-09-30,23705912,2024-12-31,0.016540893784678188
16891,2024-03-31,569020,2024-06-30,-0.006758659363888135
16891,2024-06-30,564720,2024-09-30,-0.012891871563687932
16891,2024-09-30,565978,2024-12-31,-0.004901531277827284
16895,2024-03-31,161190,2024-06-30,-0.015007501107994124
16895,2024-06-30,162590,2024-09-30,-0.01305637772419397
16895,2024-09-30,166135,2024-12-31,-0.013889716406886129
16897,2024-03-31,320271,2024-06-30,0.010408801077542601
16897,2024-06-30,319564,2024-09-30,0.009563398533957837
16897,2024-09-30,315160,2024-12-31,0.0040867338197077725
16900,2024-03-31,92463,2024-06-30,0.03620616318890452
16900,2024-06-30,97319,2024-09-30,0.019962209507419667
16900,2024-09-30,105519,2024-12-31,9.182240765969661e-05
16905,2024-03-31,29539,2024-06-30,0.02443981874925938
16905,2024-06-30,30642,2024-09-30,-0.024261893255352725
16906,2024-03-31,42737,2024-06-30,0.0003266914564546477
16906,2024-06-30,39381,2024-09-30,-0.036587564960743786
16906,2024-09-30,39775,2024-12-31,-0.0028635628099386956
16908,2024-03-31,57184,2024-06-30,0.009457829724256617
16908,2024-06-30,58343,2024-09-30,-0.03911640590576802
16908,2024-09-30,57856,2024-12-31,-0.0015884086765214557
16910,2024-03-31,220365,2024-06-30,-0.01878610402486808
16910,2024-06-30,215464,2024-09-30,-0.003912001377463486
16910,2024-09-30,272630,2024-12-31,-0.0019205563617819084
16916,2024-03-31,72809,2024-06-30,-0.006501967777393851
16916,2024-06-30,76443,2024-09-30,-0.008175428202978684
16916,2024-09-30,75191,2024-12-31,-0.0010844969819781467
16934,2024-03-31,50854,2024-06-30,-0.008930415672318531
16934,2024-06-30,49740,2024-09-30,0.0047222535221073106
16934,2024-09-30,51752,2024-12-31,0.00648986664710146
16941,2024-03-31,72150,2024-06-30,-0.019356819859074573
16941,2024-06-30,72423,2024-09-30,-0.021743474366164264
16941,2024-09-30,68950,2024-12-31,0.03696584434402637
16953,2024-03-31,42057,2024-06-30,-0.010754662331241921
16953,2024-06-30,41388,2024-09-30,-0.04939322360681091
16953,2024-09-30,50618,2024-12-31,-0.15428815982370764
16958,2024-03-31,2531281,2024-06-30,0.010921495037742075
16958,2024-06-30,2603826,2024-09-30,-0.005345363137914017
16958,2024-09-30,2741277,2024-12-31,0.022768858279429642
16959,2024-03-31,79831,2024-06-30,-0.013885373946530145
16959,2024-06-30,76503,2024-09-30,0.006339537879985132
16959,2024-09-30,75213,2024-12-31,-0.01773703733641534
16968,2024-03-31,367433,2024-06-30,0.005750414837509761
16968,2024-06-30,373316,2024-09-30,0.011751621304784536
16968,2024-09-30,369267,2024-12-31,0.0073056165509715115
16970,2024-03-31,415190,2024-06-30,0.021167870267805852
16970,2024-06-30,433781,2024-09-30,0.018458921539632744
16970,2024-09-30,418449,2024-12-31,0.026333029360610462
16971,2024-03-31,255793,2024-06-30,0.00549948730313761
16971,2024-06-30,249228,2024-09-30,-0.0371611795175861
16971,2024-09-30,423215,2024-12-31,0.10640247764302493
16976,2024-03-31,402957,2024-06-30,0.0012907578628191215
16976,2024-06-30,402123,2024-09-30,0.0022876845471036258
16976,2024-09-30,398168,2024-12-31,-0.00717326316265473
16980,2024-03-31,6112230,2024-06-30,0.0405504992085833
16980,2024-06-30,6135261,2024-09-30,0.03608203035976803
16980,2024-09-30,6310190,2024-12-31,0.0356386804932942
16982,2024-03-31,962430,2024-06-30,0.021883761894193436
16982,2024-06-30,943113,2024-09-30,0.0002579359090462687
16982,2024-09-30,990648,2024-12-31,0.01241567776775611
17001,2024-03-31,70383,2024-06-30,-0.03317269369257206
17001,2024-06-30,78362,2024-09-30,-0.024715688747384192
17001,2024-09-30,92958,2024-12-31,-0.000355455277821309
17009,2024-03-31,335769,2024-06-30,0.022800519690017493
17009,2024-06-30,278186,2024-09-30,0.05997215468888999
17009,2024-09-30,282525,2024-12-31,0.048596769472794184
17011,2024-03-31,503937,2024-06-30,0.009287349930393115
17011,2024-06-30,504697,2024-09-30,0.01414999947567337
17011,2024-09-30,527426,2024-12-31,0.008992566893427313
17040,2024-03-31,657789,2024-06-30,0.009315073166046774
17040,2024-06-30,669382,2024-09-30,0.012657452579772395
17040,2024-09-30,691178,2024-12-31,0.012446955877218628
17062,2024-03-31,42132,2024-06-30,0.004643302080748474
17062,2024-06-30,42401,2024-09-30,-0.0014380317079836925
17062,2024-09-30,42226,2024-12-31,0.003623580197084723
17068,2024-03-31,436684,2024-06-30,-0.0053623079530012415
17068,2024-06-30,426730,2024-09-30,-0.015964927375812996
17068,2024-09-30,408768,2024-12-31,0.0376641887811836
17073,2024-03-31,91744,2024-06-30,-0.0009289568937335151
17073,2024-06-30,87889,2024-09-30,-0.0052313405082259025
17073,2024-09-30,85321,2024-12-31,0.019800702474588334
17077,2024-03-31,946043,2024-06-30,0.007049338124185011
17077,2024-06-30,956963,2024-09-30,0.009420273703659275
17077,2024-09-30,983123,2024-12-31,0.012649773313332452
17094,2024-03-31,275484,2024-06-30,0.03953440441964481
17094,2024-06-30,283548,2024-09-30,0.03258303590910417
17094,2024-09-30,295387,2024-12-31,0.02625879690592265
17096,2024-03-31,118644,2024-06-30,-0.014953198984872539
17096,2024-06-30,119182,2024-09-30,0.005807437384496758
17096,2024-09-30,120974,2024-12-31,0.034309846984495206
17108,2024-03-31,548145,2024-06-30,0.013720585109479752
17108,2024-06-30,558767,2024-09-30,0.010458174895180248
17108,2024-09-30,561548,2024-12-31,0.012863552503319544
17115,2024-03-31,803428,2024-06-30,0.028468749928765386
17115,2024-06-30,787661,2024-09-30,0.010793507223405253
17115,2024-09-30,811295,2024-12-31,0.02242167494669647
17120,2024-03-31,789109,2024-06-30,-0.014175751024115404
17120,2024-06-30,778687,2024-09-30,-0.018948492870104004
17120,2024-09-30,802782,2024-12-31,-0.0005090598453693948
17122,2024-03-31,26376,2024-06-30,-0.009621436375924148
17122,2024-06-30,25597,2024-09-30,-0.005377591677400294
17122,2024-09-30,28669,2024-12-31,-0.010282630185909549
17123,2024-03-31,614397,2024-06-30,0.005748260036745043
17123,2024-06-30,613593,2024-09-30,0.0065418578442941735
17123,2024-09-30,600575,2024-12-31,0.007611760811173351
17128,2024-03-31,190465,2024-06-30,0.0009245093503091624
17128,2024-06-30,194660,2024-09-30,0.010214837642371945
17128,2024-09-30,203628,2024-12-31,0.03251162932311027
17138,2024-03-31,13639,2024-06-30,0.02378013522839557
17138,2024-06-30,12558,2024-09-30,-0.007228328669036304
17138,2024-09-30,12497,2024-12-31,0.019991527767533872
17145,2024-03-31,430735,2024-06-30,-0.02528466931437142
17145,2024-06-30,420015,2024-09-30,-0.01928560937119036
17145,2024-09-30,404421,2024-12-31,0.026139226130899054
17159,2024-03-31,2248912,2024-06-30,0.026572391218865975
17159,2024-06-30,2588293,2024-09-30,0.002999894792343958
17159,2024-09-30,3028676,2024-12-31,0.009917798579373508
17160,2024-03-31,35357,2024-06-30,0.005535757861982247
17160,2024-06-30,33637,2024-09-30,-0.007139472291117506
17160,2024-09-30,35061,2024-12-31,-0.034669715971288845
17162,2024-03-31,631875,2024-06-30,0.007169906973391534
17162,2024-06-30,624851,2024-09-30,0.0008374257100573743
17162,2024-09-30,641896,2024-12-31,0.005871137532655497
17169,2024-03-31,123477,2024-06-30,-0.015405900866068358
17169,2024-06-30,129743,2024-09-30,-0.013271360353147698
17169,2024-09-30,126905,2024-12-31,-0.008195541387326548
17174,2024-03-31,37166,2024-06-30,-0.06670128339035254
17174,2024-06-30,32524,2024-09-30,0.03267143629676473
17174,2024-09-30,33710,2024-12-31,0.03447815222370636
17180,2024-03-31,1184689,2024-06-30,0.034503358319885866
17180,2024-06-30,1189680,2024-09-30,0.011822369154293343
17180,2024-09-30,1203070,2024-12-31,0.006568463179341025
17190,2024-03-31,142865,2024-06-30,-0.013335903557070712
17190,2024-06-30,139151,2024-09-30,-0.03491718563426459
17190,2024-09-30,132659,2024-12-31,0.1565449052935092
17193,2024-03-31,142417,2024-06-30,-0.019392690161131775
17193,2024-06-30,136444,2024-09-30,-0.033005798224277294
17193,2024-09-30,138676,2024-12-31,-0.010212201973883731
17205,2024-03-31,40302,2024-06-30,0.00799509159477903
17205,2024-06-30,41696,2024-09-30,-0.0013902179362850762
17205,2024-09-30,39226,2024-12-31,0.02888601241059373
17208,2024-03-31,158419,2024-06-30,0.012479682266982378
17208,2024-06-30,155797,2024-09-30,0.013027558351534537
17211,2024-03-31,1300652,2024-06-30,0.033101715839678844
17211,2024-06-30,1314859,2024-09-30,0.037029961500582645
17211,2024-09-30,1394574,2024-12-31,0.030355368709018202
17214,2024-03-31,369215,2024-06-30,0.02153883854890678
17214,2024-06-30,378041,2024-09-30,0.018454208292448156
17214,2024-09-30,383397,2024-12-31,0.01996202641386612
17224,2024-03-31,346069,2024-06-30,0.06368072420233549
17224,2024-06-30,322708,2024-09-30,0.08054489262375737
17224,2024-09-30,325495,2024-12-31,0.0583243531695264
17229,2024-03-31,244327,2024-06-30,0.020350296937846065
17229,2024-06-30,268424,2024-09-30,-0.019320982683565177
17229,2024-09-30,297372,2024-12-31,-0.011735949686002703
17230,2024-03-31,587767,2024-06-30,0.014656921129169978
17230,2024-06-30,588547,2024-09-30,0.01503379772532524
17230,2024-09-30,579682,2024-12-31,0.016602561895767604
17232,2024-03-31,118287,2024-06-30,0.0058698081447502845
17232,2024-06-30,115755,2024-09-30,0.00673359390251279
17232,2024-09-30,115962,2024-12-31,0.024875361291248316
17241,2024-03-31,133592,2024-06-30,0.04238805340565877
17241,2024-06-30,139431,2024-09-30,-0.019831359120682627
17241,2024-09-30,138194,2024-12-31,-0.025256380321038815
17259,2024-03-31,133797,2024-06-30,4.868946132822875e-05
17259,2024-06-30,130042,2024-09-30,0.0030727584826593392
17259,2024-09-30,129852,2024-12-31,0.07560045304485902
17262,2024-03-31,432147,2024-06-30,0.011464897877293585
17262,2024-06-30,435698,2024-09-30,0.00881660727723977
17262,2024-09-30,411869,2024-12-31,0.015784985024541124
17266,2024-03-31,41756684,2024-06-30,0.007046479127336361
17266,2024-06-30,41582018,2024-09-30,0.0034335729306918922
17266,2024-09-30,41581184,2024-12-31,0.004503084225048022
17280,2024-03-31,405114,2024-06-30,-0.02198431778820233
17280,2024-06-30,400974,2024-09-30,-0.011046463353781986
17280,2024-09-30,426632,2024-12-31,-0.015676934644843713
17281,2024-03-31,76789550,2024-06-30,0.024893271074106348
17281,2024-06-30,76406695,2024-09-30,0.016519008757242104
17281,2024-09-30,76703638,2024-12-31,0.013733561698161124
17282,2024-03-31,643211,2024-06-30,0.021197023530230577
17282,2024-06-30,644986,2024-09-30,0.019284484489653107
17282,2024-09-30,652528,2024-12-31,0.017407061169745865
17308,2024-03-31,6643885,2024-06-30,0.01811513717236355
17308,2024-06-30,6607216,2024-09-30,0.0179193555258738
17308,2024-09-30,6606117,2024-12-31,0.012192901662574205
17317,2024-03-31,251615,2024-06-30,0.018409458395166094
17317,2024-06-30,251990,2024-09-30,-0.0037555789714621294
17317,2024-09-30,261156,2024-12-31,0.01869729448926386
17320,2024-03-31,435353,2024-06-30,-0.002764694996371498
17320,2024-06-30,495301,2024-09-30,0.02066777179364701
17320,2024-09-30,498847,2024-12-31,0.013588377195175399
17323,2024-03-31,3374555,2024-06-30,0.021262399104700118
17323,2024-06-30,3395548,2024-09-30,0.016937544368408945
17323,2024-09-30,3382535,2024-12-31,0.010317086689296758
17327,2024-03-31,253501,2024-06-30,0.0032781887912979968
17327,2024-06-30,251348,2024-09-30,0.006912614470707024
17327,2024-09-30,255375,2024-12-31,0.005724777117526303
17348,2024-03-31,452396,2024-06-30,-0.03521556727379281
17348,2024-06-30,455399,2024-09-30,0.0007999725352103042
17348,2024-09-30,453346,2024-12-31,0.025104819408093903
17350,2024-03-31,72038,2024-06-30,-0.031593802163611746
17350,2024-06-30,67576,2024-09-30,-0.04116777535581788
17350,2024-09-30,65783,2024-12-31,0.036713905220572024
17369,2024-03-31,164989,2024-06-30,0.01427696890352413
17369,2024-06-30,167149,2024-09-30,-0.021033071248240096
17369,2024-09-30,163537,2024-12-31,0.008628239816447843
17374,2024-03-31,288677,2024-06-30,0.04327842904525464
17374,2024-06-30,286403,2024-09-30,0.0407956795908156
17374,2024-09-30,306754,2024-12-31,0.04277102729448828
17375,2024-03-31,42075,2024-06-30,-0.04197082637970774
17375,2024-06-30,37052,2024-09-30,-0.021432467436165375
17375,2024-09-30,37521,2024-12-31,0.17516331735200694
17388,2024-03-31,326424,2024-06-30,-0.0013171230506903895
17388,2024-06-30,332935,2024-09-30,0.004466923015012729
17388,2024-09-30,337634,2024-12-31,0.00636542979022568
17393,2024-03-31,5304862,2024-06-30,0.023256904843408893
17393,2024-06-30,5408556,2024-09-30,0.025505065743756654
17393,2024-09-30,5357025,2024-12-31,0.017977207276250587
17399,2024-03-31,147272,2024-06-30,-0.04350071700731837
17399,2024-06-30,143652,2024-09-30,-0.0319512431425658
17399,2024-09-30,135557,2024-12-31,0.0795492229761468
17403,2024-03-31,36352,2024-06-30,0.0030628314197583104
17403,2024-06-30,37677,2024-09-30,-0.02695097884364386
17403,2024-09-30,35329,2024-12-31,0.002893214489422246
17410,2024-03-31,90143,2024-06-30,-0.012924417023611775
17410,2024-06-30,89721,2024-09-30,0.012611874082239048
17410,2024-09-30,87706,2024-12-31,0.016269711320487604
17411,2024-03-31,411823,2024-06-30,0.011658005508110499
17411,2024-06-30,406033,2024-09-30,0.01423342006891536
17411,2024-09-30,422218,2024-12-31,0.020211115043712664
17431,2024-03-31,602011,2024-06-30,0.03206234399498973
17431,2024-06-30,635032,2024-09-30,0.04481108740732531
17431,2024-09-30,647812,2024-12-31,0.03586100883480915
17437,2024-03-31,3747611,2024-06-30,0.011394050520400259
17437,2024-06-30,3727083,2024-09-30,0.016743496692798714
17437,2024-09-30,3881326,2024-12-31,0.015313543124445356
17438,2024-03-31,3382180,2024-06-30,0.046300190755914315
17438,2024-06-30,3545060,2024-09-30,0.04686574729268344
17438,2024-09-30,3627371,2024-12-31,0.04085290684341264
17441,2024-03-31,13830,2024-06-30,0.0009742405845518674
17441,2024-06-30,14036,2024-09-30,-0.01189204884359436
17441,2024-09-30,13396,2024-12-31,-0.016902587151120498
17443,2024-03-31,303567,2024-06-30,0.008980935355515269
17443,2024-06-30,300117,2024-09-30,0.008455849506428258
17443,2024-09-30,299271,2024-12-31,0.006795339345919782
17445,2024-03-31,508100,2024-06-30,0.006132632945753084
17445,2024-06-30,508553,2024-09-30,0.012086316395734114
17445,2024-09-30,531395,2024-12-31,0.01651618703208696
17446,2024-03-31,172816,2024-06-30,-0.0019307018114175084
17446,2024-06-30,238324,2024-09-30,-0.08399796980479797
17446,2024-09-30,245745,2024-12-31,0.07492400688007474
17450,2024-03-31,34879,2024-06-30,0.013033489973099164
17450,2024-06-30,33702,2024-09-30,-0.009035470566368563
17450,2024-09-30,32380,2024-12-31,0.024505048940809085
17451,2024-03-31,154711,2024-06-30,0.017215345983872404
17451,2024-06-30,165644,2024-09-30,0.011202208430076264
17451,2024-09-30,160563,2024-12-31,0.02078081395607692
17453,2024-03-31,454068,2024-06-30,0.02575745245876841
17453,2024-06-30,468775,2024-09-30,0.0189332216410196
17453,2024-09-30,475205,2024-12-31,-0.0023260003279815043
17470,2024-03-31,1571792,2024-06-30,0.02999933052011779
17470,2024-06-30,1561569,2024-09-30,0.02579810553436659
17470,2024-09-30,1556288,2024-12-31,0.0212992584315273
17477,2024-03-31,665387,2024-06-30,0.030941662694822653
17477,2024-06-30,644325,2024-09-30,0.011099837830499434
17477,2024-09-30,642738,2024-12-31,0.03463412952070498
17478,2024-03-31,808663,2024-06-30,0.016443899336128824
17478,2024-06-30,827236,2024-09-30,0.01196103253375258
17478,2024-09-30,785719,2024-12-31,0.0232923091192376
17491,2024-03-31,10873308,2024-06-30,0.014389329395259816
17491,2024-06-30,10421167,2024-09-30,0.02371417056818786
17491,2024-09-30,10945109,2024-12-31,0.022878325179619987
17509,2024-03-31,1063405,2024-06-30,0.017170665382877388
17509,2024-06-30,1022589,2024-09-30,-0.009513629037693575
17509,2024-09-30,987909,2024-12-31,0.025013414531707454
17513,2024-03-31,279059,2024-06-30,0.01812218451967535
17513,2024-06-30,287904,2024-09-30,0.02999713679017244
17513,2024-09-30,292569,2024-12-31,0.026165300191018048
17514,2024-03-31,2774124,2024-06-30,0.01992201365809232
17514,2024-06-30,2691980,2024-09-30,0.020597407425040085
17514,2024-09-30,2814038,2024-12-31,0.02169540432869417
17534,2024-03-31,147730659,2024-06-30,0.006091817872851321
17534,2024-06-30,149273809,2024-09-30,0.010231563178162621
17534,2024-09-30,154887176,2024-12-31,0.018271569408633788
17543,2024-03-31,145538,2024-06-30,-0.006349668928308717
17543,2024-06-30,144316,2024-09-30,-0.007967387471224314
17543,2024-09-30,142513,2024-12-31,0.03435510099255534
17551,2024-03-31,38549,2024-06-30,-0.007636061390640571
17551,2024-06-30,36398,2024-09-30,-0.010817087719596268
17551,2024-09-30,35272,2024-12-31,0.0074668943605477505
17563,2024-03-31,516958,2024-06-30,0.011680567148248151
17563,2024-06-30,492901,2024-09-30,0.020453907564643627
17563,2024-09-30,488921,2024-12-31,-0.008575341709662024
17569,2024-03-31,20244,2024-06-30,0.008740652273819233
17569,2024-06-30,21428,2024-09-30,0.000678606632401657
17569,2024-09-30,20660,2024-12-31,0.023030477944678628
17572,2024-03-31,168134,2024-06-30,-0.017740347099778484
17572,2024-06-30,164900,2024-09-30,-0.013838997622964255
17572,2024-09-30,166975,2024-12-31,0.0029732997417681243
17580,2024-03-31,513973,2024-06-30,0.012072547609003188
17580,2024-06-30,526839,2024-09-30,0.010091732651680485
17580,2024-09-30,519104,2024-12-31,0.015190994919100765
17587,2024-03-31,173000,2024-06-30,0.013157549401535436
17587,2024-06-30,176928,2024-09-30,0.018048868212113857
17587,2024-09-30,191461,2024-12-31,0.028705456920798046
17588,2024-03-31,736797,2024-06-30,0.011046185472940851
17588,2024-06-30,729562,2024-09-30,0.009719736236137689
17588,2024-09-30,749737,2024-12-31,0.017443834304294
17589,2024-03-31,10703,2024-06-30,0.004429055704416472
17589,2024-06-30,10338,2024-09-30,0.018110253945921362
17589,2024-09-30,10154,2024-12-31,0.02285470467650523
17603,2024-03-31,264081,2024-06-30,0.008892763268230273
17603,2024-06-30,259605,2024-09-30,0.025859066663195086
17603,2024-09-30,257914,2024-12-31,0.019118560623260093
17607,2024-03-31,48866,2024-06-30,0.007726517996703038
17607,2024-06-30,47206,2024-09-30,0.013236465385268839
17607,2024-09-30,46375,2024-12-31,0.009426014690331504
17612,2024-03-31,974994,2024-06-30,0.0329783106979832
17612,2024-06-30,968527,2024-09-30,0.03854564800326491
17612,2024-09-30,1019050,2024-12-31,0.04060698613858375
17614,2024-03-31,744470,2024-06-30,0.02568916715298646
17614,2024-06-30,763213,2024-09-30,0.015366543713304816
17614,2024-09-30,772302,2024-12-31,0.012782868825158656
17621,2024-03-31,66199,2024-06-30,-0.003771013671114228
17621,2024-06-30,64491,2024-09-30,-0.049209024254092196
17621,2024-09-30,63526,2024-12-31,-0.01679975600564855
17622,2024-03-31,244084,2024-06-30,0.013728066116320367
17622,2024-06-30,271454,2024-09-30,0.10437595049465624
17622,2024-09-30,284531,2024-12-31,-0.03642826977135575
17629,2024-03-31,43288,2024-06-30,-0.0034104025871600184
17629,2024-06-30,46590,2024-09-30,-0.029436189133998293
17629,2024-09-30,45358,2024-12-31,-0.03441867644370872
17632,2024-03-31,15347,2024-06-30,-0.0005058775406274324
17632,2024-06-30,14425,2024-09-30,0.009377545760802219
17632,2024-09-30,14393,2024-12-31,0.004617796572765049
17636,2024-03-31,375346,2024-06-30,0.021084816922167175
17636,2024-06-30,368479,2024-09-30,0.0213511604504279
17636,2024-09-30,359478,2024-12-31,0.026231077065759258
17639,2024-03-31,446051,2024-06-30,0.011219177445545781
17639,2024-06-30,451189,2024-09-30,0.013480876399531412
17639,2024-09-30,459932,2024-12-31,0.020045828905283017
17643,2024-03-31,418747,2024-06-30,0.017895051543633175
17643,2024-06-30,445222,2024-09-30,-0.02140429913228261
17643,2024-09-30,463142,2024-12-31,0.034334212616682645
17650,2024-03-31,127273,2024-06-30,-0.013297827712033724
17650,2024-06-30,128725,2024-09-30,-0.02161483091955575
17650,2024-09-30,127727,2024-12-31,0.12824526791113244
17658,2024-03-31,1503369,2024-06-30,0.016125335484627693
17658,2024-06-30,1503955,2024-09-30,0.014797975032722533
17658,2024-09-30,1559068,2024-12-31,0.010396234356921486
17661,2024-03-31,81797,2024-06-30,-0.016287558482936355
17661,2024-06-30,85720,2024-09-30,-0.030989995627608954
17661,2024-09-30,89227,2024-12-31,0.1081022909184105
17671,2024-03-31,132886,2024-06-30,-0.03867248232183899
17671,2024-06-30,143780,2024-09-30,-0.03644316774096377
17671,2024-09-30,137414,2024-12-31,0.002369603286930182
17672,2024-03-31,376720,2024-06-30,-0.019364435974731753
17672,2024-06-30,376227,2024-09-30,-0.009662491588154284
17672,2024-09-30,370067,2024-12-31,-0.01328396015952751
17676,2024-03-31,610051,2024-06-30,0.022340424727401186
17676,2024-06-30,610804,2024-09-30,0.023120234539046193
17676,2024-09-30,622969,2024-12-31,0.02452469211290716
17685,2024-03-31,485451,2024-06-30,0.05668289536821973
17685,2024-06-30,489181,2024-09-30,0.0633274981297637
17685,2024-09-30,495547,2024-12-31,0.041413563184726665
17734,2024-03-31,195063,2024-06-30,0.05184000782676037
17734,2024-06-30,226549,2024-09-30,0.07287058536348838
17734,2024-09-30,213349,2024-12-31,0.06431135969146493
17735,2024-03-31,5105477,2024-06-30,0.015398253642046339
17735,2024-06-30,5096095,2024-09-30,0.013481427843511402
17735,2024-09-30,5121558,2024-12-31,0.02506993515102742
17736,2024-03-31,389045,2024-06-30,0.008768279866345619
17736,2024-06-30,402390,2024-09-30,-0.005710377896522425
17736,2024-09-30,403868,2024-12-31,0.008353266094638177
17739,2024-03-31,694800,2024-06-30,0.02320529341225112
17739,2024-06-30,716831,2024-09-30,0.03030888478245657
17739,2024-09-30,745299,2024-12-31,0.03519680402943877
17741,2024-03-31,821220,2024-06-30,0.005227521011735489
17741,2024-06-30,863648,2024-09-30,0.021586225356765913
17741,2024-09-30,905592,2024-12-31,0.026900715343911145
17743,2024-03-31,978717,2024-06-30,0.01317903800888955
17743,2024-06-30,980636,2024-09-30,0.01654136941322216
17743,2024-09-30,1006052,2024-12-31,0.014683039430303328
17748,2024-03-31,1346317,2024-06-30,0.033654335557493864
17748,2024-06-30,1349536,2024-09-30,0.02853992571573314
17748,2024-09-30,1375485,2024-12-31,0.021647126087585712
17749,2024-03-31,1048039,2024-06-30,0.031004902237745144
17749,2024-06-30,1095901,2024-09-30,0.02025717646644387
17749,2024-09-30,1059435,2024-12-31,0.04227572461898147
17751,2024-03-31,1308912,2024-06-30,0.02769011476913629
17751,2024-06-30,1314857,2024-09-30,0.029079057455645256
17751,2024-09-30,1312346,2024-12-31,0.026734595125486912
17759,2024-03-31,93301,2024-06-30,0.025887162469938146
17759,2024-06-30,91393,2024-09-30,0.0037778199593657322
17759,2024-09-30,95630,2024-12-31,0.05951937554752787
17764,2024-03-31,1905768,2024-06-30,0.02243928249681791
17764,2024-06-30,1994659,2024-09-30,0.02400497113479511
17764,2024-09-30,2051894,2024-12-31,0.020925237804027372
17767,2024-03-31,262574,2024-06-30,0.000936417134060733
17767,2024-06-30,257528,2024-09-30,0.0039287606990563865
17767,2024-09-30,252767,2024-12-31,0.026932641604791994
17769,2024-03-31,302773,2024-06-30,-0.00307052159491787
17769,2024-06-30,305204,2024-09-30,0.009557186455265834
17769,2024-09-30,294462,2024-12-31,0.010332473655528992
17773,2024-03-31,157239,2024-06-30,0.02353720639333235
17773,2024-06-30,159981,2024-09-30,0.02263478517369857
17773,2024-09-30,159680,2024-12-31,0.00871754414470971
17775,2024-03-31,130647,2024-06-30,0.009414903244952887
17775,2024-06-30,122722,2024-09-30,0.01126793246977458
17775,2024-09-30,128313,2024-12-31,0.05852387884787681
17782,2024-03-31,87089,2024-06-30,0.0052708731677703876
17782,2024-06-30,85057,2024-09-30,-0.008200037997566505
17782,2024-09-30,84710,2024-12-31,-0.012658637780674898
17797,2024-03-31,670936,2024-06-30,0.02603026332719765
17797,2024-06-30,689558,2024-09-30,0.017158700702191353
17797,2024-09-30,694557,2024-12-31,0.016169447831297163
17798,2024-03-31,4568096,2024-06-30,0.023035124464955616
17798,2024-06-30,4564667,2024-09-30,0.02239374288650697
17798,2024-09-30,4575064,2024-12-31,0.021041647171350902
17809,2024-03-31,726564,2024-06-30,-0.003137922747450474
17809,2024-06-30,713618,2024-09-30,0.013265643411979085
17809,2024-09-30,718706,2024-12-31,-0.005092103824640121
17811,2024-03-31,324260,2024-06-30,0.016562294064666826
17811,2024-06-30,311991,2024-09-30,0.01431654247647742
17811,2024-09-30,313793,2024-12-31,0.009036198730220631
17813,2024-03-31,56807,2024-06-30,-0.04093658134286136
17813,2024-06-30,50464,2024-09-30,0.02025751309222982
17813,2024-09-30,55023,2024-12-31,-0.021327290743478635
17825,2024-03-31,19068,2024-06-30,0.01312058358008813
17825,2024-06-30,20227,2024-09-30,-0.022401401567607334
17825,2024-09-30,18301,2024-12-31,0.054411634472605816
17830,2024-03-31,145210,2024-06-30,-0.041028067036372816
17830,2024-06-30,140573,2024-09-30,-0.03883931997929638
17830,2024-09-30,142461,2024-12-31,0.03856158857176064
17832,2024-03-31,208957,2024-06-30,0.01667505211763738
17832,2024-06-30,207705,2024-09-30,0.014927063497339611
17832,2024-09-30,213437,2024-12-31,0.015464121471382519
17838,2024-03-31,16392626,2024-06-30,0.009702442155732842
17838,2024-06-30,16651602,2024-09-30,0.015087721289261877
17838,2024-09-30,16765301,2024-12-31,0.0259338739854127
17841,2024-03-31,132467,2024-06-30,-0.012091841676507838
17841,2024-06-30,132276,2024-09-30,-0.00890793294239492
17841,2024-09-30,129129,2024-12-31,0.18146094677337968
17842,2024-03-31,3832549,2024-06-30,0.018206086737654358
17842,2024-06-30,3694059,2024-09-30,0.023519889933110643
17842,2024-09-30,3783129,2024-12-31,0.02214943645917919
17863,2024-03-31,369467,2024-06-30,0.009512925412021108
17863,2024-06-30,336403,2024-09-30,0.03573465272506284
17863,2024-09-30,353676,2024-12-31,0.02922058023515007
17870,2024-03-31,5498458,2024-06-30,0.020391829656382473
17870,2024-06-30,5581059,2024-09-30,0.020938711141426185
17870,2024-09-30,5559161,2024-12-31,0.02731086819372359
17872,2024-03-31,112983,2024-06-30,-0.0025031623663336502
17872,2024-06-30,113566,2024-09-30,-0.0005690465221456007
17872,2024-09-30,118631,2024-12-31,-0.0014905081376615583
17878,2024-03-31,77263,2024-06-30,-0.005238981405474442
17878,2024-06-30,77891,2024-09-30,-0.0001395810232365288
17878,2024-09-30,78628,2024-12-31,0.003951908181086053
17881,2024-03-31,177256,2024-06-30,0.06412167845581163
17881,2024-06-30,183085,2024-09-30,0.04604142491541463
17881,2024-09-30,192363,2024-12-31,0.042936599196432834
17897,2024-03-31,1296371,2024-06-30,0.0019909277671633454
17897,2024-06-30,1311255,2024-09-30,0.011122259855001915
17897,2024-09-30,1323557,2024-12-31,0.011123490468074681
17903,2024-03-31,320457,2024-06-30,-0.003858527516777127
17903,2024-06-30,313264,2024-09-30,0.011593555992013066
17903,2024-09-30,325843,2024-12-31,0.004403246090445421
17906,2024-03-31,209972,2024-06-30,0.016874723102209534
17906,2024-06-30,203363,2024-09-30,-0.021251531125307747
17906,2024-09-30,207844,2024-12-31,0.12004727434689279
17910,2024-03-31,1228868,2024-06-30,0.026019573052529322
17910,2024-06-30,1229603,2024-09-30,0.013765384398547364
17910,2024-09-30,1216288,2024-12-31,0.009112858163592408
17913,2024-03-31,120648,2024-06-30,0.00038400575724571663
17913,2024-06-30,114961,2024-09-30,0.00861069164301597
17913,2024-09-30,118103,2024-12-31,0.0007043615209662686
17922,2024-03-31,80564,2024-06-30,-0.00852164595611432
17922,2024-06-30,81443,2024-09-30,0.0014196015189888664
17922,2024-09-30,82589,2024-12-31,0.03227550191978453
17927,2024-03-31,186227,2024-06-30,0.01323331314953029
17927,2024-06-30,203505,2024-09-30,0.004248118866407648
17927,2024-09-30,201037,2024-12-31,-0.004421586994774681
17933,2024-03-31,701788,2024-06-30,0.013719395037113695
17933,2024-06-30,669101,2024-09-30,0.031786978295059665
17933,2024-09-30,687310,2024-12-31,0.018211740913116028
17937,2024-03-31,674743,2024-06-30,0.01382332525900008
17937,2024-06-30,619182,2024-09-30,0.04515186816614818
17937,2024-09-30,609499,2024-12-31,0.05125928864172068
17943,2024-03-31,6124356,2024-06-30,0.025047419822229987
17943,2024-06-30,6285993,2024-09-30,0.02331407520247494
17943,2024-09-30,6420691,2024-12-31,0.02372909218316395
17950,2024-03-31,329812,2024-06-30,0.005876346537488937
17950,2024-06-30,319943,2024-09-30,0.0118952179001024
17950,2024-09-30,336593,2024-12-31,0.015184539313021278
17951,2024-03-31,661495,2024-06-30,0.023480254241787804
17951,2024-06-30,665540,2024-09-30,0.017405305776594385
17951,2024-09-30,688357,2024-12-31,0.02352344623205168
17959,2024-03-31,329437,2024-06-30,0.028461941725103357
17959,2024-06-30,340107,2024-09-30,0.025835235307219505
17959,2024-09-30,344379,2024-12-31,0.01799980340087171
17960,2024-03-31,1003157,2024-06-30,0.01890478940864132
17960,2024-06-30,1047199,2024-09-30,0.01078943515810149
17960,2024-09-30,1050589,2024-12-31,0.008802756450702368
17964,2024-03-31,2001768,2024-06-30,0.012307107048143173
17964,2024-06-30,2030505,2024-09-30,0.008627743838108937
17964,2024-09-30,2098360,2024-12-31,0.018043888604658973
17975,2024-03-31,106782,2024-06-30,0.021051501540018988
17975,2024-06-30,105702,2024-09-30,-0.00045925652448199506
17975,2024-09-30,102685,2024-12-31,0.049928450975589095
17979,2024-03-31,251738,2024-06-30,0.01523512742268433
17979,2024-06-30,243967,2024-09-30,0.010339182993359243
17979,2024-09-30,238563,2024-12-31,0.026045791122082
17982,2024-03-31,11080,2024-06-30,-0.017227019915822102
17982,2024-06-30,14158,2024-09-30,-0.15905695341071624
17982,2024-09-30,14351,2024-12-31,-0.11517273241252565
17985,2024-03-31,18675746,2024-06-30,0.025998069298619312
17985,2024-06-30,18327746,2024-09-30,0.00302379510621129
17985,2024-09-30,18167054,2024-12-31,0.0022952869165645683
17993,2024-03-31,159863,2024-06-30,-0.014873958844510229
17993,2024-06-30,147918,2024-09-30,0.09196019638217123
17993,2024-09-30,159660,2024-12-31,0.014017874913274627
17995,2024-03-31,39434,2024-06-30,-0.004605656480980116
17995,2024-06-30,39689,2024-09-30,-0.0015945341777896518
17995,2024-09-30,39286,2024-12-31,0.009649073063435083
18012,2024-03-31,2087993,2024-06-30,0.014979894841776338
18012,2024-06-30,2102355,2024-09-30,0.01575861975789748
18012,2024-09-30,2179694,2024-12-31,0.015017610787267132
18013,2024-03-31,2511525,2024-06-30,0.027052708106300526
18013,2024-06-30,2458436,2024-09-30,0.05182634719295032
18013,2024-09-30,2534229,2024-12-31,0.018525294680211392
18019,2024-03-31,202849,2024-06-30,0.01325502640313241
18019,2024-06-30,210316,2024-09-30,0.02070913000522701
18019,2024-09-30,208512,2024-12-31,0.015107926523727975
18028,2024-03-31,325871,2024-06-30,0.031373412747189175
18028,2024-06-30,324859,2024-09-30,0.010212571695535442
18028,2024-09-30,337570,2024-12-31,0.01957276571492497
18030,2024-03-31,679167,2024-06-30,0.00660580979232013
18030,2024-06-30,682796,2024-09-30,0.006775786519256327
18030,2024-09-30,707506,2024-12-31,0.014857010242457253
18031,2024-03-31,532494,2024-06-30,0.005520410785646492
18031,2024-06-30,520982,2024-09-30,0.0056851905710193894
18031,2024-09-30,528633,2024-12-31,0.01468981713720498
18033,2024-03-31,132711,2024-06-30,-0.012827067608601719
18033,2024-06-30,139273,2024-09-30,0.02277872434198038
18033,2024-09-30,141134,2024-12-31,0.01508505239140188
18038,2024-03-31,409953,2024-06-30,0.033817485623221934
18038,2024-06-30,406919,2024-09-30,0.027045957431494204
18038,2024-09-30,436224,2024-12-31,0.019389946972013305
18053,2024-03-31,19418064,2024-06-30,0.01878727739104687
18053,2024-06-30,19224963,2024-09-30,0.016709856015458997
18053,2024-09-30,19736645,2024-12-31,0.016890764637107224
18059,2024-03-31,1699969,2024-06-30,0.01660368942625015
18059,2024-06-30,1706880,2024-09-30,0.016668448891221502
18059,2024-09-30,1756677,2024-12-31,0.02250868684364517
18063,2024-03-31,92650,2024-06-30,0.012887563972253225
18063,2024-06-30,98358,2024-09-30,0.02449291966018345
18063,2024-09-30,106182,2024-12-31,0.030409494688590014
18071,2024-03-31,70295,2024-06-30,-0.01566152760393934
18071,2024-06-30,68950,2024-09-30,-0.024152650071571396
18071,2024-09-30,66819,2024-12-31,-0.034847964955245926
18094,2024-03-31,27176,2024-06-30,0.002460815253431366
18094,2024-06-30,26901,2024-09-30,-0.0032505422990867345
18094,2024-09-30,26585,2024-12-31,-0.001452048185074037
18100,2024-03-31,1041889,2024-06-30,0.00963094102216385
18100,2024-06-30,1018349,2024-09-30,0.0030356331251596767
18100,2024-09-30,1022298,2024-12-31,0.0035223083434726536
18101,2024-03-31,51157,2024-06-30,0.02514225225605711
18101,2024-06-30,50643,2024-09-30,-0.003823155012396743
18101,2024-09-30,48647,2024-12-31,0.00893806939283487
18109,2024-03-31,92770,2024-06-30,-0.055465518155178056
18109,2024-06-30,94017,2024-09-30,0.03888501094146808
18109,2024-09-30,90682,2024-12-31,-0.02446157097269167
18118,2024-03-31,365249,2024-06-30,0.005571327837539031
18118,2024-06-30,360451,2024-09-30,0.0020432997850219708
18118,2024-09-30,356905,2024-12-31,-0.004557686412227444
18120,2024-03-31,137026,2024-06-30,0.015843323386107316
18120,2024-06-30,130286,2024-09-30,0.02377041899101519
18120,2024-09-30,131752,2024-12-31,0.014856511963441045
18129,2024-03-31,2178678,2024-06-30,0.01624274542762401
18129,2024-06-30,2221270,2024-09-30,0.016431454060063258
18129,2024-09-30,2221720,2024-12-31,0.01897003058850675
18132,2024-03-31,192505,2024-06-30,-0.017626183088466887
18132,2024-06-30,180367,2024-09-30,-0.005223010270755288
18132,2024-09-30,174288,2024-12-31,0.031712799168608016
18136,2024-03-31,79021,2024-06-30,-0.011142415395749
18136,2024-06-30,78109,2024-09-30,-0.007341018400297274
18136,2024-09-30,77664,2024-12-31,-0.003427354504683213
18143,2024-03-31,532671,2024-06-30,0.022919109734973273
18143,2024-06-30,537628,2024-09-30,0.017183657931607053
18143,2024-09-30,548676,2024-12-31,0.0421724552317609
18145,2024-03-31,59763,2024-06-30,0.14709430071535926
18145,2024-06-30,61763,2024-09-30,0.07570020621267189
18145,2024-09-30,67863,2024-12-31,0.04613846865300861
18155,2024-03-31,198094,2024-06-30,-0.001271373650454991
18155,2024-06-30,196346,2024-09-30,-0.0011210657411258173
18155,2024-09-30,191906,2024-12-31,-0.0038799880250472065
18164,2024-03-31,71965,2024-06-30,0.004556511647588712
18164,2024-06-30,70507,2024-09-30,-0.03385360440153345
18164,2024-09-30,70975,2024-12-31,0.029623281391061948
18165,2024-03-31,81071,2024-06-30,0.02055598391958559
18165,2024-06-30,81514,2024-09-30,-0.01607726347484672
18165,2024-09-30,83475,2024-12-31,0.07530237460196947
18171,2024-03-31,304229,2024-06-30,-0.0021767944681975906
18171,2024-06-30,292777,2024-09-30,0.007869331027456839
18171,2024-09-30,297087,2024-12-31,0.0023331311154081514
18185,2024-03-31,1041634,2024-06-30,0.022021972178369337
18185,2024-06-30,1077501,2024-09-30,0.03191541607581837
18185,2024-09-30,1091517,2024-12-31,0.02478684774913511
18190,2024-03-31,2224536,2024-06-30,0.003062145092132173
18190,2024-06-30,2266509,2024-09-30,0.01140813332907341
18190,2024-09-30,2254393,2024-12-31,0.004392657504623255
18194,2024-03-31,951871,2024-06-30,0.01573802824254306
18194,2024-06-30,984262,2024-09-30,0.01631641962167828
18194,2024-09-30,1009229,2024-12-31,0.019434714568614373
18198,2024-03-31,1756013,2024-06-30,0.012338593255037774
18198,2024-06-30,1804284,2024-09-30,0.020882669504968573
18198,2024-09-30,1791717,2024-12-31,0.01258747539415703
18199,2024-03-31,1490166,2024-06-30,0.010249155226028265
18199,2024-06-30,1444130,2024-09-30,0.02765742753570362
18199,2024-09-30,1566492,2024-12-31,0.0179778425844383
18200,2024-03-31,894372,2024-06-30,0.013263528877964751
18200,2024-06-30,874119,2024-09-30,0.006735795957285016
18200,2024-09-30,896391,2024-12-31,0.0102112293068365
18204,2024-03-31,1677964,2024-06-30,0.014495018130998648
18204,2024-06-30,1773295,2024-09-30,0.015647508749818854
18204,2024-09-30,1791127,2024-12-31,0.013600346692776216
18213,2024-03-31,1519593,2024-06-30,0.03168771828537427
18213,2024-06-30,1534401,2024-09-30,-0.026394273606788036
18213,2024-09-30,1485721,2024-12-31,-0.018871425852830415
18216,2024-03-31,203797,2024-06-30,0.024452233360077912
18216,2024-06-30,208058,2024-09-30,0.023739622840480652
18216,2024-09-30,209169,2024-12-31,0.02485288468054822
18221,2024-03-31,61071532,2024-06-30,0.017596326846028194
18221,2024-06-30,62593777,2024-09-30,0.023695431356185053
18221,2024-09-30,64840074,2024-12-31,0.02791901353025701
18227,2024-03-31,184803,2024-06-30,0.001820271191815415
18227,2024-06-30,183063,2024-09-30,-0.021039099295592337
18227,2024-09-30,179839,2024-12-31,-0.0011542421195058564
18229,2024-03-31,1001413,2024-06-30,0.010254253208409897
18229,2024-06-30,985789,2024-09-30,0.0013030045507224429
18229,2024-09-30,1008941,2024-12-31,0.008677288921445984
18237,2024-03-31,348140,2024-06-30,0.018616929834941048
18237,2024-06-30,349033,2024-09-30,0.009368217791484197
18237,2024-09-30,356572,2024-12-31,0.012119472149433643
18238,2024-03-31,1232999,2024-06-30,0.007915737435354137
18238,2024-06-30,1204089,2024-09-30,0.0065370086916569994
18238,2024-09-30,1249879,2024-12-31,0.00782073695366505
18258,2024-03-31,1578364,2024-06-30,0.013954101443247038
18258,2024-06-30,1599922,2024-09-30,0.013414675780273923
18258,2024-09-30,1598475,2024-12-31,0.009965226847569222
18266,2024-03-31,2690228,2024-06-30,0.032105743457586926
18266,2024-06-30,2788068,2024-09-30,0.035169254496170914
18266,2024-09-30,2624991,2024-12-31,0.045226331086462845
18272,2024-03-31,1187927,2024-06-30,0.023425539583088226
18272,2024-06-30,1188553,2024-09-30,0.022956749161161305
18272,2024-09-30,1269147,2024-12-31,0.03207340939158709
18282,2024-03-31,154263,2024-06-30,0.023061158572301534
18282,2024-06-30,148076,2024-09-30,-0.02914929196766475
18282,2024-09-30,141105,2024-12-31,0.0862241310306546
18284,2024-03-31,154579,2024-06-30,0.030195844075822306
18284,2024-06-30,162649,2024-09-30,0.013562562132022078
18284,2024-09-30,168270,2024-12-31,0.01997327751809745
18296,2024-03-31,699439,2024-06-30,-0.010240514520215294
18296,2024-06-30,741275,2024-09-30,-0.002457777291429281
18296,2024-09-30,728268,2024-12-31,9.16956644190547e-05
18297,2024-03-31,6554051,2024-06-30,0.0257342411925854
18297,2024-06-30,6502461,2024-09-30,0.03590346799476082
18297,2024-09-30,6446017,2024-12-31,0.04011836218291121
18301,2024-03-31,105556,2024-06-30,-0.0015812166046685278
18301,2024-06-30,102751,2024-09-30,-0.018858124978028825
18301,2024-09-30,98367,2024-12-31,-0.025726010704930066
18302,2024-03-31,31099,2024-06-30,-0.008807561635335097
18302,2024-06-30,28064,2024-09-30,0.007458626223024342
18302,2024-09-30,27852,2024-12-31,0.0021892607050285535
18342,2024-03-31,500,2024-06-30,9.40216606584327e-08
18342,2024-06-30,500,2024-09-30,9.40216606584327e-08
18342,2024-09-30,500,2024-12-31,9.40216606584327e-08
18344,2024-03-31,562985,2024-06-30,0.03667144998601226
18344,2024-06-30,596086,2024-09-30,0.03421046035114352
18344,2024-09-30,655146,2024-12-31,0.04630632012204515
18355,2024-03-31,1517727,2024-06-30,-0.0022245406713223776
18355,2024-06-30,1485693,2024-09-30,-0.0009450834306064555
18355,2024-09-30,1543618,2024-12-31,-0.008446166899370673
18356,2024-03-31,153905,2024-06-30,0.004133194877397628
18356,2024-06-30,150118,2024-09-30,-0.007397684782487058
18356,2024-09-30,152948,2024-12-31,0.026766411224162262
18361,2024-03-31,457815,2024-06-30,0.01734173649468608
18361,2024-06-30,457946,2024-09-30,0.023459787945527947
18361,2024-09-30,469487,2024-12-31,0.018164461157947474
18374,2024-03-31,338035,2024-06-30,0.007547924800332216
18374,2024-06-30,641267,2024-09-30,-0.03828615287978358
18374,2024-09-30,650281,2024-12-31,-0.00011956579439564373
18378,2024-03-31,75976,2024-06-30,-0.010372599766145064
18378,2024-06-30,77450,2024-09-30,-0.01617625154851554
18378,2024-09-30,80493,2024-12-31,0.015467426695658653
18380,2024-03-31,115794,2024-06-30,-0.0010162964023242122
18380,2024-06-30,119002,2024-09-30,0.004415486811107507
18380,2024-09-30,118830,2024-12-31,-0.0054786340449190655
18384,2024-03-31,352860,2024-06-30,0.001356032224023835
18384,2024-06-30,362154,2024-09-30,0.017729545316355007
18384,2024-09-30,339469,2024-12-31,-0.00285120009721428
18385,2024-03-31,452922,2024-06-30,0.01391124211924372
18385,2024-06-30,441888,2024-09-30,0.017553002710439594
18385,2024-09-30,431044,2024-12-31,0.03853938321547739
18389,2024-03-31,717643,2024-06-30,0.011717191752503592
18389,2024-06-30,671561,2024-09-30,0.02970195059441536
18389,2024-09-30,693290,2024-12-31,0.016306625356232958
18394,2024-03-31,118216,2024-06-30,-0.03767129125737032
18394,2024-06-30,111097,2024-09-30,7.184972034374027e-05
18394,2024-09-30,116388,2024-12-31,0.004240953587740236
18400,2024-03-31,422614,2024-06-30,0.012375067092095557
18400,2024-06-30,405680,2024-09-30,0.027170953242473414
18400,2024-09-30,418969,2024-12-31,0.015446146432468612
18402,2024-03-31,1266827,2024-06-30,0.010735394565403959
18402,2024-06-30,1336683,2024-09-30,0.014575011515546752
18402,2024-09-30,1339384,2024-12-31,0.014551120505177201
18408,2024-03-31,5243296,2024-06-30,0.0015383856778045954
18408,2024-06-30,5353465,2024-09-30,0.01685561807180398
18408,2024-09-30,5440947,2024-12-31,0.019982537161803874
18409,2024-03-31,298344717,2024-06-30,0.0016315813160018347
18409,2024-06-30,290083927,2024-09-30,-0.004891101461992468
18409,2024-09-30,294569065,2024-12-31,0.009247557897032735
18429,2024-03-31,4605079,2024-06-30,0.03062139401090463
18429,2024-06-30,4618184,2024-09-30,0.021110248083730694
18429,2024-09-30,4654671,2024-12-31,0.014923043669247049
18431,2024-03-31,507380,2024-06-30,0.008148623176965759
18431,2024-06-30,501140,2024-09-30,0.004042828940592806
18431,2024-09-30,495692,2024-12-31,-0.0010738556009786382
18443,2024-03-31,614272,2024-06-30,0.011204642835386164
18443,2024-06-30,612419,2024-09-30,0.014601887175406104
18443,2024-09-30,632439,2024-12-31,0.008194792884987395
18448,2024-03-31,105590,2024-06-30,-0.01829938448138899
18448,2024-06-30,104678,2024-09-30,-0.01408007464717024
18448,2024-09-30,104258,2024-12-31,0.002758691801438675
18454,2024-03-31,76132,2024-06-30,-0.005221110919244383
18454,2024-06-30,72939,2024-09-30,-0.011382274748622582
18454,2024-09-30,73574,2024-12-31,0.026225559330118373
18463,2024-03-31,38688,2024-06-30,-0.007149643824591805
18463,2024-06-30,37035,2024-09-30,0.004386300807035325
18463,2024-09-30,35914,2024-12-31,0.006938648328980899
18474,2024-03-31,252939,2024-06-30,0.02230360655144811
18474,2024-06-30,242669,2024-09-30,0.020831966250418336
18474,2024-09-30,242528,2024-12-31,0.018789031388562707
18483,2024-03-31,23599,2024-06-30,0.05269651406737299
18483,2024-06-30,22937,2024-09-30,-0.04135703376797643
18483,2024-09-30,21498,2024-12-31,0.07871019162299059
18489,2024-03-31,1147625,2024-06-30,0.030765787418976245
18489,2024-06-30,1134307,2024-09-30,0.027118106269255236
18489,2024-09-30,1155761,2024-12-31,0.024645521575920926
18503,2024-03-31,19707315,2024-06-30,0.02781781150893796
18503,2024-06-30,19622541,2024-09-30,0.02626079977218794
18503,2024-09-30,19752002,2024-12-31,0.02225264440450345
18508,2024-03-31,81885,2024-06-30,0.0172494727065762
18508,2024-06-30,80526,2024-09-30,0.012237259914189221
18508,2024-09-30,82035,2024-12-31,-0.001553194199464912
18514,2024-03-31,222196,2024-06-30,-0.002786180151696281
18514,2024-06-30,224242,2024-09-30,-0.004810925724393654
18514,2024-09-30,222622,2024-12-31,0.0004673792033993795
18518,2024-03-31,155555,2024-06-30,0.01810551885466325
18518,2024-06-30,155775,2024-09-30,0.020106705451038303
18518,2024-09-30,162967,2024-12-31,0.019724885849884622
18519,2024-03-31,606194,2024-06-30,0.025466676970635305
18519,2024-06-30,617288,2024-09-30,0.03212308850393804
18519,2024-09-30,677751,2024-12-31,0.02040165026074905
18561,2024-03-31,2113829,2024-06-30,0.035816132248334534
18561,2024-06-30,2199950,2024-09-30,0.028052908620357954
18561,2024-09-30,2067500,2024-12-31,0.03660603865584068
18564,2024-03-31,267268,2024-06-30,0.006596076008204941
18564,2024-06-30,264590,2024-09-30,-0.0012557721300909418
18564,2024-09-30,275766,2024-12-31,0.008243525835859024
18566,2024-03-31,296666,2024-06-30,0.012748809723164558
18566,2024-06-30,289823,2024-09-30,0.007739038634910742
18566,2024-09-30,289338,2024-12-31,0.02112839276493172
18568,2024-03-31,28593,2024-06-30,-0.0021772738120954317
18568,2024-06-30,28872,2024-09-30,-0.009789443473008386
18568,2024-09-30,28544,2024-12-31,0.0005627942552395753
18569,2024-03-31,1125741,2024-06-30,0.04559438798684288
18569,2024-06-30,1165480,2024-09-30,0.02437801084968669
18569,2024-09-30,1149433,2024-12-31,0.029593073862519918
18576,2024-03-31,394988,2024-06-30,0.0580830148854364
18576,2024-06-30,430834,2024-09-30,0.017452274559560728
18576,2024-09-30,437723,2024-12-31,0.05055187277228248
18584,2024-03-31,521630,2024-06-30,0.011144346196448841
18584,2024-06-30,507216,2024-09-30,0.003319334851133397
18584,2024-09-30,511323,2024-12-31,0.012783514984387734
18592,2024-03-31,479221,2024-06-30,0.016667216840063524
18592,2024-06-30,444688,2024-09-30,-0.03699267637969306
18592,2024-09-30,435815,2024-12-31,0.00782466757872903
18609,2024-03-31,1301728,2024-06-30,0.02177573523610381
18609,2024-06-30,1270199,2024-09-30,0.01390066375748433
18609,2024-09-30,1320406,2024-12-31,0.036070763598752484
18610,2024-03-31,353664,2024-06-30,0.031459530370758916
18610,2024-06-30,350809,2024-09-30,0.02068797798464477
18610,2024-09-30,348087,2024-12-31,0.022942773975277806
18618,2024-03-31,4039913,2024-06-30,-0.00694796045960477
18618,2024-06-30,4530242,2024-09-30,-0.025596710794704755
18618,2024-09-30,4734556,2024-12-31,-0.013193056047793512
18620,2024-03-31,183305,2024-06-30,0.0061205262695672455
18620,2024-06-30,182588,2024-09-30,0.005840926913318019
18620,2024-09-30,183411,2024-12-31,0.008713404108514781
18641,2024-03-31,185098,2024-06-30,0.009370042687271679
18641,2024-06-30,177786,2024-09-30,-0.00856417329200925
18641,2024-09-30,178307,2024-12-31,-0.0036480088161739816
18660,2024-03-31,257081,2024-06-30,-0.005154475709490175
18660,2024-06-30,253902,2024-09-30,-0.0032482387805581295
18660,2024-09-30,260984,2024-12-31,-0.004880085694739787
18677,2024-03-31,107472,2024-06-30,-0.006480953402513135
18677,2024-06-30,118259,2024-09-30,0.00038458253543771767
18677,2024-09-30,135319,2024-12-31,0.029681514456013712
18698,2024-03-31,331420,2024-06-30,0.03329413803349321
18698,2024-06-30,332887,2024-09-30,0.017794352587185928
18698,2024-09-30,322916,2024-12-31,0.016743788073182702
18710,2024-03-31,205948,2024-06-30,0.031992613874161475
18710,2024-06-30,203075,2024-09-30,0.02560811090964185
18710,2024-09-30,209808,2024-12-31,0.01891649838448827
18714,2024-03-31,24633975,2024-06-30,-0.002359501049150963
18714,2024-06-30,24158064,2024-09-30,0.0038994788082256805
18714,2024-09-30,23995632,2024-12-31,0.00750779303772185
18719,2024-03-31,48565,2024-06-30,0.0024430432492443433
18719,2024-06-30,47032,2024-09-30,0.007221948546456383
18719,2024-09-30,47985,2024-12-31,0.0012977054037503462
18724,2024-03-31,25045,2024-06-30,-0.006830694286087635
18724,2024-06-30,24842,2024-09-30,0.00763617615662523
18724,2024-09-30,24364,2024-12-31,0.03901134796494754
18734,2024-03-31,565272,2024-06-30,0.015299828735269715
18734,2024-06-30,663678,2024-09-30,0.04899343878500368
18734,2024-09-30,745724,2024-12-31,0.04261694227889117
18740,2024-03-31,698718,2024-06-30,0.014691550070234479
18740,2024-06-30,680260,2024-09-30,0.014374811532637907
18740,2024-09-30,659040,2024-12-31,0.02675609935026216
18748,2024-03-31,504382,2024-06-30,-0.024809681410247652
18748,2024-06-30,484931,2024-09-30,0.030919860242625035
18748,2024-09-30,498158,2024-12-31,0.04557093928593199
18761,2024-03-31,145454,2024-06-30,0.04142934566821364
18761,2024-06-30,149231,2024-09-30,0.03345612129618393
18761,2024-09-30,149762,2024-12-31,0.037201727248770834
18780,2024-03-31,240191,2024-06-30,0.02026213214166802
18780,2024-06-30,226701,2024-09-30,0.022488133633224855
18780,2024-09-30,234195,2024-12-31,0.006481444792387961
18820,2024-03-31,129509,2024-06-30,0.03969831880766652
18820,2024-06-30,147013,2024-09-30,0.048895920926673934
18820,2024-09-30,150969,2024-12-31,0.057466991984252654
18838,2024-03-31,27779,2024-06-30,0.006077102408453077
18838,2024-06-30,28410,2024-09-30,-0.028855114649673587
18841,2024-03-31,412978,2024-06-30,0.0064579457917584735
18841,2024-06-30,427544,2024-09-30,-0.003878484946094958
18841,2024-09-30,435510,2024-12-31,0.04607574019515561
18856,2024-03-31,124258,2024-06-30,0.07106418036456445
18856,2024-06-30,116056,2024-09-30,-0.02776829182202685
18856,2024-09-30,117128,2024-12-31,-0.00336197757808256
18858,2024-03-31,298440,2024-06-30,0.004470306194757076
18858,2024-06-30,298786,2024-09-30,0.01617987096807319
18858,2024-09-30,295183,2024-12-31,0.015176784609116608
18879,2024-03-31,109068,2024-06-30,-0.025115761067372126
18879,2024-06-30,108207,2024-09-30,-0.02371881156480915
18879,2024-09-30,112376,2024-12-31,0.017491498338466235
18880,2024-03-31,560808,2024-06-30,-0.005876274178334735
18880,2024-06-30,516463,2024-09-30,-0.016890730921315433
18880,2024-09-30,515911,2024-12-31,-0.002162663271479991
18885,2024-03-31,251863,2024-06-30,0.028246671434568126
18885,2024-06-30,251094,2024-09-30,0.01697931331204828
18885,2024-09-30,251570,2024-12-31,0.006522118083158657
18889,2024-03-31,107267,2024-06-30,0.010783850747039792
18889,2024-06-30,107594,2024-09-30,0.008207886468665361
18889,2024-09-30,106633,2024-12-31,0.008967440213063125
18892,2024-03-31,48381,2024-06-30,-0.0759667554516514
18892,2024-06-30,43989,2024-09-30,-0.046927116416105016
18892,2024-09-30,42771,2024-12-31,0.10290617472282736
18895,2024-03-31,192225,2024-06-30,0.0553637669129509
18895,2024-06-30,207380,2024-09-30,-0.05483703176473352
18895,2024-09-30,188300,2024-12-31,0.1042614049371935
18922,2024-03-31,1714133,2024-06-30,0.007925588003416167
18922,2024-06-30,1664929,2024-09-30,0.009567465841104924
18922,2024-09-30,1650638,2024-12-31,0.010615875798795932
18924,2024-03-31,106292,2024-06-30,0.06903765098112519
18924,2024-06-30,128767,2024-09-30,0.11660093706155296
18924,2024-09-30,149415,2024-12-31,0.15766313545929103
18930,2024-03-31,115078,2024-06-30,0.06947200311138735
18930,2024-06-30,116905,2024-09-30,-0.01952685399482895
18930,2024-09-30,126814,2024-12-31,0.043524165000346955
18937,2024-03-31,24604,2024-06-30,-0.020832250363937092
18937,2024-06-30,25844,2024-09-30,-0.009240894129089601
18937,2024-09-30,24852,2024-12-31,-0.007294924050906259
18942,2024-03-31,38212,2024-06-30,0.007771362190817326
18942,2024-06-30,40464,2024-09-30,0.021207996055210867
18942,2024-09-30,39147,2024-12-31,0.008159259750253245
18983,2024-03-31,4310628,2024-06-30,0.0252697537710178
18983,2024-06-30,4480928,2024-09-30,0.034243969354480625
18983,2024-09-30,4449479,2024-12-31,0.02954424033585512
19001,2024-03-31,495592,2024-06-30,-0.0014505013835620893
19001,2024-06-30,485550,2024-09-30,0.01830930825898522
19001,2024-09-30,480945,2024-12-31,0.04067109411930584
19008,2024-03-31,2770202,2024-06-30,0.005442009652630662
19008,2024-06-30,2727342,2024-09-30,0.016396024516873962
19008,2024-09-30,2728282,2024-12-31,0.012538394239631887
19011,2024-03-31,265107,2024-06-30,-0.003258613544439689
19011,2024-06-30,257881,2024-09-30,-0.002658919161784125
19011,2024-09-30,270883,2024-12-31,-0.021856101385868118
19024,2024-03-31,284041,2024-06-30,0.01471891843143697
19024,2024-06-30,280346,2024-09-30,0.012097003015614482
19024,2024-09-30,290261,2024-12-31,0.013499199744397072
19070,2024-03-31,345848,2024-06-30,-0.03877247639794933
19070,2024-06-30,334294,2024-09-30,-0.022541518911104997
19070,2024-09-30,331033,2024-12-31,0.019503462802205558
19080,2024-03-31,3550037,2024-06-30,0.028629419035967364
19080,2024-06-30,3756134,2024-09-30,0.04345733313110064
19080,2024-09-30,3858978,2024-12-31,0.043929836189598816
19087,2024-03-31,63369,2024-06-30,-0.006659911235875808
19087,2024-06-30,61619,2024-09-30,0.03356244273739675
19087,2024-09-30,65351,2024-12-31,0.04650310807852485
19101,2024-03-31,571105,2024-06-30,0.017408250592426143
19101,2024-06-30,599119,2024-09-30,0.02245224548007638
19101,2024-09-30,626814,2024-12-31,0.021783814881401794
19105,2024-03-31,21953,2024-06-30,0.012708830162172568
19105,2024-06-30,22022,2024-09-30,0.0054791444364450746
19105,2024-09-30,23885,2024-12-31,-0.04735895374570743
19123,2024-03-31,1960726,2024-06-30,0.006733045455625389
19123,2024-06-30,1916223,2024-09-30,0.019967787327070555
19123,2024-09-30,1924088,2024-12-31,0.02533374540451928
19143,2024-03-31,546503,2024-06-30,-0.00862192713704582
19143,2024-06-30,518672,2024-09-30,-0.015862971903655446
19143,2024-09-30,515659,2024-12-31,-0.009203132123197535
19163,2024-03-31,381852,2024-06-30,0.017764175027779026
19163,2024-06-30,396090,2024-09-30,0.021645627082458787
19163,2024-09-30,416067,2024-12-31,0.042525269359983214
19184,2024-03-31,894139,2024-06-30,0.001403458065085686
19184,2024-06-30,892676,2024-09-30,-0.0011935759676985837
19184,2024-09-30,975811,2024-12-31,-0.032441124373469965
19188,2024-03-31,219043,2024-06-30,-0.0016575813662410848
19188,2024-06-30,211552,2024-09-30,-0.011595688015478051
19212,2024-03-31,627563,2024-06-30,0.017360425826084762
19212,2024-06-30,618106,2024-09-30,0.021670253679639147
19212,2024-09-30,616451,2024-12-31,0.017421597865263292
19213,2024-03-31,1437129,2024-06-30,0.017365616568347664
19213,2024-06-30,1343707,2024-09-30,0.023120000438359333
19213,2024-09-30,1450591,2024-12-31,0.016285742131622698
19215,2024-03-31,995961,2024-06-30,0.040795821577945576
19215,2024-06-30,993444,2024-09-30,0.04486771035595961
19215,2024-09-30,1077915,2024-12-31,0.03435021082666245
19220,2024-03-31,2533143,2024-06-30,-0.005483901179853803
19220,2024-06-30,2428005,2024-09-30,-0.018920845452547963
19220,2024-09-30,2538609,2024-12-31,0.013966601602982914
19222,2024-03-31,5094966,2024-06-30,0.029073670324407712
19222,2024-06-30,5104409,2024-09-30,0.05169603176919089
19222,2024-09-30,5289190,2024-12-31,0.004690395149076817
19230,2024-03-31,44667,2024-06-30,0.035416104838317274
19230,2024-06-30,45752,2024-09-30,0.007429507148365605
19230,2024-09-30,44801,2024-12-31,0.011279294005237589
19234,2024-03-31,266641,2024-06-30,0.015204982015915287
19234,2024-06-30,300997,2024-09-30,0.005049248162704106
19234,2024-09-30,306970,2024-12-31,0.023167709429961728
19254,2024-03-31,469655,2024-06-30,0.0035527673292651794
19254,2024-06-30,427901,2024-09-30,-0.01791167129602698
19254,2024-09-30,410546,2024-12-31,-0.00545143028803118
19274,2024-03-31,286981,2024-06-30,0.0025665709229442755
19274,2024-06-30,286765,2024-09-30,0.009350658198615452
19274,2024-09-30,313186,2024-12-31,0.02971445299095359
19278,2024-03-31,116925,2024-06-30,0.012490081486487342
19278,2024-06-30,116966,2024-09-30,0.01443313698041
19278,2024-09-30,118973,2024-12-31,0.01580713367075286
19285,2024-03-31,324379,2024-06-30,0.0018096394169755334
19285,2024-06-30,323258,2024-09-30,0.01667886475233439
19285,2024-09-30,327371,2024-12-31,-0.004792774324843758
19288,2024-03-31,892234,2024-06-30,0.010853129609522297
19288,2024-06-30,1039987,2024-09-30,-0.02269962269458727
19288,2024-09-30,932519,2024-12-31,0.014459924637676024
19300,2024-03-31,4299671,2024-06-30,0.028217789419693672
19300,2024-06-30,4290076,2024-09-30,0.0446714344384263
19300,2024-09-30,4463513,2024-12-31,0.030860676851399767
19333,2024-03-31,2261886,2024-06-30,0.032174014613452
19333,2024-06-30,2226683,2024-09-30,0.03037018663045665
19333,2024-09-30,2311376,2024-12-31,0.028966634679731255
19349,2024-03-31,176015,2024-06-30,-0.014568162431449342
19349,2024-06-30,177306,2024-09-30,-0.015937242240430756
19349,2024-09-30,176910,2024-12-31,0.029459765209806154
19351,2024-03-31,131760,2024-06-30,0.016246638859951434
19351,2024-06-30,125901,2024-09-30,0.07942972126768175
19351,2024-09-30,134931,2024-12-31,-0.02505214715385857
19354,2024-03-31,83408,2024-06-30,-0.002651914020281347
19354,2024-06-30,82023,2024-09-30,0.0009030484426364487
19354,2024-09-30,80645,2024-12-31,-0.0022068482113336806
19358,2024-03-31,800559,2024-06-30,0.012338546703516496
19358,2024-06-30,793511,2024-09-30,0.017168918987651365
19358,2024-09-30,797284,2024-12-31,0.014363563502746672
19371,2024-03-31,1175402,2024-06-30,0.03172334160674361
19371,2024-06-30,1196539,2024-09-30,0.03598685150982425
19371,2024-09-30,1217838,2024-12-31,0.04155527355271067
19381,2024-03-31,120956,2024-06-30,0.021288286853393897
19381,2024-06-30,124428,2024-09-30,0.021358306355354628
19381,2024-09-30,127804,2024-12-31,0.021561888126301908
19396,2024-03-31,495813,2024-06-30,0.04165621854597444
19396,2024-06-30,469696,2024-09-30,0.08046740713954198
19396,2024-09-30,466972,2024-12-31,0.053879329346571254
19401,2024-03-31,529066,2024-06-30,0.023704376646514626
19401,2024-06-30,533880,2024-09-30,0.02331988833263119
19401,2024-09-30,545660,2024-12-31,0.021979717890504742
19416,2024-03-31,4528104,2024-06-30,0.02382405632096818
19416,2024-06-30,4658400,2024-09-30,0.028935730119999854
19416,2024-09-30,4523014,2024-12-31,0.029031045117256148
19420,2024-03-31,282757,2024-06-30,0.01854451387915049
19420,2024-06-30,271550,2024-09-30,0.017335963938885347
19420,2024-09-30,279808,2024-12-31,0.015999336151483527
19434,2024-03-31,691545,2024-06-30,0.03290551098901198
19434,2024-06-30,670905,2024-09-30,0.03282923447233476
19434,2024-09-30,707689,2024-12-31,0.019860291243521587
19440,2024-03-31,219012,2024-06-30,-0.007097810280207413
19440,2024-06-30,215850,2024-09-30,-0.006411794335120577
19440,2024-09-30,217097,2024-12-31,0.0005644861440197042
19448,2024-03-31,691143,2024-06-30,0.002880537075523935
19448,2024-06-30,672554,2024-09-30,0.0030792398152823136
19448,2024-09-30,676239,2024-12-31,0.007747246681307305
19459,2024-03-31,2995274,2024-06-30,0.022842744810480462
19459,2024-06-30,3044231,2024-09-30,0.023207480527809438
19459,2024-09-30,3101417,2024-12-31,0.023353064699843645
19482,2024-03-31,975292,2024-06-30,0.014387470576584108
19482,2024-06-30,973029,2024-09-30,0.009995233120838104
19482,2024-09-30,999026,2024-12-31,0.011071980673303887
19502,2024-03-31,1146725,2024-06-30,0.011915644226606358
19502,2024-06-30,1145292,2024-09-30,0.005672051242828686
19502,2024-09-30,1152241,2024-12-31,0.005657706055754976
19506,2024-03-31,1333140,2024-06-30,0.021686366004138948
19506,2024-06-30,1408678,2024-09-30,0.01607118465156281
19506,2024-09-30,1477882,2024-12-31,0.016272826189420206
19512,2024-03-31,874378,2024-06-30,-0.006499375472662607
19512,2024-06-30,878487,2024-09-30,0.013942310074548528
19512,2024-09-30,893064,2024-12-31,0.022136906053966246
19525,2024-03-31,539214,2024-06-30,0.01701028337289272
19525,2024-06-30,535180,2024-09-30,0.020381555684480107
19525,2024-09-30,532949,2024-12-31,0.014318979721324905
19531,2024-03-31,1943034,2024-06-30,0.028740736165800005
19531,2024-06-30,2007423,2024-09-30,0.0367580580056149
19531,2024-09-30,2115575,2024-12-31,0.02904724808056257
19532,2024-03-31,728574,2024-06-30,0.01853326947485951
19532,2024-06-30,709469,2024-09-30,0.027821810396933915
19532,2024-09-30,721893,2024-12-31,0.020577838383195008
19540,2024-03-31,225705,2024-06-30,0.02530231484984218
19540,2024-06-30,225685,2024-09-30,0.011597828560042042
19540,2024-09-30,228449,2024-12-31,0.02353581760520025
19544,2024-03-31,229466,2024-06-30,0.04226739426490482
19544,2024-06-30,226904,2024-09-30,0.06647158680463387
19544,2024-09-30,246300,2024-12-31,-0.017186388662811167
19559,2024-03-31,1867505,2024-06-30,0.03443718222292388
19559,2024-06-30,1826634,2024-09-30,0.027119849960608376
19559,2024-09-30,1912180,2024-12-31,0.02905498477436899
19573,2024-03-31,2225090,2024-06-30,0.0254925902204263
19573,2024-06-30,2205396,2024-09-30,0.03455345846174552
19573,2024-09-30,2174044,2024-12-31,0.04160668739761772
19581,2024-03-31,12194508,2024-06-30,0.05092309570289859
19581,2024-06-30,11980478,2024-09-30,0.0519311686125623
19581,2024-09-30,12154064,2024-12-31,0.050125076591938024
19589,2024-03-31,85108,2024-06-30,0.03926210436546624
19589,2024-06-30,84871,2024-09-30,0.03644920120431112
19589,2024-09-30,91182,2024-12-31,0.012007249915320655
19590,2024-03-31,277734,2024-06-30,0.023150135188624008
19590,2024-06-30,274182,2024-09-30,0.013496945005105657
19590,2024-09-30,277686,2024-12-31,0.016947848083590684
19595,2024-03-31,98005,2024-06-30,0.028618453852345006
19595,2024-06-30,94292,2024-09-30,0.028407819426776573
19595,2024-09-30,93077,2024-12-31,0.017847810624039562
19600,2024-03-31,2125422,2024-06-30,0.016403691759043763
19600,2024-06-30,2151213,2024-09-30,0.013627101559616207
19600,2024-09-30,2294603,2024-12-31,0.022927809554323914
19603,2024-03-31,832112,2024-06-30,0.016654935760468944
19603,2024-06-30,835686,2024-09-30,0.019398514799206734
19603,2024-09-30,865442,2024-12-31,0.014985708934832379
19608,2024-03-31,1152547,2024-06-30,0.03661792995609581
19608,2024-06-30,1162676,2024-09-30,0.037092557303474556
19608,2024-09-30,1144047,2024-12-31,0.04572398125206865
19629,2024-03-31,6435755,2024-06-30,-0.0021797388405141852
19629,2024-06-30,6401604,2024-09-30,-0.0003052119802284654
19629,2024-09-30,6396466,2024-12-31,-0.0010924565505707911
19638,2024-03-31,340772,2024-06-30,0.035654054928069716
19638,2024-06-30,336633,2024-09-30,0.04712570774454575
19638,2024-09-30,340566,2024-12-31,0.04262777534206523
19644,2024-03-31,510532,2024-06-30,0.011375652719755698
19644,2024-06-30,510488,2024-09-30,0.01348182905192559
19644,2024-09-30,503252,2024-12-31,0.014762874559289658
19674,2024-03-31,217136,2024-06-30,-0.008879687441948244
19674,2024-06-30,219835,2024-09-30,0.008397768021793301
19674,2024-09-30,240095,2024-12-31,-0.01563388934129213
19679,2024-03-31,264405,2024-06-30,-0.004845461923223145
19679,2024-06-30,264992,2024-09-30,-0.0034696574537958587
19679,2024-09-30,260670,2024-12-31,0.02969654229503123
19680,2024-03-31,50411,2024-06-30,0.001232050394808931
19680,2024-06-30,50577,2024-09-30,0.0013263777613241315
19680,2024-09-30,49625,2024-12-31,0.030535950578653645
19681,2024-03-31,253408,2024-06-30,0.015107180453182673
19681,2024-06-30,248672,2024-09-30,0.008109448491250504
19681,2024-09-30,249429,2024-12-31,0.015536443191268155
19687,2024-03-31,123875,2024-06-30,-0.002623350619225732
19687,2024-06-30,127801,2024-09-30,0.012216767564020107
19687,2024-09-30,127842,2024-12-31,0.005583318091901082
19689,2024-03-31,158954,2024-06-30,0.012666827089561525
19689,2024-06-30,156306,2024-09-30,0.025508336149563878
19689,2024-09-30,154269,2024-12-31,0.014733977115422184
19690,2024-03-31,2249394,2024-06-30,0.021370678964699057
19690,2024-06-30,2362286,2024-09-30,0.027971009308354305
19690,2024-09-30,3161567,2024-12-31,-0.10311826511802943
19700,2024-03-31,264386,2024-06-30,0.01678975022286161
19700,2024-06-30,270802,2024-09-30,0.016580790543955146
19700,2024-09-30,264490,2024-12-31,0.015363962960101651
19716,2024-03-31,542767,2024-06-30,0.021400137792024102
19716,2024-06-30,554663,2024-09-30,0.024861306774287686
19716,2024-09-30,550516,2024-12-31,0.01963516674520722
19720,2024-03-31,131249,2024-06-30,0.013959614411332632
19720,2024-06-30,128800,2024-09-30,0.01441557446359784
19720,2024-09-30,128666,2024-12-31,0.00899751501814277
19742,2024-03-31,282546,2024-06-30,-0.00817752314525097
19742,2024-06-30,283840,2024-09-30,-0.002043822865463756
19742,2024-09-30,302630,2024-12-31,-0.016646717098959606
19744,2024-03-31,136757,2024-06-30,-0.0031020439093429743
19744,2024-06-30,139857,2024-09-30,-0.003735653609434026
19744,2024-09-30,142357,2024-12-31,-0.006993153107601474
19749,2024-03-31,167309,2024-06-30,-0.004221815976611119
19755,2024-03-31,140024,2024-06-30,-0.010401407302410478
19755,2024-06-30,134945,2024-09-30,0.001002317003113567
19755,2024-09-30,138466,2024-12-31,-0.0018695863345480786
19772,2024-03-31,1696006,2024-06-30,0.020652949651607293
19772,2024-06-30,1730843,2024-09-30,0.01722838517122571
19772,2024-09-30,1741318,2024-12-31,0.01744976878730839
19774,2024-03-31,52929,2024-06-30,-0.011490646214067066
19774,2024-06-30,49924,2024-09-30,-0.01951642318022501
19788,2024-03-31,962036,2024-06-30,0.020283211185204892
19788,2024-06-30,977918,2024-09-30,0.019504771982749677
19788,2024-09-30,967861,2024-12-31,0.01958303017850508
19795,2024-03-31,534827,2024-06-30,0.021715453238601794
19795,2024-06-30,541169,2024-09-30,0.0049471555556060455
19795,2024-09-30,540675,2024-12-31,0.0030088749640079897
19796,2024-03-31,60525,2024-06-30,-0.019510054105639142
19796,2024-06-30,60461,2024-09-30,-0.001967979271638717
19796,2024-09-30,58280,2024-12-31,-0.01164224776477624
19800,2024-03-31,178639,2024-06-30,0.0032766530870547823
19800,2024-06-30,173629,2024-09-30,-0.0030374318688971714
19800,2024-09-30,171196,2024-12-31,0.06500969337203837
19809,2024-03-31,77476,2024-06-30,-0.014945391386068006
19809,2024-06-30,78637,2024-09-30,-0.004177220258653362
19809,2024-09-30,85512,2024-12-31,0.0060904541703318315
19819,2024-03-31,54092,2024-06-30,-0.004812333030288262
19819,2024-06-30,53127,2024-09-30,0.005424057342686673
19819,2024-09-30,55318,2024-12-31,-0.010410120981440132
19827,2024-03-31,568400,2024-06-30,0.037046807431823835
19827,2024-06-30,569756,2024-09-30,0.021961004888728618
19827,2024-09-30,590149,2024-12-31,0.0148176617942761
19836,2024-03-31,501943,2024-06-30,0.01668760989581333
19836,2024-06-30,494603,2024-09-30,0.01968876525893065
19836,2024-09-30,529260,2024-12-31,0.010077748553050835
19850,2024-03-31,1099933,2024-06-30,0.04534094327221078
19850,2024-06-30,1113273,2024-09-30,0.04573316045732687
19850,2024-09-30,1073546,2024-12-31,0.08652616519330791
19899,2024-03-31,2010150,2024-06-30,0.037302516406382345
19899,2024-06-30,2006620,2024-09-30,0.016574967807715783
19899,2024-09-30,2028208,2024-12-31,0.032114333435935796
19904,2024-03-31,391437,2024-06-30,0.023383230827731184
19904,2024-06-30,379378,2024-09-30,0.03743183001746828
19904,2024-09-30,383365,2024-12-31,0.0307648876234668
19977,2024-03-31,10165017,2024-06-30,0.013000019038065122
19977,2024-06-30,10124805,2024-09-30,0.01781697746783806
19977,2024-09-30,10895370,2024-12-31,0.01993075232997094
19978,2024-03-31,263731,2024-06-30,-0.0016930785345278165
19978,2024-06-30,252468,2024-09-30,0.007922315095803118
19978,2024-09-30,250975,2024-12-31,0.011060113562550593
20015,2024-03-31,427484,2024-06-30,0.12576512521084196
20015,2024-06-30,379739,2024-09-30,0.13050937671228105
20015,2024-09-30,501839,2024-12-31,0.018308387294544405
20026,2024-03-31,158290,2024-06-30,-0.023986179395112734
20026,2024-06-30,139102,2024-09-30,-0.06635708049995674
20026,2024-09-30,130363,2024-12-31,-0.05228862715780817
20093,2024-03-31,568301,2024-06-30,0.014163938509318129
20093,2024-06-30,548421,2024-09-30,0.018555392567968225
20093,2024-09-30,530101,2024-12-31,-0.002976255357261021
20099,2024-03-31,2251814,2024-06-30,0.03070212422078337
20099,2024-06-30,2410883,2024-09-30,0.06547718857232093
20099,2024-09-30,2550429,2024-12-31,0.047808897833371965
20100,2024-03-31,346225,2024-06-30,0.013756635649847679
20100,2024-06-30,347111,2024-09-30,0.015588516758704324
20100,2024-09-30,345555,2024-12-31,0.03165651450509767
20130,2024-03-31,645166,2024-06-30,0.024300403856833352
20130,2024-06-30,673225,2024-09-30,0.02086676012937728
20130,2024-09-30,719091,2024-12-31,0.02322369739475284
20156,2024-03-31,905042,2024-06-30,0.016209634827500444
20156,2024-06-30,873476,2024-09-30,0.02908126297915482
20156,2024-09-30,832420,2024-12-31,0.03328155659869601
20161,2024-03-31,878989,2024-06-30,0.008337799541165048
20161,2024-06-30,904332,2024-09-30,0.023861426145627355
20161,2024-09-30,952913,2024-12-31,0.02607846622660834
20162,2024-03-31,85460,2024-06-30,0.021546098481203913
20162,2024-06-30,85663,2024-09-30,0.0263252689224513
20162,2024-09-30,95786,2024-12-31,0.015644733267342715
20164,2024-03-31,2562755,2024-06-30,0.043599991917471215
20164,2024-06-30,2581146,2024-09-30,0.039320255809740155
20164,2024-09-30,2661636,2024-12-31,0.03819773279402424
20179,2024-03-31,504103,2024-06-30,0.03461777204301929
20179,2024-06-30,471359,2024-09-30,0.07862040562640431
20179,2024-09-30,515502,2024-12-31,0.016159912056860248
20198,2024-03-31,508338,2024-06-30,-0.008074558693085125
20198,2024-06-30,485197,2024-09-30,-0.010643499869769068
20198,2024-09-30,468656,2024-12-31,0.04114582780452431
20215,2024-03-31,189961,2024-06-30,0.021093743911884524
20215,2024-06-30,194169,2024-09-30,0.019498527152524994
20215,2024-09-30,196395,2024-12-31,0.020955304913776805
20231,2024-03-31,2320887,2024-06-30,0.025590730721002868
20231,2024-06-30,2306816,2024-09-30,0.02254329025622879
20231,2024-09-30,2340107,2024-12-31,0.026658535972094628
20234,2024-03-31,21061087,2024-06-30,0.0297246150117346
20234,2024-06-30,20968845,2024-09-30,0.01939150825456055
20234,2024-09-30,20709830,2024-12-31,0.004120612384244574
20239,2024-03-31,136431,2024-06-30,0.010303559941151024
20239,2024-06-30,131547,2024-09-30,0.03311338320195181
20239,2024-09-30,130865,2024-12-31,0.010680414884081422
20241,2024-03-31,2141733,2024-06-30,0.011188321511357421
20241,2024-06-30,2267268,2024-09-30,0.009133302105894862
20241,2024-09-30,2241969,2024-12-31,0.010149283082819224
20268,2024-03-31,425946,2024-06-30,-0.005660441110404958
20268,2024-06-30,385903,2024-09-30,0.006026243328631143
20268,2024-09-30,425233,2024-12-31,-0.007880051458131554
20279,2024-03-31,316535,2024-06-30,0.011146869146361829
20279,2024-06-30,317248,2024-09-30,0.0031610733755910183
20279,2024-09-30,315516,2024-12-31,0.0044087332888719305
20296,2024-03-31,5102708,2024-06-30,0.017413332427030456
20296,2024-06-30,5120337,2024-09-30,0.014536245419423131
20296,2024-09-30,5153691,2024-12-31,0.014938531416328985
20311,2024-03-31,545074,2024-06-30,0.022348880195684703
20311,2024-06-30,544157,2024-09-30,0.03400602793197563
20311,2024-09-30,552536,2024-12-31,0.01784122748887104
20353,2024-03-31,444604,2024-06-30,-0.006418718472320881
20353,2024-06-30,438263,2024-09-30,-0.0036198848346863945
20353,2024-09-30,427598,2024-12-31,0.0018764693369207324
20369,2024-03-31,4373373,2024-06-30,-0.0009026559275673166
20369,2024-06-30,4335133,2024-09-30,0.0013694133257168225
20369,2024-09-30,4298619,2024-12-31,-0.0013149069853498555
20387,2024-03-31,737015,2024-06-30,0.020413013096519154
20387,2024-06-30,784780,2024-09-30,0.039948071153473305
20387,2024-09-30,814885,2024-12-31,0.04086770161254045
20429,2024-03-31,179271,2024-06-30,0.014033634429412979
20429,2024-06-30,179832,2024-09-30,0.015916086759038002
20429,2024-09-30,181503,2024-12-31,0.01842328758761245
20454,2024-03-31,27494,2024-06-30,-0.004053934631983493
20454,2024-06-30,27000,2024-09-30,0.04471014556441417
20454,2024-09-30,29449,2024-12-31,-0.028167244248764718
20468,2024-03-31,294300,2024-06-30,0.007741059040665961
20468,2024-06-30,297088,2024-09-30,0.00810080233338916
20468,2024-09-30,299601,2024-12-31,0.008294674286639178
20479,2024-03-31,73238,2024-06-30,0.04029840133521257
20479,2024-06-30,71880,2024-09-30,0.0061953290570903015
20479,2024-09-30,67419,2024-12-31,0.03712357819498059
20484,2024-03-31,1067545,2024-06-30,0.020808689016810693
20484,2024-06-30,1090837,2024-09-30,0.017059637017606093
20484,2024-09-30,1086937,2024-12-31,0.02262250856445183
20488,2024-03-31,1765845,2024-06-30,0.015359466438782854
20488,2024-06-30,1787042,2024-09-30,0.0012845607242964196
20488,2024-09-30,1839783,2024-12-31,0.03850880504263832
20504,2024-03-31,21139865,2024-06-30,0.022232824563245775
20504,2024-06-30,21574192,2024-09-30,0.030088103502063517
20504,2024-09-30,22045264,2024-12-31,0.0359722870423895
20537,2024-03-31,256294,2024-06-30,-0.016375326228745195
20537,2024-06-30,250670,2024-09-30,-0.014141446234983106
20537,2024-09-30,272673,2024-12-31,-0.04679759076756809
20568,2024-03-31,459487,2024-06-30,0.011578025086224679
20568,2024-06-30,463145,2024-09-30,0.01331048225090189
20568,2024-09-30,466517,2024-12-31,0.01311851673712143
20624,2024-03-31,7378707,2024-06-30,0.03429386041403448
20624,2024-06-30,7376694,2024-09-30,0.0179722901536953
20624,2024-09-30,7533256,2024-12-31,0.002112713380883739
20657,2024-03-31,66807,2024-06-30,0.019869812359360008
20657,2024-06-30,74198,2024-09-30,0.04094507984003213
20657,2024-09-30,77440,2024-12-31,0.024370279584727438
20666,2024-03-31,366725,2024-06-30,0.0020170572732966453
20666,2024-06-30,370562,2024-09-30,0.008479369927420101
20666,2024-09-30,384354,2024-12-31,0.005776262823401412
20698,2024-03-31,338034,2024-06-30,0.007867083024191934
20698,2024-06-30,342357,2024-09-30,-0.003541286106017509
20698,2024-09-30,332426,2024-12-31,0.038932255194658635
20720,2024-03-31,864824,2024-06-30,0.0006030171235616792
20720,2024-06-30,843266,2024-09-30,-0.013498008627522512
20720,2024-09-30,854931,2024-12-31,-0.0036874784370820976
20727,2024-03-31,837331,2024-06-30,0.06029990370476721
20727,2024-06-30,903864,2024-09-30,0.024731588175240952
20727,2024-09-30,984419,2024-12-31,-0.005530569488581033
20741,2024-03-31,1699815,2024-06-30,0.028873560323289478
20741,2024-06-30,1604658,2024-09-30,0.0874236008330109
20741,2024-09-30,1723320,2024-12-31,-0.013756694661642846
20776,2024-03-31,855854,2024-06-30,0.032328825125180594
20776,2024-06-30,848180,2024-09-30,0.017110840015819518
20776,2024-09-30,858225,2024-12-31,0.005494770051535844
20818,2024-03-31,1271401,2024-06-30,0.0021325091991031015
20818,2024-06-30,1292409,2024-09-30,0.016569641163466958
20818,2024-09-30,1319574,2024-12-31,0.033131394916833735
20845,2024-03-31,1042460,2024-06-30,0.042145583012360446
20845,2024-06-30,1107121,2024-09-30,0.03679255942039734
20845,2024-09-30,1115974,2024-12-31,0.039204477131819564
20856,2024-03-31,913875,2024-06-30,0.007578339724117009
20856,2024-06-30,934109,2024-09-30,-0.0020602995663717063
20856,2024-09-30,948765,2024-12-31,0.00931777247820636
20872,2024-03-31,254761,2024-06-30,0.02648376978930488
20872,2024-06-30,255055,2024-09-30,0.017822340441642263
20872,2024-09-30,255900,2024-12-31,0.017334984412401076
20884,2024-03-31,1896778,2024-06-30,0.03586184237412438
20884,2024-06-30,1841870,2024-09-30,0.038164399284587244
20884,2024-09-30,1857602,2024-12-31,0.014305706744562672
20954,2024-03-31,1426758,2024-06-30,0.02490542198302393
20954,2024-06-30,1453615,2024-09-30,0.02834909014290277
20954,2024-09-30,1689466,2024-12-31,0.011917798071529864
20989,2024-03-31,1047458,2024-06-30,0.03719568161345922
20989,2024-06-30,1080115,2024-09-30,0.028086719131464835
20989,2024-09-30,1092814,2024-12-31,0.021903698682404195
20993,2024-03-31,552110,2024-06-30,0.008249468423309054
20993,2024-06-30,529918,2024-09-30,0.03616246811095623
20993,2024-09-30,540699,2024-12-31,0.009023847994065502
21031,2024-03-31,2817973,2024-06-30,0.006875455719111259
21031,2024-06-30,2657817,2024-09-30,0.02470065288869538
21031,2024-09-30,2726949,2024-12-31,0.01380072499061913
21050,2024-03-31,103871,2024-06-30,0.005358902761872641
21050,2024-06-30,105632,2024-09-30,0.011393073348330758
21050,2024-09-30,103070,2024-12-31,0.012014111556722766
21074,2024-03-31,722144,2024-06-30,0.01756844140451363
21074,2024-06-30,712792,2024-09-30,0.013649744377416322
21074,2024-09-30,748277,2024-12-31,0.02546671079471205
21083,2024-03-31,364311,2024-06-30,-0.0030755615889080253
21083,2024-06-30,364308,2024-09-30,-0.0029770268727024513
21083,2024-09-30,387314,2024-12-31,-0.021987647624439145
21085,2024-03-31,65416,2024-06-30,0.018957001098093715
21085,2024-06-30,65732,2024-09-30,0.015805552876794703
21085,2024-09-30,68449,2024-12-31,0.01870959342665288
21121,2024-03-31,639395,2024-06-30,-0.02510460729928282
21121,2024-06-30,627581,2024-09-30,0.0003018297889250823
21121,2024-09-30,678119,2024-12-31,0.0552733242962601
21161,2024-03-31,305588,2024-06-30,0.012733152322784713
21161,2024-06-30,310402,2024-09-30,0.012341389701327591
21161,2024-09-30,323175,2024-12-31,0.010573658619084339
21219,2024-03-31,78028,2024-06-30,0.010178463572904323
21219,2024-06-30,79221,2024-09-30,0.010034202554838539
21219,2024-09-30,78806,2024-12-31,0.014200530221660177
21227,2024-03-31,421995,2024-06-30,0.007167183184665366
21227,2024-06-30,431727,2024-09-30,0.008076706064159653
21227,2024-09-30,439692,2024-12-31,0.00850166895533402
21247,2024-03-31,521499,2024-06-30,0.005741735193754473
21247,2024-06-30,511123,2024-09-30,0.00040038929410017864
21247,2024-09-30,500799,2024-12-31,0.017070264654038367
21255,2024-03-31,45617,2024-06-30,0.005469158730328068
21255,2024-06-30,46095,2024-09-30,0.006510680521260335
21255,2024-09-30,43229,2024-12-31,0.021027163328223793
21265,2024-03-31,3679381,2024-06-30,0.009220940709167352
21265,2024-06-30,3707447,2024-09-30,0.01748456159857174
21265,2024-09-30,3993804,2024-12-31,0.014126162138438923
21284,2024-03-31,126858,2024-06-30,0.026881763285848615
21284,2024-06-30,129334,2024-09-30,0.03304455259782507
21284,2024-09-30,129592,2024-12-31,0.030487560832480276
21292,2024-03-31,1049989,2024-06-30,0.017222150389453426
21292,2024-06-30,1058564,2024-09-30,0.01287506128343036
21292,2024-09-30,1066539,2024-12-31,0.015899965312189
21329,2024-03-31,401999,2024-06-30,0.027571529509193036
21329,2024-06-30,421780,2024-09-30,0.026095227869382218
21329,2024-09-30,419822,2024-12-31,0.029670316085252942
21342,2024-03-31,126002,2024-06-30,0.01112965108418998
21342,2024-06-30,147098,2024-09-30,0.037516517831605666
21342,2024-09-30,180246,2024-12-31,0.06552801079507778
21379,2024-03-31,81869,2024-06-30,-0.02199787865446834
21379,2024-06-30,81739,2024-09-30,-4.441856783338313e-05
21379,2024-09-30,82804,2024-12-31,0.017689344554494685
21448,2024-03-31,50962,2024-06-30,-0.004327738719446081
21448,2024-06-30,49841,2024-09-30,-0.004332713060638697
21448,2024-09-30,52727,2024-12-31,-0.01452578716891799
21455,2024-03-31,90929,2024-06-30,0.027841603202698906
21455,2024-06-30,91753,2024-09-30,0.012681209942260668
21455,2024-09-30,96369,2024-12-31,-0.016160665755819443
21486,2024-03-31,190830,2024-06-30,0.005880835476554619
21486,2024-06-30,187972,2024-09-30,-0.0048629243694193304
21486,2024-09-30,187607,2024-12-31,0.013455947033960844
21525,2024-03-31,207736,2024-06-30,0.015498786440463564
21525,2024-06-30,205204,2024-09-30,0.01760653282887958
21525,2024-09-30,209722,2024-12-31,0.01917587997167805
21526,2024-03-31,110797,2024-06-30,0.015631164046568568
21526,2024-06-30,112799,2024-09-30,0.006292045575952705
21526,2024-09-30,113260,2024-12-31,0.013275045199901775
21529,2024-03-31,84981,2024-06-30,0.005032313561294633
21529,2024-06-30,87995,2024-09-30,0.014056089230492414
21529,2024-09-30,89056,2024-12-31,0.014013932223027234
21557,2024-03-31,277049,2024-06-30,0.02077926280251928
21557,2024-06-30,265220,2024-09-30,0.02951291501422518
21557,2024-09-30,278576,2024-12-31,0.018519835418392652
21567,2024-03-31,409579,2024-06-30,0.06305575549192796
21567,2024-06-30,412231,2024-09-30,0.07361027749422513
21567,2024-09-30,449964,2024-12-31,0.06197481890036121
21573,2024-03-31,1692418,2024-06-30,0.01967778098488424
21573,2024-06-30,1633332,2024-09-30,0.023841868949865754
21573,2024-09-30,1652319,2024-12-31,0.02097321364913431
21591,2024-03-31,2573077,2024-06-30,-0.011628254125170663
21591,2024-06-30,2412306,2024-09-30,0.02715159544954024
21591,2024-09-30,2506649,2024-12-31,-0.008137183658148467
21606,2024-03-31,856089,2024-06-30,0.04631619915531478
21606,2024-06-30,935894,2024-09-30,0.03036146143362177
21606,2024-09-30,905724,2024-12-31,0.022522846731780313
21635,2024-03-31,62978,2024-06-30,-0.031071567114167906
21635,2024-06-30,64922,2024-09-30,-0.0005621841325193316
21635,2024-09-30,64962,2024-12-31,-0.007284693040944119
21692,2024-03-31,113776,2024-06-30,0.016126502213529147
21692,2024-06-30,111150,2024-09-30,0.026806222496580642
21692,2024-09-30,109573,2024-12-31,0.033090328307001315
21693,2024-03-31,278519,2024-06-30,0.03806724764628602
21693,2024-06-30,272786,2024-09-30,0.018309625272857722
21693,2024-09-30,280966,2024-12-31,0.016118879069114755
21714,2024-03-31,923949,2024-06-30,0.0212617811534894
21714,2024-06-30,923543,2024-09-30,0.018781091669597013
21714,2024-09-30,933612,2024-12-31,0.017741723469904085
21716,2024-03-31,11943928,2024-06-30,0.03597008049168596
21716,2024-06-30,11840022,2024-09-30,0.02085859207837923
21716,2024-09-30,12122295,2024-12-31,0.02690149688972121
21721,2024-03-31,120367,2024-06-30,-0.00010236418856678858
21721,2024-06-30,121845,2024-09-30,0.0018675901225459336
21721,2024-09-30,121148,2024-12-31,-0.0016818560614114597
21728,2024-03-31,109109,2024-06-30,0.01300107016050289
21728,2024-06-30,108417,2024-09-30,0.03015388050090281
21728,2024-09-30,104540,2024-12-31,0.04763159031681145
21752,2024-03-31,69990,2024-06-30,0.004024247013382251
21752,2024-06-30,68110,2024-09-30,-0.014080838650159999
21752,2024-09-30,68809,2024-12-31,-0.008954964437630343
21761,2024-03-31,500,2024-06-30,0.0009408592282510064
21761,2024-06-30,500,2024-09-30,0.0025458248717937916
21761,2024-09-30,500,2024-12-31,0.00349855507551969
21784,2024-03-31,472442,2024-06-30,0.0184206783372412
21784,2024-06-30,498174,2024-09-30,0.033030334964975046
21784,2024-09-30,500544,2024-12-31,0.04999626842162545
21805,2024-03-31,308952,2024-06-30,0.004487957632113496
21805,2024-06-30,330481,2024-09-30,-0.0005949584707999253
21805,2024-09-30,353829,2024-12-31,0.02541677792174578
21807,2024-03-31,42406,2024-06-30,-0.0036037331769072432
21807,2024-06-30,43480,2024-09-30,0.0020336220293687866
21807,2024-09-30,46062,2024-12-31,0.008863179501474708
21843,2024-03-31,4656103,2024-06-30,-0.03352400878501483
21843,2024-06-30,4717395,2024-09-30,-0.002124801930192343
21843,2024-09-30,5232345,2024-12-31,-0.008853406381609818
21848,2024-03-31,703792,2024-06-30,0.008801853666189097
21848,2024-06-30,724165,2024-09-30,0.015079954345607091
21848,2024-09-30,707179,2024-12-31,0.01425204686005267
21868,2024-03-31,1820252,2024-06-30,-0.07064516120196447
21868,2024-06-30,1804737,2024-09-30,0.017748411990132253
21868,2024-09-30,2362660,2024-12-31,0.03327264048627787
21874,2024-03-31,189607,2024-06-30,0.017944391750764548
21874,2024-06-30,187376,2024-09-30,0.008570378017464008
21874,2024-09-30,182135,2024-12-31,0.003612909568791344
21883,2024-03-31,460532,2024-06-30,-0.015793024096508793
21883,2024-06-30,456681,2024-09-30,-0.028854486110542355
21883,2024-09-30,436704,2024-12-31,0.02125415576100154
21897,2024-03-31,170585,2024-06-30,0.013223026856193027
21897,2024-06-30,172340,2024-09-30,0.013415561611874226
21897,2024-09-30,171866,2024-12-31,0.016543960572673932
21906,2024-03-31,967963,2024-06-30,0.007032516942351103
21906,2024-06-30,962835,2024-09-30,-0.003501324998433574
21906,2024-09-30,954834,2024-12-31,-0.006445951626111423
21928,2024-03-31,300980,2024-06-30,0.014360929284936425
21928,2024-06-30,301249,2024-09-30,0.018786849315237154
21928,2024-09-30,297140,2024-12-31,0.01826318772660285
21943,2024-03-31,7998031,2024-06-30,0.013548080991018847
21943,2024-06-30,8062061,2024-09-30,0.010679253048494743
21943,2024-09-30,8047158,2024-12-31,0.00732493821665706
21955,2024-03-31,195014,2024-06-30,0.026617553848886668
21955,2024-06-30,211978,2024-09-30,0.026233908309037796
21955,2024-09-30,214596,2024-12-31,0.03656284470383706
21956,2024-03-31,1780019,2024-06-30,0.00435446350341523
21956,2024-06-30,1802015,2024-09-30,0.007667264777784939
21956,2024-09-30,1794790,2024-12-31,0.006696763227939632
21978,2024-03-31,485143,2024-06-30,0.005272766280046437
21978,2024-06-30,449050,2024-09-30,-0.005055757407060593
21978,2024-09-30,470030,2024-12-31,-0.0064707928031070535
21988,2024-03-31,297945,2024-06-30,-0.007931891567659818
21988,2024-06-30,293533,2024-09-30,-0.006092337509951998
21988,2024-09-30,286952,2024-12-31,0.019884447274711396
21998,2024-03-31,82357,2024-06-30,0.021805816551423954
21998,2024-06-30,85565,2024-09-30,-0.0012797428437225985
21998,2024-09-30,87594,2024-12-31,-0.0003417235765446351
22015,2024-03-31,525072,2024-06-30,0.007061702452608308
22015,2024-06-30,523522,2024-09-30,0.0127111994963573
22015,2024-09-30,530399,2024-12-31,0.010036159369052375
22020,2024-03-31,464752,2024-06-30,0.005654023381561507
22020,2024-06-30,462723,2024-09-30,-0.025015356541816136
22020,2024-09-30,465252,2024-12-31,0.029221174736647513
22046,2024-03-31,169001,2024-06-30,-0.014201664673217845
22046,2024-06-30,173648,2024-09-30,-0.006969430867466053
22046,2024-09-30,173991,2024-12-31,-0.0034641500006255778
22065,2024-03-31,522870,2024-06-30,0.06532660305941919
22065,2024-06-30,541188,2024-09-30,0.05441992836433295
22065,2024-09-30,554605,2024-12-31,0.046626494536145036
22070,2024-03-31,122122,2024-06-30,-0.005097344848369785
22081,2024-03-31,410422,2024-06-30,-0.0049355569794675746
22081,2024-06-30,418147,2024-09-30,-0.015069767191762501
22081,2024-09-30,411144,2024-12-31,-0.012669791743388014
22086,2024-03-31,209126,2024-06-30,0.02644683861774546
22086,2024-06-30,209861,2024-09-30,0.031160349131361204
22086,2024-09-30,207212,2024-12-31,0.02971876537076428
22090,2024-03-31,298707,2024-06-30,0.02482038478882142
22090,2024-06-30,291795,2024-09-30,0.014414909195343004
22090,2024-09-30,325380,2024-12-31,0.018990258100032333
22092,2024-03-31,530053,2024-06-30,-0.010254875662763278
22092,2024-06-30,565445,2024-09-30,0.01164361082667956
22092,2024-09-30,538365,2024-12-31,-0.013583665560925986
22134,2024-03-31,2548890,2024-06-30,0.021746749031859917
22134,2024-06-30,2565445,2024-09-30,0.01635743795665385
22134,2024-09-30,2769455,2024-12-31,0.02798047179007666
22138,2024-03-31,266199,2024-06-30,0.022446128196294827
22138,2024-06-30,268918,2024-09-30,0.019489095214501886
22138,2024-09-30,317782,2024-12-31,0.016335769956224523
22139,2024-03-31,673102,2024-06-30,0.01836054610975384
22139,2024-06-30,680685,2024-09-30,0.022425320965822435
22139,2024-09-30,690234,2024-12-31,0.01708356869857924
22180,2024-03-31,687608,2024-06-30,-0.02214524461996303
22180,2024-06-30,627120,2024-09-30,0.03324499458602924
22180,2024-09-30,653020,2024-12-31,0.005644710714089477
22205,2024-03-31,403881,2024-06-30,0.04027378190752913
22205,2024-06-30,454971,2024-09-30,0.04332647191387158
22205,2024-09-30,479111,2024-12-31,0.07993512734465072
22229,2024-03-31,58717,2024-06-30,-0.0022173015573375516
22229,2024-06-30,59913,2024-09-30,-0.0006028307941952356
22229,2024-09-30,59339,2024-12-31,0.0010248393267567352
22242,2024-03-31,174241,2024-06-30,0.03672798156461671
22242,2024-06-30,165041,2024-09-30,0.059192418740436445
22242,2024-09-30,178217,2024-12-31,0.02231643464881908
22257,2024-03-31,2550264,2024-06-30,0.008597518359581464
22257,2024-06-30,2484294,2024-09-30,0.0034401656645161563
22257,2024-09-30,2558600,2024-12-31,0.004342656889914848
22263,2024-03-31,68228,2024-06-30,0.016706349151297425
22263,2024-06-30,67735,2024-09-30,0.025647665970408354
22263,2024-09-30,69163,2024-12-31,0.012086840904189593
22271,2024-03-31,311997,2024-06-30,-0.028667764829384695
22271,2024-06-30,297559,2024-09-30,-0.035689234361065234
22271,2024-09-30,295172,2024-12-31,-0.003994063912769549
22273,2024-03-31,116965,2024-06-30,0.013587913735680059
22273,2024-06-30,117339,2024-09-30,0.010486382473848489
22273,2024-09-30,118363,2024-12-31,0.012360472174889508
22282,2024-03-31,425612,2024-06-30,0.012577567830255886
22282,2024-06-30,436484,2024-09-30,0.014256473133963386
22282,2024-09-30,435052,2024-12-31,0.015323724025901132
22308,2024-03-31,817801,2024-06-30,0.0356332236363069
22308,2024-06-30,865507,2024-09-30,0.04087061575341275
22308,2024-09-30,884530,2024-12-31,0.04022255916048385
22319,2024-03-31,1458351,2024-06-30,0.03078334762957369
22319,2024-06-30,1457337,2024-09-30,0.025954574756765048
22319,2024-09-30,1502192,2024-12-31,0.0225629612587121
22334,2024-03-31,1636192,2024-06-30,0.02634211527033102
22334,2024-06-30,1637526,2024-09-30,0.029156517601272858
22334,2024-09-30,1682681,2024-12-31,0.03195247976369901
22340,2024-03-31,194820,2024-06-30,-0.008948881868496262
22340,2024-06-30,418528,2024-09-30,-0.2963853251357369
22340,2024-09-30,430862,2024-12-31,-0.20600532430876498
22354,2024-03-31,1604950,2024-06-30,0.01908222841598622
22354,2024-06-30,1608022,2024-09-30,0.023881776941685504
22354,2024-09-30,1894301,2024-12-31,0.017182893200563255
22355,2024-03-31,40076,2024-06-30,0.004265064399748452
22355,2024-06-30,40763,2024-09-30,0.0035605959318367473
22355,2024-09-30,40521,2024-12-31,0.0026725336571932334
22358,2024-03-31,104636,2024-06-30,0.00010190653484921054
22358,2024-06-30,105981,2024-09-30,-0.001516851701146183
22358,2024-09-30,108024,2024-12-31,-0.0028130221292392444
22366,2024-03-31,464750,2024-06-30,0.01941644866371769
22366,2024-06-30,482838,2024-09-30,0.012193235280327801
22366,2024-09-30,514075,2024-12-31,-0.009921966236384768
22373,2024-03-31,1930586,2024-06-30,0.05349049861753137
22373,2024-06-30,1934984,2024-09-30,0.05885506577297151
22373,2024-09-30,2009146,2024-12-31,0.0445132257920749
22381,2024-03-31,267624,2024-06-30,0.011080653070174081
22381,2024-06-30,220709,2024-09-30,0.019234542158453338
22381,2024-09-30,219423,2024-12-31,0.03594052957461278
22394,2024-03-31,559381,2024-06-30,0.007015548693832622
22394,2024-06-30,578811,2024-09-30,-0.0021027065729318016
22394,2024-09-30,567654,2024-12-31,-0.0012940307793239262
22396,2024-03-31,1066869,2024-06-30,0.020363107922527608
22396,2024-06-30,1052162,2024-09-30,0.029808970462634886
22396,2024-09-30,1170151,2024-12-31,0.006881938418225205
22398,2024-03-31,801016,2024-06-30,-0.05272019034999447
22398,2024-06-30,692849,2024-09-30,0.013019695333657435
22398,2024-09-30,642061,2024-12-31,0.008904605704107777
22430,2024-03-31,44708,2024-06-30,-0.03467347744971169
22430,2024-06-30,46377,2024-09-30,-0.027315294960394802
22430,2024-09-30,37131,2024-12-31,-0.04569707796693492
22434,2024-03-31,172292,2024-06-30,0.0037471236355377624
22434,2024-06-30,170972,2024-09-30,0.00558145361163231
22434,2024-09-30,180789,2024-12-31,0.011537283838540762
22447,2024-03-31,224010,2024-06-30,0.011697583463749427
22447,2024-06-30,234575,2024-09-30,0.014881426046966902
22447,2024-09-30,230259,2024-12-31,0.062033491825768165
22448,2024-03-31,71527,2024-06-30,-0.008769990634490205
22448,2024-06-30,72270,2024-09-30,0.0002921937426066986
22448,2024-09-30,76105,2024-12-31,0.001727513971752519
22451,2024-03-31,911604,2024-06-30,0.039235175995795984
22451,2024-06-30,908705,2024-09-30,0.04199992936149529
22451,2024-09-30,1364811,2024-12-31,-0.07476537706768878
22460,2024-03-31,166507,2024-06-30,-0.012574391197964744
22460,2024-06-30,164679,2024-09-30,-0.01500426372169325
22460,2024-09-30,172028,2024-12-31,-0.023326360671643207
22502,2024-03-31,59560,2024-06-30,-0.003706675370957505
22502,2024-06-30,54650,2024-09-30,-0.00020189448589755365
22502,2024-09-30,53903,2024-12-31,0.001631074144261553
22514,2024-03-31,122457,2024-06-30,0.022302506953999237
22514,2024-06-30,122032,2024-09-30,0.02219675435972756
22514,2024-09-30,127298,2024-12-31,0.02298306932894079
22526,2024-03-31,193594,2024-06-30,0.01613206702901001
22526,2024-06-30,198238,2024-09-30,0.01436541327718173
22526,2024-09-30,199856,2024-12-31,0.008846480159659558
22536,2024-03-31,331191,2024-06-30,0.023774485153464055
22536,2024-06-30,327587,2024-09-30,0.0053670445534750675
22536,2024-09-30,332750,2024-12-31,0.000316952267064813
22537,2024-03-31,1196365,2024-06-30,0.02965495551832502
22537,2024-06-30,1209594,2024-09-30,0.0294849320171316
22537,2024-09-30,1213609,2024-12-31,0.03341884656674799
22549,2024-03-31,24887,2024-06-30,-0.002564026200607927
22549,2024-06-30,24297,2024-09-30,-0.0006843771573540595
22549,2024-09-30,24026,2024-12-31,-0.0026873797241110074
22551,2024-03-31,372283,2024-06-30,-0.01923311363647984
22551,2024-06-30,351809,2024-09-30,0.08093180450151195
22559,2024-03-31,2872775,2024-06-30,-0.026250585453769446
22559,2024-06-30,2855573,2024-09-30,0.0012016028996825988
22559,2024-09-30,2842737,2024-12-31,0.04272051241882666
22567,2024-03-31,86607,2024-06-30,-0.0021692263032750897
22567,2024-06-30,83458,2024-09-30,0.024867162147314017
22567,2024-09-30,85351,2024-12-31,0.08242575091172485
22578,2024-03-31,255078,2024-06-30,0.01312878731732471
22578,2024-06-30,250685,2024-09-30,0.011629476645349848
22578,2024-09-30,266613,2024-12-31,0.010066484816668877
22597,2024-03-31,2871575,2024-06-30,0.04253891479334396
22597,2024-06-30,2958225,2024-09-30,0.02792368782903272
22597,2024-09-30,2967229,2024-12-31,0.028038662976214556
22598,2024-03-31,104912,2024-06-30,0.0048503322549858
22598,2024-06-30,108966,2024-09-30,0.0021776352166895372
22598,2024-09-30,111816,2024-12-31,0.00339702777403414
22600,2024-03-31,237598,2024-06-30,0.03230788342224899
22600,2024-06-30,226324,2024-09-30,0.032592412527042654
22600,2024-09-30,228736,2024-12-31,0.03897670071430693
22601,2024-03-31,172200,2024-06-30,0.007526798344639543
22601,2024-06-30,165307,2024-09-30,0.0009670593697431442
22601,2024-09-30,169105,2024-12-31,0.00016466147428190097
22621,2024-03-31,95100,2024-06-30,-0.015287217885431604
22636,2024-03-31,215275,2024-06-30,-0.010512858857736099
22636,2024-06-30,215749,2024-09-30,-0.01724754099405186
22636,2024-09-30,209319,2024-12-31,0.06901435726048523
22639,2024-03-31,176609,2024-06-30,0.027171449954240555
22639,2024-06-30,174917,2024-09-30,0.023856304194882886
22639,2024-09-30,176864,2024-12-31,0.007756802533089922
22653,2024-03-31,3973120,2024-06-30,0.11432211199951363
22653,2024-06-30,4434788,2024-09-30,0.10405091938734881
22653,2024-09-30,4242202,2024-12-31,0.11610034562595642
22657,2024-03-31,75209,2024-06-30,-0.014996229029835403
22657,2024-06-30,72304,2024-09-30,-0.01797616437029181
22657,2024-09-30,69072,2024-12-31,0.036666530329892796
22669,2024-03-31,173610,2024-06-30,-0.01724841830259119
22669,2024-06-30,173502,2024-09-30,0.0012581444587613916
22669,2024-09-30,173940,2024-12-31,0.011233656527675747
22717,2024-03-31,268726,2024-06-30,-0.008476243796188877
22717,2024-06-30,265449,2024-09-30,0.014187064634581805
22717,2024-09-30,261545,2024-12-31,0.011274263959131264
22738,2024-03-31,566591,2024-06-30,0.003925049389067711
22738,2024-06-30,625431,2024-09-30,0.024460354716079494
22738,2024-09-30,688802,2024-12-31,0.0313910427262722
22739,2024-03-31,295306,2024-06-30,0.01606124292770203
22739,2024-06-30,296514,2024-09-30,0.033499264407725785
22739,2024-09-30,312130,2024-12-31,0.03217296451236692
22756,2024-03-31,247072,2024-06-30,0.025273273637258818
22756,2024-06-30,249665,2024-09-30,0.021261140657581976
22756,2024-09-30,248684,2024-12-31,0.024251886124872817
22811,2024-03-31,115108,2024-06-30,-0.019745348322873977
22811,2024-06-30,117880,2024-09-30,-0.02354769581333254
22811,2024-09-30,121358,2024-12-31,-0.0129361947830587
22835,2024-03-31,56568,2024-06-30,-0.0071900560949256665
22835,2024-06-30,55642,2024-09-30,-0.01595662156725779
22835,2024-09-30,55522,2024-12-31,0.017014762214987638
22838,2024-03-31,114580,2024-06-30,0.02182327451844933
22838,2024-06-30,117415,2024-09-30,0.020112862138079904
22838,2024-09-30,115521,2024-12-31,0.016460792953860087
22839,2024-03-31,53122,2024-06-30,0.005348973246895806
22839,2024-06-30,51957,2024-09-30,-0.016212434044136997
22839,2024-09-30,49768,2024-12-31,0.011518393067680042
22855,2024-03-31,85808,2024-06-30,-0.019458129348830056
22855,2024-06-30,85156,2024-09-30,-0.011893094391081526
22855,2024-09-30,84180,2024-12-31,-0.012682956792365288
22858,2024-03-31,23156081,2024-06-30,-0.0002941840249684754
22858,2024-06-30,23305317,2024-09-30,0.0043001002758455255
22858,2024-09-30,24070496,2024-12-31,0.025078834299694694
22867,2024-03-31,340717,2024-06-30,0.008273966256778266
22867,2024-06-30,348222,2024-09-30,0.013897089083408493
22867,2024-09-30,344042,2024-12-31,0.024819016275094526
22874,2024-03-31,683415,2024-06-30,-0.00911463372697151
22874,2024-06-30,730742,2024-09-30,-0.0293708842849987
22874,2024-09-30,714117,2024-12-31,-0.007897861118240392
22876,2024-03-31,979509,2024-06-30,-0.0018610163757064606
22876,2024-06-30,979251,2024-09-30,-0.00756819193977397
22876,2024-09-30,969306,2024-12-31,0.05421040459665095
22888,2024-03-31,154102,2024-06-30,0.004311969065771066
22888,2024-06-30,152238,2024-09-30,0.000979420617829551
22888,2024-09-30,152720,2024-12-31,0.002384972441829831
22895,2024-03-31,228186,2024-06-30,0.010496495188328004
22895,2024-06-30,226706,2024-09-30,0.015573512765061682
22895,2024-09-30,226682,2024-12-31,0.027755493386489912
22918,2024-03-31,2993263,2024-06-30,0.023795471097727176
22918,2024-06-30,3192843,2024-09-30,0.002588765600560426
22918,2024-09-30,3255872,2024-12-31,0.04929311818736083
22925,2024-03-31,155507,2024-06-30,0.007984208531756657
22925,2024-06-30,154654,2024-09-30,0.007095955716615963
22925,2024-09-30,160007,2024-12-31,-0.004152931849801903
22942,2024-03-31,120487,2024-06-30,0.013506498979813469
22942,2024-06-30,122086,2024-09-30,0.00840796215635758
22942,2024-09-30,119576,2024-12-31,0.008922270471486799
22953,2024-03-31,7936361,2024-06-30,0.009559594597418524
22953,2024-06-30,7866471,2024-09-30,-0.0064400029858188495
22953,2024-09-30,8217330,2024-12-31,0.010099418566347758
22954,2024-03-31,40232,2024-06-30,0.014333401889105108
22954,2024-06-30,41666,2024-09-30,0.014364343117771735
22954,2024-09-30,40616,2024-12-31,0.01828317127326397
22957,2024-03-31,2178574,2024-06-30,-0.0072851859226299295
22957,2024-06-30,2117425,2024-09-30,0.024859874706620183
22957,2024-09-30,2224267,2024-12-31,0.05172234130841127
22964,2024-03-31,641241,2024-06-30,0.0291724728539383
22964,2024-06-30,652406,2024-09-30,0.020530372823489913
22964,2024-09-30,664247,2024-12-31,0.019627848478556448
22971,2024-03-31,244881,2024-06-30,-0.0015364244638019046
22971,2024-06-30,244866,2024-09-30,-0.05555927007240944
22971,2024-09-30,247421,2024-12-31,0.005512583363741758
22993,2024-03-31,121372,2024-06-30,0.018112087310359473
22993,2024-06-30,124015,2024-09-30,0.01594166074543921
22993,2024-09-30,131534,2024-12-31,0.018900874731501437
23007,2024-03-31,697824,2024-06-30,0.02482265136356979
23007,2024-06-30,680406,2024-09-30,0.016311399789931097
23007,2024-09-30,698813,2024-12-31,0.02080577472300461
23030,2024-03-31,2031531,2024-06-30,0.028116412190421897
23030,2024-06-30,2868115,2024-09-30,0.006388801976686756
23030,2024-09-30,2922480,2024-12-31,0.00488818413397672
23041,2024-03-31,996228,2024-06-30,0.003273500590064348
23041,2024-06-30,986077,2024-09-30,0.0066463173656416945
23041,2024-09-30,1011867,2024-12-31,-0.005840342313116062
23086,2024-03-31,364376,2024-06-30,0.02014732508032556
23086,2024-06-30,367620,2024-09-30,-0.0027000590777539403
23086,2024-09-30,408197,2024-12-31,-0.0024242186282970235
23091,2024-03-31,5935412,2024-06-30,0.015359325632708993
23091,2024-06-30,5816196,2024-09-30,0.029507943204312367
23091,2024-09-30,5894456,2024-12-31,0.003297062788716988
23099,2024-03-31,72897,2024-06-30,-0.0035486583577309097
23099,2024-06-30,72942,2024-09-30,-0.008081743984614942
23099,2024-09-30,70099,2024-12-31,0.01560097708998934
23123,2024-03-31,446960,2024-06-30,0.0024070635017427074
23123,2024-06-30,449752,2024-09-30,-0.0008052934599236854
23123,2024-09-30,442718,2024-12-31,-0.001683448551364506
23126,2024-03-31,74706,2024-06-30,0.003052286615508204
23126,2024-06-30,72576,2024-09-30,0.06788437411923919
23126,2024-09-30,80811,2024-12-31,-0.042306930981337795
23144,2024-03-31,584842,2024-06-30,-0.012467613711403083
23144,2024-06-30,605072,2024-09-30,0.003175027154304796
23144,2024-09-30,571257,2024-12-31,-0.02277757621827899
23152,2024-03-31,305402,2024-06-30,0.001992120237339128
23152,2024-06-30,310219,2024-09-30,0.0035186160641048083
23152,2024-09-30,313092,2024-12-31,0.00537085651071759
23189,2024-03-31,256670,2024-06-30,-0.0048453992891156665
23189,2024-06-30,247976,2024-09-30,0.007501964146313591
23189,2024-09-30,255599,2024-12-31,-0.006064642059153786
23210,2024-03-31,329485,2024-06-30,-0.1587728888507895
23210,2024-06-30,231488,2024-09-30,0.0439422777507405
23210,2024-09-30,227763,2024-12-31,0.02077367902688826
23220,2024-03-31,7920234,2024-06-30,0.021347861644121925
23220,2024-06-30,8052418,2024-09-30,0.020322055868971938
23220,2024-09-30,7918751,2024-12-31,0.02371492553945013
23242,2024-03-31,43687,2024-06-30,-0.0005796498556536747
23242,2024-06-30,47495,2024-09-30,-0.013660241315005189
23242,2024-09-30,45672,2024-12-31,0.009103675529159966
23244,2024-03-31,37457,2024-06-30,0.007451733104610951
23244,2024-06-30,37958,2024-09-30,-0.00019677235163869855
23244,2024-09-30,37953,2024-12-31,-0.005421403112418418
23257,2024-03-31,316747,2024-06-30,0.015368656712614113
23257,2024-06-30,321851,2024-09-30,0.01669724032117206
23257,2024-09-30,328777,2024-12-31,0.015038414691531533
23270,2024-03-31,77616,2024-06-30,0.00037510762615879307
23270,2024-06-30,73381,2024-09-30,0.026044761613469976
23270,2024-09-30,78933,2024-12-31,-0.01515599519762448
23275,2024-03-31,1309215,2024-06-30,0.01061864902365834
23275,2024-06-30,1315149,2024-09-30,0.018783119212460668
23275,2024-09-30,1362188,2024-12-31,0.011717735821112917
23286,2024-03-31,1327464,2024-06-30,0.011727576176766386
23286,2024-06-30,1314838,2024-09-30,0.006777579326875668
23286,2024-09-30,1328759,2024-12-31,0.009674095612673373
23287,2024-03-31,4361284,2024-06-30,0.03105348373880685
23287,2024-06-30,4424291,2024-09-30,0.01952029966431055
23287,2024-09-30,4645056,2024-12-31,-0.0024492873845050364
23293,2024-03-31,1658226,2024-06-30,0.010743809760241302
23293,2024-06-30,1652538,2024-09-30,0.005042915383929408
23293,2024-09-30,1651398,2024-12-31,0.002757241928191408
23296,2024-03-31,5309340,2024-06-30,0.021283913080805857
23296,2024-06-30,5380347,2024-09-30,0.022387352130458286
23296,2024-09-30,5505584,2024-12-31,0.021667342986399444
23298,2024-03-31,1261910,2024-06-30,0.0005673040271554957
23298,2024-06-30,1304439,2024-09-30,0.012780050944258685
23298,2024-09-30,1289236,2024-12-31,0.006927229535644311
23373,2024-03-31,59435,2024-06-30,-0.008009106123129219
23373,2024-06-30,57056,2024-09-30,-0.013114576541530884
23373,2024-09-30,58114,2024-12-31,-0.006698447298951078
23376,2024-03-31,336748,2024-06-30,0.00485231211810254
23376,2024-06-30,340224,2024-09-30,0.008807135685289997
23376,2024-09-30,338204,2024-12-31,0.0029433091033662677
23404,2024-03-31,112966,2024-06-30,0.023898597594531445
23404,2024-06-30,117512,2024-09-30,0.021566465327853706
23404,2024-09-30,119187,2024-12-31,-0.007577710943414134
23430,2024-03-31,238391,2024-06-30,-0.00013669072108833945
23430,2024-06-30,233170,2024-09-30,0.005888783154918169
23430,2024-09-30,230420,2024-12-31,0.003380857085271207
23472,2024-03-31,1444,2024-06-30,-0.060300736098689155
23472,2024-06-30,1073,2024-09-30,0.0754976821669796
23472,2024-09-30,1118,2024-12-31,0.0519632901545411
23473,2024-03-31,2321829,2024-06-30,0.017553711265725577
23473,2024-06-30,2340205,2024-09-30,0.014607695807024056
23473,2024-09-30,2417183,2024-12-31,0.012835231041708762
23474,2024-03-31,4431810,2024-06-30,0.024151574544336512
23474,2024-06-30,4481154,2024-09-30,0.03174576748022316
23474,2024-09-30,4707720,2024-12-31,0.06532658997590932
23498,2024-03-31,4492627,2024-06-30,0.025877307283726607
23498,2024-06-30,4427499,2024-09-30,-0.01248862440446012
23498,2024-09-30,4739925,2024-12-31,0.04066741082300016
23523,2024-03-31,144507,2024-06-30,0.005233366200451759
23523,2024-06-30,141540,2024-09-30,0.008051301885878019
23523,2024-09-30,136513,2024-12-31,0.0029672134038809636
23537,2024-03-31,875108,2024-06-30,0.05657781422375937
23537,2024-06-30,755095,2024-09-30,0.027989095161874936
23537,2024-09-30,961912,2024-12-31,0.05123001985678241
23546,2024-03-31,280008,2024-06-30,0.015531227690088014
23546,2024-06-30,281329,2024-09-30,0.011653801447592007
23546,2024-09-30,273656,2024-12-31,0.01373721393536139
23551,2024-03-31,107620,2024-06-30,0.0019379362656653718
23551,2024-06-30,108342,2024-09-30,7.813060517128317e-05
23551,2024-09-30,105094,2024-12-31,-0.007968297822722266
23597,2024-03-31,325003,2024-06-30,0.010244655334552644
23597,2024-06-30,337887,2024-09-30,0.018687136115789735
23597,2024-09-30,317275,2024-12-31,0.007151457991762798
23620,2024-03-31,1806026,2024-06-30,0.01368423988593659
23620,2024-06-30,1827091,2024-09-30,0.016069503865358672
23620,2024-09-30,1898148,2024-12-31,0.015257866661607302
23621,2024-03-31,10466336,2024-06-30,0.015177090857515556
23621,2024-06-30,10174678,2024-09-30,0.010258052880040466
23621,2024-09-30,9653844,2024-12-31,-0.006350362375701642
23622,2024-03-31,2548185,2024-06-30,0.01846831114336007
23622,2024-06-30,2593137,2024-09-30,0.027738985752661108
23622,2024-09-30,2535177,2024-12-31,0.0162750722100745
23623,2024-03-31,5353352,2024-06-30,0.02679153822868385
23623,2024-06-30,4980749,2024-09-30,0.04778339057793178
23623,2024-09-30,5176998,2024-12-31,0.03519293596879883
23627,2024-03-31,5460882,2024-06-30,0.004819781973615751
23627,2024-06-30,5114019,2024-09-30,0.052267598743634014
23627,2024-09-30,5151444,2024-12-31,0.03200085476163685
23647,2024-03-31,2525574,2024-06-30,-0.04378857936988599
23647,2024-06-30,2473681,2024-09-30,0.0011739344275490055
23647,2024-09-30,2440456,2024-12-31,-0.001744158913114962
23737,2024-03-31,617143,2024-06-30,0.03488218398041609
23737,2024-06-30,518719,2024-09-30,0.036639413833430674
23737,2024-09-30,524343,2024-12-31,-0.011324602261621181
23749,2024-03-31,166444,2024-06-30,0.006507030320482776
23749,2024-06-30,171528,2024-09-30,0.01059177462956273
23749,2024-09-30,165986,2024-12-31,0.0011110095443697672
23764,2024-03-31,259636,2024-06-30,0.0238650020757966
23764,2024-06-30,255505,2024-09-30,0.015212258998820873
23764,2024-09-30,275779,2024-12-31,0.015886337347538075
23772,2024-03-31,599910,2024-06-30,-0.011505198133776161
23772,2024-06-30,619245,2024-09-30,0.0005520839575573016
23772,2024-09-30,631400,2024-12-31,0.022927642943968676
23798,2024-03-31,309314,2024-06-30,0.011528671140984941
23798,2024-06-30,305862,2024-09-30,0.014443352404546547
23798,2024-09-30,296616,2024-12-31,0.014572726546537488
23799,2024-03-31,1885847,2024-06-30,0.007509290257370775
23799,2024-06-30,1931048,2024-09-30,0.010707823526538896
23799,2024-09-30,1989903,2024-12-31,0.016367712688251355
23805,2024-03-31,121167,2024-06-30,0.01918998718219758
23805,2024-06-30,121000,2024-09-30,0.012550962615150919
23805,2024-09-30,120293,2024-12-31,0.01892271289193307
23806,2024-03-31,687164,2024-06-30,0.007671404128495848
23806,2024-06-30,688291,2024-09-30,0.0038679528193655615
23806,2024-09-30,699821,2024-12-31,0.016348628033950943
23815,2024-03-31,282825,2024-06-30,0.02055123777347946
23815,2024-06-30,279901,2024-09-30,0.005430867658343522
23815,2024-09-30,277419,2024-12-31,0.019146620740297805
23826,2024-03-31,1010,2024-06-30,0.01793778313459941
23826,2024-06-30,2700,2024-09-30,-0.19982786088272403
23826,2024-09-30,2700,2024-12-31,-0.0063080029578409125
23864,2024-03-31,260670,2024-06-30,0.025563784575520682
23864,2024-06-30,241049,2024-09-30,0.016769220863216434
23864,2024-09-30,241253,2024-12-31,-0.03200369293200665
23886,2024-03-31,540160,2024-06-30,0.010366931781259369
23886,2024-06-30,538482,2024-09-30,0.01207528195012738
23886,2024-09-30,535282,2024-12-31,0.008441018583958028
23966,2024-03-31,505064,2024-06-30,0.006376618047588148
23966,2024-06-30,511504,2024-09-30,0.008531921449057145
23966,2024-09-30,507235,2024-12-31,0.00734105075349277
23986,2024-03-31,114189,2024-06-30,0.04322512533685711
23986,2024-06-30,121052,2024-09-30,0.016132548598361173
23986,2024-09-30,122500,2024-12-31,0.01740724078366316
23989,2024-03-31,80285,2024-06-30,-0.005492590462551314
23989,2024-06-30,81094,2024-09-30,-0.0020106832507854485
23989,2024-09-30,79197,2024-12-31,0.0019157623036890612
23992,2024-03-31,1386927,2024-06-30,0.017199792909098708
23992,2024-06-30,1449657,2024-09-30,0.014527545812002053
23992,2024-09-30,1457075,2024-12-31,0.011019600457033322
23998,2024-03-31,993281,2024-06-30,0.01850287277114668
23998,2024-06-30,982597,2024-09-30,0.011623877371016573
23998,2024-09-30,1048450,2024-12-31,0.01938977149253713
24015,2024-03-31,311643,2024-06-30,0.009664002811616614
24015,2024-06-30,302605,2024-09-30,0.025703345778962824
24015,2024-09-30,301349,2024-12-31,0.023599766240816052
24038,2024-03-31,12572,2024-06-30,0.044190726296367215
24038,2024-06-30,11788,2024-09-30,0.049464772547533814
24038,2024-09-30,11436,2024-12-31,0.04168653889748204
24045,2024-03-31,29123530,2024-06-30,0.02736679444489058
24045,2024-06-30,28990696,2024-09-30,0.022385545917975584
24045,2024-09-30,27017883,2024-12-31,0.025742600211413176
24064,2024-03-31,80075,2024-06-30,0.006378460768264746
24064,2024-06-30,75985,2024-09-30,0.024234356074505334
24064,2024-09-30,77851,2024-12-31,0.004096053065973998
24085,2024-03-31,87437,2024-06-30,-0.011991758487249867
24085,2024-06-30,87675,2024-09-30,-0.0036626110524231458
24085,2024-09-30,85391,2024-12-31,-0.0036822762548945095
24156,2024-03-31,5547231,2024-06-30,0.020315754657235122
24156,2024-06-30,5561808,2024-09-30,0.01834448221896691
24156,2024-09-30,5563929,2024-12-31,0.016409036801117532
24170,2024-03-31,6382715,2024-06-30,0.018933381242526057
24170,2024-06-30,6336832,2024-09-30,0.020111850842126813
24170,2024-09-30,6416965,2024-12-31,0.014382587727529617
24199,2024-03-31,151018,2024-06-30,0.015238681760382304
24199,2024-06-30,161354,2024-09-30,-0.015106423459229685
24199,2024-09-30,191989,2024-12-31,-0.05949401908755943
24211,2024-03-31,150830,2024-06-30,-0.0002912483651822353
24211,2024-06-30,147043,2024-09-30,-0.002654286105348388
24211,2024-09-30,157837,2024-12-31,0.019048813051831818
24272,2024-03-31,69024,2024-06-30,-0.014649292070955198
24272,2024-06-30,73799,2024-09-30,0.04804724780610917
24272,2024-09-30,68963,2024-12-31,0.009975815014338668
24303,2024-03-31,57226,2024-06-30,0.0003536686250355128
24303,2024-06-30,56213,2024-09-30,0.00772263161000193
24303,2024-09-30,58031,2024-12-31,-0.0024353705285196005
24305,2024-03-31,257096,2024-06-30,0.005139143520673484
24305,2024-06-30,258055,2024-09-30,0.013202216383425766
24305,2024-09-30,255844,2024-12-31,0.001948141629329681
24332,2024-03-31,340388,2024-06-30,-0.02739338603370538
24332,2024-06-30,321861,2024-09-30,-0.019474373154268438
24332,2024-09-30,312715,2024-12-31,-0.014552899384503564
24347,2024-03-31,2537501,2024-06-30,3.860141897060356e-05
24347,2024-06-30,2654880,2024-09-30,0.007395457695335834
24347,2024-09-30,2615201,2024-12-31,0.02567476976037671
24353,2024-03-31,556848,2024-06-30,0.010420952082159167
24353,2024-06-30,575768,2024-09-30,0.016089794406111226
24353,2024-09-30,609759,2024-12-31,0.013948327087748473
24367,2024-03-31,52104,2024-06-30,0.024159806293155152
24367,2024-06-30,54239,2024-09-30,0.021278432303328813
24367,2024-09-30,55717,2024-12-31,0.002293269881128156
24387,2024-03-31,2107675,2024-06-30,-5.512236902257368e-05
24387,2024-06-30,2048917,2024-09-30,-0.004626293672438681
24387,2024-09-30,2199088,2024-12-31,0.01660100888872611
24443,2024-03-31,102384,2024-06-30,0.005911051617510585
24443,2024-06-30,96726,2024-09-30,0.0014846461258341238
24443,2024-09-30,96825,2024-12-31,0.026761872527104682
24472,2024-03-31,545101,2024-06-30,0.008269487955815787
24472,2024-06-30,552400,2024-09-30,-0.00022973100982831072
24472,2024-09-30,548981,2024-12-31,-0.0019071876715751753
24498,2024-03-31,223296,2024-06-30,-0.0029861177481565427
24498,2024-06-30,226679,2024-09-30,0.006112631517401405
24498,2024-09-30,241054,2024-12-31,0.025666067095106753
24516,2024-03-31,1952585,2024-06-30,0.014702285866281431
24516,2024-06-30,2008706,2024-09-30,0.009853101259745228
24516,2024-09-30,2069453,2024-12-31,0.025447052949613587
24540,2024-03-31,1156113,2024-06-30,0.02546735780500007
24540,2024-06-30,1167579,2024-09-30,0.02572337369849908
24540,2024-09-30,1197002,2024-12-31,0.0259085949166236
24563,2024-03-31,1686163,2024-06-30,0.011915897884990796
24563,2024-06-30,1705119,2024-09-30,0.013431738080611703
24563,2024-09-30,1701020,2024-12-31,0.01673450572054259
24603,2024-03-31,434474,2024-06-30,0.00962497893099989
24603,2024-06-30,428156,2024-09-30,0.014901729003928884
24603,2024-09-30,447633,2024-12-31,0.025455812439262974
24677,2024-03-31,180648,2024-06-30,0.07326048886991303
24677,2024-06-30,189378,2024-09-30,0.08592918598456743
24677,2024-09-30,207935,2024-12-31,-0.14992100000457306
24823,2024-03-31,991553,2024-06-30,0.039472727808415826
24823,2024-06-30,998012,2024-09-30,0.02535173559480329
24823,2024-09-30,1064471,2024-12-31,0.033865313306225144
24829,2024-03-31,550503,2024-06-30,0.0033512831815950043
24829,2024-06-30,562159,2024-09-30,-0.0022394838376028235
24829,2024-09-30,553279,2024-12-31,0.001551756807633284
24865,2024-03-31,116317,2024-06-30,0.009654013542139623
24865,2024-06-30,114848,2024-09-30,0.01234701636380069
24865,2024-09-30,116007,2024-12-31,0.009844029648063647
24867,2024-03-31,119295,2024-06-30,-0.0261496582653156
24867,2024-06-30,111188,2024-09-30,-0.004070751602153056
24867,2024-09-30,109172,2024-12-31,0.03390787313935032
24897,2024-03-31,1912506,2024-06-30,0.0015331547344802998
24897,2024-06-30,1897041,2024-09-30,0.014621659268847065
24897,2024-09-30,1945337,2024-12-31,0.02874946885589908
24902,2024-03-31,78008,2024-06-30,0.0022376694452266874
24902,2024-06-30,69098,2024-09-30,0.012089663518676526
24902,2024-09-30,69233,2024-12-31,-0.02423267420538059
24919,2024-03-31,1005185,2024-06-30,0.013308936407331216
24919,2024-06-30,1029056,2024-09-30,0.018768716347202136
24919,2024-09-30,1083950,2024-12-31,0.011930141254797142
24920,2024-03-31,2798358,2024-06-30,0.04261990541024058
24920,2024-06-30,3044277,2024-09-30,0.009835500710486054
24920,2024-09-30,3428660,2024-12-31,-0.02585185036602591
24922,2024-03-31,534067,2024-06-30,0.014051684983946945
24922,2024-06-30,526006,2024-09-30,0.013736908916393696
24922,2024-09-30,535252,2024-12-31,0.014268306899345133
24961,2024-03-31,420357,2024-06-30,-0.0114641173377722
24961,2024-06-30,414120,2024-09-30,-0.005858103798609187
24961,2024-09-30,414374,2024-12-31,-0.006282704824787332
24966,2024-03-31,152952,2024-06-30,0.024770370438551376
24966,2024-06-30,152470,2024-09-30,0.013843839269938978
24966,2024-09-30,156172,2024-12-31,0.01800465282365304
24998,2024-03-31,24744749,2024-06-30,0.003315015081739488
24998,2024-06-30,24687004,2024-09-30,-0.015616091170789893
24998,2024-09-30,25695108,2024-12-31,-0.0032959114117158557
25054,2024-03-31,92931,2024-06-30,0.010258309226662191
25054,2024-06-30,85531,2024-09-30,0.041243572446261006
25054,2024-09-30,88781,2024-12-31,0.037697278356252854
25093,2024-03-31,1487357,2024-06-30,0.018661614403694283
25093,2024-06-30,1519645,2024-09-30,0.01952148111591128
25093,2024-09-30,1591465,2024-12-31,0.012164211120321353
25103,2024-03-31,3730096,2024-06-30,0.017306691110382966
25103,2024-06-30,3719686,2024-09-30,0.01494459709163615
25103,2024-09-30,3818774,2024-12-31,0.01648743945259407
25122,2024-03-31,151962,2024-06-30,0.02361204198538007
25158,2024-03-31,537716,2024-06-30,0.00684369729637398
25158,2024-06-30,531866,2024-09-30,-0.0023993982282610083
25158,2024-09-30,525696,2024-12-31,-0.006675926756492685
25161,2024-03-31,122443,2024-06-30,0.04201027244181941
25161,2024-06-30,114760,2024-09-30,0.0274860843344584
25161,2024-09-30,111645,2024-12-31,0.03241351401013852
25173,2024-03-31,329719,2024-06-30,0.01767382081547823
25173,2024-06-30,337037,2024-09-30,0.025190752300375707
25173,2024-09-30,341234,2024-12-31,0.019661283650102016
25178,2024-03-31,10909000,2024-06-30,-0.0027918573380368277
25178,2024-06-30,11725000,2024-09-30,0.0547924081551478
25178,2024-09-30,13219000,2024-12-31,0.0720431123506491
25247,2024-03-31,347029,2024-06-30,0.016400226547407994
25247,2024-06-30,338424,2024-09-30,0.02847292230961084
25247,2024-09-30,361825,2024-12-31,-0.0022196794858955634
25249,2024-03-31,742722,2024-06-30,0.05895162807184563
25249,2024-06-30,669316,2024-09-30,0.05253368826000578
25249,2024-09-30,707130,2024-12-31,0.06681517043019737
25258,2024-03-31,488827,2024-06-30,0.016420150452825605
25258,2024-06-30,504015,2024-09-30,0.01267991046295516
25258,2024-09-30,540002,2024-12-31,0.0071420013631019056
25267,2024-03-31,330668,2024-06-30,0.0053115214389645215
25267,2024-06-30,314965,2024-09-30,-0.0014251955872476114
25267,2024-09-30,325153,2024-12-31,0.02084493349222999
25291,2024-03-31,467193,2024-06-30,0.05250015419326051
25291,2024-06-30,480934,2024-09-30,0.047224002421610525
25291,2024-09-30,463208,2024-12-31,0.07108845709856725
25328,2024-03-31,198736,2024-06-30,0.10092273875638323
25328,2024-06-30,169216,2024-09-30,0.16246175670568236
25328,2024-09-30,200078,2024-12-31,0.09359682987306532
25591,2024-03-31,41318,2024-06-30,0.0004402909269407345
25591,2024-06-30,43153,2024-09-30,0.0010868923500859042
25591,2024-09-30,43612,2024-12-31,0.0017388327356550614
25620,2024-03-31,711355,2024-06-30,0.08178080906770134
25620,2024-06-30,760029,2024-09-30,0.03748796032236303
25620,2024-09-30,799892,2024-12-31,0.035248007536099045
25621,2024-03-31,576124,2024-06-30,0.014144765053651597
25621,2024-06-30,589767,2024-09-30,0.016021315603742654
25621,2024-09-30,586979,2024-12-31,0.015528893597270353
25644,2024-03-31,120480,2024-06-30,0.0321919105592375
25644,2024-06-30,128536,2024-09-30,0.003612706029939379
25644,2024-09-30,132716,2024-12-31,-0.05181002900927961
25665,2024-03-31,748953,2024-06-30,0.009748512479724887
25665,2024-06-30,778420,2024-09-30,0.02037209766749101
25665,2024-09-30,769650,2024-12-31,0.019158136901317943
25679,2024-03-31,3553455,2024-06-30,0.01892254306941223
25679,2024-06-30,3586021,2024-09-30,0.01483882114932352
25679,2024-09-30,3640090,2024-12-31,0.010208572205855533
25703,2024-03-31,147575,2024-06-30,-0.029343923924589805
25703,2024-06-30,149152,2024-09-30,-0.014289342291584586
25703,2024-09-30,146355,2024-12-31,0.0057833166134930334
25726,2024-03-31,304121,2024-06-30,0.010760843305035326
25726,2024-06-30,300559,2024-09-30,0.0006202330663202682
25726,2024-09-30,299901,2024-12-31,0.003281506529363681
25738,2024-03-31,830323,2024-06-30,0.006579918067826613
25738,2024-06-30,884536,2024-09-30,0.03483482569213937
25738,2024-09-30,886166,2024-12-31,0.02254894422840627
25744,2024-03-31,83794,2024-06-30,-0.02838914028550875
25744,2024-06-30,84147,2024-09-30,-0.019076071911774316
25744,2024-09-30,81435,2024-12-31,-0.015248612901306503
25749,2024-03-31,115553,2024-06-30,-0.004245825599981479
25749,2024-06-30,111314,2024-09-30,0.009638405644544545
25749,2024-09-30,116610,2024-12-31,-0.027471108073995294
25750,2024-03-31,112686,2024-06-30,-0.0063228244987807505
25750,2024-06-30,112615,2024-09-30,0.0016912183033705903
25750,2024-09-30,112795,2024-12-31,0.0031149667115622035
25752,2024-03-31,269682,2024-06-30,0.003047249211928419
25752,2024-06-30,252988,2024-09-30,0.011648668084859261
25752,2024-09-30,247621,2024-12-31,0.009847388942977252
25795,2024-03-31,482658,2024-06-30,0.0033063026801157065
25795,2024-06-30,488743,2024-09-30,0.007260948069996052
25795,2024-09-30,475875,2024-12-31,0.0019328712358429746
25796,2024-03-31,138120,2024-06-30,0.018112353232872892
25796,2024-06-30,152258,2024-09-30,0.01372104745925934
25796,2024-09-30,164102,2024-12-31,0.027528056134990667
25803,2024-03-31,81030,2024-06-30,0.007160326918977119
25803,2024-06-30,47060,2024-09-30,-0.1504271526226158
25803,2024-09-30,37933,2024-12-31,-0.1369865873706328
25849,2024-03-31,245401,2024-06-30,-0.0913993201821184
25849,2024-06-30,232288,2024-09-30,-0.05463858228721657
25849,2024-09-30,214201,2024-12-31,0.021655947570064532
25858,2024-03-31,4388266,2024-06-30,0.030533208395090834
25858,2024-06-30,4363979,2024-09-30,0.01381974212379042
25858,2024-09-30,4389622,2024-12-31,0.021028526970624132
25869,2024-03-31,186889,2024-06-30,0.0237096822911566
25869,2024-06-30,192110,2024-09-30,0.015357941540125193
25869,2024-09-30,198068,2024-12-31,0.007053967618408741
25883,2024-03-31,416658,2024-06-30,0.01805923127007207
25883,2024-06-30,425804,2024-09-30,0.0014261516665399516
25883,2024-09-30,416592,2024-12-31,0.0048234830516686285
25886,2024-03-31,725195,2024-06-30,0.01151568963791906
25886,2024-06-30,758111,2024-09-30,0.02973673037215326
25886,2024-09-30,748047,2024-12-31,0.012900622468420725
25894,2024-03-31,376217,2024-06-30,0.008151431951325139
25894,2024-06-30,373555,2024-09-30,0.018832373309981595
25894,2024-09-30,368770,2024-12-31,0.017316152799172552
26021,2024-03-31,121766,2024-06-30,0.001630741799371253
26021,2024-06-30,122640,2024-09-30,-0.0034937900511204122
26021,2024-09-30,120154,2024-12-31,-0.007644988403175252
26181,2024-03-31,736985,2024-06-30,0.01713169220319474
26181,2024-06-30,750382,2024-09-30,0.018040066635618808
26181,2024-09-30,763105,2024-12-31,-0.007597682728740503
26185,2024-03-31,397614,2024-06-30,0.0225777232063838
26185,2024-06-30,401862,2024-09-30,0.018189686927610776
26185,2024-09-30,405616,2024-12-31,0.017580242558508066
26189,2024-03-31,114089,2024-06-30,-0.008820247674657753
26189,2024-06-30,117477,2024-09-30,-0.00031367933913134543
26189,2024-09-30,142577,2024-12-31,-0.027318283760214952
26217,2024-03-31,402981,2024-06-30,0.017232960090979906
26217,2024-06-30,399500,2024-09-30,0.006771222952276988
26217,2024-09-30,390630,2024-12-31,0.0007430266143842678
26223,2024-03-31,1563601,2024-06-30,0.0282922394869606
26223,2024-06-30,1588025,2024-09-30,0.03423493887173829
26223,2024-09-30,1669263,2024-12-31,0.03019044386105545
26228,2024-03-31,113353,2024-06-30,0.018075870974984226
26228,2024-06-30,112896,2024-09-30,0.014403759435492075
26228,2024-09-30,112907,2024-12-31,0.01522332977674759
26260,2024-03-31,57083,2024-06-30,0.0014824506790161527
26260,2024-06-30,56973,2024-09-30,-0.0026525674612566694
26260,2024-09-30,57457,2024-12-31,-0.008468242743969305
26271,2024-03-31,182549,2024-06-30,0.03323204469330499
26271,2024-06-30,189234,2024-09-30,0.030707878919446513
26271,2024-09-30,195063,2024-12-31,0.027019598536350248
26299,2024-03-31,1006664,2024-06-30,0.02641112541847084
26299,2024-06-30,998267,2024-09-30,0.013236054331997787
26299,2024-09-30,1030495,2024-12-31,0.0322992357340111
26312,2024-03-31,5747861,2024-06-30,0.1864419372026501
26312,2024-06-30,6131080,2024-09-30,0.1297839534946843
26312,2024-09-30,6952985,2024-12-31,0.07155496926608299
26323,2024-03-31,451068,2024-06-30,-0.03129114981620087
26323,2024-06-30,441937,2024-09-30,-0.01311992439325218
26323,2024-09-30,464658,2024-12-31,-0.010699715969692535
26333,2024-03-31,822142,2024-06-30,0.04081726466659436
26333,2024-06-30,905444,2024-09-30,0.02512612179093053
26333,2024-09-30,935495,2024-12-31,0.027559023032743442
26336,2024-03-31,1705636,2024-06-30,0.024885131901753597
26336,2024-06-30,1674526,2024-09-30,0.0016423048728844661
26336,2024-09-30,1675586,2024-12-31,0.009385115832915972
26340,2024-03-31,142532,2024-06-30,-0.0053176508793007695
26340,2024-06-30,143309,2024-09-30,-0.015750957332706712
26340,2024-09-30,137392,2024-12-31,0.00036595410096298503
26342,2024-03-31,5762018,2024-06-30,0.014471663964309649
26342,2024-06-30,5678108,2024-09-30,0.014203008735445917
26342,2024-09-30,5870365,2024-12-31,0.026995906231901616
26351,2024-03-31,182447,2024-06-30,0.04286136104602016
26351,2024-06-30,176919,2024-09-30,0.023566112098808326
26351,2024-09-30,170624,2024-12-31,0.014772485290454194
26358,2024-03-31,147107,2024-06-30,0.023707276521973242
26358,2024-06-30,139996,2024-09-30,0.027548453161392917
26358,2024-09-30,150222,2024-12-31,0.019287595876208215
26363,2024-03-31,289953,2024-06-30,0.021251660286637386
26363,2024-06-30,299586,2024-09-30,0.024333689201555247
26363,2024-09-30,301667,2024-12-31,0.021166183285264473
26379,2024-03-31,345303,2024-06-30,-0.0009011489235093177
26379,2024-06-30,336579,2024-09-30,0.008290212626458687
26379,2024-09-30,324453,2024-12-31,0.012663865870550562
26381,2024-03-31,1324035,2024-06-30,0.01805077449574388
26381,2024-06-30,1299372,2024-09-30,0.0167837644898817
26381,2024-09-30,1310878,2024-12-31,0.033968219820353925
26392,2024-03-31,3026,2024-06-30,-0.007460646629011035
26392,2024-06-30,3026,2024-09-30,-0.0019382584287359166
26392,2024-09-30,3027,2024-12-31,-0.0017083325936310715
26393,2024-03-31,299591,2024-06-30,0.013182680025026532
26393,2024-06-30,286726,2024-09-30,0.011060335223967793
26393,2024-09-30,297287,2024-12-31,0.015552001437066858
26395,2024-03-31,890139,2024-06-30,0.018893079816092166
26395,2024-06-30,892283,2024-09-30,0.01734287931163956
26395,2024-09-30,871791,2024-12-31,0.017094755466691317
26397,2024-03-31,666302,2024-06-30,0.015744715692197982
26397,2024-06-30,670267,2024-09-30,0.007385291959774292
26397,2024-09-30,669395,2024-12-31,0.005822513404062982
26398,2024-03-31,409001,2024-06-30,0.014748174260753446
26398,2024-06-30,387003,2024-09-30,0.03280104422543734
26398,2024-09-30,373990,2024-12-31,0.028948059042626744
26403,2024-03-31,1002455,2024-06-30,0.03088192980935364
26403,2024-06-30,1078315,2024-09-30,0.04074120634453126
26403,2024-09-30,1106545,2024-12-31,0.039689404157902175
26411,2024-03-31,496722,2024-06-30,0.009525362915426125
26411,2024-06-30,500850,2024-09-30,0.010909637589416276
26411,2024-09-30,500617,2024-12-31,0.013819473723520985
26416,2024-03-31,59219,2024-06-30,0.0023083888191315818
26416,2024-06-30,57618,2024-09-30,0.010539362711931186
26416,2024-09-30,56861,2024-12-31,0.012304287623199945
26442,2024-03-31,694380,2024-06-30,0.03375412295285373
26442,2024-06-30,706669,2024-09-30,0.03397479336597461
26442,2024-09-30,730562,2024-12-31,0.02970804280105777
26444,2024-03-31,919075,2024-06-30,0.032891288919156936
26444,2024-06-30,949631,2024-09-30,0.029397874665209607
26444,2024-09-30,960453,2024-12-31,0.02259462171563424
26450,2024-03-31,128777,2024-06-30,0.016468838348355
26450,2024-06-30,130163,2024-09-30,0.014984537137037814
26450,2024-09-30,131200,2024-12-31,0.018335503597088104
26451,2024-03-31,1312519,2024-06-30,0.0632423145835242
26451,2024-06-30,1351736,2024-09-30,0.04202061890829126
26451,2024-09-30,1410901,2024-12-31,0.025141132603938215
26455,2024-03-31,535464,2024-06-30,0.013621176989872547
26455,2024-06-30,544453,2024-09-30,0.01362731387637805
26455,2024-09-30,555148,2024-12-31,0.013476448274058073
26483,2024-03-31,3777620,2024-06-30,0.037564999958847246
26483,2024-06-30,3922822,2024-09-30,0.03708396020455163
26483,2024-09-30,4047396,2024-12-31,0.035708107890585844
26484,2024-03-31,1395203,2024-06-30,0.024175746320441355
26484,2024-06-30,1413718,2024-09-30,0.014470761813470942
26484,2024-09-30,2345697,2024-12-31,0.021408541495021798
26487,2024-03-31,442220,2024-06-30,0.022886234315105825
26487,2024-06-30,446836,2024-09-30,0.01839267653396393
26487,2024-09-30,456448,2024-12-31,0.021379652844006888
26499,2024-03-31,343996,2024-06-30,0.011947994729776756
26499,2024-06-30,334891,2024-09-30,0.0035617192353965318
26499,2024-09-30,344582,2024-12-31,0.00844725668679028
26512,2024-03-31,120938,2024-06-30,0.015082587770953716
26512,2024-06-30,124459,2024-09-30,0.006823618481294601
26512,2024-09-30,129184,2024-12-31,0.0059095468425140385
26513,2024-03-31,113324,2024-06-30,0.01230786516551062
26513,2024-06-30,113414,2024-09-30,0.011009803082946848
26513,2024-09-30,115870,2024-12-31,0.012517229524972837
26516,2024-03-31,263514,2024-06-30,0.028788235584279603
26516,2024-06-30,266672,2024-09-30,0.02875426520726042
26516,2024-09-30,267286,2024-12-31,0.022352477273203462
26517,2024-03-31,1322000,2024-06-30,0.03271470168575926
26517,2024-06-30,1357115,2024-09-30,0.022870033694302773
26517,2024-09-30,1311413,2024-12-31,0.025547294170136806
26519,2024-03-31,40441,2024-06-30,-0.012343976982464283
26519,2024-06-30,41107,2024-09-30,0.0027035899455681417
26519,2024-09-30,41130,2024-12-31,0.010691712210379692
26520,2024-03-31,109818,2024-06-30,-0.006682802676616774
26520,2024-06-30,110765,2024-09-30,0.0007609129844509222
26520,2024-09-30,114691,2024-12-31,-0.001864676932194889
26522,2024-03-31,407825,2024-06-30,-0.0013180952551989625
26522,2024-06-30,395518,2024-09-30,0.009114820442399568
26522,2024-09-30,386746,2024-12-31,0.0637880343218377
26523,2024-03-31,1244135,2024-06-30,0.02646403899432482
26523,2024-06-30,1255981,2024-09-30,0.01659272809519671
26523,2024-09-30,1275141,2024-12-31,0.013368209350092815
26530,2024-03-31,421717,2024-06-30,0.0046509190811178675
26530,2024-06-30,436311,2024-09-30,0.0034382877137398076
26530,2024-09-30,432201,2024-12-31,-0.003090454969385264
26536,2024-03-31,316217,2024-06-30,0.004914527414609006
26536,2024-06-30,320746,2024-09-30,0.016878798393181158
26536,2024-09-30,312487,2024-12-31,0.0031739395671044495
26539,2024-03-31,181535,2024-06-30,0.13483506023551106
26539,2024-06-30,198513,2024-09-30,0.048999383119055294
26539,2024-09-30,204307,2024-12-31,0.013520989950229854
26542,2024-03-31,202124,2024-06-30,-0.022681355978785882
26542,2024-06-30,202831,2024-09-30,-0.006810121371077231
26542,2024-09-30,226342,2024-12-31,-0.06071046439780004
26543,2024-03-31,1152629,2024-06-30,0.01618447221514205
26543,2024-06-30,1100962,2024-09-30,0.0025568285858419905
26543,2024-09-30,1195317,2024-12-31,0.020198173849115625
26554,2024-03-31,182890,2024-06-30,0.013659351609972403
26554,2024-06-30,177124,2024-09-30,0.013123893140727535
26554,2024-09-30,179947,2024-12-31,0.012981477401758874
26555,2024-03-31,750866,2024-06-30,0.028213802601277496
26555,2024-06-30,737165,2024-09-30,0.03903418755876598
26555,2024-09-30,768678,2024-12-31,0.024584413885956474
26559,2024-03-31,626145,2024-06-30,0.025172460112039267
26559,2024-06-30,660729,2024-09-30,0.01851919478980658
26559,2024-09-30,705575,2024-12-31,0.017354982238953175
26564,2024-03-31,480629,2024-06-30,0.020167259440138995
26564,2024-06-30,494005,2024-09-30,0.019456909082117262
26564,2024-09-30,493746,2024-12-31,0.013099857463807329
26567,2024-03-31,60304,2024-06-30,0.0033939468257643416
26567,2024-06-30,58857,2024-09-30,0.006415110676018163
26567,2024-09-30,58153,2024-12-31,-0.0027978963361354778
26576,2024-03-31,150367,2024-06-30,0.008838675147713908
26576,2024-06-30,159680,2024-09-30,0.01853593239873375
26576,2024-09-30,159500,2024-12-31,0.004040344706310136
26588,2024-03-31,87196,2024-06-30,0.026179363130590938
26588,2024-06-30,87824,2024-09-30,0.02669626259155386
26588,2024-09-30,91188,2024-12-31,0.03146058942488801
26590,2024-03-31,1002549,2024-06-30,0.009753547787611084
26591,2024-03-31,775205,2024-06-30,0.007637208405803058
26591,2024-06-30,769561,2024-09-30,-0.00039758875740774816
26591,2024-09-30,795411,2024-12-31,0.012401928382086825
26602,2024-03-31,275181,2024-06-30,0.01891279849289806
26602,2024-06-30,282597,2024-09-30,0.020291068968557893
26602,2024-09-30,282886,2024-12-31,0.015548133091026387
26610,2024-03-31,14776112,2024-06-30,0.005408206768788543
26610,2024-06-30,14731956,2024-09-30,-0.0012258393757093441
26610,2024-09-30,14751313,2024-12-31,0.015626588090601818
26620,2024-03-31,682628,2024-06-30,0.055834843794447434
26620,2024-06-30,688314,2024-09-30,0.03307257197788907
26620,2024-09-30,678202,2024-12-31,0.040585293970122185
26626,2024-03-31,724675,2024-06-30,0.150080293674207
26626,2024-06-30,747188,2024-09-30,0.1036268389630872
26626,2024-09-30,721135,2024-12-31,0.0405537037538568
26627,2024-03-31,759397,2024-06-30,0.020994461388092866
26627,2024-06-30,709990,2024-09-30,0.05096364116596379
26627,2024-09-30,726568,2024-12-31,0.03636519727039674
26634,2024-03-31,582363,2024-06-30,0.010713029093100157
26634,2024-06-30,598296,2024-09-30,0.013358707296518507
26634,2024-09-30,627025,2024-12-31,0.00384671262149801
26647,2024-03-31,4406936,2024-06-30,0.021140739390130028
26647,2024-06-30,3859061,2024-09-30,0.06994988338643572
26647,2024-09-30,4022890,2024-12-31,0.04434522955662452
26653,2024-03-31,84051,2024-06-30,0.022020881881599792
26653,2024-06-30,83714,2024-09-30,0.021511921685256116
26653,2024-09-30,85860,2024-12-31,0.024494967787139506
26658,2024-03-31,38751,2024-06-30,0.014983699146318145
26658,2024-06-30,37733,2024-09-30,0.006826408686285353
26658,2024-09-30,35759,2024-12-31,-0.0050304473876562
26677,2024-03-31,215738,2024-06-30,-0.008571561169777225
26677,2024-06-30,214376,2024-09-30,-0.019971711578393787
26677,2024-09-30,215964,2024-12-31,-0.01224356932877759
26687,2024-03-31,138022,2024-06-30,0.0064067057022337585
26687,2024-06-30,142858,2024-09-30,0.003567932719467598
26687,2024-09-30,141222,2024-12-31,0.007697107176427224
26689,2024-03-31,154680,2024-06-30,0.02181047342579106
26689,2024-06-30,149628,2024-09-30,0.02218891229226313
26689,2024-09-30,151719,2024-12-31,0.005567100990913886
26703,2024-03-31,388087,2024-06-30,0.00801647845474969
26703,2024-06-30,402645,2024-09-30,0.01971330064042463
26703,2024-09-30,410858,2024-12-31,0.008369511122596613
26704,2024-03-31,367556,2024-06-30,0.02497892323765496
26704,2024-06-30,362184,2024-09-30,0.021672041281982808
26704,2024-09-30,375892,2024-12-31,0.018986322263852613
26708,2024-03-31,77874,2024-06-30,0.04993322543454766
26708,2024-06-30,80659,2024-09-30,0.029361444717407814
26708,2024-09-30,95581,2024-12-31,0.0023834409480892656
26725,2024-03-31,2571735,2024-06-30,0.0164894914874713
26725,2024-06-30,2543468,2024-09-30,-0.007582745331045065
26725,2024-09-30,2536274,2024-12-31,-0.02511317304733095
26727,2024-03-31,141874,2024-06-30,0.007095719099389134
26727,2024-06-30,135793,2024-09-30,0.0209578683195993
26727,2024-09-30,134071,2024-12-31,0.011516475171322278
26738,2024-03-31,116176,2024-06-30,-0.0036484992323596206
26738,2024-06-30,111370,2024-09-30,0.01983003589098908
26738,2024-09-30,116533,2024-12-31,-0.0061436727878636495
26755,2024-03-31,19113,2024-06-30,-0.014565394088905887
26755,2024-06-30,18644,2024-09-30,-0.0038293289359334786
26755,2024-09-30,19694,2024-12-31,-0.03658009573611854
26760,2024-03-31,605183,2024-06-30,0.0065594678280919754
26760,2024-06-30,592763,2024-09-30,0.011671088851313311
26760,2024-09-30,598973,2024-12-31,0.02002673254994048
26790,2024-03-31,305216,2024-06-30,0.005778372264125721
26790,2024-06-30,405466,2024-09-30,-0.14539592379675434
26790,2024-09-30,437539,2024-12-31,-0.08350196398280563
26798,2024-03-31,76690,2024-06-30,0.0017797525473715605
26798,2024-06-30,86869,2024-09-30,0.014095117891724242
26798,2024-09-30,91237,2024-12-31,0.019317035141382364
26799,2024-03-31,284042,2024-06-30,0.013780003758708902
26799,2024-06-30,288903,2024-09-30,0.012245710190807496
26799,2024-09-30,300137,2024-12-31,0.004922974552774657
26816,2024-03-31,11357,2024-06-30,-0.008745185880242269
26816,2024-06-30,10547,2024-09-30,-0.004913818888425476
26816,2024-09-30,8497,2024-12-31,0.016877574408437707
26829,2024-03-31,287356,2024-06-30,0.008432947449217652
26829,2024-06-30,294627,2024-09-30,0.017137176898960854
26829,2024-09-30,272623,2024-12-31,0.008348923547774226
26847,2024-03-31,99803,2024-06-30,0.014688898456533652
26847,2024-06-30,117606,2024-09-30,-0.01711784485517977
26847,2024-09-30,100576,2024-12-31,0.023950799403258876
26856,2024-03-31,1823886,2024-06-30,0.032516215761008216
26856,2024-06-30,1761033,2024-09-30,0.023227699429708294
26856,2024-09-30,1724627,2024-12-31,0.023406793912311406
26871,2024-03-31,119677,2024-06-30,-0.0032088362863615747
26871,2024-06-30,117153,2024-09-30,-0.0019797864564838697
26871,2024-09-30,114529,2024-12-31,0.0015003676058392714
26876,2024-03-31,8380142,2024-06-30,-0.001956615373725523
26876,2024-06-30,8292686,2024-09-30,0.019715332351159402
26876,2024-09-30,8556914,2024-12-31,0.020119661776113622
26881,2024-03-31,21763385,2024-06-30,0.21104488036094232
26881,2024-06-30,23118950,2024-09-30,0.14216462339347882
26881,2024-09-30,24585953,2024-12-31,0.07856679444834369
26891,2024-03-31,249764,2024-06-30,-0.01097758557842824
26891,2024-06-30,236703,2024-09-30,0.025169858891716475
26891,2024-09-30,248865,2024-12-31,0.015077179660475594
26906,2024-03-31,2428007,2024-06-30,0.03056147484187391
26906,2024-06-30,2174236,2024-09-30,0.040228229031953056
26906,2024-09-30,2438379,2024-12-31,0.05290305435582121
26912,2024-03-31,527661,2024-06-30,0.01838999865891508
26912,2024-06-30,509866,2024-09-30,0.004847492222399633
26912,2024-09-30,503967,2024-12-31,0.007907618398506334
26922,2024-03-31,463899,2024-06-30,0.02426244246357278
26922,2024-06-30,459138,2024-09-30,0.039328296018399385
26922,2024-09-30,457840,2024-12-31,0.045352800559011426
26941,2024-03-31,39500,2024-06-30,0.04871279493404231
26941,2024-06-30,40056,2024-09-30,0.029709783409776796
26941,2024-09-30,39762,2024-12-31,0.048987719951357166
26944,2024-03-31,246020,2024-06-30,0.03353558214130382
26944,2024-06-30,241149,2024-09-30,0.03568876899237023
26944,2024-09-30,237631,2024-12-31,0.03865794373751635
26955,2024-03-31,290373,2024-06-30,0.04401550773206948
26955,2024-06-30,281351,2024-09-30,0.05340918852504733
26955,2024-09-30,275832,2024-12-31,0.04944680055494243
26960,2024-03-31,914054,2024-06-30,0.02912956452492033
26960,2024-06-30,1150119,2024-09-30,0.041688243523879696
26960,2024-09-30,1177100,2024-12-31,0.05216989761714742
26962,2024-03-31,4457720,2024-06-30,0.025849019381786874
26962,2024-06-30,4507398,2024-09-30,0.021507644180028332
26962,2024-09-30,4718795,2024-12-31,0.026443231188072142
27010,2024-03-31,16426,2024-06-30,-0.037678688072581054
27010,2024-06-30,15804,2024-09-30,-0.03252326319825067
27010,2024-09-30,17014,2024-12-31,0.02243413470105606
27015,2024-03-31,169280,2024-06-30,-0.034524199356850596
27015,2024-06-30,168291,2024-09-30,-0.03311612370417124
27015,2024-09-30,153797,2024-12-31,-0.020782706861659044
27026,2024-03-31,250389,2024-06-30,-0.02037194258052532
27026,2024-06-30,259756,2024-09-30,0.01505611261698546
27026,2024-09-30,359803,2024-12-31,-0.1371588735607973
27043,2024-03-31,168117,2024-06-30,0.02119365934657237
27043,2024-06-30,166392,2024-09-30,0.014320527256190993
27043,2024-09-30,175439,2024-12-31,0.01138717722890496
27046,2024-03-31,1891146,2024-06-30,0.023683471678484003
27046,2024-06-30,1911020,2024-09-30,0.017844618146791603
27046,2024-09-30,1921774,2024-12-31,0.019363743208422816
27052,2024-03-31,2205840,2024-06-30,0.022268409790328916
27052,2024-06-30,2371892,2024-09-30,0.02154802417035147
27052,2024-09-30,2506449,2024-12-31,0.02299339180194291
27054,2024-03-31,2946342,2024-06-30,0.015978578037956558
27054,2024-06-30,2965636,2024-09-30,0.028278004443082087
27054,2024-09-30,3329289,2024-12-31,0.0013056913720927528
27074,2024-03-31,2269945,2024-06-30,0.050801347734003015
27074,2024-06-30,2322578,2024-09-30,0.03660124963702198
27074,2024-09-30,2314625,2024-12-31,0.03550718092286181
27118,2024-03-31,321154,2024-06-30,0.0214693804948002
27118,2024-06-30,326400,2024-09-30,0.025533866177621045
27118,2024-09-30,331753,2024-12-31,0.02287193081786387
27132,2024-03-31,958905,2024-06-30,0.011835814256318604
27132,2024-06-30,1009315,2024-09-30,0.015130768422679314
27132,2024-09-30,1068839,2024-12-31,0.040561958365706446
27153,2024-03-31,112690,2024-06-30,0.014142661777176834
27153,2024-06-30,111632,2024-09-30,0.003385465043989151
27153,2024-09-30,111766,2024-12-31,0.011944006944833652
27201,2024-03-31,76933,2024-06-30,0.02582750814075714
27201,2024-06-30,79256,2024-09-30,0.07063264092932976
27201,2024-09-30,73974,2024-12-31,0.040692349265175565
27210,2024-03-31,4008643,2024-06-30,0.008537230621714659
27210,2024-06-30,3914391,2024-09-30,0.017382943043221334
27210,2024-09-30,3901257,2024-12-31,0.020262074034772343
27211,2024-03-31,595865,2024-06-30,0.03327077952848564
27211,2024-06-30,626983,2024-09-30,0.032074137075300345
27211,2024-09-30,588932,2024-12-31,0.046119771693982764
27219,2024-03-31,69136,2024-06-30,0.0032979047815492255
27219,2024-06-30,56655,2024-09-30,0.026342932865272645
27219,2024-09-30,65515,2024-12-31,0.009559338169508045
27233,2024-03-31,401213,2024-06-30,0.014206407398069469
27233,2024-06-30,396557,2024-09-30,0.0036528938543536286
27233,2024-09-30,399983,2024-12-31,0.010322302285334093
27235,2024-03-31,2534171,2024-06-30,0.008937908818456084
27235,2024-06-30,2624555,2024-09-30,0.011989669488580849
27235,2024-09-30,2610476,2024-12-31,0.012636554071611208
27237,2024-03-31,12369101,2024-06-30,0.03672557585647256
27237,2024-06-30,12403597,2024-09-30,0.04590123327038711
27237,2024-09-30,12593328,2024-12-31,0.04250938001017133
27238,2024-03-31,670610,2024-06-30,0.01513096151143046
27238,2024-06-30,667064,2024-09-30,0.009499965990449862
27238,2024-09-30,675549,2024-12-31,0.011323405857238874
27254,2024-03-31,220574,2024-06-30,-0.014115907744903858
27254,2024-06-30,225005,2024-09-30,-0.012502624714547614
27254,2024-09-30,224663,2024-12-31,-0.005601948521226348
27267,2024-03-31,677591,2024-06-30,0.03986815007990432
27267,2024-06-30,689146,2024-09-30,0.013693524123867722
27267,2024-09-30,753183,2024-12-31,0.0632840143760276
27269,2024-03-31,395423,2024-06-30,0.01662880263440806
27269,2024-06-30,400483,2024-09-30,0.006556242067723251
27269,2024-09-30,398330,2024-12-31,0.015456794376022829
27290,2024-03-31,738618,2024-06-30,0.02417610083845814
27290,2024-06-30,740561,2024-09-30,0.0236666182770419
27314,2024-03-31,86623000,2024-06-30,0.026456312384525837
27314,2024-06-30,85533000,2024-09-30,0.010265284054334467
27314,2024-09-30,84094000,2024-12-31,0.002662664025059081
27351,2024-03-31,119734,2024-06-30,0.050929057351788674
27351,2024-06-30,115235,2024-09-30,0.05367629590938462
27351,2024-09-30,113925,2024-12-31,0.052828092909806106
27362,2024-03-31,669572,2024-06-30,-0.010754118530245426
27362,2024-06-30,699723,2024-09-30,-0.00878079617617332
27362,2024-09-30,673039,2024-12-31,-0.0015161766208646283
27381,2024-03-31,859666,2024-06-30,0.013185634744073929
27381,2024-06-30,854258,2024-09-30,0.013108563560238568
27381,2024-09-30,884688,2024-12-31,0.014986584908348964
27385,2024-03-31,62575,2024-06-30,0.010136764260101691
27385,2024-06-30,59679,2024-09-30,0.006840246471042599
27385,2024-09-30,56882,2024-12-31,0.013571512444457767
27389,2024-03-31,11295889,2024-06-30,-0.028548785852656335
27389,2024-06-30,10258801,2024-09-30,-0.03937663427173973
27389,2024-09-30,8711786,2024-12-31,-0.10143690504311574
27394,2024-03-31,744499,2024-06-30,0.009440855986938307
27394,2024-06-30,751984,2024-09-30,0.0009498787677966271
27394,2024-09-30,752550,2024-12-31,-0.002705144678419624
27398,2024-03-31,148640,2024-06-30,0.02505577435507247
27398,2024-06-30,143127,2024-09-30,0.019775738506948262
27398,2024-09-30,149759,2024-12-31,0.01867227977942785
27408,2024-03-31,4106918,2024-06-30,0.03438014333674742
27408,2024-06-30,4253350,2024-09-30,0.015430494562839804
27408,2024-09-30,4190637,2024-12-31,0.012057119053095753
27409,2024-03-31,251832,2024-06-30,0.012779378653366187
27409,2024-06-30,254026,2024-09-30,0.012881963814179184
27409,2024-09-30,254770,2024-12-31,0.010107076743846364
27417,2024-03-31,374644,2024-06-30,0.014545437230664288
27417,2024-06-30,413262,2024-09-30,0.008696030344597346
27417,2024-09-30,427098,2024-12-31,0.01262231125095855
27471,2024-03-31,147755180,2024-06-30,0.04249486408187103
27471,2024-06-30,148704404,2024-09-30,0.032955849994325534
27471,2024-09-30,146507586,2024-12-31,0.02847964239599662
27476,2024-03-31,9380770,2024-06-30,0.01627298611064523
27476,2024-06-30,9435375,2024-09-30,0.011901647325580453
27476,2024-09-30,9741957,2024-12-31,0.01772453416074687
27496,2024-03-31,347158,2024-06-30,0.01693861851204788
27496,2024-06-30,338599,2024-09-30,0.00617475995605524
27496,2024-09-30,357167,2024-12-31,0.007229615781502221
27499,2024-03-31,3864223,2024-06-30,-0.008484452944616444
27499,2024-06-30,3530374,2024-09-30,-0.01365368516079563
27499,2024-09-30,3202720,2024-12-31,-0.02167585558691847
27503,2024-03-31,472033,2024-06-30,0.0016014462209973882
27503,2024-06-30,452557,2024-09-30,0.005097778598488497
27503,2024-09-30,453734,2024-12-31,-0.004503324918950539
27510,2024-03-31,899687,2024-06-30,0.014370623675713269
27510,2024-06-30,914601,2024-09-30,0.009560052305867974
27510,2024-09-30,946325,2024-12-31,0.015026596999408453
27556,2024-03-31,205909,2024-06-30,-0.10643535357060269
27556,2024-06-30,208511,2024-09-30,-0.061406894376951036
27556,2024-09-30,176244,2024-12-31,0.02245711421171763
27560,2024-03-31,157982,2024-06-30,0.024614281295120447
27560,2024-06-30,156821,2024-09-30,0.016483009994560892
27560,2024-09-30,151763,2024-12-31,-0.004073135286186584
27567,2024-03-31,98162,2024-06-30,-0.0052231163828203
27567,2024-06-30,96186,2024-09-30,0.0013045047586712326
27567,2024-09-30,96014,2024-12-31,-0.011817431563101366
27589,2024-03-31,5712156,2024-06-30,0.03174074717556935
27589,2024-06-30,6269153,2024-09-30,0.022621293250589414
27589,2024-09-30,6023392,2024-12-31,0.046968196657096103
27619,2024-03-31,926750,2024-06-30,0.022004197106061555
27619,2024-06-30,941972,2024-09-30,0.005167716344108128
27619,2024-09-30,937700,2024-12-31,-0.006424137688436376
27643,2024-03-31,229240,2024-06-30,0.003920350105157091
27643,2024-06-30,227856,2024-09-30,-0.001984963814512093
27643,2024-09-30,226815,2024-12-31,-0.0010960044255133
27654,2024-03-31,579979,2024-06-30,0.06447213558316625
27654,2024-06-30,575384,2024-09-30,0.0537291076241522
27654,2024-09-30,565541,2024-12-31,0.040957319637581105
27664,2024-03-31,400550,2024-06-30,-0.008344099688124197
27664,2024-06-30,391996,2024-09-30,-0.007080218802669154
27664,2024-09-30,413136,2024-12-31,-0.00656748446524975
27677,2024-03-31,3800109,2024-06-30,0.017181459786687323
27677,2024-06-30,3708389,2024-09-30,0.012663302779327147
27677,2024-09-30,3762758,2024-12-31,0.014868912164686303
27678,2024-03-31,490803,2024-06-30,0.007642042885907333
27678,2024-06-30,487819,2024-09-30,0.010812068704166327
27678,2024-09-30,490332,2024-12-31,0.007967622451038598
27683,2024-03-31,199400,2024-06-30,-0.016097113259151256
27683,2024-06-30,199234,2024-09-30,-0.0027286178891056676
27683,2024-09-30,198995,2024-12-31,0.0012296096803061755
27686,2024-03-31,495611,2024-06-30,0.00807450757303682
27686,2024-06-30,493655,2024-09-30,0.0067184819176800735
27686,2024-09-30,484973,2024-12-31,0.0021479458959029096
27697,2024-03-31,403764,2024-06-30,0.005749676855504436
27697,2024-06-30,432744,2024-09-30,-0.008263735665620275
27697,2024-09-30,411864,2024-12-31,-0.003608652128744516
27711,2024-03-31,267147,2024-06-30,-0.00023113980733290175
27711,2024-06-30,263836,2024-09-30,-0.006647060077326529
27711,2024-09-30,266447,2024-12-31,0.002822821737692456
27716,2024-03-31,21378,2024-06-30,-0.0046042636111508555
27716,2024-06-30,20491,2024-09-30,-0.00809426968871229
27716,2024-09-30,21031,2024-12-31,-0.0014259800836544248
27723,2024-03-31,215599,2024-06-30,-0.050472757272303916
27723,2024-06-30,204737,2024-09-30,-0.011962105045126804
27723,2024-09-30,228742,2024-12-31,-0.006006110216290167
27727,2024-03-31,134080,2024-06-30,0.036161420810299244
27727,2024-06-30,136584,2024-09-30,-0.000885073324150302
27727,2024-09-30,132179,2024-12-31,0.032813239273640306
27742,2024-03-31,249669,2024-06-30,0.01847574692472447
27742,2024-06-30,242638,2024-09-30,0.020530174119599724
27742,2024-09-30,248230,2024-12-31,0.01921525653212561
27752,2024-03-31,231683,2024-06-30,0.011298827306812248
27752,2024-06-30,238309,2024-09-30,0.01990646822187188
27752,2024-09-30,227918,2024-12-31,0.004327828746912996
27760,2024-03-31,128443,2024-06-30,0.010464996931798342
27760,2024-06-30,126798,2024-09-30,0.008210732427489662
27760,2024-09-30,122721,2024-12-31,0.011865610143232303
27763,2024-03-31,500813,2024-06-30,0.009977288823031949
27763,2024-06-30,519629,2024-09-30,0.0021616292901926095
27763,2024-09-30,526929,2024-12-31,0.009349193562946763
27767,2024-03-31,127398,2024-06-30,-0.0038394161093013514
27767,2024-06-30,127189,2024-09-30,-0.003675400973429011
27767,2024-09-30,125954,2024-12-31,-0.004064529355125943
27774,2024-03-31,3030996,2024-06-30,0.010298390922213099
27774,2024-06-30,3088897,2024-09-30,0.014388995912466025
27774,2024-09-30,3178844,2024-12-31,0.019954314369392684
27799,2024-03-31,633914,2024-06-30,-0.011177863219771324
27799,2024-06-30,636798,2024-09-30,-0.0024760341490229773
27799,2024-09-30,633565,2024-12-31,0.0017597518656582466
27806,2024-03-31,238353,2024-06-30,-0.007323195277420525
27806,2024-06-30,241485,2024-09-30,-0.0014941610484082365
27806,2024-09-30,236085,2024-12-31,-0.004120796053259267
27811,2024-03-31,4648307,2024-06-30,0.02276673960532132
27811,2024-06-30,4684678,2024-09-30,0.018862207044561027
27811,2024-09-30,4692144,2024-12-31,0.014513807833862042
27824,2024-03-31,385991,2024-06-30,0.019775674291718344
27824,2024-06-30,362991,2024-09-30,0.031148539274070255
27824,2024-09-30,371884,2024-12-31,0.019984460501833334
27841,2024-03-31,26158,2024-06-30,0.011111438729590233
27841,2024-06-30,26692,2024-09-30,0.0046958637804140144
27841,2024-09-30,27890,2024-12-31,0.01314086209649846
27847,2024-03-31,31982,2024-06-30,0.02892540130935368
27847,2024-06-30,34930,2024-09-30,0.030543890101886313
27847,2024-09-30,35357,2024-12-31,0.012978757703865284
27872,2024-03-31,800950,2024-06-30,0.006710272609383913
27872,2024-06-30,798442,2024-09-30,0.007650179828572378
27872,2024-09-30,814226,2024-12-31,0.00925190279384694
27884,2024-03-31,432012,2024-06-30,0.00014214978585073388
27884,2024-06-30,428864,2024-09-30,-0.00041874816215652316
27884,2024-09-30,415965,2024-12-31,0.003379796855834969
27897,2024-03-31,40028,2024-06-30,0.005404137059295561
27897,2024-06-30,39155,2024-09-30,0.013267620117618619
27897,2024-09-30,38523,2024-12-31,0.016100131197173087
27898,2024-03-31,98757,2024-06-30,0.007260950174941691
27898,2024-06-30,99798,2024-09-30,0.0049378153118803765
27898,2024-09-30,101217,2024-12-31,0.0036635826988358476
27910,2024-03-31,75476,2024-06-30,0.0034135311332374346
27910,2024-06-30,77112,2024-09-30,0.0015283744063894612
27910,2024-09-30,76367,2024-12-31,-0.00397820921586276
27932,2024-03-31,537718,2024-06-30,0.0303656140354176
27932,2024-06-30,549448,2024-09-30,0.025055298215023034
27943,2024-03-31,686835,2024-06-30,0.02005539920980878
27943,2024-06-30,695914,2024-09-30,0.028449117888194736
27943,2024-09-30,702665,2024-12-31,0.005321774071854801
27965,2024-03-31,224692,2024-06-30,0.027650526740709978
27965,2024-06-30,222616,2024-09-30,0.025439143749716456
27965,2024-09-30,226912,2024-12-31,0.022938251681030922
27969,2024-03-31,135596,2024-06-30,0.033047089052438784
27969,2024-06-30,175513,2024-09-30,0.1058267408989536
27969,2024-09-30,186455,2024-12-31,0.061649794319680956
27981,2024-03-31,6255585,2024-06-30,0.0021267310359378284
27981,2024-06-30,6229085,2024-09-30,0.012290625516096814
27981,2024-09-30,6256992,2024-12-31,-0.002818084242402621
27989,2024-03-31,284041,2024-06-30,0.034655488435574124
27989,2024-06-30,279347,2024-09-30,0.034217792004336806
27989,2024-09-30,278514,2024-12-31,0.03283638357501023
27998,2024-03-31,1029518,2024-06-30,0.029690339733782812
27998,2024-06-30,1079220,2024-09-30,0.027191191089245555
27998,2024-09-30,1122367,2024-12-31,0.019592682215848336
28035,2024-03-31,96839,2024-06-30,-0.01133046333652579
28035,2024-06-30,95052,2024-09-30,0.004122419599696199
28035,2024-09-30,94694,2024-12-31,-0.010877568271843616
28060,2024-03-31,162054,2024-06-30,0.004943359889312142
28060,2024-06-30,160895,2024-09-30,0.003449667929686167
28060,2024-09-30,165615,2024-12-31,0.006840781869467928
28063,2024-03-31,73327,2024-06-30,0.012399861294242153
28063,2024-06-30,68958,2024-09-30,-0.0034913994559778276
28063,2024-09-30,67408,2024-12-31,0.006145052777904715
28080,2024-03-31,204659,2024-06-30,-0.0021884229281992095
28080,2024-06-30,201819,2024-09-30,-0.005906257753748237
28080,2024-09-30,205586,2024-12-31,0.0004502086727934955
28088,2024-03-31,21536789,2024-06-30,0.04095648190013731
28088,2024-06-30,21362878,2024-09-30,0.0013011974819631738
28088,2024-09-30,21524646,2024-12-31,0.004721504857207414
28094,2024-03-31,2728038,2024-06-30,0.022554653123765728
28094,2024-06-30,2727613,2024-09-30,0.02007909736260168
28094,2024-09-30,2785155,2024-12-31,0.0269725926944821
28103,2024-03-31,88660,2024-06-30,-0.011957865848190865
28103,2024-06-30,88303,2024-09-30,-0.011817703474882873
28103,2024-09-30,84718,2024-12-31,-0.008592947728057368
28105,2024-03-31,385175,2024-06-30,0.018873636848507378
28105,2024-06-30,378167,2024-09-30,0.021528618386997943
28105,2024-09-30,399188,2024-12-31,0.012200215531191704
28116,2024-03-31,1442678,2024-06-30,-0.009173085419850428
28116,2024-06-30,1423154,2024-09-30,-0.003901115754701041
28116,2024-09-30,1423715,2024-12-31,0.0024282535998182567
28151,2024-03-31,402392,2024-06-30,0.035216533764449415
28151,2024-06-30,404600,2024-09-30,0.044920084579416035
28155,2024-03-31,249108,2024-06-30,0.04657196304940474
28155,2024-06-30,259692,2024-09-30,0.019642708634156254
28155,2024-09-30,259984,2024-12-31,0.002796096555980514
28157,2024-03-31,109036,2024-06-30,0.014996806054503748
28157,2024-06-30,106451,2024-09-30,0.01068380391425918
28157,2024-09-30,136288,2024-12-31,0.03467917327677715
28167,2024-03-31,231950,2024-06-30,0.01867691524238654
28167,2024-06-30,238456,2024-09-30,0.012277779259735474
28167,2024-09-30,232321,2024-12-31,0.017514865972818153
28178,2024-03-31,12425426,2024-06-30,0.013119388483106979
28178,2024-06-30,12411989,2024-09-30,0.012700687371343812
28178,2024-09-30,12366068,2024-12-31,0.010127862034153884
28186,2024-03-31,173885,2024-06-30,0.011186993975116286
28186,2024-06-30,179912,2024-09-30,0.007781047215801114
28186,2024-09-30,181294,2024-12-31,0.011552799593543212
28208,2024-03-31,315878,2024-06-30,-0.0032121823777992
28208,2024-06-30,319267,2024-09-30,0.0031246201954365093
28208,2024-09-30,314473,2024-12-31,0.00549461132679394
28213,2024-03-31,327445,2024-06-30,0.022988539567896465
28213,2024-06-30,324689,2024-09-30,0.017126330540436063
28213,2024-09-30,301794,2024-12-31,0.008085700831160766
28217,2024-03-31,63963,2024-06-30,0.0006382077456611384
28217,2024-06-30,64018,2024-09-30,-0.031286339714993346
28217,2024-09-30,70651,2024-12-31,0.0024871838119847837
28222,2024-03-31,317231,2024-06-30,0.010382380474035446
28222,2024-06-30,316333,2024-09-30,0.0030105501439778664
28222,2024-09-30,307743,2024-12-31,0.005885979477402981
28246,2024-03-31,80774,2024-06-30,-0.002775691797218217
28246,2024-06-30,80926,2024-09-30,-0.002217615013015003
28246,2024-09-30,83787,2024-12-31,0.0071174093641113425
28262,2024-03-31,1459214,2024-06-30,0.04470450000318754
28262,2024-06-30,1569559,2024-09-30,0.017020117426481494
28262,2024-09-30,1636102,2024-12-31,0.0107893411809527
28263,2024-03-31,1724530,2024-06-30,0.07878268596358974
28263,2024-06-30,1697719,2024-09-30,0.06080058773009773
28263,2024-09-30,1747320,2024-12-31,0.07074347094094063
28266,2024-03-31,52265,2024-06-30,-0.003588770628058915
28266,2024-06-30,58186,2024-09-30,0.0021673920748067595
28266,2024-09-30,61067,2024-12-31,0.012232457970999736
28277,2024-03-31,202305,2024-06-30,0.009608782391782807
28277,2024-06-30,205882,2024-09-30,-0.001454884939803162
28277,2024-09-30,208459,2024-12-31,0.002550411274026995
28288,2024-03-31,74972,2024-06-30,0.004374245158289764
28288,2024-06-30,74553,2024-09-30,0.01089880317159684
28288,2024-09-30,74874,2024-12-31,0.004510793100039874
28302,2024-03-31,69466,2024-06-30,-0.001645394700498479
28302,2024-06-30,69058,2024-09-30,-0.010602518202913474
28302,2024-09-30,64277,2024-12-31,-0.01179546156595119
28314,2024-03-31,74286,2024-06-30,0.00629821628035145
28314,2024-06-30,73308,2024-09-30,-0.0006835701302862218
28314,2024-09-30,72171,2024-12-31,-0.007782314568469805
28315,2024-03-31,120626,2024-06-30,0.0033394236830741886
28315,2024-06-30,119805,2024-09-30,0.004435793380161307
28315,2024-09-30,117775,2024-12-31,0.006512308985008212
28316,2024-03-31,781186,2024-06-30,-0.0027031944838870627
28316,2024-06-30,780432,2024-09-30,-0.004430245236220489
28316,2024-09-30,1013376,2024-12-31,0.05838384820850159
28332,2024-03-31,4012390,2024-06-30,0.022999200624401566
28332,2024-06-30,3957083,2024-09-30,0.025890266138683234
28332,2024-09-30,4055521,2024-12-31,0.04061699123287325
28348,2024-03-31,353128,2024-06-30,-0.0024290670822318117
28348,2024-06-30,355752,2024-09-30,0.0042039851081380865
28348,2024-09-30,362836,2024-12-31,0.007341593889437665
28349,2024-03-31,84934,2024-06-30,-0.04809502417572701
28349,2024-06-30,84812,2024-09-30,-0.025586051151161703
28349,2024-09-30,84352,2024-12-31,0.0018963586019184375
28359,2024-03-31,10300518,2024-06-30,-0.0023410519956862668
28359,2024-06-30,10067421,2024-09-30,-0.0034179736413797158
28359,2024-09-30,10182500,2024-12-31,-0.004301570358270642
28362,2024-03-31,1299611,2024-06-30,0.01815790328927519
28362,2024-06-30,1332956,2024-09-30,0.017298288759859802
28362,2024-09-30,1360902,2024-12-31,0.016343534769763683
28368,2024-03-31,594585,2024-06-30,0.012569616768441122
28368,2024-06-30,584712,2024-09-30,0.0076592311779145736
28368,2024-09-30,582359,2024-12-31,0.0004825628332834066
28369,2024-03-31,75369,2024-06-30,-0.00492705375630416
28369,2024-06-30,71038,2024-09-30,-0.00490628416755935
28369,2024-09-30,75881,2024-12-31,-0.00945108251918159
28380,2024-03-31,895357,2024-06-30,0.0039265252371406085
28380,2024-06-30,866378,2024-09-30,0.01736635113452311
28380,2024-09-30,889109,2024-12-31,-0.04573050168483009
28390,2024-03-31,500,2024-06-30,9.40216606584327e-08
28390,2024-06-30,500,2024-09-30,9.40216606584327e-08
28390,2024-09-30,500,2024-12-31,9.40216606584327e-08
28396,2024-03-31,825803,2024-06-30,0.017903040266137062
28396,2024-06-30,858830,2024-09-30,0.019804910951376396
28396,2024-09-30,879856,2024-12-31,0.019947712274931823
28400,2024-03-31,727300,2024-06-30,-0.002262584773751105
28400,2024-06-30,733416,2024-09-30,0.0005132263881974836
28400,2024-09-30,736982,2024-12-31,0.006407204341279102
28401,2024-03-31,307778,2024-06-30,-0.0006820689424503571
28401,2024-06-30,302186,2024-09-30,-0.014403258451334408
28401,2024-09-30,300877,2024-12-31,-0.0005135904337234054
28405,2024-03-31,1674305,2024-06-30,0.02143728056136049
28405,2024-06-30,1713392,2024-09-30,0.025300264258241587
28405,2024-09-30,1718938,2024-12-31,0.02372271299560799
28425,2024-03-31,167684,2024-06-30,0.0014526662794822798
28425,2024-06-30,166328,2024-09-30,0.001479338443570386
28425,2024-09-30,163086,2024-12-31,0.000384690351417032
28445,2024-03-31,174464,2024-06-30,-0.04454075870958094
28445,2024-06-30,168735,2024-09-30,-0.029628768390997665
28445,2024-09-30,162412,2024-12-31,0.015268146852413057
28453,2024-03-31,1639516,2024-06-30,0.01535168566228453
28453,2024-06-30,1628758,2024-09-30,0.0070314454899311025
28453,2024-09-30,1649098,2024-12-31,0.01559721510439971
28463,2024-03-31,51668,2024-06-30,0.011576856646745307
28463,2024-06-30,52441,2024-09-30,0.00011638632159739411
28463,2024-09-30,51048,2024-12-31,-0.01404704442739959
28471,2024-03-31,261558,2024-06-30,0.012507438426217527
28471,2024-06-30,266174,2024-09-30,0.014344741424168372
28471,2024-09-30,260588,2024-12-31,0.00421798979103355
28478,2024-03-31,106928,2024-06-30,0.007117931034240975
28478,2024-06-30,107569,2024-09-30,0.013849040476365404
28478,2024-09-30,110325,2024-12-31,0.019431726434181812
28480,2024-03-31,23412,2024-06-30,0.010826774865117992
28480,2024-06-30,21730,2024-09-30,0.0009657528351531946
28480,2024-09-30,21128,2024-12-31,0.003953641723342487
28481,2024-03-31,276569,2024-06-30,-0.002998017058852289
28481,2024-06-30,281668,2024-09-30,0.0019593074949739216
28481,2024-09-30,282435,2024-12-31,0.0005752441258008552
28489,2024-03-31,13272945,2024-06-30,0.01874843082640144
28489,2024-06-30,13143463,2024-09-30,0.0024181628674150722
28489,2024-09-30,13607612,2024-12-31,0.02139331130923012
28507,2024-03-31,47741,2024-06-30,-0.007916051079031343
28507,2024-06-30,48764,2024-09-30,-0.0005093943845035899
28507,2024-09-30,53876,2024-12-31,0.019897589621712133
28513,2024-03-31,1239894,2024-06-30,-0.007124944836402298
28513,2024-06-30,1267495,2024-09-30,0.007879729781348797
28513,2024-09-30,1314791,2024-12-31,-0.000797607001719449
28515,2024-03-31,334383,2024-06-30,0.008654544123435335
28515,2024-06-30,332707,2024-09-30,-0.004048894611150934
28515,2024-09-30,338678,2024-12-31,0.01149552783682095
28530,2024-03-31,835875,2024-06-30,0.014388497428501928
28530,2024-06-30,903492,2024-09-30,0.032244463372933255
28530,2024-09-30,941285,2024-12-31,0.02579281472016476
28533,2024-03-31,1082106,2024-06-30,0.037877756326996304
28533,2024-06-30,1109513,2024-09-30,0.029144093453221304
28533,2024-09-30,1098491,2024-12-31,0.027024082215073294
28543,2024-03-31,94195,2024-06-30,-0.0033914654823176274
28543,2024-06-30,92243,2024-09-30,-0.007022247433610835
28543,2024-09-30,93833,2024-12-31,0.001369730140764673
28555,2024-03-31,119910,2024-06-30,0.011841127771670918
28555,2024-06-30,122895,2024-09-30,0.015096071055096357
28555,2024-09-30,128485,2024-12-31,0.02085340126812125
28585,2024-03-31,106175,2024-06-30,0.02618298395105972
28585,2024-06-30,109294,2024-09-30,0.02029846529736861
28585,2024-09-30,108361,2024-12-31,0.022481077639309063
28593,2024-03-31,807562,2024-06-30,0.005373137843223853
28593,2024-06-30,800683,2024-09-30,0.030976542274347048
28593,2024-09-30,809224,2024-12-31,0.0110780058095709
28599,2024-03-31,669664,2024-06-30,-0.0024257269186161285
28599,2024-06-30,656324,2024-09-30,-0.003560104763225726
28599,2024-09-30,681153,2024-12-31,0.014913208310482236
28611,2024-03-31,43117,2024-06-30,-0.006597403204356595
28611,2024-06-30,43570,2024-09-30,-0.0012647066345735486
28614,2024-03-31,308397,2024-06-30,-0.006865867633173995
28614,2024-06-30,306695,2024-09-30,-0.004747757775465827
28614,2024-09-30,297950,2024-12-31,-0.009406344582549827
28635,2024-03-31,88228,2024-06-30,0.009255465026874243
28635,2024-06-30,90876,2024-09-30,0.009239068564056135
28635,2024-09-30,92382,2024-12-31,0.006882176385696501
28637,2024-03-31,57047,2024-06-30,0.008938268811442093
28637,2024-06-30,58697,2024-09-30,-0.004876004503408376
28637,2024-09-30,57370,2024-12-31,-0.0017355863518330149
28652,2024-03-31,40575,2024-06-30,0.027276313677199425
28652,2024-06-30,39893,2024-09-30,0.026694218417710757
28652,2024-09-30,40268,2024-12-31,0.020603817183719224
28663,2024-03-31,31538,2024-06-30,0.03139541778083336
28663,2024-06-30,34316,2024-09-30,-0.002746610172174439
28663,2024-09-30,33764,2024-12-31,0.009037861764697659
28667,2024-03-31,70389,2024-06-30,-0.01612725869082063
28667,2024-06-30,66848,2024-09-30,0.004671861401414563
28667,2024-09-30,65622,2024-12-31,-0.011464712621576278
28677,2024-03-31,61699,2024-06-30,-0.008678136425531328
28677,2024-06-30,63390,2024-09-30,0.0034733741420535065
28677,2024-09-30,62980,2024-12-31,-0.0023024753808089135
28679,2024-03-31,2049848,2024-06-30,0.008672311646023676
28679,2024-06-30,2059093,2024-09-30,0.011160521585281392
28679,2024-09-30,2083804,2024-12-31,0.011945818530562103
28701,2024-03-31,423507,2024-06-30,0.018189049227157333
28701,2024-06-30,417555,2024-09-30,0.015363717479662677
28701,2024-09-30,452924,2024-12-31,0.006892804578198776
28703,2024-03-31,41249,2024-06-30,-0.004618308399515524
28703,2024-06-30,41314,2024-09-30,-0.0015960392718861647
28703,2024-09-30,43374,2024-12-31,-0.0008286959405629516
28706,2024-03-31,895503,2024-06-30,-0.00038499335102234924
28706,2024-06-30,886113,2024-09-30,-0.008126096440034704
28706,2024-09-30,877636,2024-12-31,0.013239816639181752
28708,2024-03-31,136485,2024-06-30,-0.020523320827778448
28708,2024-06-30,137182,2024-09-30,0.0014254295846328462
28708,2024-09-30,139338,2024-12-31,0.024678350956398146
28710,2024-03-31,3972549,2024-06-30,0.021326295122350895
28710,2024-06-30,3865344,2024-09-30,0.01602315032405561
28710,2024-09-30,3926945,2024-12-31,0.01584572362918302
28712,2024-03-31,104550,2024-06-30,-0.006352165201077129
28712,2024-06-30,104054,2024-09-30,-0.0025626121644201183
28712,2024-09-30,106949,2024-12-31,-0.009412684321182207
28722,2024-03-31,2367,2024-06-30,-0.017761761995109055
28722,2024-06-30,2370,2024-09-30,-0.012106068777399576
28722,2024-09-30,2946,2024-12-31,-0.05491822142151369
28729,2024-03-31,278144,2024-06-30,0.016130566363474236
28729,2024-06-30,282595,2024-09-30,0.01060072468432908
28729,2024-09-30,279542,2024-12-31,0.01676731616603255
28735,2024-03-31,264764,2024-06-30,0.020249541392199703
28735,2024-06-30,263694,2024-09-30,0.02077434219411302
28735,2024-09-30,259677,2024-12-31,0.016355999493167742
28747,2024-03-31,362896,2024-06-30,-0.02071397129694191
28747,2024-06-30,362235,2024-09-30,-0.015661851676425743
28747,2024-09-30,354861,2024-12-31,-0.018198734429960454
28765,2024-03-31,5250179,2024-06-30,-0.008333302647307198
28765,2024-06-30,5197442,2024-09-30,-0.0033025638327632265
28765,2024-09-30,5502309,2024-12-31,0.014139158774761285
28769,2024-03-31,106441,2024-06-30,-0.01355074249979631
28769,2024-06-30,101721,2024-09-30,0.006661764241889263
28769,2024-09-30,104814,2024-12-31,-0.01981710855156273
28778,2024-03-31,840822,2024-06-30,-0.01960697044242695
28778,2024-06-30,810048,2024-09-30,-0.023571916057814397
28778,2024-09-30,831434,2024-12-31,-0.006322006816907329
28780,2024-03-31,348723,2024-06-30,0.0029725164227358816
28780,2024-06-30,345471,2024-09-30,-0.006515534991160374
28780,2024-09-30,340936,2024-12-31,-0.009082855891124229
28788,2024-03-31,975868,2024-06-30,0.050208869599182256
28788,2024-06-30,979780,2024-09-30,0.07481649073858042
28788,2024-09-30,1040898,2024-12-31,-0.005613449946558051
28790,2024-03-31,70182,2024-06-30,0.0106272605007575
28790,2024-06-30,70250,2024-09-30,0.01634189505388252
28790,2024-09-30,69883,2024-12-31,0.02274682140961433
28793,2024-03-31,147561,2024-06-30,0.03162403072054894
28793,2024-06-30,148736,2024-09-30,-0.014481402895025293
28793,2024-09-30,140552,2024-12-31,-0.02627457514974154
28805,2024-03-31,71550,2024-06-30,0.00029789011315880994
28805,2024-06-30,74685,2024-09-30,-0.00037617466582600155
28805,2024-09-30,74129,2024-12-31,0.004137861168767762
28808,2024-03-31,1271692,2024-06-30,-0.003604342804372632
28808,2024-06-30,1265338,2024-09-30,-0.0027046943431534207
28808,2024-09-30,1213567,2024-12-31,0.005535783050402636
28812,2024-03-31,403912,2024-06-30,0.030098990027967357
28812,2024-06-30,393646,2024-09-30,0.00450383922930828
28812,2024-09-30,419348,2024-12-31,0.01823499056104572
28818,2024-03-31,452913,2024-06-30,0.020270207713950276
28818,2024-06-30,463628,2024-09-30,0.06802401339354532
28818,2024-09-30,497057,2024-12-31,-0.03669952428885748
28834,2024-03-31,7701712,2024-06-30,0.019518488621339373
28834,2024-06-30,7656959,2024-09-30,0.0190663019461346
28834,2024-09-30,7817506,2024-12-31,0.022335366596598134
28836,2024-03-31,327273,2024-06-30,-0.005904556345111962
28836,2024-06-30,324605,2024-09-30,-0.0015822997523474408
28836,2024-09-30,318096,2024-12-31,-0.0032740224655448498
28837,2024-03-31,251772,2024-06-30,0.018486115638632686
28837,2024-06-30,254557,2024-09-30,0.017389869329510414
28837,2024-09-30,251476,2024-12-31,0.014275983561889664
28841,2024-03-31,365117,2024-06-30,-0.0031633133523345292
28841,2024-06-30,361465,2024-09-30,-0.005330403612917107
28841,2024-09-30,360698,2024-12-31,-0.002333702501567977
28845,2024-03-31,1261657,2024-06-30,0.023831421986897954
28845,2024-06-30,1275946,2024-09-30,0.026398678642242695
28845,2024-09-30,1297091,2024-12-31,0.021965665239492605
28859,2024-03-31,395478,2024-06-30,0.006202147312802245
28859,2024-06-30,393799,2024-09-30,0.007334332501814898
28859,2024-09-30,394847,2024-12-31,0.002358081330967415
28860,2024-03-31,62464,2024-06-30,0.010240512427499427
28860,2024-06-30,60475,2024-09-30,0.01334588679844387
28860,2024-09-30,61898,2024-12-31,0.00814401494110139
28865,2024-03-31,974334,2024-06-30,-0.0006755931736022755
28865,2024-06-30,946151,2024-09-30,-0.0006005040470266787
28865,2024-09-30,904411,2024-12-31,-0.003130699098525218
28868,2024-03-31,341651,2024-06-30,0.027393404176197407
28868,2024-06-30,333698,2024-09-30,0.03367982518243069
28868,2024-09-30,334819,2024-12-31,0.03917182459092267
28870,2024-03-31,379850,2024-06-30,0.013399973430587173
28870,2024-06-30,385628,2024-09-30,0.012496669414195052
28870,2024-09-30,404149,2024-12-31,0.014613361799690585
28894,2024-03-31,323517,2024-06-30,0.020893810928898842
28894,2024-06-30,326445,2024-09-30,0.0215575552196585
28894,2024-09-30,330884,2024-12-31,0.02077703930289096
28905,2024-03-31,1378813,2024-06-30,0.030133440969935272
28905,2024-06-30,1405780,2024-09-30,0.02412764435901264
28905,2024-09-30,1446548,2024-12-31,0.020274666987761567
28908,2024-03-31,173833,2024-06-30,0.007352937824625117
28908,2024-06-30,178305,2024-09-30,-0.01966757448627676
28908,2024-09-30,176945,2024-12-31,0.020597965908027923
28914,2024-03-31,514910,2024-06-30,0.001306729627041888
28914,2024-06-30,513286,2024-09-30,0.007384435674947824
28914,2024-09-30,514474,2024-12-31,0.00783787682811849
28924,2024-03-31,312673,2024-06-30,-0.015424793009864586
28924,2024-06-30,309588,2024-09-30,-0.04202753503362721
28924,2024-09-30,301609,2024-12-31,0.019047923861654728
28925,2024-03-31,219199,2024-06-30,-0.015251026351374151
28925,2024-06-30,213533,2024-09-30,-0.012920411083233592
28925,2024-09-30,209401,2024-12-31,0.02846635849514676
28930,2024-03-31,371736,2024-06-30,0.04706490197268495
28930,2024-06-30,390133,2024-09-30,0.02968290499474254
28930,2024-09-30,386165,2024-12-31,0.042013803947729286
28942,2024-03-31,248808,2024-06-30,0.014775379004063885
28942,2024-06-30,251003,2024-09-30,0.01726845973227132
28942,2024-09-30,248626,2024-12-31,0.010458966119523044
28949,2024-03-31,66146,2024-06-30,-0.00048608938704414634
28949,2024-06-30,63107,2024-09-30,-0.019287919883727498
28949,2024-09-30,61960,2024-12-31,-0.01160581139609705
28983,2024-03-31,64666,2024-06-30,-0.0077581658179562245
28983,2024-06-30,66329,2024-09-30,0.007499237722421413
28983,2024-09-30,65064,2024-12-31,-0.0019404076098548705
28989,2024-03-31,154961,2024-06-30,0.011458636709845635
28989,2024-06-30,152998,2024-09-30,0.032773950894953004
28989,2024-09-30,157063,2024-12-31,0.015457062248434598
29005,2024-03-31,18082,2024-06-30,-0.004208129858224106
29005,2024-06-30,17841,2024-09-30,-0.017820154558464335
29005,2024-09-30,17900,2024-12-31,-0.013551738332018556
29009,2024-03-31,646882,2024-06-30,-0.0030662452465856837
29009,2024-06-30,647569,2024-09-30,-0.00935929429869383
29009,2024-09-30,644150,2024-12-31,-0.0003311218667015393
29011,2024-03-31,753520,2024-06-30,0.013974530092889525
29011,2024-06-30,756535,2024-09-30,0.012575072788323094
29011,2024-09-30,757370,2024-12-31,0.011203122055424269
29012,2024-03-31,5534560,2024-06-30,-0.01385724510721529
29012,2024-06-30,5519246,2024-09-30,-0.012848174278895709
29012,2024-09-30,5709767,2024-12-31,0.003842981367791073
29024,2024-03-31,185400,2024-06-30,0.025626726751780172
29024,2024-06-30,202143,2024-09-30,-0.011460459541795195
29024,2024-09-30,204372,2024-12-31,-0.0004011855810539343
29035,2024-03-31,361945,2024-06-30,0.009770326805752329
29035,2024-06-30,371796,2024-09-30,0.0017541437939234145
29035,2024-09-30,372710,2024-12-31,0.006629075815314201
29042,2024-03-31,1051243,2024-06-30,0.015166103526378979
29042,2024-06-30,1000203,2024-09-30,0.034807395952815755
29047,2024-03-31,659846,2024-06-30,0.01859423999487642
29047,2024-06-30,675395,2024-09-30,0.018533407192029172
29047,2024-09-30,704071,2024-12-31,0.017981479510623736
29056,2024-03-31,473105,2024-06-30,0.033510365827103775
29056,2024-06-30,468669,2024-09-30,0.019003317059848854
29056,2024-09-30,473757,2024-12-31,0.017298965562618836
29058,2024-03-31,1182025,2024-06-30,0.02376392558818781
29058,2024-06-30,1098796,2024-09-30,0.043976532644611516
29058,2024-09-30,1181103,2024-12-31,0.040262013323561996
29059,2024-03-31,27217,2024-06-30,0.0013383317332965503
29059,2024-06-30,27433,2024-09-30,0.0029947460819447617
29059,2024-09-30,28073,2024-12-31,-0.01151207458864608
29061,2024-03-31,46424,2024-06-30,0.00952676781415159
29061,2024-06-30,48485,2024-09-30,0.010042992381164939
29061,2024-09-30,47109,2024-12-31,0.0033762010266694324
29066,2024-03-31,119303,2024-06-30,0.03990974409415458
29066,2024-06-30,116656,2024-09-30,0.03810233620806144
29066,2024-09-30,124976,2024-12-31,0.03346876444438615
29087,2024-03-31,823666,2024-06-30,-0.021849031517930852
29087,2024-06-30,774508,2024-09-30,-0.015184303317006568
29087,2024-09-30,789197,2024-12-31,0.011454220992858812
29089,2024-03-31,247332,2024-06-30,0.006460696019969037
29089,2024-06-30,248936,2024-09-30,0.0034271280409218278
29089,2024-09-30,247200,2024-12-31,0.005640150181173379
29090,2024-03-31,228678,2024-06-30,0.026069462215767256
29090,2024-06-30,238232,2024-09-30,0.01417215538180973
29090,2024-09-30,244214,2024-12-31,0.014214150373220935
29093,2024-03-31,81546,2024-06-30,0.002132034765130142
29093,2024-06-30,77393,2024-09-30,0.024608280463387085
29093,2024-09-30,76628,2024-12-31,0.030155173519634683
29120,2024-03-31,410406,2024-06-30,0.006704541080142413
29120,2024-06-30,412486,2024-09-30,-0.0007304026078611332
29120,2024-09-30,411225,2024-12-31,-0.0012063171628265415
29121,2024-03-31,173031,2024-06-30,-0.005245863070076777
29121,2024-06-30,167306,2024-09-30,-0.030009870421171723
29121,2024-09-30,160725,2024-12-31,-0.00016924904356268404
29135,2024-03-31,125172,2024-06-30,0.013427289624013518
29135,2024-06-30,137919,2024-09-30,-0.004557407115107377
29135,2024-09-30,145019,2024-12-31,0.01640435452208335
29140,2024-03-31,587653,2024-06-30,0.006434789551715064
29140,2024-06-30,584228,2024-09-30,0.0013207680933006673
29140,2024-09-30,578157,2024-12-31,0.06124505205378296
29143,2024-03-31,50591,2024-06-30,0.0048407754091509885
29143,2024-06-30,49708,2024-09-30,-0.0025156744381820777
29143,2024-09-30,50733,2024-12-31,0.001008188666681022
29147,2024-03-31,1515343,2024-06-30,0.015205548599872925
29147,2024-06-30,1569349,2024-09-30,0.02220219894757499
29147,2024-09-30,1633062,2024-12-31,0.03265198311456635
29164,2024-03-31,166516,2024-06-30,-0.0029952688875554863
29164,2024-06-30,175166,2024-09-30,0.008517866120283726
29164,2024-09-30,178394,2024-12-31,0.00920625444010835
29170,2024-03-31,251592,2024-06-30,0.019232281603909405
29170,2024-06-30,251421,2024-09-30,0.026616016838266802
29170,2024-09-30,251317,2024-12-31,0.03003157822150186
29173,2024-03-31,181450,2024-06-30,0.02259283818376646
29173,2024-06-30,184687,2024-09-30,0.024311346185165734
29173,2024-09-30,177825,2024-12-31,0.03704584325759646
29177,2024-03-31,500383,2024-06-30,0.0050594070912189605
29177,2024-06-30,500050,2024-09-30,0.016367712546568294
29177,2024-09-30,512197,2024-12-31,0.035427709026047596
29186,2024-03-31,61428,2024-06-30,0.013746809739014022
29186,2024-06-30,63211,2024-09-30,0.015645935358282438
29186,2024-09-30,64275,2024-12-31,0.01376737212619938
29188,2024-03-31,294359,2024-06-30,0.013163275208206433
29188,2024-06-30,300369,2024-09-30,0.010013055814769491
29188,2024-09-30,299375,2024-12-31,-0.006782315024099773
29206,2024-03-31,128910,2024-06-30,-0.00043023499330986073
29206,2024-06-30,132993,2024-09-30,0.002848920836215567
29206,2024-09-30,132522,2024-12-31,0.0008312128835963812
29208,2024-03-31,91846,2024-06-30,-0.001968049335206039
29208,2024-06-30,90839,2024-09-30,-0.0001598243234739748
29208,2024-09-30,95186,2024-12-31,-0.018541251318947117
29209,2024-03-31,11715983,2024-06-30,0.039752098295883526
29209,2024-06-30,11708770,2024-09-30,0.04898259991063243
29209,2024-09-30,10392138,2024-12-31,0.012827257137830337
29227,2024-03-31,512776,2024-06-30,0.008464264918991169
29227,2024-06-30,492858,2024-09-30,0.013128415062059922
29227,2024-09-30,515775,2024-12-31,0.01784639598555311
29231,2024-03-31,93540,2024-06-30,0.015448094371027872
29231,2024-06-30,95099,2024-09-30,0.01212008173199839
29231,2024-09-30,93879,2024-12-31,0.0159582884870763
29238,2024-03-31,58976,2024-06-30,-0.016065492881626446
29238,2024-06-30,61989,2024-09-30,0.008939976234559378
29238,2024-09-30,63468,2024-12-31,0.0028883889007054286
29241,2024-03-31,82096,2024-06-30,0.0010731500592934874
29241,2024-06-30,81609,2024-09-30,0.004307877332703612
29241,2024-09-30,83918,2024-12-31,-0.004195395625022994
29268,2024-03-31,66217,2024-06-30,-0.000417379741304847
29268,2024-06-30,66336,2024-09-30,0.0005060779276655899
29268,2024-09-30,70661,2024-12-31,-0.0021830941383799846
29293,2024-03-31,224758,2024-06-30,0.019294568251137574
29293,2024-06-30,240188,2024-09-30,0.02609541962747198
29293,2024-09-30,238448,2024-12-31,0.026635604054167615
29294,2024-03-31,681877,2024-06-30,-0.014262291165026551
29294,2024-06-30,694127,2024-09-30,-0.009648535039225683
29294,2024-09-30,708084,2024-12-31,-0.0018542980107544734
29331,2024-03-31,388641,2024-06-30,0.013924893747954676
29331,2024-06-30,395931,2024-09-30,0.01580673753033538
29331,2024-09-30,429277,2024-12-31,0.00927191910464244
29332,2024-03-31,534189,2024-06-30,0.05587431424641875
29332,2024-06-30,522821,2024-09-30,0.027524675038037492
29332,2024-09-30,530177,2024-12-31,0.037019191123134315
29345,2024-03-31,194696,2024-06-30,-0.0038817267512270457
29345,2024-06-30,194177,2024-09-30,-9.468652940265543e-05
29345,2024-09-30,191134,2024-12-31,-0.0009357398860897908
29357,2024-03-31,126610,2024-06-30,0.01793375496937279
29357,2024-06-30,124280,2024-09-30,-0.0009856564199625779
29357,2024-09-30,127890,2024-12-31,0.015721188058193655
29379,2024-03-31,13115,2024-06-30,-0.016766322363654777
29379,2024-06-30,13138,2024-09-30,-0.01828447504748534
29379,2024-09-30,13844,2024-12-31,0.025029383312986743
29384,2024-03-31,167138,2024-06-30,0.002258932017427506
29384,2024-06-30,167864,2024-09-30,0.003501463756226558
29384,2024-09-30,165558,2024-12-31,-0.0020125056132381932
29399,2024-03-31,55014,2024-06-30,-0.02411721927371535
29399,2024-06-30,55135,2024-09-30,-0.015819378367884596
29399,2024-09-30,55749,2024-12-31,0.00023258802988850987
29426,2024-03-31,86050,2024-06-30,0.007308328065980719
29426,2024-06-30,85292,2024-09-30,0.002545848033140502
29426,2024-09-30,84445,2024-12-31,0.0039446713914943355
29430,2024-03-31,51174,2024-06-30,4.310727304034546e-05
29430,2024-06-30,52820,2024-09-30,0.007178245649840362
29430,2024-09-30,52844,2024-12-31,0.005734336052586394
29449,2024-03-31,35018,2024-06-30,-0.015752503626374124
29449,2024-06-30,35508,2024-09-30,-0.005887739189956556
29449,2024-09-30,33827,2024-12-31,0.0006712386762761499
29471,2024-03-31,78924,2024-06-30,4.548312807954218e-05
29471,2024-06-30,78487,2024-09-30,-0.0026317609803985704
29471,2024-09-30,78157,2024-12-31,-0.0023396621944822577
29476,2024-03-31,393350,2024-06-30,0.01724717066728274
29476,2024-06-30,394523,2024-09-30,0.011444715068241221
29476,2024-09-30,409100,2024-12-31,0.0171066005320853
29486,2024-03-31,29957,2024-06-30,0.00023147591028318209
29486,2024-06-30,35625,2024-09-30,-0.01219067123981903
29486,2024-09-30,35682,2024-12-31,-0.029883422894556522
29488,2024-03-31,2036604,2024-06-30,0.012397857052525593
29488,2024-06-30,2121769,2024-09-30,0.00834948536485433
29488,2024-09-30,2197175,2024-12-31,0.01284778203842715
29490,2024-03-31,21855,2024-06-30,0.008942885886191443
29490,2024-06-30,22017,2024-09-30,0.008982437865710284
29490,2024-09-30,21657,2024-12-31,0.00226248185639614
29495,2024-03-31,214090,2024-06-30,-0.02635504772783613
29495,2024-06-30,214919,2024-09-30,-0.026854899738274766
29495,2024-09-30,250933,2024-12-31,-0.02529578927546616
29496,2024-03-31,206668,2024-06-30,0.015420133534097652
29496,2024-06-30,204756,2024-09-30,0.017917853939258405
29496,2024-09-30,204859,2024-12-31,0.016698976325430714
29510,2024-03-31,694603,2024-06-30,-0.017722624458051024
29510,2024-06-30,696674,2024-09-30,0.0034765407727165134
29510,2024-09-30,689736,2024-12-31,-0.014604689656737389
29517,2024-03-31,85554,2024-06-30,-0.01060634270795326
29517,2024-06-30,86361,2024-09-30,-0.0034039967569921793
29517,2024-09-30,85466,2024-12-31,-0.005029240352668993
29520,2024-03-31,1264875,2024-06-30,0.0059502835275251345
29520,2024-06-30,1288188,2024-09-30,0.02651168929561247
29520,2024-09-30,1304162,2024-12-31,0.009254709401269493
29521,2024-03-31,94929,2024-06-30,-0.02200301975073935
29521,2024-06-30,93925,2024-09-30,-0.017628137394596424
29521,2024-09-30,93700,2024-12-31,-0.008975890839857914
29523,2024-03-31,1751468,2024-06-30,0.014372399672628813
29523,2024-06-30,1760873,2024-09-30,0.021944584513478416
29523,2024-09-30,1752745,2024-12-31,0.021339846407198812
29535,2024-03-31,126438,2024-06-30,-0.023192237786823156
29535,2024-06-30,124769,2024-09-30,-0.06628070751782664
29535,2024-09-30,119751,2024-12-31,-0.0408522718980291
29537,2024-03-31,573615,2024-06-30,0.023120346052037298
29537,2024-06-30,540999,2024-09-30,0.008988602416124232
29537,2024-09-30,555951,2024-12-31,0.028562379344224644
29546,2024-03-31,4830730,2024-06-30,0.02309702182525292
29546,2024-06-30,4676795,2024-09-30,0.03247295079626273
29546,2024-09-30,4780698,2024-12-31,0.02650276332438881
29548,2024-03-31,312401,2024-06-30,-0.000522985771488573
29548,2024-06-30,313591,2024-09-30,-0.0014906142116932622
29548,2024-09-30,318016,2024-12-31,0.0026413956984520865
29566,2024-03-31,5057801,2024-06-30,0.07146918318849653
29566,2024-06-30,5178599,2024-09-30,0.05961426785823774
29566,2024-09-30,5212601,2024-12-31,0.056116246234856934
29571,2024-03-31,169102,2024-06-30,0.017433903353349177
29571,2024-06-30,168113,2024-09-30,0.011389147406620085
29571,2024-09-30,172233,2024-12-31,0.01877058410504566
29577,2024-03-31,137034,2024-06-30,0.004817593018044384
29577,2024-06-30,135108,2024-09-30,0.007962930520320216
29577,2024-09-30,137284,2024-12-31,0.01182361846172284
29578,2024-03-31,142464,2024-06-30,0.03218287360911761
29578,2024-06-30,130214,2024-09-30,0.024345290434541554
29578,2024-09-30,127822,2024-12-31,0.0218116432133838
29582,2024-03-31,30926,2024-06-30,-0.0022261805621064832
29582,2024-06-30,30775,2024-09-30,-0.001000457158322446
29582,2024-09-30,30831,2024-12-31,0.0006278127813365749
29613,2024-03-31,992183,2024-06-30,0.00857780632851539
29613,2024-06-30,1004862,2024-09-30,0.009524959903644825
29613,2024-09-30,1010046,2024-12-31,0.007511329919574665
29617,2024-03-31,94570,2024-06-30,-0.001624174464267697
29617,2024-06-30,93821,2024-09-30,0.0005374358765839306
29617,2024-09-30,90457,2024-12-31,-0.00993791786418903
29624,2024-03-31,551461,2024-06-30,0.011758761484325536
29624,2024-06-30,557710,2024-09-30,0.015310610191795632
29624,2024-09-30,551644,2024-12-31,0.007423273861999535
29627,2024-03-31,20517,2024-06-30,0.010892989282519227
29627,2024-06-30,21356,2024-09-30,0.021591694465848306
29627,2024-09-30,21672,2024-12-31,0.010727502119663827
29632,2024-03-31,662424,2024-06-30,0.013124631597919352
29632,2024-06-30,669623,2024-09-30,0.011223897253394514
29632,2024-09-30,667146,2024-12-31,0.013708265590657786
29636,2024-03-31,137138,2024-06-30,0.006017582326641009
29636,2024-06-30,137021,2024-09-30,0.018871656643885938
29636,2024-09-30,140789,2024-12-31,-0.005820368737229831
29637,2024-03-31,301398,2024-06-30,0.004927504030770093
29637,2024-06-30,297928,2024-09-30,0.00695776235081334
29637,2024-09-30,308527,2024-12-31,0.00930787269599977
29645,2024-03-31,170268,2024-06-30,0.01333260291033969
29645,2024-06-30,172924,2024-09-30,0.01662132247988461
29645,2024-09-30,173303,2024-12-31,0.019867945389418905
29657,2024-03-31,589083,2024-06-30,0.014361715088579996
29657,2024-06-30,590418,2024-09-30,0.015045266822391233
29657,2024-09-30,615796,2024-12-31,0.005362825900501302
29672,2024-03-31,520582,2024-06-30,-0.0024918372483743955
29672,2024-06-30,558725,2024-09-30,-0.0008797927141644046
29672,2024-09-30,587242,2024-12-31,0.006174352223858776
29675,2024-03-31,689893,2024-06-30,0.05747568383432899
29675,2024-06-30,734336,2024-09-30,0.004232282525684676
29675,2024-09-30,683894,2024-12-31,0.017068032058824185
29676,2024-03-31,153637,2024-06-30,0.005050543071333775
29676,2024-06-30,158360,2024-09-30,0.007250727973664318
29676,2024-09-30,161812,2024-12-31,0.00024966340308991487
29677,2024-03-31,78595,2024-06-30,0.014690337556431825
29677,2024-06-30,86645,2024-09-30,-0.02506731711535271
29677,2024-09-30,83186,2024-12-31,0.026271675140940132
29679,2024-03-31,159570,2024-06-30,1.0474883298730294e-05
29679,2024-06-30,179147,2024-09-30,-0.007570481514163311
29679,2024-09-30,182208,2024-12-31,-0.0017290443544920485
29683,2024-03-31,2155821,2024-06-30,-0.010455524839999184
29683,2024-06-30,2139539,2024-09-30,-0.00929077588242241
29683,2024-09-30,2139990,2024-12-31,0.0025470386419780416
29685,2024-03-31,26078,2024-06-30,0.004633874491768409
29685,2024-06-30,25873,2024-09-30,-0.00165496513712728
29685,2024-09-30,26151,2024-12-31,-0.0005152575529592739
29690,2024-03-31,404971,2024-06-30,0.02413303657234923
29690,2024-06-30,413692,2024-09-30,0.021258530756510102
29690,2024-09-30,421611,2024-12-31,0.019191551590459464
29691,2024-03-31,77244,2024-06-30,0.014271506675011434
29691,2024-06-30,81075,2024-09-30,0.022519283195800297
29691,2024-09-30,85515,2024-12-31,0.03757312189711276
29692,2024-03-31,272944,2024-06-30,-0.01616692917201989
29692,2024-06-30,296149,2024-09-30,0.004695004076177255
29692,2024-09-30,321404,2024-12-31,0.03203182314657272
29695,2024-03-31,245322,2024-06-30,0.02152201380750185
29695,2024-06-30,249669,2024-09-30,0.019186982475293556
29695,2024-09-30,264781,2024-12-31,0.01892196412793177
29696,2024-03-31,161157,2024-06-30,-0.0025051053199349614
29696,2024-06-30,159897,2024-09-30,0.0027344640660098988
29696,2024-09-30,163098,2024-12-31,0.004230982083418875
29700,2024-03-31,705091,2024-06-30,0.04614610050242224
29700,2024-06-30,741635,2024-09-30,0.04571628986232341
29700,2024-09-30,762202,2024-12-31,0.04337017715276114
29705,2024-03-31,228553,2024-06-30,0.010876153270044892
29705,2024-06-30,237365,2024-09-30,0.028356640117695713
29705,2024-09-30,250313,2024-12-31,0.019993814747587654
29708,2024-03-31,1817180,2024-06-30,0.012142443890387327
29708,2024-06-30,1729830,2024-09-30,-0.003977196942938198
29708,2024-09-30,1759781,2024-12-31,-0.0038575983460164354
29710,2024-03-31,70084,2024-06-30,-0.0025792972477057027
29710,2024-06-30,74716,2024-09-30,-0.0009309924539353754
29710,2024-09-30,74968,2024-12-31,0.0072816247549415515
29731,2024-03-31,87576,2024-06-30,0.020317703788785314
29731,2024-06-30,92706,2024-09-30,0.006473095051671068
29731,2024-09-30,91553,2024-12-31,0.01789732942394803
29743,2024-03-31,160737,2024-06-30,0.014077342063793744
29743,2024-06-30,166017,2024-09-30,0.017873803068352772
29743,2024-09-30,169632,2024-12-31,0.022906206676054846
29744,2024-03-31,428893,2024-06-30,0.04274999983859418
29744,2024-06-30,471240,2024-09-30,0.013327846911433901
29744,2024-09-30,467670,2024-12-31,0.025810553269691925
29745,2024-03-31,173346,2024-06-30,-0.03344578811358721
29745,2024-06-30,176921,2024-09-30,-0.010441878079070334
29745,2024-09-30,174510,2024-12-31,-0.0176380499145104
29749,2024-03-31,147810,2024-06-30,-0.008047210713146359
29749,2024-06-30,151383,2024-09-30,0.0030593965906095064
29749,2024-09-30,158033,2024-12-31,0.004952224104898406
29764,2024-03-31,114588,2024-06-30,-0.006148401982930776
29764,2024-06-30,117499,2024-09-30,0.003670433630094317
29764,2024-09-30,114927,2024-12-31,0.002348294234578382
29771,2024-03-31,600171,2024-06-30,0.01397837382598373
29771,2024-06-30,609965,2024-09-30,0.02224958997999395
29771,2024-09-30,624307,2024-12-31,0.016878833882108462
29772,2024-03-31,168617,2024-06-30,0.0033261955233865395
29772,2024-06-30,170972,2024-09-30,-0.005950030205172958
29772,2024-09-30,166900,2024-12-31,-0.009607406808283474
29774,2024-03-31,34655,2024-06-30,0.0009266317153279198
29774,2024-06-30,33308,2024-09-30,-0.002779554635110945
29774,2024-09-30,33936,2024-12-31,0.0029581222640440354
29782,2024-03-31,876994,2024-06-30,0.007183171990463212
29782,2024-06-30,872189,2024-09-30,0.005822916605742261
29782,2024-09-30,873576,2024-12-31,0.01210411677070383
29783,2024-03-31,378482,2024-06-30,0.02802466833257446
29783,2024-06-30,390651,2024-09-30,0.04661413772018117
29783,2024-09-30,411955,2024-12-31,0.0042850068994343855
29787,2024-03-31,705530,2024-06-30,0.023316835091177046
29787,2024-06-30,711707,2024-09-30,0.023885505856543903
29787,2024-09-30,746746,2024-12-31,0.02456016971590475
29800,2024-03-31,388899,2024-06-30,-0.004216136528816409
29800,2024-06-30,380415,2024-09-30,-0.01109685786301082
29800,2024-09-30,375931,2024-12-31,0.006146338432648462
29804,2024-03-31,175185,2024-06-30,-0.01653854357229489
29804,2024-06-30,184618,2024-09-30,-0.023237470752994725
29804,2024-09-30,171325,2024-12-31,-0.001070804025300525
29809,2024-03-31,678561,2024-06-30,0.004495151540584783
29809,2024-06-30,676413,2024-09-30,0.004619268357601673
29809,2024-09-30,685814,2024-12-31,0.010176022334644836
29813,2024-03-31,123149,2024-06-30,-0.0011226827470474886
29813,2024-06-30,117375,2024-09-30,-0.006812759495236177
29813,2024-09-30,124857,2024-12-31,-0.0021378018164525366
29835,2024-03-31,374974,2024-06-30,0.007211739700303134
29835,2024-06-30,373888,2024-09-30,0.0018329352601221696
29835,2024-09-30,370962,2024-12-31,0.0024745163458336013
29838,2024-03-31,416691,2024-06-30,-0.006338475956345757
29838,2024-06-30,418621,2024-09-30,-0.004151319754577411
29838,2024-09-30,407179,2024-12-31,-0.0077780497169725035
29839,2024-03-31,504187,2024-06-30,0.00966274632354459
29839,2024-06-30,520782,2024-09-30,0.016704343716068267
29839,2024-09-30,528551,2024-12-31,0.014295721942276367
29842,2024-03-31,129827,2024-06-30,0.005251452366140247
29842,2024-06-30,129462,2024-09-30,-0.01192055613982558
29842,2024-09-30,132654,2024-12-31,-0.00858103772648511
29845,2024-03-31,7215093,2024-06-30,0.010579788535995067
29845,2024-06-30,7206690,2024-09-30,0.00604481338157045
29845,2024-09-30,7193528,2024-12-31,0.0024818577817867374
29846,2024-03-31,391564,2024-06-30,0.022818150733898705
29846,2024-06-30,410073,2024-09-30,0.016195255557738354
29846,2024-09-30,419846,2024-12-31,0.009969511651949392
29847,2024-03-31,714884,2024-06-30,0.02557289907169662
29847,2024-06-30,1084220,2024-09-30,0.0660269319101178
29847,2024-09-30,1104719,2024-12-31,0.02907982790415316
29857,2024-03-31,22880,2024-06-30,-0.007839998633726189
29857,2024-06-30,22299,2024-09-30,-0.004357788615932132
29857,2024-09-30,22019,2024-12-31,-0.004430965834394956
29858,2024-03-31,212131,2024-06-30,0.022724886065623714
29858,2024-06-30,230004,2024-09-30,0.03062026813718018
29858,2024-09-30,244043,2024-12-31,0.03062836964522423
29874,2024-03-31,170883,2024-06-30,-0.0013092166005750905
29874,2024-06-30,169739,2024-09-30,-0.027131284793089405
29874,2024-09-30,164520,2024-12-31,-0.011298178692403996
29875,2024-03-31,457125,2024-06-30,-0.006679236222391961
29875,2024-06-30,461356,2024-09-30,0.0016876908064261226
29875,2024-09-30,450097,2024-12-31,0.0032871799975220137
29878,2024-03-31,312660,2024-06-30,0.015141963588500285
29878,2024-06-30,345751,2024-09-30,0.008111389381727528
29878,2024-09-30,328295,2024-12-31,0.013038898823339725
29881,2024-03-31,354148,2024-06-30,0.02333307264342542
29881,2024-06-30,360570,2024-09-30,0.02428584724454352
29881,2024-09-30,356020,2024-12-31,0.033534097837151236
29904,2024-03-31,181054,2024-06-30,-0.012710555030181543
29904,2024-06-30,182693,2024-09-30,-0.005438257081053822
29904,2024-09-30,185497,2024-12-31,-0.00016348186343293346
29907,2024-03-31,206331,2024-06-30,0.006579034240718652
29907,2024-06-30,212397,2024-09-30,0.002040099613917158
29907,2024-09-30,218477,2024-12-31,0.0030300662838059125
29910,2024-03-31,59120,2024-06-30,-0.00277213740773927
29910,2024-06-30,57546,2024-09-30,-0.008910656886579436
29910,2024-09-30,56951,2024-12-31,-0.006748339125010638
29922,2024-03-31,1241822,2024-06-30,0.03672528617152926
29922,2024-06-30,1229537,2024-09-30,0.028787831178359233
29922,2024-09-30,1246826,2024-12-31,0.01700697409436688
29933,2024-03-31,219790,2024-06-30,0.01672616569873052
29933,2024-06-30,216639,2024-09-30,0.020213687717369207
29933,2024-09-30,217170,2024-12-31,0.011599744786960606
29937,2024-03-31,201270,2024-06-30,0.017818715165190502
29937,2024-06-30,204395,2024-09-30,0.0046343494535485965
29937,2024-09-30,202265,2024-12-31,-0.03421965181767481
29941,2024-03-31,676618,2024-06-30,0.026543365791041988
29941,2024-06-30,659695,2024-09-30,0.031308008846932654
29941,2024-09-30,639633,2024-12-31,0.037096746903400306
29950,2024-03-31,76414543,2024-06-30,0.013808523622061935
29950,2024-06-30,75364877,2024-09-30,0.014080799325052285
29950,2024-09-30,76638547,2024-12-31,0.01232711531619875
29961,2024-03-31,1797771,2024-06-30,0.02893658966497946
29961,2024-06-30,1718385,2024-09-30,0.04358673854493364
29961,2024-09-30,1887033,2024-12-31,0.030488072052263754
29966,2024-03-31,7020,2024-06-30,-0.018625796171281003
29966,2024-06-30,6795,2024-09-30,-0.014395190497559954
29966,2024-09-30,7012,2024-12-31,0.007277040630962383
29975,2024-03-31,135935,2024-06-30,0.01283696405675437
29975,2024-06-30,136926,2024-09-30,0.01360066389753125
29975,2024-09-30,141479,2024-12-31,0.013447350728317745
29980,2024-03-31,105057,2024-06-30,-0.0037756986609719704
29980,2024-06-30,103967,2024-09-30,-0.015785618197340825
29980,2024-09-30,103281,2024-12-31,-0.0017311030636875573
29986,2024-03-31,26161,2024-06-30,0.002102848136942696
29986,2024-06-30,26571,2024-09-30,-0.0015060044620463632
29988,2024-03-31,245297,2024-06-30,0.007401937696361791
29988,2024-06-30,239917,2024-09-30,-0.00013364265290862282
29988,2024-09-30,245285,2024-12-31,0.004620903641133368
29995,2024-03-31,524241,2024-06-30,0.007416956012529363
29995,2024-06-30,536204,2024-09-30,0.0048500275714271415
29995,2024-09-30,532226,2024-12-31,0.009838045069634269
30012,2024-03-31,10045328,2024-06-30,-0.001563289867988564
30012,2024-06-30,10175426,2024-09-30,0.005338053989019052
30012,2024-09-30,10321628,2024-12-31,0.007118250415962641
30031,2024-03-31,13307,2024-06-30,-0.0024330983441389242
30031,2024-06-30,12836,2024-09-30,0.0024009876572998966
30031,2024-09-30,13567,2024-12-31,-0.00897788824355508
30039,2024-03-31,916424,2024-06-30,0.009116340213886522
30039,2024-06-30,904247,2024-09-30,0.013659645803068698
30039,2024-09-30,897786,2024-12-31,0.013031630048929663
30043,2024-03-31,53818,2024-06-30,-0.004906286832842829
30043,2024-06-30,52361,2024-09-30,-0.016972876418440534
30043,2024-09-30,50435,2024-12-31,0.00785175640844518
30052,2024-03-31,1351480,2024-06-30,0.0017704478772491697
30052,2024-06-30,1369127,2024-09-30,-0.00794517474126405
30052,2024-09-30,1370657,2024-12-31,0.0016535855550409366
30058,2024-03-31,148896,2024-06-30,0.04312480394526776
30058,2024-06-30,153217,2024-09-30,-0.03848273651643064
30058,2024-09-30,142214,2024-12-31,0.009692349985649372
30065,2024-03-31,17305,2024-06-30,0.008710592023586393
30065,2024-06-30,16928,2024-09-30,-0.009209361027482854
30065,2024-09-30,17772,2024-12-31,0.010481012048697896
30067,2024-03-31,40670,2024-06-30,-0.0030195680147065023
30067,2024-06-30,39472,2024-09-30,-0.007264794907497649
30067,2024-09-30,39623,2024-12-31,-0.000614135475762676
30072,2024-03-31,104902,2024-06-30,-0.00016153900837468713
30072,2024-06-30,105830,2024-09-30,0.000986888678033803
30072,2024-09-30,107114,2024-12-31,0.0027138780771860838
30076,2024-03-31,2846480,2024-06-30,0.0028627507517279675
30076,2024-06-30,2854962,2024-09-30,0.006717830776174651
30076,2024-09-30,2998509,2024-12-31,0.01961334191887997
30084,2024-03-31,135284,2024-06-30,0.010586708273241936
30084,2024-06-30,135287,2024-09-30,0.014217713549081235
30084,2024-09-30,137603,2024-12-31,0.010759165701086263
30085,2024-03-31,348389,2024-06-30,0.028003403147445174
30085,2024-06-30,346960,2024-09-30,-0.0020855103501586287
30085,2024-09-30,354795,2024-12-31,0.007001005330852806
30103,2024-03-31,80956,2024-06-30,-0.002243920120225544
30103,2024-06-30,84652,2024-09-30,-0.014556780963007877
30103,2024-09-30,83660,2024-12-31,-0.009001699507699556
30111,2024-03-31,530452,2024-06-30,0.006546800718753698
30111,2024-06-30,534379,2024-09-30,0.0004705613415048852
30111,2024-09-30,526848,2024-12-31,0.006509895429235697
30117,2024-03-31,522835,2024-06-30,0.019904687321898464
30117,2024-06-30,505855,2024-09-30,0.027809441151099235
30117,2024-09-30,521074,2024-12-31,0.013650063478649496
30119,2024-03-31,188853,2024-06-30,0.0038462593982422897
30119,2024-06-30,188533,2024-09-30,0.004622251292361678
30119,2024-09-30,186666,2024-12-31,0.0051834314674865075
30121,2024-03-31,76003,2024-06-30,-0.0010006975258392483
30121,2024-06-30,75004,2024-09-30,-0.005313760414997767
30121,2024-09-30,71793,2024-12-31,0.007556854338535294
30128,2024-03-31,46961,2024-06-30,-0.0021142653574515785
30128,2024-06-30,49875,2024-09-30,0.0027579005658471814
30128,2024-09-30,49161,2024-12-31,-0.0019240287001441997
30133,2024-03-31,203244,2024-06-30,0.004111831084015605
30133,2024-06-30,199692,2024-09-30,-0.0013283278821961892
30133,2024-09-30,191609,2024-12-31,-0.003677558806123043
30150,2024-03-31,138970,2024-06-30,-0.0016494508107813151
30150,2024-06-30,142061,2024-09-30,-0.011315742765278435
30150,2024-09-30,138471,2024-12-31,-0.01027429116753381
30152,2024-03-31,25037,2024-06-30,0.002066759921204328
30152,2024-06-30,25745,2024-09-30,0.0038723768330624977
30152,2024-09-30,24022,2024-12-31,0.014008336082982933
30154,2024-03-31,210672,2024-06-30,0.0028047611738105196
30154,2024-06-30,209531,2024-09-30,0.001882810000672818
30154,2024-09-30,209979,2024-12-31,0.000976884177688844
30155,2024-03-31,418502,2024-06-30,0.020822812556279532
30155,2024-06-30,430245,2024-09-30,0.009626352053578004
30155,2024-09-30,419515,2024-12-31,-0.0018588585037500863
30166,2024-03-31,81447,2024-06-30,-0.004075301132314675
30166,2024-06-30,79468,2024-09-30,-0.011685265642383286
30166,2024-09-30,81141,2024-12-31,-0.0002937155754943416
30167,2024-03-31,288444,2024-06-30,0.016212634609554005
30167,2024-06-30,288302,2024-09-30,0.012173897133560577
30167,2024-09-30,298136,2024-12-31,0.019628580676003378
30176,2024-03-31,30929,2024-06-30,-0.004935096131651266
30176,2024-06-30,31626,2024-09-30,0.005844460528369508
30176,2024-09-30,31955,2024-12-31,0.0009605329092128628
30182,2024-03-31,1645383,2024-06-30,0.012295812258201215
30182,2024-06-30,1629279,2024-09-30,0.01394448597020962
30182,2024-09-30,1662401,2024-12-31,0.013807217437063809
30183,2024-03-31,140530,2024-06-30,0.0003394144932783733
30183,2024-06-30,140841,2024-09-30,-0.0008876161147310973
30183,2024-09-30,138280,2024-12-31,-0.0005432079924996551
30219,2024-03-31,210163,2024-06-30,0.006534274873911547
30219,2024-06-30,216501,2024-09-30,0.02179416713809587
30219,2024-09-30,211783,2024-12-31,0.007552531557381031
30220,2024-03-31,62346,2024-06-30,0.003116755730129992
30220,2024-06-30,70440,2024-09-30,-0.006507556588780166
30220,2024-09-30,79906,2024-12-31,0.013433663528245704
30260,2024-03-31,452024,2024-06-30,-0.008898465605417757
30260,2024-06-30,456279,2024-09-30,0.0023145847700204586
30260,2024-09-30,454358,2024-12-31,-0.0005299229720492491
30270,2024-03-31,258003,2024-06-30,0.005241980187941803
30270,2024-06-30,259171,2024-09-30,0.0019961076249710103
30270,2024-09-30,262706,2024-12-31,0.009842781598523353
30291,2024-03-31,46053,2024-06-30,-0.00817025867881664
30291,2024-06-30,46401,2024-09-30,-0.006325766663073781
30291,2024-09-30,46187,2024-12-31,-0.0037085535024518924
30303,2024-03-31,1401818,2024-06-30,0.007204825592598425
30303,2024-06-30,1411729,2024-09-30,0.003388663140215657
30303,2024-09-30,1420902,2024-12-31,0.005046149311063024
30313,2024-03-31,231957,2024-06-30,-0.007667671634883686
30313,2024-06-30,224789,2024-09-30,-0.012777489128582821
30313,2024-09-30,226171,2024-12-31,-0.004457426479897582
30315,2024-03-31,369230,2024-06-30,0.017048253040860207
30315,2024-06-30,376432,2024-09-30,0.009279776494646844
30315,2024-09-30,366563,2024-12-31,0.006680019073986408
30332,2024-03-31,38439,2024-06-30,0.010953069120938129
30332,2024-06-30,39069,2024-09-30,0.012785174502130736
30332,2024-09-30,41505,2024-12-31,0.026402209733397703
30339,2024-03-31,62416,2024-06-30,0.07525501506913197
30339,2024-06-30,66852,2024-09-30,0.019624678159839783
30339,2024-09-30,64364,2024-12-31,0.058624411926950774
30350,2024-03-31,445096,2024-06-30,0.015033139411412226
30350,2024-06-30,443952,2024-09-30,0.01348507083728615
30350,2024-09-30,462099,2024-12-31,0.01193517067732922
30357,2024-03-31,116244,2024-06-30,-0.0028229813698016676
30357,2024-06-30,115335,2024-09-30,-0.004541978105304708
30357,2024-09-30,111848,2024-12-31,-0.002029300641706287
30358,2024-03-31,44628,2024-06-30,-0.015196564784262578
30358,2024-06-30,44108,2024-09-30,-0.016063406778597113
30358,2024-09-30,45101,2024-12-31,-0.003915881295545236
30367,2024-03-31,213621,2024-06-30,0.0059520138241726354
30367,2024-06-30,217486,2024-09-30,-0.006544959496284582
30367,2024-09-30,219399,2024-12-31,-0.022487814113067793
30387,2024-03-31,16336935,2024-06-30,0.0018682010897865618
30387,2024-06-30,16322558,2024-09-30,0.0014814928965042036
30387,2024-09-30,16146621,2024-12-31,0.0030832188409546696
30388,2024-03-31,82858,2024-06-30,0.012309719077989771
30388,2024-06-30,80928,2024-09-30,0.007829800524948131
30388,2024-09-30,83867,2024-12-31,0.006323703677123221
30394,2024-03-31,656392,2024-06-30,-0.03283629321555795
30394,2024-06-30,647378,2024-09-30,-0.02926895123496685
30394,2024-09-30,657825,2024-12-31,-0.012091407985372638
30395,2024-03-31,36043,2024-06-30,-0.005856532229138475
30395,2024-06-30,35965,2024-09-30,-0.025443209154435972
30395,2024-09-30,35200,2024-12-31,-0.006625878253352675
30397,2024-03-31,458243,2024-06-30,0.00479166540653705
30397,2024-06-30,471244,2024-09-30,-0.007519868622811524
30397,2024-09-30,464375,2024-12-31,0.003040071515944563
30401,2024-03-31,2207346,2024-06-30,0.018577588700072253
30401,2024-06-30,2246432,2024-09-30,0.016390510640239758
30401,2024-09-30,2274263,2024-12-31,0.015459460125844716
30402,2024-03-31,293122,2024-06-30,0.018806990400314028
30402,2024-06-30,291053,2024-09-30,0.008322848402549123
30402,2024-09-30,288859,2024-12-31,0.010354143631261277
30422,2024-03-31,249024,2024-06-30,-0.005873671897850302
30422,2024-06-30,232175,2024-09-30,0.005652954108508174
30422,2024-09-30,223849,2024-12-31,-0.00699870860183939
30428,2024-03-31,519463,2024-06-30,0.0008130673889751743
30428,2024-06-30,511257,2024-09-30,-0.006144747521073137
30428,2024-09-30,507511,2024-12-31,-0.0036923452282184364
30429,2024-03-31,134164,2024-06-30,0.007862116101171277
30429,2024-06-30,136797,2024-09-30,-0.005199635454735528
30429,2024-09-30,140374,2024-12-31,0.003060718773044811
30431,2024-03-31,258069,2024-06-30,0.015969616920475483
30431,2024-06-30,259758,2024-09-30,0.02851692011496073
30431,2024-09-30,275134,2024-12-31,0.012045746596487189
30434,2024-03-31,70022,2024-06-30,-0.02413524559926029
30434,2024-06-30,70830,2024-09-30,-0.0019126970091621785
30434,2024-09-30,67829,2024-12-31,-0.00757171547446619
30441,2024-03-31,1000891,2024-06-30,-0.004242136345131024
30441,2024-06-30,967447,2024-09-30,-0.012241689150047967
30441,2024-09-30,976345,2024-12-31,-0.0032502200925917566
30447,2024-03-31,42138,2024-06-30,-0.0023829921990987206
30447,2024-06-30,40040,2024-09-30,-0.014464523091127375
30447,2024-09-30,38241,2024-12-31,-0.021592246665290932
30470,2024-03-31,2605759,2024-06-30,0.0184430858909292
30470,2024-06-30,2610740,2024-09-30,0.011714669281974911
30470,2024-09-30,2634554,2024-12-31,0.012292505533849621
30492,2024-03-31,22517,2024-06-30,-0.0120035499589588
30492,2024-06-30,21581,2024-09-30,-0.008100046456900021
30492,2024-09-30,22452,2024-12-31,0.03948599152937708
30516,2024-03-31,164095,2024-06-30,0.031006527241516417
30516,2024-06-30,172394,2024-09-30,0.028988309674321356
30516,2024-09-30,176884,2024-12-31,0.0607192606484642
30519,2024-03-31,184844,2024-06-30,-0.02319352895343225
30519,2024-06-30,182301,2024-09-30,-0.01549386070266619
30530,2024-03-31,599302,2024-06-30,0.005477827860764879
30530,2024-06-30,594456,2024-09-30,0.0017683127143249117
30530,2024-09-30,590569,2024-12-31,0.001594349046323732
30544,2024-03-31,929614,2024-06-30,0.0008886408968022066
30544,2024-06-30,929478,2024-09-30,0.0025531966300565115
30544,2024-09-30,937884,2024-12-31,0.0033016580640000764
30551,2024-03-31,124004,2024-06-30,-0.005825922359820631
30551,2024-06-30,122154,2024-09-30,-0.007776713553679699
30551,2024-09-30,121698,2024-12-31,0.0075675747830415765
30585,2024-03-31,59272,2024-06-30,-0.001050688912227033
30585,2024-06-30,60370,2024-09-30,0.0025350167428471004
30585,2024-09-30,60469,2024-12-31,0.0059251691310852695
30595,2024-03-31,169642,2024-06-30,0.014600577013358922
30595,2024-06-30,163314,2024-09-30,0.016609606800454976
30595,2024-09-30,164346,2024-12-31,0.013506839380006484
30619,2024-03-31,105876,2024-06-30,0.010544327177825203
30619,2024-06-30,106007,2024-09-30,0.009878033651194608
30619,2024-09-30,106323,2024-12-31,0.009266569352604082
30637,2024-03-31,245543,2024-06-30,-0.004361288601828679
30637,2024-06-30,242352,2024-09-30,-0.008685187351602315
30637,2024-09-30,248411,2024-12-31,0.0066790597591290255
30656,2024-03-31,60713,2024-06-30,0.011672897903659584
30656,2024-06-30,59611,2024-09-30,0.005004544706537289
30656,2024-09-30,58275,2024-12-31,0.0031315745263379873
30680,2024-03-31,296626,2024-06-30,0.010929263598050827
30680,2024-06-30,297436,2024-09-30,0.005501120293409775
30680,2024-09-30,298278,2024-12-31,0.004416993953610711
30688,2024-03-31,77393,2024-06-30,0.009212012491250024
30688,2024-06-30,78944,2024-09-30,0.009468764210176398
30688,2024-09-30,82050,2024-12-31,0.0078011710087917165
30692,2024-03-31,136281,2024-06-30,-0.004030396698200294
30692,2024-06-30,130320,2024-09-30,0.00241461748499205
30692,2024-09-30,131896,2024-12-31,0.055524931111266336
30704,2024-03-31,782817,2024-06-30,-0.00039601218439480124
30704,2024-06-30,796892,2024-09-30,0.005977136266662782
30704,2024-09-30,802525,2024-12-31,0.009769953087304736
30707,2024-03-31,125773,2024-06-30,-0.0003592144646506168
30707,2024-06-30,124967,2024-09-30,0.002593112127654126
30707,2024-09-30,123943,2024-12-31,0.006584920514437042
30722,2024-03-31,259379,2024-06-30,0.005184959540450841
30722,2024-06-30,268171,2024-09-30,0.011861980739422023
30722,2024-09-30,245326,2024-12-31,0.00018307509916496266
30776,2024-03-31,6374764,2024-06-30,0.12151109798196848
30776,2024-06-30,6434874,2024-09-30,0.11443371808077708
30776,2024-09-30,5877005,2024-12-31,0.15930754820722226
30788,2024-03-31,20576962,2024-06-30,0.017782949786504028
30788,2024-06-30,20264352,2024-09-30,0.00809050466581658
30788,2024-09-30,20884862,2024-12-31,0.024477036612426437
30812,2024-03-31,223657,2024-06-30,0.008200991368532267
30812,2024-06-30,224997,2024-09-30,0.009859388897423254
30812,2024-09-30,234279,2024-12-31,0.0053992801677934165
30819,2024-03-31,205737,2024-06-30,0.03246695109857773
30819,2024-06-30,203416,2024-09-30,0.03689906332317279
30819,2024-09-30,207236,2024-12-31,0.03515828782296593
30836,2024-03-31,1626465,2024-06-30,0.006398031742935912
30836,2024-06-30,1603376,2024-09-30,0.004255273627091003
30836,2024-09-30,1695928,2024-12-31,0.0008327258562243567
30864,2024-03-31,242242,2024-06-30,-0.014832795693535395
30878,2024-03-31,74987,2024-06-30,-5.6309665550295586e-05
30878,2024-06-30,76575,2024-09-30,-0.0007511057175414264
30878,2024-09-30,76246,2024-12-31,0.0015442016049693815
30879,2024-03-31,917657,2024-06-30,-0.007509493168955342
30879,2024-06-30,894738,2024-09-30,0.005726339638526896
30879,2024-09-30,877083,2024-12-31,-0.007451034611065345
30889,2024-03-31,65505,2024-06-30,0.007092858751539871
30889,2024-06-30,67804,2024-09-30,0.008969063537111653
30889,2024-09-30,70763,2024-12-31,0.01097633810609733
30895,2024-03-31,2515727,2024-06-30,0.04304747499270777
30895,2024-06-30,2411567,2024-09-30,0.04064511778866609
30895,2024-09-30,2451774,2024-12-31,0.038056783093574124
30943,2024-03-31,98861,2024-06-30,-0.012160632355328594
30943,2024-06-30,96573,2024-09-30,-0.014715944971730607
30943,2024-09-30,97078,2024-12-31,-0.008587359611964733
30953,2024-03-31,2125932,2024-06-30,-0.0013824554603463943
30953,2024-06-30,2086692,2024-09-30,0.00031822341297159536
30953,2024-09-30,2086497,2024-12-31,-0.011652594610162461
30969,2024-03-31,155920,2024-06-30,0.012368398700919133
30969,2024-06-30,161129,2024-09-30,0.016493982570726585
30969,2024-09-30,159168,2024-12-31,0.010168850818180641
30976,2024-03-31,165905,2024-06-30,0.006210606745487352
30976,2024-06-30,157153,2024-09-30,-0.006624843337555012
30976,2024-09-30,162825,2024-12-31,0.002925151739141809
30987,2024-03-31,115580,2024-06-30,0.0070432255301422116
30987,2024-06-30,115141,2024-09-30,0.007234669819773054
30987,2024-09-30,113798,2024-12-31,0.006755876323244029
30996,2024-03-31,568953,2024-06-30,0.04104843594293347
30996,2024-06-30,610527,2024-09-30,-0.00025750534474745204
30996,2024-09-30,570520,2024-12-31,0.044550035694757135
31028,2024-03-31,510235,2024-06-30,0.010716310040458317
31028,2024-06-30,525981,2024-09-30,0.008218971932484087
31028,2024-09-30,531835,2024-12-31,0.0064505249697461905
31043,2024-03-31,243244,2024-06-30,-0.0021426657073951535
31043,2024-06-30,249787,2024-09-30,-0.004227294679869254
31043,2024-09-30,249449,2024-12-31,0.0034111939664071026
31077,2024-03-31,235689,2024-06-30,0.0032185004343061783
31077,2024-06-30,235744,2024-09-30,-0.0024776636420256715
31077,2024-09-30,229823,2024-12-31,-0.0013186246417126008
31083,2024-03-31,136474,2024-06-30,0.018668001266825583
31083,2024-06-30,138197,2024-09-30,0.011144123040021306
31083,2024-09-30,136364,2024-12-31,0.007529672607723566
31089,2024-03-31,110085,2024-06-30,0.00731051848612444
31089,2024-06-30,110015,2024-09-30,0.00137969947719884
31089,2024-09-30,110518,2024-12-31,0.0013383761660439096
31090,2024-03-31,34698,2024-06-30,0.002202477018095525
31090,2024-06-30,34691,2024-09-30,0.001341275399956971
31090,2024-09-30,35414,2024-12-31,0.008901477553142524
31100,2024-03-31,1231924,2024-06-30,0.010909201802149819
31100,2024-06-30,1260393,2024-09-30,0.015335122034016458
31100,2024-09-30,1280523,2024-12-31,0.012353566165694054
31121,2024-03-31,199512,2024-06-30,0.0014762525914595365
31121,2024-06-30,190751,2024-09-30,-0.02091669842885502
31121,2024-09-30,192225,2024-12-31,-0.006801209420562679
31127,2024-03-31,112563,2024-06-30,-0.0012455186319317994
31127,2024-06-30,123923,2024-09-30,-0.009357860672855748
31127,2024-09-30,133725,2024-12-31,0.019442684467260125
31146,2024-03-31,300606,2024-06-30,0.014258179091135838
31146,2024-06-30,297945,2024-09-30,0.015266041546044733
31146,2024-09-30,304947,2024-12-31,0.016996332024426186
31158,2024-03-31,228460,2024-06-30,0.010161816433863055
31158,2024-06-30,232659,2024-09-30,0.0017737254203933736
31158,2024-09-30,227894,2024-12-31,0.0041989379353199125
31184,2024-03-31,300575,2024-06-30,-0.0018956872666653745
31184,2024-06-30,302426,2024-09-30,-0.0028105214523977294
31184,2024-09-30,305489,2024-12-31,0.0019121745885965623
31189,2024-03-31,1611631,2024-06-30,0.014788918778248032
31189,2024-06-30,1627977,2024-09-30,0.027025499212962906
31189,2024-09-30,1898733,2024-12-31,0.004610250277588889
31197,2024-03-31,47434,2024-06-30,-0.015588937152999473
31197,2024-06-30,54352,2024-09-30,-0.011104755712319675
31197,2024-09-30,55072,2024-12-31,-0.0036151090402676772
31198,2024-03-31,140361,2024-06-30,-0.02506299095960899
31198,2024-06-30,142534,2024-09-30,-0.008157229989526534
31198,2024-09-30,146533,2024-12-31,0.008166340461816178
31217,2024-03-31,385798,2024-06-30,0.015905962022529044
31217,2024-06-30,395029,2024-09-30,0.020863133745782747
31217,2024-09-30,392675,2024-12-31,0.019560563496867557
31223,2024-03-31,1013787,2024-06-30,0.0029590762364533076
31223,2024-06-30,1017728,2024-09-30,0.008557389876429063
31223,2024-09-30,1033876,2024-12-31,0.014907282648098973
31232,2024-03-31,59196,2024-06-30,-0.0064601506320810225
31232,2024-06-30,59722,2024-09-30,-0.00041299945799030133
31232,2024-09-30,58937,2024-12-31,-0.0052865349986744746
31236,2024-03-31,460284,2024-06-30,0.015733634751454003
31236,2024-06-30,471232,2024-09-30,0.011911925003914406
31236,2024-09-30,477203,2024-12-31,0.013834092794129057
31249,2024-03-31,152294,2024-06-30,-0.01732721121715068
31249,2024-06-30,148906,2024-09-30,-0.010076598363673653
31249,2024-09-30,148791,2024-12-31,-0.008021006481259975
31266,2024-03-31,21569,2024-06-30,0.016148939962310375
31266,2024-06-30,21801,2024-09-30,0.023169372976455486
31266,2024-09-30,21967,2024-12-31,0.010496209952644013
31267,2024-03-31,44912,2024-06-30,-0.002135634815672731
31267,2024-06-30,47615,2024-09-30,-0.002805112122959612
31267,2024-09-30,49829,2024-12-31,0.015188386405087616
31272,2024-03-31,267104,2024-06-30,0.02147072272153047
31272,2024-06-30,283453,2024-09-30,0.018601947274556642
31272,2024-09-30,268942,2024-12-31,0.0391580208063499
31313,2024-03-31,3397025,2024-06-30,0.04121932667373454
31313,2024-06-30,3530461,2024-09-30,0.04953186929636785
31313,2024-09-30,3237626,2024-12-31,0.060288581773543536
31329,2024-03-31,67986,2024-06-30,-2.7661280728083956e-05
31329,2024-06-30,68925,2024-09-30,0.0012028434509520642
31329,2024-09-30,68666,2024-12-31,-0.0018292092933049945
31345,2024-03-31,15498,2024-06-30,0.028724007645016116
31345,2024-06-30,15482,2024-09-30,0.0008862991512837747
31345,2024-09-30,15753,2024-12-31,0.008348067915103619
31361,2024-03-31,674220,2024-06-30,0.08699763470646067
31361,2024-06-30,706597,2024-09-30,0.07016322806874317
31361,2024-09-30,714630,2024-12-31,-0.054472697258040034
31390,2024-03-31,752466,2024-06-30,-0.0059819300183880444
31390,2024-06-30,753065,2024-09-30,0.002729576892464281
31390,2024-09-30,713217,2024-12-31,0.008345874842824036
31406,2024-03-31,174807,2024-06-30,0.009660402645146608
31406,2024-06-30,179484,2024-09-30,0.01272303455543314
31406,2024-09-30,179593,2024-12-31,0.0076828942888646345
31409,2024-03-31,26345,2024-06-30,0.00303965252810499
31409,2024-06-30,26854,2024-09-30,0.0037756744856507203
31409,2024-09-30,27399,2024-12-31,0.00698315417949272
31410,2024-03-31,131620,2024-06-30,0.009209508327598707
31410,2024-06-30,133316,2024-09-30,0.0009335815938089357
31410,2024-09-30,135449,2024-12-31,-0.009248147049479308
31461,2024-03-31,665397,2024-06-30,0.01589021270387618
31461,2024-06-30,665268,2024-09-30,-0.017781104818491753
31461,2024-09-30,669067,2024-12-31,0.015475121072393669
31469,2024-03-31,9561804,2024-06-30,0.0032583199535888693
31469,2024-06-30,9615826,2024-09-30,0.005789764210748456
31469,2024-09-30,9619976,2024-12-31,0.0029407297163951637
31479,2024-03-31,135023,2024-06-30,-0.001596544975228338
31479,2024-06-30,139661,2024-09-30,0.009156010158715843
31479,2024-09-30,136221,2024-12-31,-0.00032606713793710416
31485,2024-03-31,444338,2024-06-30,0.041517033869860075
31485,2024-06-30,450176,2024-09-30,0.039046582105599734
31485,2024-09-30,440362,2024-12-31,0.058447381351247614
31488,2024-03-31,152682,2024-06-30,-0.009244090929384387
31488,2024-06-30,153507,2024-09-30,-0.009020710540157682
31488,2024-09-30,150003,2024-12-31,0.0063445382531142095
31516,2024-03-31,521313,2024-06-30,0.010694526209316322
31516,2024-06-30,493944,2024-09-30,0.014795534974736622
31516,2024-09-30,528812,2024-12-31,0.008488576264349611
31539,2024-03-31,151860,2024-06-30,0.009460380150322637
31539,2024-06-30,206728,2024-09-30,0.012006168217170389
31539,2024-09-30,204323,2024-12-31,0.0064308811438688685
31545,2024-03-31,117808,2024-06-30,0.0057247773770102844
31545,2024-06-30,126341,2024-09-30,0.003891375247666136
31545,2024-09-30,120713,2024-12-31,0.008589042220667248
31628,2024-03-31,55615906,2024-06-30,0.028570932645192226
31628,2024-06-30,56986522,2024-09-30,0.02561070480017327
31628,2024-09-30,58823367,2024-12-31,0.02638424769284505
31694,2024-03-31,302831,2024-06-30,0.009969991291139717
31694,2024-06-30,307075,2024-09-30,0.011904793809307493
31694,2024-09-30,314327,2024-12-31,0.01507534942745395
31711,2024-03-31,92699,2024-06-30,0.011811649123330917
31711,2024-06-30,99496,2024-09-30,0.021883316413293524
31711,2024-09-30,120614,2024-12-31,0.018812543219560444
31723,2024-03-31,18989,2024-06-30,0.010299720187574813
31723,2024-06-30,18171,2024-09-30,0.0013672550387142126
31723,2024-09-30,18329,2024-12-31,0.004532135833470793
31762,2024-03-31,135553,2024-06-30,0.01787979758206923
31762,2024-06-30,142583,2024-09-30,0.019210893754287313
31762,2024-09-30,141937,2024-12-31,0.027442319612337205
31774,2024-03-31,34296,2024-06-30,-0.006013534824465753
31774,2024-06-30,35284,2024-09-30,-0.010335695630521486
31774,2024-09-30,34795,2024-12-31,-0.0008944629335705051
31823,2024-03-31,222543,2024-06-30,0.00017848036016214358
31823,2024-06-30,227219,2024-09-30,0.004796122178848003
31823,2024-09-30,224783,2024-12-31,-0.022585837486915616
31840,2024-03-31,757396,2024-06-30,0.03575092821753661
31840,2024-06-30,737482,2024-09-30,0.06191785659141743
31840,2024-09-30,793793,2024-12-31,0.03372159688978446
31864,2024-03-31,162885,2024-06-30,-0.032777463539521795
31864,2024-06-30,183485,2024-09-30,0.041376777939144606
31864,2024-09-30,216675,2024-12-31,0.07938989318727488
31900,2024-03-31,112766,2024-06-30,0.004964551369511898
31900,2024-06-30,116641,2024-09-30,0.00703093848090115
31900,2024-09-30,117471,2024-12-31,0.0071048053637279745
31905,2024-03-31,182161,2024-06-30,0.0023544407202678126
31905,2024-06-30,181884,2024-09-30,0.007204728797513282
31905,2024-09-30,182405,2024-12-31,0.008428905640832
31928,2024-03-31,351021,2024-06-30,0.029424975476523053
31928,2024-06-30,345946,2024-09-30,0.02385577025415173
31928,2024-09-30,350143,2024-12-31,0.01843565542401572
31936,2024-03-31,404581,2024-06-30,0.03688163897694386
31936,2024-06-30,417456,2024-09-30,0.03714081343132707
31936,2024-09-30,411366,2024-12-31,0.03784497564059328
31945,2024-03-31,5355182,2024-06-30,0.007526773889473806
31945,2024-06-30,5276981,2024-09-30,0.0010581422038340139
31945,2024-09-30,5264205,2024-12-31,0.005478286077480817
31972,2024-03-31,40618,2024-06-30,0.00475629485471436
31972,2024-06-30,41244,2024-09-30,0.002453228738423395
31972,2024-09-30,43602,2024-12-31,-0.0022936460613400783
31994,2024-03-31,154591,2024-06-30,0.0043147492242836625
31994,2024-06-30,157914,2024-09-30,0.0074902717588402066
31994,2024-09-30,158878,2024-12-31,0.005641755763367731
31999,2024-03-31,466591,2024-06-30,-0.01618120630282085
31999,2024-06-30,457822,2024-09-30,-0.003889868696099514
31999,2024-09-30,457829,2024-12-31,0.010070810884691996
32018,2024-03-31,68248,2024-06-30,0.009432009062692388
32018,2024-06-30,72983,2024-09-30,0.008779714475794467
32018,2024-09-30,72724,2024-12-31,0.006924455013179751
32025,2024-03-31,236992,2024-06-30,0.019587449557835347
32025,2024-06-30,232797,2024-09-30,0.03614260811340115
32025,2024-09-30,238848,2024-12-31,0.027483316899073906
32082,2024-03-31,226971,2024-06-30,-0.00031163254907740453
32082,2024-06-30,217650,2024-09-30,0.06589953516408853
32082,2024-09-30,227276,2024-12-31,0.04672953132385514
32084,2024-03-31,815480,2024-06-30,0.05423308123273771
32084,2024-06-30,818016,2024-09-30,0.03771073251377307
32084,2024-09-30,839276,2024-12-31,0.0473906500642785
32135,2024-03-31,321421,2024-06-30,-0.010251901354814368
32135,2024-06-30,319532,2024-09-30,0.012729212548681252
32135,2024-09-30,323266,2024-12-31,0.011928436286362826
32172,2024-03-31,15269562,2024-06-30,-0.002310634152764451
32172,2024-06-30,14698309,2024-09-30,-0.02259518689418616
32172,2024-09-30,14559529,2024-12-31,-0.013184554675467242
32188,2024-03-31,100647000,2024-06-30,-0.00930451610497551
32188,2024-06-30,98094000,2024-09-30,-0.013686972256694109
32188,2024-09-30,95409000,2024-12-31,0.0015007588904765426
32203,2024-03-31,939202,2024-06-30,0.05132826113616728
32203,2024-06-30,966587,2024-09-30,0.04623842352293684
32203,2024-09-30,1002771,2024-12-31,0.03675855005234746
32232,2024-03-31,2019283,2024-06-30,-0.01961827421701942
32232,2024-06-30,2028043,2024-09-30,-0.008123394364166887
32232,2024-09-30,2075626,2024-12-31,0.0010096500494746765
32242,2024-03-31,880780,2024-06-30,0.009101262261612298
32242,2024-06-30,840702,2024-09-30,-0.008195455432958892
32242,2024-09-30,897166,2024-12-31,0.01680293779675038
32245,2024-03-31,9598637,2024-06-30,0.012105755305401252
32245,2024-06-30,9501226,2024-09-30,0.013714851348597271
32245,2024-09-30,9666412,2024-12-31,0.016024514403616793
32257,2024-03-31,270909,2024-06-30,-0.007502480508345182
32257,2024-06-30,265128,2024-09-30,-0.001642346787544736
32257,2024-09-30,259957,2024-12-31,-0.002549034362760191
32277,2024-03-31,89712,2024-06-30,-0.0019302796330081752
32277,2024-06-30,88303,2024-09-30,-0.010029288958204284
32277,2024-09-30,95671,2024-12-31,0.011782241947885658
32282,2024-03-31,920279,2024-06-30,0.017392145428713365
32282,2024-06-30,917730,2024-09-30,0.015059782091808504
32282,2024-09-30,909276,2024-12-31,0.011500854647794751
32286,2024-03-31,70543,2024-06-30,-0.00045300162545201084
32286,2024-06-30,72756,2024-09-30,-0.004721426257029365
32286,2024-09-30,73588,2024-12-31,0.0002027445280479728
32292,2024-03-31,101363,2024-06-30,0.019104047040145074
32292,2024-06-30,101459,2024-09-30,0.017754372253884702
32292,2024-09-30,99364,2024-12-31,0.01913982046481255
32293,2024-03-31,107096,2024-06-30,-0.006912002312310548
32293,2024-06-30,105678,2024-09-30,-0.007029094740379913
32293,2024-09-30,106020,2024-12-31,-0.0068188171444414835
32296,2024-03-31,3110950,2024-06-30,0.008703491255103123
32296,2024-06-30,3165120,2024-09-30,0.02911509879465129
32296,2024-09-30,3281508,2024-12-31,0.036409095770259525
32306,2024-03-31,16363,2024-06-30,-0.009840965198417739
32306,2024-06-30,15789,2024-09-30,-0.01371646417300098
32306,2024-09-30,16246,2024-12-31,-0.000625954653184584
32307,2024-03-31,61526,2024-06-30,-0.005745655158511046
32307,2024-06-30,60329,2024-09-30,-0.008418523326366547
32307,2024-09-30,61759,2024-12-31,0.0022306434945732847
32348,2024-03-31,145449,2024-06-30,0.0047645100441146395
32348,2024-06-30,152204,2024-09-30,0.01676602750767506
32348,2024-09-30,160474,2024-12-31,0.011581529048723756
32360,2024-03-31,259842,2024-06-30,0.006351245592308092
32360,2024-06-30,259584,2024-09-30,-0.011830965633402595
32360,2024-09-30,269382,2024-12-31,-0.0028592911324889373
32363,2024-03-31,736288,2024-06-30,0.012191963265510917
32363,2024-06-30,694904,2024-09-30,-0.02189669488214663
32363,2024-09-30,762385,2024-12-31,0.029311644574221463
32441,2024-03-31,402714,2024-06-30,0.01631659795077457
32441,2024-06-30,403258,2024-09-30,0.013286935420579845
32441,2024-09-30,409891,2024-12-31,0.017805739319232926
32459,2024-03-31,464664,2024-06-30,0.03749534164258713
32459,2024-06-30,477597,2024-09-30,0.0352031258954248
32459,2024-09-30,491432,2024-12-31,0.03093573826946298
32489,2024-03-31,6513439,2024-06-30,0.0401068544932508
32489,2024-06-30,6554267,2024-09-30,0.02400957409580616
32489,2024-09-30,6459691,2024-12-31,0.02192364171506255
32526,2024-03-31,8049276,2024-06-30,0.006576912611196122
32526,2024-06-30,8091244,2024-09-30,0.005221468083639399
32526,2024-09-30,8044131,2024-12-31,0.003318812009665428
32527,2024-03-31,687041,2024-06-30,-0.013415082459493516
32527,2024-06-30,691263,2024-09-30,-0.015738185497040817
32527,2024-09-30,682812,2024-12-31,-0.014767768643320807
32532,2024-03-31,197798,2024-06-30,0.009519797336515489
32532,2024-06-30,194207,2024-09-30,0.004142466255590152
32532,2024-09-30,195253,2024-12-31,0.04383681795403361
32541,2024-03-31,75528613,2024-06-30,-0.036577966961618684
32541,2024-06-30,79682020,2024-09-30,0.027998795913078342
32541,2024-09-30,83625177,2024-12-31,0.023999871609465213
32551,2024-03-31,7630455,2024-06-30,0.0448167224691019
32551,2024-06-30,8215812,2024-09-30,0.05970711668028265
32551,2024-09-30,9532342,2024-12-31,0.05972865207544074
32574,2024-03-31,2400467,2024-06-30,-0.06407204354560755
32574,2024-06-30,2402420,2024-09-30,-0.02114422962602486
32574,2024-09-30,3529856,2024-12-31,-0.014657917815330147
32612,2024-03-31,3056465,2024-06-30,-0.03682137461004562
32612,2024-06-30,2997947,2024-09-30,0.002731750956217613
32612,2024-09-30,3125069,2024-12-31,0.05287322607650078
32629,2024-03-31,1144684,2024-06-30,0.03289682174883327
32629,2024-06-30,1168483,2024-09-30,0.015896204831144463
32629,2024-09-30,1181666,2024-12-31,0.047508712618074156
32647,2024-03-31,2072671,2024-06-30,0.011227268298480744
32647,2024-06-30,2471071,2024-09-30,0.004598843304941908
32647,2024-09-30,2499704,2024-12-31,0.0034897418737967318
32718,2024-03-31,951976,2024-06-30,-0.008976132802293644
32718,2024-06-30,929689,2024-09-30,-0.02579148178708884
32718,2024-09-30,908056,2024-12-31,-0.025826091452950832
32773,2024-03-31,17813391,2024-06-30,0.006663729841126002
32773,2024-06-30,17684482,2024-09-30,0.001620650592189452
32773,2024-09-30,21362712,2024-12-31,0.02971224546763296
32779,2024-03-31,3292791,2024-06-30,0.032042494513981466
32779,2024-06-30,3237045,2024-09-30,0.027895493607935716
32779,2024-09-30,3323328,2024-12-31,0.03086349725178812
32838,2024-03-31,579516,2024-06-30,0.0014987987156771785
32908,2024-03-31,59866,2024-06-30,-0.010577514768039604
32908,2024-06-30,61805,2024-09-30,-0.004993638010235033
32908,2024-09-30,64034,2024-12-31,-0.0008801356725888444
32912,2024-03-31,1612430,2024-06-30,-0.00633510462520096
32912,2024-06-30,1613392,2024-09-30,-0.004606456555480183
32912,2024-09-30,1594465,2024-12-31,-0.010064271960919989
32941,2024-03-31,2507486,2024-06-30,0.04138418157781647
32941,2024-06-30,2711662,2024-09-30,0.038504430917185695
32941,2024-09-30,2713606,2024-12-31,0.05014145917567766
32968,2024-03-31,51451,2024-06-30,-0.00761109301078958
32968,2024-06-30,50690,2024-09-30,0.005571333559205544
32968,2024-09-30,59290,2024-12-31,-0.01028712115534025
32974,2024-03-31,2754213,2024-06-30,0.03573765445794562
32974,2024-06-30,2879531,2024-09-30,0.027693046504046047
32974,2024-09-30,2848778,2024-12-31,0.023561378323806042
32992,2024-03-31,175919000,2024-06-30,0.002173369270835375
32992,2024-06-30,172199000,2024-09-30,0.0023407210933602727
32992,2024-09-30,180157000,2024-12-31,0.030735438583637198
33005,2024-03-31,1825408,2024-06-30,0.010254118745833162
33005,2024-06-30,1961347,2024-09-30,0.016324628199113525
33005,2024-09-30,1966532,2024-12-31,0.012061802469314568
33009,2024-03-31,497226,2024-06-30,-0.0006355206040577566
33009,2024-06-30,515938,2024-09-30,0.02147808278714707
33009,2024-09-30,520402,2024-12-31,0.0007388782686831193
33010,2024-03-31,290929,2024-06-30,0.04321941914929148
33010,2024-06-30,295075,2024-09-30,0.03679173308531747
33010,2024-09-30,291745,2024-12-31,0.14323878597075818
33013,2024-03-31,44474,2024-06-30,0.01161937642203113
33013,2024-06-30,46001,2024-09-30,-0.004992071106210539
33013,2024-09-30,45289,2024-12-31,0.004728990279785055
33026,2024-03-31,185485,2024-06-30,0.011573879363142917
33026,2024-06-30,186492,2024-09-30,0.014539563078768915
33026,2024-09-30,184418,2024-12-31,0.015568258789633497
33103,2024-03-31,191603,2024-06-30,0.03422349748711157
33103,2024-06-30,193524,2024-09-30,0.014766819309458
33103,2024-09-30,221431,2024-12-31,0.030883578411239503
33111,2024-03-31,1190629,2024-06-30,-0.008661840479531974
33111,2024-06-30,1314041,2024-09-30,0.05086796761030396
33111,2024-09-30,1444743,2024-12-31,-0.1834741385173567
33119,2024-03-31,1639049,2024-06-30,0.04555701042924516
33119,2024-06-30,1607490,2024-09-30,0.04126393543152476
33119,2024-09-30,1611384,2024-12-31,0.058781657349893504
33124,2024-03-31,363106000,2024-06-30,0.03805567326064186
33124,2024-06-30,356889000,2024-09-30,0.0361318740436791
33124,2024-09-30,370460000,2024-12-31,0.04913803754548029
33131,2024-03-31,102060,2024-06-30,0.005088816605038645
33131,2024-06-30,105049,2024-09-30,-0.00746099247945548
33131,2024-09-30,108760,2024-12-31,-0.016183890548561074
33136,2024-03-31,523623,2024-06-30,0.016332368538204304
33136,2024-06-30,523637,2024-09-30,0.021654805188807285
33136,2024-09-30,538990,2024-12-31,0.018960371599431574
33183,2024-03-31,41013,2024-06-30,-0.006136457123336183
33183,2024-06-30,38947,2024-09-30,-0.0010144416082502785
33183,2024-09-30,44543,2024-12-31,-0.022681376149246625
33188,2024-03-31,1531713,2024-06-30,0.017728019526911724
33188,2024-06-30,1403105,2024-09-30,-0.0034373460779115665
33188,2024-09-30,1494627,2024-12-31,0.003708031877345369
33204,2024-03-31,585265,2024-06-30,0.02676629546227526
33204,2024-06-30,602900,2024-09-30,0.02521282813811985
33204,2024-09-30,590491,2024-12-31,0.020966791406553845
33216,2024-03-31,2449910,2024-06-30,0.012337183057526981
33216,2024-06-30,2480330,2024-09-30,0.01238760889532711
33216,2024-09-30,2642617,2024-12-31,0.00929240669613887
33306,2024-03-31,43630143,2024-06-30,0.04453483484732829
33306,2024-06-30,43791815,2024-09-30,0.043560730439117665
33306,2024-09-30,46874584,2024-12-31,0.03828825503777281
33380,2024-03-31,409061,2024-06-30,0.01973863668152277
33380,2024-06-30,403273,2024-09-30,0.03364871966759915
33380,2024-09-30,419309,2024-12-31,0.022488883385847914
33418,2024-03-31,783873,2024-06-30,0.03979889943116072
33418,2024-06-30,797623,2024-09-30,0.014887286133596
33418,2024-09-30,826469,2024-12-31,0.019235464382627618
33440,2024-03-31,3310669,2024-06-30,0.015105809038191977
33440,2024-06-30,3269418,2024-09-30,0.02508154853705291
33440,2024-09-30,3315951,2024-12-31,0.01229393746712552
33450,2024-03-31,540006,2024-06-30,0.01260486076414285
33450,2024-06-30,541294,2024-09-30,0.023444413362971456
33450,2024-09-30,558143,2024-12-31,0.01904941771772144
33457,2024-03-31,1612826,2024-06-30,0.01167628067666564
33457,2024-06-30,1645361,2024-09-30,0.01917246188162067
33457,2024-09-30,1690813,2024-12-31,0.022124343538110172
33470,2024-03-31,279161,2024-06-30,0.03505690230833015
33470,2024-06-30,290934,2024-09-30,0.023328589456152862
33470,2024-09-30,292131,2024-12-31,0.020596399235799517
33492,2024-03-31,1192081,2024-06-30,-0.03434760574250932
33492,2024-06-30,1147807,2024-09-30,-0.03501704009843886
33492,2024-09-30,1097550,2024-12-31,-0.042020940573628755
33497,2024-03-31,22056000,2024-06-30,0.01763507635090647
33497,2024-06-30,20197000,2024-09-30,0.014983019375515006
33497,2024-09-30,21486000,2024-12-31,0.04948077162879501
33503,2024-03-31,1961431,2024-06-30,0.03304647301134079
33503,2024-06-30,2010976,2024-09-30,0.03881936449580839
33503,2024-09-30,2046700,2024-12-31,0.03707629599979594
33506,2024-03-31,418215,2024-06-30,0.03002727909432345
33506,2024-06-30,441268,2024-09-30,0.04077028204466885
33506,2024-09-30,424409,2024-12-31,0.02219175449748489
33539,2024-03-31,5807301,2024-06-30,0.025762145932348306
33539,2024-06-30,5882233,2024-09-30,0.023068376932608315
33539,2024-09-30,5873808,2024-12-31,0.025507469762885773
33552,2024-03-31,164642,2024-06-30,-0.13759147723944753
33552,2024-06-30,148807,2024-09-30,0.1328520703387005
33552,2024-09-30,165375,2024-12-31,-0.10569411136239569
33555,2024-03-31,37313860,2024-06-30,0.0429321773932583
33555,2024-06-30,37195442,2024-09-30,0.023699781820593915
33555,2024-09-30,37751549,2024-12-31,0.037270180083705744
33565,2024-03-31,250084,2024-06-30,-0.017080632038201225
33565,2024-06-30,243494,2024-09-30,-0.012000269172824162
33565,2024-09-30,259911,2024-12-31,-0.006063793294842602
33568,2024-03-31,46315,2024-06-30,0.006554175556059605
33568,2024-06-30,47461,2024-09-30,0.010510336674493397
33568,2024-09-30,47477,2024-12-31,0.00573742907844915
33645,2024-03-31,448064,2024-06-30,0.015861193610627745
33645,2024-06-30,451608,2024-09-30,0.020503438041688606
33645,2024-09-30,453827,2024-12-31,0.019197601358392935
33708,2024-03-31,826437,2024-06-30,0.009006679219321813
33708,2024-06-30,882415,2024-09-30,0.007868588974937184
33708,2024-09-30,911755,2024-12-31,0.0081937968485683
33739,2024-03-31,285765,2024-06-30,0.007403251752565393
33739,2024-06-30,286659,2024-09-30,0.023307271404207762
33739,2024-09-30,293136,2024-12-31,0.03909528765954174
33753,2024-03-31,367487,2024-06-30,0.012151892103827784
33753,2024-06-30,376325,2024-09-30,0.01711523792970681
33753,2024-09-30,387327,2024-12-31,0.017815875119613366
33758,2024-03-31,1569846,2024-06-30,0.010637185286394537
33758,2024-06-30,1513710,2024-09-30,0.04248635950767987
33758,2024-09-30,1512952,2024-12-31,0.03758285191702342
33761,2024-03-31,373441,2024-06-30,0.0033344258633232282
33761,2024-06-30,372279,2024-09-30,0.012627915540062248
33761,2024-09-30,382039,2024-12-31,0.018476485799615316
33785,2024-03-31,842368,2024-06-30,-0.022975704345392936
33785,2024-06-30,840972,2024-09-30,-0.04400046892083038
33785,2024-09-30,844923,2024-12-31,-0.06325066720305327
33794,2024-03-31,174697,2024-06-30,-0.015702501735941315
33794,2024-06-30,176974,2024-09-30,-0.045134029826427106
33794,2024-09-30,173498,2024-12-31,-0.019339314089077447
33802,2024-03-31,65608,2024-06-30,0.013220308172039468
33802,2024-06-30,63379,2024-09-30,0.0002754211743007971
33802,2024-09-30,65854,2024-12-31,0.012657771315446955
33803,2024-03-31,2634098,2024-06-30,0.06449096108039915
33803,2024-06-30,2913427,2024-09-30,0.041918436661023746
33803,2024-09-30,3061860,2024-12-31,0.042728192140395325
33805,2024-03-31,155240,2024-06-30,0.00047286655431083547
33805,2024-06-30,151730,2024-09-30,-0.03144654214632717
33805,2024-09-30,155639,2024-12-31,-0.013441378410755038
33812,2024-03-31,325301,2024-06-30,0.0046778391374528595
33812,2024-06-30,326369,2024-09-30,0.009468447424665655
33812,2024-09-30,322706,2024-12-31,0.014581979405531386
33818,2024-03-31,88561,2024-06-30,0.00911956612597993
33818,2024-06-30,86376,2024-09-30,0.0050974157381542965
33818,2024-09-30,96076,2024-12-31,-0.00025856764014294014
33823,2024-03-31,773873,2024-06-30,0.02904898703813828
33823,2024-06-30,802988,2024-09-30,0.03285196459112554
33823,2024-09-30,841378,2024-12-31,0.038811808256775805
33831,2024-03-31,15000,2024-06-30,-0.032500045262081556
33831,2024-06-30,15000,2024-09-30,0.01703315566420256
33831,2024-09-30,15000,2024-12-31,0.5437768345520525
33832,2024-03-31,147868,2024-06-30,0.018502890558360637
33832,2024-06-30,153224,2024-09-30,0.02510264275558442
33849,2024-03-31,4258633,2024-06-30,0.028130667527725986
33849,2024-06-30,4282985,2024-09-30,0.02710953226400585
33849,2024-09-30,4366544,2024-12-31,0.02246805571423465
33851,2024-03-31,91830,2024-06-30,0.0027455759397178683
33851,2024-06-30,90317,2024-09-30,0.01613947215053935
33851,2024-09-30,91100,2024-12-31,0.01571858431493981
33855,2024-03-31,500,2024-06-30,9.40216606584327e-08
33855,2024-06-30,500,2024-09-30,9.40216606584327e-08
33855,2024-09-30,500,2024-12-31,9.40216606584327e-08
33859,2024-03-31,536183,2024-06-30,-0.032323572122433065
33859,2024-06-30,506666,2024-09-30,0.10529513789254184
33859,2024-09-30,503069,2024-12-31,0.02821336242877806
33860,2024-03-31,2691881,2024-06-30,0.005924623428500467
33860,2024-06-30,2583417,2024-09-30,0.015822445640454187
33860,2024-09-30,2750321,2024-12-31,0.04579490672713166
33867,2024-03-31,2161516,2024-06-30,0.026672362870997397
33867,2024-06-30,2100520,2024-09-30,0.022788131849547796
33867,2024-09-30,2205468,2024-12-31,0.013521946357474016
33880,2024-03-31,147071,2024-06-30,0.029389963016743407
33880,2024-06-30,153125,2024-09-30,0.03833497356424911
33880,2024-09-30,146883,2024-12-31,0.06515419966482444
33893,2024-03-31,37315094,2024-06-30,0.042776355630385565
33893,2024-06-30,36947881,2024-09-30,0.04130360294032242
33893,2024-09-30,37592202,2024-12-31,0.03013226517680518
33905,2024-03-31,4464683,2024-06-30,0.02913694436369825
33905,2024-06-30,4463159,2024-09-30,0.022096565039867094
33905,2024-09-30,4747657,2024-12-31,0.019102492408735225
33922,2024-03-31,293239,2024-06-30,0.02639084521193548
33922,2024-06-30,283554,2024-09-30,0.06251547099250382
33922,2024-09-30,292376,2024-12-31,0.037025380987349525
33926,2024-03-31,215446,2024-06-30,0.043226060384158445
33926,2024-06-30,218966,2024-09-30,0.12962143173027013
33926,2024-09-30,220511,2024-12-31,-0.054219414412425164
33928,2024-03-31,862719,2024-06-30,0.0294184902170141
33928,2024-06-30,803884,2024-09-30,0.008336920040751395
33928,2024-09-30,828148,2024-12-31,0.025197645838687346
33935,2024-03-31,8208493,2024-06-30,0.021525031167081946
33935,2024-06-30,8297727,2024-09-30,0.020732835916245765
33935,2024-09-30,8332504,2024-12-31,0.02193911014345983
33947,2024-03-31,28653167,2024-06-30,-0.024101771956364242
33947,2024-06-30,27294648,2024-09-30,-0.03679055643021109
33947,2024-09-30,27619676,2024-12-31,-0.022598457608099417
33959,2024-03-31,159180,2024-06-30,-0.005054140118537532
33959,2024-06-30,165919,2024-09-30,-0.005401587119108775
33959,2024-09-30,185568,2024-12-31,-0.03513058591722234
34010,2024-03-31,681944,2024-06-30,0.02018449439434305
34010,2024-06-30,646058,2024-09-30,-0.013417586272681881
34010,2024-09-30,644103,2024-12-31,-0.004110213155326262
34011,2024-03-31,2169740,2024-06-30,0.027812695123379905
34011,2024-06-30,2383666,2024-09-30,0.017312889932557814
34011,2024-09-30,2381347,2024-12-31,0.025320742306002682
34014,2024-03-31,130702,2024-06-30,-0.02405449219918894
34014,2024-06-30,125503,2024-09-30,-0.02872582594336877
34014,2024-09-30,125490,2024-12-31,-0.015561478828310245
34020,2024-03-31,133095,2024-06-30,0.017496886914134632
34020,2024-06-30,137720,2024-09-30,0.017238987659721254
34020,2024-09-30,139518,2024-12-31,0.01794152976604371
34023,2024-03-31,267102,2024-06-30,0.02079474143268848
34023,2024-06-30,267003,2024-09-30,0.024541538705894872
34023,2024-09-30,263526,2024-12-31,0.032512704483646626
34038,2024-03-31,378241,2024-06-30,0.02497906187389429
34038,2024-06-30,379610,2024-09-30,0.011108911412299022
34038,2024-09-30,392522,2024-12-31,-0.0034602655975805715
34040,2024-03-31,208152,2024-06-30,0.03196903540938425
34040,2024-06-30,195089,2024-09-30,0.04057486499606503
34040,2024-09-30,195047,2024-12-31,0.027113641777476
34047,2024-03-31,1582046,2024-06-30,0.023787075845807408
34047,2024-06-30,1610119,2024-09-30,0.02279113355246841
34047,2024-09-30,1649219,2024-12-31,0.02201083660662174
34052,2024-03-31,236111,2024-06-30,0.02407720111480884
34052,2024-06-30,235902,2024-09-30,0.02654871076901245
34052,2024-09-30,233111,2024-12-31,0.02175686010596225
34058,2024-03-31,318439,2024-06-30,0.004426468009236726
34058,2024-06-30,313939,2024-09-30,-0.0025004306396374564
34058,2024-09-30,319178,2024-12-31,0.009108422758428023
34068,2024-03-31,1509401,2024-06-30,0.032381155824736454
34068,2024-06-30,1522657,2024-09-30,0.028244783646098177
34068,2024-09-30,1573182,2024-12-31,0.02930323569189375
34069,2024-03-31,5939,2024-06-30,-0.012665248553187564
34069,2024-06-30,5851,2024-09-30,0.06517996812321075
34069,2024-09-30,5846,2024-12-31,-0.024657635749153833
34073,2024-03-31,2206694,2024-06-30,0.02406295974547948
34073,2024-06-30,2274121,2024-09-30,0.021548140764462532
34073,2024-09-30,2232469,2024-12-31,0.014082219085159947
34074,2024-03-31,508892,2024-06-30,0.007553543498046312
34074,2024-06-30,491800,2024-09-30,0.036785546350157246
34074,2024-09-30,519414,2024-12-31,0.013562881383715912
34108,2024-03-31,444640,2024-06-30,0.018059593496650074
34108,2024-06-30,441990,2024-09-30,0.032046481549540304
34108,2024-09-30,457830,2024-12-31,0.013529794121291258
34120,2024-03-31,2543009,2024-06-30,0.023032958190355602
34120,2024-06-30,2458732,2024-09-30,0.04060155466636198
34120,2024-09-30,2635456,2024-12-31,0.039167407452985054
34146,2024-03-31,384954,2024-06-30,0.016380277609644518
34146,2024-06-30,407885,2024-09-30,0.01618730730805761
34146,2024-09-30,415804,2024-12-31,0.02993348138633081
34147,2024-03-31,2527150,2024-06-30,0.016872581554354102
34147,2024-06-30,2509222,2024-09-30,0.009826812214536143
34147,2024-09-30,2486314,2024-12-31,0.0043676353201891095
34148,2024-03-31,326830,2024-06-30,0.04982017374790186
34148,2024-06-30,331840,2024-09-30,0.03187807443661266
34148,2024-09-30,354230,2024-12-31,0.037657743056895676
34150,2024-03-31,500132,2024-06-30,0.019536446998794546
34150,2024-06-30,515366,2024-09-30,0.020277807833534618
34150,2024-09-30,512396,2024-12-31,0.03852771788895527
34160,2024-03-31,238835,2024-06-30,-0.029825784238346333
34160,2024-06-30,229683,2024-09-30,-0.03140955584828742
34160,2024-09-30,231501,2024-12-31,0.044625584578211114
34162,2024-03-31,249609,2024-06-30,0.002828254452189672
34162,2024-06-30,248144,2024-09-30,-0.0008113755199228834
34162,2024-09-30,255953,2024-12-31,0.0019914844634155078
34171,2024-03-31,175564,2024-06-30,0.02828670732650289
34171,2024-06-30,188874,2024-09-30,0.024621463599751734
34171,2024-09-30,207581,2024-12-31,0.009259561335659472
34193,2024-03-31,170849,2024-06-30,-0.04966213480534092
34193,2024-06-30,172606,2024-09-30,-0.023007968900939625
34193,2024-09-30,230293,2024-12-31,-0.07731731309286392
34207,2024-03-31,1504781,2024-06-30,0.023539940410258055
34207,2024-06-30,1511558,2024-09-30,0.016848314338955565
34207,2024-09-30,1509845,2024-12-31,0.015224316286595081
34210,2024-03-31,672554,2024-06-30,0.08382108211765445
34210,2024-06-30,705588,2024-09-30,0.053566264589122586
34211,2024-03-31,902532,2024-06-30,0.015205247471963614
34211,2024-06-30,925010,2024-09-30,0.015632892645757596
34211,2024-09-30,911962,2024-12-31,0.020289155448707956
34217,2024-03-31,6720652,2024-06-30,0.08935558158712935
34217,2024-06-30,6634510,2024-09-30,0.055566799117609186
34217,2024-09-30,6566574,2024-12-31,0.07963834640207233
34221,2024-03-31,184259000,2024-06-30,0.038228014646932186
34221,2024-06-30,188563000,2024-09-30,0.05419220113986933
34221,2024-09-30,190353000,2024-12-31,0.052405164758240995
34229,2024-03-31,493684,2024-06-30,0.018260385294906343
34229,2024-06-30,498914,2024-09-30,0.022327639172211717
34229,2024-09-30,495735,2024-12-31,0.015422685269777072
34233,2024-03-31,595179,2024-06-30,0.014445681142070285
34233,2024-06-30,568167,2024-09-30,-0.0023689385222495822
34233,2024-09-30,566724,2024-12-31,0.022539094785451134
34240,2024-03-31,264866,2024-06-30,0.02506852135553763
34240,2024-06-30,262902,2024-09-30,0.019142252715835546
34240,2024-09-30,264785,2024-12-31,0.02561290438571974
34252,2024-03-31,476054,2024-06-30,-0.05827945673778511
34252,2024-06-30,517976,2024-09-30,0.025816613510753844
34252,2024-09-30,385573,2024-12-31,0.10030856987064149
34254,2024-03-31,1495612,2024-06-30,0.013678898707109186
34254,2024-06-30,1529925,2024-09-30,0.015884363767674704
34254,2024-09-30,1559050,2024-12-31,0.0234391099682646
34259,2024-03-31,397220,2024-06-30,0.013891181131619074
34259,2024-06-30,407276,2024-09-30,-0.00025605433592198985
34259,2024-09-30,418113,2024-12-31,-0.014612911865789283
34294,2024-03-31,4395016,2024-06-30,0.03604300258654711
34294,2024-06-30,4490133,2024-09-30,0.04485091397165391
34294,2024-09-30,4570474,2024-12-31,0.03035930339947896
34313,2024-03-31,443957,2024-06-30,0.015868628375058275
34313,2024-06-30,506818,2024-09-30,0.03577751269898888
34313,2024-09-30,551886,2024-12-31,0.06632154446796022
34319,2024-03-31,993594,2024-06-30,0.02762398147550686
34319,2024-06-30,1066378,2024-09-30,0.030996336871681705
34319,2024-09-30,1077741,2024-12-31,0.02264804984753411
34331,2024-03-31,500,2024-06-30,9.40216606584327e-08
34331,2024-06-30,500,2024-09-30,9.40216606584327e-08
34331,2024-09-30,500,2024-12-31,9.40216606584327e-08
34334,2024-03-31,74537,2024-06-30,-0.003834547387679522
34334,2024-06-30,74875,2024-09-30,0.0012742229687844437
34334,2024-09-30,80667,2024-12-31,0.00870502648847837
34352,2024-03-31,773959,2024-06-30,0.006597748158615258
34352,2024-06-30,765575,2024-09-30,-0.001720559319250273
34352,2024-09-30,749054,2024-12-31,0.008782733064901842
34363,2024-03-31,984020,2024-06-30,0.03226775986915535
34363,2024-06-30,927579,2024-09-30,0.06272882688176601
34363,2024-09-30,926665,2024-12-31,0.06061347086910099
34383,2024-03-31,24171898,2024-06-30,0.03337870194352064
34383,2024-06-30,23972045,2024-09-30,0.00793567253589152
34383,2024-09-30,26011198,2024-12-31,-0.012125432778780785
34384,2024-03-31,512733,2024-06-30,0.015354503417380901
34384,2024-06-30,518702,2024-09-30,0.019476718258904728
34384,2024-09-30,555580,2024-12-31,0.013289293864800468
34386,2024-03-31,59212,2024-06-30,0.022864014962485107
34386,2024-06-30,61331,2024-09-30,0.02279749805924671
34386,2024-09-30,61399,2024-12-31,0.009399005222556692
34393,2024-03-31,85609,2024-06-30,0.05779126001608199
34393,2024-06-30,89812,2024-09-30,-0.00225591890843091
34393,2024-09-30,89499,2024-12-31,0.0005576313115759205
34394,2024-03-31,177428,2024-06-30,-0.011231068648856127
34394,2024-06-30,187709,2024-09-30,-0.01099736272300502
34394,2024-09-30,188735,2024-12-31,0.004843712657126429
34395,2024-03-31,3309813,2024-06-30,0.017074033779907
34395,2024-06-30,3182400,2024-09-30,0.028282056293553112
34395,2024-09-30,3378645,2024-12-31,0.018967315985837733
34401,2024-03-31,1116020,2024-06-30,0.08380499068127052
34401,2024-06-30,1011825,2024-09-30,0.059654481970346375
34401,2024-09-30,1175023,2024-12-31,0.05457872211795941
34403,2024-03-31,3468370,2024-06-30,0.04299497228189478
34403,2024-06-30,3548828,2024-09-30,0.05184551126934137
34403,2024-09-30,3633226,2024-12-31,0.035094579988183355
34404,2024-03-31,1863857,2024-06-30,0.09123000324968379
34404,2024-06-30,1792465,2024-09-30,0.07100421329484873
34404,2024-09-30,1734292,2024-12-31,0.08016741356137425
34407,2024-03-31,186525,2024-06-30,-0.05258086893002087
34407,2024-06-30,174912,2024-09-30,-0.009526930060664119
34407,2024-09-30,176799,2024-12-31,0.018287546292286506
34409,2024-03-31,347613,2024-06-30,0.0010164376710462464
34409,2024-06-30,351021,2024-09-30,0.004257745454307704
34409,2024-09-30,348324,2024-12-31,-0.01273773015461267
34415,2024-03-31,967621,2024-06-30,-8.88139724145914e-05
34415,2024-06-30,933951,2024-09-30,-0.0023701503826367687
34415,2024-09-30,923095,2024-12-31,0.02104328895450779
34416,2024-03-31,190713,2024-06-30,-0.010766273716561244
34416,2024-06-30,202663,2024-09-30,-0.00903740436188889
34422,2024-03-31,706708,2024-06-30,0.015275555340523954
34422,2024-06-30,736406,2024-09-30,0.013696987113441042
34422,2024-09-30,753812,2024-12-31,0.01569700283676028
34441,2024-03-31,54869,2024-06-30,-0.015644672608611236
34441,2024-06-30,61346,2024-09-30,-0.009599970813727652
34441,2024-09-30,66902,2024-12-31,0.015571124832824986
34444,2024-03-31,18098803,2024-06-30,0.11307347329862011
34444,2024-06-30,17836965,2024-09-30,0.10846832886789029
34444,2024-09-30,18209863,2024-12-31,0.009907901953690153
34455,2024-03-31,85074,2024-06-30,-0.007702917909444181
34455,2024-06-30,83900,2024-09-30,-0.002389439134829802
34455,2024-09-30,82430,2024-12-31,-0.001214913993946779
34456,2024-03-31,758022,2024-06-30,0.01120861574003074
34456,2024-06-30,770588,2024-09-30,0.019900818771323568
34456,2024-09-30,789985,2024-12-31,0.023481881133537014
34457,2024-03-31,184430,2024-06-30,0.009823581963264112
34457,2024-06-30,182042,2024-09-30,0.008808686488411968
34457,2024-09-30,180141,2024-12-31,0.006280142368178087
34460,2024-03-31,149169,2024-06-30,0.008561285474651114
34460,2024-06-30,153404,2024-09-30,0.02550736450965962
34460,2024-09-30,157870,2024-12-31,0.023293679403592327
34478,2024-03-31,2000,2024-06-30,9.783096944809749e-08
34478,2024-06-30,2000,2024-09-30,5.746682879875309e-07
34478,2024-09-30,2000,2024-12-31,5.746682879875309e-07
34488,2024-03-31,125137,2024-06-30,0.020236916393659033
34488,2024-06-30,119436,2024-09-30,0.04544311230985169
34488,2024-09-30,113744,2024-12-31,0.02888205081314744
34489,2024-03-31,400934,2024-06-30,-0.03508935271521494
34489,2024-06-30,373662,2024-09-30,-0.030440212522090553
34489,2024-09-30,362207,2024-12-31,0.056076991493410694
34496,2024-03-31,626031,2024-06-30,0.02075207610133486
34496,2024-06-30,618200,2024-09-30,0.02344367570659349
34496,2024-09-30,615102,2024-12-31,0.024553013667635362
34507,2024-03-31,7897608,2024-06-30,0.015464945204452423
34507,2024-06-30,8203452,2024-09-30,0.03415521422462104
34507,2024-09-30,8183686,2024-12-31,0.019799924639059736
34517,2024-03-31,345324,2024-06-30,0.03139208250245545
34517,2024-06-30,347265,2024-09-30,0.014857425006617788
34517,2024-09-30,361398,2024-12-31,0.027393809800134918
34519,2024-03-31,4730548,2024-06-30,0.010726881732890351
34519,2024-06-30,4774323,2024-09-30,0.02901114617416055
34519,2024-09-30,4558062,2024-12-31,0.11039751020294417
34526,2024-03-31,145341,2024-06-30,0.008009365101184988
34526,2024-06-30,150738,2024-09-30,0.013913057943121275
34526,2024-09-30,156912,2024-12-31,0.012611575184538155
34533,2024-03-31,2222577,2024-06-30,0.024644951744054573
34533,2024-06-30,2256488,2024-09-30,0.03397935019279893
34533,2024-09-30,2322229,2024-12-31,0.03384537272001577
34535,2024-03-31,245345,2024-06-30,0.012414825838341442
34535,2024-06-30,276277,2024-09-30,-0.031975689992117404
34535,2024-09-30,264199,2024-12-31,0.014568610938734693
34548,2024-03-31,119014,2024-06-30,0.013173334170084363
34548,2024-06-30,121528,2024-09-30,0.01919441964135338
34548,2024-09-30,135240,2024-12-31,0.031046727241226924
34562,2024-03-31,3002102,2024-06-30,0.025792285788744915
34562,2024-06-30,2955606,2024-09-30,0.027383432217950737
34562,2024-09-30,3062192,2024-12-31,0.012868285153401673
34566,2024-03-31,297938,2024-06-30,0.03894264656693893
34566,2024-06-30,304759,2024-09-30,0.03591473395184964
34566,2024-09-30,314349,2024-12-31,0.02528959269405656
34585,2024-03-31,252639,2024-06-30,-0.0007498389117983814
34585,2024-06-30,242317,2024-09-30,0.007545746912562507
34585,2024-09-30,249543,2024-12-31,0.009843076282702642
34589,2024-03-31,17309097,2024-06-30,0.003165040296294137
34589,2024-06-30,20020244,2024-09-30,0.017480630830733927
34589,2024-09-30,20328862,2024-12-31,0.019873605668479313
34598,2024-03-31,4023068,2024-06-30,-0.005064078882641149
34598,2024-06-30,4163519,2024-09-30,-0.0014478900697959686
34598,2024-09-30,4472580,2024-12-31,0.02127124853054842
34599,2024-03-31,712283,2024-06-30,0.01860552803101381
34599,2024-06-30,741561,2024-09-30,0.006699181624029347
34599,2024-09-30,754769,2024-12-31,0.004455239773060797
34603,2024-03-31,3154925,2024-06-30,0.022712515344304147
34603,2024-06-30,2891688,2024-09-30,0.08872108125275299
34603,2024-09-30,3008651,2024-12-31,0.047723515173495414
34606,2024-03-31,315537,2024-06-30,0.032518992969873026
34606,2024-06-30,310953,2024-09-30,0.0144717607194973
34606,2024-09-30,325425,2024-12-31,0.005718313107090688
34607,2024-03-31,4280753,2024-06-30,0.043785321550748886
34607,2024-06-30,4282106,2024-09-30,0.023727144052485553
34607,2024-09-30,4807361,2024-12-31,0.047329972866185774
34610,2024-03-31,242869,2024-06-30,0.010710098093348424
34610,2024-06-30,229190,2024-09-30,0.005049518031904309
34610,2024-09-30,234494,2024-12-31,0.017208072915079555
34618,2024-03-31,2292617,2024-06-30,0.04076510348558843
34618,2024-06-30,2325418,2024-09-30,0.033572330953631185
34618,2024-09-30,2542828,2024-12-31,0.0074418928777383545
34619,2024-03-31,500,2024-06-30,9.40216606584327e-08
34619,2024-06-30,500,2024-09-30,9.40216606584327e-08
34619,2024-09-30,500,2024-12-31,9.40216606584327e-08
34627,2024-03-31,549335,2024-06-30,0.013364930889615973
34627,2024-06-30,588351,2024-09-30,0.01749189725422116
34627,2024-09-30,603451,2024-12-31,0.012505747802613819
34643,2024-03-31,405630,2024-06-30,0.03289808980038821
34643,2024-06-30,452255,2024-09-30,0.06902752513965794
34643,2024-09-30,436502,2024-12-31,0.014708055832267128
34644,2024-03-31,90719,2024-06-30,0.014688998073661384
34644,2024-06-30,92470,2024-09-30,0.021455142309684472
34644,2024-09-30,97901,2024-12-31,0.017801038741394163
34656,2024-03-31,2272072,2024-06-30,0.02860454635346478
34656,2024-06-30,2304369,2024-09-30,0.023086496565802687
34656,2024-09-30,2388847,2024-12-31,0.02833757035971673
34662,2024-03-31,220140,2024-06-30,0.016394166887466508
34662,2024-06-30,217449,2024-09-30,0.014072246967205432
34662,2024-09-30,238288,2024-12-31,0.02403049662431746
34666,2024-03-31,150432,2024-06-30,0.007975868132579455
34666,2024-06-30,148218,2024-09-30,0.016884965639720206
34666,2024-09-30,144419,2024-12-31,0.02423678025252196
34681,2024-03-31,1341854,2024-06-30,0.035877436705155995
34681,2024-06-30,1495857,2024-09-30,-0.005645592201128115
34681,2024-09-30,1460301,2024-12-31,0.0005109951592859104
34685,2024-03-31,645978,2024-06-30,0.016279903025787794
34685,2024-06-30,659232,2024-09-30,0.023849634431755324
34685,2024-09-30,672924,2024-12-31,0.029418159450683434
34686,2024-03-31,182585,2024-06-30,0.011327587946412915
34686,2024-06-30,180069,2024-09-30,0.009966406136529982
34686,2024-09-30,175562,2024-12-31,0.013205125615838068
34697,2024-03-31,5646886,2024-06-30,0.020247379311142337
34697,2024-06-30,5669573,2024-09-30,0.06021344973298471
34697,2024-09-30,5470800,2024-12-31,-0.03322783192965464
34699,2024-03-31,6278630,2024-06-30,0.08149284782135494
34699,2024-06-30,6209943,2024-09-30,0.0695563096328967
34699,2024-09-30,6315617,2024-12-31,0.06271627430134585
34710,2024-03-31,500,2024-06-30,0.004726672318838509
34710,2024-06-30,500,2024-09-30,-0.236411450283617
34710,2024-09-30,500,2024-12-31,0.041035679298396265
34711,2024-03-31,88004,2024-06-30,-0.0034178256764057107
34711,2024-06-30,88812,2024-09-30,0.005686216964992364
34711,2024-09-30,88036,2024-12-31,-0.003905472265327824
34717,2024-03-31,3345074,2024-06-30,0.026558687429442743
34717,2024-06-30,3386594,2024-09-30,0.03319604659716808
34717,2024-09-30,3410071,2024-12-31,0.0359151960528097
34719,2024-03-31,382380,2024-06-30,-0.003142489211539792
34719,2024-06-30,391532,2024-09-30,0.0064123448790662126
34719,2024-09-30,405641,2024-12-31,0.05400628055855378
34728,2024-03-31,1175220,2024-06-30,0.025501491030301224
34728,2024-06-30,1267328,2024-09-30,-0.006755530372294974
34728,2024-09-30,1307770,2024-12-31,0.003586248539011871
34742,2024-03-31,8537769,2024-06-30,0.031704296059412364
34742,2024-06-30,8304467,2024-09-30,0.027316583660379118
34742,2024-09-30,8568196,2024-12-31,0.02560514823525001
34748,2024-03-31,106097,2024-06-30,0.007882680082896432
34748,2024-06-30,106922,2024-09-30,0.01016415970670535
34748,2024-09-30,108808,2024-12-31,0.01066270147479106
34752,2024-03-31,100700,2024-06-30,0.06239126355509886
34752,2024-06-30,109732,2024-09-30,0.03568427324274622
34752,2024-09-30,97956,2024-12-31,0.021914291064166782
34755,2024-03-31,1432252,2024-06-30,0.01579356570605855
34755,2024-06-30,1374804,2024-09-30,0.010923239436479344
34755,2024-09-30,1380967,2024-12-31,0.009276877944296588
34759,2024-03-31,346211,2024-06-30,0.024612859445010453
34759,2024-06-30,344639,2024-09-30,0.043503099582994635
34759,2024-09-30,388815,2024-12-31,0.023192354683538884
34760,2024-03-31,448474,2024-06-30,0.006938180902377759
34760,2024-06-30,454017,2024-09-30,0.012196359652967026
34760,2024-09-30,459771,2024-12-31,0.011357221576609388
34775,2024-03-31,28818708,2024-06-30,0.02531404772615116
34775,2024-06-30,29316720,2024-09-30,0.017756626151761476
34775,2024-09-30,31045352,2024-12-31,0.030016769488775064
34778,2024-03-31,310786,2024-06-30,-0.004209897343527747
34778,2024-06-30,299624,2024-09-30,0.002527782782332634
34778,2024-09-30,300578,2024-12-31,0.0006543160092590003
34781,2024-03-31,1264038,2024-06-30,0.013808238905576512
34781,2024-06-30,1323288,2024-09-30,0.03173510839648588
34781,2024-09-30,1358927,2024-12-31,0.020678412710531165
34784,2024-03-31,264590,2024-06-30,0.048010391379763276
34784,2024-06-30,279288,2024-09-30,0.04969366649627871
34784,2024-09-30,295819,2024-12-31,0.04851347221807254
34786,2024-03-31,324398,2024-06-30,0.009212145108836289
34786,2024-06-30,326087,2024-09-30,0.005314685220302704
34786,2024-09-30,342089,2024-12-31,-0.007513992229463252
34788,2024-03-31,3309015,2024-06-30,0.05440411715926673
34788,2024-06-30,3457207,2024-09-30,0.048242419995793644
34788,2024-09-30,3715339,2024-12-31,0.02913505492288743
34799,2024-03-31,2000,2024-06-30,9.783096944809749e-08
34799,2024-06-30,2000,2024-09-30,5.746682879875309e-07
34799,2024-09-30,2000,2024-12-31,5.746682879875309e-07
34803,2024-03-31,753161,2024-06-30,0.01487587873420003
34803,2024-06-30,774558,2024-09-30,0.013057627899639405
34803,2024-09-30,785110,2024-12-31,0.010676428008404931
34805,2024-03-31,1418493,2024-06-30,0.02973538827150419
34805,2024-06-30,1486227,2024-09-30,0.036048987813351696
34805,2024-09-30,1609768,2024-12-31,0.03240835744921448
34811,2024-03-31,715554,2024-06-30,0.009985585155075012
34811,2024-06-30,746944,2024-09-30,0.007365559161848343
34811,2024-09-30,751363,2024-12-31,0.007552712242798305
34836,2024-03-31,1114189,2024-06-30,0.03008781781540464
34836,2024-06-30,1074373,2024-09-30,0.05379303177067249
34836,2024-09-30,1111856,2024-12-31,0.055978811158641
34847,2024-03-31,356972,2024-06-30,0.025839139190249223
34847,2024-06-30,362830,2024-09-30,0.023823118114871356
34847,2024-09-30,372661,2024-12-31,0.026571030531699204
34849,2024-03-31,325132,2024-06-30,0.006936684516947103
34849,2024-06-30,293446,2024-09-30,0.07133941886144665
34849,2024-09-30,297030,2024-12-31,0.045137307530499805
34857,2024-03-31,90226,2024-06-30,0.0026675313953867536
34857,2024-06-30,91824,2024-09-30,0.0009641660461513281
34857,2024-09-30,90420,2024-12-31,0.005716583091118037
34860,2024-03-31,115532,2024-06-30,0.023004830003353786
34860,2024-06-30,128713,2024-09-30,-0.009490065410056673
34860,2024-09-30,135729,2024-12-31,0.018368605075224826
34876,2024-03-31,476958,2024-06-30,-0.010670392779285012
34876,2024-06-30,470042,2024-09-30,-0.005215288010402277
34876,2024-09-30,470455,2024-12-31,-0.014163662338957033
34885,2024-03-31,1902728,2024-06-30,0.04334808077818325
34885,2024-06-30,2052725,2024-09-30,0.04677309945901512
34885,2024-09-30,2162728,2024-12-31,0.051120646836784585
34888,2024-03-31,1566902,2024-06-30,0.019854796445996047
34888,2024-06-30,1500622,2024-09-30,0.011301001124505373
34888,2024-09-30,1562177,2024-12-31,0.020799406511125322
34890,2024-03-31,741980,2024-06-30,-0.0042995525302169275
34890,2024-06-30,744424,2024-09-30,0.0017254010239980452
34890,2024-09-30,764349,2024-12-31,-0.005909692100914131
34900,2024-03-31,61725,2024-06-30,0.002264506598613045
34900,2024-06-30,61694,2024-09-30,0.008431090213188755
34900,2024-09-30,62716,2024-12-31,0.008697504347378135
34908,2024-03-31,1675198,2024-06-30,0.07961429547303352
34908,2024-06-30,1658617,2024-09-30,0.03475413796053023
34908,2024-09-30,1744520,2024-12-31,0.054414241128607196
34918,2024-03-31,246657,2024-06-30,-0.01124181058345635
34918,2024-06-30,252969,2024-09-30,0.014848843685993788
34918,2024-09-30,261221,2024-12-31,0.008992861211389164
34930,2024-03-31,129010,2024-06-30,0.015512989607702263
34930,2024-06-30,127912,2024-09-30,0.016678329837794943
34936,2024-03-31,755927,2024-06-30,0.01155202333776813
34936,2024-06-30,745479,2024-09-30,0.020405815985583085
34936,2024-09-30,749996,2024-12-31,0.012659677689208953
34938,2024-03-31,145206,2024-06-30,0.00894844958003885
34938,2024-06-30,142289,2024-09-30,0.025981213192147384
34938,2024-09-30,139843,2024-12-31,0.03532183733260975
34953,2024-03-31,2921830,2024-06-30,0.08142836520409216
34953,2024-06-30,3304687,2024-09-30,0.09093247267488462
34953,2024-09-30,3536838,2024-12-31,0.07840656064034096
34955,2024-03-31,486509,2024-06-30,0.007781663349085352
34955,2024-06-30,462862,2024-09-30,0.013220534217646483
34955,2024-09-30,458065,2024-12-31,0.008323610147199359
34966,2024-03-31,667066,2024-06-30,0.03785034431915665
34966,2024-06-30,730852,2024-09-30,0.05288188682145827
34966,2024-09-30,758072,2024-12-31,0.041654327505558364
34967,2024-03-31,11273059,2024-06-30,0.017009938468016978
34967,2024-06-30,11860837,2024-09-30,0.007104274369480038
34967,2024-09-30,11891061,2024-12-31,0.024861546527689845
34968,2024-03-31,53041000,2024-06-30,0.02231677364897677
34968,2024-06-30,54178000,2024-09-30,0.018731327354183883
34968,2024-09-30,52361000,2024-12-31,-0.0005572839506379154
34969,2024-03-31,851269,2024-06-30,0.012111324991783844
34969,2024-06-30,873668,2024-09-30,0.010121164828469772
34969,2024-09-30,857702,2024-12-31,0.014801839708396825
34973,2024-03-31,491608,2024-06-30,0.00048302463589941177
34973,2024-06-30,458590,2024-09-30,0.16091529210878852
34973,2024-09-30,525891,2024-12-31,0.007876189438092557
34978,2024-03-31,1011479,2024-06-30,-0.004124545182587012
34978,2024-06-30,1012774,2024-09-30,0.0033094884680087357
34978,2024-09-30,1016906,2024-12-31,-0.00039554801356013724
34980,2024-03-31,2752713,2024-06-30,0.008648679317517683
34980,2024-06-30,2723525,2024-09-30,0.011960995558693004
34980,2024-09-30,2752309,2024-12-31,0.013697808669607967
34995,2024-03-31,104281,2024-06-30,0.022788644255266433
34995,2024-06-30,103500,2024-09-30,0.007973012493808072
34995,2024-09-30,102441,2024-12-31,0.031161400722443652
34997,2024-03-31,1008228,2024-06-30,0.07542257671817491
34997,2024-06-30,1042958,2024-09-30,0.07048676348925326
34997,2024-09-30,1112684,2024-12-31,0.06438723943878641
34998,2024-03-31,946330,2024-06-30,0.04699680708592245
34998,2024-06-30,933064,2024-09-30,0.04079991836830426
34998,2024-09-30,994454,2024-12-31,0.047428257026311184
35014,2024-03-31,971258,2024-06-30,0.03563038569252689
35014,2024-06-30,891150,2024-09-30,0.032520759811630606
35014,2024-09-30,897899,2024-12-31,0.018603947958721362
35015,2024-03-31,442671,2024-06-30,0.0059932431864120495
35015,2024-06-30,447174,2024-09-30,0.013150123995688842
35015,2024-09-30,440255,2024-12-31,0.01105189706024199
35019,2024-03-31,152491,2024-06-30,-0.0006565397155469503
35019,2024-06-30,146449,2024-09-30,-0.0028982788941068487
35019,2024-09-30,160379,2024-12-31,0.01423018999698152
35020,2024-03-31,611499,2024-06-30,0.022783237878947656
35020,2024-06-30,599541,2024-09-30,0.02194013848723889
35020,2024-09-30,593717,2024-12-31,0.019125257153784176
35029,2024-03-31,226379,2024-06-30,0.025988385736569208
35029,2024-06-30,220696,2024-09-30,0.026955962477509424
35029,2024-09-30,225367,2024-12-31,0.0284610308830358
35031,2024-03-31,207611,2024-06-30,-0.012132690191900468
35031,2024-06-30,197839,2024-09-30,0.00527786324004057
35031,2024-09-30,196455,2024-12-31,0.0077843439759908775
35033,2024-03-31,201843,2024-06-30,0.0199836881326527
35033,2024-06-30,206978,2024-09-30,0.02110617422482604
35033,2024-09-30,227671,2024-12-31,0.025288571046809132
35052,2024-03-31,640018,2024-06-30,0.011913762806074646
35052,2024-06-30,627676,2024-09-30,-0.00287145724238525
35052,2024-09-30,634159,2024-12-31,0.01110087555071514
35056,2024-03-31,161938,2024-06-30,0.017306143370355163
35056,2024-06-30,167122,2024-09-30,0.017084777884961405
35056,2024-09-30,172294,2024-12-31,0.01924646607706519
35060,2024-03-31,106483,2024-06-30,-0.006431601332990672
35060,2024-06-30,105701,2024-09-30,-0.006831337718986347
35060,2024-09-30,109387,2024-12-31,-0.004991932053911676
35075,2024-03-31,5344,2024-06-30,0.023777806847025303
35075,2024-06-30,4912,2024-09-30,0.039511152683425504
35075,2024-09-30,5549,2024-12-31,-0.010802460340986841
35084,2024-03-31,192456,2024-06-30,-0.0008601130557545803
35084,2024-06-30,191234,2024-09-30,0.0022081705247966777
35084,2024-09-30,195997,2024-12-31,-0.004262118713245684
35094,2024-03-31,41528,2024-06-30,-0.014053174997762716
35094,2024-06-30,42830,2024-09-30,-0.001639758425501494
35094,2024-09-30,42817,2024-12-31,-0.008695252694437416
35095,2024-03-31,14253186,2024-06-30,0.0476085429953549
35095,2024-06-30,14402599,2024-09-30,0.025471662249677656
35095,2024-09-30,14469177,2024-12-31,0.011566223630869918
35101,2024-03-31,193987,2024-06-30,0.012149815050323764
35101,2024-06-30,193393,2024-09-30,0.011511717390952103
35101,2024-09-30,198413,2024-12-31,0.010936799722481412
35103,2024-03-31,157129,2024-06-30,0.027629271108452393
35103,2024-06-30,155636,2024-09-30,0.03780486609914344
35103,2024-09-30,167020,2024-12-31,0.05966460956332036
35111,2024-03-31,621825,2024-06-30,0.008526775642688413
35111,2024-06-30,630392,2024-09-30,0.002851969902119334
35111,2024-09-30,647618,2024-12-31,0.007515890887242316
35115,2024-03-31,346138,2024-06-30,-0.010620460979693972
35115,2024-06-30,337805,2024-09-30,-0.009314232881267759
35115,2024-09-30,354753,2024-12-31,0.015383200666690414
35117,2024-03-31,251528,2024-06-30,0.03501707259419758
35117,2024-06-30,253869,2024-09-30,0.03176478370476761
35117,2024-09-30,289082,2024-12-31,-0.00616635336486274
35118,2024-03-31,95757,2024-06-30,0.01256107376260033
35118,2024-06-30,98076,2024-09-30,0.010375912303890213
35118,2024-09-30,99790,2024-12-31,0.011827238740826916
35131,2024-03-31,557962,2024-06-30,0.042259925951764865
35131,2024-06-30,580383,2024-09-30,0.020543220893341027
35131,2024-09-30,601683,2024-12-31,0.010638689470515487
35138,2024-03-31,448212,2024-06-30,0.001301513365865577
35138,2024-06-30,469670,2024-09-30,0.01565109124200157
35138,2024-09-30,462335,2024-12-31,0.006873234717609576
35139,2024-03-31,786156,2024-06-30,0.03243990451011011
35139,2024-06-30,813781,2024-09-30,0.032878479765795735
35139,2024-09-30,845412,2024-12-31,0.029536635729466316
35141,2024-03-31,7604777,2024-06-30,0.005820694892275901
35141,2024-06-30,7733838,2024-09-30,-0.0007487027529236817
35141,2024-09-30,7613633,2024-12-31,0.00512224830053739
35151,2024-03-31,713054,2024-06-30,0.05351004941749695
35151,2024-06-30,748336,2024-09-30,0.05352522541009344
35151,2024-09-30,778380,2024-12-31,0.0508993046832189
35154,2024-03-31,302986,2024-06-30,0.005404682442126307
35154,2024-06-30,292619,2024-09-30,-0.012852971992529154
35154,2024-09-30,300616,2024-12-31,-0.005782206798859884
35157,2024-03-31,1066096,2024-06-30,0.02498896797802275
35157,2024-06-30,1057455,2024-09-30,0.007924242358650566
35157,2024-09-30,1053872,2024-12-31,0.007371635746004412
35161,2024-03-31,434688,2024-06-30,0.009230913208303423
35161,2024-06-30,443052,2024-09-30,0.0011512790513757657
35161,2024-09-30,455828,2024-12-31,0.03269450633357599
35164,2024-03-31,500,2024-06-30,9.40216606584327e-08
35164,2024-06-30,500,2024-09-30,9.40216606584327e-08
35164,2024-09-30,500,2024-12-31,9.40216606584327e-08
35169,2024-03-31,328363,2024-06-30,-0.00792802174805709
35169,2024-06-30,324035,2024-09-30,0.005867386583515366
35169,2024-09-30,321729,2024-12-31,0.01463462082098003
35206,2024-03-31,500,2024-06-30,9.40216606584327e-08
35206,2024-06-30,500,2024-09-30,9.40216606584327e-08
35206,2024-09-30,500,2024-12-31,9.40216606584327e-08
35207,2024-03-31,894898,2024-06-30,0.026596354419882166
35207,2024-06-30,887827,2024-09-30,0.023097555003980787
35207,2024-09-30,910498,2024-12-31,0.0227467211455733
35212,2024-03-31,224124,2024-06-30,0.016181900568107196
35212,2024-06-30,232908,2024-09-30,0.015796740014951963
35212,2024-09-30,245452,2024-12-31,0.018058279077346476
35214,2024-03-31,884290,2024-06-30,0.0299952532206241
35214,2024-06-30,904314,2024-09-30,0.03335296532872161
35214,2024-09-30,957256,2024-12-31,0.030632771452318613
35220,2024-03-31,199024,2024-06-30,0.01658184996339021
35220,2024-06-30,207101,2024-09-30,0.009216714191148688
35220,2024-09-30,207250,2024-12-31,0.015203475600594617
35221,2024-03-31,478128,2024-06-30,0.014541535689557728
35221,2024-06-30,482843,2024-09-30,0.013440345376359748
35221,2024-09-30,485163,2024-12-31,0.015930947789175504
35223,2024-03-31,428750,2024-06-30,0.02750305456993441
35223,2024-06-30,429017,2024-09-30,0.018395489667628332
35223,2024-09-30,439756,2024-12-31,0.023519417758112258
35229,2024-03-31,125486,2024-06-30,-0.0034941172236674454
35229,2024-06-30,122828,2024-09-30,0.011283067261661249
35229,2024-09-30,126485,2024-12-31,-0.0058801405984367176
35230,2024-03-31,1293429,2024-06-30,0.024255245064762725
35230,2024-06-30,1253299,2024-09-30,0.03024935537242981
35230,2024-09-30,1270293,2024-12-31,0.046006919211363705
35236,2024-03-31,300135,2024-06-30,0.0193084898695711
35237,2024-03-31,1281847,2024-06-30,0.21189365395371043
35237,2024-06-30,1549562,2024-09-30,0.03335533563120718
35237,2024-09-30,1634665,2024-12-31,-0.14543070413808873
35241,2024-03-31,461123,2024-06-30,0.08168054477821497
35241,2024-06-30,462777,2024-09-30,0.054440654764114145
35241,2024-09-30,520358,2024-12-31,0.08279755440695834
35261,2024-03-31,61542,2024-06-30,0.059353064203588664
35261,2024-06-30,63755,2024-09-30,0.03954534629124531
35261,2024-09-30,67337,2024-12-31,0.01645788395924834
35274,2024-03-31,2471273,2024-06-30,0.016428412950003423
35274,2024-06-30,2373558,2024-09-30,-0.001074696842441849
35274,2024-09-30,2387593,2024-12-31,0.0012428899211791538
35276,2024-03-31,643582,2024-06-30,0.018506176007988435
35276,2024-06-30,629213,2024-09-30,0.014284296296709494
35276,2024-09-30,633151,2024-12-31,0.010655528156850258
35278,2024-03-31,2010294,2024-06-30,0.057435581520023364
35278,2024-06-30,2104343,2024-09-30,0.04997997009732754
35278,2024-09-30,2190316,2024-12-31,0.05211837436878355
35286,2024-03-31,294329,2024-06-30,-0.019099953194686714
35292,2024-03-31,315865,2024-06-30,0.013678286621591516
35292,2024-06-30,335990,2024-09-30,0.02466435251206505
35292,2024-09-30,387580,2024-12-31,0.023407940994819174
35295,2024-03-31,3478524,2024-06-30,0.06454715002593654
35295,2024-06-30,3477688,2024-09-30,0.05353446398047105
35295,2024-09-30,3534974,2024-12-31,0.05451062267812471
35314,2024-03-31,15249,2024-06-30,-0.002867694129317497
35314,2024-06-30,14950,2024-09-30,-0.02392741548108904
35314,2024-09-30,15628,2024-12-31,-0.004354617318646724
35320,2024-03-31,337582,2024-06-30,-0.010089187880163891
35320,2024-06-30,324466,2024-09-30,-0.018544018694925588
35320,2024-09-30,328725,2024-12-31,0.0026187644904523137
35323,2024-03-31,459098,2024-06-30,0.09827235411337139
35323,2024-06-30,460431,2024-09-30,0.09610309468414033
35323,2024-09-30,518777,2024-12-31,0.10506897767872479
35331,2024-03-31,473729,2024-06-30,0.027208693653479516
35331,2024-06-30,464612,2024-09-30,0.02956026757169342
35331,2024-09-30,427639,2024-12-31,-0.010534444718929456
35333,2024-03-31,403508,2024-06-30,0.020886743961415957
35333,2024-06-30,406540,2024-09-30,0.0229297766637818
35333,2024-09-30,419446,2024-12-31,0.004521558508507607
35361,2024-03-31,2964783,2024-06-30,0.07319313432287042
35361,2024-06-30,3158784,2024-09-30,0.058473828257579054
35361,2024-09-30,3408863,2024-12-31,0.05400466277872034
35365,2024-03-31,504528,2024-06-30,0.012626093543763891
35365,2024-06-30,515873,2024-09-30,0.01647164210598621
35365,2024-09-30,518111,2024-12-31,0.01595395463651553
35366,2024-03-31,341887,2024-06-30,0.03943948961472473
35366,2024-06-30,346571,2024-09-30,0.040198670784397615
35366,2024-09-30,373221,2024-12-31,0.019446596015221
35377,2024-03-31,164941,2024-06-30,0.005067012163847414
35377,2024-06-30,158197,2024-09-30,0.02899238758729495
35377,2024-09-30,144974,2024-12-31,0.06650344361798449
35388,2024-03-31,500,2024-06-30,9.40216606584327e-08
35388,2024-06-30,500,2024-09-30,9.40216606584327e-08
35388,2024-09-30,500,2024-12-31,9.40216606584327e-08
35393,2024-03-31,110207,2024-06-30,0.026561543108280003
35393,2024-06-30,106203,2024-09-30,-0.012168544544786124
35393,2024-09-30,111347,2024-12-31,0.0029114034876701494
35394,2024-03-31,50500,2024-06-30,4.649368514104754e-07
35394,2024-06-30,50500,2024-09-30,4.649368514104754e-07
35394,2024-09-30,50500,2024-12-31,4.649368514104754e-07
35406,2024-03-31,481230,2024-06-30,0.04557426720113606
35406,2024-06-30,514502,2024-09-30,0.04393464323196399
35406,2024-09-30,525230,2024-12-31,0.0467945821404216
35407,2024-03-31,564067,2024-06-30,0.028382020920260858
35407,2024-06-30,552292,2024-09-30,0.029078498087443626
35407,2024-09-30,564766,2024-12-31,0.027296319127580057
35412,2024-03-31,876145,2024-06-30,0.004515105516429752
35412,2024-06-30,851585,2024-09-30,0.009918618669966503
35412,2024-09-30,900938,2024-12-31,0.009314186838098008
35417,2024-03-31,404672,2024-06-30,0.011970335934375383
35417,2024-06-30,415669,2024-09-30,0.01642934351144604
35417,2024-09-30,401457,2024-12-31,0.01256104342423241
35420,2024-03-31,318253,2024-06-30,0.01592973940125037
35420,2024-06-30,320323,2024-09-30,0.017155972780252854
35420,2024-09-30,331151,2024-12-31,0.011589199254507609
35427,2024-03-31,227297,2024-06-30,0.021180258310162195
35427,2024-06-30,217007,2024-09-30,0.022207574580546754
35427,2024-09-30,232956,2024-12-31,0.03461119959190689
35430,2024-03-31,800553,2024-06-30,0.08625977704721137
35430,2024-06-30,763422,2024-09-30,0.04001134512733789
35430,2024-09-30,807480,2024-12-31,0.03571490119790537
35439,2024-03-31,212343,2024-06-30,-0.022522302400454875
35439,2024-06-30,204759,2024-09-30,0.0029249255156706907
35439,2024-09-30,201369,2024-12-31,0.031993478850951
35441,2024-03-31,436400,2024-06-30,0.011101139904691297
35441,2024-06-30,446767,2024-09-30,0.011146059126602947
35441,2024-09-30,464896,2024-12-31,0.008191222386063417
35442,2024-03-31,76745,2024-06-30,0.01868690339837022
35442,2024-06-30,79697,2024-09-30,-0.002934279716106519
35442,2024-09-30,76886,2024-12-31,0.028703634583600854
35444,2024-03-31,6897004,2024-06-30,-0.021538384342550176
35444,2024-06-30,7164537,2024-09-30,-0.020214258143544477
35444,2024-09-30,6934615,2024-12-31,0.011473169836637114
35450,2024-03-31,167289,2024-06-30,0.010415623742376524
35450,2024-06-30,169543,2024-09-30,0.014502959336665592
35450,2024-09-30,172060,2024-12-31,0.014434733369596074
35455,2024-03-31,247533,2024-06-30,0.017109572990664644
35455,2024-06-30,245294,2024-09-30,0.011706377584715223
35455,2024-09-30,268239,2024-12-31,0.02324106450867393
35456,2024-03-31,672381,2024-06-30,0.02752267975347586
35456,2024-06-30,655319,2024-09-30,0.017363965808712703
35456,2024-09-30,702229,2024-12-31,0.010844750446102202
35477,2024-03-31,246233,2024-06-30,0.021197013180304064
35477,2024-06-30,236738,2024-09-30,0.036428545874610134
35477,2024-09-30,247476,2024-12-31,0.038485129972214274
35480,2024-03-31,314819,2024-06-30,0.0017435775214705142
35480,2024-06-30,330705,2024-09-30,0.0005747263826086907
35480,2024-09-30,344511,2024-12-31,0.011726381168999881
35497,2024-03-31,678340,2024-06-30,0.0450453075167161
35497,2024-06-30,583158,2024-09-30,0.0796125075274327
35497,2024-09-30,588604,2024-12-31,0.068421510563761
35506,2024-03-31,163410,2024-06-30,0.2747017016191651
35506,2024-06-30,144564,2024-09-30,-0.06260254987905109
35506,2024-09-30,147011,2024-12-31,-0.012227694336604924
35510,2024-03-31,500,2024-06-30,9.40216606584327e-08
35510,2024-06-30,500,2024-09-30,9.40216606584327e-08
35510,2024-09-30,500,2024-12-31,9.40216606584327e-08
35513,2024-03-31,480095,2024-06-30,0.0066108372984354
35513,2024-06-30,473300,2024-09-30,-0.0008597047178447036
35513,2024-09-30,484367,2024-12-31,0.012497088240442208
35518,2024-03-31,678822,2024-06-30,0.015002768296828275
35518,2024-06-30,714109,2024-09-30,0.043074683632702344
35518,2024-09-30,790563,2024-12-31,0.03346179780628102
35519,2024-03-31,1217253,2024-06-30,0.024408342674652358
35519,2024-06-30,1192153,2024-09-30,0.0048847121613379944
35519,2024-09-30,1205444,2024-12-31,0.007414427823402731
35521,2024-03-31,671832,2024-06-30,0.05128846874303698
35521,2024-06-30,679785,2024-09-30,0.05369148644124492
35521,2024-09-30,718988,2024-12-31,0.04413482085468846
35530,2024-03-31,2516646,2024-06-30,0.10719896987226343
35530,2024-06-30,2537978,2024-09-30,0.09693940177265888
35530,2024-09-30,2601410,2024-12-31,0.11848493859595331
35533,2024-03-31,246981,2024-06-30,0.13945413110938
35533,2024-06-30,310006,2024-09-30,0.11366115316416965
35533,2024-09-30,226412,2024-12-31,0.24199212451180266
35541,2024-03-31,2993149,2024-06-30,0.04213774392681684
35541,2024-06-30,2935829,2024-09-30,0.03378462985559779
35541,2024-09-30,2754205,2024-12-31,0.01720044859374162
35543,2024-03-31,336234,2024-06-30,0.011815130771319012
35543,2024-06-30,346758,2024-09-30,0.013151602518110818
35543,2024-09-30,351162,2024-12-31,-0.0026020669767270717
35546,2024-03-31,19228297,2024-06-30,0.03225414796760617
35546,2024-06-30,19491565,2024-09-30,0.02827744065090335
35546,2024-09-30,20177585,2024-12-31,0.029870454634601827
35558,2024-03-31,92568,2024-06-30,0.026568769783643947
35558,2024-06-30,94658,2024-09-30,0.015936882614011726
35558,2024-09-30,92298,2024-12-31,0.033089967194073235
35568,2024-03-31,692207,2024-06-30,0.030174321381321458
35568,2024-06-30,706781,2024-09-30,0.02804271045079984
35568,2024-09-30,718752,2024-12-31,0.02504663788049743
35583,2024-03-31,39603504,2024-06-30,0.02246786616607702
35583,2024-06-30,39970180,2024-09-30,0.01264367850439924
35583,2024-09-30,41155588,2024-12-31,0.025622809272053255
35585,2024-03-31,284780,2024-06-30,0.022236154595066678
35585,2024-06-30,295509,2024-09-30,0.009129028406825107
35585,2024-09-30,305997,2024-12-31,0.008094863482038517
35597,2024-03-31,132436,2024-06-30,0.009098108025256168
35597,2024-06-30,134213,2024-09-30,0.00695335720453587
35597,2024-09-30,147624,2024-12-31,0.017551156078244833
35602,2024-03-31,724,2024-06-30,0.013159546917284819
35602,2024-06-30,734,2024-09-30,0.01338858328361987
35602,2024-09-30,743,2024-12-31,0.012365624984177275
35604,2024-03-31,165312,2024-06-30,0.0291263134254654
35604,2024-06-30,162771,2024-09-30,0.015829642549040297
35604,2024-09-30,162766,2024-12-31,0.01556153254580466
55130,2024-03-31,425585,2024-06-30,0.010460643660019269
55130,2024-06-30,472962,2024-09-30,-0.008430753155714144
55130,2024-09-30,534118,2024-12-31,0.039343297036137585
57022,2024-03-31,261972,2024-06-30,0.006627261699436166
57022,2024-06-30,272139,2024-09-30,0.0023118731438520807
57022,2024-09-30,299298,2024-12-31,-0.0049926339823784475
57025,2024-03-31,115668,2024-06-30,0.011546880849316966
57025,2024-06-30,111668,2024-09-30,0.004832292932457903
57025,2024-09-30,114664,2024-12-31,0.017251067414416458
57031,2024-03-31,30822,2024-06-30,-0.026707639644689345
57031,2024-06-30,29595,2024-09-30,-0.021044396733503026
57031,2024-09-30,28306,2024-12-31,-0.026312692293580905
57033,2024-03-31,312904,2024-06-30,0.031071099884304055
57033,2024-06-30,311592,2024-09-30,0.028063531046464113
57033,2024-09-30,343348,2024-12-31,0.04300691747067627
57034,2024-03-31,194466,2024-06-30,0.02901581748150419
57038,2024-03-31,7250479,2024-06-30,0.03206061087581999
57038,2024-06-30,7365685,2024-09-30,0.035285814850714095
57038,2024-09-30,7417456,2024-12-31,0.0362189429757495
57044,2024-03-31,1934673,2024-06-30,0.026355377372883737
57044,2024-06-30,1938655,2024-09-30,0.020282297570909737
57044,2024-09-30,3745500,2024-12-31,0.08445377574262833
57056,2024-03-31,2155922,2024-06-30,0.029529687077645462
57056,2024-06-30,2265047,2024-09-30,0.036456593447726296
57056,2024-09-30,2400655,2024-12-31,0.03864472799041952
57058,2024-03-31,197352,2024-06-30,0.016532693053475545
57058,2024-06-30,210404,2024-09-30,-0.0005256683212170857
57058,2024-09-30,218379,2024-12-31,-0.0022682124707372507
57061,2024-03-31,883609,2024-06-30,0.021968879245660534
57061,2024-06-30,886157,2024-09-30,0.021572914701907513
57061,2024-09-30,898743,2024-12-31,0.020495914833182978
57069,2024-03-31,748377,2024-06-30,0.03306303036166785
57069,2024-06-30,728952,2024-09-30,0.04661743986507634
57069,2024-09-30,737479,2024-12-31,0.040150984545238286
57071,2024-03-31,1418223,2024-06-30,0.030066983517279742
57071,2024-06-30,1539613,2024-09-30,0.05828355990262901
57071,2024-09-30,1675343,2024-12-31,0.049581514810901214
57073,2024-03-31,343583,2024-06-30,0.02668732678484536
57073,2024-06-30,357882,2024-09-30,0.03179705451367031
57073,2024-09-30,360067,2024-12-31,0.02244792118740666
57074,2024-03-31,198573,2024-06-30,0.024662320545802002
57074,2024-06-30,197254,2024-09-30,-0.003946253301952375
57074,2024-09-30,203801,2024-12-31,0.03273765791288482
57077,2024-03-31,1875410,2024-06-30,0.013027378979412817
57077,2024-06-30,1710491,2024-09-30,0.08241858620443665
57077,2024-09-30,1785348,2024-12-31,0.02725611129884749
57082,2024-03-31,4258409,2024-06-30,0.03623309020691781
57082,2024-06-30,4140279,2024-09-30,0.041362795353155284
57082,2024-09-30,4309789,2024-12-31,0.037242643714750244
57083,2024-03-31,4670784,2024-06-30,-0.06979895586450949
57083,2024-06-30,4603873,2024-09-30,-0.058370839350653056
57083,2024-09-30,4537928,2024-12-31,-0.05585466963148643
57092,2024-03-31,265784,2024-06-30,0.023430447165228983
57092,2024-06-30,270462,2024-09-30,0.019895376668637364
57092,2024-09-30,272461,2024-12-31,0.020189562980941333
57093,2024-03-31,50500,2024-06-30,4.649368514104754e-07
57093,2024-06-30,50500,2024-09-30,4.649368514104754e-07
57093,2024-09-30,50500,2024-12-31,4.649368514104754e-07
57095,2024-03-31,1216619,2024-06-30,0.04597998551824415
57095,2024-06-30,1251895,2024-09-30,0.04830666459270689
57095,2024-09-30,1841347,2024-12-31,0.07506418140688988
57097,2024-03-31,882549,2024-06-30,0.010996088089565852
57097,2024-06-30,878134,2024-09-30,0.027398639652776106
57097,2024-09-30,921225,2024-12-31,0.009422435056990778
57101,2024-03-31,546883,2024-06-30,-0.0195547716627102
57101,2024-06-30,507439,2024-09-30,0.016975687524492564
57101,2024-09-30,547830,2024-12-31,0.019115634673988066
57102,2024-03-31,636287,2024-06-30,0.04247688621131238
57102,2024-06-30,607382,2024-09-30,0.02666248592012161
57102,2024-09-30,611044,2024-12-31,0.020735490519497794
57103,2024-03-31,1731834,2024-06-30,0.022387641351907725
57103,2024-06-30,1857781,2024-09-30,0.007992374740944753
57103,2024-09-30,1856246,2024-12-31,-0.014281265204947708
57109,2024-03-31,500,2024-06-30,9.40216606584327e-08
57109,2024-06-30,500,2024-09-30,9.40216606584327e-08
57109,2024-09-30,500,2024-12-31,9.40216606584327e-08
57123,2024-03-31,397065,2024-06-30,0.06027255747440157
57123,2024-06-30,348266,2024-09-30,0.09397447603748936
57123,2024-09-30,324358,2024-12-31,0.12820201090942823
57124,2024-03-31,576777,2024-06-30,0.0056954044121644305
57124,2024-06-30,558707,2024-09-30,0.013670871490145797
57124,2024-09-30,570683,2024-12-31,0.02975078316191894
57127,2024-03-31,511825,2024-06-30,0.02613307721196166
57127,2024-06-30,501953,2024-09-30,0.024900159979343396
57127,2024-09-30,507184,2024-12-31,0.02858679163750712
57129,2024-03-31,776729,2024-06-30,0.02011362656811642
57129,2024-06-30,694502,2024-09-30,0.04178424598903071
57129,2024-09-30,731922,2024-12-31,0.03997747927992392
57134,2024-03-31,3713364,2024-06-30,0.11334365464802786
57134,2024-06-30,3681326,2024-09-30,0.03601705283032387
57134,2024-09-30,3662174,2024-12-31,0.03203747853375412
57137,2024-03-31,169288,2024-06-30,0.01005186639936734
57137,2024-06-30,172935,2024-09-30,0.031206077401678224
57137,2024-09-30,174151,2024-12-31,-0.008379483348474501
57141,2024-03-31,67575,2024-06-30,0.01869413977923276
57141,2024-06-30,68021,2024-09-30,0.007801109271538611
57141,2024-09-30,71090,2024-12-31,0.015368484668394146
57160,2024-03-31,500,2024-06-30,9.40216606584327e-08
57160,2024-06-30,500,2024-09-30,9.40216606584327e-08
57160,2024-09-30,500,2024-12-31,9.40216606584327e-08
57167,2024-03-31,82467,2024-06-30,0.03679821498801117
57167,2024-06-30,77594,2024-09-30,0.041113035954815864
57176,2024-03-31,963325,2024-06-30,0.1046451666222091
57176,2024-06-30,991165,2024-09-30,0.05535016395765813
57176,2024-09-30,1033293,2024-12-31,0.2453411075721604
57184,2024-03-31,895081,2024-06-30,0.00903994297938318
57184,2024-06-30,881203,2024-09-30,9.034983229447275e-05
57184,2024-09-30,889669,2024-12-31,-0.019378399314501197
57192,2024-03-31,140099,2024-06-30,0.004777578068778499
57192,2024-06-30,132068,2024-09-30,-0.013805852065965773
57192,2024-09-30,132875,2024-12-31,-0.0023891090372155535
57197,2024-03-31,813819,2024-06-30,0.005254189540589395
57197,2024-06-30,799834,2024-09-30,0.014286785966224416
57197,2024-09-30,803118,2024-12-31,0.00844716381206735
57203,2024-03-31,30599000,2024-06-30,-0.014937284392656135
57203,2024-06-30,30179000,2024-09-30,-0.006657898464852757
57203,2024-09-30,32207000,2024-12-31,0.0184312121320936
57228,2024-03-31,1509644,2024-06-30,0.023120079858153984
57228,2024-06-30,1571240,2024-09-30,0.03171023398571778
57228,2024-09-30,1535771,2024-12-31,0.02515045150326003
57230,2024-03-31,259444,2024-06-30,0.016050992494135247
57230,2024-06-30,251376,2024-09-30,0.024577388315197218
57230,2024-09-30,253101,2024-12-31,0.028588458123570134
57244,2024-03-31,1757354,2024-06-30,0.04061554264456207
57244,2024-06-30,1721565,2024-09-30,0.03642807205838905
57244,2024-09-30,1765967,2024-12-31,0.03382822340697492
57250,2024-03-31,298485,2024-06-30,0.048738764484005964
57250,2024-06-30,280383,2024-09-30,0.060017950553303015
57250,2024-09-30,350492,2024-12-31,0.03613179240787683
57252,2024-03-31,501120,2024-06-30,-0.01466053468651062
57252,2024-06-30,508561,2024-09-30,-0.007745204078591513
57252,2024-09-30,510011,2024-12-31,-0.00329472813190216
57265,2024-03-31,1543232,2024-06-30,0.011587174889682732
57265,2024-06-30,1534053,2024-09-30,0.015992463189345343
57265,2024-09-30,1536333,2024-12-31,0.021040179794045457
57269,2024-03-31,1089858,2024-06-30,0.015967576693368773
57269,2024-06-30,1058988,2024-09-30,0.011015460981221149
57269,2024-09-30,1062643,2024-12-31,0.011192082427663189
57273,2024-03-31,121935,2024-06-30,0.02174824639513181
57273,2024-06-30,115716,2024-09-30,0.02201733478871805
57273,2024-09-30,114537,2024-12-31,0.014330366481789493
57280,2024-03-31,272446,2024-06-30,0.03552982225256905
57280,2024-06-30,294033,2024-09-30,0.02177779670447978
57280,2024-09-30,281115,2024-12-31,0.0462296379764407
57295,2024-03-31,609391,2024-06-30,-0.007663923512242897
57295,2024-06-30,550825,2024-09-30,0.053492374926011034
57295,2024-09-30,531097,2024-12-31,0.1474192240371665
57298,2024-03-31,559251,2024-06-30,0.03950764782768564
57298,2024-06-30,569873,2024-09-30,0.005494148512374448
57298,2024-09-30,518166,2024-12-31,0.06506472168545761
57301,2024-03-31,394812,2024-06-30,0.015755137183527335
57301,2024-06-30,394640,2024-09-30,0.021050155546355608
57301,2024-09-30,394215,2024-12-31,0.017855280403500786
57311,2024-03-31,16564202,2024-06-30,0.04497370333892734
57311,2024-06-30,16430962,2024-09-30,0.01976929040690498
57311,2024-09-30,17349098,2024-12-31,0.0296822307171894
57312,2024-03-31,158760,2024-06-30,0.004463840208681052
57312,2024-06-30,145557,2024-09-30,-0.03972095962943588
57312,2024-09-30,154032,2024-12-31,-0.010062626216393098
57335,2024-03-31,278359,2024-06-30,0.01162360412792821
57335,2024-06-30,281141,2024-09-30,0.013182168475259635
57335,2024-09-30,278122,2024-12-31,0.01214486021073967
57336,2024-03-31,199877,2024-06-30,0.029446721330267673
57336,2024-06-30,208383,2024-09-30,0.02895793516312891
57336,2024-09-30,220331,2024-12-31,0.026846896686959023
57348,2024-03-31,2570905,2024-06-30,0.038100465188702574
57348,2024-06-30,2546368,2024-09-30,0.048915630556038835
57348,2024-09-30,2546520,2024-12-31,0.050233293240802175
57358,2024-03-31,9922758,2024-06-30,0.022629831149845736
57358,2024-06-30,9763891,2024-09-30,-0.003964632561168456
57358,2024-09-30,9714861,2024-12-31,0.01443817861487383
57359,2024-03-31,348814,2024-06-30,0.03146075189182451
57359,2024-06-30,333922,2024-09-30,0.041908654497252715
57359,2024-09-30,350356,2024-12-31,0.02638744194843116
57363,2024-03-31,36478,2024-06-30,0.002003297666201382
57363,2024-06-30,34499,2024-09-30,-0.012763806852970332
57363,2024-09-30,32662,2024-12-31,-0.010692217541273301
57368,2024-03-31,2684733,2024-06-30,0.014007657390920235
57368,2024-06-30,2673482,2024-09-30,0.007567963088915469
57368,2024-09-30,2700653,2024-12-31,0.012433090632230085
57369,2024-03-31,2112234,2024-06-30,0.03033292857298163
57369,2024-06-30,2073662,2024-09-30,0.017161834808164498
57369,2024-09-30,2150720,2024-12-31,0.01903290655903046
57373,2024-03-31,360401,2024-06-30,0.009476297773501903
57373,2024-06-30,350934,2024-09-30,0.019654200566164404
57373,2024-09-30,368847,2024-12-31,0.011447091167245424
57377,2024-03-31,730273,2024-06-30,0.039887306690891224
57377,2024-06-30,737987,2024-09-30,0.03522167767568343
57377,2024-09-30,740027,2024-12-31,0.03463979466277758
57391,2024-03-31,111077,2024-06-30,-0.0024287990012341254
57391,2024-06-30,108338,2024-09-30,-0.004667193402038188
57391,2024-09-30,108735,2024-12-31,0.005597653092687967
57396,2024-03-31,182606,2024-06-30,0.014081445548705435
57396,2024-06-30,183698,2024-09-30,0.012559495498391594
57396,2024-09-30,186731,2024-12-31,0.011480034943898435
57408,2024-03-31,14464000,2024-06-30,0.0421304358435703
57408,2024-06-30,14181000,2024-09-30,0.018183319537885767
57408,2024-09-30,14558000,2024-12-31,0.026061240382268803
57414,2024-03-31,512205,2024-06-30,0.030402532371334712
57414,2024-06-30,522487,2024-09-30,0.034330233321600054
57414,2024-09-30,540390,2024-12-31,0.030718807893163582
57415,2024-03-31,1315272,2024-06-30,0.0022826232138732534
57415,2024-06-30,1328726,2024-09-30,0.008844457000465612
57415,2024-09-30,1347743,2024-12-31,0.011901799825822772
57416,2024-03-31,411812,2024-06-30,0.017877775276858823
57416,2024-06-30,402930,2024-09-30,0.01722880110471486
57416,2024-09-30,383970,2024-12-31,0.014680343030541424
57417,2024-03-31,1997268,2024-06-30,0.03859666623397466
57417,2024-06-30,2027101,2024-09-30,0.04820328589351232
57417,2024-09-30,2062015,2024-12-31,0.05296086510209357
57420,2024-03-31,181485,2024-06-30,0.0027335409983468375
57420,2024-06-30,183296,2024-09-30,0.004385773201140214
57420,2024-09-30,180606,2024-12-31,-5.016101009322238e-05
57425,2024-03-31,799352,2024-06-30,0.034503980640103155
57425,2024-06-30,805040,2024-09-30,0.03873121191592042
57425,2024-09-30,780475,2024-12-31,0.02973953824327562
57429,2024-03-31,158917,2024-06-30,0.028607247695920785
57429,2024-06-30,155303,2024-09-30,0.04203757829354251
57429,2024-09-30,156269,2024-12-31,0.03649618247928845
57444,2024-03-31,274234,2024-06-30,0.02693533743252167
57444,2024-06-30,280362,2024-09-30,0.02850901318957098
57444,2024-09-30,290535,2024-12-31,0.02481604912224677
57449,2024-03-31,1883446,2024-06-30,0.037013567948098285
57449,2024-06-30,2011506,2024-09-30,0.016236562104598704
57449,2024-09-30,2112953,2024-12-31,0.005176215672044697
57450,2024-03-31,238272000,2024-06-30,-0.045036076479682954
57450,2024-06-30,224023000,2024-09-30,-0.02635195337569923
57450,2024-09-30,222165000,2024-12-31,-0.009959546449586581
57451,2024-03-31,922758,2024-06-30,-0.0014738568998212494
57451,2024-06-30,910613,2024-09-30,0.043476285832975914
57451,2024-09-30,934997,2024-12-31,0.01508538496881326
57463,2024-03-31,2411205,2024-06-30,0.0318689154424886
57463,2024-06-30,2414601,2024-09-30,0.03622095031397969
57463,2024-09-30,2468294,2024-12-31,0.032335164564972686
57465,2024-03-31,583389,2024-06-30,0.019162202252248423
57465,2024-06-30,584565,2024-09-30,0.025778648446958784
57465,2024-09-30,591670,2024-12-31,0.033448441277840475
57468,2024-03-31,85802,2024-06-30,0.024853183526638133
57468,2024-06-30,82282,2024-09-30,0.02541414610794102
57468,2024-09-30,85800,2024-12-31,0.01544292503505141
57470,2024-03-31,500,2024-06-30,9.40216606584327e-08
57470,2024-06-30,500,2024-09-30,9.40216606584327e-08
57470,2024-09-30,500,2024-12-31,9.40216606584327e-08
57483,2024-03-31,888309,2024-06-30,0.02159304123553903
57483,2024-06-30,903034,2024-09-30,0.02414767400303559
57483,2024-09-30,917075,2024-12-31,0.018392046360839253
57488,2024-03-31,206796,2024-06-30,-0.0012413439137240292
57488,2024-06-30,213729,2024-09-30,0.0020492978682373534
57488,2024-09-30,215447,2024-12-31,0.00040793159542938917
57491,2024-03-31,310340,2024-06-30,-0.00017150714523945585
57491,2024-06-30,308991,2024-09-30,0.0003949747897001985
57491,2024-09-30,325690,2024-12-31,0.00819828560170696
57495,2024-03-31,156461,2024-06-30,-0.003975877117099311
57495,2024-06-30,162964,2024-09-30,-0.038578996951986994
57495,2024-09-30,171149,2024-12-31,0.021391746264017467
57497,2024-03-31,1151767,2024-06-30,-0.0015987387832122918
57497,2024-06-30,1104575,2024-09-30,0.007299379934559625
57497,2024-09-30,1204524,2024-12-31,0.0037200273157157594
57505,2024-03-31,420683,2024-06-30,0.07619704050424284
57505,2024-06-30,421986,2024-09-30,0.058103760637884645
57505,2024-09-30,412238,2024-12-31,0.08122529017614474
57510,2024-03-31,1757952,2024-06-30,0.05261718629803064
57510,2024-06-30,1739774,2024-09-30,0.06676964155141357
57510,2024-09-30,1902533,2024-12-31,0.054368413206974865
57511,2024-03-31,609136,2024-06-30,0.13070094287639414
57511,2024-06-30,644251,2024-09-30,0.024845814013375545
57511,2024-09-30,652578,2024-12-31,0.0405717848454209
57512,2024-03-31,62618307,2024-06-30,0.06462624558525361
57512,2024-06-30,66597570,2024-09-30,0.07113059687453989
57512,2024-09-30,68361131,2024-12-31,0.06147624701498411
57522,2024-03-31,919141,2024-06-30,-0.0029580498035086415
57522,2024-06-30,833626,2024-09-30,0.026942142464183406
57522,2024-09-30,836793,2024-12-31,0.04986358202585974
57540,2024-03-31,530932,2024-06-30,0.01842387845652729
57540,2024-06-30,532462,2024-09-30,0.0149272348165139
57540,2024-09-30,529246,2024-12-31,0.014548333582694447
57542,2024-03-31,4566277,2024-06-30,0.014251895146841205
57542,2024-06-30,4922739,2024-09-30,0.04742499893662085
57542,2024-09-30,5475906,2024-12-31,0.06245983297529944
57543,2024-03-31,441765,2024-06-30,0.025654966911794762
57543,2024-06-30,409264,2024-09-30,0.07308345279050073
57543,2024-09-30,442604,2024-12-31,0.03552111908676582
57548,2024-03-31,101326,2024-06-30,0.03655124589010044
57548,2024-06-30,103920,2024-09-30,0.020849676071363826
57548,2024-09-30,114853,2024-12-31,0.03344591778697436
57554,2024-03-31,661237,2024-06-30,0.018170656149683717
57554,2024-06-30,685774,2024-09-30,0.023777355022006938
57554,2024-09-30,706347,2024-12-31,0.005577557658048515
57565,2024-03-31,89863719,2024-06-30,0.008371647877262961
57565,2024-06-30,88128454,2024-09-30,0.015402698072610632
57565,2024-09-30,89732253,2024-12-31,0.03737005117371676
57569,2024-03-31,163746,2024-06-30,0.021360588635030747
57569,2024-06-30,165443,2024-09-30,0.02234571619307905
57569,2024-09-30,165776,2024-12-31,0.02015393451111565
57570,2024-03-31,9525543,2024-06-30,0.028473130356468698
57570,2024-06-30,9526270,2024-09-30,0.03155161983993619
57570,2024-09-30,9708845,2024-12-31,0.0379142270697173
57571,2024-03-31,130627,2024-06-30,-0.003193902404568974
57571,2024-06-30,120095,2024-09-30,0.0004987669370659245
57571,2024-09-30,123474,2024-12-31,-0.00178226702414963
57576,2024-03-31,284369,2024-06-30,0.044419363012022026
57576,2024-06-30,305350,2024-09-30,0.03832860471840159
57576,2024-09-30,322833,2024-12-31,0.033817013480178244
57579,2024-03-31,170612,2024-06-30,0.007747489562015799
57579,2024-06-30,182918,2024-09-30,0.007113276066634316
57579,2024-09-30,181648,2024-12-31,0.004844022836694645
57585,2024-03-31,660190,2024-06-30,0.06368556966206783
57585,2024-06-30,698587,2024-09-30,0.061672704823546205
57585,2024-09-30,710094,2024-12-31,0.06319937183989854
57587,2024-03-31,292969,2024-06-30,0.043435355385508946
57587,2024-06-30,295200,2024-09-30,0.031774964375769495
57587,2024-09-30,313517,2024-12-31,0.043214870539495444
57591,2024-03-31,1456356,2024-06-30,0.0344569958879883
57591,2024-06-30,1432031,2024-09-30,0.018312307530799155
57591,2024-09-30,1527256,2024-12-31,0.008211221085949365
57598,2024-03-31,710352,2024-06-30,0.02940092194837779
57598,2024-06-30,736838,2024-09-30,0.025771385054330572
57598,2024-09-30,749471,2024-12-31,0.016783356335446666
57603,2024-03-31,795456,2024-06-30,0.021571715592221607
57603,2024-06-30,794412,2024-09-30,0.021600078685957497
57603,2024-09-30,802330,2024-12-31,0.015465504485859859
57607,2024-03-31,2552680,2024-06-30,0.03039207121619913
57607,2024-06-30,2431032,2024-09-30,0.05398827019819547
57607,2024-09-30,2520970,2024-12-31,0.06294029497084182
57610,2024-03-31,468285,2024-06-30,0.0225180329503491
57610,2024-06-30,461054,2024-09-30,0.025143425162311345
57610,2024-09-30,470934,2024-12-31,0.009345600545456037
57614,2024-03-31,5423273,2024-06-30,-0.013000807334429793
57614,2024-06-30,5593845,2024-09-30,0.018440968093231265
57614,2024-09-30,5920530,2024-12-31,0.034140534090624945
57624,2024-03-31,201640,2024-06-30,0.01868117338139805
57624,2024-06-30,205578,2024-09-30,0.016064303346737502
57624,2024-09-30,210931,2024-12-31,0.020970292753121695
57626,2024-03-31,421721,2024-06-30,0.019888170111172433
57626,2024-06-30,427904,2024-09-30,0.025075835297733787
57626,2024-09-30,408729,2024-12-31,0.030546859674379336
57632,2024-03-31,213769,2024-06-30,0.020496086150425682
57632,2024-06-30,220136,2024-09-30,0.0010679146689623116
57632,2024-09-30,218774,2024-12-31,-0.012227058725117637
57633,2024-03-31,2487620,2024-06-30,0.04084962348883535
57633,2024-06-30,2402343,2024-09-30,0.03663685056223379
57633,2024-09-30,2446106,2024-12-31,0.03726698973306757
57640,2024-03-31,86288,2024-06-30,-0.0038594094933156534
57640,2024-06-30,85209,2024-09-30,-0.007383592416778273
57640,2024-09-30,85615,2024-12-31,-0.009878938682619624
57644,2024-03-31,232572,2024-06-30,0.045042220680358125
57644,2024-06-30,230461,2024-09-30,0.0394255421703582
57644,2024-09-30,235580,2024-12-31,0.03346426327423868
57656,2024-03-31,135356,2024-06-30,0.0075621912597791646
57656,2024-06-30,138599,2024-09-30,0.008317117325591018
57656,2024-09-30,139107,2024-12-31,0.005103496686138273
57665,2024-03-31,10659233,2024-06-30,0.04926226752828178
57665,2024-06-30,10767429,2024-09-30,0.03840186190253968
57665,2024-09-30,11062380,2024-12-31,0.03525239574535303
57672,2024-03-31,502974,2024-06-30,0.08522707404273908
57672,2024-06-30,526274,2024-09-30,0.06275286194414052
57672,2024-09-30,513991,2024-12-31,0.07355722944873903
57684,2024-03-31,250720,2024-06-30,0.011834616827604118
57684,2024-06-30,284899,2024-09-30,0.022915800702875775
57684,2024-09-30,296962,2024-12-31,0.021739138800612314
57686,2024-03-31,410836,2024-06-30,0.02534767792843292
57686,2024-06-30,394627,2024-09-30,0.013057462679340956
57686,2024-09-30,423773,2024-12-31,0.02664035777487853
57694,2024-03-31,286301,2024-06-30,-0.0047272739228079955
57694,2024-06-30,283299,2024-09-30,0.010512097364242445
57694,2024-09-30,299644,2024-12-31,0.06675282448624277
57701,2024-03-31,1983631,2024-06-30,0.03218537926883697
57701,2024-06-30,2108300,2024-09-30,0.023908914317903887
57701,2024-09-30,2076340,2024-12-31,0.042817230808684374
57703,2024-03-31,625770,2024-06-30,0.037969522403431634
57703,2024-06-30,624085,2024-09-30,0.038992865244042565
57703,2024-09-30,691026,2024-12-31,0.03020138063187559
57706,2024-03-31,1022791,2024-06-30,0.04944256462167133
57706,2024-06-30,1021834,2024-09-30,0.06661113558920698
57706,2024-09-30,1137140,2024-12-31,0.0434454845522283
57710,2024-03-31,1161108,2024-06-30,-0.031698550415206674
57710,2024-06-30,1044336,2024-09-30,0.09800827817010976
57710,2024-09-30,1143302,2024-12-31,-0.015367124685280953
57716,2024-03-31,2148266,2024-06-30,0.019938196747547543
57716,2024-06-30,2175060,2024-09-30,0.011811484829133082
57716,2024-09-30,2147304,2024-12-31,0.012126120480963499
57733,2024-03-31,230939,2024-06-30,0.018664689845260693
57734,2024-03-31,215593,2024-06-30,-0.00856683651676432
57734,2024-06-30,219029,2024-09-30,0.005643956478988704
57734,2024-09-30,223605,2024-12-31,0.010116011603692979
57740,2024-03-31,450295,2024-06-30,0.10538851394232368
57740,2024-06-30,460182,2024-09-30,0.04249440727711898
57740,2024-09-30,473212,2024-12-31,0.08554679788026318
57741,2024-03-31,369023,2024-06-30,0.013720074743053525
57741,2024-06-30,362984,2024-09-30,0.015529266238020386
57741,2024-09-30,362918,2024-12-31,0.015558975816718477
57742,2024-03-31,1736940,2024-06-30,0.04423807206290953
57742,2024-06-30,1757600,2024-09-30,0.04649746228665854
57742,2024-09-30,1894943,2024-12-31,0.04666678809065746
57754,2024-03-31,1374109,2024-06-30,0.012358070126581553
57754,2024-06-30,1365342,2024-09-30,0.0026934093314218118
57754,2024-09-30,1411608,2024-12-31,0.01592706990807849
57756,2024-03-31,1751499,2024-06-30,0.030464794502386757
57756,2024-06-30,1807636,2024-09-30,0.03038481006043616
57756,2024-09-30,1809401,2024-12-31,0.02413614460368012
57777,2024-03-31,1901897,2024-06-30,0.033047195650570085
57777,2024-06-30,1918053,2024-09-30,0.03560229480584234
57777,2024-09-30,1979122,2024-12-31,0.020492097688752084
57784,2024-03-31,249785,2024-06-30,0.010539236173573645
57784,2024-06-30,250576,2024-09-30,0.014209676974022417
57784,2024-09-30,259997,2024-12-31,0.0010518811989257465
57785,2024-03-31,152439,2024-06-30,0.01968430631806335
57785,2024-06-30,152060,2024-09-30,0.02202402713567583
57785,2024-09-30,153012,2024-12-31,0.011872492314288021
57803,2024-03-31,159079000,2024-06-30,0.013623698125865903
57803,2024-06-30,155556000,2024-09-30,0.015955080560111454
57803,2024-09-30,155688000,2024-12-31,0.013416459406061747
57807,2024-03-31,586536,2024-06-30,0.09492994507577045
57807,2024-06-30,512349,2024-09-30,0.06481693945274694
57807,2024-09-30,564306,2024-12-31,0.07162347649449581
57813,2024-03-31,1198868,2024-06-30,-0.010849965872108652
57813,2024-06-30,1187389,2024-09-30,-0.003019376380241869
57813,2024-09-30,1230956,2024-12-31,-0.00977056853074601
57815,2024-03-31,2754313,2024-06-30,0.028075395762267523
57815,2024-06-30,2893840,2024-09-30,0.033792802486630455
57815,2024-09-30,2872027,2024-12-31,0.03251963223735413
57825,2024-03-31,861526,2024-06-30,0.01001620279799533
57825,2024-06-30,850286,2024-09-30,0.03575179933594453
57825,2024-09-30,896528,2024-12-31,0.015070532830073998
57833,2024-03-31,6017429,2024-06-30,-0.18802336157548794
57833,2024-06-30,9366777,2024-09-30,-0.012206865193391037
57833,2024-09-30,9095142,2024-12-31,-0.08628893730179758
57834,2024-03-31,500,2024-06-30,9.40216606584327e-08
57834,2024-06-30,500,2024-09-30,9.40216606584327e-08
57834,2024-09-30,500,2024-12-31,9.40216606584327e-08
57841,2024-03-31,513258,2024-06-30,0.055295169641028964
57841,2024-06-30,547746,2024-09-30,0.029125319281424346
57841,2024-09-30,583172,2024-12-31,0.008908659378711685
57849,2024-03-31,559566,2024-06-30,-0.055734000030468384
57849,2024-06-30,438496,2024-09-30,0.40648958305406885
57857,2024-03-31,689782,2024-06-30,0.03264707984408755
57857,2024-06-30,703126,2024-09-30,0.03557883202071667
57857,2024-09-30,739324,2024-12-31,0.039657087285142285
57867,2024-03-31,207527,2024-06-30,0.008128108745450308
57867,2024-06-30,216571,2024-09-30,4.71090695480341e-05
57867,2024-09-30,220520,2024-12-31,0.008545632870182986
57869,2024-03-31,257302,2024-06-30,-0.007665532965340732
57869,2024-06-30,264229,2024-09-30,-0.0011218184278326002
57869,2024-09-30,271846,2024-12-31,0.0026240769693051647
57872,2024-03-31,239787,2024-06-30,0.012144944317443935
57872,2024-06-30,247751,2024-09-30,0.027406328852603894
57872,2024-09-30,275649,2024-12-31,0.04416564613386509
57873,2024-03-31,1361172,2024-06-30,0.03511191571377532
57873,2024-06-30,1341449,2024-09-30,0.024191452878015284
57873,2024-09-30,1448547,2024-12-31,0.03519479869321754
57874,2024-03-31,703850,2024-06-30,0.021029746215237795
57874,2024-06-30,666070,2024-09-30,0.02143729172050434
57874,2024-09-30,710403,2024-12-31,0.02314950373868297
57882,2024-03-31,146199,2024-06-30,0.031972745134246146
57882,2024-06-30,148538,2024-09-30,0.026077650434500048
57882,2024-09-30,146964,2024-12-31,0.01544221540111013
57884,2024-03-31,68891,2024-06-30,-0.04360053876622801
57884,2024-06-30,76591,2024-09-30,0.00038253499436495026
57884,2024-09-30,84165,2024-12-31,0.040659635200990134
57890,2024-03-31,129548803,2024-06-30,-0.001799803734415694
57890,2024-06-30,124422083,2024-09-30,-0.00717205567494001
57890,2024-09-30,130683694,2024-12-31,-8.850360779492462e-05
57892,2024-03-31,239898,2024-06-30,0.017464615956426722
57892,2024-06-30,233355,2024-09-30,0.03367582077604102
57892,2024-09-30,244926,2024-12-31,0.013455497136162424
57897,2024-03-31,194255,2024-06-30,0.03363193689597002
57897,2024-06-30,192431,2024-09-30,0.007057118954799787
57897,2024-09-30,187577,2024-12-31,0.0102711890228117
57899,2024-03-31,136250,2024-06-30,0.023443755188266177
57899,2024-06-30,149577,2024-09-30,-0.004252095967540718
57899,2024-09-30,162837,2024-12-31,-0.020176095973141354
57901,2024-03-31,179318,2024-06-30,0.01296765392414041
57901,2024-06-30,173681,2024-09-30,0.01171356610007009
57901,2024-09-30,209516,2024-12-31,0.008699350889421316
57903,2024-03-31,4469254,2024-06-30,0.07423030445453348
57903,2024-06-30,4817328,2024-09-30,0.08040810166324447
57903,2024-09-30,5198620,2024-12-31,0.05410802751067177
57910,2024-03-31,54160,2024-06-30,-0.007953917720526282
57910,2024-06-30,54093,2024-09-30,-0.01811458348798735
57910,2024-09-30,55571,2024-12-31,0.004752155851730586
57915,2024-03-31,226724,2024-06-30,0.023751325835346192
57915,2024-06-30,227864,2024-09-30,0.024972288204285324
57915,2024-09-30,225324,2024-12-31,0.033527705374570144
57919,2024-03-31,7622191,2024-06-30,0.016227694665347996
57919,2024-06-30,7612620,2024-09-30,0.019837876160760784
57919,2024-09-30,7560480,2024-12-31,0.00317259972856081
57920,2024-03-31,649268,2024-06-30,0.06944310826510679
57920,2024-06-30,667795,2024-09-30,0.05431847343211583
57920,2024-09-30,703987,2024-12-31,0.057608058373519726
57922,2024-03-31,576659,2024-06-30,0.0030714061825157283
57922,2024-06-30,651709,2024-09-30,0.02107636645937996
57922,2024-09-30,672017,2024-12-31,0.045025288898362194
57923,2024-03-31,596944,2024-06-30,0.025973094173473717
57923,2024-06-30,613510,2024-09-30,0.029959229849541007
57923,2024-09-30,660988,2024-12-31,0.03789680241918769
57931,2024-03-31,246872,2024-06-30,0.013165313010248455
57931,2024-06-30,261597,2024-09-30,0.027812491068857904
57931,2024-09-30,308594,2024-12-31,0.04084466625545176
57933,2024-03-31,181706,2024-06-30,0.05355392521257439
57933,2024-06-30,180000,2024-09-30,0.04546214909728402
57933,2024-09-30,190189,2024-12-31,0.03632452220096492
57944,2024-03-31,1896319,2024-06-30,0.03746717137163447
57944,2024-06-30,1940981,2024-09-30,0.029202445353709007
57944,2024-09-30,2066214,2024-12-31,0.04583420865567475
57952,2024-03-31,94229,2024-06-30,0.017200165081560352
57952,2024-06-30,89731,2024-09-30,0.02823565530933245
57952,2024-09-30,89663,2024-12-31,0.02314420453430683
57953,2024-03-31,913612,2024-06-30,0.05001814392160904
57953,2024-06-30,977221,2024-09-30,0.02977735043141654
57953,2024-09-30,966021,2024-12-31,0.05908935934377114
57957,2024-03-31,179546613,2024-06-30,0.011725719430767393
57957,2024-06-30,180066467,2024-09-30,0.006440934083629842
57957,2024-09-30,178987867,2024-12-31,0.006087656910301243
57967,2024-03-31,513309,2024-06-30,0.03027414992884504
57967,2024-06-30,536678,2024-09-30,0.03140479464537478
57967,2024-09-30,548388,2024-12-31,0.03000282403364967
57968,2024-03-31,3354363,2024-06-30,0.017172329399902687
57968,2024-06-30,3369002,2024-09-30,0.018755515630359047
57968,2024-09-30,3333029,2024-12-31,0.007336651374430715
57974,2024-03-31,42353,2024-06-30,-0.03706519061261385
57974,2024-06-30,45627,2024-09-30,-0.010076562664754991
57974,2024-09-30,46248,2024-12-31,-0.011950879655820484
57978,2024-03-31,497716,2024-06-30,0.06135565650112384
57978,2024-06-30,497894,2024-09-30,0.0558193709439791
57978,2024-09-30,517705,2024-12-31,0.0561288030233753
57990,2024-03-31,215487,2024-06-30,0.047086896099741864
57990,2024-06-30,212716,2024-09-30,0.03199172746219596
57990,2024-09-30,216034,2024-12-31,0.02220962140003057
57993,2024-03-31,12774398,2024-06-30,0.055026194345203436
57993,2024-06-30,13282876,2024-09-30,0.0614541504156412
57993,2024-09-30,13169082,2024-12-31,0.0398916910066598
57997,2024-03-31,1944299,2024-06-30,0.03151657856545019
57997,2024-06-30,1967542,2024-09-30,0.015031751169793314
57997,2024-09-30,1947033,2024-12-31,0.052759173499600236
58010,2024-03-31,109474,2024-06-30,0.053303289798702955
58010,2024-06-30,113475,2024-09-30,0.05712419218017993
58010,2024-09-30,117951,2024-12-31,-0.0032774354181502085
58013,2024-03-31,1038746,2024-06-30,-0.0014500525849218044
58013,2024-06-30,981854,2024-09-30,0.004146963293798067
58013,2024-09-30,1011066,2024-12-31,0.01563960032153192
58018,2024-03-31,865193,2024-06-30,0.011509644086018385
58018,2024-06-30,845022,2024-09-30,-0.026245826786803168
58018,2024-09-30,816502,2024-12-31,0.004149182816330732
58025,2024-03-31,147138,2024-06-30,0.00684000266435986
58025,2024-06-30,141141,2024-09-30,0.007790905691984634
58025,2024-09-30,143173,2024-12-31,0.008035384148757655
58029,2024-03-31,460321,2024-06-30,0.03836803591033207
58029,2024-06-30,459770,2024-09-30,0.04464330433733163
58029,2024-09-30,508180,2024-12-31,0.03494798255262914
58030,2024-03-31,337207,2024-06-30,-0.024807427042246907
58030,2024-06-30,348494,2024-09-30,-0.07117798422609158
58030,2024-09-30,426817,2024-12-31,-0.14644108241699372
58037,2024-03-31,80777,2024-06-30,-0.014470727015918948
58037,2024-06-30,83751,2024-09-30,-0.0046010276123403535
58037,2024-09-30,89450,2024-12-31,0.0022119155144900643
58039,2024-03-31,451021,2024-06-30,0.022637839491896374
58039,2024-06-30,468642,2024-09-30,0.020922877436083138
58039,2024-09-30,512094,2024-12-31,0.02294199578947915
58049,2024-03-31,377708,2024-06-30,0.0324829204163714
58049,2024-06-30,373451,2024-09-30,0.029452869084923058
58049,2024-09-30,358443,2024-12-31,0.019155563687867586
58054,2024-03-31,1120370,2024-06-30,0.0031885464904618703
58054,2024-06-30,1117790,2024-09-30,0.002487955822398096
58054,2024-09-30,1110124,2024-12-31,0.0016518507676109148
58057,2024-03-31,1648999,2024-06-30,0.08377532095305809
58057,2024-06-30,1741161,2024-09-30,0.08228548786201724
58057,2024-09-30,1807857,2024-12-31,0.07745448891131457
58060,2024-03-31,828805,2024-06-30,0.0015286765147695144
58060,2024-06-30,832905,2024-09-30,0.0054807741672778885
58060,2024-09-30,851871,2024-12-31,0.00959207370145073
58063,2024-03-31,173379,2024-06-30,0.06532525869633984
58063,2024-06-30,189760,2024-09-30,0.060131487945497664
58063,2024-09-30,195354,2024-12-31,0.056046295600744624
58069,2024-03-31,535213,2024-06-30,0.022205184357123865
58069,2024-06-30,533827,2024-09-30,0.020380858932303403
58069,2024-09-30,555116,2024-12-31,0.029932717863898266
58074,2024-03-31,274834,2024-06-30,0.040157196989192796
58074,2024-06-30,268296,2024-09-30,0.04825923351394464
58074,2024-09-30,261202,2024-12-31,0.04816074327963809
58079,2024-03-31,136720,2024-06-30,0.015212113809960699
58079,2024-06-30,138050,2024-09-30,0.012555845830814753
58079,2024-09-30,137836,2024-12-31,0.014591278973085786
58082,2024-03-31,262702,2024-06-30,0.08113449516706413
58082,2024-06-30,311070,2024-09-30,0.13917341591505275
58082,2024-09-30,340078,2024-12-31,0.10679099924741155
58088,2024-03-31,1393100,2024-06-30,0.047973260353095154
58088,2024-06-30,1496905,2024-09-30,0.03871551094163441
58088,2024-09-30,1626731,2024-12-31,0.04113534046686936
58090,2024-03-31,1202451,2024-06-30,0.038394254057320415
58090,2024-06-30,1169967,2024-09-30,0.07951078653703296
58090,2024-09-30,1289137,2024-12-31,0.03778891398406616
58095,2024-03-31,577097,2024-06-30,0.03151370686926136
58095,2024-06-30,588373,2024-09-30,0.03814982682380995
58095,2024-09-30,681152,2024-12-31,0.035125564845342044
58103,2024-03-31,176295,2024-06-30,-0.011094942098734411
58103,2024-06-30,178451,2024-09-30,0.004702439030330007
58103,2024-09-30,200220,2024-12-31,-0.009831069055400977
58106,2024-03-31,173103,2024-06-30,0.027245387918512044
58106,2024-06-30,178591,2024-09-30,0.03431765928441912
58106,2024-09-30,177708,2024-12-31,0.02694044447497624
58111,2024-03-31,379523,2024-06-30,0.029244904128654995
58111,2024-06-30,371068,2024-09-30,0.06959873687539252
58111,2024-09-30,381241,2024-12-31,0.036773504551041315
58113,2024-03-31,568588,2024-06-30,0.04260326970842736
58113,2024-06-30,574559,2024-09-30,0.026505619906573862
58113,2024-09-30,567653,2024-12-31,0.028302468815080004
58114,2024-03-31,372414,2024-06-30,0.02047158427067687
58114,2024-06-30,387441,2024-09-30,0.019855752975458843
58114,2024-09-30,397286,2024-12-31,0.030869546380516047
58115,2024-03-31,2087898,2024-06-30,0.05745298395155838
58115,2024-06-30,2397019,2024-09-30,0.08583442840830183
58115,2024-09-30,2502144,2024-12-31,0.043226388961109766
58121,2024-03-31,647080,2024-06-30,0.037447282059662294
58121,2024-06-30,682949,2024-09-30,0.029726349084570666
58121,2024-09-30,675663,2024-12-31,0.039645879292707686
58140,2024-03-31,1444885,2024-06-30,0.06328916278353662
58140,2024-06-30,1498267,2024-09-30,0.06667158081571475
58140,2024-09-30,1547260,2024-12-31,0.07123810713126955
58148,2024-03-31,310592,2024-06-30,0.13717349621644134
58148,2024-06-30,331722,2024-09-30,0.08485718601932983
58148,2024-09-30,342358,2024-12-31,0.03864619343359274
58158,2024-03-31,121591,2024-06-30,0.011308854427298346
58158,2024-06-30,117679,2024-09-30,0.01574438489362618
58158,2024-09-30,122943,2024-12-31,0.023370345465987718
58164,2024-03-31,280170,2024-06-30,0.0419846579766175
58164,2024-06-30,277277,2024-09-30,0.037941896819405255
58164,2024-09-30,290545,2024-12-31,0.013913492447996233
58165,2024-03-31,780702,2024-06-30,0.036416417059074266
58165,2024-06-30,790193,2024-09-30,0.030343063353768827
58165,2024-09-30,806237,2024-12-31,0.028749589135187804
58177,2024-03-31,21211915,2024-06-30,-0.0031785939916916263
58177,2024-06-30,21073781,2024-09-30,0.02846073323907492
58177,2024-09-30,21704835,2024-12-31,0.026169513097826443
58181,2024-03-31,2844969,2024-06-30,0.049205315235153965
58181,2024-06-30,2781178,2024-09-30,0.02941748935153132
58181,2024-09-30,2752981,2024-12-31,0.04187009643915909
58184,2024-03-31,364839,2024-06-30,0.07874926914976878
58184,2024-06-30,363322,2024-09-30,0.06738099714400723
58184,2024-09-30,331397,2024-12-31,0.15296783380505669
58188,2024-03-31,500,2024-06-30,-0.00830747270014562
58188,2024-06-30,500,2024-09-30,-0.006180090069228209
58188,2024-09-30,500,2024-12-31,-0.000897387454066668
58201,2024-03-31,413620,2024-06-30,0.025129023949028394
58201,2024-06-30,398143,2024-09-30,0.014830790931627555
58201,2024-09-30,384626,2024-12-31,0.046329877741854916
58203,2024-03-31,567345,2024-06-30,0.05726985655540015
58203,2024-06-30,560171,2024-09-30,0.06943032577623308
58203,2024-09-30,570410,2024-12-31,0.0582185446611435
58208,2024-03-31,598234,2024-06-30,0.0286609363104158
58208,2024-06-30,607936,2024-09-30,0.023478516785635395
58208,2024-09-30,648345,2024-12-31,0.0100851423670934
58210,2024-03-31,3828145,2024-06-30,0.037352715790850796
58210,2024-06-30,3822514,2024-09-30,0.031076425531678494
58210,2024-09-30,3770097,2024-12-31,0.018145360260983696
58214,2024-03-31,104167,2024-06-30,-0.004904744703548165
58214,2024-06-30,115029,2024-09-30,-0.02063594550880827
58214,2024-09-30,124187,2024-12-31,0.0010580970040956685
58216,2024-03-31,1000,2024-06-30,5.727636326826744e-07
58216,2024-06-30,1000,2024-09-30,9.592631505145124e-08
58216,2024-09-30,1000,2024-12-31,9.592631505145124e-08
58218,2024-03-31,350147,2024-06-30,0.029684268584641734
58218,2024-06-30,354228,2024-09-30,0.036344323898049195
58218,2024-09-30,342418,2024-12-31,0.039093264162126135
58220,2024-03-31,334143,2024-06-30,0.03633364364142138
58220,2024-06-30,336517,2024-09-30,0.043402896563050554
58220,2024-09-30,344408,2024-12-31,0.032785944855268
58224,2024-03-31,412706,2024-06-30,0.02563328013892079
58224,2024-06-30,463677,2024-09-30,-0.022716589116148274
58224,2024-09-30,590249,2024-12-31,-0.14605266153407584
58228,2024-03-31,5583858,2024-06-30,0.045343210524325155
58228,2024-06-30,5580775,2024-09-30,0.040023394171774994
58228,2024-09-30,5650030,2024-12-31,0.04152782181523129
58230,2024-03-31,183266,2024-06-30,0.01910822047388039
58230,2024-06-30,183251,2024-09-30,0.00886842299145579
58230,2024-09-30,193174,2024-12-31,0.0008797227426034197
58234,2024-03-31,299108,2024-06-30,0.017852529056804445
58234,2024-06-30,296508,2024-09-30,0.013438267322620217
58234,2024-09-30,307878,2024-12-31,0.031057743438440276
58239,2024-03-31,822000,2024-06-30,0.0340165669256078
58239,2024-06-30,1059919,2024-09-30,0.012939437628553385
58239,2024-09-30,1090333,2024-12-31,0.03198454337555333
58243,2024-03-31,1905728,2024-06-30,0.0027706266842278276
58243,2024-06-30,1917653,2024-09-30,0.011098221648607581
58243,2024-09-30,1940196,2024-12-31,0.01492229564512262
58255,2024-03-31,2897079,2024-06-30,0.03943667742852578
58255,2024-06-30,2945437,2024-09-30,0.03600819687812525
58255,2024-09-30,3041574,2024-12-31,0.0325272434624157
58257,2024-03-31,505294,2024-06-30,0.014330281355251913
58257,2024-06-30,525197,2024-09-30,0.029489791780969086
58257,2024-09-30,584816,2024-12-31,0.039201194679235205
58259,2024-03-31,799992,2024-06-30,0.04013267540206584
58259,2024-06-30,753934,2024-09-30,0.06240013454955164
58259,2024-09-30,766694,2024-12-31,0.04757309922122935
58263,2024-03-31,180345,2024-06-30,0.040415588786560416
58263,2024-06-30,180924,2024-09-30,0.033832231070956335
58263,2024-09-30,187926,2024-12-31,0.03479228683496419
58264,2024-03-31,1639966,2024-06-30,0.038664314969966945
58264,2024-06-30,1665479,2024-09-30,0.04648811371932127
58264,2024-09-30,1689036,2024-12-31,0.056607191147251504
58271,2024-03-31,249736,2024-06-30,0.036051318611716766
58271,2024-06-30,252907,2024-09-30,0.02970442312590365
58271,2024-09-30,259977,2024-12-31,0.020329329931217884
58276,2024-03-31,508578,2024-06-30,0.05092737085153202
58276,2024-06-30,521567,2024-09-30,0.044836232352821546
58276,2024-09-30,539003,2024-12-31,0.03904439436789863
58278,2024-03-31,445058,2024-06-30,0.035706074614351734
58278,2024-06-30,450463,2024-09-30,0.027198650510810322
58278,2024-09-30,454554,2024-12-31,0.019585103879026417
58281,2024-03-31,1058798,2024-06-30,0.03268403973172312
58281,2024-06-30,1075851,2024-09-30,0.030245685771323378
58281,2024-09-30,1140407,2024-12-31,0.04914280858424541
58282,2024-03-31,126237,2024-06-30,0.010325922936451213
58282,2024-06-30,130652,2024-09-30,0.012507698189490055
58282,2024-09-30,135040,2024-12-31,0.016666009319662514
58289,2024-03-31,271749,2024-06-30,-0.00255433441854822
58289,2024-06-30,305306,2024-09-30,-0.001933636322126502
58289,2024-09-30,318060,2024-12-31,0.01824417038931994
58291,2024-03-31,1907684,2024-06-30,0.06332410215407797
58291,2024-06-30,2004956,2024-09-30,0.06389013683320922
58291,2024-09-30,2110509,2024-12-31,0.050046088458409854
58297,2024-03-31,727391,2024-06-30,0.042751704315788286
58297,2024-06-30,740947,2024-09-30,0.04059708950270935
58297,2024-09-30,780878,2024-12-31,0.032632455122188646
58300,2024-03-31,146949,2024-06-30,0.030873586488529912
58300,2024-06-30,144203,2024-09-30,0.039447297512361694
58300,2024-09-30,155492,2024-12-31,0.013249576338352293
58303,2024-03-31,21330848,2024-06-30,-0.05997138304776752
58303,2024-06-30,21468492,2024-09-30,-0.09740001262793754
58303,2024-09-30,21733324,2024-12-31,-0.10324121151807207
58307,2024-03-31,611538,2024-06-30,0.08547420469721875
58307,2024-06-30,621408,2024-09-30,0.08435831195304949
58307,2024-09-30,636667,2024-12-31,0.07877061077153004
58309,2024-03-31,2021776,2024-06-30,-0.005177861440118258
58309,2024-06-30,2045371,2024-09-30,0.008071911727943191
58309,2024-09-30,2099772,2024-12-31,0.023764459657827086
58310,2024-03-31,1133767,2024-06-30,0.06804739276439681
58310,2024-06-30,1183207,2024-09-30,0.06475720256505353
58310,2024-09-30,1215780,2024-12-31,0.056570452208191103
58311,2024-03-31,277615,2024-06-30,0.013758351718718568
58311,2024-06-30,292431,2024-09-30,0.023654003019263563
58311,2024-09-30,297972,2024-12-31,0.019976722127448644
58314,2024-03-31,2426387,2024-06-30,0.01160335689852517
58314,2024-06-30,2522173,2024-09-30,0.01023699890557647
58314,2024-09-30,2548803,2024-12-31,0.015452784988491968
58316,2024-03-31,2209916,2024-06-30,0.041648957896537706
58316,2024-06-30,2211490,2024-09-30,0.03718472643655561
58316,2024-09-30,2289183,2024-12-31,0.03714739242441704
58322,2024-03-31,207869,2024-06-30,0.03724637072304773
58322,2024-06-30,219238,2024-09-30,0.0322929828760148
58322,2024-09-30,236288,2024-12-31,-0.013011547584414829
58324,2024-03-31,143825,2024-06-30,0.00931063221732801
58324,2024-06-30,138973,2024-09-30,0.03824839606582049
58324,2024-09-30,143475,2024-12-31,0.02203020634526386
58341,2024-03-31,537483,2024-06-30,0.05471589881101254
58341,2024-06-30,547151,2024-09-30,0.051168510807185937
58341,2024-09-30,622334,2024-12-31,0.05043859039199635
58348,2024-03-31,412144,2024-06-30,0.049792135930698256
58348,2024-06-30,422761,2024-09-30,0.0537394058731462
58348,2024-09-30,440356,2024-12-31,0.048140583457650564
58357,2024-03-31,310991,2024-06-30,0.016041122374531782
58357,2024-06-30,310130,2024-09-30,0.011650611040971676
58357,2024-09-30,314249,2024-12-31,0.012225769560558762
58359,2024-03-31,167723,2024-06-30,0.01564820539363333
58359,2024-06-30,169011,2024-09-30,0.014212211547760673
58359,2024-09-30,166719,2024-12-31,0.014431118699144431
58371,2024-03-31,337263,2024-06-30,0.01984802565516612
58371,2024-06-30,355564,2024-09-30,0.022649964975239387
58371,2024-09-30,342361,2024-12-31,0.0030954972511661495
58374,2024-03-31,1836859,2024-06-30,0.03796407618130975
58374,2024-06-30,1870766,2024-09-30,0.03151589420082607
58374,2024-09-30,1984881,2024-12-31,0.04182419632101557
58377,2024-03-31,257109,2024-06-30,0.039364501038670875
58377,2024-06-30,247257,2024-09-30,0.08638426143545609
58377,2024-09-30,264453,2024-12-31,0.04180526752288004
58396,2024-03-31,461470,2024-06-30,0.012588023043547442
58396,2024-06-30,448484,2024-09-30,0.024923391104149897
58396,2024-09-30,473637,2024-12-31,0.02242915770534146
58401,2024-03-31,460392,2024-06-30,-0.029343668480771412
58401,2024-06-30,441392,2024-09-30,-0.004432716381985401
58401,2024-09-30,439100,2024-12-31,0.011312782027182737
58405,2024-03-31,302265,2024-06-30,0.04168177860355698
58405,2024-06-30,309136,2024-09-30,0.04154961612845107
58405,2024-09-30,336708,2024-12-31,0.05039368650397692
58407,2024-03-31,475018,2024-06-30,-0.0028152037959223745
58407,2024-06-30,451957,2024-09-30,0.007714266430978133
58407,2024-09-30,468495,2024-12-31,0.040430465666406304
58410,2024-03-31,6777032,2024-06-30,0.1854834113782545
58410,2024-06-30,7024369,2024-09-30,0.1535692809472718
58410,2024-09-30,6741808,2024-12-31,0.1774175372338093
58411,2024-03-31,590530,2024-06-30,0.03669635846154993
58411,2024-06-30,595929,2024-09-30,0.04188480360875936
58411,2024-09-30,589558,2024-12-31,0.039301170078906544
58413,2024-03-31,133124,2024-06-30,0.0023370436862542934
58413,2024-06-30,132834,2024-09-30,-0.0017309073205723459
58413,2024-09-30,143409,2024-12-31,0.0178937240380846
58423,2024-03-31,129233,2024-06-30,0.01779149224725877
58423,2024-06-30,147663,2024-09-30,0.022455776066693342
58423,2024-09-30,129674,2024-12-31,0.021187487216205027
58424,2024-03-31,1253349,2024-06-30,0.017798211968045607
58424,2024-06-30,1206127,2024-09-30,0.03157414285402825
58424,2024-09-30,1258559,2024-12-31,0.0148577620508289
58426,2024-03-31,59627,2024-06-30,-0.029093990445538866
58426,2024-06-30,55594,2024-09-30,-0.029605761308512713
58426,2024-09-30,51901,2024-12-31,-0.03618433678484478
58428,2024-03-31,250448,2024-06-30,0.0010427477632279473
58428,2024-06-30,265605,2024-09-30,0.019639241097910386
58428,2024-09-30,247725,2024-12-31,0.011949725476828302
58433,2024-03-31,1532063,2024-06-30,0.03668057480619607
58433,2024-06-30,1537741,2024-09-30,0.03088260613093311
58433,2024-09-30,1542861,2024-12-31,0.00809234859433948
58443,2024-03-31,187403,2024-06-30,-0.012565801134948118
58443,2024-06-30,200231,2024-09-30,0.008553412695564859
58443,2024-09-30,215075,2024-12-31,0.022876749761561906
58446,2024-03-31,535806,2024-06-30,0.037923249199820167
58446,2024-06-30,535439,2024-09-30,0.03418884828405844
58446,2024-09-30,568404,2024-12-31,0.036767570702088574
58450,2024-03-31,168952,2024-06-30,0.020440972488832174
58450,2024-06-30,175489,2024-09-30,0.022770726417623677
58450,2024-09-30,170315,2024-12-31,0.0190674710828626
58457,2024-03-31,17974443,2024-06-30,0.05744877372551625
58457,2024-06-30,17933649,2024-09-30,0.06200926958731821
58457,2024-09-30,18914194,2024-12-31,0.054925343825661645
58458,2024-03-31,16185381,2024-06-30,0.051679344815296444
58458,2024-06-30,15765196,2024-09-30,0.026356978619399223
58458,2024-09-30,15270583,2024-12-31,0.02267432527777267
58463,2024-03-31,4397341,2024-06-30,0.04051012417865753
58463,2024-06-30,4323525,2024-09-30,0.026936687225591026
58463,2024-09-30,4328537,2024-12-31,0.015468374168727612
58469,2024-03-31,547757,2024-06-30,0.012894815031356695
58469,2024-06-30,555640,2024-09-30,0.014995138755180564
58469,2024-09-30,610877,2024-12-31,0.03927434165136989
58470,2024-03-31,348516,2024-06-30,0.026719737239465708
58470,2024-06-30,346759,2024-09-30,0.028304877288295924
58470,2024-09-30,349751,2024-12-31,0.02243201906676438
58479,2024-03-31,1008125,2024-06-30,0.06028669559211548
58479,2024-06-30,1003333,2024-09-30,0.06278738984421614
58479,2024-09-30,1027032,2024-12-31,0.04194135739674903
58481,2024-03-31,2970262,2024-06-30,0.03724032276878928
58481,2024-06-30,2967634,2024-09-30,0.0352027759874017
58481,2024-09-30,3050070,2024-12-31,0.03834153932598035
58482,2024-03-31,278399,2024-06-30,0.05180707874694946
58482,2024-06-30,268393,2024-09-30,0.07295933330614766
58482,2024-09-30,285263,2024-12-31,0.06535051812399578
58483,2024-03-31,1122729,2024-06-30,0.060455225750568456
58483,2024-06-30,1158662,2024-09-30,0.05236539159402586
58483,2024-09-30,1295341,2024-12-31,0.03716044775499375
58484,2024-03-31,337233,2024-06-30,0.03076444379547481
58484,2024-06-30,342558,2024-09-30,0.035998536350052325
58484,2024-09-30,344857,2024-12-31,0.033709125311153096
58485,2024-03-31,885934,2024-06-30,0.03210379279632859
58485,2024-06-30,892505,2024-09-30,0.0316465725970279
58486,2024-03-31,3079640,2024-06-30,0.03627910386626244
58486,2024-06-30,3010450,2024-09-30,0.05170502713553701
58486,2024-09-30,3085454,2024-12-31,0.05245185387395484
58490,2024-03-31,1540832,2024-06-30,0.03416988719450213
58490,2024-06-30,1519997,2024-09-30,0.03629597438297412
58490,2024-09-30,1617524,2024-12-31,0.046712081025968195
58500,2024-03-31,264018,2024-06-30,0.050167748118677205
58500,2024-06-30,265262,2024-09-30,0.047403120611536564
58500,2024-09-30,276314,2024-12-31,0.034801981500270474
58504,2024-03-31,991654,2024-06-30,0.00922170038678145
58504,2024-06-30,1090705,2024-09-30,0.03883075542731585
58504,2024-09-30,1095672,2024-12-31,0.02069524759349063
58508,2024-03-31,302079,2024-06-30,0.025300668411952297
58508,2024-06-30,294417,2024-09-30,0.020185316085214837
58508,2024-09-30,297691,2024-12-31,0.01691948165351467
58509,2024-03-31,683792,2024-06-30,0.03414260875375251
58509,2024-06-30,708222,2024-09-30,0.04936261702906672
58509,2024-09-30,725753,2024-12-31,0.04170998042095192
58511,2024-03-31,445391,2024-06-30,0.040693945972514294
58511,2024-06-30,508467,2024-09-30,0.013854501578498667
58511,2024-09-30,556214,2024-12-31,0.02025060575013258
58513,2024-03-31,1705876,2024-06-30,0.010978471287412929
58513,2024-06-30,1699653,2024-09-30,0.01337641592815887
58513,2024-09-30,2046615,2024-12-31,-0.0266656459524289
58517,2024-03-31,167565,2024-06-30,0.02851181515370663
58517,2024-06-30,154210,2024-09-30,0.048574924996230937
58517,2024-09-30,158893,2024-12-31,0.040121299227836735
58523,2024-03-31,298375,2024-06-30,0.007794477091791727
58523,2024-06-30,314539,2024-09-30,0.03475049274821221
58523,2024-09-30,320127,2024-12-31,0.015984652306908157
58534,2024-03-31,1057086,2024-06-30,0.05750301117661999
58534,2024-06-30,941609,2024-09-30,0.02400035985364482
58534,2024-09-30,1017966,2024-12-31,0.011069763969945525
58536,2024-03-31,1758283,2024-06-30,-0.00924940362679193
58536,2024-06-30,1721457,2024-09-30,0.0028307853412043622
58536,2024-09-30,1710706,2024-12-31,0.006931660002724815
58537,2024-03-31,310036,2024-06-30,0.06599067225956934
58537,2024-06-30,283702,2024-09-30,0.032492102559864816
58537,2024-09-30,299037,2024-12-31,0.04035278399391054
58556,2024-03-31,362756,2024-06-30,0.00902054383756956
58556,2024-06-30,351577,2024-09-30,0.009812032552147703
58556,2024-09-30,367079,2024-12-31,0.01434233821550315
58558,2024-03-31,2124053,2024-06-30,0.06136781374857185
58558,2024-06-30,2188543,2024-09-30,0.05791891872018584
58558,2024-09-30,2431396,2024-12-31,0.05426272285400499
58563,2024-03-31,425794,2024-06-30,0.03290116781455236
58563,2024-06-30,428862,2024-09-30,0.038312111356308125
58563,2024-09-30,434740,2024-12-31,0.026860337593597683
58564,2024-03-31,7338353,2024-06-30,0.007397454856488248
58564,2024-06-30,6985773,2024-09-30,0.045253957459357536
58564,2024-09-30,7637538,2024-12-31,0.007491602442197309
58581,2024-03-31,2028498,2024-06-30,0.02606791619386236
58581,2024-06-30,2048672,2024-09-30,0.027632927628175142
58581,2024-09-30,2089781,2024-12-31,0.019240541815048282
58583,2024-03-31,1642155,2024-06-30,0.013424195308329242
58584,2024-03-31,319172,2024-06-30,0.03874357870026384
58584,2024-06-30,293578,2024-09-30,0.012504331909225879
58584,2024-09-30,325399,2024-12-31,0.026308463844185018
58586,2024-03-31,132523,2024-06-30,-0.028136882905522114
58586,2024-06-30,136453,2024-09-30,-0.02213623515838956
58586,2024-09-30,138504,2024-12-31,-0.017238943741504874
58588,2024-03-31,389332,2024-06-30,0.06034730048183723
58588,2024-06-30,403659,2024-09-30,0.056216971816377186
58588,2024-09-30,404682,2024-12-31,0.06463594907424271
58590,2024-03-31,827973,2024-06-30,0.056572028414473285
58590,2024-06-30,817422,2024-09-30,-0.009010571528720554
58590,2024-09-30,919103,2024-12-31,-0.006254566825671016
58595,2024-03-31,1135877,2024-06-30,0.05660273897558763
58595,2024-06-30,1303526,2024-09-30,0.057445257848059046
58595,2024-09-30,1433889,2024-12-31,0.03861400957845464
58596,2024-03-31,3830920,2024-06-30,0.014776139322381261
58596,2024-06-30,3881771,2024-09-30,0.010122156706028392
58596,2024-09-30,4085126,2024-12-31,0.021573669735495706
58597,2024-03-31,214877,2024-06-30,0.01731288111659536
58597,2024-06-30,227688,2024-09-30,0.025136737786463505
58597,2024-09-30,216011,2024-12-31,0.012673159837179938
58602,2024-03-31,231367,2024-06-30,0.04383798541236931
58602,2024-06-30,234280,2024-09-30,0.050559563019818884
58602,2024-09-30,236592,2024-12-31,0.051203795096359826
58615,2024-03-31,381785,2024-06-30,0.02236945692727045
58615,2024-06-30,384627,2024-09-30,0.026687429545768308
58615,2024-09-30,398213,2024-12-31,0.02761290119318006
58619,2024-03-31,613112,2024-06-30,0.06745946140993964
58619,2024-06-30,626321,2024-09-30,0.0353537065969071
58619,2024-09-30,618549,2024-12-31,0.12364735715328608
58626,2024-03-31,814532,2024-06-30,0.04815964303508507
58626,2024-06-30,847271,2024-09-30,0.045649541943548304
58626,2024-09-30,890351,2024-12-31,0.05340422677392933
58629,2024-03-31,8829915,2024-06-30,0.05257065099976979
58629,2024-06-30,8774463,2024-09-30,0.06009773904291437
58629,2024-09-30,8803380,2024-12-31,0.044397256323718104
58636,2024-03-31,167265,2024-06-30,0.01822042551069275
58636,2024-06-30,164339,2024-09-30,0.01631631090547272
58636,2024-09-30,172340,2024-12-31,0.022212627072216294
58644,2024-03-31,296385,2024-06-30,-0.00023812861855507968
58644,2024-06-30,284238,2024-09-30,0.025227141921089262
58644,2024-09-30,289813,2024-12-31,0.0242171422594649
58647,2024-03-31,10658136,2024-06-30,0.08714433981756176
58647,2024-06-30,10778801,2024-09-30,0.05295844683992014
58647,2024-09-30,10342390,2024-12-31,0.05770080218113735
58648,2024-03-31,6600845,2024-06-30,0.0577800146234779
58648,2024-06-30,6744006,2024-09-30,0.04902724456538359
58648,2024-09-30,6642849,2024-12-31,0.04882648753540042
58657,2024-03-31,614134,2024-06-30,0.03477465176597778
58657,2024-06-30,602684,2024-09-30,0.024444373777977542
58657,2024-09-30,629061,2024-12-31,0.037963446989378494
58658,2024-03-31,217348,2024-06-30,0.022211068556033654
58658,2024-06-30,204814,2024-09-30,0.031083303088506244
58658,2024-09-30,226570,2024-12-31,0.017676639238145293
58665,2024-03-31,10463812,2024-06-30,0.0453295484460868
58665,2024-06-30,10785317,2024-09-30,0.032992577462251364
58665,2024-09-30,11474355,2024-12-31,0.042969532392993795
58668,2024-03-31,323867,2024-06-30,0.04063328376728811
58668,2024-06-30,347007,2024-09-30,0.02553169802591892
58668,2024-09-30,351036,2024-12-31,0.03469284941451604
58675,2024-03-31,1917860,2024-06-30,0.09469532009897172
58675,2024-06-30,1942654,2024-09-30,0.07309305024470711
58675,2024-09-30,1958991,2024-12-31,0.09537691347481811
58678,2024-03-31,161609,2024-06-30,0.02267613636542706
58678,2024-06-30,160913,2024-09-30,0.023523676751190884
58678,2024-09-30,163537,2024-12-31,0.020103113684780977
58680,2024-03-31,83672,2024-06-30,0.015486097776453865
58680,2024-06-30,94636,2024-09-30,0.015297369934203536
58680,2024-09-30,94662,2024-12-31,5.909204990823477e-05
58687,2024-03-31,443409,2024-06-30,0.0030381806503748175
58687,2024-06-30,417880,2024-09-30,-0.01997872279248736
58687,2024-09-30,401662,2024-12-31,-0.021565197018622438
58689,2024-03-31,1345463,2024-06-30,0.08916018641359248
58689,2024-06-30,1417417,2024-09-30,0.015228556979530782
58689,2024-09-30,1476911,2024-12-31,0.009075195935710512
58691,2024-03-31,396464,2024-06-30,0.03812952105658778
58691,2024-06-30,404429,2024-09-30,0.03293971556255849
58691,2024-09-30,424359,2024-12-31,0.03517899870934902
58692,2024-03-31,481707,2024-06-30,0.02704328170002483
58692,2024-06-30,489768,2024-09-30,0.026676126360897168
58692,2024-09-30,484618,2024-12-31,0.024034303945321623
58694,2024-03-31,753280,2024-06-30,0.030629142377125745
58694,2024-06-30,791933,2024-09-30,0.04083001447270508
58694,2024-09-30,825823,2024-12-31,0.04355812182568544
58696,2024-03-31,1859503,2024-06-30,0.04513730099812099
58696,2024-06-30,1971416,2024-09-30,0.03240884362570462
58696,2024-09-30,1963418,2024-12-31,0.02505249462412755
58712,2024-03-31,592645,2024-06-30,0.03616182757890523
58712,2024-06-30,601410,2024-09-30,0.030678763193757688
58712,2024-09-30,638804,2024-12-31,0.033989746536737996
58716,2024-03-31,4053528,2024-06-30,0.04867506369955815
58716,2024-06-30,3858631,2024-09-30,0.009186691467249963
58716,2024-09-30,3995245,2024-12-31,0.03666148700743996
58722,2024-03-31,1051145,2024-06-30,0.03367688413372259
58722,2024-06-30,1024056,2024-09-30,0.024077832558827717
58722,2024-09-30,1097185,2024-12-31,0.031379484821965634
58723,2024-03-31,411284,2024-06-30,0.03734827119692558
58723,2024-06-30,400123,2024-09-30,0.042496813498451066
58723,2024-09-30,403070,2024-12-31,0.0313003104586231
58724,2024-03-31,160637,2024-06-30,0.004452850171378325
58724,2024-06-30,161295,2024-09-30,0.009752208954273717
58724,2024-09-30,164923,2024-12-31,0.017581322860247002
58727,2024-03-31,820752,2024-06-30,0.059495212502397525
58727,2024-06-30,833250,2024-09-30,0.05423211167064106
58727,2024-09-30,805909,2024-12-31,0.06150347109275726
58732,2024-03-31,145957,2024-06-30,0.025227879799427855
58732,2024-06-30,142214,2024-09-30,0.02320309192774862
58732,2024-09-30,151340,2024-12-31,0.026533813185437186
58739,2024-03-31,934917,2024-06-30,0.09615549429582565
58739,2024-06-30,948765,2024-09-30,0.08400228769041457
58739,2024-09-30,941185,2024-12-31,0.0871185215771888
58741,2024-03-31,752666,2024-06-30,0.09447813564758387
58741,2024-06-30,915407,2024-09-30,0.09569708695571161
58741,2024-09-30,903764,2024-12-31,0.06611742241439846
58745,2024-03-31,134661,2024-06-30,-0.005739276000957145
58745,2024-06-30,127569,2024-09-30,-0.005577853117572712
58745,2024-09-30,131740,2024-12-31,-0.00819065891629198
58752,2024-03-31,1103560,2024-06-30,0.05796476263236373
58752,2024-06-30,1063037,2024-09-30,0.08040109084051421
58752,2024-09-30,1096960,2024-12-31,0.057940536052929724
58764,2024-03-31,359114,2024-06-30,0.058876121367867414
58764,2024-06-30,353010,2024-09-30,0.06601861195865258
58764,2024-09-30,347043,2024-12-31,0.059883461117467125
58768,2024-03-31,218212,2024-06-30,0.027145940199791805
58768,2024-06-30,215455,2024-09-30,0.0199116445046625
58768,2024-09-30,221578,2024-12-31,0.022484830608014688
58772,2024-03-31,153434,2024-06-30,0.04932605219506807
58772,2024-06-30,142107,2024-09-30,0.06154484445671858
58778,2024-03-31,140842,2024-06-30,0.03606448963093604
58778,2024-06-30,147369,2024-09-30,0.035147484485573456
58778,2024-09-30,147498,2024-12-31,0.02602237021811145
58780,2024-03-31,277071,2024-06-30,0.029965065898417794
58780,2024-06-30,281647,2024-09-30,0.018340961079207848
58780,2024-09-30,284186,2024-12-31,0.013622947956132054
58783,2024-03-31,1439211,2024-06-30,0.03235252599585267
58783,2024-06-30,1404454,2024-09-30,0.07667659017447993
58783,2024-09-30,1534136,2024-12-31,0.0651981131155434
58789,2024-03-31,474642,2024-06-30,0.04518554172925691
58789,2024-06-30,462149,2024-09-30,0.03877036154135924
58789,2024-09-30,471744,2024-12-31,0.03769872628500733
58796,2024-03-31,852797,2024-06-30,0.036267532061313196
58796,2024-06-30,876749,2024-09-30,0.038343248304478
58796,2024-09-30,934869,2024-12-31,0.020910943659920894
58806,2024-03-31,120381,2024-06-30,0.06818870669985802
58806,2024-06-30,120722,2024-09-30,0.04722234349853071
58806,2024-09-30,132693,2024-12-31,0.13229513102266377
58811,2024-03-31,1532825,2024-06-30,0.00728515687064795
58811,2024-06-30,1623507,2024-09-30,0.012017552581535418
58811,2024-09-30,1636317,2024-12-31,-0.008220966139168945
58816,2024-03-31,3072206,2024-06-30,0.031861319689411076
58816,2024-06-30,3056529,2024-09-30,0.021316677043208002
58816,2024-09-30,3128662,2024-12-31,0.02605101000109699
58826,2024-03-31,200478,2024-06-30,0.06070653178874567
58826,2024-06-30,197975,2024-09-30,0.06751902790199903
58826,2024-09-30,228362,2024-12-31,0.02287169009707629
58827,2024-03-31,498647,2024-06-30,0.03287260436890106
58827,2024-06-30,527966,2024-09-30,0.03559211431317618
58827,2024-09-30,569697,2024-12-31,0.04853999641351953
58852,2024-03-31,322411,2024-06-30,0.09770387138857661
58852,2024-06-30,365496,2024-09-30,0.06515949461878448
58852,2024-09-30,359079,2024-12-31,0.06500341364653192
58857,2024-03-31,123438,2024-06-30,0.04481884296024675
58857,2024-06-30,111031,2024-09-30,0.153962080978626
58857,2024-09-30,130729,2024-12-31,0.029982790490349638
58859,2024-03-31,178118,2024-06-30,0.029812586183441445
58859,2024-06-30,186881,2024-09-30,0.02646052856081649
58859,2024-09-30,188560,2024-12-31,0.01736036648360246
58864,2024-03-31,879435,2024-06-30,0.060407749624932665
58864,2024-06-30,974854,2024-09-30,0.07737818530241614
58864,2024-09-30,1002709,2024-12-31,0.05220655890762187
58892,2024-03-31,1744144,2024-06-30,0.022742623100240292
58892,2024-06-30,1791735,2024-09-30,0.019665867923968
58892,2024-09-30,1779295,2024-12-31,0.015245715890059207
58935,2024-03-31,896462,2024-06-30,0.02345748833174038
58935,2024-06-30,901095,2024-09-30,0.02110871510655699
58935,2024-09-30,888758,2024-12-31,0.014424445881444089
58952,2024-03-31,144777,2024-06-30,0.018811371839008256
58952,2024-06-30,138561,2024-09-30,0.03244184484576218
58952,2024-09-30,138011,2024-12-31,0.030346226042309677
58961,2024-03-31,246445,2024-06-30,0.0873339367160461
58961,2024-06-30,252484,2024-09-30,0.04401574944486148
58961,2024-09-30,263337,2024-12-31,0.03144321115359359
58979,2024-03-31,27311025,2024-06-30,0.018653859924198882
58979,2024-06-30,28037211,2024-09-30,0.02477602553402078
58979,2024-09-30,28194371,2024-12-31,0.02131511319130992
59043,2024-03-31,295668,2024-06-30,0.01930224481526567
59043,2024-06-30,263202,2024-09-30,0.004315652748180657
59043,2024-09-30,270412,2024-12-31,0.017181286400912047
59052,2024-03-31,8635371,2024-06-30,0.013607360597770434
59052,2024-06-30,8505473,2024-09-30,0.014672294758242247
59052,2024-09-30,8617006,2024-12-31,0.012537263134695383
59070,2024-03-31,4432193,2024-06-30,0.021252312285022345
59070,2024-06-30,4488937,2024-09-30,0.023946485744611532
59070,2024-09-30,4562100,2024-12-31,0.02473830078249807
59074,2024-03-31,1126618,2024-06-30,0.03963094571282779
59074,2024-06-30,1206939,2024-09-30,0.0418924948734501
59074,2024-09-30,1306750,2024-12-31,0.099292040775163
59086,2024-03-31,594743,2024-06-30,-0.07831265381533901
59086,2024-06-30,602024,2024-09-30,-0.019517140332554805
59086,2024-09-30,614764,2024-12-31,-0.019817603961813274
59093,2024-03-31,1131667,2024-06-30,-0.003924295158788929
59093,2024-06-30,1127307,2024-09-30,-0.004839916441480527
59093,2024-09-30,1139216,2024-12-31,-0.0023428285976898433
59098,2024-03-31,266284,2024-06-30,0.07802523609422266
59098,2024-06-30,257711,2024-09-30,0.03639482206568651
59098,2024-09-30,277853,2024-12-31,0.052978829593613545
59099,2024-03-31,494267,2024-06-30,0.084915480113623
59099,2024-06-30,520201,2024-09-30,0.0629064436964782
59099,2024-09-30,578795,2024-12-31,0.09418678169067612
59101,2024-03-31,458444,2024-06-30,0.04883245806119054
59105,2024-03-31,677193,2024-06-30,0.03034817119921465
59105,2024-06-30,694231,2024-09-30,0.04053042237721837
59105,2024-09-30,735592,2024-12-31,0.05109642767066174
59106,2024-03-31,507884,2024-06-30,0.04643278421769859
59106,2024-06-30,544212,2024-09-30,0.09263851487297253
59106,2024-09-30,587963,2024-12-31,0.12851195862089804
59108,2024-03-31,9396000,2024-06-30,0.06667027914666124
59108,2024-06-30,8628000,2024-09-30,0.04640965402560948
59108,2024-09-30,8679260,2024-12-31,0.03681063161859877
59112,2024-03-31,760953,2024-06-30,0.002379435860941721
59112,2024-06-30,787263,2024-09-30,0.019525975402791586
59112,2024-09-30,803977,2024-12-31,0.0020050614169475965
59113,2024-03-31,752571,2024-06-30,0.15603276399413432
59113,2024-06-30,769706,2024-09-30,0.06826588429912611
59113,2024-09-30,802556,2024-12-31,0.027746812009583136
59114,2024-03-31,549942,2024-06-30,0.03725273582461291
59114,2024-06-30,564004,2024-09-30,0.01367422693309363
59114,2024-09-30,606523,2024-12-31,0.048464288162631985
59117,2024-03-31,231263,2024-06-30,0.008733377737192708
59117,2024-06-30,260941,2024-09-30,0.02740754236780786
59117,2024-09-30,258415,2024-12-31,0.009733673420019856
59138,2024-03-31,205887,2024-06-30,0.03612521603007801
59138,2024-06-30,206443,2024-09-30,0.04210190030565753
59138,2024-09-30,215796,2024-12-31,0.04117354998841089
59140,2024-03-31,268559,2024-06-30,0.06037368649642638
59140,2024-06-30,257667,2024-09-30,0.03252074259726237
59140,2024-09-30,253495,2024-12-31,0.015217610511949161
59143,2024-03-31,280161,2024-06-30,0.008135041715594479
59143,2024-06-30,287901,2024-09-30,0.03923138821326803
59143,2024-09-30,292179,2024-12-31,0.046741656221137295
59144,2024-03-31,370455,2024-06-30,0.07050866830531943
59144,2024-06-30,370407,2024-09-30,-0.002915441234732628
59144,2024-09-30,390989,2024-12-31,0.047300217673829685
59148,2024-03-31,268647,2024-06-30,0.08139438086346319
59148,2024-06-30,292168,2024-09-30,0.0827640396836898
59148,2024-09-30,314908,2024-12-31,0.057011880295126806
59149,2024-03-31,9088,2024-06-30,0.008023521236075101
59149,2024-06-30,10417,2024-09-30,0.04791766201694472
59149,2024-09-30,8625,2024-12-31,0.002014883094206552
59154,2024-03-31,468794,2024-06-30,0.04226075464965856
59154,2024-06-30,424092,2024-09-30,0.06713292675088398
59154,2024-09-30,420788,2024-12-31,0.04301960401992444
59157,2024-03-31,148825,2024-06-30,0.09946921286759239
59157,2024-06-30,158742,2024-09-30,0.09076044339936622
59157,2024-09-30,163130,2024-12-31,0.08059438830335891
59176,2024-03-31,182535,2024-06-30,-0.024277345952967863
59176,2024-06-30,190049,2024-09-30,0.05460379795467106
59176,2024-09-30,192544,2024-12-31,0.047561698629185106
59177,2024-03-31,229296,2024-06-30,0.06383441788966675
59177,2024-06-30,255933,2024-09-30,0.05418286030370288
59177,2024-09-30,291350,2024-12-31,0.09715511639345617
59178,2024-03-31,195521,2024-06-30,0.04920199701285327
59178,2024-06-30,199864,2024-09-30,0.06344065838351291
59178,2024-09-30,203625,2024-12-31,0.04589518467593341
59181,2024-03-31,129903,2024-06-30,0.029429290835789847
59181,2024-06-30,120704,2024-09-30,0.027119396921497303
59181,2024-09-30,141444,2024-12-31,0.03952219099617192
59182,2024-03-31,136422,2024-06-30,0.023619580850626737
59182,2024-06-30,134601,2024-09-30,0.014297554252128588
59182,2024-09-30,135913,2024-12-31,0.03154721330904551
59183,2024-03-31,669692,2024-06-30,0.07788858015308005
59183,2024-06-30,693142,2024-09-30,0.0456925011853974
59183,2024-09-30,765131,2024-12-31,0.12045711202655077
59185,2024-03-31,412883,2024-06-30,0.03142378600780669
59185,2024-06-30,376949,2024-09-30,-0.026318376335072887
59185,2024-09-30,391805,2024-12-31,0.01436486237957951
59188,2024-03-31,477589,2024-06-30,0.053814726642638616
59188,2024-06-30,444467,2024-09-30,0.026544532270110412
59188,2024-09-30,477327,2024-12-31,0.03912195569211528
59190,2024-03-31,379143,2024-06-30,-0.05427298619011965
59190,2024-06-30,339216,2024-09-30,0.011928383419536948
59190,2024-09-30,302422,2024-12-31,0.09436821653755981
59193,2024-03-31,238448,2024-06-30,0.13683511644416518
59193,2024-06-30,244223,2024-09-30,0.08459675850781508
59193,2024-09-30,259283,2024-12-31,0.1154528933672687
59195,2024-03-31,123345,2024-06-30,0.16814612460455736
59195,2024-06-30,133545,2024-09-30,0.11033397765694097
59195,2024-09-30,146219,2024-12-31,0.11431169715052582
59199,2024-03-31,141640,2024-06-30,0.14226897141123848
59199,2024-06-30,156050,2024-09-30,0.2174796200448856
59199,2024-09-30,182578,2024-12-31,0.1641499295410588
59203,2024-03-31,39519,2024-06-30,0.283039659519687
59203,2024-06-30,39724,2024-09-30,0.12701015125352438
59203,2024-09-30,53027,2024-12-31,0.27452248322236156
59204,2024-03-31,47972,2024-06-30,0.05874076785833004
59204,2024-06-30,57292,2024-09-30,0.18938150897846787
59204,2024-09-30,55383,2024-12-31,0.020615977441164748
59205,2024-03-31,960633,2024-06-30,0.11865311443275792
59205,2024-06-30,1033457,2024-09-30,0.07229624918517674
59205,2024-09-30,1148466,2024-12-31,0.10024010832012542
59206,2024-03-31,207629,2024-06-30,0.12047701306353699
59206,2024-06-30,233908,2024-09-30,0.09327444742868997
59206,2024-09-30,246090,2024-12-31,0.07948001605356778
59209,2024-03-31,193316,2024-06-30,0.10913561586771599
59209,2024-06-30,212825,2024-09-30,0.1323643495508756
59209,2024-09-30,206667,2024-12-31,0.12398485886754071
59219,2024-03-31,189283,2024-06-30,0.026850626708233287
59219,2024-06-30,195785,2024-09-30,0.022135993577359483
59219,2024-09-30,212135,2024-12-31,0.07761699733612938
59239,2024-03-31,42599,2024-06-30,0.19236359028964886
59239,2024-06-30,46653,2024-09-30,0.24095106022960655
59239,2024-09-30,52777,2024-12-31,0.20397540332926148
59245,2024-03-31,134674,2024-06-30,0.0671508150586222
59245,2024-06-30,133745,2024-09-30,-0.020956812404774386
59245,2024-09-30,141653,2024-12-31,0.2665521421539651
59249,2024-03-31,118932,2024-06-30,0.012530712082084118
59249,2024-06-30,132080,2024-09-30,0.06209664995216554
59249,2024-09-30,147667,2024-12-31,0.07035155826122336
59257,2024-03-31,554232,2024-06-30,0.2263961547949629
59257,2024-06-30,620887,2024-09-30,0.24327689392334972
59257,2024-09-30,781865,2024-12-31,0.25705756909734456
59262,2024-03-31,57666,2024-06-30,0.0032786739194191543
59262,2024-06-30,53749,2024-09-30,0.00922711292355884
59262,2024-09-30,54122,2024-12-31,-0.014996120497552192
59265,2024-03-31,154973,2024-06-30,0.1865260987206579
59265,2024-06-30,188147,2024-09-30,0.130614622376383
59265,2024-09-30,221410,2024-12-31,0.1887069087380028
59273,2024-03-31,34667,2024-06-30,0.45483901815101246
59273,2024-06-30,29029,2024-09-30,-0.05118260141137991
59273,2024-09-30,31399,2024-12-31,0.28344996454122184
59278,2024-03-31,170029,2024-06-30,0.0799199317040145
59278,2024-06-30,199598,2024-09-30,0.20096617818121326
59278,2024-09-30,224352,2024-12-31,0.1813584913712049
59281,2024-03-31,68004,2024-06-30,0.013017163547304629
59281,2024-06-30,73841,2024-09-30,0.04484318555336199
59281,2024-09-30,84699,2024-12-31,0.07291081909317136
59283,2024-03-31,43075,2024-06-30,0.2838982047927238
59283,2024-06-30,47917,2024-09-30,0.23608511056530002
59283,2024-09-30,76657,2024-12-31,0.28134017542945833
59285,2024-03-31,71783,2024-06-30,0.048038188442157834
59285,2024-06-30,83276,2024-09-30,0.04818525654386523
59285,2024-09-30,82093,2024-12-31,0.041509750069028274
59287,2024-03-31,194934,2024-06-30,0.11467749282156499
59287,2024-06-30,233608,2024-09-30,0.11554430277412839
59287,2024-09-30,297103,2024-12-31,0.208174924513994
59289,2024-03-31,74106,2024-06-30,0.38175579954570654
59289,2024-06-30,86145,2024-09-30,0.1702355777970196
59289,2024-09-30,102833,2024-12-31,0.11067463344616568
59290,2024-03-31,41014,2024-06-30,0.5541866681753727
59290,2024-06-30,61338,2024-09-30,0.5536068776682254
59290,2024-09-30,75823,2024-12-31,0.5520307160492739
59292,2024-03-31,28320,2024-06-30,0.04666274591368309
59292,2024-06-30,30601,2024-09-30,0.12130181544598498
59292,2024-09-30,42240,2024-12-31,0.2417887281347066
59296,2024-03-31,138487,2024-06-30,0.8455625615644923
59296,2024-06-30,161049,2024-09-30,0.08998647600114626
59296,2024-09-30,183865,2024-12-31,0.07636543988967785
59298,2024-03-31,142779,2024-06-30,0.06088715930251268
59298,2024-06-30,191471,2024-09-30,0.1261042186275315
59298,2024-09-30,230108,2024-12-31,0.11597314799203437
59304,2024-03-31,188398,2024-06-30,0.07207295763879239
59304,2024-06-30,197503,2024-09-30,-0.022314954556649363
59304,2024-09-30,207169,2024-12-31,0.14076328079425027
59305,2024-03-31,12121,2024-06-30,12.10945437494653
59305,2024-06-30,23772,2024-09-30,0.6802098936987833
59305,2024-09-30,27260,2024-12-31,0.12351997369721478
59306,2024-03-31,97110,2024-06-30,0.458927806074746
59306,2024-06-30,139971,2024-09-30,0.44850117513269544
59306,2024-09-30,144872,2024-12-31,0.3012716618932823
59312,2024-03-31,25620,2024-06-30,0.047372732558126726
59312,2024-06-30,17427,2024-09-30,0.08707750419909217
59312,2024-09-30,21414,2024-12-31,-0.014180116639023004
59314,2024-03-31,20745,2024-06-30,1.2617294572900302
59314,2024-06-30,35284,2024-09-30,1.0536871046558436
59314,2024-09-30,57912,2024-12-31,0.9531338364303579
59318,2024-03-31,42945,2024-06-30,1.1846101377106095
59318,2024-06-30,39466,2024-09-30,-0.021592216681985434
59318,2024-09-30,41932,2024-12-31,-0.001265665263005365
59324,2024-03-31,79243,2024-06-30,344.7393047538622
59324,2024-06-30,102079,2024-09-30,0.3533668017444285
59324,2024-09-30,108518,2024-12-31,0.20296756818033287
59326,2024-06-30,5476,2024-09-30,2.31878759717972
59326,2024-09-30,10037,2024-12-31,1.5797671162273121
90040,2024-03-31,173532,2024-06-30,-0.015786936484449263
90040,2024-06-30,175203,2024-09-30,0.019794557144974988
90040,2024-09-30,185415,2024-12-31,0.039490621980577324
90140,2024-03-31,812700,2024-06-30,0.02426389714967885
90140,2024-06-30,808695,2024-09-30,0.023486819534161613
90140,2024-09-30,799335,2024-12-31,0.013271039838761375
90141,2024-03-31,1350138,2024-06-30,0.04505132174630599
90141,2024-06-30,1282654,2024-09-30,0.03155228576055056
90141,2024-09-30,1306475,2024-12-31,0.030107986274297154
90146,2024-03-31,509134,2024-06-30,0.008668274227173582
90146,2024-06-30,511138,2024-09-30,0.005679924854069793
90146,2024-09-30,525132,2024-12-31,0.016445305071557427
90169,2024-03-31,1215864,2024-06-30,0.008961392363005563
90169,2024-06-30,1222532,2024-09-30,0.004530642362011716
90169,2024-09-30,1316666,2024-12-31,0.02400824594199721
90173,2024-03-31,1290418,2024-06-30,0.011160457197943941
90173,2024-06-30,1265819,2024-09-30,0.005495386287564806
90173,2024-09-30,1277311,2024-12-31,0.012671733743446165
90175,2024-03-31,659254,2024-06-30,0.011878005938359875
90175,2024-06-30,654075,2024-09-30,-0.007319630263128562
90175,2024-09-30,627083,2024-12-31,0.0038725716384045376
90181,2024-03-31,581453,2024-06-30,0.011547896701178638
90181,2024-06-30,592285,2024-09-30,0.009166575484063405
90181,2024-09-30,592718,2024-12-31,0.008867982671622516
90183,2024-03-31,4984437,2024-06-30,0.012082141907768672
90183,2024-06-30,5048424,2024-09-30,0.014118556289492717
90183,2024-09-30,5152786,2024-12-31,0.01598844400923495
90188,2024-03-31,1611983,2024-06-30,0.018670341729241167
90188,2024-06-30,1699399,2024-09-30,0.02164464616965821
90188,2024-09-30,1687600,2024-12-31,0.012026643849974396
90190,2024-03-31,1053704,2024-06-30,0.011844169678634837
90190,2024-06-30,1023610,2024-09-30,0.04963543023672726
90190,2024-09-30,1046828,2024-12-31,0.00374013363048275
90191,2024-03-31,551909,2024-06-30,0.010435314547621567
90191,2024-06-30,527042,2024-09-30,0.017213383330005726
90191,2024-09-30,544469,2024-12-31,0.00865653596885755
90196,2024-03-31,2415196,2024-06-30,0.031534232806005175
90196,2024-06-30,2388416,2024-09-30,0.030329534781934234
90196,2024-09-30,2404524,2024-12-31,0.027350595374701057
90203,2024-03-31,742071,2024-06-30,0.016645383514834577
90203,2024-06-30,743155,2024-09-30,0.01744012496512389
90203,2024-09-30,761125,2024-12-31,0.018977678688651127
90206,2024-03-31,1012341,2024-06-30,0.03282230160116496
90206,2024-06-30,1039118,2024-09-30,0.024351009803958174
90206,2024-09-30,1024322,2024-12-31,0.035323245119261625
90208,2024-03-31,803498,2024-06-30,0.01302379063578117
90208,2024-06-30,787869,2024-09-30,0.00913216060435519
90208,2024-09-30,834546,2024-12-31,0.009508644148865219
90211,2024-03-31,2407321,2024-06-30,0.032826287125898974
90211,2024-06-30,2433603,2024-09-30,0.01998598221661732
90211,2024-09-30,2476155,2024-12-31,0.018089845888761846
90213,2024-03-31,3434370,2024-06-30,0.026551436627609632
90213,2024-06-30,3625766,2024-09-30,0.018339891096659486
90213,2024-09-30,3654512,2024-12-31,0.023068172545430816
90215,2024-03-31,2014889,2024-06-30,0.023556650165814468
90215,2024-06-30,2035303,2024-09-30,0.014842599609212836
90215,2024-09-30,2054896,2024-12-31,0.01605512277397517
90227,2024-03-31,1419027,2024-06-30,0.008290675034582381
90227,2024-06-30,1452157,2024-09-30,0.01697276293444697
90227,2024-09-30,1417692,2024-12-31,0.00396703939945306
90229,2024-03-31,230123,2024-06-30,0.025663420122455167
90229,2024-06-30,229248,2024-09-30,0.009769315685281409
90229,2024-09-30,229401,2024-12-31,0.006630437615303894
90234,2024-03-31,226752,2024-06-30,0.006003608611137327
90234,2024-06-30,236352,2024-09-30,0.016486982563816702
90234,2024-09-30,225804,2024-12-31,0.0164032136021892
90235,2024-03-31,1377194,2024-06-30,0.02240346117496882
90235,2024-06-30,1356026,2024-09-30,0.003770873216273244
90235,2024-09-30,1290428,2024-12-31,-0.012547604865948959
90245,2024-03-31,605437,2024-06-30,0.02918403174751701
90245,2024-06-30,644463,2024-09-30,0.023913835543996186
90245,2024-09-30,648964,2024-12-31,0.02673102767107278
90250,2024-03-31,3133088,2024-06-30,-0.013782596475054596
90250,2024-06-30,3136572,2024-09-30,0.001668423444273073
90250,2024-09-30,3133418,2024-12-31,0.003441944855610218
90251,2024-03-31,1224001,2024-06-30,0.022868979976944936
90251,2024-06-30,1272771,2024-09-30,0.030592271901552982
90251,2024-09-30,1321558,2024-12-31,0.03247702147225477
90253,2024-03-31,764370,2024-06-30,-0.017892903640451045
90253,2024-06-30,761603,2024-09-30,-0.011891852758509224
90253,2024-09-30,760031,2024-12-31,-0.008212209639699658
90258,2024-03-31,362015,2024-06-30,0.01168485879900715
90258,2024-06-30,357329,2024-09-30,0.002757085609528264
90258,2024-09-30,358697,2024-12-31,0.004355664420992869
90259,2024-03-31,1411263,2024-06-30,0.015109005765983395
90259,2024-06-30,1431565,2024-09-30,0.012907048155968527
90259,2024-09-30,1436058,2024-12-31,-0.0011889092250540645
90268,2024-03-31,388637,2024-06-30,-0.004555427581283147
90268,2024-06-30,387763,2024-09-30,0.07983074495818139
90268,2024-09-30,425604,2024-12-31,-0.06473738270808012
90282,2024-03-31,1301761,2024-06-30,0.011634152193918454
90282,2024-06-30,1280258,2024-09-30,0.006452609716335574
90282,2024-09-30,1287671,2024-12-31,0.010840888307755583
90290,2024-03-31,2263908,2024-06-30,0.04265023737785217
90290,2024-06-30,2398542,2024-09-30,-0.02640995961389794
90290,2024-09-30,2195389,2024-12-31,0.010467346606946922
90291,2024-03-31,727563,2024-06-30,0.009727480030877231
90291,2024-06-30,709895,2024-09-30,0.027270662669477634
90291,2024-09-30,704044,2024-12-31,0.02446012720674742
90297,2024-03-31,962378,2024-06-30,0.039768007089211015
90297,2024-06-30,968316,2024-09-30,0.03665511051601365
90297,2024-09-30,975538,2024-12-31,0.03680184976050022
90300,2024-03-31,2147346,2024-06-30,-0.0009521007682850106
90300,2024-06-30,2175169,2024-09-30,0.0011337215411776392
90300,2024-09-30,2226013,2024-12-31,0.010317261722554035
90303,2024-03-31,1938548,2024-06-30,0.016809564138893347
90303,2024-06-30,1930972,2024-09-30,0.01264445569933586
90303,2024-09-30,1972102,2024-12-31,0.019683616059017858
90308,2024-03-31,608887,2024-06-30,0.002435240092803683
90308,2024-06-30,637397,2024-09-30,0.003945099052713807
90308,2024-09-30,644342,2024-12-31,0.006686758873213631
90311,2024-03-31,481339,2024-06-30,0.022763505418393302
90311,2024-06-30,491452,2024-09-30,0.022563097349686985
90311,2024-09-30,488080,2024-12-31,0.024574349828720806
90384,2024-03-31,326831,2024-06-30,0.0009335000092054742
90384,2024-06-30,324220,2024-09-30,0.034629351927795135
90384,2024-09-30,339061,2024-12-31,-0.009132346455737869
91005,2024-03-31,316727,2024-06-30,0.02405689115377491
91005,2024-06-30,316748,2024-09-30,0.015333496789003205
91005,2024-09-30,299147,2024-12-31,0.01605375129089251
91280,2024-03-31,257575,2024-06-30,0.009188822931533025
91280,2024-06-30,249194,2024-09-30,0.013661611766907928
91280,2024-09-30,248223,2024-12-31,0.006176001057273372
91325,2024-03-31,806,2024-06-30,-0.09480250208221455
91325,2024-06-30,629,2024-09-30,-0.0006662786262318158
91325,2024-09-30,639,2024-12-31,0.00758431744591326
