CERT,REPDTE,NAME,date,ACTEVT,Next report status
14,20241231,STATE STREET BANK&TRUST CO,2024-12-31,,Dataset end
35,20241231,AUBURNBANK,2024-12-31,,Dataset end
39,20241231,ROBERTSON BANKING CO,2024-12-31,,Dataset end
41,20241231,PHENIX-GIRARD BANK,2024-12-31,,Dataset end
46,20211231,MERCHANTS BANK OF ALABAMA,2021-12-31,,Institution stops before dataset end
47,20200630,TRADERS&FARMERS BANK,2020-06-30,,Institution stops before dataset end
49,20241231,BANK OF EVERGREEN,2024-12-31,,Dataset end
50,20241231,COMMUNITY SPIRIT BANK,2024-12-31,,Dataset end
51,20241231,BANK OF VERNON,2024-12-31,,Dataset end
52,20241231,CITIZENS BANK OF WINFIELD,2024-12-31,,Dataset end
54,20241231,EXCHANGE BANK OF ALABAMA,2024-12-31,,Dataset end
58,20241231,UNITED BANK,2024-12-31,810.0,Dataset end
70,20241231,PEOPLES EXCHANGE BANK,2024-12-31,,Dataset end
72,20241231,CENTRAL STATE BANK,2024-12-31,,Dataset end
77,20241231,BANKSOUTH,2024-12-31,,Dataset end
81,20241231,WARREN BANK&TRUST CO,2024-12-31,,Dataset end
88,20241231,GENERATIONS BANK,2024-12-31,,Dataset end
89,20241231,SIGNATURE BANK OF ARKANSAS,2024-12-31,,Dataset end
90,20241231,COMMERCIAL BANK&TRUST CO,2024-12-31,810.0,Dataset end
93,20241231,RIVERSIDE BANK,2024-12-31,,Dataset end
94,20240331,FIRST STATE BANK OF WARREN,2024-03-31,,Institution stops before dataset end
99,20241231,BANK OF DELIGHT,2024-12-31,,Dataset end
105,20241231,BANK OF CAVE CITY,2024-12-31,,Dataset end
107,20241231,MERCHANTS&PLANTERS BANK,2024-12-31,,Dataset end
109,20241231,HORATIO STATE BANK,2024-12-31,,Dataset end
110,20241231,BANK OZK,2024-12-31,,Dataset end
131,20241231,SEACOAST NATIONAL BANK,2024-12-31,810.0,Dataset end
147,20241231,CENTURY BANK&TRUST,2024-12-31,,Dataset end
148,20241231,BANK OF MADISON,2024-12-31,,Dataset end
149,20241231,BANK OF HAZLEHURST,2024-12-31,,Dataset end
155,20241231,BANK OF ALAPAHA,2024-12-31,,Dataset end
160,20241231,EXCHANGE BANK,2024-12-31,,Dataset end
169,20241231,FIRST NB OF GRIFFIN,2024-12-31,,Dataset end
170,20241231,PEOPLES BANK OF GEORGIA,2024-12-31,,Dataset end
172,20241231,UNITED BANK,2024-12-31,,Dataset end
175,20241231,COMMERCIAL BANK,2024-12-31,,Dataset end
178,20241231,TALBOT STATE BANK,2024-12-31,,Dataset end
183,20241231,MERCHANTS&CITIZENS BANK,2024-12-31,,Dataset end
197,20241231,ALLIANCE BANK,2024-12-31,,Dataset end
210,20241231,TRI-COUNTY BANK&TRUST CO,2024-12-31,,Dataset end
214,20241231,WASHINGTON STATE BANK,2024-12-31,,Dataset end
223,20220331,MANSON STATE BANK,2022-03-31,,Institution stops before dataset end
225,20220630,PEOPLES SAVINGS BANK,2022-06-30,,Institution stops before dataset end
226,20241231,GUTHRIE COUNTY STATE BANK,2024-12-31,,Dataset end
228,20241231,AMERICAN STATE BANK,2024-12-31,,Dataset end
230,20241231,COMMUNITY STATE BANK,2024-12-31,,Dataset end
231,20241231,COMMERCIAL SAVINGS BANK,2024-12-31,,Dataset end
232,20241231,SOLON STATE BANK,2024-12-31,,Dataset end
234,20241231,POCAHONTAS STATE BANK,2024-12-31,,Dataset end
235,20241231,SECURITY STATE BANK,2024-12-31,,Dataset end
245,20241231,RACCOON VALLEY BANK,2024-12-31,,Dataset end
248,20241231,STATE SAVINGS BANK,2024-12-31,,Dataset end
251,20241231,FIRST SECURITY BANK,2024-12-31,,Dataset end
252,20241231,PINNACLE BANK,2024-12-31,,Dataset end
253,20241231,LUANA SAVINGS BANK,2024-12-31,,Dataset end
254,20241231,FIRST WHITNEY BANK&TRUST,2024-12-31,,Dataset end
256,20210630,MELVIN SAVINGS BANK,2021-06-30,,Institution stops before dataset end
258,20241231,STOCK YARDS BANK&TRUST CO,2024-12-31,,Dataset end
262,20241231,CITIZENS BANK,2024-12-31,,Dataset end
267,20241231,KENTUCKY FARMERS BANK CORP,2024-12-31,,Dataset end
275,20241231,MORGANTOWN BANK&TRUST CO INC,2024-12-31,,Dataset end
281,20241231,HYDEN CITIZENS BANK,2024-12-31,,Dataset end
284,20241231,AUBURN BANKING CO,2024-12-31,,Dataset end
287,20241231,COMMUNITY FINL SERVICES BK,2024-12-31,,Dataset end
288,20241231,FARMERS&TRADERS BK CAMPTON,2024-12-31,,Dataset end
289,20241231,BANK OF HINDMAN,2024-12-31,,Dataset end
291,20241231,JACKSON COUNTY BANK,2024-12-31,,Dataset end
292,20241231,MONTICELLO BANKING CO,2024-12-31,,Dataset end
296,20241231,BANK OF EDMONSON COUNTY,2024-12-31,,Dataset end
297,20241231,LEWISBURG BANKING CO,2024-12-31,,Dataset end
303,20241231,UNITED CUMBERLAND BANK,2024-12-31,,Dataset end
304,20241231,CLINTON BANK,2024-12-31,,Dataset end
306,20241231,BANK OF ZACHARY,2024-12-31,,Dataset end
307,20241231,LANDMARK BANK,2024-12-31,,Dataset end
314,20241231,MER ROUGE STATE BANK,2024-12-31,,Dataset end
321,20241231,HOLMES COUNTY BANK,2024-12-31,,Dataset end
324,20241231,CITIZENS BANK,2024-12-31,,Dataset end
327,20241231,MERCHANTS&PLANTERS BANK,2024-12-31,,Dataset end
340,20241231,PEOPLES BANK BILOXI MS,2024-12-31,,Dataset end
342,20241231,FARMERS STATE BANK,2024-12-31,,Dataset end
352,20241231,BANK OF BAKER,2024-12-31,,Dataset end
358,20241231,STOCKMENS BANK,2024-12-31,,Dataset end
363,20241231,FIRST MONTANA BANK INC,2024-12-31,,Dataset end
384,20241231,OHIO VALLEY BANK CO,2024-12-31,,Dataset end
389,20241231,PEOPLES BANK,2024-12-31,,Dataset end
399,20241231,FIRST SUMMIT BANK,2024-12-31,,Dataset end
402,20241231,SOONER STATE BANK,2024-12-31,,Dataset end
404,20241231,FARMERS STATE BANK,2024-12-31,,Dataset end
406,20241231,CLEO STATE BANK,2024-12-31,,Dataset end
414,20241231,STOCK EXCHANGE BANK,2024-12-31,,Dataset end
418,20241231,HIGH PLAINS BANK,2024-12-31,,Dataset end
420,20241231,BANK OF VICI,2024-12-31,,Dataset end
421,20241231,SECURITY STATE BANK,2024-12-31,,Dataset end
428,20241231,AMERICAN EXCHANGE BANK,2024-12-31,,Dataset end
432,20241231,SECURITY FIRST NB OF HUGO,2024-12-31,,Dataset end
444,20241231,PS BANK,2024-12-31,,Dataset end
445,20241231,MERCER COUNTY STATE BANK,2024-12-31,,Dataset end
484,20200630,FIRST STB OF CLAREMONT,2020-06-30,810.0,Institution stops before dataset end
485,20241231,SECURITY BANK MIDWEST,2024-12-31,,Dataset end
492,20241231,WESTERN DAKOTA BANK,2024-12-31,,Dataset end
496,20241231,BANKSTAR FINANCIAL,2024-12-31,,Dataset end
501,20241231,FARMERS&MERCHANTS STATE BANK,2024-12-31,,Dataset end
504,20230930,DAKOTA PRAIRIE BANK,2023-09-30,,Institution stops before dataset end
505,20241231,GREAT PLAINS BANK,2024-12-31,,Dataset end
526,20241231,FARMERS STATE BANK,2024-12-31,,Dataset end
529,20241231,CENTRAL BANK&TRUST,2024-12-31,,Dataset end
588,20241231,MANUFACTURERS&TRADERS TR CO,2024-12-31,,Dataset end
597,20241231,CHEMUNG CANAL TRUST CO,2024-12-31,,Dataset end
609,20241231,TOMPKINS COMMUNITY BANK,2024-12-31,,Dataset end
618,20241231,BANK OF MILLBROOK,2024-12-31,,Dataset end
622,20241231,AMALGAMATED BANK,2024-12-31,,Dataset end
623,20241231,DEUTSCHE BANK TR CO AMERICAS,2024-12-31,,Dataset end
628,20241231,JPMORGAN CHASE BANK NA,2024-12-31,820.0,Dataset end
639,20241231,BANK OF NEW YORK MELLON,2024-12-31,,Dataset end
659,20241231,FIVE STAR BANK,2024-12-31,,Dataset end
660,20241231,ADIRONDACK TRUST CO,2024-12-31,,Dataset end
686,20241231,JOURNEY BANK,2024-12-31,810.0,Dataset end
698,20241231,WAYNE BANK,2024-12-31,,Dataset end
713,20241231,ORRSTOWN BANK,2024-12-31,810.0,Dataset end
734,20210331,KENTUCKY BANK,2021-03-31,,Institution stops before dataset end
737,20241231,APPLE CREEK BANKING CO,2024-12-31,,Dataset end
741,20220930,FIRST CITY BANK,2022-09-30,,Institution stops before dataset end
763,20241231,MINSTER BANK,2024-12-31,,Dataset end
769,20241231,FARMERS BANK&SAVINGS CO,2024-12-31,810.0,Dataset end
803,20241231,WESBANCO BANK INC,2024-12-31,,Dataset end
823,20241231,CITIZENS BANK&TRUST CO,2024-12-31,,Dataset end
845,20241231,BANK OF ROMNEY,2024-12-31,,Dataset end
847,20241231,PLEASANTS COUNTY BANK,2024-12-31,,Dataset end
855,20241231,MERCHANTS&FARMERS BK GREENE,2024-12-31,,Dataset end
861,20241231,STATE BANK&TRUST,2024-12-31,,Dataset end
872,20241231,STATE BANK OF COCHRAN,2024-12-31,,Dataset end
873,20241231,SYNOVUS BANK,2024-12-31,,Dataset end
876,20241231,BANK OF DAWSON,2024-12-31,,Dataset end
877,20241231,MAGNOLIA STATE BANK,2024-12-31,,Dataset end
879,20241231,FARMERS STATE BANK,2024-12-31,,Dataset end
889,20241231,GEORGIA FIRST BANK,2024-12-31,,Dataset end
893,20241231,CITIZENS BANK,2024-12-31,,Dataset end
898,20241231,BANK OF FOREST,2024-12-31,,Dataset end
899,20241231,GERBER STATE BANK,2024-12-31,,Dataset end
902,20241231,BYRON BANK,2024-12-31,,Dataset end
903,20241231,AMALGAMATED BANK OF CHICAGO,2024-12-31,,Dataset end
913,20241231,NORTHERN TRUST CO,2024-12-31,,Dataset end
920,20220630,COMMUNITY BANKS SHELBY CNTY,2022-06-30,,Institution stops before dataset end
924,20201231,FARMERS&MECHANICS BANK,2020-12-31,810.0,Institution stops before dataset end
925,20241231,STATE BANK OF GENEVA,2024-12-31,,Dataset end
926,20241231,PEOPLES NB OF KEWANEE,2024-12-31,,Dataset end
931,20241231,CITIZENS STB OF MILFORD,2024-12-31,,Dataset end
938,20211231,TNB BANK,2021-12-31,,Institution stops before dataset end
939,20220930,CITIZENS FIRST STB OF WALNUT,2022-09-30,,Institution stops before dataset end
950,20241231,IOWA STATE BANK,2024-12-31,,Dataset end
951,20241231,CHEROKEE STATE BANK,2024-12-31,,Dataset end
953,20241231,BANKERS TRUST CO,2024-12-31,,Dataset end
954,20241231,FNB BANK,2024-12-31,,Dataset end
955,20241231,CONNECTION BANK,2024-12-31,,Dataset end
956,20241231,GLENWOOD STATE BANK,2024-12-31,,Dataset end
958,20241231,UNITED BANK OF IOWA,2024-12-31,,Dataset end
961,20220331,FIRST NB OF MUSCATINE,2022-03-31,,Institution stops before dataset end
963,20241231,HOME TRUST&SAVINGS BANK,2024-12-31,,Dataset end
966,20241231,HOME STATE BANK,2024-12-31,,Dataset end
968,20241231,SECURITY TRUST&SAVINGS BANK,2024-12-31,,Dataset end
969,20241231,TEMPLETON SAVINGS BANK,2024-12-31,,Dataset end
976,20241231,BLISSFIELD STATE BANK,2024-12-31,,Dataset end
977,20241231,TRI-COUNTY BANK,2024-12-31,,Dataset end
982,20241231,EASTERN MICHIGAN BANK,2024-12-31,,Dataset end
983,20241231,COMERICA BANK,2024-12-31,,Dataset end
999,20241231,G W JONES EXCHANGE BANK,2024-12-31,,Dataset end
1005,20241231,ISABELLA BANK,2024-12-31,,Dataset end
1008,20241231,BANK MICHIGAN,2024-12-31,,Dataset end
1014,20241231,CHOICEONE BANK,2024-12-31,,Dataset end
1022,20241231,CLARE BANK NATIONAL ASSN,2024-12-31,,Dataset end
1027,20241231,FARMERS BANK&TRUST CO,2024-12-31,,Dataset end
1028,20241231,FBT BANK&MORTGAGE,2024-12-31,,Dataset end
1040,20241231,MIDLAND STATES BANK,2024-12-31,820.0,Dataset end
1047,20241231,BANK&TRUST CO,2024-12-31,810.0,Dataset end
1049,20241231,FIRST NB OF STEELEVILLE,2024-12-31,,Dataset end
1058,20241231,MIDWEST BANKCENTRE,2024-12-31,,Dataset end
1060,20241231,WOOD&HUSTON BANK,2024-12-31,,Dataset end
1068,20241231,CASS COMMERCIAL BANK,2024-12-31,,Dataset end
1071,20220331,JEFFERSON BANK&TRUST CO,2022-03-31,,Institution stops before dataset end
1073,20241231,LINDELL BANK&TRUST CO,2024-12-31,,Dataset end
1086,20241231,BANK OF VERSAILLES,2024-12-31,,Dataset end
1090,20241231,UPPER PENINSULA STATE BANK,2024-12-31,,Dataset end
1092,20241231,BAYBANK,2024-12-31,,Dataset end
1095,20241231,CENTRAL SAVINGS BANK,2024-12-31,,Dataset end
1098,20241231,ROOT RIVER STATE BANK,2024-12-31,,Dataset end
1100,20241231,PEOPLES STB OF PLAINVIEW,2024-12-31,,Dataset end
1105,20241231,FIRST INTERSTATE BANK,2024-12-31,,Dataset end
1117,20241231,AMERICAN BANK&TRUST,2024-12-31,,Dataset end
1118,20241231,CITIZENS STB OF ARLINGTON,2024-12-31,,Dataset end
1122,20241231,FIRST FIDELITY BANK,2024-12-31,,Dataset end
1125,20241231,MERCHANTS STATE BANK,2024-12-31,,Dataset end
1141,20241231,COLORADO B&T CO OF LA JUNTA,2024-12-31,,Dataset end
1143,20230331,BANK OF BLUE VALLEY,2023-03-31,,Institution stops before dataset end
1147,20241231,PEOPLES BANK,2024-12-31,,Dataset end
1150,20241231,FIDELITY STATE BANK&TRUST CO,2024-12-31,,Dataset end
1163,20241231,WAHOO STATE BANK,2024-12-31,,Dataset end
1164,20241231,CITIZENS BANK,2024-12-31,,Dataset end
1165,20241231,FIRST BANK OF OKARCHE,2024-12-31,,Dataset end
1167,20241231,UINTA BANK,2024-12-31,,Dataset end
1168,20221231,FIRST STB OF NEWCASTLE,2022-12-31,,Institution stops before dataset end
1169,20241231,SUNDANCE STATE BANK,2024-12-31,,Dataset end
1184,20241231,BANK&TRUST SSB,2024-12-31,,Dataset end
1198,20241231,ARROWHEAD BANK,2024-12-31,,Dataset end
1208,20241231,GUARANTY BANK&TRUST N A,2024-12-31,,Dataset end
1209,20241231,COMMERCIAL BANK OF TEXAS NA,2024-12-31,,Dataset end
1210,20241231,VISTA BANK,2024-12-31,810.0,Dataset end
1213,20241231,CORNERSTONE CAPITAL BANK SSB,2024-12-31,,Dataset end
1218,20241231,FIRST STATE BANK,2024-12-31,,Dataset end
1219,20241231,WELLINGTON STATE BANK,2024-12-31,,Dataset end
1225,20241231,FARMERS&MERCHANTS BK LONG BE,2024-12-31,,Dataset end
1237,20241231,IRELAND BANK,2024-12-31,,Dataset end
1265,20241231,CASHMERE VALLEY BANK,2024-12-31,,Dataset end
1281,20241231,WASHINGTON TRUST BANK,2024-12-31,,Dataset end
1291,20241231,FARMERS BANK&TRUST CO,2024-12-31,,Dataset end
1294,20241231,FNBC BANK,2024-12-31,,Dataset end
1296,20241231,FARMERS BANK,2024-12-31,,Dataset end
1299,20241231,EVOLVE BANK&TRUST,2024-12-31,,Dataset end
1331,20241231,FARMERS&MERCHANTS BK CNTL CA,2024-12-31,,Dataset end
1365,20241231,PEOPLES BANK&TRUST CO,2024-12-31,,Dataset end
1373,20241231,BOM BANK,2024-12-31,,Dataset end
1374,20241231,BANK OF COMMERCE,2024-12-31,,Dataset end
1376,20241231,CITIZENS BANK&TRUST CO,2024-12-31,,Dataset end
1380,20241231,FELICIANA BANK&TRUST CO,2024-12-31,,Dataset end
1383,20200331,STATE BANK OF BELLE PLAINE,2020-03-31,,Institution stops before dataset end
1386,20240930,RED ROCK BANK,2024-09-30,,Institution stops before dataset end
1388,20201231,ORMSBY STATE BANK,2020-12-31,,Institution stops before dataset end
1390,20220930,LAKE AREA BANK,2022-09-30,,Institution stops before dataset end
1391,20241231,ARLINGTON STATE BANK,2024-12-31,,Dataset end
1399,20241231,FRANDSEN BANK&TRUST,2024-12-31,,Dataset end
1401,20240331,STATE BANK OF DANVERS,2024-03-31,,Institution stops before dataset end
1402,20241231,CITIZENS ALLIANCE BANK,2024-12-31,,Dataset end
1409,20241231,KENSINGTON BANK,2024-12-31,,Dataset end
1413,20241231,PERENNIAL BANK,2024-12-31,,Dataset end
1415,20241231,NORTHWOODS BANK OF MINNESOTA,2024-12-31,,Dataset end
1417,20241231,WOODLANDS NATIONAL BANK,2024-12-31,,Dataset end
1418,20241231,BANK OF WESTON,2024-12-31,,Dataset end
1421,20200930,CBC BANK,2020-09-30,,Institution stops before dataset end
1426,20241231,FOCUS BANK,2024-12-31,,Dataset end
1427,20241231,UNITED SECURITY BANK,2024-12-31,,Dataset end
1434,20241231,TOWN&COUNTRY BANK,2024-12-31,,Dataset end
1435,20241231,EXCHANGE BANK,2024-12-31,,Dataset end
1436,20220930,ASHTON STATE BANK,2022-09-30,,Institution stops before dataset end
1438,20241231,COUNTRYSIDE BANK,2024-12-31,,Dataset end
1439,20241231,AMERICAN INTERSTATE BANK,2024-12-31,,Dataset end
1464,20241231,BANK OF HOLLAND,2024-12-31,,Dataset end
1468,20241231,BANK OF CROCKETT,2024-12-31,810.0,Dataset end
1475,20241231,PEOPLES BANK&TRUST CO,2024-12-31,,Dataset end
1480,20200630,FARMERS&MERCHANTS BANK,2020-06-30,,Institution stops before dataset end
1484,20241231,BANK OF FRANKEWING,2024-12-31,,Dataset end
1487,20241231,FIRST FARMERS&MERCHANTS BANK,2024-12-31,,Dataset end
1490,20210930,DILLEY STATE BANK,2021-09-30,,Institution stops before dataset end
1497,20241231,SECURITY STATE BANK,2024-12-31,,Dataset end
1513,20241231,CITIZENS STB OF LA CROSSE,2024-12-31,,Dataset end
1527,20241231,DIAMOND BANK,2024-12-31,,Dataset end
1528,20241231,SOUTHERN BCORP BANK,2024-12-31,810.0,Dataset end
1536,20241231,BANK OF STOCKTON,2024-12-31,,Dataset end
1545,20241231,FIRST NB AMES IOWA,2024-12-31,,Dataset end
1547,20241231,IOWA TRUST&SAVINGS BANK,2024-12-31,,Dataset end
1550,20241231,CENTRAL STATE BANK,2024-12-31,,Dataset end
1552,20241231,CBI BANK&TRUST,2024-12-31,,Dataset end
1553,20241231,SHELBY COUNTY STATE BANK,2024-12-31,,Dataset end
1556,20241231,TWIN CEDARS BANK,2024-12-31,,Dataset end
1562,20241231,PEOPLES BANK,2024-12-31,,Dataset end
1566,20241231,PEOPLES BANK,2024-12-31,,Dataset end
1596,20241231,COMERICA B&T NA,2024-12-31,,Dataset end
1599,20210630,FARMERS&MERCHANTS STB BLOOMI,2021-06-30,,Institution stops before dataset end
1600,20241231,FIRST FARMERS&MERCHANTS STB,2024-12-31,,Dataset end
1604,20241231,SECURITY BANK USA,2024-12-31,,Dataset end
1607,20241231,BANK OF ELK RIVER,2024-12-31,,Dataset end
1609,20241231,FIRST STATE BANK OF WYOMING,2024-12-31,,Dataset end
1610,20241231,STATE BANK OF FARIBAULT,2024-12-31,,Dataset end
1611,20241231,CARROLL CNTY TR CARROLLTON M,2024-12-31,,Dataset end
1612,20241231,SHERWOOD COMMUNITY BANK,2024-12-31,,Dataset end
1616,20241231,EXCHANGE BANK OF MISSOURI,2024-12-31,,Dataset end
1617,20241231,BANK OF MISSOURI,2024-12-31,,Dataset end
1622,20241231,FIRST SECURITY BANK,2024-12-31,,Dataset end
1635,20231231,BANK OF KIRKSVILLE,2023-12-31,,Institution stops before dataset end
1639,20241231,FCNB BANK,2024-12-31,,Dataset end
1643,20210331,PROVIDENCE BANK,2021-03-31,,Institution stops before dataset end
1654,20241231,OZARK BANK,2024-12-31,,Dataset end
1655,20241231,BANK OF OLD MONROE,2024-12-31,,Dataset end
1660,20241231,FARMERS&MERCHANTS BANK OF SC,2024-12-31,,Dataset end
1673,20241231,1ST FINANCIAL BANK USA,2024-12-31,,Dataset end
1675,20241231,RICHLAND STATE BANK,2024-12-31,,Dataset end
1678,20241231,PLAINS COMMERCE BANK,2024-12-31,,Dataset end
1686,20241231,FARMERS STATE BANK,2024-12-31,,Dataset end
1687,20241231,COMMUNITY BANK,2024-12-31,,Dataset end
1693,20241231,UBANK,2024-12-31,,Dataset end
1696,20241231,FARMERS BANK,2024-12-31,,Dataset end
1700,20241231,FIRST CENTURY BANK,2024-12-31,,Dataset end
1705,20241231,MOUNTAIN VALLEY BANK,2024-12-31,,Dataset end
1711,20241231,CITIZENS BANK OF LAFAYETTE,2024-12-31,,Dataset end
1713,20241231,BANK OF PERRY COUNTY,2024-12-31,,Dataset end
1715,20241231,CITIZENS 1ST BANK,2024-12-31,,Dataset end
1720,20241231,WESTERN BANK,2024-12-31,,Dataset end
1730,20241231,PEOPLES BANK OF GREENSBORO,2024-12-31,,Dataset end
1735,20241231,FARMERS&MERCHANTS BANK,2024-12-31,,Dataset end
1744,20230930,FIRST BANK,2023-09-30,,Institution stops before dataset end
1745,20241231,FARMERS&MERCHANTS BANK,2024-12-31,,Dataset end
1746,20200930,ESCAMBIA COUNTY BANK,2020-09-30,,Institution stops before dataset end
1753,20241231,UNION BANK&TRUST CO,2024-12-31,,Dataset end
1756,20241231,CENTRAL BANK,2024-12-31,,Dataset end
1768,20241231,MECHANICS BANK,2024-12-31,,Dataset end
1778,20241231,STATE BANK,2024-12-31,,Dataset end
1779,20241231,CITIZENS STATE BANK OF OURAY,2024-12-31,,Dataset end
1780,20241231,FARMERS STATE BANK OF CALHAN,2024-12-31,,Dataset end
1781,20241231,FIRST STB SHANNON-POLO,2024-12-31,,Dataset end
1786,20241231,LONGVIEW BANK,2024-12-31,810.0,Dataset end
1787,20210630,ROCHESTER STATE BANK,2021-06-30,,Institution stops before dataset end
1808,20241231,BETTER BANKS,2024-12-31,,Dataset end
1821,20241231,FOWLER STATE BANK,2024-12-31,,Dataset end
1829,20241231,FAIRMOUNT STATE BANK,2024-12-31,,Dataset end
1833,20241231,STATE BANK,2024-12-31,,Dataset end
1837,20210331,OSSIAN STATE BANK,2021-03-31,,Institution stops before dataset end
1839,20241231,COMMUNITY STATE BANK,2024-12-31,,Dataset end
1843,20241231,FARMERS&MERCHANTS BANK,2024-12-31,,Dataset end
1847,20241231,BIPPUS STATE BANK,2024-12-31,,Dataset end
1849,20241231,WAYNE BANK&TRUST CO,2024-12-31,,Dataset end
1852,20241231,FIRST SECURITY BANK&TRUST CO,2024-12-31,,Dataset end
1857,20241231,WAUKON STATE BANK,2024-12-31,,Dataset end
1860,20241231,MONTEZUMA STATE BANK,2024-12-31,,Dataset end
1862,20240630,WAYLAND STATE BANK,2024-06-30,,Institution stops before dataset end
1865,20241231,KANSAS STB OVERBROOK KANSAS,2024-12-31,,Dataset end
1867,20241231,FARMERS STB OF OAKLEY KANSAS,2024-12-31,,Dataset end
1868,20241231,BANK OF TESCOTT,2024-12-31,,Dataset end
1869,20241231,UNION STATE BANK,2024-12-31,,Dataset end
1874,20241231,BANK OF LABOR,2024-12-31,,Dataset end
1895,20241231,FARMERS&MERCHANTS BANK,2024-12-31,,Dataset end
1900,20241231,FIRST INDEPENDENT BANK,2024-12-31,,Dataset end
1903,20241231,ST CLAIR STATE BANK INC,2024-12-31,,Dataset end
1905,20241231,PROFINIUM INC,2024-12-31,,Dataset end
1906,20241231,TRIUMPH STATE BANK,2024-12-31,,Dataset end
1908,20241231,WANDA STATE BANK,2024-12-31,,Dataset end
1913,20241231,CASTLE ROCK BANK,2024-12-31,,Dataset end
1929,20241231,FARMERS STB OF TRIMONT,2024-12-31,,Dataset end
1931,20241231,NEW MARKET BANK,2024-12-31,,Dataset end
1933,20241231,CITIZENS STB NORWOOD YOUNG A,2024-12-31,,Dataset end
1936,20241231,COMMUNITY STB OF MISSOURI,2024-12-31,,Dataset end
1937,20241231,BANK OF CROCKER,2024-12-31,,Dataset end
1941,20241231,TIPTON LATHAM BANK NA,2024-12-31,,Dataset end
1945,20241231,METZ BANKING CO,2024-12-31,,Dataset end
1946,20241231,ALLIANT BANK,2024-12-31,,Dataset end
1956,20241231,CITIZENS BANK OF ELDON,2024-12-31,,Dataset end
1964,20241231,LAMAR BANK&TRUST CO,2024-12-31,,Dataset end
1970,20210930,FIRST MW BANK OF THE OZARKS,2021-09-30,,Institution stops before dataset end
1972,20241231,CITIZENS BANK&TRUST CO,2024-12-31,,Dataset end
1978,20241231,YELLOWSTONE BANK,2024-12-31,,Dataset end
1980,20241231,VALLEY BANK OF KALISPELL,2024-12-31,,Dataset end
1982,20241231,FIRST STATE BANK OF MALTA,2024-12-31,,Dataset end
1983,20241231,WESTERN NEBRASKA BANK,2024-12-31,,Dataset end
1986,20241231,COMMERCIAL STATE BANK,2024-12-31,,Dataset end
1992,20241231,PATHWAY BANK,2024-12-31,,Dataset end
1993,20241231,CERESCOBANK,2024-12-31,,Dataset end
2036,20241231,FARMERS&MERCHANTS BANK,2024-12-31,,Dataset end
2057,20241231,STATE BANK&TRUST OF KENMARE,2024-12-31,,Dataset end
2068,20241231,FAHEY BANKING CO,2024-12-31,,Dataset end
2093,20241231,NATIONAL CAPITAL BANK OF WA,2024-12-31,,Dataset end
2102,20241231,CONWAY NATIONAL BANK,2024-12-31,,Dataset end
2107,20241231,FIRST NB OF SOUTH CAROLINA,2024-12-31,,Dataset end
2124,20210630,SOUTHCREST BANK NA,2021-06-30,,Institution stops before dataset end
2138,20241231,QUEENSBOROUGH NB&T CO,2024-12-31,,Dataset end
2145,20241231,BANK OF MONTICELLO,2024-12-31,,Dataset end
2147,20200331,SOUTHWEST GEORGIA BANK,2020-03-31,,Institution stops before dataset end
2154,20241231,GEO D WARTHEN BANK,2024-12-31,,Dataset end
2157,20241231,FIRST STB OF RANDOLPH COUNTY,2024-12-31,,Dataset end
2160,20241231,FIRST NB OF WAYNESBORO,2024-12-31,,Dataset end
2176,20220331,FIRST COMMUNITY BANK,2022-03-31,,Institution stops before dataset end
2205,20241231,BANK OF THE ROCKIES,2024-12-31,,Dataset end
2208,20241231,FIRST NORTHERN BANK OF WY,2024-12-31,810.0,Dataset end
2224,20241231,BANK OF BRIDGER NA,2024-12-31,,Dataset end
2228,20241231,RNB STATE BANK,2024-12-31,,Dataset end
2229,20241231,RSNB BANK,2024-12-31,,Dataset end
2232,20241231,PINNACLE BANK WYOMING,2024-12-31,,Dataset end
2240,20241231,FIRST AMERICAN BANK,2024-12-31,,Dataset end
2241,20241231,CNB BANK,2024-12-31,,Dataset end
2244,20241231,JAMES POLK STONE CMTY BANK,2024-12-31,,Dataset end
2247,20241231,BANK OF THE SOUTHWEST,2024-12-31,,Dataset end
2249,20241231,WESTERN BANK,2024-12-31,,Dataset end
2270,20241231,ZIONS BCORP N A,2024-12-31,820.0,Dataset end
2273,20241231,FIRST NATIONAL BANK OF ELY,2024-12-31,,Dataset end
2281,20210930,CORTLAND SAVINGS&BANKING CO,2021-09-30,,Institution stops before dataset end
2284,20241231,NORTH VALLEY BANK,2024-12-31,810.0,Dataset end
2285,20241231,GENOA BANKING CO,2024-12-31,,Dataset end
2286,20241231,BUCKEYE STATE BANK,2024-12-31,810.0,Dataset end
2289,20240930,COMMODORE BANK,2024-09-30,,Institution stops before dataset end
2290,20241231,FARMERS SAVINGS BANK,2024-12-31,,Dataset end
2300,20241231,BANK OF MAGNOLIA CO,2024-12-31,,Dataset end
2301,20241231,FIRST STATE BANK,2024-12-31,,Dataset end
2308,20241231,WASHITA VALLEY BANK,2024-12-31,,Dataset end
2312,20220331,AMERICAN BANK,2022-03-31,,Institution stops before dataset end
2315,20241231,ARMSTRONG BANK,2024-12-31,,Dataset end
2317,20241231,METHOD BANK,2024-12-31,,Dataset end
2318,20210930,CORNERSTONE BANK,2021-09-30,,Institution stops before dataset end
2320,20241231,CARSON COMMUNITY BANK,2024-12-31,,Dataset end
2326,20241231,AVB BANK,2024-12-31,,Dataset end
2327,20241231,LOCAL BANK,2024-12-31,,Dataset end
2328,20241231,AMERICAN EXC BK LINDSAY OK,2024-12-31,,Dataset end
2331,20241231,PEOPLES BANK&TRUST CO,2024-12-31,,Dataset end
2359,20241231,MAUCH CHUNK TRUST CO,2024-12-31,,Dataset end
2375,20200630,BANK OF WAYNESBORO,2020-06-30,,Institution stops before dataset end
2379,20241231,BANK OF GLEASON,2024-12-31,,Dataset end
2380,20241231,CARROLL BANK&TRUST,2024-12-31,,Dataset end
2391,20241231,SECURITY BANK,2024-12-31,,Dataset end
2429,20221231,FARMERS BANK,2022-12-31,,Institution stops before dataset end
2443,20241231,CLEAR MOUNTAIN BANK,2024-12-31,,Dataset end
2444,20241231,CLAY COUNTY BANK INC,2024-12-31,,Dataset end
2448,20241231,PIONEER COMMUNITY BANK INC,2024-12-31,,Dataset end
2452,20241231,WEST UNION BANK,2024-12-31,,Dataset end
2453,20241231,DAVIS TRUST CO,2024-12-31,,Dataset end
2455,20241231,BANK OF BRODHEAD,2024-12-31,,Dataset end
2467,20241231,CITIZENS STATE BANK,2024-12-31,810.0,Dataset end
2468,20241231,NORTHWESTERN BANK,2024-12-31,,Dataset end
2469,20241231,BADGER BANK,2024-12-31,,Dataset end
2476,20200331,MCFARLAND STATE BANK,2020-03-31,811.0,Institution stops before dataset end
2477,20241231,BANK OF DEERFIELD,2024-12-31,,Dataset end
2482,20241231,NEKOOSA PORT EDWARDS STB,2024-12-31,,Dataset end
2496,20241231,NATIONAL IRON BANK,2024-12-31,,Dataset end
2608,20241231,NATIONAL GRAND BK MARBLEHEAD,2024-12-31,,Dataset end
2616,20241231,MILLBURY NATIONAL BANK,2024-12-31,,Dataset end
2682,20241231,FIRST NB OF BROOKSVILLE,2024-12-31,,Dataset end
2691,20241231,CUMBERLAND VALLEY NB&T CO,2024-12-31,,Dataset end
2695,20241231,FIRST NB OF GRAYSON,2024-12-31,,Dataset end
2700,20241231,FIRST SOUTHERN NATIONAL BANK,2024-12-31,,Dataset end
2708,20241231,FIRST NB OF MANCHESTER,2024-12-31,,Dataset end
2710,20241231,FIRST STB OF THE SE INC,2024-12-31,,Dataset end
2711,20241231,TRADITIONAL BANK INC,2024-12-31,,Dataset end
2718,20241231,CITIZENS BANK OF KY INC,2024-12-31,,Dataset end
2720,20241231,COMMUNITY TRUST BANK INC,2024-12-31,,Dataset end
2723,20241231,SALYERSVILLE NATIONAL BANK,2024-12-31,,Dataset end
2725,20241231,CITIZENS NB OF SOMERSET,2024-12-31,,Dataset end
2733,20241231,BANK OF BUFFALO,2024-12-31,,Dataset end
2735,20241231,FIRST NB OF KENTUCKY,2024-12-31,,Dataset end
2738,20241231,FIRST&FARMERS NB INC,2024-12-31,,Dataset end
2740,20241231,FARMERS NB OF DANVILLE,2024-12-31,,Dataset end
2750,20241231,LINCOLN NB OF HODGENVILLE,2024-12-31,,Dataset end
2753,20241231,CITIZENS NB OF LEBANON,2024-12-31,,Dataset end
2754,20241231,FARMERS NB OF LEBANON,2024-12-31,,Dataset end
2759,20241231,FNB BANK INC,2024-12-31,,Dataset end
2765,20241231,FARMERS BANK&TRUST CO,2024-12-31,,Dataset end
2767,20241231,FIRST NB OF RUSSELL SPRINGS,2024-12-31,,Dataset end
2777,20241231,MIDSOUTH BANK,2024-12-31,,Dataset end
2779,20241231,FIRST NATIONAL BANK&TRUST,2024-12-31,,Dataset end
2784,20241231,FIRST BANK OF BOAZ,2024-12-31,,Dataset end
2786,20200630,FIRST NB OF BRUNDIDGE,2020-06-30,,Institution stops before dataset end
2787,20241231,COMMUNITY NEIGHBOR BANK,2024-12-31,,Dataset end
2794,20241231,DOZIER BANK,2024-12-31,,Dataset end
2804,20241231,FIRST NB OF HARTFORD,2024-12-31,,Dataset end
2805,20241231,HNB FIRST BANK,2024-12-31,,Dataset end
2824,20210331,FNB BANK,2021-03-31,810.0,Institution stops before dataset end
2828,20241231,FRIEND BANK,2024-12-31,,Dataset end
2829,20241231,FIRST SOUTHERN STATE BANK,2024-12-31,,Dataset end
2832,20241231,FIRST BANK OF ALABAMA,2024-12-31,,Dataset end
2838,20241231,AMERIFIRST BANK,2024-12-31,,Dataset end
2850,20241231,FARMERS BANK,2024-12-31,,Dataset end
2945,20241231,STATE BANK NORTHWEST,2024-12-31,,Dataset end
2987,20241231,BAKER-BOYER NATIONAL BANK,2024-12-31,,Dataset end
3017,20241231,HIGH PLAINS BANK,2024-12-31,,Dataset end
3018,20241231,FIRST NB OF FLEMING,2024-12-31,,Dataset end
3019,20241231,ROCKY MOUNTAIN BANK&TRUST,2024-12-31,,Dataset end
3029,20241231,FIRST NATIONAL BANK OF HUGO,2024-12-31,,Dataset end
3031,20241231,POINTS WEST COMMUNITY BANK,2024-12-31,,Dataset end
3034,20241231,FIRST NATIONAL BANK COLORADO,2024-12-31,,Dataset end
3047,20240331,FIRST COLORADO NATIONAL BANK,2024-03-31,,Institution stops before dataset end
3063,20241231,FIRST PIONEER NATIONAL BANK,2024-12-31,,Dataset end
3066,20241231,FIRST FINANCIAL BANK,2024-12-31,,Dataset end
3067,20241231,CLEAR FORK BANK NA,2024-12-31,,Dataset end
3075,20241231,FIRST NB OF ANDERSON,2024-12-31,,Dataset end
3076,20241231,INDEPENDENT BANK,2024-12-31,,Dataset end
3078,20241231,FIRST NATIONAL BANK OF ANSON,2024-12-31,,Dataset end
3079,20241231,FIRST NB OF ASPERMONT,2024-12-31,,Dataset end
3086,20201231,FIRST NATIONAL BANK BAIRD,2020-12-31,,Institution stops before dataset end
3087,20241231,FIRST NB OF BALLINGER,2024-12-31,,Dataset end
3091,20241231,FIRST NB OF BASTROP,2024-12-31,,Dataset end
3098,20241231,CENDERA BANK NATIONAL ASSN,2024-12-31,,Dataset end
3099,20241231,FIRST NB OF BELLVILLE,2024-12-31,,Dataset end
3103,20241231,STATE NB OF BIG SPRING,2024-12-31,,Dataset end
3108,20241231,LEGEND BANK N A,2024-12-31,,Dataset end
3109,20241231,BRADY NATIONAL BANK,2024-12-31,,Dataset end
3110,20241231,COMMERCIAL NB OF BRADY,2024-12-31,,Dataset end
3113,20241231,BRENHAM NATIONAL BANK,2024-12-31,,Dataset end
3116,20240331,LONE STAR STB OF WEST TEXAS,2024-03-31,,Institution stops before dataset end
3121,20241231,FIRST BANK,2024-12-31,,Dataset end
3126,20241231,CLASSIC BANK NATIONAL ASSN,2024-12-31,,Dataset end
3127,20241231,CITIZENS NATIONAL BANK,2024-12-31,,Dataset end
3133,20241231,FIRST BANK OF CELESTE,2024-12-31,,Dataset end
3134,20210630,FIRST B&T OF CHILDRESS,2021-06-30,,Institution stops before dataset end
3140,20241231,CITIZENS BANK,2024-12-31,,Dataset end
3144,20241231,CITY NB OF COLORADO CITY,2024-12-31,,Dataset end
3149,20241231,FIRST NB IN COOPER,2024-12-31,,Dataset end
3158,20241231,CITIZENS NB OF CROSBYTON,2024-12-31,,Dataset end
3161,20241231,TEXAS HERITAGE NATIONAL BANK,2024-12-31,,Dataset end
3170,20241231,FARMERS&MERCHANTS BANK,2024-12-31,,Dataset end
3178,20241231,BANK OF HOUSTON,2024-12-31,,Dataset end
3179,20241231,FIRST NB OF EAGLE LAKE,2024-12-31,,Dataset end
3182,20241231,MAPLEMARK BANK,2024-12-31,,Dataset end
3183,20241231,NEWFIRST NATIONAL BANK,2024-12-31,,Dataset end
3184,20241231,FIRST NB OF ELDORADO,2024-12-31,,Dataset end
3190,20241231,FIRST NATIONAL BANK OF EVANT,2024-12-31,,Dataset end
3193,20241231,FALLS CITY NATIONAL BANK,2024-12-31,,Dataset end
3195,20241231,FAYETTEVILLE BANK,2024-12-31,,Dataset end
3197,20241231,FIRST TEXAS NATIONAL BANK,2024-12-31,,Dataset end
3206,20241231,TEXAS GULF BANK NA,2024-12-31,,Dataset end
3210,20241231,MOODY NATIONAL BANK,2024-12-31,,Dataset end
3214,20210331,NATIONAL UNITED,2021-03-31,,Institution stops before dataset end
3217,20241231,FIRST NB OF GIDDINGS,2024-12-31,,Dataset end
3218,20241231,FIRST NB OF EAST TEXAS,2024-12-31,,Dataset end
3219,20241231,GILMER NB GILMER TEXAS,2024-12-31,,Dataset end
3225,20241231,TITAN BANK N A,2024-12-31,,Dataset end
3226,20241231,CIERA BANK,2024-12-31,,Dataset end
3228,20241231,FIRST NB OF GRANBURY,2024-12-31,,Dataset end
3230,20241231,GRANDVIEW BANK,2024-12-31,,Dataset end
3232,20241231,GRANGER NATIONAL BANK,2024-12-31,,Dataset end
3237,20241231,STATE NATIONAL BANK,2024-12-31,,Dataset end
3248,20241231,FIRST NB OF HEBBRONVILLE,2024-12-31,,Dataset end
3250,20241231,VERABANK NATIONAL ASSN,2024-12-31,,Dataset end
3255,20241231,CITIZENS NB OF HILLSBORO,2024-12-31,,Dataset end
3256,20241231,HORIZON BANK SSB,2024-12-31,,Dataset end
3268,20241231,FIRST NB OF HUGHES SPRINGS,2024-12-31,,Dataset end
3269,20241231,FIRST NB OF HUNTSVILLE,2024-12-31,,Dataset end
3275,20241231,JACKSBORO NATIONAL BANK,2024-12-31,,Dataset end
3276,20241231,AUSTIN BANK TEXAS NA,2024-12-31,,Dataset end
3279,20241231,KARNES CNTY NB OF KARNES CTY,2024-12-31,820.0,Dataset end
3281,20230331,HARMONY BANK NATIONAL ASSN,2023-03-31,,Institution stops before dataset end
3285,20241231,FIRST NATIONAL BANK TEXAS,2024-12-31,,Dataset end
3286,20241231,KLEBERG BANK N A,2024-12-31,,Dataset end
3289,20241231,NATIONAL BANK&TRUST,2024-12-31,,Dataset end
3292,20241231,LAMESA NATIONAL BANK,2024-12-31,,Dataset end
3293,20241231,FIRST TEXAS BANK,2024-12-31,,Dataset end
3301,20241231,FIRST LIBERTY BANK,2024-12-31,,Dataset end
3302,20241231,TEXANA BANK NATIONAL ASSN,2024-12-31,,Dataset end
3303,20241231,FIRST NATIONAL BANK OF LIPAN,2024-12-31,,Dataset end
3304,20200930,AIMBANK,2020-09-30,810.0,Institution stops before dataset end
3305,20241231,FIRST NB OF LIVINGSTON,2024-12-31,,Dataset end
3320,20241231,BIG BEND BANKS N A,2024-12-31,,Dataset end
3325,20241231,FIRST NB OF CENTRAL TEXAS,2024-12-31,,Dataset end
3327,20241231,MASON BANK,2024-12-31,,Dataset end
3330,20241231,FIRST NB OF MCGREGOR,2024-12-31,,Dataset end
3335,20241231,FIRST BANK&TRUST OF MEMPHIS,2024-12-31,,Dataset end
3336,20241231,MENARD BANK,2024-12-31,,Dataset end
3337,20241231,TEXAS NATIONAL BANK,2024-12-31,,Dataset end
3339,20241231,FIRST NB OF MERTZON,2024-12-31,,Dataset end
3342,20241231,INCOMMONS BANK N A,2024-12-31,,Dataset end
3351,20241231,FIRST NATIONAL BANK OF MOODY,2024-12-31,,Dataset end
3358,20201231,MORRIS COUNTY NB OF NAPLES,2020-12-31,,Institution stops before dataset end
3363,20220930,COMMUNITYBANK OF TEXAS N A,2022-09-30,,Institution stops before dataset end
3368,20241231,NORMANGEE STATE BANK,2024-12-31,,Dataset end
3376,20241231,OZONA BANK,2024-12-31,,Dataset end
3384,20241231,LIBERTY NB IN PARIS,2024-12-31,,Dataset end
3387,20241231,FIRSTBANK SOUTHWEST,2024-12-31,,Dataset end
3388,20241231,PERRYTON NATIONAL BANK,2024-12-31,,Dataset end
3389,20241231,POINTBANK,2024-12-31,,Dataset end
3399,20241231,FIRST CAPITAL BANK,2024-12-31,,Dataset end
3400,20241231,TEXAS REPUBLIC BANK NA,2024-12-31,,Dataset end
3401,20241231,FIRST NB OF QUITAQUE,2024-12-31,,Dataset end
3402,20220930,BTH BANK NATIONAL ASSN,2022-09-30,,Institution stops before dataset end
3405,20241231,VANTAGE BANK TEXAS,2024-12-31,,Dataset end
3430,20241231,WESTAMERICA BANK,2024-12-31,,Dataset end
3440,20241231,FIRST NORTHERN BANK OF DIXON,2024-12-31,,Dataset end
3510,20241231,BANK OF AMERICA NA,2024-12-31,,Dataset end
3511,20241231,WELLS FARGO BANK NA,2024-12-31,,Dataset end
3514,20221231,BANK OF THE WEST,2022-12-31,,Institution stops before dataset end
3579,20241231,FIRST NB OF MOUNT DORA,2024-12-31,,Dataset end
3598,20240331,ARCOLA FIRST BANK,2024-03-31,,Institution stops before dataset end
3599,20241231,FIRST NB OF ARENZVILLE,2024-12-31,,Dataset end
3600,20241231,FIRST NB OF ASSUMPTION,2024-12-31,,Dataset end
3601,20241231,ATLANTA NATIONAL BANK,2024-12-31,,Dataset end
3603,20241231,OLD SECOND NATIONAL BANK,2024-12-31,,Dataset end
3607,20240930,FIRST NB OF BEARDSTOWN,2024-09-30,,Institution stops before dataset end
3612,20241231,MIDAMERICA NATIONAL BANK,2024-12-31,,Dataset end
3614,20241231,CASEY STATE BANK,2024-12-31,,Dataset end
3615,20230331,CATLIN BANK,2023-03-31,,Institution stops before dataset end
3639,20241231,FIRST NATIONAL BANK&TRUST CO,2024-12-31,,Dataset end
3657,20241231,FIRST AMERICAN BANK,2024-12-31,,Dataset end
3661,20241231,UNION NB&T CO OF ELGIN,2024-12-31,,Dataset end
3664,20241231,INB NATIONAL ASSN,2024-12-31,,Dataset end
3674,20241231,GRAND RIDGE NATIONAL BANK,2024-12-31,820.0,Dataset end
3677,20241231,HAVANA NATIONAL BANK,2024-12-31,,Dataset end
3688,20241231,FIRST NATIONAL BANK OF LACON,2024-12-31,,Dataset end
3691,20241231,HOMETOWN NATIONAL BANK,2024-12-31,,Dataset end
3693,20241231,LEMONT NATIONAL BANK,2024-12-31,,Dataset end
3698,20241231,FIRST SECURITY BANK,2024-12-31,,Dataset end
3701,20241231,RESOURCE BANK NATIONAL ASSN,2024-12-31,,Dataset end
3702,20241231,FIRST BANK OF MANHATTAN,2024-12-31,,Dataset end
3705,20241231,FIRST MID B&T NA,2024-12-31,810.0,Dataset end
3709,20211231,FIRST MIDWEST BANK,2021-12-31,810.0,Institution stops before dataset end
3711,20241231,MIDWEST BANK,2024-12-31,,Dataset end
3713,20241231,GRUNDY BANK,2024-12-31,,Dataset end
3719,20241231,AMERICAN COMMERCIAL B&T NA,2024-12-31,,Dataset end
3720,20241231,FIRST NATIONAL BANK OF PANA,2024-12-31,,Dataset end
3722,20241231,PROSPECT BANK,2024-12-31,,Dataset end
3732,20241231,FARMERS NATIONAL BANK,2024-12-31,,Dataset end
3745,20241231,FIRST CMTY BK MOULTRIE CNTY,2024-12-31,,Dataset end
3747,20241231,FIRST NEIGHBOR BANK NA,2024-12-31,,Dataset end
3749,20241231,FIRST NB IN TREMONT,2024-12-31,,Dataset end
3759,20241231,ANNA-JONESBORO NATIONAL BANK,2024-12-31,,Dataset end
3761,20241231,FIRST NATIONAL BANK OF AVA,2024-12-31,,Dataset end
3762,20241231,GREAT RIVERS BANK,2024-12-31,,Dataset end
3770,20241231,FIRST NB OF BROWNSTOWN,2024-12-31,,Dataset end
3775,20241231,CNB BANK&TRUST N A,2024-12-31,,Dataset end
3777,20241231,FIRST NATIONAL BANK OF CARMI,2024-12-31,,Dataset end
3787,20241231,DIETERICH BANK,2024-12-31,,Dataset end
3792,20241231,FAIRFIELD NATIONAL BANK,2024-12-31,,Dataset end
3799,20241231,BRADFORD NB OF GREENVILLE,2024-12-31,810.0,Dataset end
3805,20241231,KINMUNDY BANK,2024-12-31,,Dataset end
3807,20241231,FIRST NB OF LITCHFIELD,2024-12-31,,Dataset end
3808,20241231,LITCHFIELD NATIONAL BANK,2024-12-31,,Dataset end
3809,20241231,PEOPLES NATIONAL BANK N A,2024-12-31,,Dataset end
3814,20241231,CITY NB OF METROPOLIS,2024-12-31,,Dataset end
3817,20210630,FIRST NATIONAL BANK,2021-06-30,,Institution stops before dataset end
3818,20241231,FIRST B&T CO OF MURPHYSBORO,2024-12-31,,Dataset end
3821,20241231,FARMERS&MERCHANTS NB NASHVIL,2024-12-31,,Dataset end
3826,20241231,FIRST NB OF OKAWVILLE,2024-12-31,,Dataset end
3827,20241231,OLD EXCHANGE NB OF OKAWVILLE,2024-12-31,,Dataset end
3830,20241231,FIRST NB OF RAYMOND,2024-12-31,,Dataset end
3832,20241231,OLD NATIONAL BANK,2024-12-31,,Dataset end
3834,20241231,MIDWEST NATIONAL BANK,2024-12-31,,Dataset end
3837,20241231,FIRST NB OF SPARTA,2024-12-31,,Dataset end
3840,20241231,FNB COMMUNITY BANK,2024-12-31,,Dataset end
3842,20241231,FIRST NB OF WATERLOO,2024-12-31,810.0,Dataset end
3845,20240331,SECURITY NATIONAL BANK,2024-03-31,,Institution stops before dataset end
3846,20241231,COMMUNITY 1ST BK HEARTLAND,2024-12-31,,Dataset end
3850,20241231,FIRST CMTY BANK XENIA-FLORA,2024-12-31,,Dataset end
3854,20241231,BANK OF 1889,2024-12-31,,Dataset end
3858,20210331,ARKANSAS COUNTY BANK,2021-03-31,,Institution stops before dataset end
3863,20241231,FIRST NB OF EASTERN ARKANSAS,2024-12-31,,Dataset end
3864,20241231,FIRST NB OF FORT SMITH,2024-12-31,810.0,Dataset end
3869,20241231,ANSTAFF BANK,2024-12-31,,Dataset end
3873,20241231,EAGLE BANK&TRUST CO,2024-12-31,,Dataset end
3887,20241231,FIRST NATIONAL BANK,2024-12-31,,Dataset end
3890,20241231,SIMMONS BANK,2024-12-31,,Dataset end
3896,20241231,FIRST NB OF COMMERCE,2024-12-31,,Dataset end
3902,20241231,FIRST NB&T CO OF BOTTINEAU,2024-12-31,,Dataset end
3914,20220630,RAMSEY NATIONAL BANK,2022-06-30,,Institution stops before dataset end
3919,20241231,HEARTLAND STATE BANK,2024-12-31,,Dataset end
3931,20241231,ALERUS FINANCIAL NA,2024-12-31,810.0,Dataset end
3934,20241231,ASPIRE BANK,2024-12-31,,Dataset end
3973,20241231,FIRST BANK&TRUST,2024-12-31,,Dataset end
3977,20241231,DNB NATIONAL BANK,2024-12-31,,Dataset end
3985,20241231,FIRST NB OF FREDERICK,2024-12-31,,Dataset end
3999,20241231,FIRST NB IN PHILIP,2024-12-31,,Dataset end
4009,20241231,BANKWEST INC,2024-12-31,,Dataset end
4016,20241231,FIRST NB IN SIOUX FALLS,2024-12-31,,Dataset end
4028,20241231,FIRST DAKOTA NATIONAL BANK,2024-12-31,,Dataset end
4029,20241231,VISION BANK,2024-12-31,,Dataset end
4031,20241231,FRAZER BANK,2024-12-31,,Dataset end
4032,20241231,NBC OKLAHOMA,2024-12-31,,Dataset end
4033,20241231,BANCCENTRAL NATIONAL ASSN,2024-12-31,,Dataset end
4037,20241231,FIRST NB&T CO OF ARDMORE,2024-12-31,,Dataset end
4041,20241231,FIRST SECURITY BANK,2024-12-31,,Dataset end
4042,20241231,LEGACY BANK,2024-12-31,,Dataset end
4048,20241231,SPIRITBANK,2024-12-31,,Dataset end
4049,20241231,FIRST ENTERPRISE BANK,2024-12-31,,Dataset end
4050,20241231,FIRST NB&T CO BROKEN ARROW,2024-12-31,,Dataset end
4051,20241231,ALLNATIONS BANK,2024-12-31,,Dataset end
4054,20241231,FARMERS BANK,2024-12-31,,Dataset end
4059,20241231,PEOPLES NB OF CHECOTAH,2024-12-31,,Dataset end
4061,20241231,ACB BANK,2024-12-31,,Dataset end
4062,20241231,FIRST NB&T CO CHICKASHA OK,2024-12-31,,Dataset end
4063,20241231,MIDFIRST BANK,2024-12-31,,Dataset end
4067,20241231,OKLAHOMA BANK&TRUST CO,2024-12-31,,Dataset end
4071,20241231,FNB COWETA,2024-12-31,,Dataset end
4076,20241231,SOUTHWEST BK OF WEATHERFORD,2024-12-31,,Dataset end
4084,20241231,CITIZENS BANK OF EDMOND,2024-12-31,,Dataset end
4086,20241231,FIRST NATIONAL BANK&TRUST,2024-12-31,,Dataset end
4087,20241231,BANK OF WESTERN OKLAHOMA,2024-12-31,,Dataset end
4091,20241231,STRIDE BANK NATIONAL ASSN,2024-12-31,,Dataset end
4092,20241231,FIRST BANK,2024-12-31,,Dataset end
4094,20241231,BANK OF EUFAULA,2024-12-31,,Dataset end
4097,20241231,FARMERS&MERCHANTS NB FAIRVIE,2024-12-31,,Dataset end
4098,20241231,FIRST NB OF FLETCHER,2024-12-31,,Dataset end
4111,20241231,FIRST NATIONAL BANK,2024-12-31,,Dataset end
4122,20241231,1ST BANK IN HOMINY,2024-12-31,,Dataset end
4123,20241231,FIRST NB OF HOOKER,2024-12-31,,Dataset end
4130,20200630,BANK OF LAVERNE,2020-06-30,,Institution stops before dataset end
4132,20241231,CITY NB&T CO OF LAWTON OK,2024-12-31,,Dataset end
4134,20240930,FIRST NB OF LINDSAY,2024-09-30,,Institution stops before dataset end
4144,20241231,FARMERS&MERCHANTS BANK,2024-12-31,,Dataset end
4145,20241231,FIRST NB&T CO OF MCALESTER,2024-12-31,,Dataset end
4146,20241231,BANK NATIONAL ASSN,2024-12-31,,Dataset end
4147,20241231,BANK 7,2024-12-31,,Dataset end
4148,20241231,FIRST NB&T CO OF MIAMI,2024-12-31,,Dataset end
4160,20241231,REGENT BANK,2024-12-31,,Dataset end
4161,20240930,FIRST NB IN OKEENE,2024-09-30,,Institution stops before dataset end
4170,20241231,PATRONS BANK NATIONAL ASSN,2024-12-31,,Dataset end
4173,20241231,PAULS VALLEY NATIONAL BANK,2024-12-31,,Dataset end
4178,20241231,SECURITY BANK,2024-12-31,,Dataset end
4181,20220930,CENTRAL NB OF POTEAU,2022-09-30,,Institution stops before dataset end
4185,20241231,FIRST PRYORITY BANK,2024-12-31,,Dataset end
4187,20241231,MCCLAIN BANK,2024-12-31,,Dataset end
4190,20241231,AMERICAN HERITAGE BANK,2024-12-31,,Dataset end
4193,20241231,SEILING STATE BANK,2024-12-31,,Dataset end
4196,20241231,SNB BANK NATIONAL ASSN,2024-12-31,,Dataset end
4199,20240331,FIRST NB OF STIGLER,2024-03-31,,Institution stops before dataset end
4204,20210331,STROUD NATIONAL BANK,2021-03-31,,Institution stops before dataset end
4208,20241231,ANCHOR D BANK,2024-12-31,,Dataset end
4209,20241231,FIRST BANK OF THOMAS,2024-12-31,,Dataset end
4211,20241231,FIRST NB OF OKLAHOMA,2024-12-31,,Dataset end
4214,20241231,BOKF NATIONAL ASSN,2024-12-31,,Dataset end
4217,20241231,COMMUNITY BANK OF OKLAHOMA,2024-12-31,,Dataset end
4218,20210331,FIRST NB&T CO OF VINITA,2021-03-31,,Institution stops before dataset end
4222,20241231,FIRST FARMERS NB OF WAURIKA,2024-12-31,,Dataset end
4228,20241231,FIRST BETHANY BANK&TRUST,2024-12-31,,Dataset end
4232,20241231,STATE BANK OF WYNNEWOOD,2024-12-31,,Dataset end
4235,20241231,YNB,2024-12-31,,Dataset end
4236,20241231,SHAMROCK BANK N A,2024-12-31,,Dataset end
4239,20241231,FIRST UNITED BANK&TRUST CO,2024-12-31,,Dataset end
4241,20241231,IDABEL NATIONAL BANK,2024-12-31,,Dataset end
4255,20241231,CAMDEN NATIONAL BANK,2024-12-31,,Dataset end
4256,20241231,FIRST NATIONAL BANK,2024-12-31,,Dataset end
4288,20241231,FIRST NB OF LOUISIANA,2024-12-31,,Dataset end
4290,20241231,FIRST NB OF JEANERETTE,2024-12-31,,Dataset end
4297,20241231,CAPITAL ONE NATIONAL ASSN,2024-12-31,810.0,Dataset end
4318,20241231,RIDDELL NATIONAL BANK,2024-12-31,,Dataset end
4319,20241231,FCN BANK NATIONAL ASSN,2024-12-31,,Dataset end
4324,20241231,FIRST NATIONAL BANK,2024-12-31,,Dataset end
4360,20241231,HORIZON BANK,2024-12-31,,Dataset end
4364,20241231,FIRST NB OF MONTEREY,2024-12-31,,Dataset end
4365,20241231,FIRST MERCHANTS BANK,2024-12-31,,Dataset end
4382,20241231,FIRST FINANCIAL BANK NA,2024-12-31,810.0,Dataset end
4398,20241231,LNB COMMUNITY BANK,2024-12-31,,Dataset end
4419,20241231,SPRINGS VALLEY BANK&TRUST CO,2024-12-31,,Dataset end
4432,20241231,MIDWEST HERITAGE BANK FSB,2024-12-31,,Dataset end
4433,20241231,FIRST CITIZENS BANK,2024-12-31,,Dataset end
4439,20241231,CLINTON NATIONAL BANK,2024-12-31,,Dataset end
4444,20240331,FIRST NB IN CRESTON,2024-03-31,,Institution stops before dataset end
4457,20241231,FIRST HERITAGE BANK,2024-12-31,,Dataset end
4464,20241231,FIRST BANK HAMPTON,2024-12-31,,Dataset end
4465,20241231,MIDSTATES BANK NATIONAL ASSN,2024-12-31,,Dataset end
4476,20241231,LOGAN STATE BANK,2024-12-31,,Dataset end
4477,20241231,FIRST NB OF MANNING,2024-12-31,,Dataset end
4482,20241231,FNNB BANK,2024-12-31,,Dataset end
4494,20241231,FIRST NB OF PRIMGHAR,2024-12-31,,Dataset end
4506,20241231,SECURITY NB OF SIOUX CITY IA,2024-12-31,,Dataset end
4511,20241231,CITIZENS 1ST NB STORM LAKE,2024-12-31,,Dataset end
4514,20241231,STATE BANK OF TOLEDO,2024-12-31,,Dataset end
4519,20241231,FIRST BANK,2024-12-31,,Dataset end
4526,20241231,PONY EXPRESS BANK,2024-12-31,,Dataset end
4533,20221231,CITIZENS BANK&TRUST CO,2022-12-31,,Institution stops before dataset end
4534,20210930,CENTRAL BANK OF ST LOUIS,2021-09-30,,Institution stops before dataset end
4536,20210930,CENTRAL BANK OF BOONE COUNTY,2021-09-30,,Institution stops before dataset end
4539,20241231,FARMERS BANK OF NORTHERN MO,2024-12-31,,Dataset end
4540,20241231,HNB NATIONAL BANK,2024-12-31,810.0,Dataset end
4549,20241231,CNB ST LOUIS BANK,2024-12-31,,Dataset end
4551,20210930,CENTRAL BANK OF AUDRAIN CNTY,2021-09-30,,Institution stops before dataset end
4556,20241231,TPNB BANK,2024-12-31,,Dataset end
4569,20210930,CENTRAL BANK OF SEDALIA,2021-09-30,,Institution stops before dataset end
4598,20241231,FIRST NB OF NEVADA MISSOURI,2024-12-31,,Dataset end
4611,20241231,FARMERS NATIONAL BANK,2024-12-31,,Dataset end
4619,20241231,EXCHANGE BANK&TRUST,2024-12-31,,Dataset end
4621,20241231,FARMERS BANK&TRUST,2024-12-31,,Dataset end
4624,20241231,AMERICAN BK BAXTER SPRINGS,2024-12-31,,Dataset end
4626,20200331,BANK OF THE PRAIRIE,2020-03-31,,Institution stops before dataset end
4630,20241231,FIRST BANK OF BELOIT,2024-12-31,,Dataset end
4636,20241231,FIRST HERITAGE BANK,2024-12-31,,Dataset end
4638,20241231,FIRST NB IN CIMARRON,2024-12-31,,Dataset end
4646,20201231,COMMUNITY BANK OF THE MW,2020-12-31,,Institution stops before dataset end
4649,20241231,CONWAY BANK,2024-12-31,,Dataset end
4652,20241231,NINNESCAH VALLEY BANK,2024-12-31,,Dataset end
4654,20241231,FIRST NB OF DIGHTON,2024-12-31,,Dataset end
4660,20241231,FIRSTOAK BANK,2024-12-31,,Dataset end
4664,20241231,HOME BANK&TRUST CO,2024-12-31,,Dataset end
4666,20241231,ARMED FORCES BANK NA,2024-12-31,,Dataset end
4668,20241231,FIRST NB IN FRANKFORT,2024-12-31,,Dataset end
4673,20241231,GNBANK NATIONAL ASSN,2024-12-31,,Dataset end
4678,20241231,CITIZENS NATIONAL BANK,2024-12-31,,Dataset end
4683,20241231,VISTA NATIONAL BANK&TRUST,2024-12-31,,Dataset end
4690,20241231,FIRST NATIONAL BANK OF HOPE,2024-12-31,,Dataset end
4693,20241231,HOWARD STB HOWARD KANSAS,2024-12-31,,Dataset end
4697,20241231,FIRST NB OF HUTCHINSON,2024-12-31,,Dataset end
4702,20241231,CENTRAL NATIONAL BANK,2024-12-31,,Dataset end
4705,20241231,SECURITY BANK OF KANSAS CITY,2024-12-31,,Dataset end
4707,20241231,CITIZENS BANK OF KANSAS,2024-12-31,,Dataset end
4722,20241231,FIRST NB OF LOUISBURG,2024-12-31,,Dataset end
4728,20241231,MARION NATIONAL BANK,2024-12-31,,Dataset end
4735,20241231,SOUTHWIND BANK,2024-12-31,,Dataset end
4746,20241231,FIRST OPTION BANK,2024-12-31,,Dataset end
4752,20241231,FIRST SECURITY BANK,2024-12-31,,Dataset end
4756,20241231,FIRST NATIONAL BANK&TRUST,2024-12-31,,Dataset end
4766,20241231,SJN BANK OF KANSAS,2024-12-31,,Dataset end
4767,20241231,SUNFLOWER BANK NATIONAL ASSN,2024-12-31,,Dataset end
4769,20241231,FIRST NB OF SCOTT CITY,2024-12-31,,Dataset end
4770,20241231,ELEVATE BANK NATIONAL ASSN,2024-12-31,,Dataset end
4773,20241231,SOLOMON STATE BANK,2024-12-31,,Dataset end
4774,20241231,FIRST NB OF SPEARVILLE,2024-12-31,,Dataset end
4775,20241231,PRAIRIE BANK OF KANSAS,2024-12-31,,Dataset end
4778,20241231,WESTERN NATIONAL BANK,2024-12-31,,Dataset end
4779,20241231,DREAM FIRST BANK NA,2024-12-31,811.0,Dataset end
4789,20241231,EMPRISE BANK,2024-12-31,,Dataset end
4791,20241231,BANK OF THE FLINT HILLS,2024-12-31,,Dataset end
4792,20241231,FNB WASHINGTON,2024-12-31,,Dataset end
4794,20241231,FIRST NB OF KANSAS,2024-12-31,,Dataset end
4796,20241231,BANK OF COMMERCE&TRUST CO,2024-12-31,,Dataset end
4799,20241231,INTRUST BANK NATIONAL ASSN,2024-12-31,,Dataset end
4801,20241231,SOUTHWEST NATIONAL BANK,2024-12-31,,Dataset end
4829,20200930,1880 BANK,2020-09-30,810.0,Institution stops before dataset end
4832,20241231,SHORE UNITED BANK NA,2024-12-31,810.0,Dataset end
4857,20241231,FIRST UNITED BANK&TRUST,2024-12-31,,Dataset end
4865,20241231,SANDY SPRING BANK,2024-12-31,,Dataset end
4931,20241231,MOUNTAIN COMMERCE BANK,2024-12-31,,Dataset end
4945,20241231,PEOPLES BANK OF THE SOUTH,2024-12-31,,Dataset end
4951,20200630,FIRST NB OF MANCHESTER,2020-06-30,,Institution stops before dataset end
4952,20241231,FIRST NB OF MIDDLE TENNESSEE,2024-12-31,,Dataset end
4958,20241231,FIRST NB OF ONEIDA,2024-12-31,,Dataset end
4960,20241231,FIRST FARMERS&COMMERCIAL BK,2024-12-31,,Dataset end
4972,20241231,FIRST CITIZENS NATIONAL BANK,2024-12-31,,Dataset end
4977,20241231,FIRST HORIZON BANK,2024-12-31,,Dataset end
4988,20241231,TRUSTMARK NATIONAL BANK,2024-12-31,,Dataset end
4993,20241231,CITIZENS NB OF MERIDIAN,2024-12-31,,Dataset end
4999,20210930,CADENCE BANK N A,2021-09-30,810.0,Institution stops before dataset end
5005,20241231,FNB OXFORD BANK,2024-12-31,,Dataset end
5006,20241231,FIRST CHOICE BANK,2024-12-31,,Dataset end
5015,20241231,CENTURY BANK&TRUST,2024-12-31,,Dataset end
5018,20241231,CITIZENS NB OF CHEBOYGAN,2024-12-31,,Dataset end
5019,20241231,SOUTHERN MICHIGAN BANK&TRUST,2024-12-31,,Dataset end
5033,20241231,DART BANK,2024-12-31,,Dataset end
5058,20241231,SUPERIOR NATIONAL BANK,2024-12-31,,Dataset end
5062,20241231,FIRST NATIONAL BANK&TRUST CO,2024-12-31,,Dataset end
5072,20241231,RANGE BANK,2024-12-31,,Dataset end
5074,20241231,FIRST NB OF ST IGNACE,2024-12-31,,Dataset end
5076,20241231,FIRST NB OF WAKEFIELD,2024-12-31,,Dataset end
5087,20241231,FIRST NB OF BAGLEY,2024-12-31,,Dataset end
5093,20241231,FIRST NB OF BEMIDJI,2024-12-31,,Dataset end
5095,20241231,STAR BANK,2024-12-31,,Dataset end
5097,20241231,FIRST BANK BLUE EARTH,2024-12-31,,Dataset end
5105,20241231,B2 BANK NATIONAL ASSN,2024-12-31,,Dataset end
5107,20241231,FIRST SECURITY BANK CANBY,2024-12-31,,Dataset end
5110,20241231,WESTERN NATIONAL BANK,2024-12-31,,Dataset end
5113,20241231,FIRST NATIONAL BANK,2024-12-31,,Dataset end
5115,20241231,FIRST NB OF COKATO,2024-12-31,,Dataset end
5116,20241231,GRANITE BANK,2024-12-31,810.0,Dataset end
5117,20241231,FIRST NB OF COLERAINE,2024-12-31,,Dataset end
5123,20241231,DEERWOOD BANK,2024-12-31,,Dataset end
5131,20241231,WESTERN NATIONAL BANK,2024-12-31,,Dataset end
5136,20241231,FIRST BANK ELK RIVER,2024-12-31,,Dataset end
5141,20241231,MINERS NB OF EVELETH,2024-12-31,,Dataset end
5142,20241231,FIRST NB OF FAIRFAX,2024-12-31,,Dataset end
5146,20241231,WELLS FARGO BANK S CNTL NA,2024-12-31,,Dataset end
5150,20241231,FIRST NB OF GILBERT,2024-12-31,,Dataset end
5162,20241231,FIRST NB OF HENNING,2024-12-31,,Dataset end
5170,20241231,BANK MIDWEST,2024-12-31,,Dataset end
5175,20241231,GLOBAL INNOVATIONS BANK,2024-12-31,,Dataset end
5180,20241231,FIRST NB OF LE CENTER,2024-12-31,,Dataset end
5186,20241231,FIRST FARMERS&MERCHANTS NB,2024-12-31,,Dataset end
5193,20241231,PIONEER BANK,2024-12-31,,Dataset end
5196,20241231,FIRST NB OF MCINTOSH,2024-12-31,,Dataset end
5197,20241231,COMMUNITY FIRST BANK,2024-12-31,,Dataset end
5198,20241231,FIRST NB OF MILACA,2024-12-31,,Dataset end
5214,20241231,FIRST NB OF MOOSE LAKE,2024-12-31,,Dataset end
5216,20210331,AMERICAN BANK OF THE NORTH,2021-03-31,,Institution stops before dataset end
5218,20200331,FIRST NB OF NORTHFIELD,2020-03-31,,Institution stops before dataset end
5219,20241231,COMMUNITY RESOURCE BANK,2024-12-31,,Dataset end
5221,20241231,FIRST NB OF OSAKIS,2024-12-31,,Dataset end
5223,20241231,CITIZENS NB OF PARK RAPIDS,2024-12-31,,Dataset end
5229,20241231,FORESIGHT BANK,2024-12-31,,Dataset end
5232,20241231,FIRST NB OF PROCTOR,2024-12-31,,Dataset end
5247,20241231,FIRST NB MINNESOTA,2024-12-31,,Dataset end
5249,20241231,MINNESOTA NATIONAL BANK,2024-12-31,,Dataset end
5252,20241231,FIRST SECURITY BK SLEEPY EYE,2024-12-31,,Dataset end
5269,20241231,FIRST NATIONAL BANK NORTH,2024-12-31,,Dataset end
5270,20241231,KEEN BANK NATIONAL ASSN,2024-12-31,,Dataset end
5271,20210930,ROUNDBANK,2021-09-30,811.0,Institution stops before dataset end
5278,20241231,FIRST FINL BK IN WINNEBAGO,2024-12-31,,Dataset end
5280,20241231,WNB FINANCIAL N A,2024-12-31,,Dataset end
5283,20241231,AMERICAN BANK OF BEAVER DAM,2024-12-31,,Dataset end
5285,20241231,FIRST NATIONAL BANK&TRUST CO,2024-12-31,,Dataset end
5286,20241231,FORTIFI BANK,2024-12-31,,Dataset end
5295,20241231,PREMIERBANK,2024-12-31,,Dataset end
5296,20241231,ASSOCIATED BANK NA,2024-12-31,,Dataset end
5297,20241231,FORTE BANK,2024-12-31,,Dataset end
5304,20241231,BANK FIRST N A,2024-12-31,810.0,Dataset end
5306,20241231,STEPHENSON NB&T,2024-12-31,,Dataset end
5317,20241231,PESHTIGO NATIONAL BANK,2024-12-31,,Dataset end
5335,20241231,WOODTRUST BANK,2024-12-31,,Dataset end
5336,20241231,PILLAR BANK,2024-12-31,,Dataset end
5337,20241231,FIRST NB OF BANGOR,2024-12-31,,Dataset end
5347,20200930,PEOPLES BANK MIDWEST,2020-09-30,,Institution stops before dataset end
5357,20241231,FIRST NATIONAL CMTY BANK,2024-12-31,,Dataset end
5364,20241231,FIRST NB OF RIVER FALLS,2024-12-31,,Dataset end
5369,20241231,WEST PLAINS BANK,2024-12-31,,Dataset end
5377,20241231,FARMERS&MERCHANTS BK ASHLAND,2024-12-31,,Dataset end
5380,20241231,FIRST BANK OF BANCROFT,2024-12-31,,Dataset end
5384,20241231,FIRST COMMUNITY BANK,2024-12-31,,Dataset end
5394,20241231,WAYPOINT BANK,2024-12-31,,Dataset end
5396,20241231,CITY BANK&TRUST CO,2024-12-31,,Dataset end
5401,20241231,F&M BANK,2024-12-31,,Dataset end
5405,20241231,FIRST B&T OF FULLERTON,2024-12-31,,Dataset end
5408,20241231,GENOA COMMUNITY BANK,2024-12-31,,Dataset end
5410,20241231,FIRST NB OF GORDON,2024-12-31,,Dataset end
5415,20241231,SECURITY FIRST BANK,2024-12-31,,Dataset end
5422,20241231,FIRST NB OF JOHNSON,2024-12-31,,Dataset end
5424,20241231,SECURITY BANK,2024-12-31,,Dataset end
5425,20241231,LEGENDS WEST BANK,2024-12-31,,Dataset end
5432,20241231,FIRST NORTHEAST BANK OF NE,2024-12-31,,Dataset end
5434,20241231,MNB BANK,2024-12-31,,Dataset end
5438,20241231,FIRST BANK&TRUST CO,2024-12-31,,Dataset end
5439,20241231,MINDEN EXCHANGE B&T CO,2024-12-31,,Dataset end
5442,20241231,PLATTE VALLEY BANK,2024-12-31,,Dataset end
5447,20211231,BANK OF NEWMAN GROVE,2021-12-31,,Institution stops before dataset end
5452,20241231,FIRST NATIONAL BANK OF OMAHA,2024-12-31,820.0,Dataset end
5460,20241231,FIRST NATIONAL BANK IN ORD,2024-12-31,,Dataset end
5469,20241231,CITIZENS BANK&TRUST CO,2024-12-31,,Dataset end
5472,20241231,CATTLE BANK&TRUST,2024-12-31,,Dataset end
5473,20241231,JONES BANK,2024-12-31,,Dataset end
5478,20241231,STANTON STATE BANK,2024-12-31,,Dataset end
5486,20241231,FIRSTBANK OF NEBRASKA,2024-12-31,,Dataset end
5490,20241231,STATE NEBRASKA BANK&TRUST,2024-12-31,,Dataset end
5495,20241231,CITIZENS STATE BANK,2024-12-31,,Dataset end
5496,20241231,CORNERSTONE BANK,2024-12-31,810.0,Dataset end
5510,20241231,FROST BANK,2024-12-31,,Dataset end
5518,20241231,CITY NB OF SAN SABA,2024-12-31,,Dataset end
5520,20241231,SANTA ANNA NATIONAL BANK,2024-12-31,,Dataset end
5525,20210331,FIRST BANK&TRUST,2021-03-31,810.0,Institution stops before dataset end
5529,20241231,FIRST NB OF SHINER,2024-12-31,,Dataset end
5531,20241231,FIRST NB OF SONORA,2024-12-31,,Dataset end
5536,20241231,FIRST NB OF STANTON,2024-12-31,,Dataset end
5538,20241231,FIRST NB OF STERLING CITY,2024-12-31,,Dataset end
5544,20241231,CITY NB OF SULPHUR SPRINGS,2024-12-31,,Dataset end
5546,20210331,FIRST NB OF TAHOKA,2021-03-31,,Institution stops before dataset end
5548,20241231,CITY NATIONAL BANK OF TAYLOR,2024-12-31,,Dataset end
5551,20241231,EXTRACO BANKS NATIONAL ASSN,2024-12-31,,Dataset end
5557,20241231,FIRST NB OF TOM BEAN,2024-12-31,820.0,Dataset end
5558,20241231,CAPTEX BANK,2024-12-31,,Dataset end
5559,20241231,FIRST NB OF TRINITY,2024-12-31,,Dataset end
5564,20241231,FIRST NB OF BOSQUE COUNTY,2024-12-31,,Dataset end
5568,20241231,HERRING BANK,2024-12-31,,Dataset end
5569,20241231,WAGGONER NB OF VERNON,2024-12-31,,Dataset end
5574,20241231,CITIZENS NB OF TEXAS,2024-12-31,,Dataset end
5575,20241231,FIRST NB&T CO OF WEATHERFORD,2024-12-31,,Dataset end
5589,20241231,FANNIN BANK,2024-12-31,,Dataset end
5590,20241231,FIRST NB OF WINNSBORO,2024-12-31,,Dataset end
5595,20241231,YOAKUM NATIONAL BANK,2024-12-31,,Dataset end
5598,20241231,TROY BANK&TRUST CO,2024-12-31,,Dataset end
5600,20211231,CITIZENS BANK OF FAYETTE,2021-12-31,,Institution stops before dataset end
5602,20241231,UNION STATE BANK,2024-12-31,,Dataset end
5605,20241231,BANK OF BREWTON,2024-12-31,,Dataset end
5615,20241231,CHAMBERS BANK,2024-12-31,,Dataset end
5619,20241231,COMMUNITY STATE BANK,2024-12-31,,Dataset end
5623,20241231,SMACKOVER STATE BANK,2024-12-31,,Dataset end
5624,20241231,BODCAW BANK,2024-12-31,,Dataset end
5628,20241231,PIGGOTT STATE BANK,2024-12-31,,Dataset end
5629,20220930,HOME BANK OF ARKANSAS,2022-09-30,,Institution stops before dataset end
5632,20241231,LOGAN COUNTY BANK,2024-12-31,,Dataset end
5633,20241231,FIRST SECURITY BANK,2024-12-31,,Dataset end
5634,20241231,CONNECT BANK,2024-12-31,,Dataset end
5635,20241231,CS BANK,2024-12-31,,Dataset end
5636,20210331,BANK OF GRAVETTE,2021-03-31,,Institution stops before dataset end
5649,20241231,DISCOVER BANK,2024-12-31,,Dataset end
5673,20241231,CITIZENS BANK&TRUST,2024-12-31,,Dataset end
5676,20241231,BRANNEN BANK,2024-12-31,,Dataset end
5677,20200331,COLUMBIA BANK,2020-03-31,,Institution stops before dataset end
5685,20241231,SOUTHEASTERN BANK,2024-12-31,,Dataset end
5686,20241231,BANK OF EDISON,2024-12-31,,Dataset end
5694,20241231,PRIMESOUTH BANK,2024-12-31,,Dataset end
5699,20241231,BANK OF WRIGHTSVILLE,2024-12-31,,Dataset end
5704,20241231,BANK OF NEWINGTON,2024-12-31,,Dataset end
5709,20241231,FARMERS BANK,2024-12-31,,Dataset end
5716,20241231,FARMERS&MERCHANTS BANK,2024-12-31,,Dataset end
5722,20241231,PHILO EXCHANGE BANK,2024-12-31,,Dataset end
5730,20241231,STATE BANK OF ST JACOB,2024-12-31,,Dataset end
5740,20241231,STATE BANK OF DAVIS,2024-12-31,,Dataset end
5744,20241231,STATE BANK OF THE LAKES NA,2024-12-31,,Dataset end
5749,20241231,GERMAN-AMERICAN STATE BANK,2024-12-31,,Dataset end
5753,20241231,FIDELITY BANK,2024-12-31,,Dataset end
5768,20241231,FOUNTAIN TRUST CO,2024-12-31,,Dataset end
5779,20241231,PEOPLES BANK,2024-12-31,,Dataset end
5786,20241231,SPENCER COUNTY BANK,2024-12-31,,Dataset end
5791,20241231,FIRST STATE BANK,2024-12-31,,Dataset end
5792,20241231,BREDA SAVINGS BANK,2024-12-31,,Dataset end
5796,20241231,EARLHAM SAVINGS BANK,2024-12-31,,Dataset end
5797,20241231,FARMERS STATE BANK,2024-12-31,,Dataset end
5800,20241231,AMERICAN BANK NATIONAL ASSN,2024-12-31,,Dataset end
5814,20241231,AUDUBON STATE BANK,2024-12-31,,Dataset end
5817,20241231,HARDIN COUNTY SAVINGS BANK,2024-12-31,,Dataset end
5819,20230930,LEE COUNTY BANK,2023-09-30,,Institution stops before dataset end
5820,20241231,STATE CENTRAL BANK,2024-12-31,,Dataset end
5821,20241231,FIRST STATE BANK,2024-12-31,,Dataset end
5826,20241231,LANDMARK NATIONAL BANK,2024-12-31,820.0,Dataset end
5830,20241231,CITIZENS STATE BANK&TRUST CO,2024-12-31,,Dataset end
5835,20241231,FIRST STATE BANK,2024-12-31,,Dataset end
5838,20241231,FARMERS STATE BANK,2024-12-31,,Dataset end
5840,20211231,CITIZENS UNION BK SHELBYVILL,2021-12-31,810.0,Institution stops before dataset end
5847,20241231,PEOPLES BANK MT WASHINGTON,2024-12-31,,Dataset end
5854,20241231,SOUTH CENTRAL BANK INC,2024-12-31,,Dataset end
5867,20241231,BANK OF OCEAN CITY,2024-12-31,,Dataset end
5873,20241231,WOODSBORO BANK,2024-12-31,,Dataset end
5874,20241231,CALVIN B TAYLOR BK BERLIN MD,2024-12-31,,Dataset end
5885,20241231,FARMERS BANK OF WILLARDS,2024-12-31,,Dataset end
5892,20241231,KALAMAZOO COUNTY STATE BANK,2024-12-31,,Dataset end
5902,20241231,BANKOKOLONA,2024-12-31,810.0,Dataset end
5903,20241231,BANKPLUS,2024-12-31,,Dataset end
5907,20241231,FIRST BANK,2024-12-31,,Dataset end
5956,20241231,PEOPLES BANK,2024-12-31,,Dataset end
5962,20241231,SUTTON BANK,2024-12-31,,Dataset end
5969,20241231,FARMERS&MERCHANTS STATE BANK,2024-12-31,810.0,Dataset end
5981,20241231,COMMUNITY BANK,2024-12-31,,Dataset end
5994,20241231,PRISM BANK,2024-12-31,,Dataset end
5999,20241231,FIRST STATE BANK IN TEMPLE,2024-12-31,,Dataset end
6051,20241231,APOLLO TRUST CO,2024-12-31,,Dataset end
6063,20241231,CORTRUST BANK NATIONAL ASSN,2024-12-31,,Dataset end
6064,20241231,BRYANT STATE BANK,2024-12-31,,Dataset end
6078,20241231,ONE AMERICAN BANK,2024-12-31,,Dataset end
6084,20241231,FARMERS STATE BANK OF TURTON,2024-12-31,,Dataset end
6085,20241231,FIRST PREMIER BANK,2024-12-31,,Dataset end
6088,20241231,UNION BANK,2024-12-31,,Dataset end
6091,20241231,MACON BANK&TRUST CO,2024-12-31,,Dataset end
6100,20241231,LINEAGE BANK,2024-12-31,,Dataset end
6101,20241231,DECATUR COUNTY BANK,2024-12-31,,Dataset end
6103,20210630,CITIZENS BANK,2021-06-30,,Institution stops before dataset end
6110,20241231,PEOPLES BANK,2024-12-31,,Dataset end
6123,20241231,BANK OF CLARKE,2024-12-31,,Dataset end
6128,20210630,BANK OF FINCASTLE,2021-06-30,,Institution stops before dataset end
6137,20241231,BANK OF BOTETOURT,2024-12-31,,Dataset end
6139,20240930,TOUCHSTONE BANK,2024-09-30,810.0,Institution stops before dataset end
6149,20230630,FARMINGTON STATE BANK,2023-06-30,,Institution stops before dataset end
6156,20241231,FARMERS STATE BANK,2024-12-31,,Dataset end
6158,20241231,PEOPLES BANK,2024-12-31,,Dataset end
6161,20241231,KITSAP BANK,2024-12-31,,Dataset end
6176,20241231,PENDLETON COMMUNITY BANK INC,2024-12-31,,Dataset end
6180,20241231,BANK OF MONROE,2024-12-31,,Dataset end
6186,20241231,CITIZENS STATE BANK OF LOYAL,2024-12-31,,Dataset end
6194,20241231,CITIZENS STATE BANK,2024-12-31,,Dataset end
6195,20241231,STERLING BANK,2024-12-31,,Dataset end
6198,20241231,HIGHLAND STATE BANK,2024-12-31,,Dataset end
6271,20241231,COMMUNITY NATIONAL BANK,2024-12-31,,Dataset end
6275,20241231,NATIONAL BANK OF MIDDLEBURY,2024-12-31,,Dataset end
6280,20241231,FIRST NB OF ORWELL,2024-12-31,,Dataset end
6354,20241231,FIRST HOPE BK A NATL BK ASSN,2024-12-31,,Dataset end
6384,20241231,PNC BANK NATIONAL ASSN,2024-12-31,,Dataset end
6423,20241231,AMBOY BANK,2024-12-31,,Dataset end
6442,20241231,FIRST NB OF ABSECON,2024-12-31,,Dataset end
6464,20241231,FIRST NATIONAL BANK OF ELMER,2024-12-31,,Dataset end
6516,20220930,LIBERTY NATIONAL BANK,2022-09-30,,Institution stops before dataset end
6528,20241231,FIRST NB OF BELLEVUE,2024-12-31,,Dataset end
6530,20241231,FIRST NB OF BLANCHESTER,2024-12-31,,Dataset end
6531,20241231,CITIZENS NB OF BLUFFTON,2024-12-31,,Dataset end
6540,20241231,FARMERS NB OF CANFIELD,2024-12-31,810.0,Dataset end
6544,20241231,PEOPLES BANK,2024-12-31,810.0,Dataset end
6548,20241231,U S BANK NATIONAL ASSN,2024-12-31,810.0,Dataset end
6560,20241231,HUNTINGTON NATIONAL BANK,2024-12-31,,Dataset end
6574,20241231,FIRST NB OF DENNISON,2024-12-31,,Dataset end
6584,20241231,COMMUNITY FIRST BANK NA,2024-12-31,,Dataset end
6592,20241231,FIRST NB OF GERMANTOWN,2024-12-31,,Dataset end
6600,20241231,FIRST FINANCIAL BANK,2024-12-31,,Dataset end
6605,20241231,MERCHANTS NATIONAL BANK,2024-12-31,,Dataset end
6616,20241231,KINGSTON NATIONAL BANK,2024-12-31,,Dataset end
6623,20241231,LCNB NATIONAL BANK,2024-12-31,810.0,Dataset end
6636,20241231,VINTON COUNTY NATIONAL BANK,2024-12-31,,Dataset end
6637,20241231,FIRST NB OF MCCONNELSVILLE,2024-12-31,,Dataset end
6638,20241231,CITIZENS NB MCCONNELSVILLE,2024-12-31,,Dataset end
6646,20241231,1ST NATIONAL BANK,2024-12-31,,Dataset end
6653,20241231,PARK NATIONAL BANK,2024-12-31,,Dataset end
6659,20241231,PEOPLES STATE BANK,2024-12-31,810.0,Dataset end
6662,20241231,RIVERHILLS BANK,2024-12-31,,Dataset end
6671,20241231,FIRST NB OF PANDORA,2024-12-31,,Dataset end
6672,20241231,FIFTH THIRD BANK NA,2024-12-31,820.0,Dataset end
6680,20241231,HOME NATIONAL BANK,2024-12-31,820.0,Dataset end
6700,20241231,SOMERVILLE BANK,2024-12-31,,Dataset end
6706,20241231,FIRST NB OF SYCAMORE,2024-12-31,,Dataset end
6725,20241231,FIRST NB OF WAVERLY,2024-12-31,,Dataset end
6728,20241231,NATIONAL BK ADAMS CNTY W UNI,2024-12-31,,Dataset end
6732,20241231,CITIZENS NB OF WOODSFIELD,2024-12-31,,Dataset end
6760,20241231,CITIZENS BANK OF WEST VA INC,2024-12-31,,Dataset end
6762,20241231,FAYETTE CNTY NB FAYETTEVILLE,2024-12-31,,Dataset end
6786,20241231,MOUNTAIN VALLEY BANK N A,2024-12-31,,Dataset end
6787,20241231,FIRST NB OF PETERSTOWN,2024-12-31,,Dataset end
6794,20241231,FNB BANK INC,2024-12-31,,Dataset end
6800,20241231,FIRST NEIGHBORHOOD BANK,2024-12-31,,Dataset end
6803,20241231,MCNB BANK&TRUST CO,2024-12-31,,Dataset end
6805,20241231,FIRST NB OF WILLIAMSON,2024-12-31,,Dataset end
6811,20241231,FIRST NATIONAL BANK,2024-12-31,,Dataset end
6813,20241231,FARMERS BANK OF APPOMATTOX,2024-12-31,,Dataset end
6821,20241231,NATIONAL BANK OF BLACKSBURG,2024-12-31,810.0,Dataset end
6837,20240331,AMERICAN NB&T CO,2024-03-31,,Institution stops before dataset end
6861,20241231,SKYLINE NATIONAL BANK,2024-12-31,,Dataset end
6862,20241231,CHESAPEAKE BANK,2024-12-31,,Dataset end
6863,20241231,POWELL VALLEY NATIONAL BANK,2024-12-31,,Dataset end
6892,20241231,OLD POINT NB OF PHOEBUS,2024-12-31,,Dataset end
6913,20241231,PIONEER BANK,2024-12-31,,Dataset end
6917,20241231,FIRST BANK,2024-12-31,810.0,Dataset end
6923,20210331,FAUQUIER BANK,2021-03-31,,Institution stops before dataset end
6947,20241231,EVANS BANK NATIONAL ASSN,2024-12-31,,Dataset end
6954,20241231,CAYUGA LAKE NATIONAL BANK,2024-12-31,,Dataset end
6959,20241231,BALLSTON SPA NATIONAL BANK,2024-12-31,,Dataset end
6976,20241231,DIME COMMUNITY BANK,2024-12-31,,Dataset end
6985,20241231,CANANDAIGUA NB&T CO,2024-12-31,,Dataset end
6989,20241231,COMMUNITY BANK NATIONAL ASSN,2024-12-31,810.0,Dataset end
6990,20241231,PUTNAM COUNTY NB OF CARMEL,2024-12-31,,Dataset end
7018,20241231,NATIONAL BANK OF COXSACKIE,2024-12-31,,Dataset end
7025,20241231,DELAWARE NB OF DELHI,2024-12-31,,Dataset end
7031,20241231,FIRST NB OF DRYDEN,2024-12-31,,Dataset end
7072,20241231,FIRST NB OF LONG ISLAND,2024-12-31,,Dataset end
7074,20241231,GLENS FALLS NB&T CO,2024-12-31,810.0,Dataset end
7085,20241231,FIRST NB OF GROTON,2024-12-31,,Dataset end
7123,20241231,JEFF BANK,2024-12-31,,Dataset end
7151,20241231,LYONS NATIONAL BANK,2024-12-31,,Dataset end
7153,20211231,MAHOPAC BANK,2021-12-31,,Institution stops before dataset end
7213,20241231,CITIBANK NATIONAL ASSN,2024-12-31,,Dataset end
7230,20241231,NBT BANK NATIONAL ASSN,2024-12-31,810.0,Dataset end
7274,20241231,WSB MUNICIPAL BANK,2024-12-31,,Dataset end
7356,20241231,CHAMPLAIN NATIONAL BANK,2024-12-31,,Dataset end
7391,20200331,MERCHANTS BANK OF BANGOR,2020-03-31,,Institution stops before dataset end
7404,20241231,FIRST KEYSTONE CMTY BANK,2024-12-31,,Dataset end
7461,20221231,CENTRIC BANK,2022-12-31,,Institution stops before dataset end
7468,20241231,FIRST COMMONWEALTH BANK,2024-12-31,,Dataset end
7472,20240630,FNCB BANK,2024-06-30,,Institution stops before dataset end
7493,20241231,EPHRATA NATIONAL BANK,2024-12-31,,Dataset end
7506,20241231,ACNB BANK,2024-12-31,,Dataset end
7514,20241231,PEOPLES SECURITY B&T CO,2024-12-31,810.0,Dataset end
7526,20241231,HONESDALE NATIONAL BANK,2024-12-31,,Dataset end
7542,20241231,AMERISERV FINANCIAL BANK,2024-12-31,810.0,Dataset end
7551,20241231,FULTON BANK NATIONAL ASSN,2024-12-31,811.0,Dataset end
7586,20241231,LUZERNE BANK,2024-12-31,,Dataset end
7590,20241231,NATIONAL BANK OF MALVERN,2024-12-31,,Dataset end
7593,20241231,FIRST CITIZENS CMTY BANK,2024-12-31,810.0,Dataset end
7598,20210930,RIVERVIEW BANK,2021-09-30,,Institution stops before dataset end
7599,20241231,JIM THORPE NEIGHBORHOOD BANK,2024-12-31,,Dataset end
7613,20241231,PENNIAN BANK,2024-12-31,,Dataset end
7614,20241231,JUNIATA VALLEY BANK,2024-12-31,,Dataset end
7631,20241231,UNB BANK,2024-12-31,,Dataset end
7646,20241231,NEFFS NATIONAL BANK,2024-12-31,,Dataset end
7658,20241231,FIRST NB&T CO OF NEWTOWN,2024-12-31,,Dataset end
7659,20241231,NEW TRIPOLI BANK,2024-12-31,,Dataset end
7666,20241231,NORTHUMBERLAND NATIONAL BANK,2024-12-31,,Dataset end
7675,20241231,FIRST NORTHERN BANK&TRUST CO,2024-12-31,,Dataset end
7714,20241231,QNB BANK,2024-12-31,,Dataset end
7748,20211231,VIST BANK,2021-12-31,,Institution stops before dataset end
7759,20241231,UNIVEST BANK&TRUST CO,2024-12-31,,Dataset end
7789,20241231,TURBOTVILLE NATIONAL BANK,2024-12-31,,Dataset end
7799,20241231,CITIZENS&NORTHERN BANK,2024-12-31,,Dataset end
7848,20241231,COMMUNITY BANK,2024-12-31,,Dataset end
7875,20221231,FARMERS NB OF EMLENTON,2022-12-31,810.0,Institution stops before dataset end
7886,20241231,FIRST UNITED NATIONAL BANK,2024-12-31,,Dataset end
7888,20241231,FIRST NB OF PENNSYLVANIA,2024-12-31,810.0,Dataset end
7900,20241231,NEXTIER BANK NATIONAL ASSN,2024-12-31,810.0,Dataset end
7909,20241231,MARION CENTER BANK,2024-12-31,,Dataset end
7910,20231231,MARS BANK,2023-12-31,,Institution stops before dataset end
7946,20241231,BNY MELLON NATIONAL ASSN,2024-12-31,,Dataset end
8011,20241231,SVG BANK OF MENDOCINO COUNTY,2024-12-31,,Dataset end
8018,20241231,GROVE BANK&TRUST,2024-12-31,,Dataset end
8021,20241231,CREWS BANK&TRUST,2024-12-31,810.0,Dataset end
8028,20241231,MOUNT VERNON BANK,2024-12-31,,Dataset end
8033,20241231,CITIZENS TRUST BANK,2024-12-31,,Dataset end
8035,20241231,BATH STATE BANK,2024-12-31,,Dataset end
8056,20241231,MERCHANTS BANK OF INDIANA,2024-12-31,810.0,Dataset end
8058,20200930,COMMUNITY STB SOUTHWESTERN,2020-09-30,,Institution stops before dataset end
8063,20241231,NORTH SALEM STATE BANK,2024-12-31,,Dataset end
8067,20241231,COMMUNITY STATE BANK,2024-12-31,,Dataset end
8074,20241231,GARRETT STATE BANK,2024-12-31,,Dataset end
8083,20241231,FAIRFAX STATE SAVINGS BANK,2024-12-31,,Dataset end
8094,20241231,NSB BANK,2024-12-31,,Dataset end
8101,20241231,PRIMEBANK,2024-12-31,,Dataset end
8108,20241231,NEW CENTURY BANK,2024-12-31,,Dataset end
8110,20241231,STATE BANK OF SPRING HILL,2024-12-31,,Dataset end
8117,20241231,PEOPLES B&T CO OF HAZARD,2024-12-31,,Dataset end
8118,20241231,BANK OF JAMESTOWN,2024-12-31,,Dataset end
8120,20241231,MAGNOLIA BANK INC,2024-12-31,,Dataset end
8121,20241231,SECURITY BANK&TRUST CO,2024-12-31,,Dataset end
8122,20241231,FIRST&PEOPLES BANK&TRUST CO,2024-12-31,,Dataset end
8126,20241231,COMMONWEALTH CMTY BANK INC,2024-12-31,,Dataset end
8128,20210930,HANCOCK BANK&TRUST CO,2021-09-30,,Institution stops before dataset end
8129,20200331,PEOPLES BANK&TRUST CO,2020-03-31,,Institution stops before dataset end
8136,20241231,INDEPENDENCE BANK OF KY,2024-12-31,,Dataset end
8140,20241231,COLFAX BANKING CO,2024-12-31,,Dataset end
8141,20241231,SABINE STATE BANK&TRUST CO,2024-12-31,,Dataset end
8144,20241231,BANK OF GUEYDAN,2024-12-31,,Dataset end
8149,20241231,FIRST AMERICAN BANK&TRUST,2024-12-31,,Dataset end
8152,20240630,CAMBRIDGE TRUST CO,2024-06-30,810.0,Institution stops before dataset end
8162,20241231,STATE SAVINGS BANK,2024-12-31,,Dataset end
8165,20241231,HONOR BANK,2024-12-31,,Dataset end
8172,20241231,LAKE-OSCEOLA STATE BANK,2024-12-31,,Dataset end
8183,20241231,CITIZENS STATE BANK,2024-12-31,,Dataset end
8188,20240331,FLAGSHIP BANK MINNESOTA,2024-03-31,,Institution stops before dataset end
8190,20230930,STATE BANK OF LISMORE,2023-09-30,,Institution stops before dataset end
8191,20241231,FIRST STATE BANK OF RED WING,2024-12-31,,Dataset end
8193,20231231,LAKE COMMUNITY BANK,2023-12-31,,Institution stops before dataset end
8197,20241231,PORTAGE BANK,2024-12-31,,Dataset end
8200,20241231,CITIZENS BANK MINNESOTA,2024-12-31,,Dataset end
8205,20241231,AMERICANA COMMUNITY BANK,2024-12-31,,Dataset end
8207,20241231,PRAIRIE SUN BANK,2024-12-31,,Dataset end
8210,20241231,FREEPORT STATE BANK,2024-12-31,,Dataset end
8214,20241231,FARMERS STATE BANK OF HAMEL,2024-12-31,,Dataset end
8218,20241231,FIRST STB OF SWANVILLE,2024-12-31,,Dataset end
8231,20241231,COPIAH BANK,2024-12-31,,Dataset end
8232,20241231,BANK OF HOLLY SPRINGS,2024-12-31,,Dataset end
8234,20241231,RIVERHILLS BANK,2024-12-31,,Dataset end
8235,20241231,PLANTERS BANK&TRUST CO,2024-12-31,,Dataset end
8243,20241231,BANK OF ANGUILLA,2024-12-31,,Dataset end
8250,20241231,BANK OF WIGGINS,2024-12-31,,Dataset end
8251,20241231,ADRIAN BANK,2024-12-31,,Dataset end
8252,20241231,OMB BANK,2024-12-31,,Dataset end
8255,20241231,MONTGOMERY BANK,2024-12-31,810.0,Dataset end
8259,20220930,MERCHANTS&FARMERS BK SALISBU,2022-09-30,,Institution stops before dataset end
8267,20200630,FARMERS BANK OF LINCOLN,2020-06-30,,Institution stops before dataset end
8268,20241231,FARMERS BANK OF LOHMAN MO,2024-12-31,,Dataset end
8273,20241231,UMB BANK NATIONAL ASSN,2024-12-31,,Dataset end
8274,20241231,EXCHANGE BANK OF NE MO,2024-12-31,810.0,Dataset end
8276,20241231,ALTON BANK,2024-12-31,,Dataset end
8282,20241231,FIRST MISSOURI STATE BANK,2024-12-31,,Dataset end
8283,20241231,LEAD BANK,2024-12-31,,Dataset end
8295,20241231,O BANNON BANKING CO,2024-12-31,,Dataset end
8296,20241231,CENTURY BANK OF THE OZARKS,2024-12-31,,Dataset end
8317,20241231,FIRST STATE BANK OF FORSYTH,2024-12-31,,Dataset end
8321,20241231,STOCKMENS BANK,2024-12-31,,Dataset end
8322,20241231,NEBRASKA STATE BANK&TRUST CO,2024-12-31,,Dataset end
8323,20241231,COMMUNITY STATE BANK,2024-12-31,,Dataset end
8333,20241231,FIRST TRI COUNTY BANK,2024-12-31,,Dataset end
8350,20200930,PLATTSMOUTH STATE BANK,2020-09-30,,Institution stops before dataset end
8383,20241231,FIRST STATE BANK OF HARVEY,2024-12-31,,Dataset end
8386,20241231,KODABANK,2024-12-31,,Dataset end
8387,20241231,BANKNORTH,2024-12-31,810.0,Dataset end
8390,20241231,LINCOLN STATE BANK,2024-12-31,,Dataset end
8397,20241231,WATERFORD COMMERCIAL&SVG BK,2024-12-31,,Dataset end
8403,20241231,OTTOVILLE BANK CO,2024-12-31,,Dataset end
8405,20241231,FARMERS&MERCHANTS TR CHAMBER,2024-12-31,,Dataset end
8421,20241231,SUSQUEHANNA COMMUNITY BANK,2024-12-31,,Dataset end
8426,20241231,1ST SUMMIT BANK,2024-12-31,,Dataset end
8432,20241231,ONE BANK OF TENNESSEE,2024-12-31,,Dataset end
8439,20241231,CENTENNIAL BANK,2024-12-31,,Dataset end
8468,20241231,EXCHANGE BANK,2024-12-31,,Dataset end
8487,20241231,CENTRAL STATE BANK,2024-12-31,,Dataset end
8491,20241231,SCOTT STATE BANK,2024-12-31,,Dataset end
8492,20220331,GLASFORD STATE BANK,2022-03-31,,Institution stops before dataset end
8499,20241231,UNION STATE BANK,2024-12-31,810.0,Dataset end
8500,20211231,FIRST STATE BANK,2021-12-31,,Institution stops before dataset end
8503,20241231,FARMERS STATE BANK,2024-12-31,,Dataset end
8506,20241231,NEW ALBIN SAVINGS BANK,2024-12-31,,Dataset end
8507,20241231,SLOAN STATE BANK,2024-12-31,,Dataset end
8510,20241231,FARMERS TRUST&SAVINGS BANK,2024-12-31,,Dataset end
8511,20241231,CRAWFORD COUNTY T&SB,2024-12-31,,Dataset end
8513,20241231,STATE SAVINGS BANK,2024-12-31,,Dataset end
8519,20241231,WHITE STATE BANK,2024-12-31,,Dataset end
8522,20241231,FIRST STATE BANK,2024-12-31,,Dataset end
8527,20241231,CONCORDIA BANK&TRUST CO,2024-12-31,,Dataset end
8531,20241231,BANK OF COUSHATTA,2024-12-31,,Dataset end
8532,20241231,BANK OF ERATH,2024-12-31,,Dataset end
8533,20241231,TENSAS STATE BANK,2024-12-31,,Dataset end
8534,20241231,ST LANDRY BANK&TRUST CO,2024-12-31,,Dataset end
8535,20241231,FIRST COMMUNITY BANK,2024-12-31,,Dataset end
8536,20241231,PROGROWTH BANK,2024-12-31,,Dataset end
8537,20241231,BANKCHEROKEE,2024-12-31,,Dataset end
8541,20241231,STATE BANK OF FAIRMONT,2024-12-31,,Dataset end
8544,20241231,UNITED COMMUNITY BANK,2024-12-31,,Dataset end
8546,20241231,SENTRY BANK,2024-12-31,,Dataset end
8552,20241231,GREAT SOUTHERN BANK,2024-12-31,,Dataset end
8556,20230930,BANK OF MORTON,2023-09-30,,Institution stops before dataset end
8560,20241231,BANK 21,2024-12-31,,Dataset end
8564,20241231,BANK OF GRAIN VALLEY,2024-12-31,,Dataset end
8569,20241231,GOPPERT FINANCIAL BANK,2024-12-31,,Dataset end
8572,20241231,CITIZENS BANK OF ROGERSVILLE,2024-12-31,,Dataset end
8576,20241231,MARIES COUNTY BANK,2024-12-31,,Dataset end
8584,20241231,BANK OF IBERIA,2024-12-31,,Dataset end
8594,20241231,MONTROSE SAVINGS BANK,2024-12-31,,Dataset end
8595,20241231,I3 BANK,2024-12-31,,Dataset end
8604,20241231,FIRST STATE BANK,2024-12-31,,Dataset end
8632,20241231,CITIZENS STB AT MOHALL,2024-12-31,,Dataset end
8637,20241231,DAKOTA WESTERN BANK,2024-12-31,,Dataset end
8640,20241231,FARMERS&MERCHANTS BANK OF ND,2024-12-31,,Dataset end
8642,20210331,SECURITY STB WISHEK ND,2021-03-31,,Institution stops before dataset end
8647,20241231,FARMERS STATE BANK,2024-12-31,,Dataset end
8660,20241231,COMMERCIAL BANK&TRUST CO,2024-12-31,,Dataset end
8661,20241231,FARMERS BANK,2024-12-31,,Dataset end
8663,20241231,FIRSTBANK,2024-12-31,,Dataset end
8668,20241231,FARMERS&MERCHANTS BANK,2024-12-31,,Dataset end
8672,20241231,BLUE GRASS VALLEY BANK,2024-12-31,,Dataset end
8675,20210930,ESSEX BANK,2021-09-30,,Institution stops before dataset end
8681,20241231,LAMONT BANK OF ST JOHN,2024-12-31,,Dataset end
8693,20241231,BLUFF VIEW BANK,2024-12-31,,Dataset end
8695,20241231,BANK OF LAKE MILLS,2024-12-31,,Dataset end
8698,20241231,PORT WASHINGTON STATE BANK,2024-12-31,,Dataset end
8700,20241231,WALDO STATE BANK,2024-12-31,,Dataset end
8714,20241231,UNITY BANK,2024-12-31,,Dataset end
8718,20241231,WYOMING BANK&TRUST,2024-12-31,,Dataset end
8724,20230331,LUSK STATE BANK,2023-03-31,,Institution stops before dataset end
8725,20241231,COWBOY STATE BANK,2024-12-31,,Dataset end
8728,20241231,ARVEST BANK,2024-12-31,820.0,Dataset end
8730,20241231,GATEWAY BANK,2024-12-31,,Dataset end
8735,20241231,MERCHANTS&FARMERS BANK,2024-12-31,,Dataset end
8738,20241231,CITIZENS BANK&TRUST CO,2024-12-31,,Dataset end
8745,20241231,FIRST STB OF MIDDLEBURY,2024-12-31,,Dataset end
8751,20241231,IOWA STATE SAVINGS BANK,2024-12-31,,Dataset end
8752,20241231,FIRST TRUST&SAVINGS BANK,2024-12-31,,Dataset end
8758,20230930,CITIZENS BANK,2023-09-30,,Institution stops before dataset end
8760,20241231,FARMERS STATE BANK,2024-12-31,,Dataset end
8761,20241231,KERNDT BROTHERS SAVINGS BANK,2024-12-31,,Dataset end
8762,20241231,SACRAMENTO DEPOSIT BANK,2024-12-31,,Dataset end
8772,20241231,SPRINGFIELD STATE BANK,2024-12-31,,Dataset end
8774,20241231,CECILIAN BANK,2024-12-31,,Dataset end
8775,20241231,BANK OF COLUMBIA,2024-12-31,,Dataset end
8785,20241231,PEOPLES EXCHANGE BANK,2024-12-31,,Dataset end
8798,20241231,COTTONPORT BANK,2024-12-31,,Dataset end
8799,20241231,JACKSON PARISH BANK,2024-12-31,,Dataset end
8810,20230930,BANK OF DELMARVA,2023-09-30,,Institution stops before dataset end
8811,20241231,HEBRON SAVINGS BANK,2024-12-31,,Dataset end
8813,20230331,PROVIDENT STATE BANK INC,2023-03-31,,Institution stops before dataset end
8816,20241231,QUEENSTOWN BANK OF MARYLAND,2024-12-31,,Dataset end
8821,20241231,UNITED FARMERS STATE BANK,2024-12-31,,Dataset end
8822,20241231,ADRIAN STATE BANK,2024-12-31,,Dataset end
8824,20241231,EAGLE BANK,2024-12-31,,Dataset end
8827,20221231,STATE BANK OF WHEATON,2022-12-31,,Institution stops before dataset end
8831,20241231,FIRST STB OF SAUK CENTRE,2024-12-31,,Dataset end
8833,20241231,CURRIE STATE BANK,2024-12-31,,Dataset end
8840,20241231,PEOPLES STATE BANK OF WELLS,2024-12-31,,Dataset end
8842,20241231,GRAND MARAIS STATE BANK,2024-12-31,,Dataset end
8843,20241231,AMERICAN HERITAGE NB,2024-12-31,,Dataset end
8845,20241231,FARMERS&MERCHANTS STB APPLET,2024-12-31,,Dataset end
8848,20241231,CENBANK,2024-12-31,,Dataset end
8850,20241231,NORTH SHORE BANK OF COMMERCE,2024-12-31,,Dataset end
8851,20241231,PARK STATE BANK,2024-12-31,,Dataset end
8853,20241231,GLENWOOD STATE BANK INC,2024-12-31,,Dataset end
8857,20241231,GROVE BANK,2024-12-31,,Dataset end
8858,20241231,STATE BANK OF CHANDLER,2024-12-31,,Dataset end
8863,20241231,WOODLAND BANK,2024-12-31,,Dataset end
8864,20200331,FARMERS STB OF WATKINS,2020-03-31,,Institution stops before dataset end
8865,20241231,HERITAGE BANK MINNESOTA,2024-12-31,,Dataset end
8866,20241231,MERCHANTS BANK NATIONAL ASSN,2024-12-31,,Dataset end
8867,20241231,ULTIMA BANK MINNESOTA,2024-12-31,,Dataset end
8870,20241231,BANKFIRST FINANCIAL SERVICES,2024-12-31,810.0,Dataset end
8871,20220331,OMNIBANK,2022-03-31,,Institution stops before dataset end
8878,20200331,STATE BANK&TRUST CO,2020-03-31,,Institution stops before dataset end
8879,20241231,COMMUNITY BANK OF MS,2024-12-31,,Dataset end
8884,20210930,HOME EXCHANGE BANK,2021-09-30,,Institution stops before dataset end
8885,20210930,BANK OF LOUISIANA,2021-09-30,,Institution stops before dataset end
8888,20241231,COUNTRY CLUB BANK,2024-12-31,,Dataset end
8889,20241231,MIDWEST REGIONAL BANK,2024-12-31,,Dataset end
8892,20241231,SULLIVAN BANK,2024-12-31,,Dataset end
8893,20241231,AMERICAS COMMUNITY BANK,2024-12-31,,Dataset end
8896,20241231,JONESBURG STATE BANK,2024-12-31,,Dataset end
8898,20241231,ST JOHNS BANK&TRUST CO,2024-12-31,,Dataset end
8903,20241231,PEOPLES BANK&TRUST CO,2024-12-31,,Dataset end
8904,20241231,NODAWAY VALLEY BANK,2024-12-31,,Dataset end
8908,20220630,CITIZENS BK OF CAPE VINCENT,2022-06-30,,Institution stops before dataset end
8941,20241231,BANK FORWARD,2024-12-31,,Dataset end
8942,20241231,STOCK GROWERS BANK,2024-12-31,,Dataset end
8943,20241231,MERCHANTS BANK,2024-12-31,,Dataset end
8946,20241231,KINDRED STATE BANK,2024-12-31,,Dataset end
8975,20241231,COMMUNITY BANK,2024-12-31,,Dataset end
8980,20241231,SECURITY STB OF OKLAHOMA,2024-12-31,,Dataset end
9005,20241231,FIRST STATE BANK OF ROSCOE,2024-12-31,,Dataset end
9007,20241231,HEARTLAND STATE BANK,2024-12-31,,Dataset end
9023,20241231,BANK OF CHARLES TOWN,2024-12-31,,Dataset end
9024,20241231,CALHOUN COUNTY BANK INC,2024-12-31,,Dataset end
9030,20241231,HARRISON COUNTY BANK,2024-12-31,,Dataset end
9035,20241231,HEADWATERS STATE BANK,2024-12-31,,Dataset end
9036,20241231,SECURITY STATE BANK,2024-12-31,,Dataset end
9037,20241231,MOUND CITY BANK,2024-12-31,,Dataset end
9047,20241231,CITIZENS STATE BANK,2024-12-31,,Dataset end
9057,20241231,BANK OF MOUNDVILLE,2024-12-31,,Dataset end
9064,20241231,PLANTERS FIRST BANK,2024-12-31,,Dataset end
9068,20241231,BANK OF DUDLEY,2024-12-31,,Dataset end
9069,20241231,FARMERS&MERCHANTS BANK,2024-12-31,,Dataset end
9070,20241231,FIRST BANK OF PIKE,2024-12-31,,Dataset end
9079,20241231,HARVARD STATE BANK,2024-12-31,,Dataset end
9080,20241231,HOLCOMB BANK,2024-12-31,,Dataset end
9087,20241231,1ST SOURCE BANK,2024-12-31,,Dataset end
9096,20241231,ATKINS SAVINGS BANK&TRUST,2024-12-31,,Dataset end
9099,20241231,SOUTH OTTUMWA SAVINGS BANK,2024-12-31,,Dataset end
9100,20241231,PILOT GROVE SAVINGS BANK,2024-12-31,810.0,Dataset end
9102,20210930,ROWLEY SAVINGS BANK,2021-09-30,,Institution stops before dataset end
9104,20210930,AMERICAN SAVINGS BANK,2021-09-30,,Institution stops before dataset end
9105,20241231,WEST IOWA BANK,2024-12-31,,Dataset end
9106,20241231,FARMERS STATE BANK,2024-12-31,,Dataset end
9120,20241231,ROLETTE STATE BANK,2024-12-31,,Dataset end
9121,20241231,STATE BANK OF BOTTINEAU,2024-12-31,,Dataset end
9122,20211231,FARMERS SECURITY BANK,2021-12-31,,Institution stops before dataset end
9123,20241231,WESTERN STATE BANK,2024-12-31,,Dataset end
9127,20201231,BANK OF HAMILTON,2020-12-31,,Institution stops before dataset end
9128,20240930,HARWOOD STATE BANK,2024-09-30,,Institution stops before dataset end
9137,20241231,OSGOOD BANK,2024-12-31,,Dataset end
9139,20241231,COML&SVG BK MILLERSBURG OH,2024-12-31,,Dataset end
9155,20241231,COUNTYBANK,2024-12-31,,Dataset end
9168,20241231,WAYNE COUNTY BANK,2024-12-31,,Dataset end
9172,20241231,SECURITY BANK&TRUST CO,2024-12-31,810.0,Dataset end
9176,20241231,APEX BANK,2024-12-31,,Dataset end
9179,20241231,UNION BANK&TRUST CO,2024-12-31,,Dataset end
9189,20241231,BRIGHTON BANK,2024-12-31,,Dataset end
9196,20241231,HOME BANKING CO,2024-12-31,,Dataset end
9204,20241231,CENTRAL BANK,2024-12-31,,Dataset end
9244,20241231,GLENNVILLE BANK,2024-12-31,,Dataset end
9245,20241231,BANK OF LAFAYETTE GEORGIA,2024-12-31,,Dataset end
9259,20241231,FARMERS STB OF HOFFMAN,2024-12-31,,Dataset end
9260,20210930,OXFORD BANK&TRUST,2021-09-30,,Institution stops before dataset end
9263,20241231,STILLMAN BANCCORP N A,2024-12-31,,Dataset end
9265,20241231,RUSHVILLE STATE BANK,2024-12-31,,Dataset end
9273,20241231,VILLA GROVE STATE BANK,2024-12-31,,Dataset end
9274,20241231,HILL-DODGE BANKING CO,2024-12-31,,Dataset end
9288,20241231,FIRST BANK OF BERNE,2024-12-31,,Dataset end
9295,20241231,FARMERS STATE BANK,2024-12-31,,Dataset end
9298,20241231,FARMERS&MERCHANTS SB,2024-12-31,,Dataset end
9299,20241231,RELIANCE STATE BANK,2024-12-31,,Dataset end
9300,20241231,READLYN SAVINGS BANK,2024-12-31,,Dataset end
9306,20241231,CITIZENS BANK,2024-12-31,,Dataset end
9307,20201231,INEZ DEPOSIT BANK,2020-12-31,,Institution stops before dataset end
9309,20241231,UNITED SOUTHERN BANK,2024-12-31,,Dataset end
9310,20241231,COMMERCIAL BANK,2024-12-31,,Dataset end
9313,20241231,PBK BANK INC,2024-12-31,,Dataset end
9314,20230331,LIMESTONE BANK INC,2023-03-31,,Institution stops before dataset end
9315,20241231,BANK OF MAYSVILLE,2024-12-31,,Dataset end
9319,20241231,MERCHANTS&FARMERS B&T CO,2024-12-31,,Dataset end
9320,20241231,MARION STATE BANK,2024-12-31,,Dataset end
9322,20241231,CROSS KEYS BANK,2024-12-31,,Dataset end
9323,20241231,BANK OF WINNFIELD&TRUST CO,2024-12-31,,Dataset end
9325,20241231,JONESBORO STATE BANK,2024-12-31,,Dataset end
9326,20241231,WASHINGTON STATE BANK,2024-12-31,,Dataset end
9327,20241231,FARMERS-MERCHANTS B&T CO,2024-12-31,,Dataset end
9328,20241231,PEOPLES BANK,2024-12-31,,Dataset end
9330,20241231,FIRST STB OF LE CENTER,2024-12-31,,Dataset end
9332,20241231,BANK OF MAPLE PLAIN,2024-12-31,,Dataset end
9336,20241231,STEARNS BANK UPSALA NA,2024-12-31,,Dataset end
9337,20241231,CITIZENS STB OF WAVERLY INC,2024-12-31,,Dataset end
9340,20241231,FARMERS&MERCHANTS STB NY MIL,2024-12-31,,Dataset end
9349,20241231,FIRST STATE BANK OF FOUNTAIN,2024-12-31,,Dataset end
9351,20241231,STATE BANK OF LAKE PARK,2024-12-31,,Dataset end
9354,20241231,FARMERS STB OF HOFFMAN,2024-12-31,,Dataset end
9356,20241231,COMMERCIAL BANK,2024-12-31,,Dataset end
9359,20241231,BANK OF COMMERCE,2024-12-31,810.0,Dataset end
9366,20241231,PEOPLES BANK,2024-12-31,,Dataset end
9369,20241231,BANK OF ADVANCE,2024-12-31,,Dataset end
9374,20220930,CORDER BANK,2022-09-30,,Institution stops before dataset end
9378,20241231,F&C BANK,2024-12-31,,Dataset end
9385,20241231,BANK OF BROOKFIELD PURDIN NA,2024-12-31,,Dataset end
9388,20241231,CORNER STONE BANK,2024-12-31,,Dataset end
9392,20241231,BANK OF GRANDIN,2024-12-31,,Dataset end
9396,20241231,VALLEY NATIONAL BANK,2024-12-31,,Dataset end
9406,20241231,BANK OF CATTARAUGUS,2024-12-31,,Dataset end
9410,20241231,TIOGA STB NA,2024-12-31,,Dataset end
9417,20241231,GRANT COUNTY STATE BANK,2024-12-31,,Dataset end
9420,20241231,UNION BANK,2024-12-31,,Dataset end
9422,20241231,CITIZENS STB OF LANKIN,2024-12-31,,Dataset end
9423,20241231,CHOICE FINANCIAL GROUP,2024-12-31,,Dataset end
9437,20241231,FIRST STATE BANK,2024-12-31,,Dataset end
9438,20241231,MT VICTORY STATE BANK,2024-12-31,,Dataset end
9439,20241231,PEOPLES SAVINGS BANK,2024-12-31,,Dataset end
9440,20240930,PATASKALA BANKING CO,2024-09-30,,Institution stops before dataset end
9443,20241231,HEARTLAND BANK,2024-12-31,,Dataset end
9450,20241231,FIRST BANK OF OHIO,2024-12-31,,Dataset end
9457,20241231,NORTH SIDE BANK&TRUST CO,2024-12-31,,Dataset end
9462,20241231,FARMERS&MERCHANTS BANK,2024-12-31,,Dataset end
9463,20241231,UNIFIED BANK,2024-12-31,,Dataset end
9465,20241231,ALVA STATE BANK&TRUST CO,2024-12-31,810.0,Dataset end
9467,20241231,VALOR BANK,2024-12-31,,Dataset end
9472,20241231,WELCH STB OF WELCH OKLA,2024-12-31,,Dataset end
9486,20241231,CLACKAMAS COUNTY BANK,2024-12-31,,Dataset end
9489,20241231,PEOPLES BANK,2024-12-31,,Dataset end
9499,20241231,THREAD BANK,2024-12-31,,Dataset end
9502,20241231,MOVEMENT BANK,2024-12-31,,Dataset end
9507,20241231,BANK OF MARION,2024-12-31,,Dataset end
9517,20241231,CLEVELAND STATE BANK,2024-12-31,,Dataset end
9523,20241231,BRISTOL MORGAN BANK,2024-12-31,,Dataset end
9526,20241231,PINERIES BANK,2024-12-31,,Dataset end
9529,20241231,STATE BANK OF NEWBURG,2024-12-31,,Dataset end
9536,20241231,COMMUNITY STATE BANK,2024-12-31,,Dataset end
9614,20241231,LOCAL BANK,2024-12-31,,Dataset end
9615,20241231,SWEET WATER STATE BANK,2024-12-31,,Dataset end
9620,20241231,FIRST BANK,2024-12-31,,Dataset end
9622,20241231,CAPITAL CITY BANK,2024-12-31,,Dataset end
9631,20241231,ALLIANCE COMMUNITY BANK,2024-12-31,,Dataset end
9632,20241231,FORTRESS BANK,2024-12-31,,Dataset end
9647,20241231,CITIZENS BANK,2024-12-31,,Dataset end
9658,20241231,CITIZENS STB OF CHENEY KS,2024-12-31,,Dataset end
9659,20241231,STATE BANK OF DOWNS,2024-12-31,,Dataset end
9661,20241231,BANK OF HOLYROOD,2024-12-31,,Dataset end
9665,20241231,KAW VALLEY BANK,2024-12-31,,Dataset end
9668,20220331,DIXON BANK,2022-03-31,,Institution stops before dataset end
9669,20241231,FREDONIA VALLEY BANK,2024-12-31,,Dataset end
9672,20241231,OWINGSVILLE BANKING CO,2024-12-31,,Dataset end
9678,20241231,EDMONTON STATE BANK,2024-12-31,810.0,Dataset end
9712,20241231,ROCKLAND TRUST CO,2024-12-31,,Dataset end
9719,20241231,OXFORD BANK,2024-12-31,,Dataset end
9727,20241231,CONCORDE BANK,2024-12-31,,Dataset end
9728,20241231,FIRST SECURITY BANK,2024-12-31,,Dataset end
9733,20241231,VANTAGE BANK,2024-12-31,,Dataset end
9735,20241231,STATE BANK OF NEW RICHLAND,2024-12-31,,Dataset end
9737,20241231,MIDWEST BANK,2024-12-31,,Dataset end
9745,20241231,HOME STATE BANK,2024-12-31,,Dataset end
9746,20241231,NORTHWESTERN BANK NA,2024-12-31,,Dataset end
9747,20241231,VERGAS STATE BANK,2024-12-31,,Dataset end
9751,20241231,21ST CENTURY BANK,2024-12-31,,Dataset end
9752,20241231,MARSHALL COUNTY STATE BANK,2024-12-31,,Dataset end
9760,20241231,COMMUNITY BANK MANKATO,2024-12-31,,Dataset end
9764,20210630,UNION STB OF BROWNS VALLEY,2021-06-30,,Institution stops before dataset end
9769,20241231,FIRST STB OF ROSEMOUNT,2024-12-31,,Dataset end
9770,20241231,FIRST STATE BANK SOUTHWEST,2024-12-31,,Dataset end
9773,20241231,SECURITY STB OF WARROAD,2024-12-31,,Dataset end
9775,20241231,BANK OF KILMICHAEL,2024-12-31,,Dataset end
9777,20241231,CITIZENS BANK&TRUST CO,2024-12-31,,Dataset end
9788,20241231,BLOOMSDALE BANK,2024-12-31,,Dataset end
9791,20241231,COMMERCIAL TR CO OF FAYETTE,2024-12-31,,Dataset end
9794,20241231,KEARNEY TRUST CO,2024-12-31,,Dataset end
9797,20241231,M1 BANK,2024-12-31,,Dataset end
9803,20241231,BANK OF ODESSA,2024-12-31,810.0,Dataset end
9811,20221231,COMMERCIAL BK OAK GROVE MO,2022-12-31,,Institution stops before dataset end
9812,20241231,ADAMS STATE BANK,2024-12-31,,Dataset end
9818,20241231,PLATTE VALLEY BANK,2024-12-31,,Dataset end
9819,20241231,NEBRASKA STATE BANK,2024-12-31,,Dataset end
9822,20241231,STATE BANK OF TABLE ROCK,2024-12-31,,Dataset end
9831,20241231,ALDEN STATE BANK,2024-12-31,,Dataset end
9846,20241231,TRUIST BANK,2024-12-31,,Dataset end
9860,20241231,MARBLEHEAD BANK,2024-12-31,,Dataset end
9865,20241231,REPUBLIC BANKING CO,2024-12-31,,Dataset end
9871,20241231,ST HENRY BANK,2024-12-31,,Dataset end
9875,20241231,BANK360,2024-12-31,,Dataset end
9879,20241231,FIRST STATE BANK,2024-12-31,,Dataset end
9881,20241231,SECURITY BANK&TRUST CO,2024-12-31,,Dataset end
9882,20200630,PEOPLES BANK,2020-06-30,810.0,Institution stops before dataset end
9888,20241231,DIME BANK,2024-12-31,,Dataset end
9889,20241231,MID PENN BANK,2024-12-31,810.0,Dataset end
9923,20241231,ANDERSON BROTHERS BANK,2024-12-31,,Dataset end
9932,20241231,COMMERCIAL STB OF WAGNER,2024-12-31,,Dataset end
9935,20241231,RIVERS EDGE BANK,2024-12-31,,Dataset end
9947,20230630,VALLEY EXCHANGE BANK,2023-06-30,,Institution stops before dataset end
9963,20241231,F&M BANK,2024-12-31,,Dataset end
9967,20241231,AMERICAN STATE BANK,2024-12-31,,Dataset end
9973,20220630,FIRST STATE BANK,2022-06-30,,Institution stops before dataset end
9978,20241231,FIRST STATE BANK OF UVALDE,2024-12-31,,Dataset end
9986,20241231,FARMERS&MERCHANTS BK CRAIG C,2024-12-31,,Dataset end
9997,20241231,JEFFERSON SECURITY BANK,2024-12-31,,Dataset end
9998,20241231,CAPON VALLEY BANK,2024-12-31,,Dataset end
10004,20241231,ERGO BANK,2024-12-31,810.0,Dataset end
10011,20241231,WOODFORD STATE BANK,2024-12-31,,Dataset end
10012,20241231,PORTAGE COUNTY BANK,2024-12-31,,Dataset end
10015,20241231,SECURITY BANK,2024-12-31,,Dataset end
10044,20241231,NATIONAL EXCHANGE BANK&TRUST,2024-12-31,,Dataset end
10055,20241231,FIRST SOUTHERN BANK,2024-12-31,,Dataset end
10057,20241231,BANK OF HANCOCK COUNTY,2024-12-31,,Dataset end
10072,20241231,PLANTERS&CITIZENS BANK,2024-12-31,,Dataset end
10074,20241231,APEX BANKING CO OF GEORGIA,2024-12-31,,Dataset end
10075,20241231,PEOPLES STATE BANK OF COLFAX,2024-12-31,,Dataset end
10077,20241231,FARMERS STATE BANK OF EMDEN,2024-12-31,,Dataset end
10080,20201231,REYNOLDS STATE BANK,2020-12-31,,Institution stops before dataset end
10101,20241231,NAPOLEON STATE BANK,2024-12-31,,Dataset end
10111,20241231,OHNWARD BANK&TRUST,2024-12-31,,Dataset end
10118,20241231,LEIGHTON STATE BANK,2024-12-31,,Dataset end
10120,20241231,AMERICAN TRUST&SAVINGS BANK,2024-12-31,,Dataset end
10121,20241231,LIBERTY TRUST&SAVINGS BANK,2024-12-31,,Dataset end
10122,20241231,FARMERS SAVINGS BANK&TRUST,2024-12-31,,Dataset end
10123,20241231,FIRST TRUST&SAVINGS BANK,2024-12-31,,Dataset end
10125,20241231,CITIZENS SAVINGS BANK,2024-12-31,,Dataset end
10127,20241231,SUCCESS BANK,2024-12-31,,Dataset end
10132,20241231,EXCHANGE STATE BANK,2024-12-31,,Dataset end
10137,20241231,COMMERCIAL BANK OF GRAYSON,2024-12-31,,Dataset end
10145,20241231,HART COUNTY BANK&TRUST CO,2024-12-31,,Dataset end
10146,20211231,COMMONWEALTH BANK&TRUST CO,2021-12-31,810.0,Institution stops before dataset end
10157,20241231,SHELBY STATE BANK,2024-12-31,,Dataset end
10159,20241231,FIRST STATE BANK&TRUST,2024-12-31,,Dataset end
10160,20241231,VERSABANK USA NATIONAL ASSN,2024-12-31,,Dataset end
10162,20241231,FIRST STATE BANK MINNESOTA,2024-12-31,,Dataset end
10163,20241231,SECURITY STB OF MARINE,2024-12-31,,Dataset end
10165,20241231,FARMERS&MERCHANTS STB PIERZ,2024-12-31,,Dataset end
10167,20241231,CITIZENS STB OF ROSEAU,2024-12-31,,Dataset end
10168,20241231,FIRST FARMERS&MERCHANTS BANK,2024-12-31,,Dataset end
10169,20241231,SHERBURNE STATE BANK,2024-12-31,,Dataset end
10174,20241231,FARMERS STB OF UNDERWOOD,2024-12-31,,Dataset end
10175,20241231,SECURITY STB OF HIBBING,2024-12-31,,Dataset end
10176,20231231,FINANCIAL SECURITY BANK,2023-12-31,,Institution stops before dataset end
10178,20241231,PRODUCE STATE BANK,2024-12-31,,Dataset end
10184,20210331,F&M BANK MINNESOTA,2021-03-31,,Institution stops before dataset end
10185,20241231,ELYSIAN BANK,2024-12-31,,Dataset end
10187,20241231,NORTHERN STB OF GONVICK,2024-12-31,,Dataset end
10191,20241231,PRINSBANK,2024-12-31,,Dataset end
10194,20241231,PINE RIVER STATE BANK,2024-12-31,,Dataset end
10196,20201231,NORTHERN SKY BANK,2020-12-31,,Institution stops before dataset end
10197,20241231,HOMETOWN COMMUNITY BANK,2024-12-31,,Dataset end
10200,20241231,STATE BANK OF JEFFERS,2024-12-31,,Dataset end
10202,20241231,LOWRY STATE BANK,2024-12-31,,Dataset end
10208,20210930,UNITED SOUTHWEST BANK,2021-09-30,,Institution stops before dataset end
10212,20241231,COMMERCE BANK,2024-12-31,,Dataset end
10214,20241231,VERMILLION STATE BANK,2024-12-31,,Dataset end
10218,20241231,CITIZENS BANK&TRUST CO,2024-12-31,,Dataset end
10236,20241231,GOOSE RIVER BANK,2024-12-31,,Dataset end
10243,20241231,FIRST STATE BANK OF GOLVA,2024-12-31,,Dataset end
10248,20241231,FIRST INTERNATIONAL B&T,2024-12-31,,Dataset end
10249,20230930,UNITED COMMUNITY BANK OF ND,2023-09-30,,Institution stops before dataset end
10250,20241231,PEOPLES STATE BANK OF VELVA,2024-12-31,,Dataset end
10253,20241231,FIRST SECURITY BANK WEST,2024-12-31,,Dataset end
10255,20241231,OLD FORT BANKING CO,2024-12-31,,Dataset end
10266,20241231,CITIZENS BANK CO,2024-12-31,,Dataset end
10280,20241231,FARMERS&MERCHANTS BANK,2024-12-31,,Dataset end
10306,20230630,GATES BANKING&TRUST CO,2023-06-30,,Institution stops before dataset end
10307,20241231,BUILTWELL BANK,2024-12-31,810.0,Dataset end
10308,20241231,BANK OF FAYETTE COUNTY,2024-12-31,,Dataset end
10315,20241231,BANK OF HALLS,2024-12-31,,Dataset end
10317,20241231,CITIZENS B&T GRAINGER CNTY,2024-12-31,,Dataset end
10318,20210630,SEVIER COUNTY BANK,2021-06-30,,Institution stops before dataset end
10319,20241231,CITIZENS SAVINGS B&T CO,2024-12-31,,Dataset end
10327,20241231,CITIZENS STB OF LULING,2024-12-31,,Dataset end
10330,20241231,COMMERCIAL STATE BANK,2024-12-31,,Dataset end
10334,20240930,OAKWOOD BANK,2024-09-30,,Institution stops before dataset end
10344,20241231,SCHERTZ BANK&TRUST,2024-12-31,,Dataset end
10345,20241231,PEOPLES STATE BANK,2024-12-31,,Dataset end
10352,20241231,CROWELL STATE BANK,2024-12-31,,Dataset end
10359,20220331,HAPPY STATE BANK,2022-03-31,810.0,Institution stops before dataset end
10363,20241231,CITIZENS&FARMERS BANK,2024-12-31,,Dataset end
10374,20241231,BANNER BANKS,2024-12-31,,Dataset end
10375,20200630,ADVANTAGE COMMUNITY BANK,2020-06-30,,Institution stops before dataset end
10378,20241231,BANK OF NEW GLARUS,2024-12-31,810.0,Dataset end
10380,20241231,OOSTBURG STATE BANK,2024-12-31,,Dataset end
10382,20241231,FARMERS&MERCHANTS BANK&TRUST,2024-12-31,,Dataset end
10383,20241231,STATE BANK FINANCIAL,2024-12-31,,Dataset end
10384,20241231,WAUMANDEE STATE BANK,2024-12-31,,Dataset end
10407,20241231,FARMERS STATE BANK OF BRUSH,2024-12-31,,Dataset end
10434,20241231,STATE BANK OF GRAYMONT,2024-12-31,,Dataset end
10437,20241231,FIRST STATE BANK OF OLMSTED,2024-12-31,,Dataset end
10438,20241231,RARITAN STATE BANK,2024-12-31,,Dataset end
10439,20230630,VILLAGE BANK,2023-06-30,,Institution stops before dataset end
10446,20241231,FREDERICK COMMUNITY BANK THE,2024-12-31,,Dataset end
10458,20241231,FARMERS STATE BANK&TRUST CO,2024-12-31,,Dataset end
10460,20241231,TOWN&COUNTRY BANK MIDWEST,2024-12-31,,Dataset end
10463,20241231,MIDDLETOWN STATE BANK,2024-12-31,,Dataset end
10464,20241231,FEDERATED BANK,2024-12-31,,Dataset end
10467,20241231,GIFFORD STATE BANK,2024-12-31,,Dataset end
10469,20241231,FARMERS&MERCHANTS BK HUTSONV,2024-12-31,,Dataset end
10471,20241231,CAMP GROVE STATE BANK,2024-12-31,,Dataset end
10473,20241231,IPAVA STATE BANK,2024-12-31,,Dataset end
10474,20241231,CITIZENS STATE BANK,2024-12-31,810.0,Dataset end
10489,20241231,ELGIN STATE BANK,2024-12-31,,Dataset end
10492,20241231,FARMERS&MERCHANTS SB,2024-12-31,,Dataset end
10494,20241231,MOUNT VERNON BANK&TRUST CO,2024-12-31,,Dataset end
10497,20241231,IOWA STATE BANK,2024-12-31,,Dataset end
10500,20241231,FARMERS SAVINGS BANK,2024-12-31,,Dataset end
10502,20241231,BANKWEST OF KANSAS,2024-12-31,,Dataset end
10503,20241231,FIRST STATE BANK,2024-12-31,,Dataset end
10505,20241231,KANSAS STATE BANK,2024-12-31,,Dataset end
10520,20241231,CITIZENS BANK,2024-12-31,,Dataset end
10523,20241231,BANK OF COMMERCE&TRUST CO,2024-12-31,,Dataset end
10528,20241231,EXCHANGE B&T NATCHITOCHES LA,2024-12-31,,Dataset end
10531,20241231,CITIZENS PROGRESSIVE BANK,2024-12-31,,Dataset end
10532,20241231,CLB THE COMMUNITY BANK,2024-12-31,,Dataset end
10533,20241231,WINNSBORO STATE B&T CO,2024-12-31,,Dataset end
10561,20241231,ARCADIAN BANK,2024-12-31,,Dataset end
10567,20241231,UNITED MINNESOTA BANK,2024-12-31,,Dataset end
10568,20240630,COMMUNITY DEVELOPMENT BK FSB,2024-06-30,,Institution stops before dataset end
10571,20241231,FARMERS&MERCHANTS STB ALPHA,2024-12-31,,Dataset end
10576,20241231,FIRST SOUTHEAST BANK,2024-12-31,,Dataset end
10582,20220331,CITIZENS STB OF TYLER INC,2022-03-31,,Institution stops before dataset end
10588,20210630,FIRST STATE BANK,2021-06-30,,Institution stops before dataset end
10594,20241231,BANK OF FRANKLIN,2024-12-31,,Dataset end
10595,20241231,COMMUNITY FIRST BANK,2024-12-31,,Dataset end
10597,20241231,TBO BANK,2024-12-31,,Dataset end
10608,20241231,UNICO BANK,2024-12-31,,Dataset end
10618,20241231,BTC BANK,2024-12-31,810.0,Dataset end
10619,20241231,HAWTHORN BANK,2024-12-31,,Dataset end
10623,20241231,STATE BANK OF MISSOURI,2024-12-31,,Dataset end
10626,20241231,BANK OF NEW CAMBRIA,2024-12-31,,Dataset end
10628,20241231,PREFERRED BANK,2024-12-31,,Dataset end
10634,20241231,PINNACLE BANK,2024-12-31,,Dataset end
10635,20241231,BANK OF STEINAUER,2024-12-31,,Dataset end
10637,20241231,FIRST CENTRAL BANK,2024-12-31,,Dataset end
10639,20241231,FLATWATER BANK,2024-12-31,,Dataset end
10641,20241231,RIVERSTONE BANK,2024-12-31,,Dataset end
10643,20241231,DUNDEE BANK,2024-12-31,,Dataset end
10644,20231231,STATE BANK OF ODELL,2023-12-31,,Institution stops before dataset end
10647,20241231,AMERICAN EXCHANGE BANK,2024-12-31,,Dataset end
10663,20241231,ANDOVER BANK,2024-12-31,,Dataset end
10667,20241231,MABREY BANK,2024-12-31,,Dataset end
10672,20241231,EXCHANGE BANK,2024-12-31,,Dataset end
10674,20241231,BANK OF HYDRO,2024-12-31,,Dataset end
10677,20241231,JONESTOWN B&T JONESTOWN PA,2024-12-31,,Dataset end
10678,20230930,MUNCY BANK&TRUST CO,2023-09-30,,Institution stops before dataset end
10685,20241231,MIFFLINBURG BANK&TRUST CO,2024-12-31,,Dataset end
10693,20240630,SIMPLYBANK,2024-06-30,,Institution stops before dataset end
10704,20241231,AVANA BANK,2024-12-31,,Dataset end
10709,20241231,CROSSROADS BANK,2024-12-31,,Dataset end
10719,20241231,PEOPLES STB OF HALLETTSVILLE,2024-12-31,,Dataset end
10741,20241231,INDEPENDENCE STATE BANK,2024-12-31,,Dataset end
10788,20241231,ILLINI STATE BANK,2024-12-31,,Dataset end
10791,20241231,COMMUNITY BANK,2024-12-31,,Dataset end
10799,20241231,FIRST STB OF CAMPBELL HILL,2024-12-31,,Dataset end
10803,20241231,DEWEY BANK,2024-12-31,,Dataset end
10804,20241231,DU QUOIN STATE BANK,2024-12-31,,Dataset end
10809,20241231,FIRST STATE BANK OF VAN ORIN,2024-12-31,,Dataset end
10816,20241231,GRAND RIVERS COMMUNITY BANK,2024-12-31,,Dataset end
10820,20241231,STATE BANK OF INDUSTRY,2024-12-31,,Dataset end
10821,20241231,CLAY COUNTY STATE BANK,2024-12-31,,Dataset end
10828,20220630,BANK OF CARBONDALE,2022-06-30,,Institution stops before dataset end
10829,20241231,PETEFISH SKILES&CO,2024-12-31,810.0,Dataset end
10831,20241231,FIRST T&SB OF WATSEKA IL,2024-12-31,,Dataset end
10840,20241231,CAMPUS STATE BANK,2024-12-31,,Dataset end
10843,20241231,CITIZENS BANK OF CHATSWORTH,2024-12-31,,Dataset end
10844,20241231,BUENA VISTA NATIONAL BANK,2024-12-31,,Dataset end
10845,20241231,CLAY CITY BANKING CO,2024-12-31,,Dataset end
10849,20241231,TOMPKINS STATE BANK,2024-12-31,,Dataset end
10853,20241231,WEST CENTRAL BANK,2024-12-31,,Dataset end
10855,20241231,STATE BANK OF BEMENT,2024-12-31,,Dataset end
10858,20241231,ANDERSON STATE BANK,2024-12-31,,Dataset end
10860,20241231,MURPHY-WALL STATE B&T CO,2024-12-31,,Dataset end
10871,20241231,FIRST STB OF BEECHER CITY,2024-12-31,,Dataset end
10872,20241231,CHESTERFIELD STATE BANK,2024-12-31,,Dataset end
10878,20241231,WATERMAN BANK,2024-12-31,,Dataset end
10879,20210331,FIRST FARMERS STATE BANK,2021-03-31,,Institution stops before dataset end
10883,20241231,BANK OF BLUFFS,2024-12-31,,Dataset end
10885,20230331,BANK OF CHESTNUT,2023-03-31,,Institution stops before dataset end
10886,20241231,LEGENCE BANK,2024-12-31,,Dataset end
10903,20241231,CENTRAL STATE BANK,2024-12-31,,Dataset end
10906,20241231,BALDWIN STATE BANK,2024-12-31,,Dataset end
10907,20241231,GUARANTY STATE BANK&TRUST CO,2024-12-31,,Dataset end
10916,20210630,STANLEY BANK,2021-06-30,,Institution stops before dataset end
10918,20241231,GRANT COUNTY BANK,2024-12-31,,Dataset end
10919,20241231,STATE BANK OF BERN,2024-12-31,,Dataset end
10920,20241231,FIDELITY STATE BANK&TRUST CO,2024-12-31,,Dataset end
10928,20241231,MINERS STATE BANK,2024-12-31,,Dataset end
10956,20241231,NORTHVIEW BANK,2024-12-31,,Dataset end
10957,20210630,CITIZENS STB OF HAYFIELD,2021-06-30,,Institution stops before dataset end
10958,20241231,UNITED PRAIRIE BANK,2024-12-31,,Dataset end
10960,20241231,JANESVILLE STATE BANK,2024-12-31,,Dataset end
10962,20241231,GRAND RAPIDS STATE BANK,2024-12-31,,Dataset end
10965,20241231,LAKE REGION BANK,2024-12-31,,Dataset end
10967,20241231,F&M COMMUNITY BANK NA,2024-12-31,,Dataset end
10969,20241231,RANDALL STATE BANK,2024-12-31,,Dataset end
10971,20241231,PRIME SECURITY BANK,2024-12-31,,Dataset end
10973,20241231,ALLIANCE BANK,2024-12-31,,Dataset end
10976,20241231,CENTER NATIONAL BANK,2024-12-31,,Dataset end
10980,20241231,ESB BANK,2024-12-31,,Dataset end
10982,20241231,SECURITY STATE BANK OF OKLEE,2024-12-31,,Dataset end
10984,20241231,SECURITY BANK MINNESOTA,2024-12-31,,Dataset end
10987,20231231,CAMBRIDGE STATE BANK,2023-12-31,,Institution stops before dataset end
10988,20241231,STEARNS BANK NATIONAL ASSN,2024-12-31,,Dataset end
10989,20241231,LAKE CENTRAL BANK,2024-12-31,810.0,Dataset end
10991,20241231,FIRST STATE BANK OF BIGFORK,2024-12-31,,Dataset end
10993,20241231,BONANZA VALLEY STATE BANK,2024-12-31,,Dataset end
10998,20241231,FM BANK,2024-12-31,,Dataset end
11000,20210930,CENTRAL BK LAKE OZARKS,2021-09-30,810.0,Institution stops before dataset end
11002,20241231,ST CLAIR COUNTY STATE BANK,2024-12-31,,Dataset end
11003,20241231,LIMEBANK,2024-12-31,,Dataset end
11013,20241231,FIRST STATE BANK OF SHELBY,2024-12-31,,Dataset end
11035,20241231,PEAPACK-GLADSTONE BANK,2024-12-31,,Dataset end
11063,20241231,FIRST-CITIZENS BANK&TRUST CO,2024-12-31,810.0,Dataset end
11112,20241231,SOMERSET TRUST CO,2024-12-31,,Dataset end
11113,20241231,HAMLIN BANK&TRUST CO,2024-12-31,,Dataset end
11124,20241231,S&T BANK,2024-12-31,,Dataset end
11133,20241231,FARMERS STATE BANK OF CANTON,2024-12-31,,Dataset end
11159,20241231,TEXAS CHAMPION BANK,2024-12-31,,Dataset end
11175,20241231,FIRST STATE BANK,2024-12-31,,Dataset end
11178,20241231,TRANSPECOS BANKS SSB,2024-12-31,,Dataset end
11181,20241231,FIRST STB OF BROWNSBORO,2024-12-31,,Dataset end
11200,20201231,VIRGINIA COMMONWEALTH BANK,2020-12-31,,Institution stops before dataset end
11225,20241231,FIRST COMMUNITY BANK,2024-12-31,,Dataset end
11228,20241231,FIRST CITIZENS STATE BANK,2024-12-31,,Dataset end
11232,20241231,BANK OF MILTON,2024-12-31,,Dataset end
11235,20241231,BONDUEL STATE BANK,2024-12-31,,Dataset end
11236,20241231,HORICON BANK,2024-12-31,810.0,Dataset end
11241,20241231,CENTENNIAL BANK,2024-12-31,,Dataset end
11242,20241231,MCGEHEE BANK,2024-12-31,,Dataset end
11243,20241231,BANK OF SALEM,2024-12-31,810.0,Dataset end
11252,20241231,FIRST NB OF IZARD COUNTY,2024-12-31,,Dataset end
11259,20241231,GUNNISON BANK&TRUST CO,2024-12-31,,Dataset end
11261,20241231,MCCLAVE STATE BANK,2024-12-31,,Dataset end
11295,20241231,CITIZENS BANK OF SWAINSBORO,2024-12-31,,Dataset end
11299,20241231,FARMERS STB OF ALTO PASS ILL,2024-12-31,,Dataset end
11300,20241231,OAKDALE STATE BANK,2024-12-31,,Dataset end
11302,20241231,FIRST STATE BANK OF ST PETER,2024-12-31,,Dataset end
11306,20241231,FNBC BANK&TRUST,2024-12-31,,Dataset end
11307,20241231,FARMERS STATE BANK,2024-12-31,,Dataset end
11310,20241231,BANK OF HERRIN,2024-12-31,,Dataset end
11311,20220331,STATE BANK OF CERRO GORDO,2022-03-31,,Institution stops before dataset end
11317,20241231,IUKA STATE BANK,2024-12-31,,Dataset end
11319,20241231,LONGVIEW COMMUNITY BANK,2024-12-31,810.0,Dataset end
11324,20241231,FARMERS&MERCHANTS STB BUSHNE,2024-12-31,,Dataset end
11329,20231231,FARMERS-MERCHANTS BANK OF IL,2023-12-31,,Institution stops before dataset end
11343,20241231,ASHTON STATE BANK,2024-12-31,,Dataset end
11347,20241231,GRINNELL STATE BANK,2024-12-31,,Dataset end
11348,20221231,FIRST IOWA STATE BANK,2022-12-31,,Institution stops before dataset end
11351,20230930,PEOPLES TRUST&SAVINGS BANK,2023-09-30,,Institution stops before dataset end
11352,20241231,SANBORN SAVINGS BANK,2024-12-31,,Dataset end
11355,20241231,BEDFORD LOAN&DEPOSIT BANK,2024-12-31,,Dataset end
11358,20241231,CUMBERLAND SECURITY BANK INC,2024-12-31,,Dataset end
11406,20241231,STATE BANK,2024-12-31,,Dataset end
11407,20241231,HIGHPOINT COMMUNITY BANK,2024-12-31,,Dataset end
11409,20241231,VALLEY PREMIER BANK,2024-12-31,,Dataset end
11411,20241231,RUSHFORD STATE BANK INC,2024-12-31,,Dataset end
11415,20241231,HARVEST BANK,2024-12-31,,Dataset end
11417,20241231,WELCOME STATE BANK,2024-12-31,,Dataset end
11423,20220930,SYCAMORE BANK,2022-09-30,,Institution stops before dataset end
11431,20241231,BANK OF YAZOO CITY,2024-12-31,,Dataset end
11432,20200930,CITIZENS BANK,2020-09-30,,Institution stops before dataset end
11445,20241231,JEFFERSON BANK,2024-12-31,,Dataset end
11446,20241231,UNITY BANK OF MISSISSIPPI,2024-12-31,,Dataset end
11448,20241231,CENTURY BANK,2024-12-31,,Dataset end
11459,20241231,MID AMERICA BANK,2024-12-31,,Dataset end
11462,20241231,INDEPENDENT FARMERS BANK,2024-12-31,,Dataset end
11463,20241231,CITIZENS-FARMERS BK COLE CAM,2024-12-31,,Dataset end
11465,20241231,TRI-COUNTY TRUST CO,2024-12-31,,Dataset end
11466,20241231,HOMEPRIDE BANK,2024-12-31,,Dataset end
11475,20241231,THAYER COUNTY BANK,2024-12-31,,Dataset end
11477,20241231,AUBURN STATE BANK,2024-12-31,,Dataset end
11482,20241231,HOMESTEAD BANK,2024-12-31,,Dataset end
11491,20241231,CITIZENS BANK OF CLOVIS,2024-12-31,,Dataset end
11492,20241231,INBANK,2024-12-31,,Dataset end
11501,20241231,FIRST NB OF SCOTIA,2024-12-31,,Dataset end
11507,20241231,FIDELITY BANK,2024-12-31,,Dataset end
11519,20241231,SECURITY FIRST BANK OF ND,2024-12-31,,Dataset end
11521,20241231,CHICKASAW COMMUNITY BANK,2024-12-31,,Dataset end
11522,20241231,LIBERTY NATIONAL BANK,2024-12-31,,Dataset end
11526,20241231,COWBOY BANK,2024-12-31,,Dataset end
11527,20241231,FIRST STB OF POND CREEK OK,2024-12-31,,Dataset end
11539,20241231,ENTERPRISE BANK OF SC,2024-12-31,,Dataset end
11557,20241231,FIRST STATE BANK OF BURNET,2024-12-31,,Dataset end
11559,20241231,FIRST STATE BANK&TRUST CO,2024-12-31,,Dataset end
11569,20241231,ALLIANCE BANK,2024-12-31,,Dataset end
11570,20241231,GLOBAL ONE BANK,2024-12-31,,Dataset end
11578,20241231,BURKE&HERBERT BANK&TRUST CO,2024-12-31,,Dataset end
11580,20241231,BANK OF SOUTHSIDE VIRGINIA,2024-12-31,,Dataset end
11582,20241231,LEE BANK&TRUST CO,2024-12-31,,Dataset end
11595,20241231,COMMUNITY FIRST BANK,2024-12-31,,Dataset end
11601,20241231,LAONA STATE BANK,2024-12-31,,Dataset end
11608,20241231,BLC COMMUNITY BANK,2024-12-31,,Dataset end
11623,20241231,GREENWOODS STATE BANK,2024-12-31,,Dataset end
11634,20201231,FIRST STATE BANK,2020-12-31,,Institution stops before dataset end
11666,20241231,D L EVANS BANK,2024-12-31,,Dataset end
11667,20241231,VERMILION VALLEY BANK,2024-12-31,,Dataset end
11669,20241231,FIRST STATE BANK OF FORREST,2024-12-31,,Dataset end
11670,20241231,CENTRAL BANK ILLINOIS,2024-12-31,,Dataset end
11671,20241231,STATE BANK OF HERSCHER,2024-12-31,,Dataset end
11674,20241231,WARREN-BOYNTON STATE BANK,2024-12-31,,Dataset end
11680,20241231,FARMERS STB OF WESTERN IL,2024-12-31,,Dataset end
11681,20241231,ANCHOR STATE BANK,2024-12-31,,Dataset end
11682,20241231,ANNA STATE BANK,2024-12-31,,Dataset end
11686,20241231,STATE BANK OF CHERRY,2024-12-31,,Dataset end
11699,20241231,GOODFIELD STATE BANK,2024-12-31,,Dataset end
11702,20241231,SHELBY COUNTY STATE BANK,2024-12-31,,Dataset end
11706,20241231,1ST COMMUNITY BANK,2024-12-31,,Dataset end
11708,20241231,TEUTOPOLIS STATE BANK,2024-12-31,,Dataset end
11711,20241231,BANK OF RANTOUL,2024-12-31,,Dataset end
11715,20241231,BANK OF YATES CITY,2024-12-31,,Dataset end
11716,20241231,HARTSBURG STATE BANK,2024-12-31,,Dataset end
11719,20241231,LIBERTY BANK,2024-12-31,,Dataset end
11722,20241231,PEOPLES STB OF NEWTON IL,2024-12-31,,Dataset end
11726,20230331,PIONEER STATE BANK,2023-03-31,,Institution stops before dataset end
11729,20241231,CIBM BANK,2024-12-31,,Dataset end
11731,20241231,FAIRVIEW STATE BANKING CO,2024-12-31,,Dataset end
11732,20241231,BANK OF FARMINGTON,2024-12-31,,Dataset end
11734,20241231,FLANAGAN STATE BANK,2024-12-31,,Dataset end
11739,20241231,BANKORION,2024-12-31,,Dataset end
11741,20241231,SOLUTIONS BANK,2024-12-31,,Dataset end
11746,20241231,IROQUOIS FARMERS STATE BANK,2024-12-31,,Dataset end
11747,20241231,FARMERS STATE BANK&TRUST CO,2024-12-31,,Dataset end
11750,20241231,BANK OF KAMPSVILLE,2024-12-31,,Dataset end
11759,20241231,CITIZENS STATE BANK,2024-12-31,,Dataset end
11761,20230930,CITIZENS SAVINGS BANK,2023-09-30,,Institution stops before dataset end
11763,20241231,VISIONBANK OF IOWA,2024-12-31,,Dataset end
11764,20241231,SIBLEY STATE BANK,2024-12-31,,Dataset end
11767,20241231,FREEDOMBANK,2024-12-31,,Dataset end
11771,20241231,AVAILA BANK,2024-12-31,,Dataset end
11777,20241231,COMMERCIAL BANK,2024-12-31,,Dataset end
11778,20241231,CITIZENS ST B&T ELLSWORTH KS,2024-12-31,,Dataset end
11782,20241231,BANK OF ABBEVILLE&TRUST CO,2024-12-31,,Dataset end
11785,20241231,CALDWELL BANK&TRUST CO,2024-12-31,,Dataset end
11788,20241231,BANK OF SUNSET&TRUST CO,2024-12-31,,Dataset end
11792,20241231,FRANKLIN STATE BANK&TRUST CO,2024-12-31,,Dataset end
11807,20241231,UNITED BANK OF MICHIGAN,2024-12-31,,Dataset end
11810,20241231,HURON COMMUNITY BANK,2024-12-31,,Dataset end
11813,20241231,CADENCE BANK,2024-12-31,,Dataset end
11817,20241231,RICHTON BANK&TRUST CO,2024-12-31,,Dataset end
11821,20241231,LITTLE HORN STATE BANK,2024-12-31,,Dataset end
11823,20241231,MANHATTAN BANK,2024-12-31,,Dataset end
11860,20241231,KILLBUCK SAVINGS BANK CO,2024-12-31,,Dataset end
11862,20241231,BANK OF BEAVER CITY,2024-12-31,,Dataset end
11866,20211231,BRYN MAWR TRUST CO,2021-12-31,810.0,Institution stops before dataset end
11868,20241231,FIDELITY DEPOSIT&DISCOUNT BK,2024-12-31,,Dataset end
11891,20241231,DONLEY COUNTY STATE BANK,2024-12-31,,Dataset end
11902,20241231,HILL BANK&TRUST CO,2024-12-31,,Dataset end
11903,20241231,TEXAS HERITAGE BANK,2024-12-31,,Dataset end
11904,20241231,FIRST STB OF BEN WHEELER TX,2024-12-31,,Dataset end
11905,20241231,CITIZENS STATE BANK,2024-12-31,,Dataset end
11907,20241231,SECURITY STATE BANK,2024-12-31,,Dataset end
11916,20241231,BUCKHOLTS STATE BANK,2024-12-31,,Dataset end
11922,20241231,FIRST STATE BANK OF TEXAS,2024-12-31,,Dataset end
11932,20241231,FIRST SECURITY STATE BANK,2024-12-31,,Dataset end
11934,20241231,DOMINION BANK,2024-12-31,,Dataset end
11935,20241231,FIRST TEXAS BANK,2024-12-31,810.0,Dataset end
11952,20241231,POCA VALLEY BANK INC,2024-12-31,,Dataset end
11953,20241231,GRANT COUNTY BANK,2024-12-31,,Dataset end
11971,20241231,BAR HARBOR BANK&TRUST,2024-12-31,,Dataset end
12010,20241231,PROVIDENT BANK,2024-12-31,810.0,Dataset end
12013,20241231,UNION COUNTY SAVINGS BANK,2024-12-31,,Dataset end
12017,20220331,RSI BANK,2022-03-31,,Institution stops before dataset end
12054,20230930,EMIGRANT BANK,2023-09-30,,Institution stops before dataset end
12079,20241231,CITIZENS COMMUNITY BANK,2024-12-31,,Dataset end
12086,20241231,SAINTE MARIE STATE BANK,2024-12-31,,Dataset end
12087,20241231,SPRING VALLEY CITY BANK,2024-12-31,,Dataset end
12098,20241231,FIRST STATE BANK OF DONGOLA,2024-12-31,,Dataset end
12107,20241231,FARMERS STATE BANK,2024-12-31,,Dataset end
12113,20241231,GERMANTOWN T&SB,2024-12-31,,Dataset end
12121,20241231,BUCKLEY STATE BANK,2024-12-31,,Dataset end
12126,20241231,COUNTY BANK,2024-12-31,,Dataset end
12128,20241231,CITIZENS SAVINGS BANK,2024-12-31,,Dataset end
12135,20241231,LYNDON STATE BANK,2024-12-31,,Dataset end
12136,20241231,WILSON STATE BANK,2024-12-31,,Dataset end
12139,20241231,FORD COUNTY STATE BANK,2024-12-31,,Dataset end
12149,20241231,FIRST STATE BANK,2024-12-31,,Dataset end
12162,20241231,ELKTON BANK&TRUST CO,2024-12-31,,Dataset end
12163,20241231,FARMERS BANK OF MILTON,2024-12-31,,Dataset end
12165,20210630,CITIZENS DEPOSIT BANK&TRUST,2021-06-30,,Institution stops before dataset end
12166,20241231,WEST POINT BANK,2024-12-31,,Dataset end
12193,20220630,PINE ISLAND BANK,2022-06-30,,Institution stops before dataset end
12195,20210331,LAKE BANK,2021-03-31,,Institution stops before dataset end
12201,20241231,CLEVELAND STATE BANK,2024-12-31,,Dataset end
12203,20241231,MERCHANTS&MARINE BANK,2024-12-31,810.0,Dataset end
12204,20241231,CITIZENS BK PHILADELPHIA MS,2024-12-31,,Dataset end
12206,20221231,MECHANICS BANK,2022-12-31,,Institution stops before dataset end
12207,20241231,BANK OF WINONA,2024-12-31,,Dataset end
12208,20241231,BELGRADE STATE BANK,2024-12-31,,Dataset end
12214,20241231,UNITED STATE BANK,2024-12-31,,Dataset end
12219,20241231,FIRST STB OF ST CHARLES MO,2024-12-31,,Dataset end
12220,20241231,COUNTY BANK,2024-12-31,,Dataset end
12223,20241231,CALLAWAY BANK,2024-12-31,,Dataset end
12225,20241231,FMB BANK,2024-12-31,,Dataset end
12226,20241231,PEOPLES BANK OF ALTENBURG,2024-12-31,,Dataset end
12229,20241231,FIRST BANK,2024-12-31,,Dataset end
12230,20241231,PEOPLES BANK,2024-12-31,,Dataset end
12231,20230630,MERCANTILE BANK OF LA MO,2023-06-30,,Institution stops before dataset end
12232,20241231,BANK OF MONTICELLO,2024-12-31,,Dataset end
12236,20220930,BANK OF ST ELIZABETH,2022-09-30,,Institution stops before dataset end
12241,20241231,WASHINGTON COUNTY BANK,2024-12-31,,Dataset end
12244,20241231,FIRST STATE BANK,2024-12-31,,Dataset end
12246,20241231,COMMERCIAL BANK,2024-12-31,,Dataset end
12248,20241231,FIRST NEBRASKA BANK,2024-12-31,,Dataset end
12258,20241231,SOUTHWEST CAPITAL BANK,2024-12-31,,Dataset end
12259,20241231,LEA COUNTY STATE BANK,2024-12-31,,Dataset end
12266,20241231,MECHANICS&FARMERS BANK,2024-12-31,,Dataset end
12283,20241231,FIRST STATE BANK,2024-12-31,,Dataset end
12284,20241231,FARMERS&MERCHANTS BANK,2024-12-31,,Dataset end
12285,20241231,CATTLEMENS BANK,2024-12-31,,Dataset end
12293,20241231,FARMERS STATE BANK,2024-12-31,,Dataset end
12298,20241231,COWBOY BANK OF TEXAS,2024-12-31,,Dataset end
12299,20241231,SOUTHSTAR BANK SSB,2024-12-31,,Dataset end
12303,20241231,CITIZENS STATE BANK,2024-12-31,,Dataset end
12305,20241231,COLUMBUS STATE BANK,2024-12-31,,Dataset end
12308,20230331,CHARIS BANK,2023-03-31,,Institution stops before dataset end
12309,20241231,CITIZENS BANK NATIONAL ASSN,2024-12-31,,Dataset end
12315,20241231,FIRST STATE BANK,2024-12-31,,Dataset end
12322,20241231,CHIPPEWA VALLEY BANK,2024-12-31,,Dataset end
12325,20241231,BANK OF CASHTON,2024-12-31,,Dataset end
12327,20241231,BANK OF MAUSTON,2024-12-31,,Dataset end
12331,20241231,STATE BANK OF CHILTON,2024-12-31,,Dataset end
12349,20241231,COMMUNITY BANK OF CAMERON,2024-12-31,,Dataset end
12354,20241231,HUSTISFORD STATE BANK,2024-12-31,,Dataset end
12355,20221231,FARMERS&MERCHANTS BK KENDALL,2022-12-31,,Institution stops before dataset end
12365,20241231,FIRST NB OF ALLENDALE,2024-12-31,810.0,Dataset end
12368,20241231,REGIONS BANK,2024-12-31,,Dataset end
12372,20241231,FOWLER STATE BANK,2024-12-31,,Dataset end
12383,20241231,CARROLLTON BANK,2024-12-31,,Dataset end
12384,20241231,JERSEY STATE BANK,2024-12-31,,Dataset end
12386,20241231,STATE BANK OF TOULON,2024-12-31,,Dataset end
12388,20241231,WILLIAMSVILLE STATE B&T,2024-12-31,,Dataset end
12391,20211231,STATE BANK OF SAUNEMIN,2021-12-31,,Institution stops before dataset end
12395,20241231,LENA STATE BANK,2024-12-31,,Dataset end
12396,20200930,STATE BANK OF LINCOLN,2020-09-30,811.0,Institution stops before dataset end
12402,20241231,EXCHANGE STATE BANK,2024-12-31,,Dataset end
12406,20210630,GLENVIEW STATE BANK,2021-06-30,,Institution stops before dataset end
12410,20241231,LA SALLE STATE BANK,2024-12-31,,Dataset end
12417,20241231,TRI-VALLEY BANK,2024-12-31,,Dataset end
12422,20241231,SECURITY STATE BANK,2024-12-31,,Dataset end
12425,20241231,DICKINSON COUNTY BANK,2024-12-31,,Dataset end
12426,20240331,COMMUNITY FIRST BANK,2024-03-31,,Institution stops before dataset end
12432,20241231,BAXTER STATE BANK,2024-12-31,,Dataset end
12437,20241231,RENASANT BANK,2024-12-31,,Dataset end
12441,20241231,HANCOCK WHITNEY BANK,2024-12-31,,Dataset end
12444,20241231,STATE BANK OF COLD SPRING,2024-12-31,,Dataset end
12457,20241231,CITIZENS BANK OF EDINA,2024-12-31,,Dataset end
12484,20241231,FIRST OKLAHOMA BANK,2024-12-31,,Dataset end
12485,20241231,PAYNE COUNTY BANK,2024-12-31,,Dataset end
12493,20241231,PREMIER BANK NATIONAL ASSN,2024-12-31,,Dataset end
12501,20241231,CITIZENS STATE BANK,2024-12-31,,Dataset end
12506,20241231,INDUSTRY STATE BANK,2024-12-31,,Dataset end
12511,20241231,ALLIANCE BANK,2024-12-31,,Dataset end
12512,20241231,COMMUNITY FIRST BANK,2024-12-31,,Dataset end
12513,20241231,PARTNERS BANK OF WISCONSIN,2024-12-31,,Dataset end
12514,20241231,IXONIA BANK,2024-12-31,,Dataset end
12517,20241231,BANK FIVE NINE,2024-12-31,,Dataset end
12531,20241231,PEOPLES BANK,2024-12-31,,Dataset end
12549,20241231,BANK OF CALHOUN COUNTY,2024-12-31,,Dataset end
12585,20241231,HOPETON STATE BANK,2024-12-31,,Dataset end
12591,20241231,CONVERSE COUNTY BANK,2024-12-31,,Dataset end
12592,20241231,SECURITY STATE BANK,2024-12-31,,Dataset end
12594,20241231,PUEBLO BANK&TRUST CO,2024-12-31,,Dataset end
12602,20241231,FARMERS&DROVERS BANK,2024-12-31,,Dataset end
12608,20241231,CITY BANK&TRUST CO,2024-12-31,,Dataset end
12609,20241231,PATTERSON STATE BANK,2024-12-31,,Dataset end
12611,20241231,EVANGELINE BANK&TRUST CO,2024-12-31,,Dataset end
12614,20241231,ORIGIN BANK,2024-12-31,810.0,Dataset end
12616,20241231,LEGENDS BANK,2024-12-31,,Dataset end
12627,20241231,BANK OF WASHINGTON,2024-12-31,,Dataset end
12633,20241231,CENTRAL TRUST BANK,2024-12-31,,Dataset end
12661,20241231,GREENLEAF BANK,2024-12-31,,Dataset end
12694,20241231,CITIZENS COMMUNITY BANK,2024-12-31,,Dataset end
12699,20220331,LEGACY BANK,2022-03-31,811.0,Institution stops before dataset end
12706,20241231,STATE BANK,2024-12-31,,Dataset end
12716,20200331,WALCOTT TRUST&SAVINGS BANK,2020-03-31,820.0,Institution stops before dataset end
12717,20241231,BRIDGE COMMUNITY BANK,2024-12-31,,Dataset end
12722,20241231,SICILY ISLAND STATE BANK,2024-12-31,,Dataset end
12745,20241231,BANK OF PRAGUE,2024-12-31,,Dataset end
12757,20241231,FIRST STATE BANK,2024-12-31,,Dataset end
12758,20241231,FARMERS STB ALLEN OKLAHOMA,2024-12-31,,Dataset end
12761,20241231,F&M BANK,2024-12-31,,Dataset end
12769,20241231,FIRST UNITED BANK,2024-12-31,,Dataset end
12773,20210930,ALTABANK,2021-09-30,,Institution stops before dataset end
12781,20221231,HOMETOWN BANK,2022-12-31,,Institution stops before dataset end
12788,20241231,BARABOO STATE BANK,2024-12-31,,Dataset end
12814,20241231,PEOPLES STATE BANK,2024-12-31,810.0,Dataset end
12815,20241231,HOME STB NA,2024-12-31,,Dataset end
12828,20241231,FARMERS BANK FRANKFORT IN,2024-12-31,,Dataset end
12836,20241231,FIRST STATE BANK OF PORTER,2024-12-31,,Dataset end
12839,20241231,FIRST FARMERS BANK&TRUST CO,2024-12-31,,Dataset end
12854,20241231,CENTIER BANK,2024-12-31,,Dataset end
12855,20241231,FARMERS STATE BANK,2024-12-31,,Dataset end
12857,20241231,DENVER SAVINGS BANK,2024-12-31,,Dataset end
12858,20241231,FARMERS TRUST&SAVINGS BANK,2024-12-31,,Dataset end
12859,20200630,VICTOR STATE BANK,2020-06-30,,Institution stops before dataset end
12865,20241231,SWEDISH-AMERICAN STATE BANK,2024-12-31,,Dataset end
12869,20241231,FARMERS BANK&TRUST CO,2024-12-31,,Dataset end
12874,20241231,KATAHDIN TRUST CO,2024-12-31,,Dataset end
12885,20241231,PEOPLES BANK,2024-12-31,,Dataset end
12893,20241231,FIRST STATE BANK OF DECATUR,2024-12-31,,Dataset end
12899,20241231,MAYVILLE STATE BANK,2024-12-31,,Dataset end
12923,20241231,BREMER BANK NATIONAL ASSN,2024-12-31,,Dataset end
12936,20200331,STEUBEN TRUST CO,2020-03-31,,Institution stops before dataset end
12944,20241231,ORANGE BANK&TRUST CO,2024-12-31,,Dataset end
12956,20241231,BANK OF RICHMONDVILLE,2024-12-31,,Dataset end
12959,20241231,CATTARAUGUS COUNTY BANK,2024-12-31,,Dataset end
12969,20241231,UNION BANK CO,2024-12-31,,Dataset end
12978,20241231,RICHWOOD BANKING CO,2024-12-31,,Dataset end
12980,20241231,CORN CITY STATE BANK,2024-12-31,,Dataset end
12982,20241231,CIVISTA BANK,2024-12-31,820.0,Dataset end
12985,20241231,ELDERTON STATE BANK,2024-12-31,,Dataset end
13000,20241231,ENNIS STATE BANK,2024-12-31,,Dataset end
13006,20241231,PECOS COUNTY STATE BANK,2024-12-31,,Dataset end
13012,20241231,FIRST COMMUNITY BANK,2024-12-31,810.0,Dataset end
13018,20241231,MINERS&MERCHANTS BANK,2024-12-31,,Dataset end
13020,20241231,FIRST EXCHANGE BANK,2024-12-31,,Dataset end
13023,20221231,WISCONSIN BANK&TRUST,2022-12-31,,Institution stops before dataset end
13025,20241231,FARMERS SAVINGS BANK,2024-12-31,,Dataset end
13029,20200930,MITCHELL BANK,2020-09-30,,Institution stops before dataset end
13030,20241231,OAKWOOD BANK,2024-12-31,,Dataset end
13032,20241231,CITIZENS FIRST BANK,2024-12-31,,Dataset end
13033,20241231,FARMERS STB OF WAUPACA,2024-12-31,,Dataset end
13054,20241231,PARK BANK NATIONAL ASSN,2024-12-31,,Dataset end
13055,20241231,CITIZENS BANK,2024-12-31,,Dataset end
13058,20241231,HIAWATHA NATIONAL BANK,2024-12-31,,Dataset end
13063,20241231,KENNEBUNK SAVINGS BANK,2024-12-31,,Dataset end
13068,20241231,COMMUNITY BANK&TRUST,2024-12-31,,Dataset end
13071,20241231,TOWN&COUNTRY BANK,2024-12-31,,Dataset end
13080,20240630,ALGONQUIN STATE BANK,2024-06-30,,Institution stops before dataset end
13083,20241231,FIRST WESTERN BANK,2024-12-31,,Dataset end
13102,20241231,LAKE CITY BANK,2024-12-31,,Dataset end
13104,20201231,ELBERFELD STATE BANK,2020-12-31,,Institution stops before dataset end
13107,20241231,CITIZENS STB NEW CASTLE,2024-12-31,,Dataset end
13109,20241231,JACKSON COUNTY BANK,2024-12-31,,Dataset end
13111,20241231,HENDRICKS COUNTY B&T CO,2024-12-31,,Dataset end
13112,20241231,OWEN COUNTY STATE BANK,2024-12-31,,Dataset end
13113,20241231,PEOPLES TRUST&SAVINGS BANK,2024-12-31,,Dataset end
13130,20241231,FRIENDSHIP STATE BANK,2024-12-31,,Dataset end
13157,20241231,KANZA BANK,2024-12-31,,Dataset end
13167,20241231,BANK OF CLARKSON,2024-12-31,,Dataset end
13179,20241231,FIRST COMMUNITY BANK,2024-12-31,,Dataset end
13195,20241231,UNION STATE BANK OF HAZEN,2024-12-31,,Dataset end
13196,20241231,PEOPLES STATE BANK,2024-12-31,,Dataset end
13198,20241231,CORNERSTONE BANK,2024-12-31,,Dataset end
13206,20200331,EDON STB CO OF EDON OHIO,2020-03-31,,Institution stops before dataset end
13209,20241231,FORT JENNINGS STATE BANK,2024-12-31,,Dataset end
13216,20241231,SAVINGS BANK,2024-12-31,,Dataset end
13220,20241231,PEOPLES BANK CO,2024-12-31,,Dataset end
13232,20241231,SECURITY STATE BANK,2024-12-31,,Dataset end
13240,20220630,DENMARK STATE BANK,2022-06-30,,Institution stops before dataset end
13242,20241231,FARMERS&MERCHANTS STATE BANK,2024-12-31,,Dataset end
13249,20241231,STATE SB OF MANISTIQUE,2024-12-31,,Dataset end
13251,20241231,CHAMBERS STATE BANK,2024-12-31,,Dataset end
13255,20241231,MIDWEST BANK,2024-12-31,,Dataset end
13264,20241231,BANK OF LUXEMBURG,2024-12-31,,Dataset end
13274,20241231,BANK OF COMMERCE,2024-12-31,,Dataset end
13290,20200630,BANK OF AKRON,2020-06-30,,Institution stops before dataset end
13292,20211231,BANK OF CASTILE,2021-12-31,,Institution stops before dataset end
13297,20241231,SOLVAY BANK,2024-12-31,,Dataset end
13303,20241231,BANK OF ENGLAND,2024-12-31,,Dataset end
13305,20241231,NEW WASHINGTON STATE BANK,2024-12-31,,Dataset end
13339,20241231,STATE BANK&TRUST CO,2024-12-31,,Dataset end
13341,20241231,CROGHAN COLONIAL BANK,2024-12-31,,Dataset end
13366,20241231,EXCHANGE BANK&TRUST CO,2024-12-31,,Dataset end
13380,20221231,COMMUNITY TRUST BANK,2022-12-31,,Institution stops before dataset end
13381,20241231,NORTHEAST MISSOURI STB,2024-12-31,,Dataset end
13382,20241231,FARMERS&MERCHANTS STB SPRING,2024-12-31,,Dataset end
13397,20241231,BANK OF UTICA,2024-12-31,,Dataset end
13407,20241231,FARMERS STATE BANK,2024-12-31,,Dataset end
13411,20230930,NORTHWESTERN BANK,2023-09-30,,Institution stops before dataset end
13413,20241231,KAW VALLEY STATE BANK,2024-12-31,,Dataset end
13415,20241231,FARMERS&MERCHANTS BANK,2024-12-31,,Dataset end
13416,20241231,OKLAHOMA STATE BANK,2024-12-31,,Dataset end
13421,20241231,UNION BANK&TRUST CO,2024-12-31,,Dataset end
13425,20200331,SOUTH STATE BANK,2020-03-31,,Institution stops before dataset end
13430,20241231,WADENA STATE BANK,2024-12-31,,Dataset end
13450,20241231,INTEGRITY BANK,2024-12-31,,Dataset end
13454,20241231,ROYAL BANK,2024-12-31,,Dataset end
13551,20241231,STATE EXCHANGE BANK,2024-12-31,,Dataset end
13561,20241231,FLEETWOOD BANK,2024-12-31,,Dataset end
13565,20241231,BANK OF SUN PRAIRIE,2024-12-31,,Dataset end
13580,20200630,UNION BANK OF BLAIR,2020-06-30,,Institution stops before dataset end
13582,20241231,STATE BANK OF NAUVOO,2024-12-31,,Dataset end
13584,20241231,TAMPA STATE BANK,2024-12-31,,Dataset end
13599,20241231,FIRST-LOCKHART NATIONAL BANK,2024-12-31,,Dataset end
13600,20241231,POINTWEST BANK,2024-12-31,,Dataset end
13611,20241231,BANK OF MEAD,2024-12-31,,Dataset end
13616,20241231,CORYDON STATE BANK,2024-12-31,,Dataset end
13622,20241231,DAYSPRING BANK,2024-12-31,,Dataset end
13625,20220930,FARMERS&STOCKMENS BANK,2022-09-30,,Institution stops before dataset end
13632,20241231,FIRST STATE BANK,2024-12-31,,Dataset end
13652,20241231,PINE COUNTRY BANK,2024-12-31,,Dataset end
13654,20220930,BANK OF ZUMBROTA,2022-09-30,,Institution stops before dataset end
13656,20241231,UNITED COMMUNITY BANK,2024-12-31,,Dataset end
13662,20241231,FARMERS&MERCHANTS STB BLOOMF,2024-12-31,,Dataset end
13669,20210930,BURTON STATE BANK,2021-09-30,,Institution stops before dataset end
13692,20241231,BRUNSWICK STATE BANK,2024-12-31,,Dataset end
13696,20241231,NEBRASKA STATE BANK,2024-12-31,,Dataset end
13697,20210930,OLPE STATE BANK,2021-09-30,,Institution stops before dataset end
13703,20241231,GREENVILLE NATIONAL BANK,2024-12-31,,Dataset end
13710,20210930,BANK OF PALMER,2021-09-30,820.0,Institution stops before dataset end
13712,20241231,LIBERTYVILLE SAVINGS BANK,2024-12-31,,Dataset end
13715,20241231,STATE BANK,2024-12-31,,Dataset end
13716,20241231,MIDDLEFIELD BANKING CO,2024-12-31,810.0,Dataset end
13718,20241231,WELLS FARGO TRUST CO NA,2024-12-31,,Dataset end
13729,20241231,PRESCOTT STATE BANK,2024-12-31,,Dataset end
13735,20241231,SAVINGS BANK,2024-12-31,,Dataset end
13736,20241231,MAYNARD SAVINGS BANK,2024-12-31,,Dataset end
13737,20241231,FARMERS&MERCHANTS BANK&TRUST,2024-12-31,,Dataset end
13748,20241231,UPSTATE NATIONAL BANK,2024-12-31,,Dataset end
13753,20241231,BLUE GRASS SAVINGS BANK,2024-12-31,,Dataset end
13774,20241231,BENTON COUNTY STATE BANK,2024-12-31,,Dataset end
13775,20241231,FARMERS STATE BANK,2024-12-31,,Dataset end
13784,20241231,NORTHERN INTERSTATE BANK N A,2024-12-31,,Dataset end
13787,20200331,MISSOURI BANK II,2020-03-31,,Institution stops before dataset end
13788,20241231,CONCORDIA BK OF CONCORDIA MO,2024-12-31,,Dataset end
13794,20241231,MCINTOSH COUNTY BANK,2024-12-31,,Dataset end
13798,20241231,FIRST NB IN FREDONIA,2024-12-31,,Dataset end
13801,20241231,FARMERS&MERCHANTS BANK,2024-12-31,,Dataset end
13802,20241231,TWIN VALLEY BANK,2024-12-31,,Dataset end
13809,20241231,MINNSTAR BANK NATIONAL ASSN,2024-12-31,,Dataset end
13813,20241231,FIRST NB IN PINCKNEYVILLE,2024-12-31,,Dataset end
13816,20241231,BANK 1ST,2024-12-31,,Dataset end
13819,20241231,COMMERCIAL STATE BANK,2024-12-31,,Dataset end
13821,20241231,CROSS BANK,2024-12-31,,Dataset end
13832,20241231,TRUST BANK,2024-12-31,,Dataset end
13838,20241231,FIELD&MAIN BANK,2024-12-31,,Dataset end
13843,20241231,KENTLAND BANK,2024-12-31,,Dataset end
13853,20220331,FIRST NB IN FAIRFIELD,2022-03-31,,Institution stops before dataset end
13868,20241231,FIRST STATE BANK NEBRASKA,2024-12-31,,Dataset end
13876,20241231,CNB BANK,2024-12-31,,Dataset end
13879,20240630,PEOPLESBANK CODORUS VALLEY,2024-06-30,,Institution stops before dataset end
13883,20241231,FARMERS STATE BANK,2024-12-31,,Dataset end
13887,20241231,FARMERS&MERCHANTS BANK,2024-12-31,,Dataset end
13892,20241231,SANDHILLS STATE BANK,2024-12-31,,Dataset end
13897,20241231,FARMERS STATE BANK,2024-12-31,,Dataset end
13902,20241231,FARMERS STATE BANK OF MEDORA,2024-12-31,,Dataset end
13905,20241231,FIRST TEXOMA NATIONAL BANK,2024-12-31,,Dataset end
13919,20241231,SOUTHTRUST BANK N A,2024-12-31,,Dataset end
13926,20241231,STATE BK OF CANTON CANTON KS,2024-12-31,,Dataset end
13931,20241231,STATE BANK OF SCHALLER,2024-12-31,,Dataset end
13946,20241231,FIRST BANK&TRUST CO,2024-12-31,,Dataset end
13947,20241231,ALAMOSA STATE BANK,2024-12-31,,Dataset end
13951,20241231,COMMUNITY BANK OF LOUISIANA,2024-12-31,,Dataset end
13953,20241231,IOWA STATE BANK,2024-12-31,,Dataset end
13955,20241231,FOUNDATION BANK,2024-12-31,,Dataset end
13957,20240630,KANSASLAND BANK,2024-06-30,,Institution stops before dataset end
13959,20241231,CBW BANK,2024-12-31,,Dataset end
13960,20241231,BANK OF HOUSTON,2024-12-31,,Dataset end
13962,20241231,BANK OF HARTINGTON,2024-12-31,,Dataset end
13983,20241231,GRANVILLE NATIONAL BANK,2024-12-31,,Dataset end
13986,20241231,TRANSACT BANK NATIONAL ASSN,2024-12-31,,Dataset end
13990,20241231,PALO SAVINGS BANK,2024-12-31,,Dataset end
13999,20241231,FARMERS&MERCHANTS STATE BANK,2024-12-31,,Dataset end
14009,20241231,CHELSEA STATE BANK,2024-12-31,,Dataset end
14017,20241231,MIDDLETOWN VALLEY BANK,2024-12-31,,Dataset end
14024,20241231,FARMERS&MERCHANTS BK MOUND C,2024-12-31,,Dataset end
14025,20241231,CONNECTIONS BANK,2024-12-31,810.0,Dataset end
14026,20241231,SCRIBNER BANK,2024-12-31,,Dataset end
14028,20241231,FIRST GUARANTY BANK,2024-12-31,,Dataset end
14029,20241231,FIRST LIBERTY BANK,2024-12-31,,Dataset end
14036,20241231,MISSOURI BANK,2024-12-31,810.0,Dataset end
14051,20200331,CENTURY BANK,2020-03-31,,Institution stops before dataset end
14056,20241231,FARMERS&MERCHANTS BK ST CLAI,2024-12-31,,Dataset end
14058,20241231,GREAT PLAINS STATE BANK,2024-12-31,,Dataset end
14061,20200630,STATE BANK OF BURNETTSVILLE,2020-06-30,,Institution stops before dataset end
14065,20241231,PINNACLE BANK,2024-12-31,,Dataset end
14069,20241231,STATE BANK OF SCOTIA,2024-12-31,,Dataset end
14073,20241231,COUNTY NATIONAL BANK,2024-12-31,,Dataset end
14078,20230930,BLACKHAWK BANK,2023-09-30,,Institution stops before dataset end
14079,20241231,GNB BANK,2024-12-31,,Dataset end
14083,20241231,BISON STATE BANK,2024-12-31,,Dataset end
14084,20220331,HILLSBORO STATE BANK,2022-03-31,,Institution stops before dataset end
14095,20241231,FIRST NB IN FALFURRIAS,2024-12-31,,Dataset end
14096,20241231,GENERATIONS BANK,2024-12-31,,Dataset end
14113,20241231,PEOPLES STATE BANK,2024-12-31,,Dataset end
14134,20241231,PASSUMPSIC SAVINGS BANK,2024-12-31,,Dataset end
14136,20241231,WELLS RIVER SAVINGS BANK,2024-12-31,,Dataset end
14140,20241231,NORTHFIELD SAVINGS BANK,2024-12-31,,Dataset end
14158,20241231,UNION BANK,2024-12-31,,Dataset end
14168,20241231,PEOPLES TR CO OF ST ALBANS,2024-12-31,,Dataset end
14178,20241231,SILEX BANKING CO,2024-12-31,,Dataset end
14184,20241231,MARION COMMUNITY BANK,2024-12-31,,Dataset end
14185,20241231,FIRST STATE B&T CO INC,2024-12-31,,Dataset end
14195,20241231,FARMERS TRUST&SAVINGS BANK,2024-12-31,,Dataset end
14207,20241231,LINCOLN SAVINGS BANK,2024-12-31,,Dataset end
14208,20241231,SECURITY SAVINGS BANK,2024-12-31,,Dataset end
14209,20241231,FARMERS STATE BANK,2024-12-31,,Dataset end
14222,20241231,SECURITY FINANCIAL BANK,2024-12-31,,Dataset end
14225,20241231,HOME NB OF THORNTOWN,2024-12-31,,Dataset end
14230,20241231,MALVERN BANK,2024-12-31,,Dataset end
14240,20241231,NORTHWAY BANK,2024-12-31,,Dataset end
14247,20241231,UNITED BANK&TRUST CO,2024-12-31,,Dataset end
14251,20230331,FIDELITY BANK,2023-03-31,,Institution stops before dataset end
14260,20241231,WALTERS BANK&TRUST CO,2024-12-31,,Dataset end
14264,20241231,CORNHUSKER BANK,2024-12-31,,Dataset end
14266,20241231,NATIONAL BANK OF COMMERCE,2024-12-31,810.0,Dataset end
14269,20241231,CITIZENS STATE BANK,2024-12-31,,Dataset end
14275,20241231,FARMERS&MERCHANTS BANK,2024-12-31,,Dataset end
14276,20241231,FIRST BANK UPPER MICHIGAN,2024-12-31,,Dataset end
14281,20241231,FIRST BANK OF UTICA,2024-12-31,,Dataset end
14291,20241231,BANK,2024-12-31,,Dataset end
14293,20241231,CITIZENS BANK&TRUST,2024-12-31,,Dataset end
14311,20241231,ADAMS COUNTY BANK,2024-12-31,,Dataset end
14312,20241231,FIVE POINTS BANK OF HASTINGS,2024-12-31,,Dataset end
14316,20241231,BENTON STATE BANK,2024-12-31,,Dataset end
14327,20241231,HORIZON BANK,2024-12-31,,Dataset end
14331,20241231,FIRSTBANK,2024-12-31,,Dataset end
14333,20241231,COMMERCIAL BANK&TRUST OF PA,2024-12-31,,Dataset end
14334,20241231,UNITED BANK OF UNION,2024-12-31,,Dataset end
14344,20241231,FARMERS STATE BANK,2024-12-31,,Dataset end
14345,20240331,VALLEY STATE BANK,2024-03-31,,Institution stops before dataset end
14349,20241231,BANK OF SALEM,2024-12-31,,Dataset end
14352,20241231,FEDERATION BANK,2024-12-31,,Dataset end
14355,20241231,FIRST CITIZENS NB UPPER SAND,2024-12-31,,Dataset end
14359,20241231,JERSEY SHORE STATE BANK,2024-12-31,,Dataset end
14361,20200331,FIRST STATE BANK,2020-03-31,,Institution stops before dataset end
14370,20210930,FIRST NB IN HOWELL,2021-09-30,,Institution stops before dataset end
14382,20241231,FIDELITY BANK&TRUST,2024-12-31,,Dataset end
14392,20241231,FARMERS TRUST&SAVINGS BANK,2024-12-31,,Dataset end
14399,20241231,HASKELL NATIONAL BANK,2024-12-31,,Dataset end
14400,20241231,FIRST NB IN TIGERTON,2024-12-31,,Dataset end
14404,20241231,FARMERS STB OF NEWCASTLE,2024-12-31,,Dataset end
14410,20241231,CITY STATE BANK,2024-12-31,,Dataset end
14413,20241231,IOWA ST B&T CO FAIRFLD IA,2024-12-31,,Dataset end
14415,20241231,BELLEVUE STATE BANK,2024-12-31,,Dataset end
14420,20241231,FNB BANK,2024-12-31,,Dataset end
14427,20241231,FIRST NB IN DERIDDER,2024-12-31,,Dataset end
14445,20241231,FARMERS&MERCHANTS UNION BANK,2024-12-31,,Dataset end
14468,20240331,FIRST NB AT DARLINGTON,2024-03-31,,Institution stops before dataset end
14488,20241231,CITIZENS BANK,2024-12-31,,Dataset end
14491,20241231,BANK OF CHARLOTTE COUNTY,2024-12-31,,Dataset end
14492,20241231,HOMEBANK,2024-12-31,,Dataset end
14507,20241231,CNB BANK INC,2024-12-31,,Dataset end
14513,20241231,THUMB BANK&TRUST,2024-12-31,810.0,Dataset end
14521,20241231,BANK IOWA,2024-12-31,,Dataset end
14522,20241231,PCSB BANK,2024-12-31,,Dataset end
14523,20241231,ANTWERP EXCHANGE BANK CO,2024-12-31,,Dataset end
14531,20241231,AMARILLO NATIONAL BANK,2024-12-31,,Dataset end
14534,20231231,FIRST NATIONAL BANK AT PARIS,2023-12-31,,Institution stops before dataset end
14546,20241231,NEW ERA BANK,2024-12-31,,Dataset end
14556,20241231,EXCHANGE STATE BANK,2024-12-31,,Dataset end
14560,20241231,UNION STATE BANK,2024-12-31,,Dataset end
14561,20241231,STATE BANK OF MEDORA,2024-12-31,,Dataset end
14562,20200630,CENTENNIAL BANK,2020-06-30,,Institution stops before dataset end
14567,20241231,FIRST NATIONAL BANK IN OLNEY,2024-12-31,,Dataset end
14574,20241231,ODIN STATE BANK,2024-12-31,,Dataset end
14578,20241231,FARMERS STATE BANK,2024-12-31,,Dataset end
14581,20241231,CLARKSON BANK,2024-12-31,,Dataset end
14584,20241231,FIRST NB IN TRINIDAD,2024-12-31,,Dataset end
14587,20241231,UNIVERSITY BANK,2024-12-31,,Dataset end
14597,20241231,UNION BANK,2024-12-31,810.0,Dataset end
14604,20241231,COMMUNITY POINT BANK,2024-12-31,,Dataset end
14619,20241231,SAVANNAH BANK NATIONAL ASSN,2024-12-31,,Dataset end
14633,20241231,COMMUNITY SAVINGS BANK,2024-12-31,,Dataset end
14636,20241231,PEOPLES BANK,2024-12-31,,Dataset end
14642,20241231,COMMERCIAL BANK,2024-12-31,,Dataset end
14644,20241231,MALVERN NATIONAL BANK,2024-12-31,,Dataset end
14646,20241231,NEWFIELD NATIONAL BANK,2024-12-31,,Dataset end
14649,20241231,COMMUNITY BANK,2024-12-31,,Dataset end
14650,20241231,HILLS BANK&TRUST CO,2024-12-31,,Dataset end
14660,20241231,BANK OF PRAIRIE DU SAC,2024-12-31,,Dataset end
14662,20241231,TRUSTBANK,2024-12-31,,Dataset end
14674,20241231,FIRST NATIONAL BANK IN AMBOY,2024-12-31,,Dataset end
14679,20241231,INDUSTRIAL BANK,2024-12-31,,Dataset end
14690,20241231,IOWA SAVINGS BANK,2024-12-31,,Dataset end
14692,20241231,PEOPLES BANK,2024-12-31,,Dataset end
14694,20241231,CEDAR VALLEY BANK&TRUST,2024-12-31,,Dataset end
14695,20241231,MA BANK,2024-12-31,,Dataset end
14701,20241231,BANK OF NEW MADRID,2024-12-31,,Dataset end
14705,20241231,DEWITT BANK&TRUST CO,2024-12-31,,Dataset end
14712,20241231,FIRST NATIONAL BANK,2024-12-31,,Dataset end
14722,20241231,UNION BANK,2024-12-31,,Dataset end
14730,20241231,FRONTIER BANK,2024-12-31,,Dataset end
14731,20241231,CITIZENS NB OF QUITMAN,2024-12-31,,Dataset end
14735,20241231,FIRST CMTY BK HEARTLAND INC,2024-12-31,,Dataset end
14744,20241231,WILLIAMSTOWN BANK INC,2024-12-31,,Dataset end
14761,20241231,1NB BANK,2024-12-31,,Dataset end
14769,20241231,DMB COMMUNITY BANK,2024-12-31,,Dataset end
14772,20241231,DANVILLE STATE SAVINGS BANK,2024-12-31,,Dataset end
14773,20241231,STATE SAVINGS BANK,2024-12-31,,Dataset end
14778,20230331,FIRST BANK&TRUST,2023-03-31,,Institution stops before dataset end
14779,20241231,CITIZENS NB AT BROWNWOOD,2024-12-31,,Dataset end
14785,20241231,CITIZENS SAVINGS BANK,2024-12-31,,Dataset end
14801,20241231,FIRST STATE BANK&TRUST,2024-12-31,,Dataset end
14807,20241231,FARMERS SAVINGS BANK,2024-12-31,,Dataset end
14809,20241231,HEARTLAND BANK,2024-12-31,,Dataset end
14812,20241231,TS BANK,2024-12-31,,Dataset end
14816,20210630,MBANK,2021-06-30,810.0,Institution stops before dataset end
14820,20241231,CITIZENS NB OF HAMMOND,2024-12-31,,Dataset end
14836,20241231,FIRST NB IN NEW BREMEN,2024-12-31,,Dataset end
14843,20241231,MIDWESTONE BANK,2024-12-31,,Dataset end
14851,20241231,CITIZENS BANK,2024-12-31,,Dataset end
14853,20241231,FIRST NB AT ST JAMES,2024-12-31,,Dataset end
14857,20241231,STATE STREET BANK&TRUST CO,2024-12-31,,Dataset end
14863,20241231,LINKBANK,2024-12-31,810.0,Dataset end
14864,20241231,STOCKMENS NB IN COTULLA,2024-12-31,,Dataset end
14867,20241231,HOME STATE BANK,2024-12-31,,Dataset end
14868,20241231,PEOPLES SAVINGS BANK,2024-12-31,,Dataset end
14869,20200331,PLATTE VALLEY BANK OF MO,2020-03-31,,Institution stops before dataset end
14883,20241231,COMMUNITY STATE BANK,2024-12-31,,Dataset end
14885,20241231,FIRST BANK,2024-12-31,,Dataset end
14894,20241231,FARMERS BANK,2024-12-31,,Dataset end
14899,20241231,BLUE SKY BANK,2024-12-31,810.0,Dataset end
14904,20241231,FIRST COMMUNITY BANK,2024-12-31,,Dataset end
14907,20241231,INTERNATIONAL BK OF AMHERST,2024-12-31,,Dataset end
14911,20241231,SHELL LAKE STATE BANK,2024-12-31,,Dataset end
14912,20241231,BANK OF DIXON COUNTY,2024-12-31,,Dataset end
14913,20200331,LAKESTONE BANK&TRUST,2020-03-31,,Institution stops before dataset end
14914,20241231,COLLINS STATE BANK,2024-12-31,,Dataset end
14920,20241231,HAMLER STATE BANK,2024-12-31,,Dataset end
14922,20241231,F&M BANK,2024-12-31,,Dataset end
14926,20240930,FREELAND STATE BANK,2024-09-30,,Institution stops before dataset end
14929,20241231,WEST SHORE BANK,2024-12-31,,Dataset end
14930,20241231,FIRST IOWA STATE BANK,2024-12-31,,Dataset end
14944,20230331,EMERALD BANK,2023-03-31,,Institution stops before dataset end
14952,20241231,LYON COUNTY STATE BANK,2024-12-31,,Dataset end
14960,20241231,STATE BANK OF REESEVILLE,2024-12-31,,Dataset end
14966,20241231,SECURITY NB OF ENID,2024-12-31,,Dataset end
14969,20241231,KISH BANK,2024-12-31,,Dataset end
14974,20241231,FIRST STATE BANK&TRUST,2024-12-31,,Dataset end
14982,20241231,UNION STATE BANK,2024-12-31,,Dataset end
14991,20241231,FARMERS STATE BANK,2024-12-31,,Dataset end
14994,20210930,STATE BANK OF ARCADIA,2021-09-30,810.0,Institution stops before dataset end
14995,20241231,RIVER BANK,2024-12-31,,Dataset end
14999,20241231,PORT AUSTIN STATE BANK,2024-12-31,,Dataset end
15009,20210630,TOWANDA STATE BANK,2021-06-30,,Institution stops before dataset end
15010,20241231,COLUMBUS BANK&TRUST CO,2024-12-31,,Dataset end
15011,20210930,FARMERS STATE BANK OF MUNITH,2021-09-30,,Institution stops before dataset end
15019,20241231,FIRST BANK,2024-12-31,810.0,Dataset end
15032,20241231,FIRST STATE BANK,2024-12-31,,Dataset end
15035,20241231,RIVERWIND BANK,2024-12-31,,Dataset end
15038,20241231,VALLEY STATE BANK,2024-12-31,,Dataset end
15046,20241231,PEOPLES COMMUNITY BANK,2024-12-31,,Dataset end
15050,20241231,FIRST STATE BANK,2024-12-31,,Dataset end
15059,20241231,LOUISIANA NATIONAL BANK,2024-12-31,,Dataset end
15064,20221231,EXCHANGE STATE BANK,2022-12-31,,Institution stops before dataset end
15078,20241231,JUNCTION NATIONAL BANK,2024-12-31,,Dataset end
15085,20241231,ARTHUR STATE BANK,2024-12-31,,Dataset end
15091,20241231,LAKE RIDGE BANK,2024-12-31,,Dataset end
15092,20241231,RICHLAND COUNTY BANK,2024-12-31,,Dataset end
15098,20241231,UNION STATE BANK,2024-12-31,,Dataset end
15101,20241231,SENATH STATE BANK,2024-12-31,,Dataset end
15104,20241231,BANK OF YORK,2024-12-31,,Dataset end
15105,20241231,ZAVALA COUNTY BANK,2024-12-31,,Dataset end
15111,20241231,CITIZENS STATE BANK,2024-12-31,,Dataset end
15113,20241231,BANK OF GREELEYVILLE,2024-12-31,,Dataset end
15118,20241231,GATEWAY FIRST BANK,2024-12-31,,Dataset end
15121,20210630,JACKSON COUNTY BANK,2021-06-30,,Institution stops before dataset end
15126,20230630,FARMERS STATE BANK,2023-06-30,,Institution stops before dataset end
15136,20241231,BANK OF WISCONSIN DELLS,2024-12-31,,Dataset end
15142,20210930,CENTRAL BANK OF MOBERLY,2021-09-30,,Institution stops before dataset end
15146,20241231,GREAT NORTH BANK,2024-12-31,,Dataset end
15152,20241231,BLACK RIVER COUNTRY BANK,2024-12-31,,Dataset end
15158,20200331,TIMBERWOOD BANK,2020-03-31,,Institution stops before dataset end
15164,20241231,FARMERS STB OF WESTMORELAND,2024-12-31,,Dataset end
15165,20241231,PEOPLES STB OF MUNISING,2024-12-31,,Dataset end
15194,20241231,KCB BANK,2024-12-31,,Dataset end
15200,20241231,DECORAH BANK&TRUST CO,2024-12-31,,Dataset end
15205,20241231,BANK3,2024-12-31,,Dataset end
15206,20241231,FIRST STATE BANK,2024-12-31,,Dataset end
15214,20241231,FIRST CENTRAL NB OF ST PARIS,2024-12-31,,Dataset end
15216,20241231,PEOPLES BANK,2024-12-31,,Dataset end
15219,20230930,DUBUQUE BANK&TRUST CO,2023-09-30,,Institution stops before dataset end
15228,20241231,BANK OF KAUKAUNA,2024-12-31,,Dataset end
15229,20241231,FIRST BUSINESS BANK,2024-12-31,,Dataset end
15237,20241231,JOHNSON STATE BANK,2024-12-31,,Dataset end
15242,20241231,NORTHERN STATE BANK,2024-12-31,,Dataset end
15243,20241231,PUTNAM COUNTY BANK,2024-12-31,,Dataset end
15249,20241231,UNITED CITIZENS B&T CO,2024-12-31,,Dataset end
15254,20241231,CITIZENS STATE BANK&TRUST CO,2024-12-31,,Dataset end
15255,20241231,GREENFIELD BANKING CO,2024-12-31,,Dataset end
15258,20241231,FARMERS STATE BANK,2024-12-31,,Dataset end
15259,20241231,ELK STATE BANK,2024-12-31,,Dataset end
15261,20241231,CITIZENS STATE BANK,2024-12-31,,Dataset end
15264,20241231,PEOPLES SB OF RHINELAND,2024-12-31,,Dataset end
15270,20241231,MERIT BANK,2024-12-31,,Dataset end
15271,20241231,FIRST STATE BANK,2024-12-31,,Dataset end
15272,20241231,MARION COUNTY STATE BANK,2024-12-31,,Dataset end
15282,20241231,HERITAGE COMMUNITY BANK,2024-12-31,,Dataset end
15285,20200930,CANTON STATE BANK,2020-09-30,,Institution stops before dataset end
15286,20241231,NORTHERN STB THIEF RIVER FAL,2024-12-31,,Dataset end
15289,20211231,GREAT WESTERN BANK,2021-12-31,,Institution stops before dataset end
15305,20241231,DENISON STATE BANK,2024-12-31,,Dataset end
15306,20241231,TRUCOMMUNITY BANK,2024-12-31,,Dataset end
15308,20220930,STATE BANK OF WAPELLO,2022-09-30,,Institution stops before dataset end
15310,20241231,CB&S BANK INC,2024-12-31,,Dataset end
15311,20241231,IOWA FALLS STATE BANK,2024-12-31,,Dataset end
15320,20210630,LAURENS STATE BANK,2021-06-30,,Institution stops before dataset end
15321,20241231,FIRST STATE BANK,2024-12-31,,Dataset end
15323,20241231,SILVER LAKE BANK,2024-12-31,,Dataset end
15324,20241231,SECURITY BANK&TRUST CO,2024-12-31,810.0,Dataset end
15326,20241231,UNION BANKING CO,2024-12-31,,Dataset end
15334,20241231,ROLLING HILLS BANK&TRUST,2024-12-31,,Dataset end
15336,20241231,DURDEN BANKING CO INC,2024-12-31,,Dataset end
15345,20241231,TXN BANK,2024-12-31,,Dataset end
15346,20241231,COMMERCE BANK TEXAS,2024-12-31,,Dataset end
15347,20241231,SECURITY BK OF PULASKI CNTY,2024-12-31,,Dataset end
15348,20241231,FIRST BANK&TRUST CO,2024-12-31,,Dataset end
15355,20241231,MARION STATE BANK,2024-12-31,,Dataset end
15359,20241231,SOUTHERN BANK&TRUST CO,2024-12-31,,Dataset end
15362,20241231,BELT VALLEY BANK,2024-12-31,,Dataset end
15364,20241231,FIRST STATE BANK,2024-12-31,,Dataset end
15367,20241231,FARMERS STATE BANK,2024-12-31,,Dataset end
15384,20220630,HENRY COUNTY BANK,2022-06-30,,Institution stops before dataset end
15399,20241231,RCB BANK,2024-12-31,,Dataset end
15405,20241231,HOUGHTON STATE BANK,2024-12-31,,Dataset end
15414,20220930,LEGACY BANK,2022-09-30,,Institution stops before dataset end
15415,20241231,PEOPLES BANK OF WYACONDA MO,2024-12-31,,Dataset end
15423,20241231,AMERICAN BANK OF FREEDOM,2024-12-31,,Dataset end
15426,20200930,ALMENA STATE BANK,2020-09-30,,Institution stops before dataset end
15427,20241231,CHELSEA SAVINGS BANK,2024-12-31,,Dataset end
15440,20200630,STOCK GROWERS BANK,2020-06-30,,Institution stops before dataset end
15442,20241231,ROBERT LEE STATE BANK,2024-12-31,,Dataset end
15443,20241231,LAKE ELMO BANK,2024-12-31,,Dataset end
15444,20241231,AMERICAN ST B&T CO WILLISTON,2024-12-31,,Dataset end
15460,20241231,SPUR SECURITY BANK,2024-12-31,,Dataset end
15463,20241231,STATE BANK OF DE KALB,2024-12-31,,Dataset end
15465,20241231,UNITED SOUTHERN BANK,2024-12-31,,Dataset end
15469,20241231,FIRST STATE BANK OF RANSOM,2024-12-31,,Dataset end
15471,20241231,FIRST STATE BANK OF CANDO,2024-12-31,,Dataset end
15472,20241231,FIRST UNITED BANK,2024-12-31,,Dataset end
15477,20241231,CITIZENS BANK OF AMERICUS,2024-12-31,,Dataset end
15478,20241231,UNITED VALLEY BANK,2024-12-31,,Dataset end
15480,20241231,COLEMAN COUNTY STATE BANK,2024-12-31,,Dataset end
15489,20241231,WEST PLAINS BANK&TRUST CO,2024-12-31,,Dataset end
15496,20241231,FIRST STATE BANK OF BLAKELY,2024-12-31,,Dataset end
15501,20241231,LYTLE STB OF LYTLE TEXAS,2024-12-31,,Dataset end
15510,20241231,AMERISTATE BANK,2024-12-31,,Dataset end
15511,20241231,FIRST STATE BANK,2024-12-31,,Dataset end
15519,20241231,CITIZENS STATE BANK,2024-12-31,,Dataset end
15523,20241231,MUENSTER STATE BANK,2024-12-31,,Dataset end
15532,20241231,CENTREBANK,2024-12-31,,Dataset end
15539,20241231,FIRST STATE BANK,2024-12-31,,Dataset end
15545,20241231,FRONTIER BANK,2024-12-31,,Dataset end
15546,20241231,CHILLICOTHE STATE BANK,2024-12-31,,Dataset end
15547,20241231,BANK OF LAKE VILLAGE,2024-12-31,,Dataset end
15555,20241231,CENTRAL BANK,2024-12-31,,Dataset end
15562,20241231,PIONEER BANK&TRUST,2024-12-31,,Dataset end
15565,20241231,FIRST SOUTHERN BANK,2024-12-31,810.0,Dataset end
15566,20241231,HOOSIER HEARTLAND STATE BANK,2024-12-31,,Dataset end
15572,20241231,FIRST NB OF PULASKI,2024-12-31,,Dataset end
15578,20241231,INTEGRITY BANK PLUS,2024-12-31,,Dataset end
15580,20241231,FIRST BANK OF COASTAL GA,2024-12-31,,Dataset end
15584,20241231,MID-MISSOURI BANK,2024-12-31,,Dataset end
15585,20241231,BAY PORT STATE BANK,2024-12-31,,Dataset end
15586,20210930,FIRST STATE BANK,2021-09-30,810.0,Institution stops before dataset end
15590,20241231,TAYLOR COUNTY BANK,2024-12-31,,Dataset end
15593,20241231,IPSWICH STATE BANK,2024-12-31,,Dataset end
15597,20241231,SECURITY STB OF KENYON,2024-12-31,,Dataset end
15598,20241231,HORIZON FINANCIAL BANK,2024-12-31,,Dataset end
15606,20241231,HAMILTON BANK,2024-12-31,,Dataset end
15610,20241231,FARMERS&MERCHANTS STATE BANK,2024-12-31,,Dataset end
15611,20210930,OKLAHOMA STATE BANK,2021-09-30,,Institution stops before dataset end
15614,20241231,WEST BANK,2024-12-31,,Dataset end
15621,20241231,FIRST FARMERS&MERCHANTS STB,2024-12-31,,Dataset end
15629,20241231,QUOIN FINANCIAL BANK,2024-12-31,,Dataset end
15632,20241231,GREENFIELD BANKING CO,2024-12-31,,Dataset end
15651,20241231,STATE BANK&TRUST CO,2024-12-31,,Dataset end
15657,20241231,ALLIANCE BANK CENTRAL TEXAS,2024-12-31,,Dataset end
15663,20241231,FIRST STATE BANK,2024-12-31,,Dataset end
15664,20241231,FREEDOM BANK INC,2024-12-31,,Dataset end
15669,20241231,MCBANK,2024-12-31,,Dataset end
15671,20241231,BANK OF CLARENDON,2024-12-31,,Dataset end
15673,20240930,BANK OF RIPLEY,2024-09-30,,Institution stops before dataset end
15675,20241231,CITIZENS BANK&TRUST CO,2024-12-31,,Dataset end
15684,20200930,BORDER BANK,2020-09-30,,Institution stops before dataset end
15687,20241231,GRANT COUNTY STATE BANK,2024-12-31,,Dataset end
15690,20241231,CLEAR LAKE BANK&TRUST CO,2024-12-31,,Dataset end
15695,20210331,FIRST BANK OF LINDEN,2021-03-31,,Institution stops before dataset end
15699,20241231,PINELAND BANK,2024-12-31,,Dataset end
15701,20241231,SEYMOUR BANK,2024-12-31,,Dataset end
15703,20241231,TOWN&COUNTRY BANK&TRUST CO,2024-12-31,,Dataset end
15708,20241231,CASEY COUNTY BANK INC,2024-12-31,,Dataset end
15728,20241231,DAKOTA COMMUNITY B&T NA,2024-12-31,,Dataset end
15729,20241231,PARTNERS BANK,2024-12-31,,Dataset end
15731,20241231,SECURITY BANK OF TEXAS,2024-12-31,,Dataset end
15734,20241231,SECURITY SAVINGS BANK,2024-12-31,,Dataset end
15738,20230331,SECURITY STATE BANK,2023-03-31,,Institution stops before dataset end
15741,20241231,COMMERCIAL BANK OF MOTT,2024-12-31,,Dataset end
15744,20230331,GRANITE MOUNTAIN BK DBA GRAN,2023-03-31,,Institution stops before dataset end
15749,20241231,SECURITY STATE BANK,2024-12-31,,Dataset end
15751,20241231,FLAT BRANCH BANK,2024-12-31,,Dataset end
15752,20241231,FIRST STATE BANK,2024-12-31,,Dataset end
15759,20221231,BANK OF BURLINGTON,2022-12-31,,Institution stops before dataset end
15760,20241231,CITIZENS NB OF ALBION,2024-12-31,,Dataset end
15762,20241231,FIRST AMERICAN BANK,2024-12-31,,Dataset end
15763,20241231,FIRST NB OF NOKOMIS,2024-12-31,,Dataset end
15767,20241231,FIRST SECURITY BANK-HENDRICK,2024-12-31,,Dataset end
15771,20241231,NORTHEAST GEORGIA BANK,2024-12-31,,Dataset end
15772,20241231,MEDIAPOLIS SAVINGS BANK,2024-12-31,,Dataset end
15774,20201231,TILDEN BANK,2020-12-31,,Institution stops before dataset end
15778,20241231,GRANT COUNTY BANK,2024-12-31,,Dataset end
15779,20241231,FARMERS&MERCHANTS BANK,2024-12-31,,Dataset end
15784,20241231,STOCK EXC BK CALDWELL KS,2024-12-31,,Dataset end
15792,20241231,PEOPLES BK OF MONITEAU CNTY,2024-12-31,,Dataset end
15797,20241231,BROADWAY NATIONAL BANK,2024-12-31,,Dataset end
15799,20241231,PREMIER COMMUNITY BANK,2024-12-31,,Dataset end
15801,20241231,FARMERS&MERCHANTS BANK,2024-12-31,,Dataset end
15808,20241231,IOWA STATE BANK,2024-12-31,,Dataset end
15809,20241231,SECURITY STATE BANK&TRUST,2024-12-31,,Dataset end
15813,20240331,ONESOUTH BANK,2024-03-31,,Institution stops before dataset end
15815,20241231,CENTRAL BANK&TRUST CO,2024-12-31,,Dataset end
15817,20241231,GENESIS BANK,2024-12-31,,Dataset end
15820,20241231,RED RIVER STATE BANK,2024-12-31,,Dataset end
15826,20241231,CLAXTON BANK,2024-12-31,,Dataset end
15830,20240930,NORTHWEST BANK&TRUST CO,2024-09-30,,Institution stops before dataset end
15839,20241231,SECURITY STATE BANK,2024-12-31,,Dataset end
15847,20241231,SUNRISE BANK DAKOTA,2024-12-31,,Dataset end
15853,20241231,FARMERS STATE BANK,2024-12-31,,Dataset end
15871,20241231,PEOPLES BANK,2024-12-31,,Dataset end
15873,20241231,MILLEDGEVILLE STATE BANK,2024-12-31,,Dataset end
15883,20241231,DEMOTTE STATE BANK,2024-12-31,,Dataset end
15898,20241231,FIRST STB OF LIVINGSTON,2024-12-31,810.0,Dataset end
15899,20241231,FUSION BANK,2024-12-31,,Dataset end
15904,20241231,FOUR COUNTY BANK,2024-12-31,,Dataset end
15907,20240930,COMMUNITY FIRST BANK,2024-09-30,,Institution stops before dataset end
15908,20241231,UNION STATE BANK,2024-12-31,,Dataset end
15912,20241231,IVES BANK,2024-12-31,,Dataset end
15913,20241231,FIRST COMMUNITY BANK&TRUST,2024-12-31,,Dataset end
15928,20241231,FARMERS NB OF GRIGGSVILLE,2024-12-31,,Dataset end
15930,20241231,MAXWELL STATE BANK,2024-12-31,,Dataset end
15932,20241231,CITIZENS BANK,2024-12-31,,Dataset end
15934,20200331,CITIZENS BANK,2020-03-31,,Institution stops before dataset end
15939,20241231,PEOPLES STATE BANK,2024-12-31,,Dataset end
15945,20241231,FOREST PARK NB&T CO,2024-12-31,,Dataset end
15947,20241231,IOWA STATE BANK,2024-12-31,,Dataset end
15953,20241231,GUARANTY BANK&TRUST CO,2024-12-31,810.0,Dataset end
15966,20241231,FULTON SAVINGS BANK,2024-12-31,,Dataset end
15969,20241231,RONDOUT SAVINGS BANK,2024-12-31,,Dataset end
15970,20241231,ULSTER SAVINGS BANK,2024-12-31,,Dataset end
15987,20241231,WALDEN SAVINGS BANK,2024-12-31,,Dataset end
15990,20241231,WATERTOWN SAVINGS BANK,2024-12-31,,Dataset end
15995,20241231,PCSB BANK,2024-12-31,,Dataset end
16001,20220331,ELMIRA SAVINGS BANK,2022-03-31,,Institution stops before dataset end
16012,20201231,DIME COMMUNITY BANK,2020-12-31,,Institution stops before dataset end
16022,20220930,NEW YORK COMMUNITY BANK,2022-09-30,,Institution stops before dataset end
16026,20241231,RIDGEWOOD SAVINGS BANK,2024-12-31,,Dataset end
16030,20241231,NORTH COUNTRY SAVINGS BANK,2024-12-31,,Dataset end
16032,20241231,RHINEBECK BANK,2024-12-31,,Dataset end
16039,20241231,SAWYER SAVINGS BANK,2024-12-31,,Dataset end
16040,20241231,GENERATIONS BANK,2024-12-31,,Dataset end
16068,20241231,APPLE BANK,2024-12-31,,Dataset end
16075,20241231,RAYNE STATE BANK&TRUST CO,2024-12-31,,Dataset end
16079,20241231,YORK STATE BANK,2024-12-31,,Dataset end
16094,20241231,EXCHANGE STATE BANK,2024-12-31,,Dataset end
16101,20241231,MILFORD BANK,2024-12-31,,Dataset end
16103,20241231,FARMBANK,2024-12-31,,Dataset end
16110,20241231,BUTTE STATE BANK,2024-12-31,,Dataset end
16111,20241231,HIGHLAND BANK,2024-12-31,,Dataset end
16114,20241231,FARMERS STATE BANK&TRUST CO,2024-12-31,,Dataset end
16116,20241231,NEBRASKA BANK,2024-12-31,,Dataset end
16120,20241231,RILEY STB OF RILEY KANSAS,2024-12-31,,Dataset end
16125,20241231,EASTERN COLORADO BANK,2024-12-31,,Dataset end
16126,20241231,CITIZENS BANK OF THE MIDWEST,2024-12-31,,Dataset end
16127,20241231,FNB COMMUNITY BANK,2024-12-31,,Dataset end
16130,20241231,FIRST NATIONAL BANK ALASKA,2024-12-31,,Dataset end
16151,20241231,STATE BANK,2024-12-31,,Dataset end
16152,20241231,PEOPLES BANK,2024-12-31,,Dataset end
16154,20241231,BANK OF ELGIN,2024-12-31,,Dataset end
16160,20241231,WAUKESHA STATE BANK,2024-12-31,,Dataset end
16161,20241231,CAMPBELL COUNTY BANK INC,2024-12-31,,Dataset end
16162,20241231,FIRST STATE BANK OF PURDY,2024-12-31,,Dataset end
16167,20241231,METAMORA STATE BANK,2024-12-31,,Dataset end
16170,20210630,SAINTS AVENUE BANK,2021-06-30,,Institution stops before dataset end
16175,20241231,WEST ALABAMA BANK&TRUST,2024-12-31,,Dataset end
16176,20241231,JOHNSON CITY BANK,2024-12-31,,Dataset end
16177,20241231,FIRST STATE BANK,2024-12-31,,Dataset end
16185,20241231,SAMSON BANKING CO INC,2024-12-31,,Dataset end
16187,20210930,CITIZENS STB OF FINLEY,2021-09-30,,Institution stops before dataset end
16191,20241231,STOCKMAN BANK OF MONTANA,2024-12-31,,Dataset end
16193,20230630,ROCKHOLD BANK,2023-06-30,,Institution stops before dataset end
16198,20241231,MASON CITY NATIONAL BANK,2024-12-31,,Dataset end
16201,20241231,BANK OF WOLCOTT,2024-12-31,,Dataset end
16216,20241231,FARMERS&MERCHANTS BANK,2024-12-31,,Dataset end
16221,20241231,RELIABANK DAKOTA,2024-12-31,,Dataset end
16222,20241231,SHERWOOD STATE BANK,2024-12-31,,Dataset end
16228,20241231,WHEELER COUNTY STATE BANK,2024-12-31,,Dataset end
16231,20241231,DAKOTA HERITAGE BANK,2024-12-31,,Dataset end
16243,20241231,BANK OF EASTERN OREGON,2024-12-31,,Dataset end
16246,20241231,COMMERCIAL BANKING CO,2024-12-31,,Dataset end
16247,20241231,NEIGHBORS BANK,2024-12-31,,Dataset end
16249,20241231,DEVON BANK,2024-12-31,,Dataset end
16250,20241231,MARQUETTE BANK,2024-12-31,,Dataset end
16265,20241231,PEOPLES BANK,2024-12-31,,Dataset end
16275,20241231,CITIZENS BANK OF COCHRAN,2024-12-31,,Dataset end
16276,20241231,BANK OF HILLSBORO NA,2024-12-31,,Dataset end
16281,20241231,BANK OF LUMBER CITY,2024-12-31,,Dataset end
16282,20241231,BANK OF BEARDEN,2024-12-31,,Dataset end
16283,20241231,SOUTH COAST BANK&TRUST,2024-12-31,,Dataset end
16288,20241231,SOUTHERN BANK,2024-12-31,,Dataset end
16307,20241231,MANUFACTURERS BANK&TRUST CO,2024-12-31,,Dataset end
16318,20241231,MARSEILLES BANK,2024-12-31,,Dataset end
16330,20241231,BATTLE CREEK STATE BANK,2024-12-31,,Dataset end
16332,20241231,FIRST STATE BANK&TRUST,2024-12-31,810.0,Dataset end
16333,20241231,FIRST STATE BANK,2024-12-31,,Dataset end
16334,20241231,FIRST STATE BANK OF ODEM,2024-12-31,,Dataset end
16339,20241231,TRI-COUNTY BANK,2024-12-31,,Dataset end
16344,20241231,STATE BANK OF PEARL CITY,2024-12-31,,Dataset end
16363,20241231,CAPRA BANK,2024-12-31,,Dataset end
16369,20241231,CITIZENS BANK,2024-12-31,,Dataset end
16370,20241231,HICKSVILLE BANK,2024-12-31,,Dataset end
16379,20211231,SPRINGFIELD STATE BANK,2021-12-31,,Institution stops before dataset end
16386,20241231,BRANTLEY BANK&TRUST CO,2024-12-31,,Dataset end
16389,20241231,BANK OF TRAVELERS REST,2024-12-31,,Dataset end
16394,20241231,TABLE GROVE STATE BANK,2024-12-31,,Dataset end
16395,20240630,SECURITY BANK,2024-06-30,,Institution stops before dataset end
16396,20241231,LAFAYETTE STATE BANK,2024-12-31,,Dataset end
16402,20241231,BENNINGTON STATE BANK,2024-12-31,810.0,Dataset end
16410,20241231,ANDOVER STATE BANK,2024-12-31,,Dataset end
16413,20241231,BANK OF STRONGHURST,2024-12-31,,Dataset end
16414,20200930,VIRGINIA BANK&TRUST CO,2020-09-30,,Institution stops before dataset end
16416,20241231,FSNB NATIONAL ASSN,2024-12-31,,Dataset end
16417,20241231,CITIZENS BANK&TRUST CO,2024-12-31,,Dataset end
16418,20241231,BANKSOUTH,2024-12-31,,Dataset end
16423,20221231,LA MONTE COMMUNITY BANK,2022-12-31,,Institution stops before dataset end
16432,20220930,WALKER STATE BANK,2022-09-30,,Institution stops before dataset end
16436,20241231,CENTERA BANK,2024-12-31,,Dataset end
16438,20210930,NXT BANK,2021-09-30,,Institution stops before dataset end
16440,20241231,FARMERS&MERCHANTS BANK,2024-12-31,,Dataset end
16442,20220331,CITIZENS BANK OF FLORIDA,2022-03-31,,Institution stops before dataset end
16448,20241231,SECURITY STATE BANK,2024-12-31,,Dataset end
16450,20241231,BUSEY BANK,2024-12-31,,Dataset end
16453,20241231,WHITESVILLE STATE BANK,2024-12-31,,Dataset end
16464,20241231,MERCHANTS&PLANTERS BANK,2024-12-31,,Dataset end
16470,20241231,JEFFERSON BANK,2024-12-31,,Dataset end
16471,20241231,KENDALL BANK,2024-12-31,,Dataset end
16472,20230630,GARY STATE BANK,2023-06-30,,Institution stops before dataset end
16473,20241231,FIRST BANK,2024-12-31,,Dataset end
16477,20241231,STATE BANK OF LAKOTA,2024-12-31,,Dataset end
16479,20230630,LONGVIEW BANK&TRUST,2023-06-30,,Institution stops before dataset end
16483,20200630,POPLAR GROVE STATE BANK,2020-06-30,820.0,Institution stops before dataset end
16501,20241231,FIRST BANKERS TRUST CO NA,2024-12-31,,Dataset end
16511,20210930,TRI-STATE BANK OF MEMPHIS,2021-09-30,,Institution stops before dataset end
16516,20241231,NEBRASKA STATE BANK,2024-12-31,,Dataset end
16527,20200930,BANK OF GLEN ULLIN,2020-09-30,,Institution stops before dataset end
16539,20241231,METAIRIE BANK&TRUST CO,2024-12-31,,Dataset end
16546,20241231,JD BANK,2024-12-31,,Dataset end
16547,20241231,BANK PLUS,2024-12-31,,Dataset end
16553,20241231,ELKHORN VALLEY BANK&TRUST,2024-12-31,,Dataset end
16561,20241231,STATE BANK OF EASTON,2024-12-31,,Dataset end
16571,20241231,BMO BANK NATIONAL ASSN,2024-12-31,,Dataset end
16581,20241231,CITIZENS STATE BANK,2024-12-31,,Dataset end
16583,20241231,STATE BANK OF BURRTON,2024-12-31,,Dataset end
16584,20241231,CARVER STATE BANK,2024-12-31,,Dataset end
16585,20241231,VERMONT STATE BANK,2024-12-31,,Dataset end
16595,20241231,CCB COMMUNITY BANK,2024-12-31,,Dataset end
16600,20241231,FIRST STATE BANK,2024-12-31,,Dataset end
16601,20241231,BANK NORTHWEST,2024-12-31,,Dataset end
16603,20241231,PEOPLES BANK,2024-12-31,,Dataset end
16604,20241231,BANK INDEPENDENT,2024-12-31,,Dataset end
16609,20241231,ROCHELLE STATE BANK,2024-12-31,,Dataset end
16612,20241231,FNB PICAYUNE BANK,2024-12-31,,Dataset end
16620,20241231,UNION BANK INC,2024-12-31,,Dataset end
16629,20241231,ESB FINANCIAL,2024-12-31,,Dataset end
16635,20241231,LUMINATE BANK,2024-12-31,,Dataset end
16636,20241231,TORRINGTON SAVINGS BANK,2024-12-31,,Dataset end
16643,20241231,FIRST STATE BANK,2024-12-31,,Dataset end
16652,20241231,SOUTHWEST BANK,2024-12-31,,Dataset end
16656,20241231,SECURITY STB OF AITKIN,2024-12-31,,Dataset end
16659,20241231,NORTHEAST BANK,2024-12-31,,Dataset end
16664,20241231,PADUCAH BANK&TRUST CO,2024-12-31,,Dataset end
16666,20241231,ITASCA BANK&TRUST CO,2024-12-31,,Dataset end
16667,20241231,WASHINGTON STATE BANK,2024-12-31,,Dataset end
16689,20241231,GIBSLAND BANK&TRUST CO,2024-12-31,,Dataset end
16695,20241231,FIRST STATE BANK,2024-12-31,,Dataset end
16704,20241231,BANKWEST,2024-12-31,,Dataset end
16707,20241231,SOUTH CENTRAL STATE BANK,2024-12-31,,Dataset end
16717,20211231,FARMERS&TRADERS SAVINGS BANK,2021-12-31,,Institution stops before dataset end
16720,20241231,WESTERN BANK,2024-12-31,,Dataset end
16723,20241231,CAROLINA BANK&TRUST CO,2024-12-31,,Dataset end
16733,20241231,NORTH STAR BANK,2024-12-31,,Dataset end
16744,20241231,PEOPLES STATE BANK,2024-12-31,,Dataset end
16748,20200930,FIRST CITY BANK OF FLORIDA,2020-09-30,,Institution stops before dataset end
16752,20241231,NATIONAL BANK OF ST ANNE,2024-12-31,,Dataset end
16753,20241231,CITIZENS STATE BANK,2024-12-31,,Dataset end
16757,20241231,CAMPBELL&FETTER BANK,2024-12-31,,Dataset end
16778,20241231,FRANKLIN STATE BANK,2024-12-31,,Dataset end
16780,20241231,GREAT OAKS BANK,2024-12-31,,Dataset end
16788,20241231,UNION STATE BANK,2024-12-31,,Dataset end
16795,20241231,ALL CAPITAL BANK,2024-12-31,,Dataset end
16810,20241231,FARMERS&MERCHANTS BANK,2024-12-31,,Dataset end
16817,20241231,CITIZENS BANK,2024-12-31,,Dataset end
16820,20241231,BANK OF GLEN BURNIE,2024-12-31,,Dataset end
16825,20241231,SUNMARK COMMUNITY BANK,2024-12-31,,Dataset end
16835,20241231,PROSPERITY BANK,2024-12-31,810.0,Dataset end
16840,20241231,RIVER FALLS STATE BANK,2024-12-31,,Dataset end
16849,20241231,FIRST ARKANSAS BANK&TRUST,2024-12-31,,Dataset end
16852,20241231,CITIZENS DEP BK ARLINGTON,2024-12-31,,Dataset end
16854,20241231,COMMUNITY 1ST BANK LAS VEGAS,2024-12-31,,Dataset end
16858,20241231,FIRST AMERICAN BANK&TRUST CO,2024-12-31,,Dataset end
16859,20210630,FIRST NB OF CHADRON,2021-06-30,810.0,Institution stops before dataset end
16863,20241231,CITIZENS INDEPENDENT BANK,2024-12-31,,Dataset end
16866,20241231,WEST TEXAS STATE BANK,2024-12-31,,Dataset end
16868,20241231,CORN GROWERS STATE BANK,2024-12-31,,Dataset end
16889,20241231,UNITED COMMUNITY BANK,2024-12-31,,Dataset end
16891,20241231,PILGRIM BANK,2024-12-31,,Dataset end
16895,20241231,FIRST STATE BANK OF BEDIAS,2024-12-31,,Dataset end
16897,20241231,F&M BANK,2024-12-31,,Dataset end
16900,20241231,PRINCEVILLE STATE BANK,2024-12-31,,Dataset end
16905,20240930,BANK OF ORCHARD,2024-09-30,,Institution stops before dataset end
16906,20241231,STATE BANK OF TAUNTON,2024-12-31,,Dataset end
16908,20241231,SSB BANK,2024-12-31,,Dataset end
16910,20241231,22ND STATE BANK,2024-12-31,,Dataset end
16916,20241231,F&M BANK&TRUST CO,2024-12-31,,Dataset end
16924,20210930,CENTRAL BANK OF BRANSON,2021-09-30,,Institution stops before dataset end
16934,20241231,CITIZENS STATE BANK,2024-12-31,,Dataset end
16941,20241231,FARMERS STATE BANK,2024-12-31,,Dataset end
16953,20241231,BANK OF CLARKS,2024-12-31,,Dataset end
16958,20241231,MINNWEST BANK,2024-12-31,,Dataset end
16959,20241231,BANK OF BILLINGS,2024-12-31,,Dataset end
16968,20241231,PEOPLES BANK,2024-12-31,,Dataset end
16970,20241231,PEOPLES BANK OF KENTUCKY INC,2024-12-31,,Dataset end
16971,20241231,SOLUTIONS NORTH BANK,2024-12-31,810.0,Dataset end
16976,20241231,COMMUNITY STB OF ORBISONIA,2024-12-31,,Dataset end
16980,20241231,BANK OF COLORADO,2024-12-31,,Dataset end
16982,20241231,BANK OF PONTIAC,2024-12-31,,Dataset end
17001,20241231,FIRST SECURITY BANK&TRUST CO,2024-12-31,,Dataset end
17009,20241231,CENTRAL BANK OF KANSAS CITY,2024-12-31,,Dataset end
17011,20241231,FNB SOUTH,2024-12-31,,Dataset end
17040,20241231,WILSON&MUIR BANK&TRUST CO,2024-12-31,,Dataset end
17062,20241231,STATE BANK OF BELLINGHAM,2024-12-31,,Dataset end
17068,20241231,LABETTE BANK,2024-12-31,,Dataset end
17073,20241231,PEOPLES BANK,2024-12-31,,Dataset end
17077,20241231,FIRST US BANK,2024-12-31,,Dataset end
17089,20220930,PERSONS BANKING CO,2022-09-30,,Institution stops before dataset end
17093,20230630,FIRST NB OF SOUTH MIAMI,2023-06-30,,Institution stops before dataset end
17094,20241231,HOMEBANK TEXAS,2024-12-31,,Dataset end
17096,20241231,LIBERTY STATE BANK,2024-12-31,,Dataset end
17108,20241231,COMMUNITY B&T WACO TEXAS,2024-12-31,,Dataset end
17114,20230331,GORHAM STATE BANK,2023-03-31,,Institution stops before dataset end
17115,20241231,PARTNERS BANK OF NEW ENGLAND,2024-12-31,,Dataset end
17120,20241231,FIRST SECURITY BANK,2024-12-31,,Dataset end
17122,20241231,LAKE COUNTRY COMMUNITY BANK,2024-12-31,,Dataset end
17123,20241231,ARTISANS BANK,2024-12-31,,Dataset end
17126,20240331,WILCOX COUNTY STATE BANK,2024-03-31,,Institution stops before dataset end
17128,20241231,INTERCITY STATE BANK,2024-12-31,,Dataset end
17138,20241231,PEOPLES STATE BANK,2024-12-31,,Dataset end
17145,20241231,HERITAGE BANK,2024-12-31,,Dataset end
17159,20241231,BANK OF UTAH,2024-12-31,,Dataset end
17160,20241231,COTTONWOOD VALLEY BANK,2024-12-31,,Dataset end
17162,20241231,DAIRY STATE BANK,2024-12-31,,Dataset end
17169,20241231,STATE BANK&TRUST CO,2024-12-31,,Dataset end
17174,20241231,PEOPLES STB FAIRMOUNT N D,2024-12-31,,Dataset end
17180,20241231,MEREDITH VILLAGE SB,2024-12-31,,Dataset end
17190,20241231,BANK OF CAMILLA,2024-12-31,,Dataset end
17193,20241231,WARRINGTON BANK,2024-12-31,,Dataset end
17205,20241231,POTTER STATE BANK OF POTTER,2024-12-31,,Dataset end
17208,20240930,TSB BANK,2024-09-30,,Institution stops before dataset end
17211,20241231,CITIZENS BANK,2024-12-31,,Dataset end
17214,20241231,CITIZENS STATE BANK,2024-12-31,,Dataset end
17224,20241231,FIRST SECURITY T&SB,2024-12-31,,Dataset end
17229,20241231,HENDERSON STATE BANK,2024-12-31,810.0,Dataset end
17230,20241231,ALBANY B&T CO NA,2024-12-31,,Dataset end
17232,20241231,SIDNEY STATE BANK,2024-12-31,,Dataset end
17241,20241231,NORTH CENTRAL BANK,2024-12-31,,Dataset end
17244,20231231,BANK OF DENVER,2023-12-31,,Institution stops before dataset end
17259,20241231,ST ANSGAR STATE BANK,2024-12-31,,Dataset end
17262,20241231,ESSEX SAVINGS BANK,2024-12-31,,Dataset end
17266,20241231,UMPQUA BANK,2024-12-31,810.0,Dataset end
17280,20241231,BANK OF TIOGA,2024-12-31,,Dataset end
17281,20241231,CITY NATIONAL BANK,2024-12-31,,Dataset end
17282,20241231,BANKIOWA,2024-12-31,,Dataset end
17302,20210630,TITONKA SAVINGS BANK,2021-06-30,,Institution stops before dataset end
17308,20241231,CENTRAL PACIFIC BANK,2024-12-31,,Dataset end
17317,20241231,GOPPERT STATE SERVICE BANK,2024-12-31,,Dataset end
17320,20241231,PEOPLES BANK&TRUST,2024-12-31,810.0,Dataset end
17323,20241231,FIRST STATE COMMUNITY BANK,2024-12-31,,Dataset end
17327,20241231,BANK OF DICKSON,2024-12-31,,Dataset end
17347,20210930,IOWA PRAIRIE BANK,2021-09-30,,Institution stops before dataset end
17348,20241231,SOUTH STORY BANK&TRUST,2024-12-31,,Dataset end
17350,20241231,FIRST STB OF SAN DIEGO,2024-12-31,,Dataset end
17369,20241231,CARSON BANK,2024-12-31,,Dataset end
17374,20241231,MID-AMERICA BANK,2024-12-31,,Dataset end
17375,20241231,STATE EXCHANGE BANK,2024-12-31,,Dataset end
17388,20241231,M C BANK&TRUST CO,2024-12-31,,Dataset end
17393,20241231,GERMAN AMERICAN BANK,2024-12-31,,Dataset end
17395,20201231,LORRAINE STATE BANK,2020-12-31,,Institution stops before dataset end
17399,20241231,IMPACT BANK,2024-12-31,,Dataset end
17401,20210331,WENONA STATE BANK,2021-03-31,,Institution stops before dataset end
17403,20241231,HAVILAND STATE BANK,2024-12-31,,Dataset end
17410,20241231,BENDENA STATE BANK,2024-12-31,,Dataset end
17411,20241231,MOUNTAIN VALLEY BANK,2024-12-31,,Dataset end
17431,20241231,STONE BANK,2024-12-31,,Dataset end
17437,20241231,DACOTAH BANK,2024-12-31,,Dataset end
17438,20241231,FIRST NB OF AMERICA,2024-12-31,,Dataset end
17441,20241231,DYSART STATE BANK,2024-12-31,,Dataset end
17443,20241231,PISCATAQUA SAVINGS BANK,2024-12-31,,Dataset end
17444,20220930,FARMERS&MERCHANTS BANK,2022-09-30,,Institution stops before dataset end
17445,20241231,COMMUNITY BANK,2024-12-31,,Dataset end
17446,20241231,MAVERICK BANK,2024-12-31,,Dataset end
17450,20241231,DEFIANCE STATE BANK,2024-12-31,,Dataset end
17451,20241231,HALSTEAD BANK,2024-12-31,,Dataset end
17453,20241231,APPLE RIVER STATE BANK,2024-12-31,,Dataset end
17470,20241231,FIRST BANK CHICAGO,2024-12-31,,Dataset end
17474,20201231,FIRST BANK OF MULESHOE,2020-12-31,,Institution stops before dataset end
17477,20241231,UNITED BANK&TRUST,2024-12-31,,Dataset end
17478,20241231,FIRSTIER BANK,2024-12-31,,Dataset end
17491,20241231,PLAINSCAPITAL BANK,2024-12-31,,Dataset end
17509,20241231,FIRST STB OF THE FL KEYS,2024-12-31,,Dataset end
17513,20241231,FISHER NATIONAL BANK,2024-12-31,810.0,Dataset end
17514,20241231,BANTERRA BANK,2024-12-31,,Dataset end
17534,20241231,KEYBANK NATIONAL ASSN,2024-12-31,,Dataset end
17543,20241231,BANK OF DADE,2024-12-31,,Dataset end
17551,20241231,COMMUNITY STATE BANK,2024-12-31,,Dataset end
17563,20241231,PALMETTO STATE BANK,2024-12-31,,Dataset end
17569,20241231,BANK OF DENTON,2024-12-31,,Dataset end
17572,20241231,FIRST NB IN TAYLORVILLE,2024-12-31,,Dataset end
17580,20241231,FNBT BANK,2024-12-31,,Dataset end
17587,20241231,SIMMESPORT STATE BANK,2024-12-31,,Dataset end
17588,20241231,FIRST STATE BANK,2024-12-31,,Dataset end
17589,20241231,CULBERTSON BANK,2024-12-31,,Dataset end
17603,20241231,NATIONAL BANK OF ANDREWS,2024-12-31,,Dataset end
17607,20241231,CITY STATE BANK,2024-12-31,,Dataset end
17612,20241231,CENTRAL BANK,2024-12-31,,Dataset end
17614,20241231,FARMERS BANK&TRUST,2024-12-31,,Dataset end
17621,20241231,BASILE STATE BANK,2024-12-31,,Dataset end
17622,20241231,ALDEN STATE BANK,2024-12-31,,Dataset end
17629,20241231,FARMERS STB OF BLUE MOUND,2024-12-31,,Dataset end
17632,20241231,FARMERS STATE BANK,2024-12-31,,Dataset end
17633,20210930,CENTRAL BANK OF THE OZARKS,2021-09-30,,Institution stops before dataset end
17636,20241231,ASTRA BANK,2024-12-31,,Dataset end
17639,20241231,RVR BANK,2024-12-31,,Dataset end
17643,20241231,FIRST NATIONAL BANK,2024-12-31,,Dataset end
17650,20241231,STOCKGROWERS STB ASHLAND KS,2024-12-31,,Dataset end
17652,20230630,ALDEN STATE BANK,2023-06-30,,Institution stops before dataset end
17658,20241231,NORWAY SAVINGS BANK,2024-12-31,,Dataset end
17661,20241231,FIRST STATE BANK OF HEALY,2024-12-31,,Dataset end
17671,20241231,BANK OF PRAIRIE VILLAGE,2024-12-31,,Dataset end
17672,20241231,CITIZENS STATE BANK,2024-12-31,,Dataset end
17676,20241231,LEGACY BANK,2024-12-31,,Dataset end
17685,20241231,OUTDOOR BANK,2024-12-31,,Dataset end
17690,20200630,SOUTH PORTE BANK,2020-06-30,,Institution stops before dataset end
17713,20211231,DURAND STATE BANK,2021-12-31,,Institution stops before dataset end
17733,20210331,SECURITY STB OF FERGUS FALLS,2021-03-31,,Institution stops before dataset end
17734,20241231,DLP BANK,2024-12-31,,Dataset end
17735,20241231,CITY NB OF WEST VIRGINIA,2024-12-31,,Dataset end
17736,20241231,HOMETOWN SAVINGS BANK,2024-12-31,810.0,Dataset end
17739,20241231,PLAINS STATE BANK,2024-12-31,,Dataset end
17741,20241231,MAINE COMMUNITY BANK,2024-12-31,,Dataset end
17743,20241231,SACO&BIDDEFORD SVG INST,2024-12-31,,Dataset end
17748,20241231,GORHAM SAVINGS BANK,2024-12-31,,Dataset end
17749,20241231,BATH SAVINGS INSTITUTION,2024-12-31,,Dataset end
17751,20241231,ANDROSCOGGIN SAVINGS BANK,2024-12-31,,Dataset end
17759,20241231,BALTIC STATE BANK,2024-12-31,,Dataset end
17764,20241231,CENTREVILLE BANK,2024-12-31,,Dataset end
17767,20241231,GUARANTY BANK&TRUST CO,2024-12-31,,Dataset end
17769,20241231,BANK OF HAYS,2024-12-31,,Dataset end
17773,20241231,BLUE RIDGE BANK,2024-12-31,,Dataset end
17775,20241231,FIRST STATE BANK,2024-12-31,,Dataset end
17782,20241231,PIKES PEAK NATIONAL BANK,2024-12-31,,Dataset end
17797,20241231,ROLLSTONE BANK&TRUST,2024-12-31,,Dataset end
17798,20241231,BROOKLINE BANK,2024-12-31,,Dataset end
17809,20241231,CITIZENS BANK,2024-12-31,,Dataset end
17811,20241231,FIRST NB IN PORT LAVACA,2024-12-31,,Dataset end
17813,20241231,BANK OF HAZELTON,2024-12-31,,Dataset end
17825,20241231,BOELUS STATE BANK,2024-12-31,,Dataset end
17830,20241231,CITIZENS BANK OF CHARLESTON,2024-12-31,,Dataset end
17832,20241231,KAW VALLEY STATE B&T CO,2024-12-31,,Dataset end
17838,20241231,WILMINGTON SVG FUND SOCIETY,2024-12-31,810.0,Dataset end
17841,20241231,VERMILION BANK&TRUST CO,2024-12-31,,Dataset end
17842,20241231,TEXAS BANK&TRUST CO,2024-12-31,,Dataset end
17856,20200331,FIRST STATE BANK,2020-03-31,,Institution stops before dataset end
17863,20241231,STERLING STATE BANK,2024-12-31,,Dataset end
17870,20241231,CAMBRIDGE SAVINGS BANK,2024-12-31,,Dataset end
17872,20241231,FIRST NATIONAL BANK CORTEZ,2024-12-31,,Dataset end
17878,20241231,BANK OF LOUISIANA,2024-12-31,,Dataset end
17881,20241231,FREEDOM BANK,2024-12-31,,Dataset end
17884,20210630,FIRST STATE BANK,2021-06-30,,Institution stops before dataset end
17897,20241231,KENNEBEC SAVINGS BANK,2024-12-31,,Dataset end
17903,20241231,MAQUOKETA STATE BANK,2024-12-31,,Dataset end
17906,20241231,AMERICAN BANK&TRUST CO,2024-12-31,,Dataset end
17910,20241231,MORRIS BANK,2024-12-31,,Dataset end
17913,20241231,FIRST NB OF FORT STOCKTON,2024-12-31,,Dataset end
17922,20241231,STRASBURG STATE BANK,2024-12-31,,Dataset end
17927,20241231,VINTAGE BANK KANSAS,2024-12-31,,Dataset end
17933,20241231,BLUE RIDGE BANK&TRUST CO,2024-12-31,,Dataset end
17937,20241231,FRANKLIN BANK&TRUST CO,2024-12-31,,Dataset end
17943,20241231,LIBERTY BANK,2024-12-31,,Dataset end
17950,20241231,FIRST STATE BANK,2024-12-31,,Dataset end
17951,20241231,FRANKLIN SAVINGS BANK,2024-12-31,,Dataset end
17953,20220630,SANDHILLS BANK,2022-06-30,,Institution stops before dataset end
17959,20241231,DOLORES STATE BANK,2024-12-31,,Dataset end
17960,20241231,MERRIMACK COUNTY SB,2024-12-31,,Dataset end
17964,20241231,STATE BANK OF SOUTHERN UTAH,2024-12-31,,Dataset end
17975,20241231,COMMERCIAL BANK OF OZARK,2024-12-31,,Dataset end
17979,20241231,CASTROVILLE STATE BANK,2024-12-31,,Dataset end
17982,20241231,WALTON STATE BANK,2024-12-31,,Dataset end
17985,20241231,FIRST HAWAIIAN BANK,2024-12-31,,Dataset end
17993,20241231,KEYSTONE SAVINGS BANK,2024-12-31,,Dataset end
17995,20241231,BANK OF GREELEY,2024-12-31,,Dataset end
18012,20241231,BANK OF NEW HAMPSHIRE,2024-12-31,,Dataset end
18013,20241231,MASCOMA BANK,2024-12-31,,Dataset end
18019,20241231,PATRIOTS BANK,2024-12-31,,Dataset end
18028,20241231,SUGAR RIVER BANK,2024-12-31,,Dataset end
18030,20241231,SAVINGS BANK OF WALPOLE,2024-12-31,,Dataset end
18031,20241231,WOODSVILLE GUARANTY SB,2024-12-31,,Dataset end
18033,20241231,SECURITY BANK OF THE OZARKS,2024-12-31,810.0,Dataset end
18038,20241231,CLAREMONT SAVINGS BANK,2024-12-31,,Dataset end
18053,20241231,BANK OF HAWAII,2024-12-31,,Dataset end
18059,20241231,BANK OF COMMERCE,2024-12-31,,Dataset end
18063,20241231,COREBANK,2024-12-31,,Dataset end
18071,20241231,WATKINS SAVINGS BANK,2024-12-31,,Dataset end
18089,20230630,PIQUA STATE BANK,2023-06-30,,Institution stops before dataset end
18094,20241231,MARQUETTE FARMERS STB MARQUE,2024-12-31,,Dataset end
18100,20241231,COREFIRST BANK&TRUST,2024-12-31,,Dataset end
18101,20241231,FARMERS STB OF BUCKLIN KS,2024-12-31,,Dataset end
18109,20241231,TRICENTURY BANK,2024-12-31,,Dataset end
18118,20241231,BANK OF THE PLAINS,2024-12-31,810.0,Dataset end
18120,20241231,FARMERS STB OF ALICEVILLE KS,2024-12-31,,Dataset end
18129,20241231,BANKNEWPORT,2024-12-31,,Dataset end
18132,20241231,PEARLAND STATE BANK,2024-12-31,,Dataset end
18136,20241231,FIRST NB OF WAUCHULA,2024-12-31,,Dataset end
18143,20241231,OCONEE STATE BANK,2024-12-31,810.0,Dataset end
18145,20241231,STATE BANK OF EAGLE BUTTE,2024-12-31,,Dataset end
18150,20230930,FIRST NB OF JASPER,2023-09-30,,Institution stops before dataset end
18155,20241231,BRIDGE CITY STATE BANK,2024-12-31,,Dataset end
18164,20241231,GARFIELD COUNTY BANK,2024-12-31,,Dataset end
18165,20241231,STOCKGROWERS STATE BANK,2024-12-31,,Dataset end
18171,20241231,BANK OF O FALLON,2024-12-31,,Dataset end
18185,20241231,COMMUNITY NB&T OF TEXAS,2024-12-31,,Dataset end
18190,20241231,UNION SAVINGS BANK,2024-12-31,,Dataset end
18194,20241231,GUILFORD SAVINGS BANK,2024-12-31,,Dataset end
18198,20241231,ION BANK,2024-12-31,,Dataset end
18199,20241231,NEWTOWN SAVINGS BANK,2024-12-31,,Dataset end
18200,20241231,DIME BANK,2024-12-31,,Dataset end
18204,20241231,FIRST COUNTY BANK,2024-12-31,,Dataset end
18209,20201231,LITCHFIELD BCORP,2020-12-31,,Institution stops before dataset end
18213,20241231,FAIRFIELD COUNTY BANK,2024-12-31,,Dataset end
18216,20241231,TEJAS BANK,2024-12-31,,Dataset end
18221,20241231,WEBSTER BANK NATIONAL ASSN,2024-12-31,,Dataset end
18223,20201231,COLLINSVILLE BANK,2020-12-31,,Institution stops before dataset end
18227,20241231,STAFFORD SAVINGS BANK,2024-12-31,,Dataset end
18229,20241231,NORTHWEST COMMUNITY BANK,2024-12-31,,Dataset end
18237,20241231,JEWETT CITY SAVINGS BANK,2024-12-31,,Dataset end
18238,20241231,CHELSEA GROTON BANK,2024-12-31,,Dataset end
18240,20200331,PUTNAM BANK,2020-03-31,,Institution stops before dataset end
18258,20241231,THOMASTON SAVINGS BANK,2024-12-31,,Dataset end
18266,20241231,NORTHERN BANK&TRUST CO,2024-12-31,,Dataset end
18272,20241231,COMMUNITY STATE BANK,2024-12-31,,Dataset end
18282,20241231,FIRST NATIONAL BANK OF ALVIN,2024-12-31,,Dataset end
18284,20241231,FARMERS SAVINGS BANK,2024-12-31,,Dataset end
18296,20241231,HAWAII NATIONAL BANK,2024-12-31,,Dataset end
18297,20241231,SOUTHSIDE BANK,2024-12-31,,Dataset end
18301,20241231,FIRST STATE BANK,2024-12-31,,Dataset end
18302,20241231,POWELL STATE BANK,2024-12-31,,Dataset end
18342,20241231,BOSTON TRUST WALDEN CO,2024-12-31,,Dataset end
18344,20241231,UBANK,2024-12-31,,Dataset end
18355,20241231,NORTH DALLAS BANK&TRUST CO,2024-12-31,,Dataset end
18356,20241231,CITIZENS STATE BANK,2024-12-31,,Dataset end
18361,20241231,COULEE BANK,2024-12-31,,Dataset end
18374,20241231,SECURITY STATE BANK,2024-12-31,810.0,Dataset end
18378,20241231,SECURITY STB OF WANAMINGO,2024-12-31,,Dataset end
18380,20241231,FIRST INDEPENDENT BANK,2024-12-31,,Dataset end
18384,20241231,NORTHEAST SECURITY BANK,2024-12-31,,Dataset end
18385,20241231,REGIONAL MISSOURI BANK,2024-12-31,,Dataset end
18389,20241231,WESTERN COMMERCE BANK,2024-12-31,810.0,Dataset end
18394,20241231,FARMERS SAVINGS BANK,2024-12-31,,Dataset end
18400,20241231,IOWA TRUST&SAVINGS BANK,2024-12-31,,Dataset end
18402,20241231,BLACKHAWK BANK&TRUST,2024-12-31,,Dataset end
18408,20241231,BANGOR SAVINGS BANK,2024-12-31,,Dataset end
18409,20241231,TD BANK NATIONAL ASSN,2024-12-31,,Dataset end
18429,20241231,MORTON COMMUNITY BANK,2024-12-31,810.0,Dataset end
18431,20241231,FIRST BANK KANSAS,2024-12-31,,Dataset end
18443,20241231,CUSB BANK,2024-12-31,,Dataset end
18448,20241231,SECURITY STATE BANK,2024-12-31,,Dataset end
18454,20241231,ZAPATA NATIONAL BANK,2024-12-31,,Dataset end
18463,20241231,HERITAGE BANK,2024-12-31,,Dataset end
18467,20230630,SALISBURY BANK&TRUST CO,2023-06-30,,Institution stops before dataset end
18474,20241231,FIRST KANSAS BANK,2024-12-31,,Dataset end
18483,20241231,ANDES STATE BANK,2024-12-31,,Dataset end
18487,20221231,TOWN&COUNTRY BANK,2022-12-31,,Institution stops before dataset end
18489,20241231,ADAMS BANK&TRUST,2024-12-31,,Dataset end
18503,20241231,CATHAY BANK,2024-12-31,,Dataset end
18508,20241231,FIRST SECURITY STATE BANK,2024-12-31,,Dataset end
18509,20210930,WEST SUBURBAN BANK,2021-09-30,,Institution stops before dataset end
18514,20241231,FIRST NEW MEXICO BANK,2024-12-31,,Dataset end
18518,20241231,WESTSIDE STATE BANK,2024-12-31,,Dataset end
18519,20241231,FIRST SERVICE BANK,2024-12-31,,Dataset end
18528,20210630,MAINSTREET BANK,2021-06-30,,Institution stops before dataset end
18561,20241231,SUNRISE BANKS NATIONAL ASSN,2024-12-31,820.0,Dataset end
18564,20241231,FIRST NB OF BROOKFIELD,2024-12-31,820.0,Dataset end
18566,20241231,PEOPLES BK OF KANKAKEE CNTY,2024-12-31,,Dataset end
18568,20241231,COMMUNITY BANK OF EASTON,2024-12-31,,Dataset end
18569,20241231,PEOPLES STATE BANK,2024-12-31,,Dataset end
18576,20241231,BANK OF TEXAS,2024-12-31,,Dataset end
18584,20241231,COMMERCIAL BANK,2024-12-31,,Dataset end
18592,20241231,FIRST BANK OF OWASSO,2024-12-31,,Dataset end
18600,20231231,SUNSOUTH BANK,2023-12-31,,Institution stops before dataset end
18609,20241231,AMERICAN BANK OF COMMERCE,2024-12-31,,Dataset end
18610,20241231,UNION STATE BANK OF EVEREST,2024-12-31,,Dataset end
18618,20241231,SMBC MANUBANK,2024-12-31,,Dataset end
18620,20241231,CITIZENS B&T CO OF JACKSON,2024-12-31,,Dataset end
18641,20241231,FIRST B&T CO OF ILLINOIS,2024-12-31,,Dataset end
18660,20241231,CHARTER BANK,2024-12-31,,Dataset end
18677,20241231,VICTORY BANK,2024-12-31,,Dataset end
18698,20241231,TEXAS STATE BANK,2024-12-31,,Dataset end
18710,20241231,NORTH VALLEY BANK,2024-12-31,,Dataset end
18714,20241231,FIRSTBANK,2024-12-31,,Dataset end
18719,20241231,GRAND TIMBER BANK,2024-12-31,,Dataset end
18724,20241231,CITIZENS STATE BANK,2024-12-31,,Dataset end
18734,20241231,NEWTEK BANK NATIONAL ASSN,2024-12-31,820.0,Dataset end
18740,20241231,HEARTLAND BANK,2024-12-31,,Dataset end
18748,20241231,BRUNING BANK,2024-12-31,,Dataset end
18761,20241231,FOUNDATION ONE BANK,2024-12-31,,Dataset end
18780,20241231,SUNDOWN STATE BANK,2024-12-31,,Dataset end
18820,20241231,CEDAR RAPIDS STATE BANK,2024-12-31,,Dataset end
18838,20240930,EXCHANGE STATE BANK,2024-09-30,,Institution stops before dataset end
18841,20241231,PHELPS COUNTY BANK,2024-12-31,,Dataset end
18855,20230630,COLCHESTER STATE BANK,2023-06-30,,Institution stops before dataset end
18856,20241231,OKLAHOMA CAPITAL BANK,2024-12-31,,Dataset end
18858,20241231,HOCKING VALLEY BANK,2024-12-31,,Dataset end
18879,20241231,KENNETT TRUST BANK,2024-12-31,,Dataset end
18880,20241231,FIRST NB OF GILLETTE,2024-12-31,,Dataset end
18885,20241231,NEIGHBORHOOD NATIONAL BANK,2024-12-31,,Dataset end
18889,20241231,COMMUNITY BANK OF TRENTON,2024-12-31,,Dataset end
18892,20241231,KRESS NATIONAL BANK,2024-12-31,,Dataset end
18895,20241231,FIRST NB OF LAKE JACKSON,2024-12-31,,Dataset end
18922,20241231,TRI CITY NATIONAL BANK,2024-12-31,,Dataset end
18924,20241231,OLD GLORY BANK,2024-12-31,,Dataset end
18930,20241231,BANK OF BELLE GLADE,2024-12-31,,Dataset end
18937,20241231,ST MARTIN NATIONAL BANK,2024-12-31,,Dataset end
18942,20241231,BK SAN JACINTO CNTY COLDSPRI,2024-12-31,,Dataset end
18983,20241231,RIVER CITY BANK,2024-12-31,,Dataset end
18987,20200331,FIRST STATE BANK,2020-03-31,,Institution stops before dataset end
19001,20241231,FIRST MIDWEST BANK OF DEXTER,2024-12-31,,Dataset end
19008,20241231,PARKWAY BANK&TRUST CO,2024-12-31,,Dataset end
19011,20241231,LEGACY BANK,2024-12-31,,Dataset end
19024,20241231,COMMERCIAL NB OF TEXARKANA,2024-12-31,,Dataset end
19048,20210930,BBVA USA,2021-09-30,,Institution stops before dataset end
19070,20241231,FIRST NB OF CLARKSDALE,2024-12-31,,Dataset end
19080,20241231,INWOOD NATIONAL BANK,2024-12-31,,Dataset end
19087,20241231,BANK OF LINDSAY,2024-12-31,,Dataset end
19101,20241231,HARFORD BANK,2024-12-31,,Dataset end
19105,20241231,PEOPLES BANK OF MACON,2024-12-31,,Dataset end
19123,20241231,FIRST WESTERN BANK&TRUST,2024-12-31,,Dataset end
19125,20220331,BANK OF THE SOUTH,2022-03-31,,Institution stops before dataset end
19143,20241231,UNITED COMMUNITY BANK,2024-12-31,,Dataset end
19163,20241231,FIRST STATE BANK,2024-12-31,,Dataset end
19184,20241231,HILLTOP NATIONAL BANK,2024-12-31,,Dataset end
19188,20240930,FIRST MINNETONKA CITY BANK,2024-09-30,,Institution stops before dataset end
19200,20220930,MERAMEC VALLEY BANK,2022-09-30,,Institution stops before dataset end
19212,20241231,FIRST MW BANK OF THE OZARKS,2024-12-31,,Dataset end
19213,20241231,SECURITY NB OF OMAHA,2024-12-31,,Dataset end
19215,20241231,BENCHMARK BANK,2024-12-31,,Dataset end
19220,20241231,ANB BANK,2024-12-31,,Dataset end
19222,20241231,FREMONT BANK,2024-12-31,,Dataset end
19226,20230930,FIRST AMERICAN NATIONAL BANK,2023-09-30,,Institution stops before dataset end
19230,20241231,COMMUNITY NB IN MONMOUTH,2024-12-31,,Dataset end
19234,20241231,AMERICAN BANK,2024-12-31,,Dataset end
19254,20241231,HERITAGE BANK NATIONAL ASSN,2024-12-31,,Dataset end
19263,20221231,FIRST NB&T CO OF WEATHERFORD,2022-12-31,,Institution stops before dataset end
19272,20201231,COMMUNITY NATIONAL BANK,2020-12-31,810.0,Institution stops before dataset end
19274,20241231,BANNER CAPITAL BANK,2024-12-31,,Dataset end
19278,20241231,CARMINE STATE BANK,2024-12-31,,Dataset end
19285,20241231,LOGAN BANK&TRUST CO,2024-12-31,,Dataset end
19288,20241231,FIRSTAR BANK,2024-12-31,810.0,Dataset end
19293,20200331,CENTER POINT BANK&TRUST CO,2020-03-31,,Institution stops before dataset end
19300,20241231,AMERICAN NATIONAL BANK,2024-12-31,,Dataset end
19333,20241231,REPUBLIC BANK OF CHICAGO,2024-12-31,,Dataset end
19349,20241231,FIRST MISSOURI BANK OF SEMO,2024-12-31,,Dataset end
19351,20241231,BANK OF ESTES PARK,2024-12-31,,Dataset end
19354,20241231,HODGE BANK&TRUST CO,2024-12-31,,Dataset end
19358,20241231,ROUND TOP STATE BANK,2024-12-31,,Dataset end
19371,20241231,RELYANCE BANK,2024-12-31,,Dataset end
19381,20241231,PARK STATE BANK&TRUST,2024-12-31,,Dataset end
19396,20241231,UNISON BANK,2024-12-31,,Dataset end
19401,20241231,CAPITAL BANK,2024-12-31,,Dataset end
19416,20241231,CTBC BANK CORP USA,2024-12-31,,Dataset end
19420,20241231,CITIZENS BANK OF THE SOUTH,2024-12-31,,Dataset end
19434,20241231,BAC COMMUNITY BANK,2024-12-31,,Dataset end
19440,20241231,FIRST FINANCIAL BANK,2024-12-31,,Dataset end
19448,20241231,BNA BANK,2024-12-31,,Dataset end
19459,20241231,UNITED COMMUNITY BANK,2024-12-31,,Dataset end
19480,20211231,BANK OF TURTLE LAKE,2021-12-31,,Institution stops before dataset end
19482,20241231,CONSUMERS NATIONAL BANK,2024-12-31,,Dataset end
19502,20241231,FIRST NB OF TENNESSEE,2024-12-31,,Dataset end
19506,20241231,BANK OF SPRINGFIELD,2024-12-31,,Dataset end
19512,20241231,ROYAL BANKS OF MISSOURI,2024-12-31,,Dataset end
19515,20220331,BANK OF DONIPHAN,2022-03-31,,Institution stops before dataset end
19525,20241231,MT MCKINLEY BANK,2024-12-31,,Dataset end
19531,20241231,MACHIAS SAVINGS BANK,2024-12-31,,Dataset end
19532,20241231,SKOWHEGAN SAVINGS BANK,2024-12-31,,Dataset end
19540,20241231,PIONEER BANK,2024-12-31,,Dataset end
19544,20241231,MADISON VALLEY BANK,2024-12-31,,Dataset end
19559,20241231,TEXASBANK,2024-12-31,,Dataset end
19573,20241231,LAKESIDE BANK,2024-12-31,,Dataset end
19581,20241231,BELL BANK,2024-12-31,,Dataset end
19589,20241231,NORTHERN STB OF VIRGINIA,2024-12-31,,Dataset end
19590,20241231,ALTAMAHA BANK&TRUST CO,2024-12-31,,Dataset end
19595,20241231,COMMERCIAL BANK,2024-12-31,,Dataset end
19600,20241231,ACADEMY BANK NATIONAL ASSN,2024-12-31,810.0,Dataset end
19603,20241231,HOMETOWN BANK NATIONAL ASSN,2024-12-31,820.0,Dataset end
19608,20241231,PARK BANK,2024-12-31,,Dataset end
19628,20220630,MIDWEST COMMUNITY BANK,2022-06-30,,Institution stops before dataset end
19629,20241231,INTERNATIONAL BK OF COM,2024-12-31,,Dataset end
19638,20241231,GUARANTY B&T CO OF DELHI LA,2024-12-31,,Dataset end
19640,20200930,FORT HOOD NATIONAL BANK,2020-09-30,,Institution stops before dataset end
19644,20241231,FIDELITY BANK,2024-12-31,,Dataset end
19674,20241231,CITIZENS BANK OF WESTON,2024-12-31,,Dataset end
19679,20241231,CITIZENS BANK OF ADA,2024-12-31,,Dataset end
19680,20241231,SECURITY STATE BANK,2024-12-31,,Dataset end
19681,20241231,COMMUNITY BK OF PARKERSBURG,2024-12-31,,Dataset end
19687,20241231,GARDEN PLAIN STATE BANK,2024-12-31,,Dataset end
19689,20241231,STATE BANK OF WHITTINGTON,2024-12-31,,Dataset end
19690,20241231,NORTHEAST BANK,2024-12-31,,Dataset end
19693,20210930,TEXICO STATE BANK,2021-09-30,,Institution stops before dataset end
19700,20241231,VALUEBANK TEXAS,2024-12-31,,Dataset end
19716,20241231,FIRST CENTRAL STATE BANK,2024-12-31,,Dataset end
19720,20241231,FARMERS STATE BANK,2024-12-31,,Dataset end
19742,20241231,FIRST WESTROADS BANK INC,2024-12-31,,Dataset end
19744,20241231,CITIZENS B&T CO OF VIVIAN LA,2024-12-31,,Dataset end
19749,20240630,COMMUNITY STATE BANK,2024-06-30,,Institution stops before dataset end
19755,20241231,SOUTH LAFOURCHE B&T CO,2024-12-31,,Dataset end
19762,20210930,JEFFERSON BANK OF MISSOURI,2021-09-30,,Institution stops before dataset end
19772,20241231,INCREDIBLEBANK,2024-12-31,,Dataset end
19774,20240930,KAHOKA STATE BANK,2024-09-30,,Institution stops before dataset end
19788,20241231,PEOPLES BANK,2024-12-31,,Dataset end
19795,20241231,ABBYBANK,2024-12-31,,Dataset end
19796,20241231,MIDLAND COMMUNITY BANK,2024-12-31,,Dataset end
19800,20241231,PLAQUEMINE BANK&TRUST CO,2024-12-31,,Dataset end
19809,20241231,HERSHEY BANK,2024-12-31,,Dataset end
19819,20241231,SOUTHEAST FIRST NB,2024-12-31,,Dataset end
19827,20241231,PIONEER TRUST BANK NA,2024-12-31,,Dataset end
19829,20210930,BANK OF COMMERCE,2021-09-30,,Institution stops before dataset end
19836,20241231,FRANKLIN SAVINGS BANK,2024-12-31,,Dataset end
19842,20220331,BANK LEUMI USA,2022-03-31,,Institution stops before dataset end
19850,20241231,WEST GATE BANK,2024-12-31,,Dataset end
19899,20241231,KS STATEBANK,2024-12-31,,Dataset end
19904,20241231,CENTINEL BANK OF TAOS,2024-12-31,,Dataset end
19943,20210930,CENTURY BANK&TRUST CO,2021-09-30,,Institution stops before dataset end
19953,20240331,LAKELAND BANK,2024-03-31,,Institution stops before dataset end
19977,20241231,ISRAEL DISCOUNT BANK OF NY,2024-12-31,,Dataset end
19978,20241231,PENNSVILLE NATIONAL BANK,2024-12-31,,Dataset end
20015,20241231,BESSEMER TRUST CO,2024-12-31,,Dataset end
20026,20241231,EASTERN NATIONAL BANK,2024-12-31,,Dataset end
20040,20240331,MERCHANTS&MANUFACTURERS BANK,2024-03-31,,Institution stops before dataset end
20093,20241231,ALL AMERICA BANK,2024-12-31,,Dataset end
20099,20241231,TEXAS EXCHANGE BANK,2024-12-31,,Dataset end
20100,20241231,TOWER COMMUNITY BANK,2024-12-31,,Dataset end
20130,20241231,BANKFIRST,2024-12-31,,Dataset end
20156,20241231,KIRKPATRICK BANK,2024-12-31,,Dataset end
20161,20241231,CITIZENS BANK OF LAS CRUCES,2024-12-31,,Dataset end
20162,20241231,ASCENT BANK,2024-12-31,,Dataset end
20164,20241231,SUNWEST BANK,2024-12-31,,Dataset end
20179,20241231,FIRST INDEPENDENCE BANK,2024-12-31,,Dataset end
20198,20241231,SOUTH GEORGIA BANKING CO,2024-12-31,,Dataset end
20215,20241231,BCBANK INC,2024-12-31,,Dataset end
20220,20230331,BRUNSWICK BANK&TRUST CO,2023-03-31,,Institution stops before dataset end
20231,20241231,PINNACLE BANK,2024-12-31,810.0,Dataset end
20234,20241231,CITY NB OF FLORIDA,2024-12-31,,Dataset end
20239,20241231,BANK OF CADIZ&TRUST CO,2024-12-31,,Dataset end
20241,20241231,AMERICAN BANK NATIONAL ASSN,2024-12-31,810.0,Dataset end
20250,20230331,MARINE BANK,2023-03-31,,Institution stops before dataset end
20268,20241231,SCALE BANK,2024-12-31,,Dataset end
20279,20241231,COMMUNITY STATE BANK,2024-12-31,,Dataset end
20281,20200930,PEOPLES B&T CO MADISON CNTY,2020-09-30,,Institution stops before dataset end
20296,20241231,JOHNSON BANK,2024-12-31,,Dataset end
20310,20230630,ROCKY MOUNTAIN BANK,2023-06-30,,Institution stops before dataset end
20311,20241231,AMERICAN BANK,2024-12-31,,Dataset end
20353,20241231,GULF COAST BANK,2024-12-31,,Dataset end
20369,20241231,HEARTLAND BANK&TRUST CO,2024-12-31,810.0,Dataset end
20387,20241231,BANK OF THE ORIENT,2024-12-31,,Dataset end
20429,20241231,LIBERTY BANK,2024-12-31,,Dataset end
20454,20241231,CITIZENS BANK OF EDINBURG,2024-12-31,,Dataset end
20468,20241231,FIRSTSTATE BANK,2024-12-31,,Dataset end
20479,20241231,FIRST SECURITY BK OF ROUNDUP,2024-12-31,,Dataset end
20484,20241231,BENCHMARK COMMUNITY BANK,2024-12-31,,Dataset end
20488,20241231,FIVE POINTS BANK,2024-12-31,,Dataset end
20504,20241231,AMERIS BANK,2024-12-31,,Dataset end
20537,20241231,AMERICAN BANK&TRUST CO,2024-12-31,,Dataset end
20568,20241231,LUMBEE GUARANTY BANK,2024-12-31,,Dataset end
20624,20241231,BYLINE BANK,2024-12-31,810.0,Dataset end
20657,20241231,FIRST SECURITY BK DEER LODGE,2024-12-31,,Dataset end
20666,20241231,NORTHWEST BANK OF ROCKFORD,2024-12-31,,Dataset end
20698,20241231,SOUTHERN HERITAGE BANK,2024-12-31,,Dataset end
20711,20200930,EXECUTIVE NATIONAL BANK,2020-09-30,,Institution stops before dataset end
20720,20241231,TENNESSEE STATE BANK,2024-12-31,,Dataset end
20727,20241231,DALLAS CAPITAL BANK NA,2024-12-31,,Dataset end
20741,20241231,PIONEER BANK NATIONAL ASSN,2024-12-31,810.0,Dataset end
20761,20210630,HERITAGE FIRST BANK,2021-06-30,,Institution stops before dataset end
20769,20230331,BANK OF MONTGOMERY,2023-03-31,,Institution stops before dataset end
20776,20241231,BORDER BANK,2024-12-31,,Dataset end
20818,20241231,CITIZENS TRI-COUNTY BANK,2024-12-31,,Dataset end
20828,20200630,BANCO SANTANDER PUERTO RICO,2020-06-30,,Institution stops before dataset end
20845,20241231,WALLIS BANK,2024-12-31,,Dataset end
20856,20241231,LIBERTY BANK&TRUST CO,2024-12-31,,Dataset end
20872,20241231,CITIZENS GUARANTY BANK,2024-12-31,,Dataset end
20884,20241231,BANK OF GUAM,2024-12-31,,Dataset end
20931,20200930,DAMARISCOTTA BANK&TRUST CO,2020-09-30,,Institution stops before dataset end
20954,20241231,CITIZENS NATIONAL BANK,2024-12-31,,Dataset end
20989,20241231,INDEPENDENCE BANK,2024-12-31,,Dataset end
20993,20241231,HARDIN COUNTY BANK,2024-12-31,,Dataset end
21031,20241231,BANK OF TAMPA,2024-12-31,,Dataset end
21050,20241231,FIRST STB OF THE SOUTH INC,2024-12-31,,Dataset end
21074,20241231,TEXAS BANK,2024-12-31,,Dataset end
21083,20241231,UNITED MISSISSIPPI BANK,2024-12-31,,Dataset end
21085,20241231,BANK OF ONTARIO,2024-12-31,,Dataset end
21121,20241231,WESTERN STATE BANK,2024-12-31,,Dataset end
21161,20241231,BANK OF THE BLUEGRASS&TR CO,2024-12-31,,Dataset end
21163,20230630,CREWS BANK&TRUST,2023-06-30,,Institution stops before dataset end
21219,20241231,BANK OF THE MOUNTAINS INC,2024-12-31,,Dataset end
21227,20241231,CBBC BANK,2024-12-31,,Dataset end
21247,20241231,FIRST KENTUCKY BANK INC,2024-12-31,,Dataset end
21255,20241231,LAKESIDE BANK OF SALINA,2024-12-31,,Dataset end
21265,20241231,BRADESCO BANK,2024-12-31,,Dataset end
21284,20241231,BANK OF PENSACOLA,2024-12-31,,Dataset end
21292,20241231,PEOPLESSOUTH BANK,2024-12-31,,Dataset end
21329,20241231,NBT FINANCIAL BANK,2024-12-31,,Dataset end
21342,20241231,SONATA BANK,2024-12-31,,Dataset end
21379,20241231,FIRST NATURALSTATE BANK,2024-12-31,,Dataset end
21448,20241231,HOLLADAY BANK&TRUST,2024-12-31,,Dataset end
21455,20241231,FIDELITY BANK OF TEXAS,2024-12-31,,Dataset end
21478,20200331,FIRST CITIZENS BK POLSON NA,2020-03-31,,Institution stops before dataset end
21486,20241231,CROSSROADS BANK,2024-12-31,,Dataset end
21525,20241231,CORNERSTONE STATE BANK,2024-12-31,,Dataset end
21526,20241231,WEST CENTRAL GEORGIA BANK,2024-12-31,,Dataset end
21529,20241231,BANK OF OAK RIDGE,2024-12-31,,Dataset end
21557,20241231,THREE RIVERS BANK OF MONTANA,2024-12-31,,Dataset end
21567,20241231,AMERICAN BANK NATIONAL ASSN,2024-12-31,,Dataset end
21573,20241231,BANK OF TENNESSEE,2024-12-31,,Dataset end
21591,20241231,BANK OF GREENE COUNTY,2024-12-31,,Dataset end
21606,20241231,HCN BANK,2024-12-31,,Dataset end
21635,20241231,BANK OF BOURBONNAIS,2024-12-31,,Dataset end
21692,20241231,PEOPLES BANK OF GRACEVILLE,2024-12-31,,Dataset end
21693,20241231,LAKESIDE BANK,2024-12-31,,Dataset end
21714,20241231,PREMIER BANK,2024-12-31,,Dataset end
21716,20241231,CITIZENS BUSINESS BANK,2024-12-31,,Dataset end
21721,20241231,HERITAGE BANK OF SCHAUMBURG,2024-12-31,,Dataset end
21728,20241231,FARMERS&MERCHANTS STATE BANK,2024-12-31,,Dataset end
21752,20241231,FIRST STATE BANK,2024-12-31,,Dataset end
21761,20241231,JPMORGAN CHASE BANK DEARBORN,2024-12-31,,Dataset end
21784,20241231,FIRST PORT CITY BANK,2024-12-31,,Dataset end
21805,20241231,FIRST STATE BANK OF DEQUEEN,2024-12-31,,Dataset end
21807,20241231,LOVELADY STATE BANK,2024-12-31,,Dataset end
21809,20200630,EAGLE STATE BANK,2020-06-30,820.0,Institution stops before dataset end
21843,20241231,MIZUHO BANK USA,2024-12-31,,Dataset end
21848,20241231,QUAIL CREEK BANK,2024-12-31,,Dataset end
21868,20241231,BESSEMER TRUST CO NA,2024-12-31,,Dataset end
21874,20241231,FIRST PEOPLES BANK OF TN,2024-12-31,,Dataset end
21883,20241231,TRUPOINT BANK,2024-12-31,,Dataset end
21897,20241231,BANK STAR,2024-12-31,,Dataset end
21906,20241231,PRIORITYONE BANK,2024-12-31,,Dataset end
21928,20241231,KIRKWOOD BANK&TRUST CO,2024-12-31,,Dataset end
21943,20241231,TRI COUNTIES BANK,2024-12-31,,Dataset end
21955,20241231,STRYV BANK,2024-12-31,,Dataset end
21956,20241231,MONTECITO BANK&TRUST,2024-12-31,,Dataset end
21978,20241231,FRONTIER STATE BANK,2024-12-31,,Dataset end
21988,20241231,COMMUNITY STB OF ROCK FALLS,2024-12-31,,Dataset end
21998,20241231,COVINGTON COUNTY BANK,2024-12-31,,Dataset end
22015,20241231,ANDREW JOHNSON BANK,2024-12-31,,Dataset end
22020,20241231,INSOUTH BANK,2024-12-31,,Dataset end
22034,20230331,FIRST STB OF BLOOMINGTON,2023-03-31,,Institution stops before dataset end
22039,20210630,1ST BANK,2021-06-30,,Institution stops before dataset end
22046,20241231,FIRST NATIONAL BANK USA,2024-12-31,,Dataset end
22059,20230331,WESTERN BANK OF CLOVIS,2023-03-31,,Institution stops before dataset end
22065,20241231,GRAND BANK,2024-12-31,,Dataset end
22070,20240630,JOHNSON COUNTY BANK,2024-06-30,,Institution stops before dataset end
22081,20241231,MAGNOLIA STATE BANK,2024-12-31,,Dataset end
22086,20241231,MAIN BANK,2024-12-31,,Dataset end
22090,20241231,COFFEE COUNTY BANK,2024-12-31,,Dataset end
22092,20241231,FIRST NATIONAL CMTY BANK,2024-12-31,,Dataset end
22134,20241231,CACHE VALLEY BANK,2024-12-31,,Dataset end
22138,20241231,RABUN COUNTY BANK,2024-12-31,,Dataset end
22139,20241231,PROGRESSIVE BANK,2024-12-31,,Dataset end
22180,20241231,UNITED BANKERS BANK,2024-12-31,,Dataset end
22205,20241231,BARWICK BANKING CO,2024-12-31,,Dataset end
22217,20210930,LAKESIDE STATE BANK,2021-09-30,,Institution stops before dataset end
22221,20200630,SB ONE BANK,2020-06-30,,Institution stops before dataset end
22229,20241231,COMMONWEALTH NATIONAL BANK,2024-12-31,,Dataset end
22242,20241231,UNION BANK&TRUST CO,2024-12-31,,Dataset end
22257,20241231,COLONY BANK,2024-12-31,,Dataset end
22263,20241231,AMERICAN STB OF GRYGLA,2024-12-31,,Dataset end
22271,20241231,FIRST NATIONAL BANK,2024-12-31,,Dataset end
22273,20241231,GUARANTY BANK INC,2024-12-31,,Dataset end
22282,20241231,FIRST NATIONS BANK,2024-12-31,,Dataset end
22308,20241231,WEST MICHIGAN COMMUNITY BANK,2024-12-31,,Dataset end
22319,20241231,LEGACY BANK&TRUST CO,2024-12-31,,Dataset end
22327,20220331,SPIRIT OF TEXAS BANK SSB,2022-03-31,,Institution stops before dataset end
22334,20241231,ONE COMMUNITY BANK,2024-12-31,810.0,Dataset end
22340,20241231,PANHANDLE FIRST BANK,2024-12-31,810.0,Dataset end
22354,20241231,COMMERCIAL BANK,2024-12-31,810.0,Dataset end
22355,20241231,PINNACLE BANK INC,2024-12-31,,Dataset end
22358,20241231,CITIZENS BANK,2024-12-31,,Dataset end
22366,20241231,GBC INTERNATIONAL BANK,2024-12-31,,Dataset end
22373,20241231,AMERICAN NATIONAL BANK&TRUST,2024-12-31,,Dataset end
22381,20241231,ANAHUAC NATIONAL BANK,2024-12-31,,Dataset end
22394,20241231,PEOPLES COMMUNITY BANK,2024-12-31,,Dataset end
22396,20241231,CENTRAL NATIONAL BANK,2024-12-31,,Dataset end
22398,20241231,MODERN BANK NATIONAL ASSN,2024-12-31,,Dataset end
22430,20241231,WASHITA STATE BANK,2024-12-31,,Dataset end
22434,20241231,BANKCHAMPAIGN NATIONAL ASSN,2024-12-31,,Dataset end
22444,20230630,INLAND BANK&TRUST,2023-06-30,,Institution stops before dataset end
22447,20241231,WRAY STATE BANK,2024-12-31,,Dataset end
22448,20241231,FIRST STATE BANK,2024-12-31,,Dataset end
22451,20241231,VOLUNTEER STATE BANK,2024-12-31,,Dataset end
22460,20241231,MONTEREY COUNTY BANK,2024-12-31,,Dataset end
22502,20241231,FIRST CITIZENS BANK OF BUTTE,2024-12-31,,Dataset end
22514,20241231,UTAH INDEPENDENT BANK,2024-12-31,,Dataset end
22523,20220630,CITIZENS STATE BANK,2022-06-30,,Institution stops before dataset end
22526,20241231,SPRING HILL STATE BANK,2024-12-31,,Dataset end
22536,20241231,FIRST SECURE BANK&TRUST CO,2024-12-31,,Dataset end
22537,20241231,PEOPLES BANK OF ALABAMA,2024-12-31,,Dataset end
22543,20210930,1ST STATE BANK OF MASON CITY,2021-09-30,,Institution stops before dataset end
22549,20241231,FIRST PROGRESSIVE BANK,2024-12-31,,Dataset end
22551,20240930,FIRST TEXAS BANK,2024-09-30,,Institution stops before dataset end
22559,20241231,BRAVERA BANK,2024-12-31,,Dataset end
22567,20241231,COMMUNITY STATE BANK,2024-12-31,,Dataset end
22578,20241231,BRIGHTON BANK,2024-12-31,,Dataset end
22597,20241231,BANK OF THE SIERRA,2024-12-31,,Dataset end
22598,20241231,FLORA BANK&TRUST,2024-12-31,,Dataset end
22600,20241231,VALLEY BANK OF COMMERCE,2024-12-31,,Dataset end
22601,20241231,CITIZENS BANK,2024-12-31,,Dataset end
22621,20240630,TOWN COUNTRY UNITED BANK,2024-06-30,,Institution stops before dataset end
22636,20241231,COMMUNITY BANK OF MARSHALL,2024-12-31,,Dataset end
22639,20241231,BANK OF COMMERCE,2024-12-31,,Dataset end
22653,20241231,GREEN DOT BK DBA BONNEVILLE,2024-12-31,,Dataset end
22657,20241231,CITIZENS STATE BANK,2024-12-31,,Dataset end
22669,20241231,NEVADA BANK&TRUST CO,2024-12-31,,Dataset end
22717,20241231,CITIZENS B&T CO OF ARDMORE,2024-12-31,,Dataset end
22738,20241231,FIRST UTAH BANK,2024-12-31,,Dataset end
22739,20241231,BANK OF ST FRANCISVILLE,2024-12-31,,Dataset end
22756,20241231,PEOPLES B&T CO PICKETT CNTY,2024-12-31,,Dataset end
22811,20241231,BRICKYARD BANK,2024-12-31,,Dataset end
22826,20230331,MUFG UNION BANK NA,2023-03-31,,Institution stops before dataset end
22835,20241231,LAUDERDALE COUNTY BANK,2024-12-31,,Dataset end
22838,20241231,BANK OF GIBSON CITY,2024-12-31,,Dataset end
22839,20241231,LATIMER STATE BANK,2024-12-31,,Dataset end
22855,20241231,OKLAHOMA HERITAGE BANK,2024-12-31,,Dataset end
22858,20241231,UNITED BANK,2024-12-31,,Dataset end
22867,20241231,COMMUNITY BANK OF RAYMORE,2024-12-31,,Dataset end
22874,20241231,HICKORY POINT BANK&TRUST,2024-12-31,,Dataset end
22876,20241231,SOUTHWEST MISSOURI BANK,2024-12-31,,Dataset end
22888,20241231,FARMERS&MINERS BANK,2024-12-31,,Dataset end
22895,20241231,PUTNAM COUNTY STATE BANK,2024-12-31,,Dataset end
22918,20241231,FIRST BANK&TRUST CO,2024-12-31,,Dataset end
22925,20241231,INDEPENDENCE BANK,2024-12-31,,Dataset end
22939,20231231,WHEATLAND BANK,2023-12-31,,Institution stops before dataset end
22942,20241231,AMERICAN NB OF MT PLEASANT,2024-12-31,,Dataset end
22953,20241231,AMERANT BANK NATIONAL ASSN,2024-12-31,,Dataset end
22954,20241231,CITIZENS BK MORGANTOWN INC,2024-12-31,,Dataset end
22957,20241231,WEST TEXAS NATIONAL BANK,2024-12-31,,Dataset end
22964,20241231,FIRST COMMUNITY BANK,2024-12-31,,Dataset end
22971,20241231,FIRST SECURE STATE BANK,2024-12-31,,Dataset end
22993,20241231,TWIN RIVER BANK,2024-12-31,,Dataset end
23007,20241231,OREGON PACIFIC BK DBA OR PAC,2024-12-31,,Dataset end
23030,20241231,COMMUNITY WEST BANK,2024-12-31,810.0,Dataset end
23041,20241231,BANK OF THE PACIFIC,2024-12-31,,Dataset end
23086,20241231,NEW OMNI BANK NATIONAL ASSN,2024-12-31,,Dataset end
23090,20230630,PEOPLES B&T POINTE COUPEE PA,2023-06-30,,Institution stops before dataset end
23091,20241231,ALPINE BANK,2024-12-31,,Dataset end
23099,20241231,BANK OF PROTECTION,2024-12-31,,Dataset end
23123,20241231,BANK OF BARTLETT,2024-12-31,,Dataset end
23126,20241231,HURON STATE BANK,2024-12-31,,Dataset end
23137,20220630,CHARTER BANK,2022-06-30,,Institution stops before dataset end
23144,20241231,SOUTH LOUISIANA BANK,2024-12-31,,Dataset end
23152,20241231,FIRST CITIZENS BANK,2024-12-31,,Dataset end
23189,20241231,COMMUNITY BANK&TRUST CO,2024-12-31,,Dataset end
23210,20241231,BANKERS BANK OF THE WEST,2024-12-31,,Dataset end
23220,20241231,WOODFOREST NATIONAL BANK,2024-12-31,,Dataset end
23222,20240331,MISSISSIPPI RIVER BANK,2024-03-31,,Institution stops before dataset end
23242,20241231,CALIFORNIA PACIFIC BANK,2024-12-31,,Dataset end
23244,20241231,NORTH ADAMS STATE BANK,2024-12-31,,Dataset end
23257,20241231,COMMUNITY STATE BANK,2024-12-31,810.0,Dataset end
23270,20241231,SIOUXLAND BANK,2024-12-31,,Dataset end
23275,20241231,PLUMAS BANK,2024-12-31,,Dataset end
23286,20241231,FALL RIVER FIVE CENTS SB,2024-12-31,,Dataset end
23287,20241231,CAPE COD FIVE CENTS SB,2024-12-31,,Dataset end
23293,20241231,FLORENCE BANK,2024-12-31,,Dataset end
23296,20241231,SALEM FIVE CENTS SB,2024-12-31,,Dataset end
23298,20241231,WATERTOWN SAVINGS BANK,2024-12-31,,Dataset end
23373,20241231,UNITED ORIENT BANK,2024-12-31,,Dataset end
23376,20241231,FIRST JACKSON BANK INC,2024-12-31,,Dataset end
23404,20241231,EVERGREEN NATIONAL BANK,2024-12-31,,Dataset end
23430,20241231,FIRST NB OF BURLESON,2024-12-31,,Dataset end
23431,20211231,COMMUNITY NATIONAL BANK,2021-12-31,,Institution stops before dataset end
23469,20201231,ISLANDERS BANK,2020-12-31,,Institution stops before dataset end
23472,20241231,BANK OF NY MELLON TR CO NA,2024-12-31,,Dataset end
23473,20241231,FIRST FIDELITY BANK,2024-12-31,,Dataset end
23474,20241231,AMERICAN NB OF TEXAS,2024-12-31,,Dataset end
23498,20241231,TBK BANK SSB,2024-12-31,,Dataset end
23523,20241231,CITIZENS BANK INC,2024-12-31,,Dataset end
23537,20241231,BANKERS BANK,2024-12-31,,Dataset end
23546,20241231,MUNICIPAL TRUST&SAVINGS BANK,2024-12-31,,Dataset end
23551,20241231,COMMUNITY BK EL DORADO SPRIN,2024-12-31,,Dataset end
23597,20241231,LAMAR NATIONAL BANK,2024-12-31,,Dataset end
23620,20241231,DEDHAM INST FOR SVG,2024-12-31,,Dataset end
23621,20241231,BERKSHIRE BANK,2024-12-31,,Dataset end
23622,20241231,BRISTOL COUNTY SAVINGS BANK,2024-12-31,,Dataset end
23623,20241231,WASHINGTON TR CO OF WESTERLY,2024-12-31,,Dataset end
23627,20241231,REPUBLIC BANK&TRUST CO,2024-12-31,820.0,Dataset end
23647,20241231,TIB NATIONAL ASSN,2024-12-31,,Dataset end
23737,20241231,VAST BANK NATIONAL ASSN,2024-12-31,,Dataset end
23741,20241231,WELLINGTON TRUST CO NA,2024-12-31,,Dataset end
23749,20241231,MISSION NATIONAL BANK,2024-12-31,,Dataset end
23754,20220630,LIBERTY BANK,2022-06-30,,Institution stops before dataset end
23764,20241231,FMS BANK,2024-12-31,,Dataset end
23772,20241231,COMMERCE BANK,2024-12-31,,Dataset end
23798,20241231,MCCURTAIN COUNTY NB,2024-12-31,,Dataset end
23799,20241231,TEXAS FIRST BANK,2024-12-31,,Dataset end
23805,20241231,UNITED PACIFIC BANK,2024-12-31,,Dataset end
23806,20241231,TRAILWEST BANK,2024-12-31,,Dataset end
23815,20241231,FIRST STB OF DEKALB COUNTY,2024-12-31,,Dataset end
23826,20241231,BANK OF JACKSON HOLE TRUST,2024-12-31,,Dataset end
23864,20241231,SUMMIT BANK,2024-12-31,,Dataset end
23886,20241231,AMERICAN BANK NATIONAL ASSN,2024-12-31,,Dataset end
23966,20241231,ONEUNITED BANK,2024-12-31,,Dataset end
23986,20241231,MINNESOTA LAKES BANK,2024-12-31,,Dataset end
23989,20241231,MINERS EXCHANGE BANK,2024-12-31,,Dataset end
23992,20241231,COUNTRY BANK FOR SAVINGS,2024-12-31,,Dataset end
23998,20241231,STATE BANK OF INDIA CA,2024-12-31,,Dataset end
24015,20241231,HARBOR BANK OF MARYLAND,2024-12-31,,Dataset end
24038,20241231,BRAZOS NATIONAL BANK,2024-12-31,,Dataset end
24045,20241231,BANC OF CALIFORNIA,2024-12-31,810.0,Dataset end
24064,20241231,ATASCOSA BANK,2024-12-31,,Dataset end
24074,20210930,MERCHANTS BANK OF COMMERCE,2021-09-30,,Institution stops before dataset end
24085,20241231,CITIZENS NATIONAL BANK,2024-12-31,,Dataset end
24156,20241231,OCEAN BANK,2024-12-31,,Dataset end
24170,20241231,HANMI BANK,2024-12-31,,Dataset end
24199,20241231,CAPITOL NATIONAL BANK,2024-12-31,,Dataset end
24211,20241231,BANK OF WHITTIER NA,2024-12-31,,Dataset end
24272,20241231,CHASEWOOD BANK,2024-12-31,,Dataset end
24303,20241231,PAVILLION BANK,2024-12-31,,Dataset end
24305,20241231,LLANO NATIONAL BANK,2024-12-31,,Dataset end
24332,20241231,FIRST CREDIT BANK,2024-12-31,,Dataset end
24334,20210930,ROCKY MOUNTAIN BANK,2021-09-30,,Institution stops before dataset end
24342,20210930,YORKTOWN BANK,2021-09-30,,Institution stops before dataset end
24347,20241231,LONE STAR NATIONAL BANK,2024-12-31,,Dataset end
24353,20241231,FIRST COMMUNITY BANK,2024-12-31,,Dataset end
24367,20241231,CITY NATIONAL BANK,2024-12-31,,Dataset end
24387,20241231,INDUSTRIAL&COMMERCIAL BK CHI,2024-12-31,,Dataset end
24443,20241231,PROGRESSIVE NATIONAL BANK,2024-12-31,,Dataset end
24472,20241231,AMERICAN NATION BANK,2024-12-31,,Dataset end
24498,20241231,FIRST STATE BANK,2024-12-31,,Dataset end
24516,20241231,INTERAUDI BANK,2024-12-31,,Dataset end
24540,20241231,BANK OF NEW ENGLAND,2024-12-31,,Dataset end
24561,20220930,CROCKETT NATIONAL BANK,2022-09-30,,Institution stops before dataset end
24563,20241231,TEXAS COMMUNITY BANK,2024-12-31,,Dataset end
24603,20241231,FIRST COMMERCIAL BANK NA,2024-12-31,,Dataset end
24655,20210630,AMERICAN RIVER BANK,2021-06-30,,Institution stops before dataset end
24677,20241231,TRIAD BANK NATIONAL ASSN,2024-12-31,,Dataset end
24735,20221231,SILICON VALLEY BANK,2022-12-31,,Institution stops before dataset end
24763,20210630,PANOLA NATIONAL BANK,2021-06-30,,Institution stops before dataset end
24811,20210630,BOSTON PRIVATE BANK&TRUST CO,2021-06-30,,Institution stops before dataset end
24823,20241231,INTERNATIONAL FINANCE BANK,2024-12-31,,Dataset end
24829,20241231,ATLANTIC CMTY BANKERS BANK,2024-12-31,,Dataset end
24865,20241231,FIRST NM BANK OF SILVER CITY,2024-12-31,,Dataset end
24867,20241231,BNY MELLON TRUST OF DELAWARE,2024-12-31,,Dataset end
24897,20241231,COMMUNITY NATIONAL BANK,2024-12-31,,Dataset end
24902,20241231,FIRST NB OF S PADRE ISL,2024-12-31,,Dataset end
24919,20241231,UWHARRIE BANK,2024-12-31,,Dataset end
24920,20241231,WOORI AMERICA BANK,2024-12-31,,Dataset end
24922,20241231,GRAND VALLEY BANK,2024-12-31,,Dataset end
24938,20241231,STATE STREET B&T CO NA,2024-12-31,,Dataset end
24961,20241231,INTERNATIONAL BK OF COM,2024-12-31,,Dataset end
24966,20241231,VALLEY BANK OF RONAN,2024-12-31,,Dataset end
24998,20241231,COMMERCE BANK,2024-12-31,,Dataset end
25054,20241231,SUMMIT NATIONAL BANK,2024-12-31,,Dataset end
25065,20221231,FIRST NB OF BENTON,2022-12-31,,Institution stops before dataset end
25093,20241231,HABIB AMERICAN BANK,2024-12-31,,Dataset end
25103,20241231,CITY BANK,2024-12-31,,Dataset end
25122,20240630,FIRST NB NORTHWEST FLORIDA,2024-06-30,,Institution stops before dataset end
25158,20241231,FINANCE FACTORS LTD,2024-12-31,,Dataset end
25161,20241231,COMMUNITY NB OF OKARCHE,2024-12-31,,Dataset end
25173,20241231,MEADE COUNTY BANK,2024-12-31,,Dataset end
25178,20241231,BANK OF AMERICA CA NA,2024-12-31,,Dataset end
25247,20241231,FIRST NATIONAL BANKERS BANK,2024-12-31,,Dataset end
25249,20241231,C3BANK NATIONAL ASSN,2024-12-31,,Dataset end
25258,20241231,INTERCREDIT BANK NA,2024-12-31,,Dataset end
25260,20231231,STATE BANK OF BROOKS,2023-12-31,,Institution stops before dataset end
25267,20241231,TRUBANK,2024-12-31,,Dataset end
25268,20210930,CENTRAL BANK OF WARRENSBURG,2021-09-30,,Institution stops before dataset end
25291,20241231,BANK OF THE VALLEY,2024-12-31,,Dataset end
25328,20241231,BOC BANK,2024-12-31,,Dataset end
25591,20241231,CEDAR SECURITY BANK,2024-12-31,,Dataset end
25620,20241231,CREDIT ONE BANK NA,2024-12-31,,Dataset end
25621,20241231,SAGE CAPITAL BANK,2024-12-31,,Dataset end
25644,20241231,BEACON BUSINESS BANK NA,2024-12-31,,Dataset end
25648,20210930,INTERNATIONAL CITY BANK FSB,2021-09-30,,Institution stops before dataset end
25665,20241231,COMMUNITY NATIONAL BANK,2024-12-31,,Dataset end
25668,20211231,FARMERS SAVINGS BANK,2021-12-31,,Institution stops before dataset end
25677,20241231,CITICORP TRUST DELAWARE NA,2024-12-31,820.0,Dataset end
25679,20241231,INTERNATIONAL BK OF COM,2024-12-31,,Dataset end
25703,20241231,BANK OF WEST,2024-12-31,,Dataset end
25726,20241231,MURPHY BANK,2024-12-31,,Dataset end
25738,20241231,SOVEREIGN BANK,2024-12-31,,Dataset end
25744,20241231,SMALL BUSINESS BANK,2024-12-31,,Dataset end
25749,20241231,EASTBANK NATIONAL ASSN,2024-12-31,,Dataset end
25750,20241231,COMMUNITY BANK,2024-12-31,,Dataset end
25752,20241231,COMMUNITY BANK,2024-12-31,,Dataset end
25795,20241231,PEOPLES BANK&TRUST,2024-12-31,,Dataset end
25796,20241231,COMMUNITY B&T WEST GEORGIA,2024-12-31,,Dataset end
25803,20241231,HATCH BANK,2024-12-31,,Dataset end
25824,20241231,BROWN BROTHERS HARRIMAN TR N,2024-12-31,,Dataset end
25849,20241231,MIDWEST IND BANKERSBANK,2024-12-31,,Dataset end
25851,20230331,HEARTLAND TRI-STATE BANK,2023-03-31,,Institution stops before dataset end
25858,20241231,EQUITY BANK,2024-12-31,810.0,Dataset end
25869,20241231,METROPOLITAN BANK,2024-12-31,,Dataset end
25883,20241231,FIRST EAGLE BANK,2024-12-31,,Dataset end
25886,20241231,RIO BANK,2024-12-31,,Dataset end
25890,20200331,WELLS FARGO LTD,2020-03-31,,Institution stops before dataset end
25894,20241231,FIRST NATIONAL BANK,2024-12-31,,Dataset end
25927,20241231,BANCO DE LA NACION ARGENTINA,2024-12-31,,Dataset end
26021,20241231,VALLEY STATE BANK,2024-12-31,,Dataset end
26028,20241231,BANK OF EAST ASIA LTD,2024-12-31,,Dataset end
26181,20241231,TEXAS NB OF JACKSONVILLE,2024-12-31,,Dataset end
26185,20241231,CHARTER WEST BANK,2024-12-31,,Dataset end
26189,20241231,HAVERFORD TRUST CO,2024-12-31,,Dataset end
26217,20241231,BANK OF COMMERCE,2024-12-31,810.0,Dataset end
26218,20200331,PARK BANK,2020-03-31,820.0,Institution stops before dataset end
26219,20240331,FIRST NATIONAL BANK,2024-03-31,,Institution stops before dataset end
26223,20241231,GOLDEN BANK NATIONAL ASSN,2024-12-31,,Dataset end
26228,20241231,FIRST NB OF DUBLIN,2024-12-31,,Dataset end
26247,20210930,CENTRAL BANK OF THE MIDWEST,2021-09-30,810.0,Institution stops before dataset end
26260,20241231,FIRST NB IN MARLOW,2024-12-31,,Dataset end
26271,20241231,HOME BANK OF CALIFORNIA,2024-12-31,,Dataset end
26299,20241231,PACIFIC NATIONAL BANK,2024-12-31,,Dataset end
26312,20241231,FIRST AMERICAN TRUST FSB,2024-12-31,,Dataset end
26323,20241231,FLORIDA CAPITAL BANK NA,2024-12-31,,Dataset end
26333,20241231,GENESEE REGIONAL BANK,2024-12-31,,Dataset end
26336,20241231,VILLAGE BANK,2024-12-31,,Dataset end
26340,20241231,FLINT HILLS BANK,2024-12-31,,Dataset end
26342,20241231,RBC BANK GEORGIA NA,2024-12-31,,Dataset end
26351,20241231,UNITY NB OF HOUSTON,2024-12-31,,Dataset end
26358,20241231,STATE BANK OF SOUTHWEST MO,2024-12-31,,Dataset end
26363,20241231,COMMUNITY COMMERCE BANK,2024-12-31,,Dataset end
26379,20241231,PIKE NATIONAL BANK,2024-12-31,,Dataset end
26381,20241231,BONVENU BANK NATIONAL ASSN,2024-12-31,,Dataset end
26392,20241231,DEUTSCHE BANK TR CO DELAWARE,2024-12-31,,Dataset end
26393,20241231,PITTSFIELD COOP BANK,2024-12-31,,Dataset end
26395,20241231,MUTUALONE BANK,2024-12-31,,Dataset end
26397,20241231,GREENFIELD COOP BANK,2024-12-31,,Dataset end
26398,20241231,AMERICAN NATIONAL BANK,2024-12-31,,Dataset end
26403,20241231,BANK OF IDAHO,2024-12-31,,Dataset end
26411,20241231,HAVERHILL BANK,2024-12-31,,Dataset end
26416,20241231,COMMUNITY STB OF CANTON,2024-12-31,,Dataset end
26442,20241231,TERRABANK NATIONAL ASSN,2024-12-31,,Dataset end
26444,20241231,EVERETT COOP BANK,2024-12-31,,Dataset end
26448,20200930,MANSFIELD COOP BANK,2020-09-30,,Institution stops before dataset end
26450,20241231,CANTON COOP BANK,2024-12-31,,Dataset end
26451,20241231,FIDELITY COOP BANK,2024-12-31,,Dataset end
26455,20241231,SAVERS COOP BANK,2024-12-31,,Dataset end
26474,20241231,STATE STREET B&T CO OF CA NA,2024-12-31,,Dataset end
26483,20241231,NEEDHAM BANK,2024-12-31,,Dataset end
26484,20241231,NORTH SHORE BANK A COOP BANK,2024-12-31,,Dataset end
26487,20241231,WALPOLE COOP BANK,2024-12-31,,Dataset end
26499,20241231,AMERICAN NB OF MINNESOTA,2024-12-31,,Dataset end
26511,20200331,MELROSE BANK,2020-03-31,,Institution stops before dataset end
26512,20241231,METHUEN COOP BANK,2024-12-31,,Dataset end
26513,20241231,STOUGHTON COOP BANK,2024-12-31,,Dataset end
26516,20241231,WAKEFIELD COOP BANK,2024-12-31,,Dataset end
26517,20241231,CAPE COD COOP BANK,2024-12-31,,Dataset end
26519,20241231,FROST STATE BANK,2024-12-31,,Dataset end
26520,20241231,SECURITY BANK OF SW MO,2024-12-31,,Dataset end
26522,20241231,THE BANK,2024-12-31,810.0,Dataset end
26523,20241231,BANKHOMETOWN,2024-12-31,,Dataset end
26530,20241231,DENALI STATE BANK,2024-12-31,,Dataset end
26536,20241231,BANKGLOUCESTER,2024-12-31,,Dataset end
26539,20241231,MICRONESIA,2024-12-31,,Dataset end
26542,20241231,BANK OF DESOTO NATIONAL ASSN,2024-12-31,,Dataset end
26543,20241231,FIRST NATIONAL BANK,2024-12-31,,Dataset end
26554,20241231,BANK OF EASTON,2024-12-31,,Dataset end
26555,20241231,ONELOCAL BANK,2024-12-31,,Dataset end
26559,20241231,STONEHAMBANK A COOP BANK,2024-12-31,,Dataset end
26564,20241231,DELTA BANK,2024-12-31,,Dataset end
26567,20241231,NORTH CAMBRIDGE COOP BANK,2024-12-31,,Dataset end
26576,20241231,WRENTHAM COOP BANK,2024-12-31,,Dataset end
26588,20241231,DEDICATED COMMUNITY BANK,2024-12-31,,Dataset end
26590,20240630,ABINGTON BANK,2024-06-30,810.0,Institution stops before dataset end
26591,20241231,COASTAL HERITAGE BANK,2024-12-31,,Dataset end
26602,20241231,CHARLES RIVER BANK,2024-12-31,,Dataset end
26605,20200331,WELLESLEY BANK,2020-03-31,,Institution stops before dataset end
26610,20241231,BANK OF HOPE,2024-12-31,,Dataset end
26620,20241231,READING COOP BANK,2024-12-31,,Dataset end
26622,20241231,ROCKEFELLER TRUST CO NA,2024-12-31,,Dataset end
26626,20241231,UNITED TEXAS BANK,2024-12-31,,Dataset end
26627,20241231,BANK OF THE WEST,2024-12-31,,Dataset end
26633,20230930,DELTA NATIONAL BANK&TRUST CO,2023-09-30,,Institution stops before dataset end
26634,20241231,MECHANICS COOP BANK,2024-12-31,,Dataset end
26647,20241231,FIRSTRUST SAVINGS BANK,2024-12-31,,Dataset end
26653,20241231,BANDERA BANK,2024-12-31,,Dataset end
26658,20241231,AMISTAD BANK,2024-12-31,,Dataset end
26677,20241231,BANKERS BANK,2024-12-31,,Dataset end
26687,20241231,PNB COMMUNITY BANK,2024-12-31,,Dataset end
26689,20241231,BANK OF ALMA,2024-12-31,,Dataset end
26703,20241231,RIVER CITY BANK INC,2024-12-31,,Dataset end
26704,20241231,BALBOA THRIFT&LOAN ASSN,2024-12-31,,Dataset end
26708,20241231,SPECTRA BANK,2024-12-31,,Dataset end
26725,20241231,BANCO DO BRASIL AMERICAS,2024-12-31,,Dataset end
26727,20241231,BANK OF SOUTH TEXAS,2024-12-31,,Dataset end
26732,20241231,DEUTSCHE BANK NATIONAL TR CO,2024-12-31,,Dataset end
26738,20241231,TEXAS FINANCIAL BANK,2024-12-31,,Dataset end
26755,20241231,MINNESOTA 1ST CREDIT&SVG INC,2024-12-31,,Dataset end
26760,20241231,GREEN BELT BANK&TRUST,2024-12-31,,Dataset end
26790,20241231,HANA BANK USA NATIONAL ASSN,2024-12-31,,Dataset end
26798,20241231,HOME SAVINGS BANK,2024-12-31,,Dataset end
26799,20241231,EVABANK,2024-12-31,,Dataset end
26816,20241231,LIBERTY BANK INC,2024-12-31,,Dataset end
26829,20241231,FIRST NATIONAL BANK OF PASCO,2024-12-31,,Dataset end
26847,20241231,CHESAPEAKE BANK&TRUST CO,2024-12-31,,Dataset end
26856,20241231,FALCON INTERNATIONAL BANK,2024-12-31,,Dataset end
26871,20241231,COMMUNITY BANKERS BANK,2024-12-31,,Dataset end
26876,20241231,SAFRA NB OF NEW YORK,2024-12-31,810.0,Dataset end
26881,20241231,SOFI BANK NATIONAL ASSN,2024-12-31,,Dataset end
26891,20241231,LIBERTY BANK MINNESOTA,2024-12-31,,Dataset end
26906,20241231,TEXAS REGIONAL BANK,2024-12-31,810.0,Dataset end
26912,20241231,BANK OF SOUTH CAROLINA,2024-12-31,,Dataset end
26922,20241231,COOP BANK,2024-12-31,,Dataset end
26941,20241231,PEOPLES BANK OF DEER LODGE,2024-12-31,,Dataset end
26944,20241231,AMERICAN STATE BANK,2024-12-31,,Dataset end
26955,20241231,BANK OF CLEVELAND,2024-12-31,,Dataset end
26960,20241231,FIRST BANK OF THE LAKE,2024-12-31,,Dataset end
26962,20241231,WILSON BANK&TRUST,2024-12-31,,Dataset end
26967,20211231,TEXAS BANK FINANCIAL,2021-12-31,,Institution stops before dataset end
27010,20241231,YOUNG AMERICANS BANK,2024-12-31,,Dataset end
27015,20241231,42 NORTH PRIVATE BANK,2024-12-31,,Dataset end
27026,20241231,NATIVE AMERICAN BANK NA,2024-12-31,,Dataset end
27043,20241231,SANGER BANK,2024-12-31,,Dataset end
27045,20210930,PILOT BANK,2021-09-30,,Institution stops before dataset end
27046,20241231,COMMUNITY NB&T,2024-12-31,810.0,Dataset end
27052,20241231,ST CHARLES B&T CO NA,2024-12-31,,Dataset end
27053,20230331,COMMUNITY FINANCIAL BANK,2023-03-31,,Institution stops before dataset end
27054,20241231,SUMITOMO MITSUI TR BK U SA,2024-12-31,,Dataset end
27074,20241231,STATE BANK OF TEXAS,2024-12-31,,Dataset end
27078,20200930,FIRST BANK&TRUST,2020-09-30,,Institution stops before dataset end
27086,20230630,CHARLOTTE STATE BANK&TRUST,2023-06-30,,Institution stops before dataset end
27102,20241231,ASSOCIATED TRUST CO NA,2024-12-31,,Dataset end
27118,20241231,PREMIER BANK OF THE SOUTH,2024-12-31,,Dataset end
27119,20220930,NORTHMARK BANK,2022-09-30,,Institution stops before dataset end
27132,20241231,UNITED SECURITY BANK,2024-12-31,,Dataset end
27153,20241231,CITIZENS BANK&TRUST INC,2024-12-31,,Dataset end
27201,20241231,COMMUNITY STATE BANK,2024-12-31,,Dataset end
27205,20230630,ENGLEWOOD BANK&TRUST,2023-06-30,,Institution stops before dataset end
27210,20241231,INTERBANK,2024-12-31,,Dataset end
27211,20241231,FIRST COMMUNITY BANK OF TN,2024-12-31,,Dataset end
27219,20241231,INDEPENDENT CORRESPONDENT BA,2024-12-31,,Dataset end
27233,20241231,PEOPLES INDEPENDENT BANK,2024-12-31,,Dataset end
27235,20241231,STAR FINANCIAL BANK,2024-12-31,,Dataset end
27237,20241231,ENTERPRISE BANK&TRUST,2024-12-31,,Dataset end
27238,20241231,WINCHESTER COOP BANK,2024-12-31,,Dataset end
27254,20241231,WAYCROSS BANK&TRUST,2024-12-31,,Dataset end
27267,20241231,AMERASIA BANK,2024-12-31,,Dataset end
27269,20241231,DEAN COOP BANK,2024-12-31,,Dataset end
27290,20240930,SARATOGA NATIONAL BANK&TRUST,2024-09-30,,Institution stops before dataset end
27314,20241231,SYNCHRONY BANK,2024-12-31,,Dataset end
27330,20240331,SILVERGATE BANK,2024-03-31,,Institution stops before dataset end
27332,20231231,REPUBLIC BANK,2023-12-31,,Institution stops before dataset end
27334,20220331,PEOPLES UNITED BANK NA,2022-03-31,,Institution stops before dataset end
27351,20241231,BANKERS BANK OF KANSAS,2024-12-31,,Dataset end
27362,20241231,PRAIRIE STATE BANK&TRUST,2024-12-31,,Dataset end
27381,20241231,FIRST METRO BANK,2024-12-31,,Dataset end
27385,20241231,PORT RICHMOND SAVINGS,2024-12-31,,Dataset end
27389,20241231,WELLS FARGO NB WEST,2024-12-31,,Dataset end
27394,20241231,FIRST BANK&TRUST CO,2024-12-31,811.0,Dataset end
27398,20241231,PEOPLES BANK,2024-12-31,,Dataset end
27408,20241231,ENTERPRISE BANK&TRUST CO,2024-12-31,,Dataset end
27409,20241231,COMMERCIAL BANK,2024-12-31,,Dataset end
27417,20241231,SHOREHAM BANK,2024-12-31,,Dataset end
27471,20241231,AMERICAN EXPRESS NB,2024-12-31,,Dataset end
27476,20241231,BANCFIRST,2024-12-31,,Dataset end
27479,20241231,FIRST FINANCIAL TRUST NA,2024-12-31,,Dataset end
27496,20241231,BANK OF THE LOWCOUNTRY,2024-12-31,,Dataset end
27499,20241231,COMENITY BANK,2024-12-31,,Dataset end
27503,20241231,BERKSHIRE BANK,2024-12-31,,Dataset end
27506,20210930,STANDING STONE BANK,2021-09-30,,Institution stops before dataset end
27510,20241231,METRO BANK,2024-12-31,,Dataset end
27552,20211231,1ST CONSTITUTION BANK,2021-12-31,810.0,Institution stops before dataset end
27556,20241231,BURLING BANK,2024-12-31,,Dataset end
27560,20241231,NORTH ALABAMA BANK,2024-12-31,,Dataset end
27567,20241231,GLEN BURNIE MUTUAL SB,2024-12-31,,Dataset end
27572,20240331,COMMUNITY WEST BANK NA,2024-03-31,,Institution stops before dataset end
27575,20200630,BANK OF NEW CASTLE,2020-06-30,,Institution stops before dataset end
27589,20241231,LAKE FOREST B&T CO NA,2024-12-31,,Dataset end
27619,20241231,PIEDMONT FSB,2024-12-31,810.0,Dataset end
27643,20241231,FIRST FEDERAL BANK OF OHIO,2024-12-31,,Dataset end
27654,20241231,HOME FEDERAL BANK,2024-12-31,810.0,Dataset end
27664,20241231,STERLING FEDERAL BANK FSB,2024-12-31,,Dataset end
27677,20241231,HOMETRUST BANK,2024-12-31,810.0,Dataset end
27678,20241231,FIRST FEDERAL CMTY BANK SSB,2024-12-31,,Dataset end
27683,20241231,NORTH SHORE TRUST&SAVINGS,2024-12-31,,Dataset end
27686,20241231,SLOVENIAN S&LA OF CANONSBURG,2024-12-31,,Dataset end
27697,20241231,FIFTH DISTRICT SAVINGS BANK,2024-12-31,,Dataset end
27704,20231231,WAKE FOREST FS&LA,2023-12-31,,Institution stops before dataset end
27711,20241231,ALTOONA FIRST SAVINGS BANK,2024-12-31,,Dataset end
27716,20241231,MUTUAL SAVINGS&LOAN ASSN,2024-12-31,,Dataset end
27723,20241231,SECURITY BANK S B,2024-12-31,,Dataset end
27727,20241231,LYONS FEDERAL BANK,2024-12-31,,Dataset end
27742,20241231,MUTUAL SAVINGS BANK,2024-12-31,,Dataset end
27752,20241231,HIBERNIA BANK,2024-12-31,,Dataset end
27757,20220630,STANDARD BANK,2022-06-30,,Institution stops before dataset end
27760,20241231,WEST VIEW SAVINGS BANK,2024-12-31,,Dataset end
27763,20241231,INFIRST BANK,2024-12-31,,Dataset end
27767,20241231,UNION FS&LA,2024-12-31,,Dataset end
27774,20241231,GATE CITY BANK,2024-12-31,,Dataset end
27799,20241231,WILLIAM PENN BANK,2024-12-31,,Dataset end
27806,20241231,FAIRFIELD FS&LA OF LANCASTER,2024-12-31,,Dataset end
27811,20241231,INDEPENDENT BANK,2024-12-31,,Dataset end
27824,20241231,SALEM COOP BANK,2024-12-31,,Dataset end
27841,20241231,CITIZENS FS&LA,2024-12-31,,Dataset end
27847,20241231,PIONEER SAVINGS BANK,2024-12-31,,Dataset end
27861,20230630,MALVERN BANK N A,2023-06-30,,Institution stops before dataset end
27872,20241231,PIONEER BANK,2024-12-31,,Dataset end
27884,20241231,HUNTINGTON FSB,2024-12-31,,Dataset end
27897,20241231,BLACK MOUNTAIN SB SSB,2024-12-31,,Dataset end
27898,20241231,HOME S&LA OF CARROLL CNTY FA,2024-12-31,,Dataset end
27909,20200331,BEST HOMETOWN BANK,2020-03-31,,Institution stops before dataset end
27910,20241231,CENTRAL SAVINGS FSB,2024-12-31,,Dataset end
27918,20220930,FOXBORO FEDERAL SAVINGS,2022-09-30,,Institution stops before dataset end
27932,20240930,RIVERWOOD BANK,2024-09-30,,Institution stops before dataset end
27943,20241231,BRENTWOOD BANK,2024-12-31,,Dataset end
27955,20210630,OUR COMMUNITY BANK,2021-06-30,,Institution stops before dataset end
27965,20241231,GREENVILLE FEDERAL,2024-12-31,,Dataset end
27969,20241231,COMMUNITY SAVINGS,2024-12-31,,Dataset end
27981,20241231,CAPITOL FEDERAL SAVINGS BANK,2024-12-31,,Dataset end
27989,20241231,OSB COMMUNITY BANK,2024-12-31,,Dataset end
27998,20241231,GUARDIAN SAVINGS BANK,2024-12-31,,Dataset end
28035,20241231,BELMONT SAVINGS BANK SSB,2024-12-31,,Dataset end
28060,20241231,CITIZENS FS&LA,2024-12-31,,Dataset end
28063,20241231,COVINGTON SAVINGS&LOAN ASSN,2024-12-31,,Dataset end
28068,20211231,ROYAL SAVINGS BANK,2021-12-31,811.0,Institution stops before dataset end
28080,20241231,HARRISON BUILDING&LOAN ASSN,2024-12-31,,Dataset end
28085,20230630,NELSONVILLE HOME&SAVINGS,2023-06-30,,Institution stops before dataset end
28088,20241231,WASHINGTON FEDERAL BANK,2024-12-31,810.0,Dataset end
28094,20241231,HOME BANK NATIONAL ASSN,2024-12-31,,Dataset end
28100,20200630,IBERIABANK,2020-06-30,810.0,Institution stops before dataset end
28103,20241231,COLLINSVILLE BLDG&LA,2024-12-31,,Dataset end
28105,20241231,FIRST ROBINSON SB NA,2024-12-31,,Dataset end
28116,20241231,YAKIMA FS&LA,2024-12-31,,Dataset end
28151,20240930,WEST TOWN BANK&TRUST,2024-09-30,,Institution stops before dataset end
28155,20241231,PROFILE BANK,2024-12-31,,Dataset end
28157,20241231,CINCINNATUS SAVINGS&LOAN CO,2024-12-31,,Dataset end
28167,20241231,EASTERN CONNECTICUT SB,2024-12-31,,Dataset end
28178,20241231,NORTHWEST BANK,2024-12-31,,Dataset end
28186,20241231,MCS BANK,2024-12-31,,Dataset end
28208,20241231,SAN LUIS VALLEY FEDERAL BANK,2024-12-31,,Dataset end
28213,20241231,WINTER HILL BANK FSB,2024-12-31,,Dataset end
28217,20241231,WARSAW FS&LA,2024-12-31,,Dataset end
28222,20241231,HADDON SAVINGS BANK,2024-12-31,,Dataset end
28246,20241231,HOME SAVINGS BANK,2024-12-31,,Dataset end
28262,20241231,ESSA BANK&TRUST,2024-12-31,,Dataset end
28263,20241231,CFBANK NATIONAL ASSN,2024-12-31,,Dataset end
28266,20241231,CONNECT COMMUNITY BANK,2024-12-31,,Dataset end
28277,20241231,OZARKS FS&LA,2024-12-31,,Dataset end
28288,20241231,AUBURN SAVINGS BANK FSB,2024-12-31,,Dataset end
28302,20241231,MUTUAL FEDERAL BANK,2024-12-31,,Dataset end
28314,20241231,RIVERSIDE SAVINGS BANK SSB,2024-12-31,,Dataset end
28315,20241231,RG BANK A SAVINGS&LOAN ASSN,2024-12-31,,Dataset end
28316,20241231,FIDELITY BANK,2024-12-31,,Dataset end
28330,20210331,TCF NATIONAL BANK,2021-03-31,,Institution stops before dataset end
28332,20241231,SOUTHERN BANK,2024-12-31,810.0,Dataset end
28346,20230930,CINCINNATI FEDERAL,2023-09-30,,Institution stops before dataset end
28348,20241231,BELMONT SAVINGS BANK,2024-12-31,,Dataset end
28349,20241231,HOME FS&LA OF NILES,2024-12-31,,Dataset end
28359,20241231,OCEANFIRST BANK NA,2024-12-31,,Dataset end
28362,20241231,CENTURY BANK,2024-12-31,,Dataset end
28368,20241231,MIDDLESEX FEDERAL SAVINGS FA,2024-12-31,,Dataset end
28369,20241231,ROCKLAND SAVINGS BANK FSB,2024-12-31,,Dataset end
28380,20241231,ADIRONDACK BANK,2024-12-31,,Dataset end
28384,20200331,BEN FRANKLIN BANK OF IL,2020-03-31,,Institution stops before dataset end
28390,20241231,EDWARD JONES TRUST CO,2024-12-31,,Dataset end
28396,20241231,FIRST PALMETTO BANK,2024-12-31,,Dataset end
28400,20241231,WESTBURY BANK,2024-12-31,,Dataset end
28401,20241231,EUREKA SAVINGS BANK,2024-12-31,,Dataset end
28405,20241231,FIRST FED BANK,2024-12-31,,Dataset end
28425,20241231,CENTRAL FS&LA,2024-12-31,,Dataset end
28445,20241231,FIRST FSB CHAMPAIGN URBANA,2024-12-31,,Dataset end
28453,20241231,TIMBERLAND BANK,2024-12-31,,Dataset end
28463,20241231,LIBERTY BANK,2024-12-31,,Dataset end
28471,20241231,ROXBORO SAVINGS BANK SSB,2024-12-31,,Dataset end
28478,20241231,FARMERS&MECHANICS FSB,2024-12-31,,Dataset end
28480,20241231,COLUMBIA SAVINGS&LOAN ASSN,2024-12-31,,Dataset end
28481,20241231,COLONIAL FSB,2024-12-31,,Dataset end
28489,20241231,BANNER BANK,2024-12-31,,Dataset end
28507,20241231,ARGENTINE FEDERAL SAVINGS,2024-12-31,,Dataset end
28513,20241231,WATERSTONE BANK SSB,2024-12-31,,Dataset end
28515,20241231,TRUSTTEXAS BANK SSB,2024-12-31,,Dataset end
28530,20241231,FORWARD BANK,2024-12-31,810.0,Dataset end
28533,20241231,FIRST BANK RICHMOND,2024-12-31,,Dataset end
28543,20241231,CUSTER FEDERAL STATE BANK,2024-12-31,,Dataset end
28555,20241231,VALLEY CENTRAL BANK,2024-12-31,,Dataset end
28567,20200331,ROSELLE BANK,2020-03-31,,Institution stops before dataset end
28585,20241231,MAPLE CITY SAVINGS BANK FSB,2024-12-31,,Dataset end
28593,20241231,STURGIS BANK&TRUST CO,2024-12-31,,Dataset end
28599,20241231,OLYMPIA FS&LA,2024-12-31,,Dataset end
28611,20240930,PULASKI SAVINGS BANK,2024-09-30,,Institution stops before dataset end
28614,20241231,EQUITABLE BANK SSB,2024-12-31,,Dataset end
28635,20241231,FIRST FEDERAL S&L BANK,2024-12-31,,Dataset end
28637,20241231,MILTON SAVINGS BANK,2024-12-31,,Dataset end
28652,20241231,FAIRVIEW SAVINGS&LOAN ASSN,2024-12-31,,Dataset end
28663,20241231,BROOKVILLE BLDG&SVG ASSN,2024-12-31,,Dataset end
28667,20241231,HOMESTEAD SAVINGS BANK,2024-12-31,,Dataset end
28670,20220331,GUARANTY BANK,2022-03-31,810.0,Institution stops before dataset end
28677,20241231,CONNEAUT SAVINGS BANK,2024-12-31,,Dataset end
28679,20241231,NORTH SHORE BANK,2024-12-31,,Dataset end
28684,20220630,CHESAPEAKE BANK OF MARYLAND,2022-06-30,,Institution stops before dataset end
28701,20241231,AMBLER SAVINGS BANK,2024-12-31,,Dataset end
28703,20241231,VERSAILLES SAVINGS&LOAN CO,2024-12-31,,Dataset end
28706,20241231,FIRST FS&LA OF GREENE CO,2024-12-31,,Dataset end
28708,20241231,GSL SAVINGS BANK,2024-12-31,,Dataset end
28710,20241231,NORTHFIELD BANK,2024-12-31,,Dataset end
28712,20241231,FIRST FS OF MIDDLETOWN,2024-12-31,,Dataset end
28722,20241231,KENTLAND FS&LA,2024-12-31,,Dataset end
28723,20230930,FIRST SAVINGS BANK,2023-09-30,,Institution stops before dataset end
28729,20241231,ASCENDIA BANK,2024-12-31,,Dataset end
28735,20241231,GOLDEN BELT BANK FSA,2024-12-31,,Dataset end
28747,20241231,HOYNE SAVINGS BANK,2024-12-31,,Dataset end
28765,20241231,KEARNY BANK,2024-12-31,,Dataset end
28769,20241231,FIRST FSB OF ANGOLA,2024-12-31,,Dataset end
28774,20200930,LOOMIS FS&LA,2020-09-30,,Institution stops before dataset end
28776,20220630,QUARRY CITY S&LA,2022-06-30,,Institution stops before dataset end
28778,20241231,SOMERSET REGAL BANK,2024-12-31,810.0,Dataset end
28780,20241231,ARUNDEL FEDERAL SAVINGS BANK,2024-12-31,,Dataset end
28788,20241231,STURDY SAVINGS BANK,2024-12-31,,Dataset end
28790,20241231,SUPERIOR SAVINGS BANK,2024-12-31,,Dataset end
28793,20241231,SHARON BANK,2024-12-31,,Dataset end
28805,20241231,SUNNYSIDE FS&LA OF IRVINGTON,2024-12-31,,Dataset end
28807,20200331,WEST END BANK S B,2020-03-31,,Institution stops before dataset end
28808,20241231,BANKFINANCIAL NATIONAL ASSN,2024-12-31,,Dataset end
28812,20241231,ARMOR BANK,2024-12-31,,Dataset end
28818,20241231,CREST SAVINGS BANK,2024-12-31,,Dataset end
28834,20241231,COLUMBIA BANK,2024-12-31,810.0,Dataset end
28836,20241231,UNITED SAVINGS BANK,2024-12-31,,Dataset end
28837,20241231,BRATTLEBORO S&LA,2024-12-31,,Dataset end
28841,20241231,COMMUNITY SAVINGS BANK,2024-12-31,,Dataset end
28845,20241231,FIRST FSB OF TWIN FALLS,2024-12-31,,Dataset end
28859,20241231,FIRST PIEDMONT FS&LA GAFFNEY,2024-12-31,,Dataset end
28860,20241231,CENTURY SAVINGS&LOAN ASSN,2024-12-31,,Dataset end
28865,20241231,MIDCOUNTRY BANK,2024-12-31,810.0,Dataset end
28868,20241231,BROADSTREET BANK SSB,2024-12-31,,Dataset end
28870,20241231,WALLKILL VALLEY FS&LA,2024-12-31,,Dataset end
28892,20220331,INVESTORS BANK,2022-03-31,,Institution stops before dataset end
28894,20241231,SECURITY FSB,2024-12-31,820.0,Dataset end
28905,20241231,FIRST FINANCIAL BANK,2024-12-31,,Dataset end
28908,20241231,IRON WORKERS SAVINGS BANK,2024-12-31,,Dataset end
28914,20241231,EVERGREEN FEDERAL BANK,2024-12-31,,Dataset end
28924,20241231,FIRST FEDERAL SAVINGS BANK,2024-12-31,,Dataset end
28925,20241231,SECURITY SAVINGS BANK,2024-12-31,,Dataset end
28930,20241231,VERIMORE BANK,2024-12-31,,Dataset end
28934,20210930,PERPETUAL FSB OF URBANA,2021-09-30,,Institution stops before dataset end
28942,20241231,CARTHAGE S&L NA,2024-12-31,,Dataset end
28949,20241231,AMORY FS&LA,2024-12-31,,Dataset end
28963,20220630,LINCOLN 1ST BANK,2022-06-30,,Institution stops before dataset end
28983,20241231,LADYSMITH FS&LA,2024-12-31,,Dataset end
28989,20241231,WCF FINANCIAL BANK,2024-12-31,,Dataset end
29005,20241231,FIRST FS&LA,2024-12-31,,Dataset end
29009,20241231,LIBERTY BANK FOR SAVINGS,2024-12-31,,Dataset end
29011,20241231,MECHANICS BANK,2024-12-31,,Dataset end
29012,20241231,HERITAGE BANK,2024-12-31,,Dataset end
29024,20241231,BEDFORD FEDERAL SAVINGS BANK,2024-12-31,,Dataset end
29035,20241231,HANCOCK COUNTY SB FSB,2024-12-31,,Dataset end
29042,20240930,HOME FEDERAL SAVINGS BANK,2024-09-30,,Institution stops before dataset end
29047,20241231,FIRST FEDERAL BANK OF KS CTY,2024-12-31,820.0,Dataset end
29049,20240331,LAKE CITY FEDERAL BANK,2024-03-31,,Institution stops before dataset end
29056,20241231,FIRST FEDERAL SAVINGS BANK,2024-12-31,,Dataset end
29058,20241231,FIRST FINANCIAL NW BANK,2024-12-31,,Dataset end
29059,20241231,TUCUMCARI FS&LA,2024-12-31,,Dataset end
29061,20241231,TARBORO SAVINGS BANK SSB,2024-12-31,,Dataset end
29065,20230630,ELBERTON FS&LA,2023-06-30,,Institution stops before dataset end
29066,20241231,DEL NORTE BANK,2024-12-31,,Dataset end
29087,20241231,SOUTHWEST HERITAGE BANK,2024-12-31,,Dataset end
29089,20241231,NEWPORT FEDERAL BANK,2024-12-31,,Dataset end
29090,20241231,FIRST FS&LA,2024-12-31,,Dataset end
29093,20241231,INVESTORS COMMUNITY BANK,2024-12-31,,Dataset end
29120,20241231,PYRAMAX BANK FSB,2024-12-31,,Dataset end
29121,20241231,UNION SAVINGS BANK,2024-12-31,,Dataset end
29135,20241231,FIRST FS&LA OF VAN WERT,2024-12-31,,Dataset end
29140,20241231,AMERICAN FEDERAL BANK,2024-12-31,,Dataset end
29143,20241231,ARLO BANK,2024-12-31,820.0,Dataset end
29147,20241231,NORTHEAST COMMUNITY BANK,2024-12-31,,Dataset end
29164,20241231,FIRST FS&LA OF VALDOSTA,2024-12-31,,Dataset end
29170,20241231,UNITED ROOSEVELT SB,2024-12-31,,Dataset end
29173,20241231,NEW CARLISLE FSB,2024-12-31,,Dataset end
29177,20241231,BANKTENNESSEE,2024-12-31,,Dataset end
29186,20241231,LAWRENCEBURG FEDERAL BANK,2024-12-31,,Dataset end
29188,20241231,FOX VALLEY SAVINGS BANK,2024-12-31,820.0,Dataset end
29206,20241231,GRAHAM SAVINGS&LOAN SSB,2024-12-31,,Dataset end
29208,20241231,DALHART FS&LA SSB,2024-12-31,,Dataset end
29209,20241231,NEXBANK,2024-12-31,,Dataset end
29224,20200930,HERITAGE STATE BANK,2020-09-30,,Institution stops before dataset end
29227,20241231,WASHINGTON SAVINGS BANK,2024-12-31,,Dataset end
29231,20241231,COUNTY SAVINGS BANK,2024-12-31,,Dataset end
29238,20241231,WOODRUFF FS&LA,2024-12-31,,Dataset end
29241,20241231,HENDERSON FSB,2024-12-31,,Dataset end
29268,20241231,EUREKA HOMESTEAD,2024-12-31,,Dataset end
29281,20200331,WASHINGTON SAVINGS BANK,2020-03-31,,Institution stops before dataset end
29293,20241231,CUMBERLAND FEDERAL BANK FSB,2024-12-31,,Dataset end
29294,20241231,PREVAIL BANK,2024-12-31,,Dataset end
29313,20200930,WINFIRST BANK,2020-09-30,,Institution stops before dataset end
29331,20241231,TC FEDERAL BANK,2024-12-31,,Dataset end
29332,20241231,FIRST SOUTHERN BANK,2024-12-31,,Dataset end
29345,20241231,FIRST FS&LA,2024-12-31,,Dataset end
29357,20241231,FAMILY BANK,2024-12-31,,Dataset end
29379,20241231,SIDNEY FS&LA,2024-12-31,,Dataset end
29384,20241231,PERU FEDERAL SAVINGS BANK,2024-12-31,,Dataset end
29399,20241231,GN BANK,2024-12-31,,Dataset end
29426,20241231,WORTHINGTON FSB FSB,2024-12-31,,Dataset end
29430,20241231,COMPASS SAVINGS BANK,2024-12-31,,Dataset end
29449,20241231,NORTH SIDE FS&LA OF CHICAGO,2024-12-31,,Dataset end
29471,20241231,ARMSTRONG COUNTY BLDG&LA,2024-12-31,,Dataset end
29476,20241231,HOME FS&LA OF GRAND ISLAND,2024-12-31,,Dataset end
29486,20241231,KINGSTREE FS&LA,2024-12-31,,Dataset end
29488,20241231,FIRST FS&LA OF LAKEWOOD,2024-12-31,,Dataset end
29490,20241231,FIRST FS&LA OF RAVENSWOOD,2024-12-31,,Dataset end
29495,20241231,GREENWAY BANK,2024-12-31,,Dataset end
29496,20241231,SENECA SAVINGS,2024-12-31,,Dataset end
29501,20231231,INTERSTATE FS&LA OF MCGREGOR,2023-12-31,,Institution stops before dataset end
29510,20241231,AFFINITY BANK NATIONAL ASSN,2024-12-31,,Dataset end
29517,20241231,PIONEER FS&LA,2024-12-31,,Dataset end
29520,20241231,WASHINGTON FINANCIAL BANK,2024-12-31,,Dataset end
29521,20241231,FIDELITY FS&LA OF DELAWARE,2024-12-31,,Dataset end
29523,20241231,PEOPLES BANK,2024-12-31,,Dataset end
29532,20230930,NOKOMIS SAVINGS BANK,2023-09-30,,Institution stops before dataset end
29535,20241231,DEWITT SAVINGS BANK,2024-12-31,,Dataset end
29537,20241231,FIRST FEDERAL BANK&TRUST,2024-12-31,,Dataset end
29546,20241231,GREAT SOUTHERN BANK,2024-12-31,,Dataset end
29548,20241231,PINNACLE BANK,2024-12-31,,Dataset end
29566,20241231,UNITED FIDELITY BANK FSB,2024-12-31,810.0,Dataset end
29571,20241231,HOME S&L KENTON OH DBA HSLC,2024-12-31,,Dataset end
29577,20241231,HERITAGE BANK OF ST TAMMANY,2024-12-31,,Dataset end
29578,20241231,MONROE FS&LA,2024-12-31,,Dataset end
29582,20241231,PEE DEE FEDERAL SAVINGS BANK,2024-12-31,,Dataset end
29613,20241231,ROSEDALE FS&LA,2024-12-31,,Dataset end
29617,20241231,FIRST MUTUAL BANK FSB,2024-12-31,,Dataset end
29624,20241231,FIRST FS&LA OF MCMINNVILLE,2024-12-31,,Dataset end
29627,20241231,SECOND FS&LA OF PHILADELPHIA,2024-12-31,,Dataset end
29632,20241231,WINDSOR FEDERAL BANK,2024-12-31,,Dataset end
29636,20241231,FIRST FS&LA OF BATH,2024-12-31,,Dataset end
29637,20241231,BIG HORN FSB,2024-12-31,,Dataset end
29645,20241231,FIRST FS&LA OF CNTL IL S B,2024-12-31,,Dataset end
29646,20230630,FIRST FS&LA,2023-06-30,,Institution stops before dataset end
29657,20241231,GREAT MIDWEST BANK SSB,2024-12-31,,Dataset end
29661,20201231,KENNEBEC FS&LA OF WATERVILLE,2020-12-31,,Institution stops before dataset end
29672,20241231,CFSBANK,2024-12-31,,Dataset end
29675,20241231,IROQUOIS FS&LA,2024-12-31,,Dataset end
29676,20241231,PAPER CITY SAVINGS BANK SA,2024-12-31,,Dataset end
29677,20241231,NASHVILLE SAVINGS BANK,2024-12-31,,Dataset end
29679,20241231,ANTHEM BANK&TRUST,2024-12-31,,Dataset end
29683,20241231,HOME FEDERAL BANK OF TN,2024-12-31,,Dataset end
29685,20241231,MARTINSVILLE FIRST SB,2024-12-31,,Dataset end
29690,20241231,FIRST FEDERAL SAVINGS BANK,2024-12-31,,Dataset end
29691,20241231,KEYSAVINGS BANK,2024-12-31,,Dataset end
29692,20241231,LINCOLN FSB OF NEBRASKA,2024-12-31,,Dataset end
29695,20241231,HOME LOAN SAVINGS BANK,2024-12-31,,Dataset end
29696,20241231,BUFFALO FEDERAL BANK,2024-12-31,,Dataset end
29700,20241231,CENTURY NEXT BANK,2024-12-31,,Dataset end
29703,20220930,PEOPLES FS&LA,2022-09-30,,Institution stops before dataset end
29705,20241231,FIRST FED CMTY BK OF BUCYRUS,2024-12-31,,Dataset end
29708,20241231,NORTH AMERICAN SB FSB,2024-12-31,,Dataset end
29710,20241231,FIRST FSB OF WASHINGTON,2024-12-31,,Dataset end
29731,20241231,SOUTHERN BANK CO,2024-12-31,,Dataset end
29743,20241231,AROOSTOOK COUNTY FS&LA,2024-12-31,,Dataset end
29744,20241231,FIRST SEACOAST BANK,2024-12-31,,Dataset end
29745,20241231,MARATHON BANK,2024-12-31,,Dataset end
29749,20241231,SOUTHERN HILLS CMTY BANK,2024-12-31,,Dataset end
29764,20241231,CLAY COUNTY SAVINGS BANK,2024-12-31,,Dataset end
29771,20241231,KS BANK INC,2024-12-31,,Dataset end
29772,20241231,VIDALIA FEDERAL SAVINGS BANK,2024-12-31,,Dataset end
29774,20241231,CARROLLTON FEDERAL BANK,2024-12-31,,Dataset end
29782,20241231,FIRST FEDERAL BANK,2024-12-31,,Dataset end
29783,20241231,HIGH COUNTRY BANK,2024-12-31,,Dataset end
29787,20241231,FIRST FEDERAL CMTY BANK NA,2024-12-31,,Dataset end
29800,20241231,LISLE SAVINGS BANK,2024-12-31,,Dataset end
29804,20241231,CATALYST BANK,2024-12-31,,Dataset end
29809,20241231,FIRST SB OF HEGEWISCH,2024-12-31,,Dataset end
29813,20241231,PEOPLES SAVINGS&LOAN CO,2024-12-31,,Dataset end
29835,20241231,MILFORD FEDERAL BANK,2024-12-31,,Dataset end
29838,20241231,FIRST FS&LA OF LORAIN,2024-12-31,,Dataset end
29839,20241231,CROSSROADS BANK,2024-12-31,,Dataset end
29842,20241231,COMMONWEALTH COOP BANK,2024-12-31,,Dataset end
29845,20241231,PREMIER BANK,2024-12-31,,Dataset end
29846,20241231,EATON COMMUNITY BANK,2024-12-31,,Dataset end
29847,20241231,MAIN STREET BANK CORP,2024-12-31,810.0,Dataset end
29857,20241231,LIBERTY SAVINGS ASSN FSA,2024-12-31,,Dataset end
29858,20241231,SSB COMMUNITY BANK,2024-12-31,,Dataset end
29874,20241231,DEARBORN FSB,2024-12-31,,Dataset end
29875,20241231,NVE BANK,2024-12-31,,Dataset end
29878,20241231,AMERICAN CMTY BANK OF IN,2024-12-31,,Dataset end
29881,20241231,HOME BANK SB,2024-12-31,,Dataset end
29904,20241231,ELIZABETHTON FSB,2024-12-31,,Dataset end
29907,20241231,LOGANSPORT SAVINGS BANK,2024-12-31,,Dataset end
29910,20241231,SCOTTSBURG BLDG&LA,2024-12-31,,Dataset end
29922,20241231,RIVERVIEW BANK,2024-12-31,,Dataset end
29926,20200331,DEARBORN SAVINGS BANK,2020-03-31,,Institution stops before dataset end
29933,20241231,UNION SAVINGS&LOAN ASSN,2024-12-31,,Dataset end
29937,20241231,FIRST FSB OF KENTUCKY,2024-12-31,,Dataset end
29941,20241231,BOGOTA SAVINGS BANK,2024-12-31,,Dataset end
29950,20241231,SANTANDER BANK N A,2024-12-31,,Dataset end
29961,20241231,FIRST SAVINGS BANK,2024-12-31,,Dataset end
29966,20241231,EQUITABLE SAVINGS&LOAN CO,2024-12-31,,Dataset end
29975,20241231,PEOPLES SAVINGS BANK,2024-12-31,,Dataset end
29980,20241231,MIDLAND FS&LA,2024-12-31,,Dataset end
29981,20210331,EDGEWATER BANK,2021-03-31,,Institution stops before dataset end
29986,20240930,GUARDIAN SAVINGS BANK,2024-09-30,,Institution stops before dataset end
29988,20241231,MUTUAL SAVINGS ASSN,2024-12-31,,Dataset end
29995,20241231,PHOENIXVILLE FEDERAL B&T,2024-12-31,,Dataset end
29999,20231231,MUTUAL SAVINGS BANK,2023-12-31,,Institution stops before dataset end
30011,20220930,PRUDENTIAL BANK,2022-09-30,,Institution stops before dataset end
30012,20241231,THIRD FS&LA OF CLEVELAND,2024-12-31,,Dataset end
30022,20200630,MILLINGTON BANK,2020-06-30,,Institution stops before dataset end
30031,20241231,HUNTINGDON SAVINGS BANK,2024-12-31,,Dataset end
30039,20241231,HAVEN SAVINGS BANK,2024-12-31,,Dataset end
30043,20241231,BEARDSTOWN SAVINGS S B,2024-12-31,,Dataset end
30052,20241231,BLUE FOUNDRY BANK,2024-12-31,,Dataset end
30056,20200331,FAIRPORT SAVINGS BANK,2020-03-31,,Institution stops before dataset end
30058,20241231,FIRST FS&LA OF GREENSBURG,2024-12-31,,Dataset end
30065,20241231,PEOPLES CMTY BK SB MONTICELL,2024-12-31,,Dataset end
30067,20241231,CORNERSTONE BANK,2024-12-31,,Dataset end
30072,20241231,SCHUYLER SAVINGS BANK,2024-12-31,,Dataset end
30076,20241231,SPENCER SAVINGS BANK SLA,2024-12-31,,Dataset end
30084,20241231,MERCER SAVINGS BANK,2024-12-31,,Dataset end
30085,20241231,PRESENCE BANK,2024-12-31,,Dataset end
30103,20241231,MONROE SAVINGS BANK,2024-12-31,,Dataset end
30111,20241231,OCONEE FS&LA,2024-12-31,810.0,Dataset end
30117,20241231,RELIANCE SAVINGS BANK,2024-12-31,,Dataset end
30119,20241231,PENNCREST BANK,2024-12-31,,Dataset end
30121,20241231,INVESTMENT SAVINGS BANK,2024-12-31,,Dataset end
30126,20201231,GIBRALTAR BANK,2020-12-31,,Institution stops before dataset end
30128,20241231,BOONVILLE FSB,2024-12-31,,Dataset end
30133,20241231,MID-SOUTHERN SB FSB,2024-12-31,,Dataset end
30150,20241231,CITIZENS FSB,2024-12-31,,Dataset end
30152,20241231,MILFORD BUILDING&LOAN ASSN,2024-12-31,,Dataset end
30154,20241231,SEWICKLEY SAVINGS BANK,2024-12-31,,Dataset end
30155,20241231,HATBORO FEDERAL SAVINGS FA,2024-12-31,,Dataset end
30166,20241231,FIRST CMTY BANK OF CULLMAN,2024-12-31,,Dataset end
30167,20241231,CULLMAN SAVINGS BANK,2024-12-31,,Dataset end
30176,20241231,HOME SB OF WAPAKONETA,2024-12-31,,Dataset end
30182,20241231,OPPORTUNITY BANK OF MONTANA,2024-12-31,,Dataset end
30183,20241231,MILLVILLE SAVINGS BANK,2024-12-31,,Dataset end
30219,20241231,HOMETOWN BANK,2024-12-31,,Dataset end
30220,20241231,CHESTER NATIONAL BANK,2024-12-31,,Dataset end
30241,20220930,FIRST SAVANNA SAVINGS BANK,2022-09-30,,Institution stops before dataset end
30248,20220331,HOME SAVINGS BANK,2022-03-31,,Institution stops before dataset end
30260,20241231,CROSS COUNTY SAVINGS BANK,2024-12-31,,Dataset end
30270,20241231,CITIZENS SAVINGS BANK,2024-12-31,,Dataset end
30291,20241231,FIRST FED BK LITTLEFIELD TX,2024-12-31,,Dataset end
30303,20241231,MASPETH FS&LA,2024-12-31,,Dataset end
30306,20210331,BROADWAY FEDERAL BANK FSB,2021-03-31,,Institution stops before dataset end
30313,20241231,EAST WISCONSIN SAVINGS BANK,2024-12-31,,Dataset end
30315,20241231,FIRST FSB OF LINCOLNTON,2024-12-31,,Dataset end
30332,20241231,ABBEVILLE BLDG&L STATE-CHART,2024-12-31,,Dataset end
30337,20211231,STERLING NATIONAL BANK,2021-12-31,,Institution stops before dataset end
30339,20241231,BEAUREGARD FSB,2024-12-31,,Dataset end
30350,20241231,BANK OF BENNINGTON,2024-12-31,,Dataset end
30357,20241231,STREATOR HOME SAVINGS BANK,2024-12-31,,Dataset end
30358,20241231,FIRST SAVINGS&LOAN ASSN,2024-12-31,,Dataset end
30367,20241231,1ST BANK OF SEA ISLE CITY,2024-12-31,,Dataset end
30387,20241231,FIRSTBANK PUERTO RICO,2024-12-31,,Dataset end
30388,20241231,GUNNISON SAVINGS&LOAN ASSN,2024-12-31,,Dataset end
30394,20241231,CARVER FEDERAL SAVINGS BANK,2024-12-31,,Dataset end
30395,20241231,TECUMSEH FEDERAL BANK,2024-12-31,,Dataset end
30397,20241231,GEDDES FS&LA,2024-12-31,,Dataset end
30401,20241231,PENN COMMUNITY BANK,2024-12-31,,Dataset end
30402,20241231,FRANKLIN BANK,2024-12-31,,Dataset end
30422,20241231,FIRST FEDERAL BANK OF WI,2024-12-31,,Dataset end
30428,20241231,CENTURY SAVINGS BANK,2024-12-31,,Dataset end
30429,20241231,MASSENA SAVINGS&LOAN,2024-12-31,,Dataset end
30431,20241231,SSB BANK,2024-12-31,,Dataset end
30433,20210331,SOUTHFIRST BANK,2021-03-31,,Institution stops before dataset end
30434,20241231,MORGANTON SAVINGS BANK SSB,2024-12-31,,Dataset end
30439,20240331,EAGLE BANK,2024-03-31,,Institution stops before dataset end
30441,20241231,FIRST FEDERAL BANK OF LA,2024-12-31,,Dataset end
30447,20241231,RAYNE BUILDING&LOAN ASSN,2024-12-31,,Dataset end
30464,20230331,HUNTINGDON VALLEY BANK,2023-03-31,,Institution stops before dataset end
30470,20241231,MANASQUAN BANK,2024-12-31,,Dataset end
30492,20241231,JACKSON FS&LA,2024-12-31,,Dataset end
30516,20241231,CROSSBRIDGE COMMUNITY BANK,2024-12-31,,Dataset end
30519,20240930,FREEHOLD BANK,2024-09-30,,Institution stops before dataset end
30530,20241231,LAKE SHORE SAVINGS BANK,2024-12-31,,Dataset end
30544,20241231,MARQUETTE SAVINGS BANK,2024-12-31,,Dataset end
30551,20241231,WESTMORELAND FS&LA,2024-12-31,,Dataset end
30585,20241231,MAYVILLE SAVINGS BANK,2024-12-31,,Dataset end
30595,20241231,F&M BANK&TRUST CO,2024-12-31,,Dataset end
30615,20220331,TEMPO BANK A FSB,2022-03-31,,Institution stops before dataset end
30618,20230331,WABASH SAVINGS BANK,2023-03-31,,Institution stops before dataset end
30619,20241231,ABBEVILLE FIRST BANK SSB,2024-12-31,,Dataset end
30637,20241231,GREENVILLE SAVINGS BANK,2024-12-31,,Dataset end
30656,20241231,NORTH COUNTY SAVINGS BANK,2024-12-31,,Dataset end
30664,20200331,CENTRAL FS&LA OF ROLLA,2020-03-31,,Institution stops before dataset end
30680,20241231,FIRST SHORE FS&LA,2024-12-31,,Dataset end
30688,20241231,PEOPLES FIRST SAVINGS BANK,2024-12-31,,Dataset end
30692,20241231,BANKPACIFIC LTD,2024-12-31,,Dataset end
30698,20200331,FIRST ADVANTAGE BANK,2020-03-31,,Institution stops before dataset end
30704,20241231,MAGYAR BANK,2024-12-31,,Dataset end
30707,20241231,EQUITABLE SAVINGS&LOAN ASSN,2024-12-31,,Dataset end
30722,20241231,UNIVERSAL BANK,2024-12-31,,Dataset end
30746,20211231,E*TRADE BANK,2021-12-31,810.0,Institution stops before dataset end
30776,20241231,PATHWARD NATIONAL ASSN,2024-12-31,,Dataset end
30788,20241231,GLACIER BANK,2024-12-31,,Dataset end
30812,20241231,FIRST FS&LA,2024-12-31,,Dataset end
30819,20241231,COMMUNITY PARTNERS SB,2024-12-31,810.0,Dataset end
30836,20241231,TERRITORIAL SAVINGS BANK,2024-12-31,,Dataset end
30846,20221231,HERITAGE SOUTHEAST BANK,2022-12-31,,Institution stops before dataset end
30864,20240630,MCHENRY SAVINGS BANK,2024-06-30,,Institution stops before dataset end
30878,20241231,BAR HARBOR SAVINGS&LOAN ASSN,2024-12-31,,Dataset end
30879,20241231,PROVIDENT SAVINGS BANK FSB,2024-12-31,,Dataset end
30889,20241231,PEOPLES SAVINGS&LOAN CO,2024-12-31,,Dataset end
30895,20241231,FIDELITY BANK NATIONAL ASSN,2024-12-31,,Dataset end
30903,20230630,COMMUNITY BK CHESAPEAKE,2023-06-30,,Institution stops before dataset end
30943,20241231,MID-CENTRAL NATIONAL BANK,2024-12-31,,Dataset end
30953,20241231,EL DORADO SAVINGS BANK FSB,2024-12-31,,Dataset end
30954,20200331,FIDELITY S&LA OF BUCKS CO,2020-03-31,,Institution stops before dataset end
30969,20241231,FIRST FSB OF MASCOUTAH,2024-12-31,,Dataset end
30976,20241231,GOUVERNEUR SAVINGS&LOAN ASSN,2024-12-31,810.0,Dataset end
30987,20241231,SPRATT SAVINGS BANK,2024-12-31,,Dataset end
30996,20241231,CENLAR FSB,2024-12-31,,Dataset end
31028,20241231,HOMETOWN BANK,2024-12-31,,Dataset end
31043,20241231,INTERSTATE BANK,2024-12-31,,Dataset end
31077,20241231,FIRST FEDERAL BANK,2024-12-31,,Dataset end
31083,20241231,JARRETTSVILLE FS&LA,2024-12-31,,Dataset end
31089,20241231,PICKENS SAVINGS&LOAN ASSN FA,2024-12-31,,Dataset end
31090,20241231,BLUE GRASS FS&LA,2024-12-31,,Dataset end
31100,20241231,SECURITY FEDERAL BANK,2024-12-31,,Dataset end
31109,20211231,NORTH ARUNDEL SAVINGS BANK,2021-12-31,,Institution stops before dataset end
31121,20241231,CECIL BANK,2024-12-31,,Dataset end
31127,20241231,FIRST FEDERAL BANK A FSB,2024-12-31,,Dataset end
31146,20241231,SECURITY FSB OF MCMINNVILLE,2024-12-31,,Dataset end
31158,20241231,FIRST SOUTHERN BANK,2024-12-31,,Dataset end
31184,20241231,CITIZENS SAVINGS BANK,2024-12-31,,Dataset end
31189,20241231,PONCE BANK,2024-12-31,,Dataset end
31197,20241231,FIRST FS&LA,2024-12-31,,Dataset end
31198,20241231,GREENEVILLE FEDERAL BANK FSB,2024-12-31,,Dataset end
31217,20241231,LIFESTORE BANK,2024-12-31,,Dataset end
31223,20241231,FIRST HARRISON BANK,2024-12-31,,Dataset end
31232,20241231,HIGHLAND FS&LA,2024-12-31,,Dataset end
31236,20241231,HEARTHSIDE BANK CORP,2024-12-31,,Dataset end
31249,20241231,1ST UNITED BANK,2024-12-31,,Dataset end
31257,20200331,NEW BUFFALO SAVINGS BANK,2020-03-31,,Institution stops before dataset end
31266,20241231,JACKSON SAVINGS BANK SSB,2024-12-31,,Dataset end
31267,20241231,HOMEWOOD FSB,2024-12-31,,Dataset end
31272,20241231,COMMUNITY BANK,2024-12-31,,Dataset end
31313,20241231,FIRST FEDERAL BANK,2024-12-31,,Dataset end
31329,20241231,WEST PLAINS S&LA,2024-12-31,,Dataset end
31345,20241231,HERTFORD SAVINGS BANK SSB,2024-12-31,,Dataset end
31361,20241231,COLONIAL SAVINGS FA,2024-12-31,,Dataset end
31381,20201231,SECURITY FEDERAL BANK,2020-12-31,,Institution stops before dataset end
31390,20241231,AXIOM BANK NATIONAL ASSN,2024-12-31,,Dataset end
31406,20241231,FIRST FS&LA OF SAN RAFAEL,2024-12-31,,Dataset end
31409,20241231,FIRST FS&LA,2024-12-31,,Dataset end
31410,20241231,1ST FSB OF SC INC,2024-12-31,,Dataset end
31443,20210331,BRAINERD S&LA A FA,2021-03-31,,Institution stops before dataset end
31461,20241231,HARLEYSVILLE BANK,2024-12-31,,Dataset end
31469,20241231,ORIENTAL BANK,2024-12-31,,Dataset end
31479,20241231,FIRST FIDELITY BANK,2024-12-31,,Dataset end
31485,20241231,EQUITABLE BANK,2024-12-31,,Dataset end
31488,20241231,PROGRESSIVE OZARK BANK,2024-12-31,,Dataset end
31516,20241231,FIRST FEDERAL SAVINGS BANK,2024-12-31,,Dataset end
31539,20241231,WILMINGTON SAVINGS BANK,2024-12-31,,Dataset end
31545,20241231,CENTRAL BANK,2024-12-31,,Dataset end
31592,20211231,SECURITY FSB,2021-12-31,,Institution stops before dataset end
31628,20241231,EAST WEST BANK,2024-12-31,,Dataset end
31694,20241231,VOLUNTEER FSB,2024-12-31,,Dataset end
31711,20241231,RIVERBANK,2024-12-31,,Dataset end
31723,20241231,HOME SAVINGS BANK FSB,2024-12-31,,Dataset end
31762,20241231,GREATER STATE BANK,2024-12-31,,Dataset end
31774,20241231,HOME FS&LA,2024-12-31,,Dataset end
31823,20241231,INTERAMERICAN BANK A FSB,2024-12-31,,Dataset end
31840,20241231,FINANCIAL FEDERAL BANK,2024-12-31,,Dataset end
31864,20241231,GRAND BANK FOR SAVINGS FSB,2024-12-31,,Dataset end
31900,20241231,CBL STATE SAVINGS BANK,2024-12-31,,Dataset end
31905,20241231,CYPRESS BANK SSB,2024-12-31,,Dataset end
31928,20241231,FIRST SENTINEL BANK,2024-12-31,,Dataset end
31936,20241231,FAYETTE SAVINGS BANK SSB,2024-12-31,,Dataset end
31945,20241231,TRUSTCO BANK,2024-12-31,,Dataset end
31972,20241231,FIRST WESTERN FSB,2024-12-31,,Dataset end
31980,20210630,AMERICAN B&T CUMBERLANDS,2021-06-30,,Institution stops before dataset end
31994,20241231,SLOVENIAN S&LA FRANKLIN-CONE,2024-12-31,,Dataset end
31999,20241231,MADISON COUNTY BANK,2024-12-31,,Dataset end
32018,20241231,ANGELINA SAVINGS BANK SSB,2024-12-31,,Dataset end
32025,20241231,UNITED BANK,2024-12-31,,Dataset end
32082,20241231,VIKING BANK NATIONAL ASSN,2024-12-31,,Dataset end
32084,20241231,GRAND SAVINGS BANK,2024-12-31,,Dataset end
32135,20241231,SHELBY SAVINGS BANK SSB,2024-12-31,,Dataset end
32172,20241231,PACIFIC PREMIER BANK NA,2024-12-31,,Dataset end
32178,20231231,LUTHER BURBANK SAVINGS,2023-12-31,,Institution stops before dataset end
32188,20241231,USAA FEDERAL SAVINGS BANK,2024-12-31,810.0,Dataset end
32203,20241231,SUMMIT STATE BANK,2024-12-31,,Dataset end
32232,20241231,STERLING BANK&TRUST FSB,2024-12-31,,Dataset end
32242,20241231,LIBERTY SAVINGS BANK FSB,2024-12-31,,Dataset end
32245,20241231,DOLLAR BANK FSB,2024-12-31,810.0,Dataset end
32257,20241231,ABACUS FEDERAL SAVINGS BANK,2024-12-31,,Dataset end
32277,20241231,EASTERN INTERNATIONAL BANK,2024-12-31,,Dataset end
32282,20241231,MALAGA BANK FSB,2024-12-31,,Dataset end
32286,20241231,COMMUNITY SAVINGS BANK,2024-12-31,,Dataset end
32292,20241231,WOODSFIELD SAVINGS BANK,2024-12-31,,Dataset end
32293,20241231,MIAMI SAVINGS BANK,2024-12-31,,Dataset end
32296,20241231,UNION SAVINGS BANK,2024-12-31,,Dataset end
32306,20241231,NEW FOUNDATION SAVINGS BANK,2024-12-31,,Dataset end
32307,20241231,GALION BUILDING&LOAN BANK,2024-12-31,,Dataset end
32348,20241231,TAYLORSVILLE SB SSB,2024-12-31,,Dataset end
32360,20241231,EASTERN SAVINGS BANK FSB,2024-12-31,,Dataset end
32363,20241231,PRESIDENTIAL BANK FSB,2024-12-31,,Dataset end
32367,20210930,SEVERN SB FSB DBA SEVERN BK,2021-09-30,,Institution stops before dataset end
32393,20200930,CARROLL COMMUNITY BANK,2020-09-30,,Institution stops before dataset end
32441,20241231,UNITED MIDWEST SB NA,2024-12-31,,Dataset end
32459,20241231,HOMELAND FSB,2024-12-31,,Dataset end
32487,20210930,1ST CAMERON STATE BANK,2021-09-30,,Institution stops before dataset end
32489,20241231,HOMESTREET BANK,2024-12-31,,Dataset end
32526,20241231,AMERICAN SAVINGS BANK FSB,2024-12-31,,Dataset end
32527,20241231,BAYVANGUARD BANK,2024-12-31,,Dataset end
32532,20241231,SOUTH GEORGIA BANK,2024-12-31,,Dataset end
32541,20241231,FLAGSTAR BANK NATIONAL ASSN,2024-12-31,,Dataset end
32551,20241231,LENDINGCLUB BANK NA,2024-12-31,,Dataset end
32574,20241231,BEAL BANK,2024-12-31,,Dataset end
32606,20211231,UNIVERSITY NB OF LAWRENCE,2021-12-31,,Institution stops before dataset end
32612,20241231,NATIONAL COOP BANK N A,2024-12-31,,Dataset end
32629,20241231,FIRST SAVINGS BANK,2024-12-31,,Dataset end
32647,20241231,NORTHWEST BANK,2024-12-31,,Dataset end
32718,20241231,HELM BANK USA,2024-12-31,,Dataset end
32737,20220930,DRUMMOND COMMUNITY BANK,2022-09-30,,Institution stops before dataset end
32745,20210331,ROCKWOOD BANK,2021-03-31,,Institution stops before dataset end
32773,20241231,EASTERN BANK,2024-12-31,,Dataset end
32779,20241231,BANK OF MARIN,2024-12-31,,Dataset end
32838,20240630,COMMUNITY FIRST BANK INC,2024-06-30,,Institution stops before dataset end
32907,20211231,MORRIS PLAN TERRE HAUTE,2021-12-31,,Institution stops before dataset end
32908,20241231,TUSTIN COMMUNITY BANK,2024-12-31,,Dataset end
32912,20241231,WHITAKER BANK,2024-12-31,,Dataset end
32941,20241231,WESTSTAR BANK,2024-12-31,,Dataset end
32957,20221231,PRUDENTIAL BANK&TRUST FSB,2022-12-31,,Institution stops before dataset end
32961,20241231,BLACKROCK INSTL TR CO NA,2024-12-31,,Dataset end
32968,20241231,LIFESTEPS BANK&TRUST,2024-12-31,,Dataset end
32974,20241231,GULF COAST BANK&TRUST CO,2024-12-31,,Dataset end
32992,20241231,MORGAN STANLEY BANK NA,2024-12-31,,Dataset end
33005,20241231,FCB BANKS,2024-12-31,,Dataset end
33009,20241231,COUNTY BANK,2024-12-31,,Dataset end
33010,20241231,FIRST PEOPLES BANK,2024-12-31,,Dataset end
33013,20241231,ASIAN PACIFIC NATIONAL BANK,2024-12-31,,Dataset end
33026,20241231,SURETY BANK,2024-12-31,,Dataset end
33103,20241231,GATEWAY BANK FSB,2024-12-31,,Dataset end
33111,20241231,COLORADO FSB,2024-12-31,,Dataset end
33119,20241231,HERITAGE BANK INC,2024-12-31,,Dataset end
33124,20241231,GOLDMAN SACHS BANK USA,2024-12-31,,Dataset end
33131,20241231,FIRST FARMERS&MERCHANTS NB,2024-12-31,,Dataset end
33136,20241231,WOODLANDS BANK,2024-12-31,,Dataset end
33137,20230630,CORNERSTONE COMMUNITY BANK,2023-06-30,,Institution stops before dataset end
33183,20241231,SOUND BANKING CO,2024-12-31,,Dataset end
33188,20241231,SHINHAN BANK AMERICA,2024-12-31,,Dataset end
33202,20220930,PREMIER BANK ROCHESTER,2022-09-30,,Institution stops before dataset end
33204,20241231,PREMIER BANK MINNESOTA,2024-12-31,,Dataset end
33216,20241231,NORTHRIM BANK,2024-12-31,,Dataset end
33239,20241231,TRUST CO OF TOLEDO NA,2024-12-31,,Dataset end
33306,20241231,CIBC BANK USA,2024-12-31,,Dataset end
33316,20231231,ANZ GUAM INC,2023-12-31,,Institution stops before dataset end
33380,20241231,ENTERPRISE BANK,2024-12-31,,Dataset end
33405,20211231,FIRST BANK&TRUST,2021-12-31,,Institution stops before dataset end
33418,20241231,LEDYARD NATIONAL BANK,2024-12-31,,Dataset end
33440,20241231,CITIZENS FIRST BANK,2024-12-31,,Dataset end
33450,20241231,ARBOR BANK,2024-12-31,,Dataset end
33457,20241231,OAK VALLEY COMMUNITY BANK,2024-12-31,,Dataset end
33458,20221231,MONONA BANK,2022-12-31,,Institution stops before dataset end
33470,20241231,TODAYS BANK,2024-12-31,,Dataset end
33492,20241231,CRESCENT BANK,2024-12-31,,Dataset end
33497,20241231,CHARLES SCHWAB PREMIER BK SS,2024-12-31,,Dataset end
33503,20241231,UNITY BANK,2024-12-31,,Dataset end
33506,20241231,FIRST NB OF COFFEE COUNTY,2024-12-31,,Dataset end
33510,20210930,EAST BOSTON SAVINGS BANK,2021-09-30,,Institution stops before dataset end
33539,20241231,PREFERRED BANK,2024-12-31,,Dataset end
33542,20220630,ROCK CANYON BANK,2022-06-30,,Institution stops before dataset end
33552,20241231,BOONE BANK&TRUST CO,2024-12-31,,Dataset end
33555,20241231,SOUTHSTATE BANK NA,2024-12-31,,Dataset end
33565,20241231,DESJARDINS BANK NA,2024-12-31,,Dataset end
33568,20241231,UNITED BANK OF PHILADELPHIA,2024-12-31,,Dataset end
33645,20241231,LEE BANK,2024-12-31,,Dataset end
33646,20241231,BANK OF EAST ASIA LTD,2024-12-31,,Dataset end
33648,20241231,BANK OF INDIA,2024-12-31,,Dataset end
33649,20241231,INDUSTRIAL BANK OF KOREA,2024-12-31,,Dataset end
33653,20241231,BANK OF CHINA,2024-12-31,,Dataset end
33656,20241231,METROPOLITAN BANK&TRUST CO,2024-12-31,,Dataset end
33661,20241231,MIZRAHI TEFAHOT BANK LTD,2024-12-31,,Dataset end
33664,20241231,STATE BANK OF INDIA,2024-12-31,,Dataset end
33681,20241231,BANK OF BARODA,2024-12-31,,Dataset end
33682,20241231,STATE BANK OF INDIA,2024-12-31,,Dataset end
33684,20241231,ALLIED IRISH BANKS,2024-12-31,,Dataset end
33686,20241231,BANK HAPOALIM B M,2024-12-31,,Dataset end
33690,20241231,BANCO BILBAO VIZCAYA SA,2024-12-31,,Dataset end
33692,20241231,STANDARD CHARTERED BANK PLC,2024-12-31,,Dataset end
33693,20241231,MASHREQBANK PSC,2024-12-31,,Dataset end
33708,20241231,INTERNATIONAL BK OF CHICAGO,2024-12-31,,Dataset end
33739,20241231,CITIZENS COMMUNITY BANK,2024-12-31,,Dataset end
33753,20241231,CITIZENS COMMUNITY BANK,2024-12-31,,Dataset end
33758,20241231,STARION BANK,2024-12-31,,Dataset end
33761,20241231,VILLAGE BANK,2024-12-31,,Dataset end
33785,20241231,STIFEL TRUST CO NA,2024-12-31,,Dataset end
33794,20241231,FIRST CMTY BANK OF E TN,2024-12-31,,Dataset end
33802,20241231,TIOGA-FRANKLIN SAVINGS BANK,2024-12-31,,Dataset end
33803,20241231,WHEATON B&T NA,2024-12-31,,Dataset end
33805,20241231,COMMUNITY BANK OF ELMHURST,2024-12-31,,Dataset end
33806,20200331,OPUS BANK,2020-03-31,,Institution stops before dataset end
33812,20241231,AMERICAN NB FOX CITIES,2024-12-31,,Dataset end
33818,20241231,PRIORITY BANK,2024-12-31,,Dataset end
33823,20241231,CAPITAL COMMUNITY BANK,2024-12-31,,Dataset end
33826,20221231,COLUMBIA STATE BANK,2022-12-31,,Institution stops before dataset end
33831,20241231,FDS BANK,2024-12-31,,Dataset end
33832,20240930,FIRST CMTY BK OF THE OZARKS,2024-09-30,,Institution stops before dataset end
33849,20241231,HINSDALE B&T CO NA,2024-12-31,,Dataset end
33851,20241231,BANK OF MILAN,2024-12-31,,Dataset end
33855,20241231,CREDIT FIRST NATIONAL ASSN,2024-12-31,,Dataset end
33859,20241231,CATSKILL HUDSON BANK,2024-12-31,,Dataset end
33860,20241231,NATIONAL BANK OF INPOLIS,2024-12-31,,Dataset end
33867,20241231,QUAD CITY BANK&TRUST CO,2024-12-31,,Dataset end
33879,20241231,RAYMOND JAMES TRUST NA,2024-12-31,,Dataset end
33880,20241231,WISCONSIN RIVER BANK,2024-12-31,,Dataset end
33893,20241231,RAYMOND JAMES BANK,2024-12-31,,Dataset end
33905,20241231,HERITAGE BANK OF COMMERCE,2024-12-31,,Dataset end
33922,20241231,FRONTIER BANK,2024-12-31,,Dataset end
33926,20241231,CHARLEVOIX STATE BANK,2024-12-31,,Dataset end
33928,20241231,PATRIOT BANK NATIONAL ASSN,2024-12-31,,Dataset end
33935,20241231,WINTRUST BANK NATIONAL ASSN,2024-12-31,,Dataset end
33947,20241231,TD BANK USA NATIONAL ASSN,2024-12-31,,Dataset end
33954,20220930,CAPITAL ONE BANK USA NA,2022-09-30,,Institution stops before dataset end
33959,20241231,NATBANK NATIONAL ASSN,2024-12-31,,Dataset end
33962,20241231,SYNOVUS TRUST CO NA,2024-12-31,,Dataset end
34010,20241231,EVERTRUST BANK,2024-12-31,,Dataset end
34011,20241231,VILLAGE B&T NA,2024-12-31,,Dataset end
34014,20241231,TEXAS NATIONAL BANK,2024-12-31,,Dataset end
34020,20241231,COMMUNITY BANK,2024-12-31,,Dataset end
34023,20241231,TNBANK,2024-12-31,,Dataset end
34038,20241231,TIME BANK,2024-12-31,,Dataset end
34040,20241231,FIRST AMERICAN STATE BANK,2024-12-31,,Dataset end
34047,20241231,FIRST COMMUNITY BANK,2024-12-31,,Dataset end
34052,20241231,BAY BANK,2024-12-31,,Dataset end
34056,20241231,DEUTSCHE BANK TRUST CO NA,2024-12-31,,Dataset end
34057,20241231,PRIVATE TRUST CO NA,2024-12-31,,Dataset end
34058,20241231,LUSITANIA SAVINGS BANK,2024-12-31,,Dataset end
34065,20241231,UMB BANK&TRUST NATIONAL ASSN,2024-12-31,,Dataset end
34068,20241231,THOMASVILLE NATIONAL BANK,2024-12-31,,Dataset end
34069,20241231,WILMINGTON TRUST NA,2024-12-31,,Dataset end
34073,20241231,LIBERTYVILLE B&T CO NA,2024-12-31,,Dataset end
34074,20241231,CAPITOL BANK,2024-12-31,,Dataset end
34076,20220930,ILLINOIS BANK&TRUST,2022-09-30,,Institution stops before dataset end
34102,20240331,SUMMIT COMMUNITY BANK INC,2024-03-31,,Institution stops before dataset end
34108,20241231,PAN AMERICAN BANK&TRUST,2024-12-31,,Dataset end
34110,20221231,QUANTUM NATIONAL BANK,2022-12-31,,Institution stops before dataset end
34116,20220630,FIRST BANK,2022-06-30,,Institution stops before dataset end
34120,20241231,BANK OF ANN ARBOR,2024-12-31,,Dataset end
34138,20230930,GREATER COMMUNITY BANK,2023-09-30,,Institution stops before dataset end
34146,20241231,PEOPLES BANK OF SENECA,2024-12-31,,Dataset end
34147,20241231,BANK RHODE ISLAND,2024-12-31,,Dataset end
34148,20241231,BANK OF STAR VALLEY,2024-12-31,,Dataset end
34150,20241231,FIRST UNITED BANK&TRUST CO,2024-12-31,,Dataset end
34160,20241231,COMMUNITY BK CO FITZGERALD,2024-12-31,,Dataset end
34162,20241231,WEST POINTE BANK,2024-12-31,,Dataset end
34171,20241231,EAGLE ROCK BANK,2024-12-31,,Dataset end
34193,20241231,APPLIED BANK,2024-12-31,,Dataset end
34207,20241231,GREAT PLAINS NATIONAL BANK,2024-12-31,810.0,Dataset end
34209,20230331,SURREY BANK&TRUST,2023-03-31,,Institution stops before dataset end
34210,20240930,COMMUNITY BANK OF THE BAY,2024-09-30,,Institution stops before dataset end
34211,20241231,PLATTE VALLEY BANK,2024-12-31,,Dataset end
34217,20241231,FIRST BANK,2024-12-31,810.0,Dataset end
34221,20241231,MORGAN STANLEY PRIVATE BK NA,2024-12-31,,Dataset end
34229,20241231,CITIZENS BANK OF GEORGIA,2024-12-31,,Dataset end
34233,20241231,MARINE BANK&TRUST CO,2024-12-31,,Dataset end
34240,20241231,WOLF RIVER COMMUNITY BANK,2024-12-31,,Dataset end
34252,20241231,PACIFIC COAST BANKERS BANK,2024-12-31,,Dataset end
34254,20241231,PLANTERS BANK INC,2024-12-31,,Dataset end
34256,20221231,CITIZENS COMMERCE BANK,2022-12-31,,Institution stops before dataset end
34259,20241231,CROWN BANK,2024-12-31,,Dataset end
34294,20241231,CFG BANK,2024-12-31,,Dataset end
34295,20210930,INVESTORS COMMUNITY BANK,2021-09-30,,Institution stops before dataset end
34308,20200331,METRO BANK,2020-03-31,,Institution stops before dataset end
34313,20241231,EAGLEMARK SAVINGS BANK,2024-12-31,,Dataset end
34319,20241231,SOUTHWESTERN NATIONAL BANK,2024-12-31,,Dataset end
34328,20210930,CACHE BANK&TRUST,2021-09-30,,Institution stops before dataset end
34331,20241231,DSRM NATIONAL BANK,2024-12-31,,Dataset end
34334,20241231,AMERICAN METRO BANK,2024-12-31,,Dataset end
34351,20240331,USAA SAVINGS BANK,2024-03-31,,Institution stops before dataset end
34352,20241231,CITY FIRST BANK NA,2024-12-31,,Dataset end
34363,20241231,CORE BANK,2024-12-31,,Dataset end
34383,20241231,TEXAS CAPITAL BANK,2024-12-31,,Dataset end
34384,20241231,PREMIER BANK,2024-12-31,,Dataset end
34386,20241231,SPRING VALLEY BANK,2024-12-31,,Dataset end
34393,20241231,1ST EQUITY BANK,2024-12-31,,Dataset end
34394,20241231,SECURITY NB OF SOUTH DAKOTA,2024-12-31,,Dataset end
34395,20241231,BARRINGTON B&T CO NA,2024-12-31,,Dataset end
34397,20200630,BANK OF BOLIVAR,2020-06-30,,Institution stops before dataset end
34401,20241231,FORTIS BANK,2024-12-31,,Dataset end
34403,20241231,COASTAL COMMUNITY BANK,2024-12-31,,Dataset end
34404,20241231,WEBBANK,2024-12-31,,Dataset end
34407,20241231,NORTHSTAR BANK,2024-12-31,,Dataset end
34409,20241231,THE BANK,2024-12-31,,Dataset end
34415,20241231,FIRST COMMAND BANK,2024-12-31,,Dataset end
34416,20240930,NORTHSIDE COMMUNITY BANK,2024-09-30,,Institution stops before dataset end
34422,20241231,AMERICAN BANK,2024-12-31,,Dataset end
34441,20241231,STATE BANK,2024-12-31,,Dataset end
34444,20241231,CUSTOMERS BANK,2024-12-31,,Dataset end
34455,20241231,FIRST NATIONAL BANK,2024-12-31,,Dataset end
34456,20241231,KEYSTONE BANK SSB,2024-12-31,,Dataset end
34457,20241231,BANK OF JACKSON,2024-12-31,,Dataset end
34460,20241231,MILLENNIAL BANK,2024-12-31,,Dataset end
34465,20241231,WELLS FARGO DE TR CO NA,2024-12-31,,Dataset end
34468,20210930,TWO RIVERS BANK,2021-09-30,,Institution stops before dataset end
34478,20241231,CEDAR HILL NATIONAL BANK,2024-12-31,,Dataset end
34488,20241231,HIAWATHA BANK&TRUST CO,2024-12-31,,Dataset end
34489,20241231,EDISON NATIONAL BANK,2024-12-31,,Dataset end
34496,20241231,FIRST COMMERCIAL BANK USA,2024-12-31,,Dataset end
34507,20241231,PRINCIPAL BANK,2024-12-31,,Dataset end
34517,20241231,PEOPLES BANK OF EAST TN,2024-12-31,,Dataset end
34519,20241231,MERRICK BANK,2024-12-31,,Dataset end
34526,20241231,PRAIRIE COMMUNITY BANK,2024-12-31,,Dataset end
34533,20241231,FIRST COMMUNITY BANK,2024-12-31,,Dataset end
34535,20241231,TCM BANK NATIONAL ASSN,2024-12-31,,Dataset end
34548,20241231,NEIGHBORHOOD NATIONAL BANK,2024-12-31,,Dataset end
34562,20241231,ENCORE BANK,2024-12-31,,Dataset end
34565,20200630,VICTORY STATE BANK,2020-06-30,,Institution stops before dataset end
34566,20241231,ALLIANCE BANK,2024-12-31,,Dataset end
34585,20241231,PACIFIC CREST SAVINGS BANK,2024-12-31,,Dataset end
34588,20241231,U S BANK TRUST CO NA,2024-12-31,,Dataset end
34589,20241231,ATLANTIC UNION BANK,2024-12-31,810.0,Dataset end
34598,20241231,MERCANTILE BANK,2024-12-31,,Dataset end
34599,20241231,PITNEY BOWES BANK INC,2024-12-31,,Dataset end
34603,20241231,MVB BANK INC,2024-12-31,,Dataset end
34606,20241231,AMERICAN BANK OF OKLAHOMA,2024-12-31,,Dataset end
34607,20241231,FIRST INTERNET BANK OF IN,2024-12-31,,Dataset end
34610,20241231,COMMUNITY FIRST BANKING CO,2024-12-31,,Dataset end
34617,20201231,STATE FARM BANK FSB,2020-12-31,,Institution stops before dataset end
34618,20241231,MACATAWA BANK NATIONAL ASSN,2024-12-31,,Dataset end
34619,20241231,ITS BANK,2024-12-31,,Dataset end
34627,20241231,COMMUNITY FIRST BANK,2024-12-31,,Dataset end
34629,20241231,COMPUTERSHARE TRUST CO NA,2024-12-31,,Dataset end
34643,20241231,SUNSTATE BANK,2024-12-31,,Dataset end
34644,20241231,KEY COMMUNITY BANK,2024-12-31,,Dataset end
34652,20210630,HOME FED BK OF HOLLYWOOD,2021-06-30,,Institution stops before dataset end
34656,20241231,AMERICAN FIRST NATIONAL BANK,2024-12-31,,Dataset end
34662,20241231,NORTH GEORGIA NATIONAL BANK,2024-12-31,,Dataset end
34666,20241231,COMMUNITY BANK,2024-12-31,,Dataset end
34681,20241231,CRYSTAL LAKE B&T CO NA,2024-12-31,,Dataset end
34685,20241231,PEOPLES BANK OF COMMERCE,2024-12-31,,Dataset end
34686,20241231,CHARTER BANK,2024-12-31,,Dataset end
34697,20241231,WEX BANK,2024-12-31,,Dataset end
34699,20241231,METROPOLITAN COMMERCIAL BANK,2024-12-31,,Dataset end
34710,20241231,NATIONWIDE TRUST CO FSB,2024-12-31,,Dataset end
34711,20241231,FARMERS BLDG&SVG BANK,2024-12-31,,Dataset end
34717,20241231,TOWN BANK NATIONAL ASSN,2024-12-31,,Dataset end
34719,20241231,FARMERS&MERCHANTS BK COLBY,2024-12-31,810.0,Dataset end
34726,20230630,NEW MEXICO BANK&TRUST,2023-06-30,,Institution stops before dataset end
34728,20241231,INDEPENDENT BANK,2024-12-31,,Dataset end
34732,20241231,NEW COVENANT TRUST CO NA,2024-12-31,,Dataset end
34742,20241231,EAGLEBANK,2024-12-31,,Dataset end
34747,20210930,HILLSBORO BANK,2021-09-30,,Institution stops before dataset end
34748,20241231,CLEARPOINT FEDERAL B&T,2024-12-31,,Dataset end
34752,20241231,FIRST CMTY BANK OF HILLSBORO,2024-12-31,,Dataset end
34755,20241231,VIRGINIA NATIONAL BANK,2024-12-31,,Dataset end
34759,20241231,ASIAN BANK,2024-12-31,,Dataset end
34760,20241231,PORTAGE COMMUNITY BANK,2024-12-31,,Dataset end
34775,20241231,EVERBANK NATIONAL ASSN,2024-12-31,,Dataset end
34778,20241231,FIRST TRUST BANK OF ILLINOIS,2024-12-31,,Dataset end
34781,20241231,TRANSPORTATION ALLIANCE BK D,2024-12-31,,Dataset end
34784,20241231,COMMERCIAL CAPITAL BANK,2024-12-31,,Dataset end
34786,20241231,ENTERPRISE BANK,2024-12-31,,Dataset end
34788,20241231,AMERICAN BUSINESS BANK,2024-12-31,,Dataset end
34799,20241231,THRIVENT TRUST CO,2024-12-31,,Dataset end
34803,20241231,RESOURCE BANK,2024-12-31,,Dataset end
34805,20241231,MISSION BANK,2024-12-31,,Dataset end
34811,20241231,NEBRASKALAND BANK,2024-12-31,,Dataset end
34812,20221231,GRANDSOUTH BANK,2022-12-31,,Institution stops before dataset end
34813,20241231,U S BANK TRUST NA SD,2024-12-31,,Dataset end
34836,20241231,NORTH AMERICAN BANKING CO,2024-12-31,,Dataset end
34837,20210630,PREMIER BANK INC,2021-06-30,810.0,Institution stops before dataset end
34847,20241231,SOUTHERN BANK OF TENNESSEE,2024-12-31,,Dataset end
34849,20241231,PREMIER BANK,2024-12-31,,Dataset end
34857,20241231,COMMUNITY BANK OF OELWEIN,2024-12-31,,Dataset end
34860,20241231,NEW REPUBLIC BANK,2024-12-31,,Dataset end
34876,20241231,CONNECTICUT CMTY BANK NA,2024-12-31,,Dataset end
34885,20241231,SUSSER BANK,2024-12-31,,Dataset end
34887,20221231,PREMIER BANK OF ARKANSAS,2022-12-31,,Institution stops before dataset end
34888,20241231,PARKE BANK,2024-12-31,,Dataset end
34890,20241231,NEW PEOPLES BANK INC,2024-12-31,,Dataset end
34899,20220930,FIRST CITRUS BANK,2022-09-30,,Institution stops before dataset end
34900,20241231,PREFERRED BANK,2024-12-31,,Dataset end
34908,20241231,COGENT BANK,2024-12-31,,Dataset end
34918,20241231,FIRST NB OF HEREFORD,2024-12-31,,Dataset end
34930,20240930,ALLIANCE BANK,2024-09-30,,Institution stops before dataset end
34934,20220930,UNION BANK,2022-09-30,,Institution stops before dataset end
34936,20241231,LEGENDS BANK,2024-12-31,,Dataset end
34938,20241231,COMMERCE BANK,2024-12-31,,Dataset end
34940,20210930,PACIFIC MERCANTILE BANK,2021-09-30,,Institution stops before dataset end
34944,20200930,COMMUNITY SHORES BANK,2020-09-30,,Institution stops before dataset end
34953,20241231,NORTHPOINTE BANK,2024-12-31,,Dataset end
34955,20241231,AMERICAN B&T CO NA,2024-12-31,,Dataset end
34966,20241231,FIRST CAPITAL BANK,2024-12-31,,Dataset end
34967,20241231,POPULAR BANK,2024-12-31,,Dataset end
34968,20241231,BANCO POPULAR DE PUERTO RICO,2024-12-31,,Dataset end
34969,20241231,FIRST CENTRAL SAVINGS BANK,2024-12-31,,Dataset end
34973,20241231,PEOPLES SAVINGS BANK,2024-12-31,,Dataset end
34978,20241231,SYNERGY BANK,2024-12-31,810.0,Dataset end
34980,20241231,RED RIVER BANK,2024-12-31,,Dataset end
34982,20210930,LANDMARK COMMUNITY BANK,2021-09-30,,Institution stops before dataset end
34995,20241231,FIRST CENTRAL BANK MCCOOK,2024-12-31,,Dataset end
34997,20241231,BAYFIRST NATIONAL BANK,2024-12-31,,Dataset end
34998,20241231,FIRST IC BANK,2024-12-31,,Dataset end
35005,20200331,PEDESTAL BANK,2020-03-31,810.0,Institution stops before dataset end
35014,20241231,NBKC BANK,2024-12-31,,Dataset end
35015,20241231,LONE STAR CAPITAL BANK NA,2024-12-31,,Dataset end
35019,20241231,CURRENCY BANK,2024-12-31,,Dataset end
35020,20241231,COMMUNITY FIRST BANK,2024-12-31,,Dataset end
35027,20210930,CORNERSTONEBANK,2021-09-30,,Institution stops before dataset end
35028,20230331,FIRSTCAPITAL BANK OF TX NA,2023-03-31,,Institution stops before dataset end
35029,20241231,AB&T,2024-12-31,,Dataset end
35031,20241231,FREEDOM FINANCIAL BANK,2024-12-31,,Dataset end
35033,20241231,AMERICAN COMMUNITY BANK,2024-12-31,,Dataset end
35043,20210331,SUNSET BANK&SAVINGS,2021-03-31,,Institution stops before dataset end
35052,20241231,HEARTLAND NATIONAL BANK,2024-12-31,,Dataset end
35056,20241231,MADISON CNTY CMTY BANK,2024-12-31,,Dataset end
35060,20241231,SETTLERS BANK,2024-12-31,,Dataset end
35063,20241231,WINTRUST PRIVATE TRUST CO NA,2024-12-31,,Dataset end
35069,20200331,CALWEST BANK,2020-03-31,,Institution stops before dataset end
35075,20241231,PHILADELPHIA TRUST CO,2024-12-31,,Dataset end
35077,20210630,LINKBANK,2021-06-30,,Institution stops before dataset end
35084,20241231,PETIT JEAN STATE BANK,2024-12-31,,Dataset end
35094,20241231,COMMUNITY BANK OF MEMPHIS,2024-12-31,,Dataset end
35095,20241231,TOWNEBANK,2024-12-31,810.0,Dataset end
35101,20241231,BUCKEYE COMMUNITY BANK,2024-12-31,,Dataset end
35103,20241231,IDAHO TRUST BANK,2024-12-31,,Dataset end
35109,20230930,SENB BANK,2023-09-30,,Institution stops before dataset end
35111,20241231,VILLAGE BANK,2024-12-31,,Dataset end
35115,20241231,AUTO CLUB TRUST FSB,2024-12-31,,Dataset end
35117,20241231,CENTERBANK,2024-12-31,,Dataset end
35118,20241231,COMMUNITY BK OF WICHITA INC,2024-12-31,,Dataset end
35131,20241231,SAUK VALLEY BANK&TRUST CO,2024-12-31,,Dataset end
35138,20241231,MILLENNIUM BANK,2024-12-31,,Dataset end
35139,20241231,SEATTLE BANK,2024-12-31,,Dataset end
35141,20241231,BMW BANK OF NORTH AMERICA,2024-12-31,,Dataset end
35151,20241231,NEW MILLENNIUM BANK,2024-12-31,,Dataset end
35154,20241231,M Y SAFRA BANK FSB,2024-12-31,,Dataset end
35157,20241231,FARM BUREAU BANK FSB,2024-12-31,,Dataset end
35161,20241231,MURRAY BANK,2024-12-31,,Dataset end
35164,20241231,CAPITAL BANK&TRUST CO,2024-12-31,,Dataset end
35169,20241231,STATE BANK,2024-12-31,,Dataset end
35172,20230630,BOUNDARY WATERS BANK,2023-06-30,820.0,Institution stops before dataset end
35206,20241231,FIDELITY PERSONAL TR CO FSB,2024-12-31,,Dataset end
35207,20241231,BANK OF THE JAMES,2024-12-31,,Dataset end
35212,20241231,COMMUNITY BANK OF THE SOUTH,2024-12-31,,Dataset end
35214,20241231,FIRST RELIANCE BANK,2024-12-31,,Dataset end
35218,20230930,FLAGLER BANK,2023-09-30,,Institution stops before dataset end
35220,20241231,WYOMING COMMUNITY BANK,2024-12-31,,Dataset end
35221,20241231,FREEDOM BANK,2024-12-31,,Dataset end
35223,20241231,FIRST SECURE COMMUNITY BANK,2024-12-31,,Dataset end
35229,20241231,SOUTHERN ILLINOIS BANK,2024-12-31,,Dataset end
35230,20241231,EVERGREEN BANK GROUP,2024-12-31,,Dataset end
35236,20240630,CENTURY BANK OF GEORGIA,2024-06-30,,Institution stops before dataset end
35237,20241231,JOHN DEERE FINANCIAL FSB,2024-12-31,,Dataset end
35241,20241231,OPTUS BANK,2024-12-31,,Dataset end
35248,20241231,OLD POINT TRUST&FINL SERVICE,2024-12-31,,Dataset end
35261,20241231,TWIN CITY BANK,2024-12-31,,Dataset end
35267,20221231,AIG FEDERAL SAVINGS BANK,2022-12-31,,Institution stops before dataset end
35274,20241231,BLUE RIDGE BANK NA,2024-12-31,,Dataset end
35276,20241231,FREEDOM BANK OF SOUTHERN MO,2024-12-31,,Dataset end
35278,20241231,CAPITAL BANK NATIONAL ASSN,2024-12-31,810.0,Dataset end
35286,20240630,CORNERSTONE BANK,2024-06-30,,Institution stops before dataset end
35292,20241231,GREAT AMERICAN BANK,2024-12-31,,Dataset end
35295,20241231,SOUTHERN FIRST BANK,2024-12-31,,Dataset end
35303,20230630,OLD MISSION BANK,2023-06-30,,Institution stops before dataset end
35304,20211231,FLORIDA BUSINESS BANK,2021-12-31,,Institution stops before dataset end
35314,20241231,ALAMERICA BANK,2024-12-31,,Dataset end
35317,20241231,GLENMEDE TRUST CO NA,2024-12-31,,Dataset end
35320,20241231,GEORGIA COMMUNITY BANK,2024-12-31,,Dataset end
35323,20241231,FINWISE BANK,2024-12-31,,Dataset end
35331,20241231,LIBERTY BANK NATIONAL ASSN,2024-12-31,,Dataset end
35333,20241231,OAK BANK,2024-12-31,,Dataset end
35348,20210930,CENTRAL BANK OF OKLAHOMA,2021-09-30,,Institution stops before dataset end
35361,20241231,FIVE STAR BANK,2024-12-31,,Dataset end
35365,20241231,BANK OF OAK RIDGE,2024-12-31,,Dataset end
35366,20241231,CHINO COMMERCIAL BANK N A,2024-12-31,,Dataset end
35377,20241231,ALPINE CAPITAL BANK,2024-12-31,,Dataset end
35388,20241231,SEI PRIVATE TRUST CO,2024-12-31,,Dataset end
35393,20241231,UNITED TRUST BANK,2024-12-31,,Dataset end
35394,20241231,MASSMUTUAL PRIVATE WEALTH&TR,2024-12-31,,Dataset end
35406,20241231,BANKVISTA,2024-12-31,,Dataset end
35407,20241231,YAMPA VALLEY BANK,2024-12-31,,Dataset end
35412,20241231,AMERICAN COMMUNITY B&T,2024-12-31,,Dataset end
35413,20241231,BESSEMER TR CO OF CA NA,2024-12-31,,Dataset end
35417,20241231,TRISTAR BANK,2024-12-31,,Dataset end
35420,20241231,BRANSON BANK,2024-12-31,,Dataset end
35422,20220331,LEADERS BANK,2022-03-31,,Institution stops before dataset end
35427,20241231,UNITED NATIONAL BANK,2024-12-31,,Dataset end
35430,20241231,OPTIMUMBANK,2024-12-31,,Dataset end
35439,20241231,BANK OF BROOKHAVEN,2024-12-31,,Dataset end
35441,20241231,FOUR CORNERS COMMUNITY BANK,2024-12-31,,Dataset end
35442,20241231,CITIZENS BK CUMBERLAND CNTY,2024-12-31,,Dataset end
35444,20241231,BCORP BANK NATIONAL ASSN,2024-12-31,,Dataset end
35450,20241231,CENTURY BANK OF KENTUCKY INC,2024-12-31,,Dataset end
35455,20241231,HOMETOWN BANK OF CORBIN INC,2024-12-31,,Dataset end
35456,20241231,1ST COLONIAL COMMUNITY BANK,2024-12-31,,Dataset end
35465,20210930,SELECT BANK&TRUST CO,2021-09-30,,Institution stops before dataset end
35477,20241231,CITIZENS FIRST BANK,2024-12-31,,Dataset end
35479,20210930,MARINERS BANK,2021-09-30,,Institution stops before dataset end
35480,20241231,CROWN BANK,2024-12-31,,Dataset end
35492,20231231,WESTERN HERITAGE BANK,2023-12-31,,Institution stops before dataset end
35497,20241231,QUAINT OAK BANK,2024-12-31,,Dataset end
35498,20230930,BANC OF CALIFORNIA NA,2023-09-30,,Institution stops before dataset end
35506,20241231,CYPRESS BANK&TRUST,2024-12-31,,Dataset end
35510,20241231,DAVIDSON TRUST CO,2024-12-31,,Dataset end
35513,20241231,COMMUNITY BK OF PICKENS CNTY,2024-12-31,,Dataset end
35514,20210331,CHEAHA BANK,2021-03-31,,Institution stops before dataset end
35518,20241231,FEDERAL SAVINGS BANK,2024-12-31,,Dataset end
35519,20241231,NORTH STATE BANK,2024-12-31,,Dataset end
35521,20241231,INSBANK,2024-12-31,,Dataset end
35525,20211231,ATLANTIC CAPITAL BANK NA,2021-12-31,,Institution stops before dataset end
35530,20241231,FIRST CAROLINA BANK,2024-12-31,,Dataset end
35533,20241231,FIRST ELECTRONIC BANK,2024-12-31,,Dataset end
35534,20200630,UNIFIED TRUST CO NA,2020-06-30,,Institution stops before dataset end
35541,20241231,BCB COMMUNITY BANK,2024-12-31,,Dataset end
35543,20241231,BANK OF FRANKLIN COUNTY,2024-12-31,,Dataset end
35546,20241231,AXOS BANK,2024-12-31,,Dataset end
35547,20230630,CANYON COMMUNITY BANK NA,2023-06-30,,Institution stops before dataset end
35558,20241231,CENTURY BANK OF FLORIDA,2024-12-31,,Dataset end
35568,20241231,AMERICAN BANK&TRUST CO INC,2024-12-31,,Dataset end
35583,20241231,PINNACLE BANK,2024-12-31,,Dataset end
35585,20241231,COMMUNITY FIRST NB,2024-12-31,,Dataset end
35597,20241231,NEW FRONTIER BANK,2024-12-31,,Dataset end
35599,20220930,APOLLO BANK,2022-09-30,,Institution stops before dataset end
35602,20241231,COUNTRY TRUST BANK,2024-12-31,,Dataset end
35604,20241231,PEOPLES BANK OF MIDDLE TN,2024-12-31,,Dataset end
55130,20241231,"SERVBANK,SB",2024-12-31,,Dataset end
57022,20241231,BANK OF CLOVIS,2024-12-31,,Dataset end
57025,20241231,AMERICAN HERITAGE BANK,2024-12-31,,Dataset end
57031,20241231,CHAMPION BANK,2024-12-31,,Dataset end
57033,20241231,WILLAMETTE VALLEY BANK,2024-12-31,,Dataset end
57034,20240630,OXFORD UNIVERSITY BANK,2024-06-30,,Institution stops before dataset end
57038,20241231,NICOLET NATIONAL BANK,2024-12-31,,Dataset end
57044,20241231,CALIFORNIA BK OF COM NA,2024-12-31,810.0,Dataset end
57047,20241231,U S BANK TRUST NATIONAL ASSN,2024-12-31,,Dataset end
57053,20221231,SIGNATURE BANK,2022-12-31,,Institution stops before dataset end
57056,20241231,CELTIC BANK,2024-12-31,,Dataset end
57058,20241231,PEOPLES BANK,2024-12-31,,Dataset end
57061,20241231,CORNERSTONE NB&T CO,2024-12-31,,Dataset end
57069,20241231,FIRST COMMERCIAL BANK,2024-12-31,,Dataset end
57071,20241231,GEORGIA BANKING CO,2024-12-31,,Dataset end
57073,20241231,COMMUNITY BK OF SANTA MARIA,2024-12-31,,Dataset end
57074,20241231,BANKCDA,2024-12-31,,Dataset end
57077,20241231,WESTFIELD BANK FSB,2024-12-31,,Dataset end
57081,20241231,SECURITY NATIONAL TRUST CO,2024-12-31,,Dataset end
57082,20241231,NORTHBROOK B&T CO NA,2024-12-31,,Dataset end
57083,20241231,EMIGRANT BANK,2024-12-31,850.0,Dataset end
57092,20241231,TRADITIONS FIRST BANK,2024-12-31,,Dataset end
57093,20241231,NORTHWESTERN MUTUAL WEALTH M,2024-12-31,,Dataset end
57095,20241231,DOGWOOD STATE BANK,2024-12-31,810.0,Dataset end
57097,20241231,NORTHSTAR BANK,2024-12-31,,Dataset end
57098,20220630,PREMIER VALLEY BANK,2022-06-30,,Institution stops before dataset end
57101,20241231,MISSION VALLEY BANK,2024-12-31,,Dataset end
57102,20241231,BANK OF BRENHAM NA,2024-12-31,,Dataset end
57103,20241231,SCHAUMBURG B&T CO NA,2024-12-31,,Dataset end
57109,20241231,EVERENCE TRUST CO,2024-12-31,,Dataset end
57112,20210630,LANDMARK COMMUNITY BANK,2021-06-30,,Institution stops before dataset end
57119,20220331,UNITED BK EL PASO DEL NORTE,2022-03-31,,Institution stops before dataset end
57123,20241231,FIRST CENTURY BANK NA,2024-12-31,,Dataset end
57124,20241231,FIRST CMTY BANK OF CNTL AL,2024-12-31,,Dataset end
57127,20241231,GUARDIAN BANK,2024-12-31,,Dataset end
57129,20241231,COMMUNITY FSB,2024-12-31,,Dataset end
57131,20220630,BEACH BANK,2022-06-30,,Institution stops before dataset end
57134,20241231,LEADER BANK NATIONAL ASSN,2024-12-31,,Dataset end
57135,20200331,CRESCOM BANK,2020-03-31,810.0,Institution stops before dataset end
57137,20241231,MISSION BANK,2024-12-31,,Dataset end
57141,20241231,COMMUNITY BANK OF MISSOURI,2024-12-31,,Dataset end
57144,20210930,AMERICAN STATE BANK&TRUST CO,2021-09-30,,Institution stops before dataset end
57150,20241231,WHEATON COLLEGE TRUST CO NA,2024-12-31,,Dataset end
57160,20241231,NATIONAL ADVISORS TRUST CO,2024-12-31,,Dataset end
57162,20240331,MAIN STREET BANK CORP,2024-03-31,,Institution stops before dataset end
57167,20240930,WASHINGTON BUSINESS BANK,2024-09-30,,Institution stops before dataset end
57176,20241231,COMMERCE WEST BANK,2024-12-31,,Dataset end
57179,20241231,FIRST COMMUNITY TRUST NA,2024-12-31,,Dataset end
57184,20241231,FREEDOM BANK OF VIRGINIA,2024-12-31,,Dataset end
57192,20241231,GOGEBIC RANGE BANK,2024-12-31,,Dataset end
57197,20241231,BNC NATIONAL BANK,2024-12-31,,Dataset end
57203,20241231,BARCLAYS BANK DELAWARE,2024-12-31,,Dataset end
57228,20241231,EMBASSY BK LEHIGH VALLEY,2024-12-31,,Dataset end
57230,20241231,DOUGLAS NATIONAL BANK,2024-12-31,,Dataset end
57244,20241231,CEDAR RAPIDS BANK&TRUST CO,2024-12-31,,Dataset end
57250,20241231,CORNERSTONE BANK,2024-12-31,,Dataset end
57252,20241231,FIRST CHATHAM BANK,2024-12-31,,Dataset end
57254,20200630,FREEDOM NATIONAL BANK,2020-06-30,,Institution stops before dataset end
57265,20241231,CITIZENS CMTY FEDERAL NA,2024-12-31,,Dataset end
57269,20241231,SIGNATURE BANK NATIONAL ASSN,2024-12-31,,Dataset end
57273,20241231,FIRST COMMERCE BANK,2024-12-31,,Dataset end
57277,20200331,VICTORY COMMUNITY BANK,2020-03-31,,Institution stops before dataset end
57279,20231231,COMMERCE BANK OF ARIZONA,2023-12-31,,Institution stops before dataset end
57280,20241231,FLATIRONS BANK,2024-12-31,,Dataset end
57288,20241231,WESTERN ALLIANCE TRUST CO NA,2024-12-31,,Dataset end
57293,20210930,ENERBANK USA,2021-09-30,,Institution stops before dataset end
57295,20241231,AMG NATIONAL TRUST BANK,2024-12-31,,Dataset end
57298,20241231,1ST BANK YUMA,2024-12-31,,Dataset end
57301,20241231,UNITED CMTY BANK OF W KY INC,2024-12-31,,Dataset end
57304,20241231,VANGUARD NATIONAL TR CO NA,2024-12-31,,Dataset end
57311,20241231,STIFEL BANK&TRUST,2024-12-31,,Dataset end
57312,20241231,TOWN&COUNTRY BANK,2024-12-31,,Dataset end
57335,20241231,FARMERS BANK,2024-12-31,,Dataset end
57336,20241231,DRAKE BANK,2024-12-31,,Dataset end
57337,20241231,GOLDMAN SACHS TR CO NA THE,2024-12-31,,Dataset end
57348,20241231,SOUTHEAST BANK,2024-12-31,,Dataset end
57358,20241231,STIFEL BANK,2024-12-31,,Dataset end
57359,20241231,AMERICAN EAGLE BANK,2024-12-31,,Dataset end
57363,20241231,CHEYENNE STATE BANK,2024-12-31,,Dataset end
57368,20241231,BANKWELL BANK,2024-12-31,,Dataset end
57369,20241231,U S CENTURY BANK,2024-12-31,,Dataset end
57373,20241231,OREGON COAST BANK,2024-12-31,,Dataset end
57377,20241231,TRADITIONS BANK,2024-12-31,,Dataset end
57379,20241231,INDEPENDENCE BANK,2024-12-31,,Dataset end
57380,20241231,LEGACY TRUST CO N A,2024-12-31,,Dataset end
57391,20241231,UNITED BANK&TRUST CO,2024-12-31,,Dataset end
57395,20200331,COMMUNITY NATIONAL BANK,2020-03-31,,Institution stops before dataset end
57396,20241231,BANK OF LINCOLN COUNTY,2024-12-31,,Dataset end
57402,20210930,COUNTRY CLUB TRUST CO NA,2021-09-30,,Institution stops before dataset end
57405,20241231,CETERA TRUST CO NA,2024-12-31,,Dataset end
57408,20241231,OPTUM BANK INC,2024-12-31,,Dataset end
57411,20220930,HORIZON COMMUNITY BANK,2022-09-30,,Institution stops before dataset end
57414,20241231,WORTHINGTON BANK,2024-12-31,,Dataset end
57415,20241231,FORCHT BANK NATIONAL ASSN,2024-12-31,,Dataset end
57416,20241231,PATRIOT BANK,2024-12-31,,Dataset end
57417,20241231,COMMERCIAL BANK OF CA,2024-12-31,810.0,Dataset end
57418,20241231,PLANTE MORAN TRUST NA,2024-12-31,,Dataset end
57420,20241231,HIGHLANDS COMMUNITY BANK,2024-12-31,,Dataset end
57425,20241231,SANIBEL CAPTIVA CMTY BANK,2024-12-31,,Dataset end
57428,20200930,SEACOAST COMMERCE BANK,2020-09-30,810.0,Institution stops before dataset end
57429,20241231,COMMERCE BANK&TRUST,2024-12-31,,Dataset end
57444,20241231,AMERICAN CONTINENTAL BANK,2024-12-31,,Dataset end
57449,20241231,MEDALLION BANK,2024-12-31,,Dataset end
57450,20241231,CHARLES SCHWAB BANK SSB,2024-12-31,,Dataset end
57451,20241231,SOUND COMMUNITY BANK,2024-12-31,,Dataset end
57463,20241231,PCB BANK,2024-12-31,,Dataset end
57465,20241231,FIRST COMMERCE BANK,2024-12-31,,Dataset end
57468,20241231,COMMUNITY BANK OWATONNA,2024-12-31,,Dataset end
57470,20241231,MEMBERS TRUST CO,2024-12-31,,Dataset end
57477,20210331,EAGLE COMMUNITY BANK,2021-03-31,,Institution stops before dataset end
57483,20241231,CITIZENS BANK&TRUST,2024-12-31,,Dataset end
57488,20241231,METROPOLITAN CAPITAL B&T,2024-12-31,,Dataset end
57491,20241231,BANK OF COMMERCE,2024-12-31,,Dataset end
57495,20241231,PRIMEBANK OF TEXAS,2024-12-31,,Dataset end
57497,20241231,PATHFINDER BANK,2024-12-31,,Dataset end
57505,20241231,LIBERTY NATIONAL BANK,2024-12-31,,Dataset end
57510,20241231,AVIDBANK,2024-12-31,,Dataset end
57511,20241231,COMMUNITY FIRST BANK OF IN,2024-12-31,,Dataset end
57512,20241231,WESTERN ALLIANCE BANK,2024-12-31,,Dataset end
57513,20201231,WILLAMETTE COMMUNITY BANK,2020-12-31,,Institution stops before dataset end
57522,20241231,TOLLESON PRIVATE BANK,2024-12-31,,Dataset end
57540,20241231,HOMETOWN BANK OF ALABAMA,2024-12-31,,Dataset end
57542,20241231,TOYOTA FINANCIAL SB,2024-12-31,,Dataset end
57543,20241231,TRINITY BANK N A,2024-12-31,,Dataset end
57548,20241231,HERITAGE BANK,2024-12-31,,Dataset end
57552,20210930,FIRST CAPITAL BANK,2021-09-30,,Institution stops before dataset end
57554,20241231,TRADITIONS BANK,2024-12-31,,Dataset end
57565,20241231,UBS BANK USA,2024-12-31,,Dataset end
57569,20241231,PEOPLESTRUST BANK,2024-12-31,,Dataset end
57570,20241231,COMENITY CAPITAL BANK,2024-12-31,,Dataset end
57571,20241231,CONTINENTAL BANK,2024-12-31,,Dataset end
57576,20241231,HERITAGE BANK OF THE OZARKS,2024-12-31,,Dataset end
57579,20241231,COMMUNITY BANK OF GEORGIA,2024-12-31,,Dataset end
57581,20220630,MAPLE BANK,2022-06-30,,Institution stops before dataset end
57585,20241231,GOLDEN STATE BANK,2024-12-31,,Dataset end
57587,20241231,INTEGRITY BANK&TRUST,2024-12-31,,Dataset end
57591,20241231,SANTA CRUZ COUNTY BANK,2024-12-31,810.0,Dataset end
57598,20241231,MAINSTREET CMTY BANK OF FL,2024-12-31,,Dataset end
57603,20241231,FALCON NATIONAL BANK,2024-12-31,,Dataset end
57607,20241231,FIRST WESTERN TRUST BANK,2024-12-31,,Dataset end
57610,20241231,REDWOOD CAPITAL BANK,2024-12-31,,Dataset end
57611,20200331,1ST EQUITY BANK NORTHWEST,2020-03-31,,Institution stops before dataset end
57614,20241231,FORBRIGHT BANK,2024-12-31,,Dataset end
57620,20220930,ARIZONA BANK&TRUST,2022-09-30,,Institution stops before dataset end
57624,20241231,CLARION CNTY CMTY BANK,2024-12-31,,Dataset end
57626,20241231,1ST STATE BANK,2024-12-31,,Dataset end
57632,20241231,HOMELAND COMMUNITY BANK,2024-12-31,,Dataset end
57633,20241231,1ST SECURITY BANK OF WA,2024-12-31,,Dataset end
57640,20241231,BANK OF WALKER COUNTY,2024-12-31,,Dataset end
57644,20241231,GATEWAY BANK,2024-12-31,,Dataset end
57656,20241231,HERITAGE COMMUNITY BANK,2024-12-31,,Dataset end
57665,20241231,VERITEX COMMUNITY BANK,2024-12-31,,Dataset end
57672,20241231,EMPIRE STATE BANK,2024-12-31,,Dataset end
57684,20241231,CEDARSTONE BANK,2024-12-31,,Dataset end
57686,20241231,AMERICAN COMMERCE BANK NA,2024-12-31,,Dataset end
57694,20241231,FIRST NB OF DECATUR COUNTY,2024-12-31,,Dataset end
57695,20230630,AMERICAN INVESTORS BANK&MORT,2023-06-30,,Institution stops before dataset end
57701,20241231,BEVERLY B&T CO NA,2024-12-31,,Dataset end
57703,20241231,T BANK NATIONAL ASSN,2024-12-31,,Dataset end
57704,20220930,TEXSTAR NATIONAL BANK,2022-09-30,,Institution stops before dataset end
57706,20241231,SUMMIT BANK,2024-12-31,,Dataset end
57710,20241231,GREENE CNTY COMMERCIAL BANK,2024-12-31,,Dataset end
57716,20241231,UNITED BUSINESS BANK,2024-12-31,,Dataset end
57733,20240630,ALLIANCE BANK&TRUST CO,2024-06-30,,Institution stops before dataset end
57734,20241231,EH NATIONAL BANK,2024-12-31,,Dataset end
57740,20241231,PACIFIC VALLEY BANK,2024-12-31,,Dataset end
57741,20241231,FIRST SOUTHWEST BANK,2024-12-31,,Dataset end
57742,20241231,MAINSTREET BANK,2024-12-31,,Dataset end
57754,20241231,PROVIDENCE BANK&TRUST,2024-12-31,,Dataset end
57756,20241231,COASTAL STATES BANK,2024-12-31,,Dataset end
57757,20240630,FIRST FINL TRUST&ASSET MGNT,2024-06-30,,Institution stops before dataset end
57776,20211231,HOWARD BANK,2021-12-31,,Institution stops before dataset end
57777,20241231,MERIDIAN BANK,2024-12-31,,Dataset end
57784,20241231,NANTAHALA BANK&TRUST CO,2024-12-31,,Dataset end
57785,20241231,LAKEVIEW BANK,2024-12-31,,Dataset end
57793,20241231,FIRST NATIONAL TRUST CO,2024-12-31,,Dataset end
57799,20240331,FIRST SOUND BANK,2024-03-31,,Institution stops before dataset end
57803,20241231,ALLY BANK,2024-12-31,,Dataset end
57807,20241231,QUONTIC BANK,2024-12-31,,Dataset end
57813,20241231,STERLING BANK,2024-12-31,,Dataset end
57815,20241231,BANESCO USA,2024-12-31,,Dataset end
57816,20210930,BANK OF SANTA CLARITA,2021-09-30,,Institution stops before dataset end
57825,20241231,TRUXTON TRUST CO,2024-12-31,,Dataset end
57833,20241231,BEAL BANK USA,2024-12-31,,Dataset end
57834,20241231,EMIGRANT MERCANTILE BANK,2024-12-31,,Dataset end
57841,20241231,VALLIANCE BANK,2024-12-31,,Dataset end
57849,20240930,PIONEER COMMERCIAL BANK,2024-09-30,,Institution stops before dataset end
57852,20210331,AMERANT TRUST NATIONAL ASSN,2021-03-31,,Institution stops before dataset end
57857,20241231,TIMBERLINE BANK,2024-12-31,,Dataset end
57867,20241231,UNITED CITIZENS BANK OF S KY,2024-12-31,,Dataset end
57869,20241231,1ST TRUST BANK INC,2024-12-31,,Dataset end
57872,20241231,PACIFIC WEST BANK,2024-12-31,,Dataset end
57873,20241231,COMMONWEALTH BUSINESS BANK,2024-12-31,,Dataset end
57874,20241231,PARAGON BANK,2024-12-31,,Dataset end
57878,20201231,MAIN STREET BANK,2020-12-31,,Institution stops before dataset end
57882,20241231,LEGACY STATE BANK,2024-12-31,,Dataset end
57884,20241231,PARAMOUNT BANK,2024-12-31,,Dataset end
57890,20241231,HSBC BANK USA NATIONAL ASSN,2024-12-31,,Dataset end
57892,20241231,VISIONBANK,2024-12-31,,Dataset end
57897,20241231,SOUTHERNTRUST BANK,2024-12-31,,Dataset end
57899,20241231,1ST ADVANTAGE BANK,2024-12-31,,Dataset end
57901,20241231,ONE WORLD BANK,2024-12-31,,Dataset end
57903,20241231,POPPY BANK,2024-12-31,,Dataset end
57910,20241231,FIRST STATE BANK,2024-12-31,,Dataset end
57915,20241231,BANK OF GRAND LAKE,2024-12-31,,Dataset end
57919,20241231,CONNECTONE BANK,2024-12-31,,Dataset end
57920,20241231,PRIME ALLIANCE BANK,2024-12-31,,Dataset end
57922,20241231,HARMONY BANK,2024-12-31,810.0,Dataset end
57923,20241231,PEACH STATE BANK&TRUST,2024-12-31,,Dataset end
57931,20241231,ANCHOR BANK,2024-12-31,,Dataset end
57933,20241231,VALLEY BANK OF NEVADA,2024-12-31,,Dataset end
57944,20241231,OPEN BANK,2024-12-31,,Dataset end
57945,20200630,FREEDOM BANK,2020-06-30,,Institution stops before dataset end
57952,20241231,BANK OF BOZEMAN,2024-12-31,,Dataset end
57953,20241231,LEGACY NATIONAL BANK,2024-12-31,,Dataset end
57954,20230930,SUMNER BANK&TRUST,2023-09-30,,Institution stops before dataset end
57957,20241231,CITIZENS BANK NATIONAL ASSN,2024-12-31,,Dataset end
57966,20210630,FIRST CHOICE BANK,2021-06-30,,Institution stops before dataset end
57967,20241231,FIRST RESOURCE BANK,2024-12-31,,Dataset end
57968,20241231,PRIMIS BANK,2024-12-31,,Dataset end
57971,20221231,LINCOLNWAY COMMUNITY BANK,2022-12-31,,Institution stops before dataset end
57974,20241231,CALIFORNIA INTL BANK N A,2024-12-31,,Dataset end
57978,20241231,SAVIBANK,2024-12-31,,Dataset end
57990,20241231,HURON VALLEY STATE BANK,2024-12-31,,Dataset end
57993,20241231,SERVISFIRST BANK,2024-12-31,,Dataset end
57997,20241231,BRYANT BANK,2024-12-31,,Dataset end
58000,20220331,VISIONBANK,2022-03-31,,Institution stops before dataset end
58010,20241231,FREEDOM BANK,2024-12-31,,Dataset end
58011,20241231,BESSEMER TR CO OF DE NA,2024-12-31,,Dataset end
58013,20241231,TWO RIVERS BANK&TRUST,2024-12-31,,Dataset end
58018,20241231,ST LOUIS BANK,2024-12-31,,Dataset end
58020,20220930,COMMERCE STATE BANK,2022-09-30,,Institution stops before dataset end
58025,20241231,VERUS BANK OF COMMERCE,2024-12-31,,Dataset end
58029,20241231,SUNRISE BANK,2024-12-31,,Dataset end
58030,20241231,PARADISE BANK,2024-12-31,,Dataset end
58037,20241231,CALIFORNIA BUSINESS BANK,2024-12-31,,Dataset end
58039,20241231,FIRST RESOURCE BANK,2024-12-31,810.0,Dataset end
58049,20241231,ECLIPSE BANK INC,2024-12-31,,Dataset end
58054,20241231,FIRST COMMERCE BANK,2024-12-31,,Dataset end
58057,20241231,TRADITION CAPITAL BANK,2024-12-31,,Dataset end
58060,20241231,FIRST GENERAL BANK,2024-12-31,,Dataset end
58063,20241231,VISIONBANK,2024-12-31,,Dataset end
58069,20241231,BANK OF SAN FRANCISCO,2024-12-31,,Dataset end
58074,20241231,FLINT COMMUNITY BANK,2024-12-31,,Dataset end
58076,20230930,CONNECTIONS BANK,2023-09-30,,Institution stops before dataset end
58079,20241231,PUTNAM 1ST MERCANTILE BANK,2024-12-31,,Dataset end
58082,20241231,AUSTIN CAPITAL BANK SSB,2024-12-31,,Dataset end
58088,20241231,SOUTHPOINT BANK,2024-12-31,,Dataset end
58090,20241231,FFB BANK,2024-12-31,,Dataset end
58095,20241231,IDAHO FIRST BANK,2024-12-31,,Dataset end
58103,20241231,SIGNATURE BANK OF GEORGIA,2024-12-31,,Dataset end
58106,20241231,RIVERLAND BANK,2024-12-31,,Dataset end
58107,20211231,FORTUNEBANK,2021-12-31,,Institution stops before dataset end
58111,20241231,NOBLEBANK&TRUST,2024-12-31,,Dataset end
58113,20241231,FLAGSHIP BANK,2024-12-31,,Dataset end
58114,20241231,BANK OF BELLEVILLE,2024-12-31,,Dataset end
58115,20241231,OAKSTAR BANK,2024-12-31,,Dataset end
58119,20211231,E*TRADE SAVINGS BANK,2021-12-31,810.0,Institution stops before dataset end
58121,20241231,TRIAD BANK,2024-12-31,,Dataset end
58133,20220630,PATRIOT COMMUNITY BANK,2022-06-30,,Institution stops before dataset end
58140,20241231,ESQUIRE BANK NATIONAL ASSN,2024-12-31,,Dataset end
58143,20200331,SOUTHERN BANK&TRUST,2020-03-31,,Institution stops before dataset end
58148,20241231,MILESTONE BANK,2024-12-31,,Dataset end
58158,20241231,CENTRUST BANK NATIONAL ASSN,2024-12-31,,Dataset end
58164,20241231,BANK OF LEXINGTON INC,2024-12-31,,Dataset end
58165,20241231,BELMONT BANK&TRUST CO,2024-12-31,,Dataset end
58172,20210630,PEOPLES B&T CO CLINTON CNTY,2021-06-30,,Institution stops before dataset end
58177,20241231,SALLIE MAE BANK,2024-12-31,,Dataset end
58180,20220630,DEPARTMENT STORES NB,2022-06-30,,Institution stops before dataset end
58181,20241231,METRO CITY BANK,2024-12-31,,Dataset end
58184,20241231,MERCHANTS COMMERCIAL BANK,2024-12-31,,Dataset end
58188,20241231,HSBC TRUST CO DELAWARE NA,2024-12-31,,Dataset end
58196,20230331,NOAH BANK,2023-03-31,,Institution stops before dataset end
58199,20200930,BEARTOOTH BANK,2020-09-30,,Institution stops before dataset end
58201,20241231,FIRST VISION BANK OF TN,2024-12-31,,Dataset end
58203,20241231,NEWBANK,2024-12-31,,Dataset end
58208,20241231,FIRST FREEDOM BANK,2024-12-31,,Dataset end
58210,20241231,BRIDGEWATER BANK,2024-12-31,810.0,Dataset end
58214,20241231,TOWN CENTER BANK,2024-12-31,,Dataset end
58216,20241231,BMO HARRIS CENTRAL NA,2024-12-31,,Dataset end
58218,20241231,FIRST PACIFIC BANK,2024-12-31,,Dataset end
58220,20241231,HERITAGE BANK&TRUST,2024-12-31,,Dataset end
58224,20241231,COLUMN NATIONAL ASSN,2024-12-31,,Dataset end
58227,20210930,TRIUMPH BANK,2021-09-30,,Institution stops before dataset end
58228,20241231,B1BANK,2024-12-31,810.0,Dataset end
58230,20241231,FIRST MO STB OF CAPE COUNTY,2024-12-31,,Dataset end
58231,20210630,OHANA PACIFIC BANK,2021-06-30,,Institution stops before dataset end
58234,20241231,PACIFIC ALLIANCE BANK,2024-12-31,,Dataset end
58239,20241231,PROVIDENCE BANK,2024-12-31,810.0,Dataset end
58243,20241231,JOHN MARSHALL BANK,2024-12-31,,Dataset end
58247,20210630,LEGACY BANK OF FLORIDA,2021-06-30,,Institution stops before dataset end
58255,20241231,RIVER BANK&TRUST,2024-12-31,,Dataset end
58257,20241231,DR BANK,2024-12-31,,Dataset end
58259,20241231,FIRST NB OF MICHIGAN,2024-12-31,,Dataset end
58263,20241231,GLOBAL BANK,2024-12-31,,Dataset end
58264,20241231,SIGNATURE BANK,2024-12-31,,Dataset end
58267,20211231,MARLIN BUSINESS BANK,2021-12-31,,Institution stops before dataset end
58271,20241231,REPUBLIC BANK OF ARIZONA,2024-12-31,,Dataset end
58274,20210930,LIBERTY FIRST BANK,2021-09-30,,Institution stops before dataset end
58276,20241231,RIVER VALLEY COMMUNITY BANK,2024-12-31,,Dataset end
58278,20241231,GOLDEN VALLEY BANK,2024-12-31,,Dataset end
58281,20241231,AMERICAN RIVIERA BANK,2024-12-31,,Dataset end
58282,20241231,EAGLE BANK,2024-12-31,,Dataset end
58289,20241231,RIVER CITY BANK,2024-12-31,,Dataset end
58291,20241231,CALPRIVATE BANK,2024-12-31,,Dataset end
58292,20220930,FREEDOM BANK,2022-09-30,,Institution stops before dataset end
58296,20210930,AQUESTA BANK,2021-09-30,,Institution stops before dataset end
58297,20241231,PINNACLE BANK,2024-12-31,,Dataset end
58300,20241231,TABLE ROCK COMMUNITY BANK,2024-12-31,810.0,Dataset end
58303,20241231,AMERIPRISE BANK FSB,2024-12-31,,Dataset end
58307,20241231,FIRST BANK OF GREENWICH,2024-12-31,,Dataset end
58309,20241231,AMERICAN MOMENTUM BANK,2024-12-31,,Dataset end
58310,20241231,US METRO BANK,2024-12-31,,Dataset end
58311,20241231,COMMUNITY BANK DELAWARE,2024-12-31,,Dataset end
58314,20241231,OLD PLANK TRAIL CMTY BANK NA,2024-12-31,,Dataset end
58316,20241231,INVESTAR BANK NATIONAL ASSN,2024-12-31,,Dataset end
58319,20211231,TEXAS CITIZENS BANK NA,2021-12-31,,Institution stops before dataset end
58322,20241231,RIVERBANK,2024-12-31,,Dataset end
58324,20241231,LONE STAR BANK,2024-12-31,,Dataset end
58328,20200630,SEASIDE NATIONAL BANK&TRUST,2020-06-30,,Institution stops before dataset end
58339,20241231,BANK OF CHINA,2024-12-31,,Dataset end
58341,20241231,MOUNTAIN PACIFIC BANK,2024-12-31,,Dataset end
58347,20201231,WESTSIDE BANK,2020-12-31,,Institution stops before dataset end
58348,20241231,MILLENNIUM BANK,2024-12-31,,Dataset end
58357,20241231,SOUTHERN INDEPENDENT BANK,2024-12-31,,Dataset end
58359,20241231,UNITED REPUBLIC BANK,2024-12-31,,Dataset end
58366,20211231,RELIANT BANK,2021-12-31,810.0,Institution stops before dataset end
58371,20241231,HYPERION BANK,2024-12-31,,Dataset end
58372,20211231,SABAL PALM BANK,2021-12-31,,Institution stops before dataset end
58374,20241231,PIEDMONT BANK,2024-12-31,,Dataset end
58377,20241231,CENTRAL BANK,2024-12-31,,Dataset end
58395,20211231,WESTERN STATES BANK,2021-12-31,810.0,Institution stops before dataset end
58396,20241231,JONAH BANK OF WYOMING,2024-12-31,,Dataset end
58401,20241231,MEGA BANK,2024-12-31,,Dataset end
58402,20220630,METRO PHOENIX BANK,2022-06-30,,Institution stops before dataset end
58405,20241231,GOLDWATER BANK N A,2024-12-31,,Dataset end
58407,20241231,UNIBANK,2024-12-31,,Dataset end
58410,20241231,CROSS RIVER BANK,2024-12-31,,Dataset end
58411,20241231,CORNERSTONE COMMUNITY BANK,2024-12-31,,Dataset end
58413,20241231,EMBASSY NATIONAL BANK,2024-12-31,,Dataset end
58415,20211231,PACIFIC ENTERPRISE BANK,2021-12-31,,Institution stops before dataset end
58423,20241231,COMMUNITY BK PLEASANT HILL,2024-12-31,,Dataset end
58424,20241231,ALMA BANK,2024-12-31,,Dataset end
58426,20241231,WEST VALLEY NATIONAL BANK,2024-12-31,,Dataset end
58428,20241231,LEWIS&CLARK BANK,2024-12-31,,Dataset end
58433,20241231,WATERFORD BANK N A,2024-12-31,,Dataset end
58434,20221231,CBANK,2022-12-31,,Institution stops before dataset end
58443,20241231,FIRST SECURITY BANK OF NV,2024-12-31,,Dataset end
58446,20241231,COMMENCEMENT BANK,2024-12-31,,Dataset end
58450,20241231,TEXAS ADVANTAGE CMTY BANK NA,2024-12-31,,Dataset end
58457,20241231,TRISTATE CAPITAL BANK,2024-12-31,,Dataset end
58458,20241231,HTLF BANK,2024-12-31,,Dataset end
58463,20241231,SMARTBANK,2024-12-31,,Dataset end
58469,20241231,AMERICAN PLUS BANK N A,2024-12-31,,Dataset end
58470,20241231,HOMETOWN BANK OF PA,2024-12-31,,Dataset end
58479,20241231,BANK OF CENTRAL FLORIDA,2024-12-31,,Dataset end
58481,20241231,FIRST BANK,2024-12-31,820.0,Dataset end
58482,20241231,BANK OF MONTANA,2024-12-31,,Dataset end
58483,20241231,PEGASUS BANK,2024-12-31,,Dataset end
58484,20241231,AUSTIN COUNTY STATE BANK,2024-12-31,,Dataset end
58485,20240930,1ST CAPITAL BANK,2024-09-30,820.0,Institution stops before dataset end
58486,20241231,FINEMARK NATIONAL BANK&TRUST,2024-12-31,,Dataset end
58490,20241231,BENEFICIAL STATE BANK,2024-12-31,,Dataset end
58498,20200331,MIDCOAST COMMUNITY BANK,2020-03-31,,Institution stops before dataset end
58500,20241231,COMMUNITY VALLEY BANK,2024-12-31,,Dataset end
58502,20200630,COVENANT BANK,2020-06-30,,Institution stops before dataset end
58504,20241231,OLD DOMINION NATIONAL BANK,2024-12-31,,Dataset end
58508,20241231,FIRST FARMBANK,2024-12-31,,Dataset end
58509,20241231,FRONTIER BANK OF TEXAS,2024-12-31,,Dataset end
58511,20241231,PLATINUM BANK,2024-12-31,,Dataset end
58513,20241231,BANK OF PRINCETON,2024-12-31,810.0,Dataset end
58514,20200930,AMERICAN EAGLE BK OF CHICAGO,2020-09-30,,Institution stops before dataset end
58517,20241231,COMMUNITY BANK,2024-12-31,,Dataset end
58523,20241231,GEORGIA PRIMARY BANK,2024-12-31,,Dataset end
58532,20210930,FIRST FLORIDA INTEGRITY BANK,2021-09-30,,Institution stops before dataset end
58533,20220930,VININGS BANK,2022-09-30,,Institution stops before dataset end
58534,20241231,SOLERA NATIONAL BANK,2024-12-31,,Dataset end
58536,20241231,THINK MUTUAL BANK,2024-12-31,,Dataset end
58537,20241231,BANKFLORIDA,2024-12-31,,Dataset end
58541,20200630,USNY BANK,2020-06-30,,Institution stops before dataset end
58545,20210331,BUSINESS BANK OF TEXAS N A,2021-03-31,,Institution stops before dataset end
58556,20241231,GOLD COAST BANK,2024-12-31,,Dataset end
58558,20241231,SOUTHERN STATES BANK,2024-12-31,810.0,Dataset end
58560,20220930,PROVIDENCE BANK OF TEXAS SSB,2022-09-30,,Institution stops before dataset end
58562,20220630,ACCESSBANK TEXAS,2022-06-30,810.0,Institution stops before dataset end
58563,20241231,SELECT BANK,2024-12-31,,Dataset end
58564,20241231,FLUSHING BANK,2024-12-31,,Dataset end
58574,20230630,REGAL BANK,2023-06-30,,Institution stops before dataset end
58577,20220331,PIONEER BANK SSB,2022-03-31,,Institution stops before dataset end
58580,20200930,BLACKRIDGEBANK,2020-09-30,,Institution stops before dataset end
58581,20241231,TEXAS PARTNERS BANK,2024-12-31,,Dataset end
58583,20240630,CALIFORNIA BANK OF COMMERCE,2024-06-30,,Institution stops before dataset end
58584,20241231,AMERICAN PRIDE BANK,2024-12-31,,Dataset end
58586,20241231,TURTLE MOUNTAIN STATE BANK,2024-12-31,,Dataset end
58588,20241231,PARTNERS BANK OF CALIFORNIA,2024-12-31,,Dataset end
58590,20241231,NANO BANC,2024-12-31,,Dataset end
58593,20200630,FIRST AMERICAN BANK N A,2020-06-30,810.0,Institution stops before dataset end
58595,20241231,CHAIN BRIDGE BANK NA,2024-12-31,,Dataset end
58596,20241231,CARTER BANK&TRUST,2024-12-31,,Dataset end
58597,20241231,PEOPLEFIRST BANK,2024-12-31,,Dataset end
58602,20241231,RELIANCE BANK,2024-12-31,,Dataset end
58604,20220331,LEVEL ONE BANK,2022-03-31,810.0,Institution stops before dataset end
58615,20241231,VICTORY BANK,2024-12-31,,Dataset end
58619,20241231,MRV BANKS,2024-12-31,,Dataset end
58626,20241231,GBANK,2024-12-31,,Dataset end
58629,20241231,STELLAR BANK,2024-12-31,,Dataset end
58630,20210630,BANK OF FEATHER RIVER,2021-06-30,,Institution stops before dataset end
58632,20200930,EMPIRE NATIONAL BANK,2020-09-30,,Institution stops before dataset end
58636,20241231,FIRST CAHAWBA BANK,2024-12-31,,Dataset end
58640,20200331,REVERE BANK,2020-03-31,,Institution stops before dataset end
58641,20210331,SAVOY BANK,2021-03-31,,Institution stops before dataset end
58644,20241231,FIRST COLONY BANK OF FLORIDA,2024-12-31,,Dataset end
58647,20241231,FIRST FOUNDATION BANK,2024-12-31,,Dataset end
58648,20241231,CROSSFIRST BANK,2024-12-31,810.0,Dataset end
58651,20230630,SETTLERS BANK,2023-06-30,,Institution stops before dataset end
58652,20210930,WESTCHESTER BANK,2021-09-30,,Institution stops before dataset end
58657,20241231,PROMISEONE BANK,2024-12-31,,Dataset end
58658,20241231,LOCUS BANK INC,2024-12-31,,Dataset end
58665,20241231,LIVE OAK BANKING CO,2024-12-31,,Dataset end
58668,20241231,SPRING BANK,2024-12-31,,Dataset end
58671,20211231,TEXAN BANK NATIONAL ASSN,2021-12-31,,Institution stops before dataset end
58675,20241231,HANOVER COMMUNITY BANK,2024-12-31,,Dataset end
58678,20241231,GATEWAY COMMERCIAL BANK,2024-12-31,,Dataset end
58680,20241231,GREAT NATIONS BANK,2024-12-31,,Dataset end
58687,20241231,TOUCHMARK NATIONAL BANK,2024-12-31,,Dataset end
58689,20241231,SOUTH ATLANTIC BANK,2024-12-31,,Dataset end
58691,20241231,BLUEHARBOR BANK,2024-12-31,,Dataset end
58692,20241231,INTRACOASTAL BANK,2024-12-31,,Dataset end
58694,20241231,PRIME MERIDIAN BANK,2024-12-31,,Dataset end
58696,20241231,FVCBANK,2024-12-31,,Dataset end
58712,20241231,FREEDOM BANK,2024-12-31,,Dataset end
58714,20200630,FRANKLIN SYNERGY BANK,2020-06-30,810.0,Institution stops before dataset end
58716,20241231,THIRD COAST BANK,2024-12-31,,Dataset end
58719,20221231,PROGRESS BANK&TRUST,2022-12-31,,Institution stops before dataset end
58722,20241231,MEADOWS BANK,2024-12-31,,Dataset end
58723,20241231,BLACK HILLS CMTY BANK N A,2024-12-31,,Dataset end
58724,20241231,NEBRASKA BANK OF COMMERCE,2024-12-31,,Dataset end
58727,20241231,ACCESS BANK,2024-12-31,,Dataset end
58728,20211231,SUNCREST BANK,2021-12-31,810.0,Institution stops before dataset end
58732,20241231,COMMUNITY STATE BANK,2024-12-31,,Dataset end
58739,20241231,TEXAS SECURITY BANK,2024-12-31,,Dataset end
58741,20241231,FIELDPOINT PRIVATE B&T,2024-12-31,,Dataset end
58743,20240331,FRONTIER COMMUNITY BANK,2024-03-31,,Institution stops before dataset end
58745,20241231,FIRST NM BANK LAS CRUCES,2024-12-31,,Dataset end
58752,20241231,NORTHWEST BANK,2024-12-31,,Dataset end
58764,20241231,MINT NATIONAL BANK,2024-12-31,,Dataset end
58768,20241231,GUADALUPE BANK,2024-12-31,,Dataset end
58772,20240930,MOUNTAIN VIEW BK OF COM,2024-09-30,,Institution stops before dataset end
58778,20241231,LIBERTY BANK,2024-12-31,,Dataset end
58780,20241231,SPRING BANK,2024-12-31,,Dataset end
58783,20241231,OAKWORTH CAPITAL BANK,2024-12-31,,Dataset end
58789,20241231,GRAND RIVER BANK,2024-12-31,,Dataset end
58796,20241231,PARKSIDE FINANCIAL B&T,2024-12-31,,Dataset end
58804,20200630,PRIME BANK,2020-06-30,,Institution stops before dataset end
58806,20241231,GENUBANK,2024-12-31,,Dataset end
58811,20241231,ONE FLORIDA BANK,2024-12-31,,Dataset end
58816,20241231,ROYAL BUSINESS BANK,2024-12-31,,Dataset end
58818,20220630,MINNESOTA BANK&TRUST,2022-06-30,,Institution stops before dataset end
58823,20240331,CAPSTAR BANK,2024-03-31,,Institution stops before dataset end
58824,20230930,VIRGINIA PARTNERS BANK,2023-09-30,,Institution stops before dataset end
58826,20241231,REDSTONE BANK,2024-12-31,,Dataset end
58827,20241231,OAK VIEW NATIONAL BANK,2024-12-31,,Dataset end
58828,20211231,VALLEY REPUBLIC BANK,2021-12-31,,Institution stops before dataset end
58852,20241231,LIBERTY CAPITAL BANK,2024-12-31,,Dataset end
58857,20241231,NEW HORIZON BANK NA,2024-12-31,,Dataset end
58859,20241231,CORNERSTONE BANK,2024-12-31,,Dataset end
58862,20221231,PROFESSIONAL BANK,2022-12-31,,Institution stops before dataset end
58864,20241231,COASTAL CAROLINA NB,2024-12-31,,Dataset end
58892,20241231,GUARANTY BANK,2024-12-31,,Dataset end
58899,20240331,COASTAL BANK&TRUST,2024-03-31,,Institution stops before dataset end
58927,20241231,EVERCORE TRUST CO NA,2024-12-31,,Dataset end
58932,20200930,TEXAS HILL COUNTRY BANK,2020-09-30,,Institution stops before dataset end
58935,20241231,R BANK,2024-12-31,,Dataset end
58952,20241231,NEW HAVEN BANK,2024-12-31,,Dataset end
58961,20241231,LAKESIDE BANK,2024-12-31,,Dataset end
58978,20211231,CIT BANK NATIONAL ASSN,2021-12-31,810.0,Institution stops before dataset end
58979,20241231,BANKUNITED NATIONAL ASSN,2024-12-31,,Dataset end
58999,20241231,CANANDAIGUA NATL TR CO OF FL,2024-12-31,,Dataset end
59017,20230331,FIRST REPUBLIC BANK,2023-03-31,,Institution stops before dataset end
59025,20241231,BROWN BROTHERS HARRIMAN TR N,2024-12-31,,Dataset end
59043,20241231,STIFEL TRUST CO DELAWARE NA,2024-12-31,,Dataset end
59046,20241231,NEUBERGER BERMAN TRUST CO NA,2024-12-31,,Dataset end
59047,20241231,NEUBERGER BERMAN TR CO DE NA,2024-12-31,,Dataset end
59052,20241231,NBH BANK,2024-12-31,,Dataset end
59069,20241231,KEY NATIONAL TR CO OF DE,2024-12-31,,Dataset end
59070,20241231,HARBORONE BANK,2024-12-31,,Dataset end
59074,20241231,BANK OF BIRD-IN-HAND,2024-12-31,,Dataset end
59086,20241231,PRIMARY BANK,2024-12-31,,Dataset end
59093,20241231,INTERNATIONAL BK OF COM,2024-12-31,,Dataset end
59098,20241231,INFINITY BANK,2024-12-31,,Dataset end
59099,20241231,ENDEAVOR BANK,2024-12-31,,Dataset end
59101,20240630,FOURTH CAPITAL BANK,2024-06-30,,Institution stops before dataset end
59104,20200930,BANK OF AUSTIN,2020-09-30,,Institution stops before dataset end
59105,20241231,WINTER PARK NATIONAL BANK,2024-12-31,,Dataset end
59106,20241231,BEACON COMMUNITY BANK,2024-12-31,,Dataset end
59108,20241231,CHARLES SCHWAB TRUST BANK,2024-12-31,,Dataset end
59112,20241231,STUDIO BANK,2024-12-31,,Dataset end
59113,20241231,GRASSHOPPER BANK N A,2024-12-31,,Dataset end
59114,20241231,COMMERCEONE BANK,2024-12-31,,Dataset end
59117,20241231,LEXICON BANK,2024-12-31,,Dataset end
59138,20241231,MI BANK,2024-12-31,,Dataset end
59140,20241231,GULFSIDE BANK,2024-12-31,,Dataset end
59143,20241231,NEW VALLEY BANK&TRUST,2024-12-31,,Dataset end
59144,20241231,OHIO STATE BANK,2024-12-31,,Dataset end
59148,20241231,WATERMARK BANK,2024-12-31,,Dataset end
59149,20241231,GENERATIONS COMMERCIAL BANK,2024-12-31,,Dataset end
59154,20241231,PIERMONT BANK,2024-12-31,245.0,Dataset end
59157,20241231,AMERICAN BK OF THE CAROLINAS,2024-12-31,,Dataset end
59176,20241231,MILLYARD BANK,2024-12-31,,Dataset end
59177,20241231,SQUARE FINL SERVICES INC,2024-12-31,,Dataset end
59178,20241231,TANDEM BANK,2024-12-31,,Dataset end
59181,20241231,GULF ATLANTIC BANK,2024-12-31,,Dataset end
59182,20241231,LOYAL TRUST BANK,2024-12-31,,Dataset end
59183,20241231,TRUSTAR BANK,2024-12-31,,Dataset end
59185,20241231,GULF CAPITAL BANK,2024-12-31,,Dataset end
59188,20241231,TRIAD BUSINESS BANK,2024-12-31,,Dataset end
59190,20241231,VARO BANK NATIONAL ASSN,2024-12-31,,Dataset end
59193,20241231,FOUNDERS BANK,2024-12-31,,Dataset end
59194,20241231,ADP TRUST CO NATIONAL ASSN,2024-12-31,,Dataset end
59195,20241231,FWBANK,2024-12-31,,Dataset end
59199,20241231,RIVERSIDE BANK OF DUBLIN,2024-12-31,,Dataset end
59203,20241231,SCOTTSDALE COMMUNITY BANK,2024-12-31,,Dataset end
59204,20241231,LEGACY BANK,2024-12-31,,Dataset end
59205,20241231,NELNET BANK,2024-12-31,,Dataset end
59206,20241231,ROCKPOINTBANK NATIONAL ASSN,2024-12-31,,Dataset end
59209,20241231,CRAFT BANK,2024-12-31,,Dataset end
59219,20241231,CLASSIC CITY BANK,2024-12-31,,Dataset end
59239,20241231,AGILITY BANK NATIONAL ASSN,2024-12-31,,Dataset end
59245,20241231,GENESIS BANK,2024-12-31,,Dataset end
59249,20241231,FIRST BANK OF CENTRAL OHIO,2024-12-31,,Dataset end
59255,20241231,CHILTON TRUST CO NA,2024-12-31,,Dataset end
59257,20241231,CLIMATE FIRST BANK,2024-12-31,,Dataset end
59262,20241231,INTEGRITY BANK FOR BUSINESS,2024-12-31,,Dataset end
59265,20241231,WATERFALL BANK,2024-12-31,,Dataset end
59273,20241231,GAINEY BUSINESS BANK,2024-12-31,,Dataset end
59276,20241231,ANCHORAGE DIGITAL BANK NA,2024-12-31,,Dataset end
59278,20241231,LOCALITY BANK,2024-12-31,,Dataset end
59281,20241231,GULF COAST BUSINESS BANK,2024-12-31,,Dataset end
59283,20241231,INTEGRO BANK,2024-12-31,,Dataset end
59285,20241231,MOULTRIE BANK&TRUST,2024-12-31,,Dataset end
59287,20241231,ENTREBANK,2024-12-31,,Dataset end
59289,20241231,WALDEN MUTUAL BANK,2024-12-31,,Dataset end
59290,20241231,BEACH CITIES COMMERCIAL BANK,2024-12-31,,Dataset end
59292,20241231,ADELPHI BANK,2024-12-31,,Dataset end
59296,20241231,BANK IRVINE,2024-12-31,,Dataset end
59298,20241231,BANK OF BURLINGTON,2024-12-31,,Dataset end
59304,20241231,TEXAS TRADITIONS BANK,2024-12-31,245.0,Dataset end
59305,20241231,COMMUNITY UNITY BANK,2024-12-31,,Dataset end
59306,20241231,EVERMORE BANK,2024-12-31,,Dataset end
59312,20241231,GS&L MUNICIPAL BANK,2024-12-31,,Dataset end
59314,20241231,ICON BUSINESS BANK,2024-12-31,,Dataset end
59318,20241231,ZENITH BANK&TRUST,2024-12-31,,Dataset end
59321,20241231,HIGHTOWER TRUST CO NA,2024-12-31,,Dataset end
59322,20230930,PEAK TRUST CO NATIONAL ASSN,2023-09-30,,Institution stops before dataset end
59324,20241231,NAVE BANK,2024-12-31,,Dataset end
59326,20241231,NOVA BANK,2024-12-31,,Dataset end
59330,20241231,FORTUNA BANK,2024-12-31,,Dataset end
59337,20241231,DAYFORCE NATIONAL TRUST BANK,2024-12-31,,Dataset end
59339,20241231,ALTOS BANK,2024-12-31,,Dataset end
59342,20241231,INTEGRITY BANK SSB,2024-12-31,,Dataset end
59344,20241231,TIAA TRUST NATIONAL ASSN,2024-12-31,,Dataset end
59346,20241231,BESSEMER TR CO OF NEVADA NA,2024-12-31,,Dataset end
59349,20241231,INSPIRE TRUST CO NA,2024-12-31,,Dataset end
59352,20241231,FOUR STATES BANK,2024-12-31,,Dataset end
59357,20241231,PREFERRED LEGACY NATL TR BK,2024-12-31,,Dataset end
59358,20241231,GALA BANK,2024-12-31,,Dataset end
59363,20241231,PAYCOM NATIONAL TRUST BANK,2024-12-31,,Dataset end
59366,20241231,FUNDBANK NATIONAL ASSN,2024-12-31,,Dataset end
90040,20241231,HOME LOAN STATE BANK,2024-12-31,,Dataset end
90140,20241231,ADAMS COMMUNITY BANK,2024-12-31,,Dataset end
90141,20241231,BANKPROV,2024-12-31,,Dataset end
90146,20241231,ATHOL SAVINGS BANK,2024-12-31,,Dataset end
90169,20241231,BLUESTONE BANK,2024-12-31,,Dataset end
90173,20241231,EAST CAMBRIDGE SAVINGS BANK,2024-12-31,,Dataset end
90175,20241231,BANK OF CANTON,2024-12-31,,Dataset end
90181,20241231,CLINTON SAVINGS BANK,2024-12-31,,Dataset end
90183,20241231,MIDDLESEX SAVINGS BANK,2024-12-31,,Dataset end
90188,20241231,BANKESB,2024-12-31,,Dataset end
90190,20241231,MARTHAS VINEYARD BANK,2024-12-31,,Dataset end
90191,20241231,EAGLE BANK,2024-12-31,,Dataset end
90196,20241231,BAYCOAST BANK,2024-12-31,,Dataset end
90203,20241231,CAPE ANN SAVINGS BANK,2024-12-31,,Dataset end
90206,20241231,GREENFIELD SAVINGS BANK,2024-12-31,,Dataset end
90208,20241231,PENTUCKET BANK,2024-12-31,,Dataset end
90211,20241231,HINGHAM INST FOR SVG,2024-12-31,,Dataset end
90213,20241231,PEOPLESBANK,2024-12-31,,Dataset end
90215,20241231,AVIDIA BANK,2024-12-31,,Dataset end
90227,20241231,LOWELL FIVE CENT SB,2024-12-31,,Dataset end
90229,20241231,WASHINGTON SAVINGS BANK,2024-12-31,,Dataset end
90234,20241231,MARBLEHEAD BANK,2024-12-31,,Dataset end
90235,20241231,MAIN STREET BANK,2024-12-31,,Dataset end
90245,20241231,MONSON SAVINGS BANK,2024-12-31,,Dataset end
90250,20241231,INSTITUTION SVG NEWBURYPORT&,2024-12-31,,Dataset end
90251,20241231,NEWBURYPORT FIVE CENTS SB,2024-12-31,,Dataset end
90253,20241231,MOUNTAINONE BANK,2024-12-31,,Dataset end
90258,20241231,NORTH BROOKFIELD SB,2024-12-31,,Dataset end
90259,20241231,NORTH EASTON SAVINGS BANK,2024-12-31,,Dataset end
90268,20241231,SEAMENS BANK,2024-12-31,,Dataset end
90270,20220930,ENVISION BANK,2022-09-30,,Institution stops before dataset end
90282,20241231,CORNERSTONE BANK,2024-12-31,,Dataset end
90290,20241231,UNIBANK FOR SAVINGS,2024-12-31,,Dataset end
90291,20241231,SAVINGS BANK,2024-12-31,,Dataset end
90297,20241231,WEBSTER FIVE CENTS SB,2024-12-31,,Dataset end
90300,20241231,WESTFIELD BANK,2024-12-31,,Dataset end
90303,20241231,SOUTH SHORE BANK,2024-12-31,,Dataset end
90308,20241231,WINCHESTER SAVINGS BANK,2024-12-31,,Dataset end
90311,20241231,BAY STATE SAVINGS BANK,2024-12-31,,Dataset end
90384,20241231,BANK OF LANDISBURG,2024-12-31,,Dataset end
90544,20241231,DEPOSITORY TRUST CO,2024-12-31,,Dataset end
91005,20241231,5STAR BANK,2024-12-31,,Dataset end
91280,20241231,BANK OF LITTLE ROCK,2024-12-31,,Dataset end
91325,20241231,CIBC NATIONAL TRUST CO,2024-12-31,,Dataset end
